clip_id,method,tp,fp,fn,tn,valid,gt_occupied,pred_occupied,iou,precision,recall,fpr,prevalence,volume_ratio
08_000000_000020_s5,mapper,16244,45778,91473,1393587,1547082,107717,62022,0.10582755138603864,0.26190706523491664,0.1508025659830853,0.0318043025917679,0.06962591510986489,0.5757865517977664
08_000000_000020_s5,dilation,53236,201030,54481,1238335,1547082,107717,254266,0.172425966891986,0.20937128833583726,0.49422096790664427,0.13966575538518722,0.06962591510986489,2.3605001995970922
08_000000_000020_s5,seed0,59489,262480,48228,1176885,1547082,107717,321969,0.16069552157364864,0.18476623525867397,0.5522712292395815,0.1823581926752422,0.06962591510986489,2.9890268017118933
08_000000_000020_s5,seed1,63269,315756,44448,1123609,1547082,107717,379025,0.1494050388100304,0.1669256645340017,0.5873631831558621,0.21937173684228808,0.06962591510986489,3.5187110669625037
08_000000_000020_s5,seed2,63323,243245,44394,1196120,1547082,107717,306568,0.1804269408084066,0.20655450014352444,0.5878644967832376,0.1689946608400232,0.06962591510986489,2.84605029846728
08_000025_000045_s5,mapper,11953,26903,59563,1485190,1583609,71516,38856,0.12145012649996444,0.30762301832406835,0.16713742379327703,0.017791895075236774,0.04516013738239679,0.5433189775714525
08_000025_000045_s5,dilation,26069,119984,45447,1392109,1583609,71516,146053,0.13613054830287205,0.1784900002054049,0.36451982773085745,0.07934961672331,0.04516013738239679,2.0422422954303934
08_000025_000045_s5,seed0,34316,309341,37200,1202752,1583609,71516,343657,0.09010205930309802,0.09985537905527896,0.47983667990379775,0.2045780252934178,0.04516013738239679,4.805316292857542
08_000025_000045_s5,seed1,35803,349841,35713,1162252,1583609,71516,385644,0.08497070180393348,0.09283951001441744,0.500629229822697,0.23136209214644868,0.04516013738239679,5.392415683203758
08_000025_000045_s5,seed2,36210,270049,35306,1242044,1583609,71516,306259,0.10601203284879891,0.11823326008378529,0.5063202639968678,0.1785928511010897,0.04516013738239679,4.282384361541474
08_000050_000070_s5,mapper,18119,23010,110424,1686787,1838340,128543,41129,0.11955553502735017,0.4405407376790099,0.14095672265311998,0.013457737965384195,0.0699234091626141,0.3199629695899427
08_000050_000070_s5,dilation,48083,130857,80460,1578940,1838340,128543,178940,0.18536237471087125,0.2687101821839723,0.37406159806446093,0.07653364697680484,0.0699234091626141,1.3920633562309888
08_000050_000070_s5,seed0,52727,227303,75816,1482494,1838340,128543,280030,0.14817364815116651,0.18829054029925366,0.4101895863640961,0.13294151293984022,0.0699234091626141,2.1784928000746833
08_000050_000070_s5,seed1,64480,315286,64063,1394511,1838340,128543,379766,0.14528117811138974,0.16978876466034348,0.5016220253144862,0.18439966849865802,0.0699234091626141,2.9543888037466064
08_000050_000070_s5,seed2,65372,218136,63171,1491661,1838340,128543,283508,0.1885663683118966,0.23058255851686724,0.5085613374512808,0.1275800577495457,0.0699234091626141,2.2055498938098537
08_000075_000095_s5,mapper,16385,20991,80428,1640675,1758479,96813,37376,0.1390869579980306,0.4383829195205479,0.1692437999029056,0.012632502560683073,0.05505496511473836,0.3860638550607873
08_000075_000095_s5,dilation,41336,112398,55477,1549268,1758479,96813,153734,0.19758043315122054,0.2688800135298633,0.4269674527181267,0.06764175231364185,0.05505496511473836,1.5879478995589436
08_000075_000095_s5,seed0,63099,258485,33714,1403181,1758479,96813,321584,0.1775945825757533,0.19621312005572417,0.651761643580924,0.1555577354293823,0.05505496511473836,3.3217026638984435
08_000075_000095_s5,seed1,64367,316951,32446,1344715,1758479,96813,381318,0.15556452470490426,0.1688013678871703,0.6648590581843348,0.1907429050121986,0.05505496511473836,3.9387065786619564
08_000075_000095_s5,seed2,65004,222976,31809,1438690,1758479,96813,287980,0.2032715321665223,0.22572400861170916,0.671438753060023,0.13418821833027816,0.05505496511473836,2.9746005185254045
08_000100_000120_s5,mapper,18048,18895,122742,1513639,1673324,140790,36943,0.1130225130726117,0.48853639390412257,0.12819092265075643,0.012329253380349146,0.08413791949437169,0.26239789757795295
08_000100_000120_s5,dilation,43663,105938,97127,1426596,1673324,140790,149601,0.1769681592685062,0.29186302230600064,0.3101285602670644,0.06912603570295993,0.08413791949437169,1.062582569784786
08_000100_000120_s5,seed0,47171,230911,93619,1301623,1673324,140790,278082,0.12690576565572867,0.16962982141958127,0.3350451026351303,0.15067267675627424,0.08413791949437169,1.9751544854037928
08_000100_000120_s5,seed1,47898,230929,92892,1301605,1673324,140790,278827,0.1288553988362177,0.17178393771047998,0.34020882164926486,0.15068442200956064,0.08413791949437169,1.9804460544072733
08_000100_000120_s5,seed2,50726,230014,90064,1302520,1673324,140790,280740,0.13680003451958447,0.1806867564294365,0.3602954755309326,0.1500873716341693,0.08413791949437169,1.994033667163861
08_000125_000145_s5,mapper,16024,13662,171482,1413170,1614338,187506,29686,0.07965481587528832,0.5397830627231691,0.08545859865817627,0.009575058591340816,0.11615039725261996,0.1583202670847866
08_000125_000145_s5,dilation,40960,95151,146546,1331681,1614338,187506,136111,0.14491061604701105,0.30093085790274116,0.21844634305035573,0.06668689796696457,0.11615039725261996,0.7259021044659905
08_000125_000145_s5,seed0,47514,221733,139992,1205099,1614338,187506,269247,0.11610330393730803,0.17646993281262185,0.2533998912034815,0.15540231786222905,0.11615039725261996,1.4359380499824006
08_000125_000145_s5,seed1,51596,230467,135910,1196365,1614338,187506,282063,0.12344338031403942,0.1829236730801275,0.27516986123110726,0.16152357110017157,0.11615039725261996,1.5042878627883907
08_000125_000145_s5,seed2,56743,184810,130763,1242022,1614338,187506,241553,0.15240548351400424,0.23490910897401399,0.30261964950454917,0.12952470928602666,0.11615039725261996,1.2882414429404925
08_000150_000170_s5,mapper,14696,12929,159860,1407575,1595060,174556,27625,0.0783849374616636,0.5319819004524887,0.08419074680904695,0.009101699115243604,0.10943538174112573,0.1582586677054928
08_000150_000170_s5,dilation,56815,77368,117741,1343136,1595060,174556,134183,0.2255243644908782,0.4234142924215437,0.3254829395724008,0.05446517574044142,0.10943538174112573,0.7687103279176883
08_000150_000170_s5,seed0,56622,279324,117934,1141180,1595060,174556,335946,0.12475103551599542,0.1685449447232591,0.32437727720616877,0.19663724987750827,0.10943538174112573,1.9245743486331035
08_000150_000170_s5,seed1,54266,278282,120290,1142222,1595060,174556,332548,0.11983534950688768,0.16318245787074348,0.3108801759893673,0.19590370741652258,0.10943538174112573,1.905107816402759
08_000150_000170_s5,seed2,56895,255946,117661,1164558,1595060,174556,312841,0.1321596647634622,0.18186554831368013,0.32594124521643486,0.1801797108631866,0.10943538174112573,1.792209949815532
08_000175_000195_s5,mapper,20524,22783,124485,1472407,1640199,145009,43307,0.12231810813388004,0.47391876601935023,0.1415360425904599,0.015237528340879755,0.08840939422594453,0.29865042859408725
08_000175_000195_s5,dilation,60065,110019,84944,1385171,1640199,145009,170084,0.235523158241448,0.35314903224289174,0.41421566937224585,0.07358195279529692,0.08840939422594453,1.1729203014985277
08_000175_000195_s5,seed0,56691,297852,88318,1197338,1640199,145009,354543,0.12801082055091778,0.15989879929937975,0.3909481480459834,0.19920678977253728,0.08840939422594453,2.444972381024626
08_000175_000195_s5,seed1,57329,239497,87680,1255693,1640199,145009,296826,0.1490978034152913,0.19314008880623665,0.39534787495948526,0.1601783050983487,0.08840939422594453,2.0469488100738573
08_000175_000195_s5,seed2,58535,292619,86474,1202571,1640199,145009,351154,0.1337551527781586,0.16669324569846847,0.4036646001282679,0.19570690012640535,0.08840939422594453,2.4216014178430303
08_000200_000220_s5,mapper,15319,11579,135026,1508235,1670159,150345,26898,0.09460611150910303,0.5695218975388505,0.10189231434367621,0.007618695445626899,0.09001837549598571,0.17890851042602016
08_000200_000220_s5,dilation,53168,77798,97177,1442016,1670159,150345,130966,0.23304681712785402,0.4059679611502222,0.3536399614220626,0.051189158673363974,0.09001837549598571,0.8711031294688882
08_000200_000220_s5,seed0,40269,225099,110076,1294715,1670159,150345,265368,0.10725700770287978,0.15174776159898706,0.26784395889454254,0.14810957130280417,0.09001837549598571,1.7650603611693105
08_000200_000220_s5,seed1,43653,252884,106692,1266930,1670159,150345,296537,0.10825858259202586,0.14720928585640242,0.29035218996308493,0.16639141368614843,0.09001837549598571,1.9723768665402908
08_000200_000220_s5,seed2,44394,183372,105951,1336442,1670159,150345,227766,0.13302888375479824,0.19491056610732066,0.29528085403571785,0.12065423795280211,0.09001837549598571,1.5149556021151351
08_000225_000245_s5,mapper,21412,14322,134143,1508056,1677933,155555,35734,0.12604413781736198,0.5992052387082331,0.13764906303236799,0.009407650399572249,0.09270632379242795,0.22971939185497092
08_000225_000245_s5,dilation,44311,91792,111244,1430586,1677933,155555,136103,0.17914508767035783,0.32556960537240176,0.2848574459194497,0.060295143518889524,0.09270632379242795,0.8749509819677928
08_000225_000245_s5,seed0,48349,191339,107206,1331039,1677933,155555,239688,0.13937687016783226,0.20171639798404592,0.3108161100575359,0.12568429128639536,0.09270632379242795,1.5408569316318987
08_000225_000245_s5,seed1,55951,252718,99604,1269660,1677933,155555,308669,0.1370431059609624,0.18126536840434251,0.35968628459387353,0.1660021361317623,0.09270632379242795,1.9843078010992896
08_000225_000245_s5,seed2,59994,210102,95561,1312276,1677933,155555,270096,0.16407179405836617,0.22212102363604053,0.38567709170389897,0.13800908841299597,0.09270632379242795,1.7363376297772493
08_000250_000270_s5,mapper,14377,16548,139018,1376607,1546550,153395,30925,0.08459895376685124,0.46489894907033147,0.09372534958766583,0.011878075303896552,0.0991852833726682,0.20160370285863294
08_000250_000270_s5,dilation,34657,83069,118738,1310086,1546550,153395,117726,0.14656353609851816,0.2943869663455821,0.22593304866521072,0.05962653114692909,0.0991852833726682,0.767469604615535
08_000250_000270_s5,seed0,42688,182340,110707,1210815,1546550,153395,225028,0.12714789938493157,0.18970083722914483,0.2782880797939959,0.13088278045156498,0.0991852833726682,1.4669839303758272
08_000250_000270_s5,seed1,48458,229897,104937,1163258,1546550,153395,278355,0.1264258059129854,0.17408704711609277,0.31590338668144335,0.16501896773869382,0.0991852833726682,1.8146288992470418
08_000250_000270_s5,seed2,51558,182528,101837,1210627,1546550,153395,234086,0.15348160143842488,0.2202523858752766,0.336112650347143,0.13101772595296288,0.0991852833726682,1.5260340949835391
08_000275_000295_s5,mapper,11417,10975,116947,1581203,1720542,128364,22392,0.08193685902726444,0.5098695962843873,0.08894238259948273,0.00689307351313735,0.07460672276526815,0.17444143217724595
08_000275_000295_s5,dilation,36559,76492,91805,1515686,1720542,128364,113051,0.1784619439996876,0.3233850209197619,0.2848072668349381,0.04804236712226899,0.07460672276526815,0.8807064285936868
08_000275_000295_s5,seed0,60737,298372,67627,1293806,1720542,128364,359109,0.14232921525252146,0.169132491806109,0.47316225733071576,0.1873986451263615,0.07460672276526815,2.797583434607834
08_000275_000295_s5,seed1,58835,308218,69529,1283960,1720542,128364,367053,0.13476277079678045,0.16029020332213603,0.4583450188526378,0.19358262706807908,0.07460672276526815,2.859469944844349
08_000275_000295_s5,seed2,60440,247863,67924,1344315,1720542,128364,308303,0.16064769407830912,0.1960409078082276,0.4708485245084292,0.15567543327442032,0.07460672276526815,2.401787105418965
08_000300_000320_s5,mapper,13136,22202,115902,1554956,1706196,129038,35338,0.0868553292779688,0.3717244892184051,0.1017994699235884,0.014077219910750857,0.07562906020175876,0.27385731334955593
08_000300_000320_s5,dilation,42351,112287,86687,1464871,1706196,129038,154638,0.17549362892365067,0.2738718814262988,0.3282056448488042,0.0711957838085975,0.07562906020175876,1.1983911715928641
08_000300_000320_s5,seed0,43036,305376,86002,1271782,1706196,129038,348412,0.09906678882356462,0.12352042983594136,0.33351415861994144,0.19362422788331923,0.07562906020175876,2.700072846758319
08_000300_000320_s5,seed1,43440,266216,85598,1310942,1706196,129038,309656,0.10990401109160186,0.14028470302529258,0.3366450192966413,0.1687947561373052,0.07562906020175876,2.3997272121390596
08_000300_000320_s5,seed2,41527,302685,87511,1274473,1706196,129038,344212,0.09618899155245378,0.12064367308519168,0.3218199290131589,0.19191799426563477,0.07562906020175876,2.667524295168865
08_000325_000345_s5,mapper,15405,22980,133430,1503150,1674965,148835,38385,0.08966039053633268,0.4013286440015631,0.10350388013572076,0.01505769495390301,0.08885857316421537,0.25790304699835387
08_000325_000345_s5,dilation,41777,117477,107058,1408653,1674965,148835,159254,0.15687239027907116,0.26232936064400264,0.2806933852924379,0.0769770596213953,0.08885857316421537,1.070003695367353
08_000325_000345_s5,seed0,57135,230667,91700,1295463,1674965,148835,287802,0.15055256625788532,0.19852190047324203,0.38388147949071116,0.1511450531737139,0.08885857316421537,1.933698390835489
08_000325_000345_s5,seed1,58792,239566,90043,1286564,1674965,148835,298358,0.15136933221078216,0.19705186386823884,0.39501461349816913,0.15697614226835196,0.08885857316421537,2.004622568616253
08_000325_000345_s5,seed2,60493,227950,88342,1298180,1674965,148835,288443,0.16055044654113088,0.20972254483554809,0.4064433768938758,0.14936473301750178,0.08885857316421537,1.9380051735142942
08_000350_000370_s5,mapper,14034,17825,134595,1372464,1538918,148629,31859,0.08431158157809365,0.4405034684076713,0.09442302646186142,0.01282107533038095,0.0965801946562455,0.21435251532338911
08_000350_000370_s5,dilation,37539,108820,111090,1281469,1538918,148629,146359,0.1458114034235907,0.2564857644558927,0.25256847586944675,0.07827149607024152,0.0965801946562455,0.9847270721057129
08_000350_000370_s5,seed0,43452,189735,105177,1200554,1538918,148629,233187,0.12841791679965953,0.18633971876648356,0.29235209817734087,0.1364716256835809,0.0965801946562455,1.5689199281432291
08_000350_000370_s5,seed1,47031,208358,101598,1181931,1538918,148629,255389,0.13174429320955666,0.18415436843403593,0.316432190218598,0.14986668239481143,0.0965801946562455,1.7182985823762522
08_000350_000370_s5,seed2,47610,152680,101019,1237609,1538918,148629,200290,0.15801054731189576,0.2377053272754506,0.3203277960559514,0.10981889376956877,0.0965801946562455,1.3475835805932894
08_000375_000395_s5,mapper,12616,21754,85067,1613250,1732687,97683,34370,0.10562890896455872,0.36706430026185627,0.12915246255745627,0.013305166225893025,0.05637659888947052,0.35185242058495336
08_000375_000395_s5,dilation,30482,131366,67201,1503638,1732687,97683,161848,0.13308069452387916,0.18833720527902723,0.31205020320833715,0.08034598080493993,0.05637659888947052,1.6568696702599224
08_000375_000395_s5,seed0,33099,340487,64584,1294517,1732687,97683,373586,0.07553917429308259,0.0885980738036222,0.33884094468843096,0.20824842018735124,0.05637659888947052,3.8244730403447886
08_000375_000395_s5,seed1,35443,363105,62240,1271899,1732687,97683,398548,0.07691823571794404,0.08893031705089474,0.3628369317076666,0.22208202548739941,0.05637659888947052,4.080013922586325
08_000375_000395_s5,seed2,36738,306543,60945,1328461,1732687,97683,343281,0.0908848020661709,0.10702019628234595,0.3760941003040447,0.1874876147091995,0.05637659888947052,3.514234820797887
08_000400_000420_s5,mapper,9592,19513,136448,1466479,1632032,146040,29105,0.05793914939626585,0.3295653667754681,0.06568063544234456,0.013131295457849032,0.08948353953844042,0.19929471377704738
08_000400_000420_s5,dilation,28487,100706,117553,1385286,1632032,146040,129193,0.1154507063944299,0.22049956266980408,0.1950629964393317,0.067770216797937,0.08948353953844042,0.8846411941933717
08_000400_000420_s5,seed0,52931,197119,93109,1288873,1632032,146040,250050,0.1542462823355937,0.21168166366726654,0.36244179676800875,0.1326514543819886,0.08948353953844042,1.712202136400986
08_000400_000420_s5,seed1,48906,270417,97134,1215575,1632032,146040,319323,0.11743349253344283,0.153155269116224,0.3348808545603944,0.1819774265271953,0.08948353953844042,2.186544782251438
08_000400_000420_s5,seed2,57035,188531,89005,1297461,1632032,146040,245566,0.17047203732541075,0.2322593518646718,0.3905436866611887,0.12687215005195182,0.08948353953844042,1.681498219665845
08_000425_000445_s5,mapper,10768,15630,147233,1404708,1578339,158001,26398,0.06201657538112434,0.40790969012804,0.06815146739577597,0.011004422890889352,0.10010587079201616,0.16707489193106373
08_000425_000445_s5,dilation,27462,81970,130539,1338368,1578339,158001,109432,0.11443882802505302,0.2509503618685576,0.17380902652514857,0.05771161512259758,0.10010587079201616,0.6926032113720799
08_000425_000445_s5,seed0,48855,137197,109146,1283141,1578339,158001,186052,0.16549908874721372,0.2625878786575796,0.3092069037537737,0.09659461339483982,0.10010587079201616,1.1775368510325883
08_000425_000445_s5,seed1,53388,193480,104613,1226858,1578339,158001,246868,0.15189441250024896,0.21626132184001168,0.33789659559116714,0.13622109666853946,0.10010587079201616,1.5624458073050171
08_000425_000445_s5,seed2,54575,147657,103426,1272681,1578339,158001,202232,0.17854922822239236,0.2698633252897662,0.34540920627084637,0.10395905763276066,0.10010587079201616,1.2799412661945178
08_000450_000470_s5,mapper,13265,17946,97526,1435424,1564161,110791,31211,0.10303953020499157,0.4250104129954183,0.11972994196279481,0.012347853609197932,0.0708309438734248,0.28171060826240396
08_000450_000470_s5,dilation,36359,90144,74432,1363226,1564161,110791,126503,0.18094906312986786,0.2874161087088844,0.32817647642859077,0.06202412324459704,0.0708309438734248,1.141816573548393
08_000450_000470_s5,seed0,46415,261832,64376,1191538,1564161,110791,308247,0.1245628960101765,0.15057729677823303,0.4189419718208158,0.18015508783035292,0.0708309438734248,2.782238629491565
08_000450_000470_s5,seed1,50017,270230,60774,1183140,1564161,110791,320247,0.13127097981476088,0.15618257157756357,0.45145363793087884,0.18593338241466384,0.0708309438734248,2.8905506764989934
08_000450_000470_s5,seed2,49448,211132,61343,1242238,1564161,110791,260580,0.15360194829198287,0.1897613017115665,0.4463178417019433,0.14527064684147878,0.0708309438734248,2.351996100766308
08_000475_000495_s5,mapper,19696,49306,78276,1347736,1495014,97972,69002,0.1337334836160187,0.28544100171009534,0.2010370309884457,0.03529314079319018,0.06553249668564977,0.7043032703221328
08_000475_000495_s5,dilation,40745,201790,57227,1195252,1495014,97972,242535,0.13592450010341536,0.1679963716576989,0.41588413015963743,0.14444089726722603,0.06553249668564977,2.475554239986935
08_000475_000495_s5,seed0,45668,304781,52304,1092261,1495014,97972,350449,0.11338959610480866,0.1303128272587452,0.4661331809088311,0.21816165870460588,0.06553249668564977,3.5770322132854284
08_000475_000495_s5,seed1,50695,268753,47277,1128289,1495014,97972,319448,0.13823709864339764,0.158695624953044,0.517443759441473,0.19237288499558353,0.06553249668564977,3.2606050708365655
08_000475_000495_s5,seed2,48425,278112,49547,1118930,1495014,97972,326537,0.12876112783314367,0.14829866140743622,0.4942738741681297,0.199072039351716,0.06553249668564977,3.3329624790756545
08_000500_000520_s5,mapper,13234,23011,91520,1063409,1191174,104754,36245,0.10358079286189488,0.3651262243068009,0.12633407793497145,0.021180574731687562,0.08794181202746199,0.3460011073562823
08_000500_000520_s5,dilation,34396,91927,70358,994493,1191174,104754,126323,0.17488216960458813,0.27228612366710736,0.32835023006281383,0.08461460576940778,0.08794181202746199,1.2059014452908718
08_000500_000520_s5,seed0,30968,242012,73786,844408,1191174,104754,272980,0.08930517986192418,0.11344420836691332,0.2956259426847662,0.22276099482704664,0.08794181202746199,2.605914809935659
08_000500_000520_s5,seed1,34599,202138,70155,884282,1191174,104754,236737,0.1127399867054208,0.14614952457790714,0.33028810355690474,0.18605879862300032,0.08794181202746199,2.259932794929072
08_000500_000520_s5,seed2,32931,199772,71823,886648,1191174,104754,232703,0.1081385497461629,0.14151515021293237,0.3143650839108769,0.18388100366340826,0.08794181202746199,2.221423525593295
08_000525_000545_s5,mapper,11831,31737,100329,1264255,1408152,112160,43568,0.08221853131059022,0.27155251560778554,0.10548323823109843,0.024488577089982037,0.07965049227640197,0.3884450784593438
08_000525_000545_s5,dilation,38143,124322,74017,1171670,1408152,112160,162465,0.1612934599673548,0.23477672113993783,0.34007667617689014,0.09592806128432892,0.07965049227640197,1.4485110556348073
08_000525_000545_s5,seed0,37645,220548,74515,1075444,1408152,112160,258193,0.11314726426776633,0.14580178393682244,0.33563659058487877,0.1701769764010889,0.07965049227640197,2.302006062767475
08_000525_000545_s5,seed1,38877,227670,73283,1068322,1408152,112160,266547,0.11440131830621193,0.14585420207318034,0.34662089871611984,0.175672380693708,0.07965049227640197,2.3764889443651924
08_000525_000545_s5,seed2,40693,219584,71467,1076408,1408152,112160,260277,0.12266386129063374,0.15634497093481176,0.3628120542082739,0.16943314464904105,0.07965049227640197,2.320586661911555
08_000550_000570_s5,mapper,9939,28211,93636,1279946,1411732,103575,38150,0.07541772267160396,0.260524246395806,0.09595944967414917,0.02156545429944571,0.073367324676355,0.3683321264783973
08_000550_000570_s5,dilation,30556,119514,73019,1188643,1411732,103575,150070,0.13696775726279647,0.20361164789764777,0.2950132754042964,0.09136059356789743,0.073367324676355,1.4489017620082065
08_000550_000570_s5,seed0,35946,251091,67629,1057066,1411732,103575,287037,0.10135169427010202,0.12523124196532154,0.3470528602461984,0.1919425573535898,0.073367324676355,2.7712961622013035
08_000550_000570_s5,seed1,35664,226048,67911,1082109,1411732,103575,261712,0.10819633338692991,0.13627193250596076,0.34433019551049965,0.17279883072138894,0.073367324676355,2.5267873521602704
08_000550_000570_s5,seed2,37353,223713,66222,1084444,1411732,103575,261066,0.11412884065410281,0.1430787616924456,0.3606372194062274,0.17101387677472965,0.073367324676355,2.5205503258508326
08_000575_000595_s5,mapper,10043,23684,89482,1120294,1243503,99525,33727,0.0815119025395872,0.2977732973581997,0.10090931926651595,0.02070319534116915,0.08003599508806974,0.3388796784727455
08_000575_000595_s5,dilation,31167,92421,68358,1051557,1243503,99525,123588,0.16237379262917695,0.25218467812408973,0.31315749811605126,0.08078914104991529,0.08003599508806974,1.2417784476262246
08_000575_000595_s5,seed0,36002,218609,63523,925369,1243503,99525,254611,0.11316615011284553,0.14140001806677638,0.36173825671941723,0.19109545812943957,0.08003599508806974,2.5582617432805828
08_000575_000595_s5,seed1,37605,222430,61920,921548,1243503,99525,260035,0.11680203755183177,0.14461514796085143,0.37784476262245664,0.1944355573271514,0.08003599508806974,2.612760612911329
08_000575_000595_s5,seed2,37197,216866,62328,927112,1243503,99525,254063,0.11756655530656687,0.1464085679536178,0.37374529012810853,0.18957182743024778,0.08003599508806974,2.552755589047978
08_000600_000620_s5,mapper,15226,29979,86960,1195524,1327689,102186,45205,0.11520447924942306,0.33682114810308594,0.14900279881784198,0.024462608414667283,0.07696531341300561,0.4423795823302605
08_000600_000620_s5,dilation,39030,138823,63156,1086680,1327689,102186,177853,0.16194415976166865,0.21945089484012079,0.38195056074217604,0.11327838446743908,0.07696531341300561,1.7404830407296499
08_000600_000620_s5,seed0,39193,284345,62993,941158,1327689,102186,323538,0.1013967831816853,0.12113878431590724,0.3835456911905741,0.23202309582269484,0.07696531341300561,3.166167576771769
08_000600_000620_s5,seed1,40556,233762,61630,991741,1327689,102186,274318,0.12072106397418648,0.14784301431185704,0.39688411328362005,0.19074779906699535,0.07696531341300561,2.6844968978137906
08_000600_000620_s5,seed2,38517,229548,63669,995955,1327689,102186,268065,0.11610808659950442,0.14368530020703935,0.376930303564089,0.18730921099336353,0.07696531341300561,2.623304562268804
08_000625_000645_s5,mapper,14202,26770,111565,1172401,1324938,125767,40972,0.0931052793748402,0.346626964756419,0.11292310383486924,0.022323755327638844,0.09492293224286721,0.32577703213084513
08_000625_000645_s5,dilation,36650,121267,89117,1077904,1324938,125767,157917,0.1483601447574018,0.23208394283072753,0.2914118966024474,0.10112569433383563,0.09492293224286721,1.2556314454507145
08_000625_000645_s5,seed0,37911,181235,87856,1017936,1324938,125767,219146,0.12348779486778588,0.1729942595347394,0.30143837413629965,0.15113357477790906,0.09492293224286721,1.7424761662439272
08_000625_000645_s5,seed1,40477,179583,85290,1019588,1324938,125767,220060,0.13255935811364009,0.183936199218395,0.3218411825041545,0.14975595640655087,0.09492293224286721,1.7497435734334126
08_000625_000645_s5,seed2,41391,163175,84376,1035996,1324938,125767,204566,0.143250202462778,0.20233567650538212,0.3291085896936398,0.13607317054865403,0.09492293224286721,1.6265475045123126
08_000650_000670_s5,mapper,18502,23430,105557,1204791,1352280,124059,41932,0.1254466434784967,0.44123819517313745,0.14913871625597497,0.019076371434782503,0.09174061584878872,0.3380004675194867
08_000650_000670_s5,dilation,43568,111561,80491,1116660,1352280,124059,155129,0.18490790255496137,0.280850131181146,0.3511877413166316,0.09083137318121087,0.09174061584878872,1.2504453526144819
08_000650_000670_s5,seed0,50349,222318,73710,1005903,1352280,124059,272667,0.14535895859136144,0.18465380849167667,0.4058472178560201,0.18100814104302076,0.09174061584878872,2.1978816530844196
08_000650_000670_s5,seed1,54393,186895,69666,1041326,1352280,124059,241288,0.17492297896151843,0.22542770465170253,0.43844461103184773,0.15216724026050688,0.09174061584878872,1.9449455501011614
08_000650_000670_s5,seed2,51579,175415,72480,1052806,1352280,124059,226994,0.17223198007172577,0.22722627029789333,0.4157618552462941,0.1428203881874679,0.09174061584878872,1.8297261786730508
08_000675_000695_s5,mapper,17902,41953,72257,1319112,1451224,90159,59855,0.1355062371321303,0.29908946621000754,0.19856032121030623,0.030823656474892824,0.062126177626610365,0.6638826961257335
08_000675_000695_s5,dilation,38984,162097,51175,1198968,1451224,90159,201081,0.15454141824178613,0.1938721211849951,0.4323916636164997,0.11909570814031659,0.062126177626610365,2.2302931487705053
08_000675_000695_s5,seed0,41638,252999,48521,1108066,1451224,90159,294637,0.12133769284119851,0.14131965774834795,0.4618285473441365,0.18588311359119514,0.062126177626610365,3.2679710289599484
08_000675_000695_s5,seed1,44559,264470,45600,1096595,1451224,90159,309029,0.12564962256329854,0.14419035106737554,0.4942268658702958,0.1943110725791935,0.062126177626610365,3.4276001286615867
08_000675_000695_s5,seed2,43206,272771,46953,1088294,1451224,90159,315977,0.11904775025487009,0.13673780053611498,0.47922004458789474,0.20040997307255715,0.062126177626610365,3.5046639825197707
08_000700_000720_s5,mapper,10804,50910,106120,1273483,1441317,116924,61714,0.06437313059332436,0.17506562530382086,0.09240190209024665,0.038440251496345876,0.08112302845245009,0.527812938318908
08_000700_000720_s5,dilation,41756,209450,75168,1114943,1441317,116924,251206,0.12793911279697526,0.16622214437553243,0.3571208648352776,0.1581479213496296,0.08112302845245009,2.148455406930998
08_000700_000720_s5,seed0,60846,288382,56078,1036011,1441317,116924,349228,0.15012361030924784,0.1742300159208311,0.5203893127159522,0.21774654502100207,0.08112302845245009,2.9867948410933596
08_000700_000720_s5,seed1,61674,244717,55250,1079676,1441317,116924,306391,0.1705392917285374,0.2012918134018297,0.5274708357565598,0.18477672412946913,0.08112302845245009,2.620428654510622
08_000700_000720_s5,seed2,62965,259641,53959,1064752,1441317,116924,322606,0.16720884840598568,0.1951761591538905,0.5385121959563477,0.19604528263136395,0.08112302845245009,2.759108480722521
08_000725_000745_s5,mapper,12455,37009,128224,1347106,1524794,140679,49464,0.07009477286029445,0.25179928837134075,0.08853489149055652,0.026738385177532215,0.09226098738583703,0.35160898215085407
08_000725_000745_s5,dilation,44067,128887,96612,1255228,1524794,140679,172954,0.1634738802371219,0.25479029106005063,0.31324504723519503,0.09311870762183778,0.09226098738583703,1.2294230126742443
08_000725_000745_s5,seed0,64215,237153,76464,1146962,1524794,140679,301368,0.1699564885981071,0.21307836266624194,0.4564647175484614,0.1713390867088356,0.09226098738583703,2.142238713667285
08_000725_000745_s5,seed1,65844,214141,74835,1169974,1524794,140679,279985,0.18557014824418014,0.23516974123613765,0.468044270999936,0.1547133005566734,0.09226098738583703,1.9902401922106356
08_000725_000745_s5,seed2,65095,211377,75584,1172738,1524794,140679,276472,0.18489956143340833,0.23544879770826702,0.46272009326196517,0.15271635666111558,0.09226098738583703,1.9652684480270688
08_000750_000770_s5,mapper,18237,19050,96898,1313349,1447534,115135,37287,0.13590937884264262,0.4890980770778019,0.15839666478481781,0.01429751898642974,0.07953871895237002,0.323854605463152
08_000750_000770_s5,dilation,47152,105749,67983,1226650,1447534,115135,152901,0.21346951340975354,0.3083825481847732,0.40953663091153863,0.07936736668220255,0.07953871895237002,1.3280149389846703
08_000750_000770_s5,seed0,51371,203132,63764,1129267,1447534,115135,254503,0.16140850292364586,0.20184830827141526,0.4461805706344726,0.15245583342527275,0.07953871895237002,2.210474660181526
08_000750_000770_s5,seed1,46903,283044,68232,1049355,1447534,115135,329947,0.1177937560745293,0.142153133685107,0.4073739523168454,0.21243186162703515,0.07953871895237002,2.8657402180049507
08_000750_000770_s5,seed2,54131,192580,61004,1139819,1447534,115135,246711,0.1759127764327381,0.2194105653983811,0.47015242975637295,0.14453628380087347,0.07953871895237002,2.1427975854431756
08_000775_000795_s5,mapper,17365,40773,71194,1511746,1641078,88559,58138,0.1342668481118362,0.2986858853073721,0.19608396662112265,0.026262480523587796,0.05396391883871455,0.6564888944093767
08_000775_000795_s5,dilation,40527,154366,48032,1398153,1641078,88559,194893,0.16682926829268294,0.20794487231455208,0.4576271186440678,0.09942937896412218,0.05396391883871455,2.2007136485281
08_000775_000795_s5,seed0,41625,237727,46934,1314792,1641078,88559,279352,0.12757212997186518,0.1490055557146539,0.47002563262909475,0.1531234078294694,0.05396391883871455,3.1544168294583272
08_000775_000795_s5,seed1,42543,290555,46016,1261964,1641078,88559,333098,0.11221690573284025,0.12771916973383207,0.4803916033378877,0.18715068865501808,0.05396391883871455,3.7613116679275964
08_000775_000795_s5,seed2,44717,260246,43842,1292273,1641078,88559,304963,0.1282005705193446,0.14663090276525348,0.5049402093519575,0.1676282222633024,0.05396391883871455,3.4436138619451437
08_000800_000820_s5,mapper,15529,21826,82119,1257039,1376513,97648,37355,0.12997807054254482,0.4157140944987284,0.1590303948877601,0.017066695859218918,0.07093866894101254,0.38254751761428807
08_000800_000820_s5,dilation,36627,98816,61021,1180049,1376513,97648,135443,0.1864311018812607,0.27042372067954784,0.3750921677863346,0.07726851544142657,0.07093866894101254,1.3870534982795346
08_000800_000820_s5,seed0,38007,275339,59641,1003526,1376513,97648,313346,0.10189899379871148,0.12129403279441894,0.38922456169097164,0.21529950385693564,0.07093866894101254,3.2089341307553663
08_000800_000820_s5,seed1,39801,223106,57847,1055759,1376513,97648,262907,0.12408574795637778,0.15138813344642782,0.4075966737669998,0.17445625613336826,0.07093866894101254,2.6923951335408813
08_000800_000820_s5,seed2,38119,217279,59529,1061586,1376513,97648,255398,0.12104074912598793,0.14925332226564028,0.3903715385875799,0.16989987215226002,0.07093866894101254,2.615496477142389
08_000825_000845_s5,mapper,17091,29692,76737,1245079,1368599,93828,46783,0.13836625647668394,0.3653250112220251,0.18215244916229698,0.02329202656790906,0.06855770024674868,0.49860382828153643
08_000825_000845_s5,dilation,39466,120365,54362,1154406,1368599,93828,159831,0.18425438739828098,0.24692331274909124,0.42062071023575054,0.09442088029928512,0.06855770024674868,1.7034467323187108
08_000825_000845_s5,seed0,47043,206181,46785,1068590,1368599,93828,253224,0.15680529584112476,0.18577622974125677,0.5013748561197084,0.16173963794281482,0.06855770024674868,2.6988105895894616
08_000825_000845_s5,seed1,48865,214193,44963,1060578,1368599,93828,263058,0.15864178091753484,0.1857575135521444,0.5207933665856674,0.16802468835579096,0.06855770024674868,2.803619388668628
08_000825_000845_s5,seed2,48516,196432,45312,1078339,1368599,93828,244948,0.16714669606559637,0.19806652840602904,0.5170737946028904,0.15409198985543285,0.06855770024674868,2.610606641940572
08_000850_000870_s5,mapper,9925,22415,85970,1262325,1380635,95895,32340,0.08388978108359395,0.30689548546691403,0.10349861828041086,0.017447109921073525,0.06945717007029374,0.3372438604723917
08_000850_000870_s5,dilation,29494,97711,66401,1187029,1380635,95895,127205,0.152340320031404,0.23186195511182736,0.30756556650503153,0.07605507729190342,0.06945717007029374,1.3265029459304447
08_000850_000870_s5,seed0,36518,244177,59377,1040563,1380635,95895,280695,0.10738314239337551,0.13009850549528848,0.38081234683768705,0.19005946728520945,0.06945717007029374,2.9271077741279523
08_000850_000870_s5,seed1,37027,222151,58868,1062589,1380635,95895,259178,0.11642026625079391,0.1428632059819892,0.3861202356744356,0.17291514236343541,0.06945717007029374,2.70272694092497
08_000850_000870_s5,seed2,37306,220507,58589,1064233,1380635,95895,257813,0.11790696645406792,0.14470177997230552,0.389029667865895,0.1716355060167816,0.06945717007029374,2.6884926221387975
08_000875_000895_s5,mapper,16838,21902,77314,1218364,1334418,94152,38740,0.1450876316197632,0.43464119772844606,0.1788384739570057,0.017659115060801475,0.07055660220410696,0.4114623162545671
08_000875_000895_s5,dilation,40132,103950,54020,1136316,1334418,94152,144082,0.2025825080009288,0.27853583376133034,0.4262469198742459,0.08381266599261772,0.07055660220410696,1.5303126858696576
08_000875_000895_s5,seed0,38396,240996,55756,999270,1334418,94152,279392,0.11456431188609212,0.13742698430878478,0.4078086498428074,0.19430993028914764,0.07055660220410696,2.967456878239443
08_000875_000895_s5,seed1,41467,221048,52685,1019218,1334418,94152,262515,0.13155774111675128,0.1579604974953812,0.44042611946639476,0.17822628371655758,0.07055660220410696,2.788204180474127
08_000875_000895_s5,seed2,39209,210800,54943,1029466,1334418,94152,250009,0.12857433300978516,0.15683035410725213,0.4164436230775767,0.16996354007930556,0.07055660220410696,2.6553764126093977
08_000900_000920_s5,mapper,14077,35138,74033,1110508,1233756,88110,49215,0.11421686355965209,0.2860306817027329,0.15976620133923505,0.030670905323284856,0.07141606606168481,0.5585631596867552
08_000900_000920_s5,dilation,36823,137365,51287,1008281,1233756,88110,174188,0.16331300587648298,0.21139802971502056,0.41792078084212914,0.11990178466995913,0.07141606606168481,1.9769379185109521
08_000900_000920_s5,seed0,33109,263353,55001,882293,1233756,88110,296462,0.0942033727590102,0.11168041772638652,0.37576892520712746,0.2298729275884523,0.07141606606168481,3.3646805129951196
08_000900_000920_s5,seed1,34734,217051,53376,928595,1233756,88110,251785,0.1138218841857249,0.13795102964831105,0.39421178072863466,0.18945730181923562,0.07141606606168481,2.8576211553739643
08_000900_000920_s5,seed2,34496,208023,53614,937623,1233756,88110,242519,0.11648819955898194,0.14224040178295308,0.39151061173533086,0.1815770316485197,0.07141606606168481,2.7524571558279423
08_000925_000945_s5,mapper,8706,26813,98356,1197572,1331447,107062,35519,0.06503081232492997,0.2451082519215068,0.08131736750667837,0.021899157536232478,0.08041026041592343,0.3317610356615793
08_000925_000945_s5,dilation,33562,112594,73500,1111791,1331447,107062,146156,0.15279345886294934,0.22963135280111663,0.3134819076796623,0.09195963687892289,0.08041026041592343,1.365152902056752
08_000925_000945_s5,seed0,27522,198831,79540,1025554,1331447,107062,226353,0.08997263749088734,0.12158884574094446,0.25706599914068484,0.16239254809557452,0.08041026041592343,2.1142235340270124
08_000925_000945_s5,seed1,31669,178955,75393,1045430,1331447,107062,210624,0.11072418772310737,0.1503579838954725,0.2958005641590854,0.14615909211563358,0.08041026041592343,1.96730866227046
08_000925_000945_s5,seed2,28444,169521,78618,1054864,1331447,107062,197965,0.10284073858480094,0.14368196398353245,0.26567783153686647,0.13845399935477812,0.08041026041592343,1.8490687638938186
08_000950_000970_s5,mapper,11841,21918,114091,1398299,1546149,125932,33759,0.0800879269529929,0.3507509108682129,0.09402693517136232,0.01543285286685063,0.08144881250125312,0.2680732458787282
08_000950_000970_s5,dilation,34484,97539,91448,1322678,1546149,125932,132023,0.15431085017742793,0.2611969126591579,0.2738303211256869,0.06867894131671427,0.08144881250125312,1.048367372867897
08_000950_000970_s5,seed0,36821,152234,89111,1267983,1546149,125932,189055,0.13237059885104577,0.19476342863187962,0.292387955404504,0.10719066170873888,0.08144881250125312,1.5012467045707207
08_000950_000970_s5,seed1,41830,185438,84102,1234779,1546149,125932,227268,0.13434177987603174,0.1840558283612299,0.3321633897659054,0.13057018751359828,0.08144881250125312,1.8046882444493855
08_000950_000970_s5,seed2,42585,135802,83347,1284415,1546149,125932,178387,0.16270335531493807,0.23872255265237938,0.3381586888161865,0.09562059882398254,0.08144881250125312,1.4165343201092653
08_000975_000995_s5,mapper,16765,30082,126299,1386235,1559381,143064,46847,0.09682580019174569,0.357867099280637,0.11718531566292009,0.021239595373069728,0.09174409589446068,0.32745484538388414
08_000975_000995_s5,dilation,34900,130466,108164,1285851,1559381,143064,165366,0.12759112345994955,0.21104701087285174,0.24394676508415813,0.09211638354972793,0.09174409589446068,1.1558882737795673
08_000975_000995_s5,seed0,46099,174777,96965,1241540,1559381,143064,220876,0.14503792776891591,0.20870986435828248,0.32222641614941566,0.12340245863037724,0.09174409589446068,1.543896437957837
08_000975_000995_s5,seed1,57231,257312,85833,1159005,1559381,143064,314543,0.14294313345455273,0.18194968573454187,0.4000377453447408,0.18167684211938429,0.09174409589446068,2.198617402001901
08_000975_000995_s5,seed2,58583,207064,84481,1209253,1559381,143064,265647,0.16731880912123567,0.2205294996743799,0.40948806128725607,0.14619890886009276,0.09174409589446068,1.8568402952524745
08_001000_001020_s5,mapper,15338,26846,132256,1519385,1693825,147594,42184,0.08792708094473745,0.36359757253935143,0.10392021355881675,0.017362218193788637,0.08713651056041799,0.28581107633101616
08_001000_001020_s5,dilation,41566,138610,106028,1407621,1693825,147594,180176,0.14523207222820086,0.23069665216233018,0.2816239142512568,0.08964378543697546,0.08713651056041799,1.2207542312018105
08_001000_001020_s5,seed0,61024,200888,86570,1345343,1693825,147594,261912,0.17511377919089077,0.23299428815785456,0.41345854167513585,0.12992107906257216,0.08713651056041799,1.7745436806374242
08_001000_001020_s5,seed1,68694,237580,78900,1308651,1693825,147594,306274,0.17834537118289395,0.2242893618132783,0.46542542379771534,0.1536510392043621,0.08713651056041799,2.075111454395165
08_001000_001020_s5,seed2,75103,188049,72491,1358182,1693825,147594,263152,0.22375857682120587,0.2853977929105612,0.5088485981814979,0.12161766256141547,0.08713651056041799,1.7829451061696275
08_001025_001045_s5,mapper,18140,31616,120220,1469581,1639557,138360,49756,0.10672094883983621,0.3645791462336201,0.13110725643249493,0.02106052703276119,0.0843886488850342,0.35961260479907486
08_001025_001045_s5,dilation,42172,149386,96188,1351811,1639557,138360,191558,0.14655981316855837,0.2201526430637196,0.3047990748771321,0.09951125668383297,0.0843886488850342,1.3844897369181846
08_001025_001045_s5,seed0,52175,152562,86185,1348635,1639557,138360,204737,0.17934360412756684,0.25483913508549993,0.37709598149754264,0.10162690173241753,0.0843886488850342,1.4797412546978896
08_001025_001045_s5,seed1,59956,218696,78404,1282501,1639557,138360,278652,0.16791763756945688,0.2151644344917675,0.43333333333333335,0.1456810798316277,0.0843886488850342,2.0139635732870773
08_001025_001045_s5,seed2,63441,182029,74919,1319168,1639557,138360,245470,0.1980124161566096,0.25844706074062,0.45852124891587165,0.12125590445491165,0.0843886488850342,1.774139924833767
08_001050_001070_s5,mapper,15931,23680,86166,1276059,1401836,102097,39611,0.12666067723033622,0.40218626139203756,0.15603788554022155,0.01821904243852035,0.0728309160272671,0.3879741814157125
08_001050_001070_s5,dilation,33893,116487,68204,1183252,1401836,102097,150380,0.15505709475533433,0.22538236467615375,0.3319686180788858,0.08962337823209121,0.0728309160272671,1.4729130140944395
08_001050_001070_s5,seed0,35864,208362,66233,1091377,1401836,102097,244226,0.11551927951839051,0.1468475919844734,0.35127378865196823,0.1603106469837406,0.0728309160272671,2.392097711000323
08_001050_001070_s5,seed1,35496,322648,66601,977091,1401836,102097,358144,0.08357014208525115,0.09911097212294497,0.34766937324309233,0.24824060830674466,0.0728309160272671,3.5078797614033714
08_001050_001070_s5,seed2,38018,233085,64079,1066654,1401836,102097,271103,0.1134249452536234,0.14023452340992168,0.3723713723223993,0.179332158225613,0.0728309160272671,2.655347365740423
08_001075_001095_s5,mapper,15054,30510,92396,1439551,1577511,107450,45564,0.1091185850971296,0.3303924150645246,0.14010237319683574,0.02075424081041535,0.06811362963554612,0.42404839460214055
08_001075_001095_s5,dilation,38111,133099,69339,1336962,1577511,107450,171210,0.15843341689219245,0.22259797909000642,0.35468590041879944,0.09053978032204106,0.06811362963554612,1.593392275476966
08_001075_001095_s5,seed0,54392,290673,53058,1179388,1577511,107450,345065,0.13662109448587498,0.15762827293408488,0.5062075383899488,0.19772852963244383,0.06811362963554612,3.211400651465798
08_001075_001095_s5,seed1,57076,284118,50374,1185943,1577511,107450,341194,0.14576267723613778,0.16728312924611805,0.5311865984178687,0.19326953099225133,0.06811362963554612,3.1753745928338764
08_001075_001095_s5,seed2,57470,267565,49980,1202496,1577511,107450,325035,0.15324720344519552,0.17681172796775732,0.5348534201954397,0.18200945402945864,0.06811362963554612,3.024988366682178
08_001100_001120_s5,mapper,11837,31822,83206,1251196,1378061,95043,43659,0.09330390572655974,0.27112393779060445,0.12454362762118198,0.02480245795460391,0.06896864507449235,0.4593604999842177
08_001100_001120_s5,dilation,36741,138513,58302,1144505,1378061,95043,175254,0.1573113086369008,0.2096442877195385,0.38657239354818346,0.10795873479561471,0.06896864507449235,1.843944319939396
08_001100_001120_s5,seed0,41126,312782,53917,970236,1378061,95043,353908,0.10084227303377674,0.1162053415011811,0.4327094052165862,0.2437861355023858,0.06896864507449235,3.7236619214460824
08_001100_001120_s5,seed1,43496,269010,51547,1014008,1378061,95043,312506,0.1194771091022461,0.13918452765706898,0.45764548677966815,0.20966970065891516,0.06896864507449235,3.2880485674905042
08_001100_001120_s5,seed2,41865,264877,53178,1018141,1378061,95043,306742,0.11631751500333408,0.13648277705694037,0.4404848331807708,0.20644838965626358,0.06896864507449235,3.2274023336805446
08_001125_001145_s5,mapper,9698,26280,88464,1175794,1300236,98162,35978,0.07793188794779897,0.269553616098727,0.09879586805484811,0.021862214805411315,0.07549552542769158,0.36651657464191845
08_001125_001145_s5,dilation,36716,121087,61446,1080987,1300236,98162,157803,0.16746256539368481,0.2326698478482665,0.3740347588679937,0.10073173531745966,0.07549552542769158,1.6075772702267679
08_001125_001145_s5,seed0,34241,275182,63921,926892,1300236,98162,309423,0.09171434387588925,0.11066081060554646,0.34882133615859495,0.2289226786370889,0.07549552542769158,3.1521668262667837
08_001125_001145_s5,seed1,37520,222948,60642,979126,1300236,98162,260468,0.11684469496434244,0.14404840517837125,0.3822253010329863,0.18546944697248255,0.07549552542769158,2.6534504186956256
08_001125_001145_s5,seed2,33647,228211,64515,973863,1300236,98162,261858,0.10309369954009676,0.12849330553200589,0.3427701147083393,0.1898477132023486,0.07549552542769158,2.667610684378884
08_001150_001170_s5,mapper,16592,36323,91760,1075165,1219840,108352,52915,0.11468463798168309,0.3135594821884154,0.15313053750738334,0.03267961507456671,0.08882476390346275,0.4883620053160071
08_001150_001170_s5,dilation,45446,159078,62906,952410,1219840,108352,204524,0.169936058033878,0.22220375114900942,0.41942926757235677,0.14312165313525652,0.08882476390346275,1.8875886001181335
08_001150_001170_s5,seed0,35899,221059,72453,890429,1219840,108352,256958,0.10897936013065744,0.13970765650417577,0.33131829592439455,0.19888563799159326,0.08882476390346275,2.371511370348494
08_001150_001170_s5,seed1,38638,200312,69714,911176,1219840,108352,238950,0.12517818728455538,0.16169910023017367,0.35659701712935615,0.18021966948810964,0.08882476390346275,2.2053123154164207
08_001150_001170_s5,seed2,38162,194987,70190,916501,1219840,108352,233149,0.12580644097857513,0.16368073635314756,0.3522039279385706,0.17542879455288765,0.08882476390346275,2.1517738481984643
08_001175_001195_s5,mapper,12803,20230,95000,1070771,1198804,107803,33033,0.0999976568540923,0.3875821148548421,0.11876292867545431,0.018542604452241564,0.08992545904084404,0.3064200439690918
08_001175_001195_s5,dilation,36410,92173,71393,998828,1198804,107803,128583,0.18207184862183462,0.28316340418251246,0.33774570280975486,0.08448479882236588,0.08992545904084404,1.1927590141276216
08_001175_001195_s5,seed0,43455,140242,64348,950759,1198804,107803,183697,0.17518998568808078,0.2365580276215725,0.4030963887832435,0.12854433680629074,0.08992545904084404,1.7040063820116322
08_001175_001195_s5,seed1,42661,173990,65142,917011,1198804,107803,216651,0.15139126947795012,0.19691116126858405,0.39573110210290996,0.15947739736260552,0.08992545904084404,2.00969360778457
08_001175_001195_s5,seed2,44195,126463,63608,964538,1198804,107803,170658,0.18865306958756287,0.2589682288553716,0.40996076175987683,0.11591465085733194,0.08992545904084404,1.583054274927414
08_001200_001220_s5,mapper,9927,27082,93927,1146902,1277838,103854,37009,0.07581566566872365,0.268232051663109,0.09558611127159282,0.02306845749175457,0.08127321303639429,0.3563560382845148
08_001200_001220_s5,dilation,37045,122262,66809,1051722,1277838,103854,159307,0.16383183852535865,0.23253843208396366,0.3567026787605677,0.1041428162564396,0.08127321303639429,1.533951508848961
08_001200_001220_s5,seed0,30245,228643,73609,945341,1277838,103854,258888,0.09096322673588032,0.11682658137882018,0.2912261443950161,0.19475819091231225,0.08127321303639429,2.492807210121902
08_001200_001220_s5,seed1,33600,210047,70254,963937,1277838,103854,243647,0.10704011774412951,0.1379044273067183,0.32353111098272574,0.17891811132008614,0.08127321303639429,2.346053113024053
08_001200_001220_s5,seed2,30328,178010,73526,995974,1277838,103854,208338,0.1075979905202509,0.14557113920648176,0.29202534327036034,0.1516289830185079,0.08127321303639429,2.006066208330926
08_001225_001245_s5,mapper,12330,26779,104081,1240429,1383619,116411,39109,0.08610936517913262,0.31527269937865965,0.10591782563503449,0.02113228451840582,0.08413515570399077,0.33595622406817227
08_001225_001245_s5,dilation,33264,108333,83147,1158875,1383619,116411,141597,0.14800840066920584,0.23492023136083393,0.2857461923701368,0.0854895171116344,0.08413515570399077,1.2163541246102172
08_001225_001245_s5,seed0,27982,175059,88429,1092149,1383619,116411,203041,0.09600301917864618,0.13781453007028138,0.2403724733916898,0.13814543468791232,0.08413515570399077,1.7441736605647233
08_001225_001245_s5,seed1,29316,176594,87095,1090614,1383619,116411,205910,0.10005290012115835,0.1423728813559322,0.2518318715585297,0.13935675911136924,0.08413515570399077,1.7688190978515776
08_001225_001245_s5,seed2,28072,168195,88339,1099013,1383619,116411,196267,0.09863460362747097,0.14302964838714607,0.24114559620654405,0.13272880221715772,0.08413515570399077,1.6859832833666921
08_001250_001270_s5,mapper,13579,28083,105025,1417487,1564174,118604,41662,0.09257125716662008,0.3259325044404973,0.11449023641698425,0.01942693885456948,0.07582532378111387,0.3512697716771778
08_001250_001270_s5,dilation,42996,139086,75608,1306484,1564174,118604,182082,0.16685164344755327,0.23613536758163906,0.3625172844086203,0.09621533374378273,0.07582532378111387,1.5352096050723416
08_001250_001270_s5,seed0,67942,258648,50662,1186922,1564174,118604,326590,0.1800971234082258,0.2080345387182706,0.5728474587703619,0.17892457646464716,0.07582532378111387,2.7536170786820007
08_001250_001270_s5,seed1,67897,269514,50707,1176056,1564174,118604,337411,0.17493906492355418,0.20122936122414503,0.5724680449225996,0.18644133456006973,0.07582532378111387,2.844853461940575
08_001250_001270_s5,seed2,68034,248632,50570,1196938,1564174,118604,316666,0.18525961507041794,0.21484466283086912,0.5736231493035648,0.17199582171738484,0.07582532378111387,2.6699436781221544
08_001275_001295_s5,mapper,23158,33733,78580,1401642,1537113,101738,56891,0.17094433494991548,0.407059113040727,0.22762389667577504,0.023501175650962294,0.06618771684319891,0.5591912559712202
08_001275_001295_s5,dilation,45452,154912,56286,1280463,1537113,101738,200364,0.177097214104812,0.2268471382084606,0.44675539129921954,0.10792440999738744,0.06618771684319891,1.969411625941143
08_001275_001295_s5,seed0,54995,258067,46743,1177308,1537113,101738,313062,0.1528466808410111,0.17566807852757602,0.5405551514674949,0.17979064704345554,0.06618771684319891,3.077139318642002
08_001275_001295_s5,seed1,56504,262260,45234,1173115,1537113,101738,318764,0.15523162215177005,0.17725966545783087,0.5553873675519472,0.18271183488635373,0.06618771684319891,3.1331852405197664
08_001275_001295_s5,seed2,56911,245413,44827,1189962,1537113,101738,302324,0.163937306820375,0.18824506158955293,0.5593878393520612,0.1709748323608813,0.06618771684319891,2.971593701468478
08_001300_001320_s5,mapper,16894,50196,90939,1317934,1475963,107833,67090,0.10690442893392985,0.2518110001490535,0.15666818135450186,0.036689495881239355,0.07305941951119371,0.6221657563083657
08_001300_001320_s5,dilation,37239,191797,70594,1176333,1475963,107833,229036,0.12428328271534893,0.16259016049878622,0.34533955282705664,0.14018916331050413,0.07305941951119371,2.1239880185101034
08_001300_001320_s5,seed0,48725,238067,59108,1130063,1475963,107833,286792,0.1408644116796762,0.16989664983681554,0.45185611083805516,0.17400904884769722,0.07305941951119371,2.659594001836173
08_001300_001320_s5,seed1,50806,246158,57027,1121972,1475963,107833,296964,0.14352342291188194,0.1710847106046524,0.47115447033839364,0.17992296053737583,0.07305941951119371,2.7539250507729545
08_001300_001320_s5,seed2,51401,249064,56432,1119066,1475963,107833,300465,0.14402194470673613,0.1710715058326261,0.47667226173805793,0.1820470276947366,0.07305941951119371,2.786391920840559
08_001325_001345_s5,mapper,16772,33835,108613,1361580,1520800,125385,50607,0.1053385253108906,0.3314166024463019,0.13376400685887466,0.024247266942092494,0.08244673855865334,0.4036128723531523
08_001325_001345_s5,dilation,43335,149462,82050,1245953,1520800,125385,192797,0.15766953978031414,0.2247700949703574,0.3456155042469195,0.10710935456477105,0.08244673855865334,1.5376400685887466
08_001325_001345_s5,seed0,56375,206391,69010,1189024,1520800,125385,262766,0.16991886091820987,0.21454449966890693,0.4496151852294932,0.1479065367650484,0.08244673855865334,2.0956733261554414
08_001325_001345_s5,seed1,60052,219206,65333,1176209,1520800,125385,279258,0.1742703668987292,0.21504128798458774,0.47894086214459464,0.15709018464041163,0.08244673855865334,2.2272042110300276
08_001325_001345_s5,seed2,61549,170788,63836,1224627,1520800,125385,232337,0.20781435174712076,0.2649126053964715,0.49088008932487937,0.12239226323351834,0.08244673855865334,1.8529887945129002
08_001350_001370_s5,mapper,15137,20847,116700,1262239,1414923,131837,35984,0.09913939902019858,0.42065918185860385,0.11481602281605316,0.01624754692982388,0.09317609509492743,0.27294310398446564
08_001350_001370_s5,dilation,42414,107126,89423,1175960,1414923,131837,149540,0.17749191297397504,0.28362979804734517,0.32171545165621185,0.08349089616752112,0.09317609509492743,1.1342794511404235
08_001350_001370_s5,seed0,43944,176092,87893,1106994,1414923,131837,220036,0.1427082217004569,0.19971277427330072,0.33332069145990884,0.13724099553732175,0.09317609509492743,1.6690003565008307
08_001350_001370_s5,seed1,44121,178712,87716,1104374,1414923,131837,222833,0.14207419763064766,0.19800029618593296,0.3346632584175914,0.1392829475187166,0.09317609509492743,1.6902159484818373
08_001350_001370_s5,seed2,47427,130315,84410,1152771,1414923,131837,177742,0.180914126155818,0.26683057465314897,0.35973967854244254,0.10156372994483612,0.09317609509492743,1.3481951197311832
08_001375_001395_s5,mapper,25788,30796,109187,1364665,1530436,134975,56584,0.15556400094105724,0.4557472076912201,0.19105760325986293,0.022068692711584202,0.08819382189127804,0.4192183737729209
08_001375_001395_s5,dilation,60641,148533,74334,1246928,1530436,134975,209174,0.21389519872455098,0.28990696740512684,0.44927579181329874,0.10644009399044474,0.08819382189127804,1.5497240229672162
08_001375_001395_s5,seed0,65339,226618,69636,1168843,1530436,134975,291957,0.18069763518652188,0.2237966549868645,0.4840822374513799,0.16239651269365465,0.08819382189127804,2.1630450083348767
08_001375_001395_s5,seed1,66246,249148,68729,1146313,1530436,134975,315394,0.1724603837833194,0.2100420426514138,0.490802000370439,0.1785417148884849,0.08819382189127804,2.336684571216892
08_001375_001395_s5,seed2,68155,216187,66820,1179274,1530436,134975,284342,0.1940842118452452,0.23969374907681595,0.5049453602518985,0.1549215635549829,0.08819382189127804,2.106627153176514
08_001400_001420_s5,mapper,22777,41075,108683,1260166,1432701,131460,63852,0.13201379430260526,0.35671552966234416,0.1732618286931386,0.03156602043741321,0.09175675873751746,0.4857142857142857
08_001400_001420_s5,dilation,56994,157913,74466,1143328,1432701,131460,214907,0.19695686881637195,0.2652030878473014,0.43354632587859426,0.12135569045242196,0.09175675873751746,1.6347710330138445
08_001400_001420_s5,seed0,53763,209410,77697,1091831,1432701,131460,263173,0.15772288555754393,0.20428767388751887,0.4089685075308078,0.16093098818743032,0.09175675873751746,2.001924539783965
08_001400_001420_s5,seed1,57867,216619,73593,1084622,1432701,131460,274486,0.16624674283711458,0.210819495347668,0.44018712916476493,0.16647108414198447,0.09175675873751746,2.0879811349459914
08_001400_001420_s5,seed2,58791,214098,72669,1087143,1432701,131460,272889,0.17013352317121871,0.2154392445279949,0.4472158831583752,0.16453370282676308,0.09175675873751746,2.0758329529895025
08_001425_001445_s5,mapper,18925,32563,109363,1438751,1599602,128288,51488,0.11765546996910184,0.3675613735239279,0.14751964330256923,0.022131917456097067,0.08019994973749721,0.4013469693190322
08_001425_001445_s5,dilation,44568,121329,83720,1349985,1599602,128288,165897,0.17854553175464813,0.2686486193240384,0.3474058368670491,0.08246302284896358,0.08019994973749721,1.2931607009229233
08_001425_001445_s5,seed0,71532,208562,56756,1262752,1599602,128288,280094,0.212355647914502,0.2553856919462752,0.5575891743576952,0.14175220245304537,0.08019994973749721,2.1833219007233726
08_001425_001445_s5,seed1,71843,252616,56445,1218698,1599602,128288,324459,0.1886118287022452,0.22142397036297345,0.5600134073334996,0.17169414550531023,0.08019994973749721,2.529145360439012
08_001425_001445_s5,seed2,74043,217905,54245,1253409,1599602,128288,291948,0.2138778080434902,0.2536170824941428,0.5771623222748815,0.14810230854868506,0.08019994973749721,2.275723372412073
08_001450_001470_s5,mapper,13449,34992,112189,1218675,1379305,125638,48441,0.08372657660461931,0.2776367127020499,0.10704563905824671,0.027911718183536778,0.091087902965624,0.3855601012432544
08_001450_001470_s5,dilation,44272,162215,81366,1091452,1379305,125638,206487,0.15380072467544198,0.21440574951449728,0.3523774654165141,0.1293924144130778,0.091087902965624,1.6435075375284547
08_001450_001470_s5,seed0,44501,205305,81137,1048362,1379305,125638,249806,0.13446726475556214,0.17814223837698054,0.3542001623712571,0.16376358315246392,0.091087902965624,1.9882997182381126
08_001450_001470_s5,seed1,49988,242352,75650,1011315,1379305,125638,292340,0.1358406478436914,0.17099267975644797,0.3978732549069549,0.19331449260449546,0.091087902965624,2.326843789299416
08_001450_001470_s5,seed2,48023,176109,77615,1077558,1379305,125638,224132,0.1591498838430871,0.2142621312440883,0.3822330823476974,0.14047510224006854,0.091087902965624,1.7839507155478438
08_001475_001495_s5,mapper,20546,55996,115215,1297488,1489245,135761,76542,0.10714602335247214,0.26842779127799116,0.15133948630313565,0.04137174876097538,0.09116095739787611,0.563799618447124
08_001475_001495_s5,dilation,47418,182674,88343,1170810,1489245,135761,230092,0.1489095105751566,0.2060827842775933,0.3492755651475755,0.13496576243235975,0.09116095739787611,1.694831358048335
08_001475_001495_s5,seed0,45419,181217,90342,1172267,1489245,135761,226636,0.14328754676980737,0.20040505480153198,0.3345511597586936,0.13388928129183647,0.09116095739787611,1.6693748572859657
08_001475_001495_s5,seed1,49642,247176,86119,1106308,1489245,135761,296818,0.12963490078002388,0.16724726937045598,0.3656572948048409,0.18262203321206605,0.09116095739787611,2.1863274430801187
08_001475_001495_s5,seed2,55364,207610,80397,1145874,1489245,135761,262974,0.16123667985939408,0.21053031858662832,0.4078048924212403,0.1533893270995446,0.09116095739787611,1.937036409572705
08_001500_001520_s5,mapper,14924,22730,114985,1242840,1395479,129909,37654,0.09777317723517581,0.39634567376639934,0.11488041629140398,0.01796028666924785,0.09309276599647863,0.2898490481798798
08_001500_001520_s5,dilation,36129,91690,93780,1173880,1395479,129909,127819,0.16303773933997898,0.28265750788223976,0.27811006165854557,0.0724495681787653,0.09309276599647863,0.9839118151937125
08_001500_001520_s5,seed0,40321,172932,89588,1092638,1395479,129909,213253,0.1331424741035725,0.18907588638846815,0.31037880362407533,0.13664356772047379,0.09309276599647863,1.641556782055131
08_001500_001520_s5,seed1,45895,197660,84014,1067910,1395479,129909,243555,0.1401078856668366,0.18843792983104432,0.3532857615715616,0.15618258966315574,0.09309276599647863,1.8748123686580607
08_001500_001520_s5,seed2,46904,153881,83005,1111689,1395479,129909,200785,0.16527714154832798,0.23360310780187762,0.3610527369158411,0.12159027157723397,0.09309276599647863,1.5455819073351347
08_001525_001545_s5,mapper,15900,21848,116487,1414701,1568936,132387,37748,0.10308944143676857,0.42121436897319064,0.12010242697545831,0.015208670222874402,0.084380114931393,0.2851337366962013
08_001525_001545_s5,dilation,45444,119867,86943,1316682,1568936,132387,165311,0.18015175180571963,0.2749000369001458,0.3432663327970269,0.0834409407545444,0.084380114931393,1.248695113568553
08_001525_001545_s5,seed0,60079,200719,72308,1235830,1568936,132387,260798,0.18036000552376721,0.23036603041434367,0.4538134408967648,0.1397230446020289,0.084380114931393,1.969966839644376
08_001525_001545_s5,seed1,60924,230307,71463,1206242,1568936,132387,291231,0.16797631060894308,0.20919476292015615,0.46019624283351085,0.16031962710635,0.084380114931393,2.199845906320107
08_001525_001545_s5,seed2,66724,162865,65663,1273684,1568936,132387,229589,0.22599000176120737,0.29062367970590924,0.504007191038395,0.11337239453718599,0.084380114931393,1.734226170243302
08_001550_001570_s5,mapper,11230,13111,127384,1445687,1597412,138614,24341,0.07401548854836051,0.46136148884598005,0.08101634755508101,0.008987536314143563,0.08677410711826379,0.1756027529686756
08_001550_001570_s5,dilation,35819,74208,102795,1384590,1597412,138614,110027,0.16830496847130466,0.325547365646614,0.2584082415917584,0.0508692773091271,0.08677410711826379,0.7937654205202938
08_001550_001570_s5,seed0,55797,172237,82817,1286561,1597412,138614,228034,0.1794975727921094,0.24468719576905198,0.4025350974649025,0.11806775166952518,0.08677410711826379,1.645100783470645
08_001550_001570_s5,seed1,57325,175788,81289,1283010,1597412,138614,233113,0.18233026507464964,0.24591078146649908,0.4135585150129136,0.12050194749375856,0.08677410711826379,1.6817421039721818
08_001550_001570_s5,seed2,62822,128062,75792,1330736,1597412,138614,190884,0.23557425490107847,0.32911087361958047,0.45321540392745324,0.08778597173837639,0.08677410711826379,1.377090337195377
08_001575_001595_s5,mapper,13263,12386,119887,1768471,1914007,133150,25649,0.09113209102902374,0.51709618308706,0.099609463011641,0.006955078369571504,0.069566098765574,0.1926323695080736
08_001575_001595_s5,dilation,35591,82731,97559,1698126,1914007,133150,118322,0.1648639759867705,0.3007978228900796,0.2673000375516335,0.046455723283789774,0.069566098765574,0.8886368757040931
08_001575_001595_s5,seed0,69640,301172,63510,1479685,1914007,133150,370812,0.1603418661730237,0.18780406243595138,0.523019151333083,0.1691163299467616,0.069566098765574,2.7849192639879834
08_001575_001595_s5,seed1,71566,380139,61584,1400718,1914007,133150,451705,0.13942632707889707,0.15843526195193766,0.5374840405557642,0.21345846409902647,0.069566098765574,3.3924521216672927
08_001575_001595_s5,seed2,73708,245992,59442,1534865,1914007,133150,319700,0.19440737243565737,0.2305536440412887,0.553571160345475,0.13813124804518273,0.069566098765574,2.4010514457378895
08_001600_001620_s5,mapper,12772,29100,128345,1706195,1876412,141117,41872,0.07503363353836573,0.3050248376003057,0.0905064591792626,0.016769482998567967,0.0752057650452033,0.2967183259281306
08_001600_001620_s5,dilation,39145,105079,101972,1630216,1876412,141117,144224,0.15899933386407578,0.27141807188817396,0.2773939355286748,0.06055396920984617,0.0752057650452033,1.0220171914085474
08_001600_001620_s5,seed0,72540,197000,68577,1538295,1876412,141117,269540,0.21454112038140644,0.2691251762261631,0.5140415399987245,0.11352536600405118,0.0752057650452033,1.9100462736594457
08_001600_001620_s5,seed1,77768,282145,63349,1453150,1876412,141117,359913,0.1837348970613946,0.2160744402119401,0.551088812829071,0.16259195122443157,0.0752057650452033,2.550458130487468
08_001600_001620_s5,seed2,80648,242556,60469,1492739,1876412,141117,323204,0.2101998316274536,0.24952661476961918,0.5714974099506084,0.13977796282476468,0.0752057650452033,2.29032646669076
08_001625_001645_s5,mapper,22768,16064,137871,1465953,1642656,160639,38832,0.12884897256979225,0.5863205603625875,0.14173395003703956,0.01083928187058583,0.09779223404048078,0.24173457255087494
08_001625_001645_s5,dilation,59443,98391,101196,1383626,1642656,160639,157834,0.22948307145890437,0.3766172054183509,0.3700408991589838,0.06638992670124566,0.09779223404048078,0.9825384869178717
08_001625_001645_s5,seed0,57582,267046,103057,1214971,1642656,160639,324628,0.13463647310520593,0.17737841467772342,0.3584559166827483,0.18019091548882368,0.09779223404048078,2.0208542134848946
08_001625_001645_s5,seed1,56537,227643,104102,1254374,1642656,160639,284180,0.14560808896626679,0.19894784995425435,0.35195064710313184,0.153603501174413,0.09779223404048078,1.7690598173544407
08_001625_001645_s5,seed2,56607,271212,104032,1210805,1642656,160639,327819,0.1310799326619598,0.17267760562993603,0.35238640678789085,0.18300194937035136,0.09779223404048078,2.040718629971551
08_001650_001670_s5,mapper,20578,26051,155782,1479083,1681494,176360,46629,0.10166443523326302,0.4413133457719445,0.11668178725334542,0.017308093498651946,0.10488291959412284,0.2643966885915173
08_001650_001670_s5,dilation,58734,118551,117626,1386583,1681494,176360,177285,0.19915839015838677,0.33129706404941195,0.33303470174642774,0.07876441566000103,0.10488291959412284,1.005244953504196
08_001650_001670_s5,seed0,66888,276859,109472,1228275,1681494,176360,343747,0.147584280447201,0.19458497092338262,0.37926967566341574,0.18394309078128593,0.10488291959412284,1.949121115899297
08_001650_001670_s5,seed1,67904,229291,108456,1275843,1681494,176360,297195,0.16739512536638637,0.2284829825535423,0.3850306191880245,0.15233926015889615,0.10488291959412284,1.685161034248129
08_001650_001670_s5,seed2,67581,281814,108779,1223320,1681494,176360,349395,0.14750073116326984,0.19342291675610698,0.3831991381265593,0.18723515647111819,0.10488291959412284,1.9811465184849173
08_001675_001695_s5,mapper,18593,20345,164125,1481633,1684696,182718,38938,0.09156271698930873,0.4775026965945863,0.10175790015214703,0.013545471371751118,0.10845754961132453,0.21310434658873237
08_001675_001695_s5,dilation,50026,108966,132692,1393012,1684696,182718,158992,0.17150752183870216,0.3146447620006038,0.27378802307380773,0.07254833293164081,0.10845754961132453,0.8701496294836852
08_001675_001695_s5,seed0,71535,295266,111183,1206712,1684696,182718,366801,0.14965982124924684,0.19502400484186247,0.39150494204183495,0.19658477021634138,0.10845754961132453,2.0074705283551704
08_001675_001695_s5,seed1,71085,240583,111633,1261395,1684696,182718,311668,0.16793014899563194,0.228079238163687,0.3890421304961744,0.1601774460078643,0.10845754961132453,1.7057323306953884
08_001675_001695_s5,seed2,71083,269594,111635,1232384,1684696,182718,340677,0.1571547958046658,0.20865218374002353,0.3890311846670826,0.1794926423689295,0.10845754961132453,1.8644961087577578
08_001700_001720_s5,mapper,10919,13548,134786,1604150,1763403,145705,24467,0.06856385750974864,0.4462745739158867,0.07493908925568786,0.008374863540660865,0.08262717030650396,0.16792148519268385
08_001700_001720_s5,dilation,35473,89167,110232,1528531,1763403,145705,124640,0.1510311999727511,0.28460365853658537,0.2434576713221921,0.055119682412910195,0.08262717030650396,0.8554270615284307
08_001700_001720_s5,seed0,64992,226907,80713,1390791,1763403,145705,291899,0.17442272390583233,0.22265235578059533,0.4460519542912048,0.14026536473433238,0.08262717030650396,2.003356096221818
08_001700_001720_s5,seed1,57666,282466,88039,1335232,1763403,145705,340132,0.13467983585997184,0.16954006091752613,0.3957722796060533,0.1746098468317325,0.08262717030650396,2.334387975704334
08_001700_001720_s5,seed2,67718,194333,77987,1423365,1763403,145705,262051,0.19914833048071098,0.2584153466309993,0.4647609896709104,0.12012934429046707,0.08262717030650396,1.7985038262242201
08_001725_001745_s5,mapper,14755,12978,111953,1493788,1633474,126708,27733,0.10562976962616154,0.5320376446832293,0.11644884300912334,0.008613148956108646,0.07756964604272856,0.21887331502351864
08_001725_001745_s5,dilation,42191,87657,84517,1419109,1633474,126708,129848,0.1968185104844541,0.3249260674018853,0.33297818606559965,0.058175589308492495,0.07756964604272856,1.024781387126306
08_001725_001745_s5,seed0,38022,207186,88686,1299580,1633474,126708,245208,0.1138744631529767,0.15506019379465596,0.30007576475044984,0.13750376634460826,0.07756964604272856,1.9352211383653755
08_001725_001745_s5,seed1,37687,269913,89021,1236853,1633474,126708,307600,0.0950201829958575,0.12251950585175553,0.2974318906462102,0.17913398629913338,0.07756964604272856,2.4276288789973797
08_001725_001745_s5,seed2,40598,191563,86110,1315203,1633474,126708,232161,0.12755796161133123,0.17487002554261913,0.3204059727878271,0.12713520214817695,0.07756964604272856,1.8322521072071218
08_001750_001770_s5,mapper,13021,17640,114182,1709127,1853970,127203,30661,0.0898973371167402,0.42467629888131503,0.10236393795743812,0.010215622605713452,0.06861114257512257,0.24103991258067814
08_001750_001770_s5,dilation,37732,101741,89471,1625026,1853970,127203,139473,0.16480886155566427,0.27053264789600856,0.2966282241771027,0.05891993534738618,0.06861114257512257,1.0964599891511992
08_001750_001770_s5,seed0,73299,255382,53904,1471385,1853970,127203,328681,0.19158879726073944,0.2230095442085183,0.5762364095186434,0.14789603924559597,0.06861114257512257,2.5839091845318114
08_001750_001770_s5,seed1,72073,238241,55130,1488526,1853970,127203,310314,0.19722036755289457,0.23225829321268135,0.5665982720533321,0.13796939598683552,0.06861114257512257,2.4395179358977384
08_001750_001770_s5,seed2,72876,215686,54327,1511081,1853970,127203,288562,0.21253525193284123,0.25254884565535307,0.5729110162496167,0.12490741368117413,0.06861114257512257,2.2685156796616432
08_001775_001795_s5,mapper,16522,27477,107854,1559377,1711230,124376,43999,0.1088025919804021,0.37550853428487013,0.13283913295169486,0.01731539259440377,0.07268222272868054,0.35375795973499713
08_001775_001795_s5,dilation,44813,183732,79563,1403122,1711230,124376,228545,0.14544575278798344,0.1960795466975869,0.3603026307326172,0.11578380871838241,0.07268222272868054,1.837532964559079
08_001775_001795_s5,seed0,52811,280044,71565,1306810,1711230,124376,332855,0.13058454082389595,0.1586606780730348,0.4246076413455972,0.17647748312069036,0.07268222272868054,2.6761995883450185
08_001775_001795_s5,seed1,52840,315036,71536,1271818,1711230,124376,367876,0.1202516089683486,0.1436353553914906,0.4248408053000579,0.19852866111186032,0.07268222272868054,2.957773203833537
08_001775_001795_s5,seed2,53446,226646,70930,1360208,1711230,124376,280092,0.15225826301485376,0.19081587478399956,0.4297131279346498,0.14282725442920394,0.07268222272868054,2.2519778735447353
08_001800_001820_s5,mapper,6316,63102,85069,1588853,1743340,91385,69418,0.04088369895201538,0.09098504710593794,0.06911418722985173,0.038198377074436046,0.05241949361570319,0.7596213820648903
08_001800_001820_s5,dilation,31144,218885,60241,1433070,1743340,91385,250029,0.1003770909208109,0.12456155086010023,0.3407999124582809,0.13250058264298967,0.05241949361570319,2.7359960606226403
08_001800_001820_s5,seed0,44911,292978,46474,1358977,1743340,91385,337889,0.11684527386871264,0.1329164311356688,0.49144826831536903,0.1773522886519306,0.05241949361570319,3.697422990643979
08_001800_001820_s5,seed1,47874,364681,43511,1287274,1743340,91385,412555,0.10497164884029943,0.1160427094569209,0.52387153252722,0.2207572240163927,0.05241949361570319,4.514471740438803
08_001800_001820_s5,seed2,49049,306325,42336,1345630,1743340,91385,355374,0.12332855598300269,0.1380207893655698,0.5367292225201072,0.18543180655647398,0.05241949361570319,3.888756360453028
08_001825_001845_s5,mapper,12071,58533,70796,1258394,1399794,82867,70604,0.08536775106082037,0.17096765055804203,0.14566715339037253,0.04444665497783856,0.05919942505825857,0.8520158808693449
08_001825_001845_s5,dilation,35048,230378,47819,1086549,1399794,82867,265426,0.11188686172165557,0.1320443362745172,0.4229427878407569,0.17493604429098955,0.05919942505825857,3.203036190522162
08_001825_001845_s5,seed0,52210,320218,30657,996709,1399794,82867,372428,0.12952603048984707,0.14018817059941788,0.6300457359383108,0.2431554672354656,0.05919942505825857,4.494286024593626
08_001825_001845_s5,seed1,54258,301243,28609,1015684,1399794,82867,355501,0.14125641092395408,0.15262404325163642,0.6547600371679921,0.22874692370951466,0.05919942505825857,4.290018946021939
08_001825_001845_s5,seed2,55306,263447,27561,1053480,1399794,82867,318753,0.15969900148420219,0.17350738659714576,0.667406808500368,0.2000467755615915,0.05919942505825857,3.8465613573557627
08_001850_001870_s5,mapper,15244,45520,91469,1473663,1625896,106713,60764,0.10013597577397805,0.25087222697649925,0.14285044933606963,0.029963473788213797,0.06563334924250998,0.5694151602897491
08_001850_001870_s5,dilation,40226,193051,66487,1326132,1625896,106713,233277,0.13419223122189455,0.17243877450413028,0.3769550101674585,0.1270755399448256,0.06563334924250998,2.186022321554075
08_001850_001870_s5,seed0,53389,323122,53324,1196061,1625896,106713,376511,0.12420812637407377,0.1417993099803193,0.5003045552088312,0.2126945864981375,0.06563334924250998,3.5282580379147808
08_001850_001870_s5,seed1,56734,277296,49979,1241887,1625896,106713,334030,0.14774132897926873,0.16984701972876687,0.5316503143946848,0.1825296886550205,0.06563334924250998,3.130171581719191
08_001850_001870_s5,seed2,55877,244060,50836,1275123,1625896,106713,299937,0.1592967531708541,0.18629578878231096,0.5236194278110445,0.16065213999893363,0.06563334924250998,2.8106884821905487
08_001875_001895_s5,mapper,11277,31489,82091,1423864,1548721,93368,42766,0.09031932530815252,0.2636907823972314,0.1207801388055865,0.021636675088449332,0.06028716599051734,0.4580370148230657
08_001875_001895_s5,dilation,37259,154225,56109,1301128,1548721,93368,191484,0.150484868312109,0.19458022602410646,0.399055350869677,0.10597085380660225,0.06028716599051734,2.050852540484963
08_001875_001895_s5,seed0,45799,278342,47569,1177011,1548721,93368,324141,0.1232116434855129,0.14129344945563813,0.49052137777396965,0.19125394320140887,0.06028716599051734,3.471649815782709
08_001875_001895_s5,seed1,49078,265956,44290,1189397,1548721,93368,315034,0.13658425265220248,0.15578635956753875,0.5256404763944821,0.18274329320790214,0.06028716599051734,3.3741110444691973
08_001875_001895_s5,seed2,47767,220062,45601,1235291,1548721,93368,267829,0.15240085505535525,0.1783488718548029,0.5115992631308371,0.15120867583328582,0.06028716599051734,2.8685309742095795
08_001900_001920_s5,mapper,14716,41550,49918,1139866,1246050,64634,56266,0.1385896180215475,0.26154338321544096,0.22768202494043382,0.0351696608138031,0.05187111271618314,0.8705325370548008
08_001900_001920_s5,dilation,34381,186351,30253,995065,1246050,64634,220732,0.13698428192919895,0.1557590199880398,0.5319336572082805,0.15773529391848426,0.05187111271618314,3.415106600241359
08_001900_001920_s5,seed0,35268,307228,29366,874188,1246050,64634,342496,0.09484163480000646,0.10297346538353733,0.5456570845066064,0.26005065108310704,0.05187111271618314,5.299006714732184
08_001900_001920_s5,seed1,39286,252972,25348,928444,1246050,64634,292258,0.12369413676064055,0.13442232547954205,0.6078225082773773,0.214126099528024,0.05187111271618314,4.521737785066684
08_001900_001920_s5,seed2,36460,201578,28174,979838,1246050,64634,238038,0.13695851426682493,0.15316882178475705,0.5640993904137142,0.170624064681704,0.05187111271618314,3.6828604140235788
08_001925_001945_s5,mapper,9099,28608,71119,1031214,1140040,80218,37707,0.0836105342473306,0.2413079799506723,0.1134284075893191,0.026993212067686838,0.07036419774744745,0.470056595776509
08_001925_001945_s5,dilation,22602,102490,57616,957332,1140040,80218,125092,0.12370558486765769,0.18068301729926775,0.2817572115983944,0.09670491837308529,0.07036419774744745,1.5594006332743275
08_001925_001945_s5,seed0,33107,235676,47111,824146,1140040,80218,268783,0.10480414316194672,0.12317371262319418,0.4127128574634122,0.22237319096980437,0.07036419774744745,3.350656959784587
08_001925_001945_s5,seed1,35148,182343,45070,877479,1140040,80218,217491,0.13386603494045193,0.16160668717326235,0.4381560248323319,0.1720505896273148,0.07036419774744745,2.7112493455334215
08_001925_001945_s5,seed2,35974,185763,44244,874059,1140040,80218,221737,0.1352502622367763,0.162237245024511,0.4484529656685532,0.17527754660688305,0.07036419774744745,2.764180109202423
08_001950_001970_s5,mapper,7358,23664,85750,1073791,1190563,93108,31022,0.06301168088240332,0.2371865127973696,0.0790265068522576,0.021562615323635136,0.0782050172901392,0.3331829703140439
08_001950_001970_s5,dilation,23782,94461,69326,1002994,1190563,93108,118243,0.12679067436516694,0.20112818517798095,0.25542380891008293,0.08607277747151364,0.0782050172901392,1.2699553207028398
08_001950_001970_s5,seed0,43475,196934,49633,900521,1190563,93108,240409,0.14989208459464493,0.18083765582819278,0.4669308759719895,0.17944608207170226,0.0782050172901392,2.5820445074537095
08_001950_001970_s5,seed1,45462,178580,47646,918875,1190563,93108,224042,0.16733164512234622,0.20291731014720454,0.4882716844954247,0.16272193392895382,0.0782050172901392,2.4062593976887054
08_001950_001970_s5,seed2,44158,181794,48950,915661,1190563,93108,225952,0.16063178878291173,0.19543088797620733,0.47426644327018086,0.1656505278120743,0.0782050172901392,2.426773209606049
08_001975_001995_s5,mapper,9953,26970,99256,978410,1114589,109209,36923,0.07308762731404989,0.269560978252038,0.09113717733886402,0.026825677853150053,0.09798140839358724,0.33809484566290327
08_001975_001995_s5,dilation,28841,102140,80368,903240,1114589,109209,130981,0.13646149260228344,0.2201922416228308,0.2640899559560109,0.1015934273607989,0.09798140839358724,1.1993608585373001
08_001975_001995_s5,seed0,40665,163879,68544,841501,1114589,109209,204544,0.1489080442934146,0.19880808041301626,0.3723594209268467,0.1630020489765064,0.09798140839358724,1.872959188345283
08_001975_001995_s5,seed1,44599,176717,64610,828663,1114589,109209,221316,0.1559809181396585,0.20151728749841855,0.40838209305093903,0.17577135013626688,0.09798140839358724,2.026536274482872
08_001975_001995_s5,seed2,43036,174808,66173,830572,1114589,109209,217844,0.15152614104085319,0.19755421310662677,0.3940700857987895,0.17387256559708766,0.09798140839358724,1.9947440229285132
08_002000_002020_s5,mapper,10758,21822,93035,949343,1074958,103793,32580,0.08564263821995781,0.3302025782688766,0.10364860828764946,0.02246992014745177,0.09655540030401187,0.31389400055880456
08_002000_002020_s5,dilation,27910,94268,75883,876897,1074958,103793,122178,0.14091618238825412,0.22843719818625285,0.2689006002331564,0.09706692477591347,0.09655540030401187,1.1771314057788098
08_002000_002020_s5,seed0,31342,170058,72451,801107,1074958,103793,201400,0.11444909823225038,0.1556206554121152,0.3019664139200139,0.17510721659038372,0.09655540030401187,1.940400605050437
08_002000_002020_s5,seed1,32851,169543,70942,801622,1074958,103793,202394,0.12018541282524073,0.16231212387719005,0.3165049666162458,0.17457692565115093,0.09655540030401187,1.9499773587814206
08_002000_002020_s5,seed2,30877,169830,72916,801335,1074958,103793,200707,0.11284504592084729,0.1538411714588928,0.2974863430096442,0.17487244700951948,0.09655540030401187,1.9337238542098214
08_002025_002045_s5,mapper,7208,21914,91071,1059899,1180092,98279,29122,0.05997021457156407,0.24751047318178696,0.07334221959930402,0.020256735683523864,0.0832807950566566,0.2963196613722158
08_002025_002045_s5,dilation,24660,79122,73619,1002691,1180092,98279,103782,0.13900710818992001,0.23761345898132624,0.25091830401204734,0.07313833351974879,0.0832807950566566,1.0559936507290468
08_002025_002045_s5,seed0,27281,180328,70998,901485,1180092,98279,207609,0.09791929133151715,0.13140567123775945,0.2775872770378209,0.16669054633286898,0.0832807950566566,2.112445181574904
08_002025_002045_s5,seed1,29406,180864,68873,900949,1180092,98279,210270,0.10534385601645035,0.1398487658724497,0.29920939366497423,0.16718601089097654,0.0832807950566566,2.1395211591489534
08_002025_002045_s5,seed2,26692,183070,71587,898743,1180092,98279,209762,0.0948714941229576,0.12724897741249608,0.27159413506445934,0.1692251803222923,0.0832807950566566,2.1343522013858505
08_002050_002070_s5,mapper,9181,21577,88475,1160089,1279322,97656,30758,0.07700049482945158,0.29849144937902333,0.09401368067502253,0.018259812840515,0.07633418326269696,0.31496272630457933
08_002050_002070_s5,dilation,25465,89992,72191,1091674,1279322,97656,115457,0.135706215893588,0.22055830309119412,0.2607622675514049,0.07615688358639412,0.07633418326269696,1.182282706643729
08_002050_002070_s5,seed0,40629,183377,57027,998289,1279322,97656,224006,0.14457021061583514,0.1813746060373383,0.4160420250675842,0.15518513691686145,0.07633418326269696,2.2938273121979194
08_002050_002070_s5,seed1,42022,183304,55634,998362,1279322,97656,225326,0.14956577448747152,0.1864942350194829,0.43030638158433687,0.15512335973109154,0.07633418326269696,2.307344146801016
08_002050_002070_s5,seed2,40624,181206,57032,1000460,1279322,97656,221830,0.1456777904483221,0.18313122661497544,0.41599082493651185,0.15334790033732035,0.07633418326269696,2.271545015155239
08_002075_002095_s5,mapper,10549,16595,82974,1039740,1149858,93523,27144,0.09579723569262065,0.38863100501031533,0.11279578285555425,0.015709978368604657,0.08133439085521864,0.2902387647958256
08_002075_002095_s5,dilation,27372,83585,66151,972750,1149858,93523,110957,0.1545497662443255,0.24669015925088097,0.2926766677715642,0.07912736016509914,0.08133439085521864,1.1864140371887129
08_002075_002095_s5,seed0,21092,116273,72431,940062,1149858,93523,137365,0.10053575854639746,0.15354711898955337,0.2255274103696417,0.11007208887332144,0.08133439085521864,1.4687830800979438
08_002075_002095_s5,seed1,23289,96929,70234,959406,1149858,93523,120218,0.12228277991304896,0.19372306975660883,0.24901895790340345,0.09175971637785361,0.08133439085521864,1.2854378067427263
08_002075_002095_s5,seed2,22762,145101,70761,911234,1149858,93523,167863,0.09538856108354567,0.13559867272716442,0.24338398041123574,0.13736267377299816,0.08133439085521864,1.7948846807737133
08_002100_002120_s5,mapper,5720,9883,74950,978460,1069013,80670,15603,0.06316742681081798,0.36659616740370443,0.07090616090244205,0.00999956492837001,0.07546213189175435,0.1934176273707698
08_002100_002120_s5,dilation,23094,61794,57576,926549,1069013,80670,84888,0.1621041105121294,0.2720525869380831,0.2862774265526218,0.06252282861314341,0.07546213189175435,1.0522870955745631
08_002100_002120_s5,seed0,28081,159881,52589,828462,1069013,80670,187962,0.11673615989956392,0.14939721858673563,0.34809718606669143,0.16176671459199893,0.07546213189175435,2.330011156563778
08_002100_002120_s5,seed1,29626,169498,51044,818845,1069013,80670,199124,0.11842441879057274,0.14878166368694884,0.36724928721953637,0.17149714218646767,0.07546213189175435,2.468377339779348
08_002100_002120_s5,seed2,28917,118113,51753,870230,1069013,80670,147030,0.14547018608231085,0.19667414813303408,0.35846039419858683,0.11950608240256672,0.07546213189175435,1.8226106359241354
08_002125_002145_s5,mapper,9683,25943,54663,1111321,1201610,64346,35626,0.10724451483569428,0.2717958794139112,0.15048332452677712,0.022811765781735816,0.05354982065728481,0.5536630093556709
08_002125_002145_s5,dilation,23181,107128,41165,1030136,1201610,64346,130309,0.1351866755309843,0.17789254771351173,0.36025549373698446,0.09419800503664937,0.05354982065728481,2.025129767196096
08_002125_002145_s5,seed0,25285,258554,39061,878710,1201610,64346,283839,0.07830597708268813,0.08908219096036837,0.3929537189568893,0.22734738811744679,0.05354982065728481,4.411136667391912
08_002125_002145_s5,seed1,28003,265106,36343,872158,1201610,64346,293109,0.08499872515571312,0.09553783745978459,0.43519410685978926,0.2331085834071948,0.05354982065728481,4.555201566530942
08_002125_002145_s5,seed2,28039,228260,36307,909004,1201610,64346,256299,0.09582510269782575,0.10939956847276033,0.4357535821962515,0.20070977363215578,0.05354982065728481,3.9831380349982903
08_002150_002170_s5,mapper,8019,30837,75560,767181,881597,83579,38856,0.07008635155922249,0.2063773934527486,0.09594515368693093,0.03864198551912363,0.09480408848941183,0.46490147046506897
08_002150_002170_s5,dilation,26448,132998,57131,665020,881597,83579,159446,0.12211823046768586,0.16587433990191036,0.316443125665538,0.16666040114383385,0.09480408848941183,1.9077280178035152
08_002150_002170_s5,seed0,15635,161080,67944,636938,881597,83579,176715,0.063905272236051,0.0884757943581473,0.1870685219971524,0.2018500835820746,0.09480408848941183,2.1143469053231074
08_002150_002170_s5,seed1,18457,168561,65122,629457,881597,83579,187018,0.0732013960498136,0.09869103508753169,0.22083298436210053,0.21122455884453734,0.09480408848941183,2.2376194977207193
08_002150_002170_s5,seed2,16664,124525,66915,673493,881597,83579,141189,0.08007534694191366,0.11802619184214068,0.1993802270905371,0.15604284615133995,0.09480408848941183,1.6892879790377966
08_002175_002195_s5,mapper,11491,15131,65161,1195901,1287684,76652,26622,0.12519747665689723,0.43163548944482005,0.14991128737671555,0.012494302380118776,0.05952702681713837,0.34730992015863904
08_002175_002195_s5,dilation,24637,69698,52015,1141334,1287684,76652,94335,0.16834301332422275,0.26116499708485713,0.3214136617439858,0.05755256673646939,0.05952702681713837,1.2306919584616187
08_002175_002195_s5,seed0,27909,163745,48743,1047287,1287684,76652,191654,0.11609545876196459,0.14562179761445104,0.3641000887126233,0.1352111257175698,0.05952702681713837,2.500313103376298
08_002175_002195_s5,seed1,28664,184476,47988,1026556,1287684,76652,213140,0.10976992126466714,0.13448437646617248,0.3739497990920002,0.15232958336361055,0.05952702681713837,2.7806189010071494
08_002175_002195_s5,seed2,28700,124390,47952,1086642,1287684,76652,153090,0.1427562399896539,0.18747142203932327,0.37441945415644734,0.10271404884429149,0.05952702681713837,1.9972081615613422
08_002200_002220_s5,mapper,8030,16068,78330,1138446,1240874,86360,24098,0.07839653219822705,0.3332226740808366,0.09298286243631311,0.013917544525228798,0.06959610725988295,0.27904122278832794
08_002200_002220_s5,dilation,22512,80441,63848,1074073,1240874,86360,102953,0.13496321964496616,0.21866288500577932,0.26067623899953685,0.06967520532449152,0.06959610725988295,1.192137563686892
08_002200_002220_s5,seed0,27405,197993,58955,956521,1240874,86360,225398,0.096376686723896,0.12158492976867585,0.3173344140805929,0.1714946722170541,0.06959610725988295,2.6099814729041224
08_002200_002220_s5,seed1,30071,176548,56289,977966,1240874,86360,206619,0.11437841374168911,0.14553840643890445,0.34820518758684577,0.15291975671148206,0.06959610725988295,2.3925312644742935
08_002200_002220_s5,seed2,28745,158526,57615,995988,1240874,86360,187271,0.11738114877943207,0.15349413416919866,0.33285085687818433,0.13730972513109413,0.06959610725988295,2.1684923575729504
08_002225_002245_s5,mapper,12944,26116,74233,1126239,1239532,87177,39060,0.11425242512776605,0.33138760880696366,0.1484795301513014,0.02266315501733407,0.07033057637882685,0.44805395918648266
08_002225_002245_s5,dilation,35480,114556,51697,1037799,1239532,87177,150036,0.1758760341639692,0.2364765789543843,0.40698808171880196,0.09941033796009043,0.07033057637882685,1.7210502770226093
08_002225_002245_s5,seed0,40485,184954,46692,967401,1239532,87177,225439,0.148770261381467,0.17958294704997804,0.4644000137650986,0.1605008873133713,0.07033057637882685,2.5859917179990135
08_002225_002245_s5,seed1,41995,193284,45182,959071,1239532,87177,235279,0.14973561386431625,0.17849021799650627,0.4817210961606846,0.16772956250461013,0.07033057637882685,2.6988655264576664
08_002225_002245_s5,seed2,42453,154776,44724,997579,1239532,87177,197229,0.1754596967179576,0.2152472506578647,0.4869747754568292,0.13431277687865284,0.07033057637882685,2.262397191919887
08_002250_002270_s5,mapper,14801,35370,73687,1173742,1297600,88488,50171,0.11949974971338145,0.29501106216738754,0.1672656179368954,0.029252873182964028,0.06819358816276203,0.5669808335593527
08_002250_002270_s5,dilation,37170,135720,51318,1073392,1297600,88488,172890,0.16578355812459858,0.21499219156689225,0.42005695687550854,0.11224766605575001,0.06819358816276203,1.9538242473555736
08_002250_002270_s5,seed0,42583,203638,45905,1005474,1297600,88488,246221,0.14576929133319183,0.17294625559964422,0.4812290932103788,0.16841946817168302,0.06819358816276203,2.7825354850375192
08_002250_002270_s5,seed1,44556,208637,43932,1000475,1297600,88488,253193,0.1499570887673538,0.17597642904819644,0.5035259018171956,0.1725539073303383,0.06819358816276203,2.8613258294910042
08_002250_002270_s5,seed2,44611,200554,43877,1008558,1297600,88488,245165,0.15434089163512568,0.18196316766259457,0.5041474550221499,0.16586883597218455,0.06819358816276203,2.770601663502396
08_002275_002295_s5,mapper,12238,17624,65481,1022267,1117610,77719,29862,0.12835761408808197,0.40981849842609336,0.157464712618536,0.016947930119599074,0.06954035844346418,0.3842303683783888
08_002275_002295_s5,dilation,28896,78468,48823,961423,1117610,77719,107364,0.18500899562703682,0.269140494020342,0.3718009753084831,0.07545790856926352,0.06954035844346418,1.3814382583409461
08_002275_002295_s5,seed0,30808,211994,46911,827897,1117610,77719,242802,0.10633972241494169,0.12688528101086483,0.39640242411765464,0.20386175089504574,0.06954035844346418,3.124100927701077
08_002275_002295_s5,seed1,31464,187870,46255,852021,1117610,77719,219334,0.11846876188396356,0.14345245151230543,0.40484308856264234,0.18066316565870846,0.06954035844346418,2.8221413039282544
08_002275_002295_s5,seed2,31140,180214,46579,859677,1117610,77719,211354,0.12072902653014543,0.14733574950083747,0.40067422380627643,0.1733008555704396,0.06954035844346418,2.7194637090029463
08_002300_002320_s5,mapper,11110,22073,78989,1199646,1311818,90099,33183,0.09904432478693435,0.33480999306874004,0.12330880475920931,0.01806716601771766,0.06868254590194676,0.3682948756367995
08_002300_002320_s5,dilation,23869,99383,66230,1122336,1311818,90099,123252,0.1259697491054559,0.19366014344594815,0.2649196994417252,0.0813468563556759,0.06868254590194676,1.3679619085672428
08_002300_002320_s5,seed0,29011,282811,61088,938908,1311818,90099,311822,0.07779625110616503,0.09303705319060233,0.3219902551637643,0.23148612733369947,0.06868254590194676,3.4608819187782327
08_002300_002320_s5,seed1,29133,215780,60966,1005939,1311818,90099,244913,0.09524354401577094,0.11895244433737695,0.3233443212466287,0.1766199919948859,0.06868254590194676,2.7182654635456553
08_002300_002320_s5,seed2,29987,189706,60112,1032013,1311818,90099,219693,0.10717106556351745,0.1364950180479123,0.33282278382667957,0.15527793215952276,0.06868254590194676,2.4383511470715544
08_002325_002345_s5,mapper,8720,32300,78533,1121514,1241067,87253,41020,0.07293836206536013,0.21257922964407605,0.09993925710290763,0.02799411343596108,0.0703048264114669,0.4701271016469348
08_002325_002345_s5,dilation,25945,130193,61308,1023621,1241067,87253,156138,0.11931697984787028,0.16616710858343262,0.2973536726530893,0.11283707772656598,0.0703048264114669,1.7894857483410314
08_002325_002345_s5,seed0,27789,288957,59464,864857,1241067,87253,316746,0.07386566013662582,0.08773275747760034,0.3184876164716399,0.25043637882708997,0.0703048264114669,3.6302018268712826
08_002325_002345_s5,seed1,29872,186233,57381,967581,1241067,87253,216105,0.10922679771542236,0.1382291015941325,0.3423607211213368,0.16140643119254924,0.0703048264114669,2.476762976631176
08_002325_002345_s5,seed2,27720,213914,59533,939900,1241067,87253,241634,0.0920419567880943,0.11471895511393264,0.31769681271704125,0.18539729973808602,0.0703048264114669,2.7693489049087137
08_002350_002370_s5,mapper,10956,35263,85602,1180583,1312404,96558,46219,0.08311270586628837,0.23704537095134035,0.11346548188653452,0.02900285068997225,0.07357338136732287,0.47866567244557673
08_002350_002370_s5,dilation,29789,120370,66769,1095476,1312404,96558,150159,0.13732206077592565,0.19838304730319195,0.30850887549452144,0.09900102480083826,0.07357338136732287,1.5551171316721557
08_002350_002370_s5,seed0,33599,240947,62959,974899,1312404,96558,274546,0.09955111776121835,0.12238022043664813,0.34796702500051785,0.19817230142633196,0.07357338136732287,2.843327326580915
08_002350_002370_s5,seed1,34244,196721,62314,1019125,1312404,96558,230965,0.11676253669713822,0.1482648886194878,0.35464694794838336,0.16179762897603808,0.07357338136732287,2.3919820211686242
08_002350_002370_s5,seed2,33789,191759,62769,1024087,1312404,96558,225548,0.11719392196783401,0.14980846649050314,0.3499347542409743,0.15771652001980513,0.07357338136732287,2.3358810248762403
08_002375_002395_s5,mapper,9480,25838,83597,1065705,1184620,93077,35318,0.07972080898120507,0.26841837023614024,0.10185115549491282,0.02367107846415579,0.07857118738498421,0.37944927318241883
08_002375_002395_s5,dilation,22648,95691,70429,995852,1184620,93077,118339,0.1199779623665028,0.19138238450553072,0.24332541873932337,0.08766580885956853,0.07857118738498421,1.2714096930498404
08_002375_002395_s5,seed0,27492,173146,65585,918397,1184620,93077,200638,0.10326681015539604,0.13702289695870173,0.29536835093524716,0.1586249923273751,0.07857118738498421,2.155613094534633
08_002375_002395_s5,seed1,28623,183925,64454,907618,1184620,93077,212548,0.10333138388892499,0.13466605190357,0.30751958056233014,0.16850000412260444,0.07857118738498421,2.283571666469697
08_002375_002395_s5,seed2,27480,127174,65597,964369,1184620,93077,154654,0.1247667433973058,0.17768696574288412,0.29523942542196246,0.11650846553914962,0.07857118738498421,1.661570527627663
08_002400_002420_s5,mapper,8552,11729,95338,1381032,1496651,103890,20281,0.07396708153504182,0.4216754597899512,0.08231783617287515,0.00842140180547847,0.06941498051315904,0.1952160939455193
08_002400_002420_s5,dilation,23464,65160,80426,1327601,1496651,103890,88624,0.13879917184265012,0.26475898176566165,0.22585426893830013,0.04678476781012679,0.06941498051315904,0.8530561170468764
08_002400_002420_s5,seed0,44950,186992,58940,1205769,1496651,103890,231942,0.15453001560770346,0.1937984496124031,0.4326691693136972,0.13425993404467815,0.06941498051315904,2.2325729136586774
08_002400_002420_s5,seed1,47305,196358,56585,1196403,1496651,103890,243663,0.15755308944605792,0.19414108830639037,0.4553373760708442,0.1409847059186752,0.06941498051315904,2.345394166907306
08_002400_002420_s5,seed2,45364,140679,58526,1252082,1496651,103890,186043,0.18548548671336104,0.24383610240643291,0.4366541534315141,0.10100727978454307,0.06941498051315904,1.7907690826836076
08_002425_002445_s5,mapper,6739,3564,92198,1101422,1203923,98937,10303,0.06574570004195081,0.6540813355333398,0.06811405237676502,0.003225380231061751,0.08217884366358978,0.10413697605546965
08_002425_002445_s5,dilation,24650,31384,74287,1073602,1203923,98937,56034,0.18914833372979029,0.43991148231430915,0.24914844800226407,0.028402169801246352,0.08217884366358978,0.566360411170745
08_002425_002445_s5,seed0,27824,165853,71113,939133,1203923,98937,193677,0.10507949695985498,0.14366187002070457,0.28122946925821485,0.15009511432724035,0.08217884366358978,1.9575790654659024
08_002425_002445_s5,seed1,28224,216481,70713,888505,1203923,98937,244705,0.08948125978859799,0.11533887742383686,0.2852724461020649,0.19591288939407378,0.08217884366358978,2.4733416214358632
08_002425_002445_s5,seed2,28549,116822,70388,988164,1203923,98937,145371,0.13231892991717611,0.19638717488357374,0.28855736478769317,0.10572260644026259,0.08217884366358978,1.469328966918342
08_002450_002470_s5,mapper,13714,28851,57532,1199482,1299579,71246,42565,0.13700710310998332,0.3221895923881123,0.19248799932627797,0.023487930390211773,0.05482236939808969,0.5974370490974932
08_002450_002470_s5,dilation,29855,120168,41391,1108165,1299579,71246,150023,0.1559708276301629,0.1990028195676663,0.4190410689722932,0.09783014866489788,0.05482236939808969,2.105704179883783
08_002450_002470_s5,seed0,33695,291451,37551,936882,1299579,71246,325146,0.09290123712079229,0.10363036912648471,0.47293883165370687,0.23727360577302734,0.05482236939808969,4.563708839794515
08_002450_002470_s5,seed1,35026,258972,36220,969361,1299579,71246,293998,0.10606932390118043,0.11913686487663182,0.491620582208124,0.2108320789232236,0.05482236939808969,4.1265193835443394
08_002450_002470_s5,seed2,35519,252904,35727,975429,1299579,71246,288423,0.10957581366651242,0.12314898603786799,0.4985402689273784,0.2058920504456039,0.05482236939808969,4.0482693765264015
08_002475_002495_s5,mapper,18950,39185,63356,917381,1038872,82306,58135,0.15597863216205315,0.32596542530317363,0.23023837873302067,0.0409642408364922,0.07922631469516937,0.7063276067358394
08_002475_002495_s5,dilation,42308,163384,39998,793182,1038872,82306,205692,0.17220074077089015,0.2056861715574743,0.5140329988093213,0.170802641950477,0.07922631469516937,2.499113065876121
08_002475_002495_s5,seed0,39602,208729,42704,747837,1038872,82306,248331,0.13607298091294862,0.15947263934023542,0.4811556873131971,0.21820658480439406,0.07922631469516937,3.017167642699196
08_002475_002495_s5,seed1,42144,180313,40162,776253,1038872,82306,222457,0.16047582238908836,0.1894478483482201,0.5120404344762228,0.18850032303050704,0.07922631469516937,2.7028041698053604
08_002475_002495_s5,seed2,42162,173116,40144,783450,1038872,82306,215278,0.16506800510527675,0.19584908815577998,0.5122591305615629,0.1809765348130709,0.07922631469516937,2.615580881102228
08_002500_002520_s5,mapper,12048,21933,87978,963049,1085008,100026,33981,0.09878729737042777,0.3545510726582502,0.120448683342331,0.022267411993315615,0.09218918201524781,0.3397216723651851
08_002500_002520_s5,dilation,28191,99821,71835,885161,1085008,100026,128012,0.14106291312854333,0.22022154173046277,0.28183672245216246,0.10134296870399662,0.09218918201524781,1.2797872553136185
08_002500_002520_s5,seed0,27882,236799,72144,748183,1085008,100026,264681,0.08277889111556447,0.10534190213880104,0.2787475256433327,0.24040946941162378,0.09218918201524781,2.646122008277848
08_002500_002520_s5,seed1,30982,186627,69044,798355,1085008,100026,217609,0.10808189692764422,0.14237462604947407,0.309739467738388,0.18947249797458227,0.09218918201524781,2.175524363665447
08_002500_002520_s5,seed2,30756,165947,69270,819035,1085008,100026,196703,0.11563579761855526,0.15635755428234444,0.30748005518565175,0.16847719044611983,0.09218918201524781,1.9665187051366644
08_002525_002545_s5,mapper,13615,29110,80085,1232562,1355372,93700,42725,0.11086230762967185,0.31866588648332356,0.1453041622198506,0.02307255768535721,0.06913231201470887,0.45597652081109924
08_002525_002545_s5,dilation,30020,106929,63680,1154743,1355372,93700,136949,0.14962941548828934,0.21920568970930784,0.32038420490928493,0.08475182139256479,0.06913231201470887,1.4615688367129136
08_002525_002545_s5,seed0,44696,277555,49004,984117,1355372,93700,322251,0.12039164455697567,0.1386993368523294,0.47701173959445037,0.21998982302848918,0.06913231201470887,3.439178228388474
08_002525_002545_s5,seed1,47185,246445,46515,1015227,1355372,93700,293630,0.13872025165738142,0.16069543302796035,0.5035752401280683,0.195332067288487,0.06913231201470887,3.1337246531483456
08_002525_002545_s5,seed2,47601,192504,46099,1069168,1355372,93700,240105,0.166318430210619,0.19825076529018554,0.5080149413020277,0.15257848315568548,0.06913231201470887,2.562486659551761
08_002550_002570_s5,mapper,11242,21008,101784,1122701,1256735,113026,32250,0.08387424086425832,0.3485891472868217,0.09946384017836604,0.018368308721886425,0.0899362236270972,0.28533257834480563
08_002550_002570_s5,dilation,30862,103481,82164,1040228,1256735,113026,134343,0.14254504473296475,0.22972540437536754,0.27305221807371755,0.09047843463678261,0.0899362236270972,1.1886026224054642
08_002550_002570_s5,seed0,25413,271269,87613,872440,1256735,113026,296682,0.06612888536150613,0.08565737051792828,0.22484207173570683,0.23718358428586292,0.0899362236270972,2.624900465379647
08_002550_002570_s5,seed1,25401,194545,87625,949164,1256735,113026,219946,0.08258580945537779,0.11548743782564812,0.22473590147399714,0.17010008664791482,0.0899362236270972,1.9459770318333836
08_002550_002570_s5,seed2,29177,186945,83849,956764,1256735,113026,216122,0.09726606905334183,0.13500245231859784,0.25814414382531453,0.16345503969978378,0.0899362236270972,1.9121441084352273
08_002575_002595_s5,mapper,12650,17794,87569,1111991,1230004,100219,30444,0.10719158058857922,0.4155170148469321,0.1262235703808659,0.01574989931712671,0.08147859681757133,0.30377473333399857
08_002575_002595_s5,dilation,31404,80982,68815,1048803,1230004,100219,112386,0.1733103018195264,0.27942982221984947,0.31335375527594567,0.0716791247892298,0.08147859681757133,1.1214041249663238
08_002575_002595_s5,seed0,33109,278350,67110,851435,1230004,100219,311459,0.08745829690228202,0.10630291627469426,0.330366497370758,0.2463743101563572,0.08147859681757133,3.1077839531426177
08_002575_002595_s5,seed1,33169,221766,67050,908019,1230004,100219,254935,0.10301411556438965,0.13010767450526606,0.3309651862421297,0.19629044464212217,0.08147859681757133,2.5437791237190552
08_002575_002595_s5,seed2,36153,162039,64066,967746,1230004,100219,198192,0.13785280143980355,0.18241402276580285,0.3607399794450154,0.143424633890519,0.08147859681757133,1.9775890799149862
08_002600_002620_s5,mapper,9676,36547,59644,1414197,1520064,69320,46223,0.09139769711052546,0.20933301603098026,0.13958453548759378,0.025191901534660836,0.04560334301713612,0.6668061165608771
08_002600_002620_s5,dilation,22304,125267,47016,1325477,1520064,69320,147571,0.11462225122952716,0.15114080679808364,0.32175418349682633,0.08634672967801349,0.04560334301713612,2.1288372763993078
08_002600_002620_s5,seed0,36997,366400,32323,1084344,1520064,69320,403397,0.08491003396676765,0.09171362206461625,0.5337132140796307,0.25256006573179,0.04560334301713612,5.819345066358915
08_002600_002620_s5,seed1,39105,298873,30215,1151871,1520064,69320,337978,0.10620788553829105,0.11570279722348792,0.5641229082515868,0.20601360405419564,0.04560334301713612,4.875620311598384
08_002600_002620_s5,seed2,38312,335106,31008,1115638,1520064,69320,373418,0.09473179271362375,0.10259816077425297,0.5526832083092903,0.2309890649211715,0.04560334301713612,5.3868724754760535
08_002625_002645_s5,mapper,11081,25754,139395,1359055,1535285,150476,36835,0.06287805708449186,0.3008280168318176,0.07363965017677238,0.018597510559217913,0.09801176980169805,0.24478986682261622
08_002625_002645_s5,dilation,28796,95783,121680,1289026,1535285,150476,124579,0.11693379734344735,0.23114650141677168,0.19136606502033546,0.06916693926743687,0.09801176980169805,0.8278994656955262
08_002625_002645_s5,seed0,57096,195944,93380,1188865,1535285,150476,253040,0.16481727382945557,0.225640214985773,0.3794359233366118,0.1414953253481166,0.09801176980169805,1.681597065312741
08_002625_002645_s5,seed1,60840,222902,89636,1161907,1535285,150476,283742,0.1629447905339897,0.21442014224189582,0.40431696748983226,0.16096226988703857,0.09801176980169805,1.8856296020627874
08_002625_002645_s5,seed2,59745,163531,90731,1221278,1535285,150476,223276,0.19026645902798345,0.26758361848116236,0.39704005954437915,0.11808920941443911,0.09801176980169805,1.4837980807570643
08_002650_002670_s5,mapper,6978,29384,133499,1591749,1761610,140477,36362,0.0410806482947822,0.19190363566360485,0.049673612050371234,0.01812559487716307,0.07974353006624622,0.2588466439345943
08_002650_002670_s5,dilation,26924,128382,113553,1492751,1761610,140477,155306,0.10014170996693435,0.1733609776827682,0.19166126839269063,0.07919276209909983,0.07974353006624622,1.105561764559323
08_002650_002670_s5,seed0,72321,305702,68156,1315431,1761610,140477,378023,0.16208965460050787,0.19131375604129908,0.5148244908419172,0.18857305353724832,0.07974353006624622,2.6909956790079517
08_002650_002670_s5,seed1,73724,287176,66753,1333957,1761610,140477,360900,0.1723921029432741,0.20427819340537545,0.524811890914527,0.1771452434809482,0.07974353006624622,2.569103839062622
08_002650_002670_s5,seed2,72290,282498,68187,1338635,1761610,140477,354788,0.17090844612565753,0.20375548214708503,0.5146038141475117,0.17425960732401352,0.07974353006624622,2.5255949372495143
08_002675_002695_s5,mapper,7191,20802,116025,1568903,1712921,123216,27993,0.049931258592675914,0.25688564998392455,0.05836092715231788,0.013085446670923222,0.07193326487327786,0.22718640436306972
08_002675_002695_s5,dilation,27361,122245,95855,1467460,1712921,123216,149606,0.11146780955019331,0.1828870499846263,0.22205720036358914,0.07689791502196948,0.07193326487327786,1.2141767302947668
08_002675_002695_s5,seed0,41242,313900,81974,1275805,1712921,123216,355142,0.09435024112592538,0.11612819660868047,0.3347130242825607,0.19745801894062107,0.07193326487327786,2.8822717828853395
08_002675_002695_s5,seed1,42087,295810,81129,1293895,1712921,123216,337897,0.1004400681580618,0.12455570780444929,0.34157089988313205,0.18607854916478214,0.07193326487327786,2.7423143098298923
08_002675_002695_s5,seed2,42263,253473,80953,1336232,1712921,123216,295736,0.11219600253790261,0.1429078637703898,0.34299928580703803,0.1594465639851419,0.07193326487327786,2.4001428385923904
08_002700_002720_s5,mapper,9577,19567,105010,1546603,1680757,114587,29144,0.07138810620630022,0.3286096623661817,0.08357841639976611,0.01249353518455851,0.06817582791563563,0.25433949749971635
08_002700_002720_s5,dilation,28262,100219,86325,1465951,1680757,114587,128481,0.13156988166066125,0.2199702679773663,0.24664228926492535,0.06398986061538658,0.06817582791563563,1.1212528471816174
08_002700_002720_s5,seed0,42196,242642,72391,1323528,1680757,114587,284838,0.11812030938137721,0.14814034644253926,0.3682442161850821,0.1549269874917793,0.06817582791563563,2.485779364151256
08_002700_002720_s5,seed1,43926,251611,70661,1314559,1680757,114587,295537,0.11995150164665017,0.14863113586454488,0.3833419148769058,0.16065369659743195,0.06817582791563563,2.579149467217049
08_002700_002720_s5,seed2,44595,241840,69992,1324330,1680757,114587,286435,0.125116784082014,0.15568977254874578,0.38918027350397516,0.15441491025878418,0.06817582791563563,2.4997163727124367
08_002725_002745_s5,mapper,10203,22250,108724,1619791,1760968,118927,32453,0.07227097898382881,0.314393122361569,0.08579212458062509,0.013550209769427194,0.06753501483275108,0.2728816837219471
08_002725_002745_s5,dilation,33750,131387,85177,1510654,1760968,118927,165137,0.13483065270020853,0.20437576073199828,0.28378753352897157,0.0800144454371115,0.06753501483275108,1.388557686648112
08_002725_002745_s5,seed0,45431,312420,73496,1329621,1760968,118927,357851,0.10532355620880637,0.12695507348030324,0.3820074499482876,0.19026321510851435,0.06753501483275108,3.0089971158778073
08_002725_002745_s5,seed1,45662,296061,73265,1345980,1760968,118927,341723,0.11003209731365726,0.13362284657456477,0.38394981795555255,0.18030061368747796,0.06753501483275108,2.8733845131887628
08_002725_002745_s5,seed2,45555,258670,73372,1383371,1760968,118927,304225,0.12064449664589497,0.14974114553373324,0.3830501063677718,0.15752956229472956,0.06753501483275108,2.5580818485289294
08_002750_002770_s5,mapper,10793,32183,115970,1438919,1597865,126763,42976,0.0679035647326765,0.2511401712583768,0.08514314113739814,0.021876797122157402,0.07933273461775557,0.3390263720486262
08_002750_002770_s5,dilation,34450,153071,92313,1318031,1597865,126763,187521,0.12310870015795078,0.18371275750449284,0.27176699825658907,0.10405192841828778,0.07933273461775557,1.4793038978250752
08_002750_002770_s5,seed0,45549,296854,81214,1174248,1597865,126763,342403,0.10752401343666566,0.13302745595102847,0.3593240929924347,0.2017902225678437,0.07933273461775557,2.7011273005530003
08_002750_002770_s5,seed1,47078,253120,79685,1217982,1597865,126763,300198,0.1239276303493444,0.15682316337883664,0.37138597224742237,0.17206148859834328,0.07933273461775557,2.368183144923992
08_002750_002770_s5,seed2,48110,242183,78653,1228919,1597865,126763,290293,0.13039848649937932,0.16572910817691092,0.3795271490892453,0.16462692593715458,0.07933273461775557,2.2900452024644413
08_002775_002795_s5,mapper,10501,37090,111084,1487298,1645973,121585,47591,0.06617929730581378,0.22065096341745288,0.08636756178804951,0.0243310758153436,0.07386816187142803,0.3914216391824649
08_002775_002795_s5,dilation,38624,190305,82961,1334083,1645973,121585,228929,0.12383853281605695,0.16871606480611892,0.3176707653082206,0.12484026376486826,0.07386816187142803,1.8828720648106263
08_002775_002795_s5,seed0,49155,310504,72430,1213884,1645973,121585,359659,0.11376128529076186,0.13667112459301728,0.4042850680593823,0.20369092383303988,0.07386816187142803,2.958086935066003
08_002775_002795_s5,seed1,48311,267501,73274,1256887,1645973,121585,315812,0.1241653516189223,0.15297392119362152,0.39734342229715836,0.17548091430790586,0.07386816187142803,2.597458568079944
08_002775_002795_s5,seed2,48565,262744,73020,1261644,1645973,121585,311309,0.12636308995678183,0.1560025569450289,0.39943249578484186,0.17236031771438767,0.07386816187142803,2.560422749516799
08_002800_002820_s5,mapper,8858,28721,112463,1432376,1582418,121321,37579,0.05903680302848536,0.23571675669922032,0.07301291614807,0.01965714801960445,0.07666811171258163,0.30974851839335316
08_002800_002820_s5,dilation,33055,148574,88266,1312523,1582418,121321,181629,0.12247355453046554,0.18199186253296554,0.2724590136909521,0.10168660944482126,0.07666811171258163,1.4970944848789576
08_002800_002820_s5,seed0,47954,272945,73367,1188152,1582418,121321,320899,0.1216285451953757,0.1494364270377907,0.3952654528070161,0.1868082680342236,0.07666811171258163,2.6450408420636164
08_002800_002820_s5,seed1,48732,239837,72589,1221260,1582418,121321,288569,0.13493263336268338,0.16887468854935908,0.4016781925635298,0.16414858151101536,0.07666811171258163,2.3785577105365108
08_002800_002820_s5,seed2,48800,232780,72521,1228317,1582418,121321,281580,0.1378137875916758,0.17330776333546416,0.40223868909751814,0.15931864893295927,0.07666811171258163,2.320950206477032
08_002825_002845_s5,mapper,15079,23570,98673,1476584,1613906,113752,38649,0.1098076054820058,0.39015239721596934,0.1325603066319713,0.015711720263386294,0.07048241967004273,0.3397654546733244
08_002825_002845_s5,dilation,40324,116142,73428,1384012,1613906,113752,156466,0.17540257683976093,0.2577173315608503,0.35449047049722204,0.07742005154137509,0.07048241967004273,1.3755010900907236
08_002825_002845_s5,seed0,60424,285308,53328,1214846,1613906,113752,345732,0.15141582719390567,0.1747712100702278,0.5311906603839932,0.19018580759042072,0.07048241967004273,3.039348758703144
08_002825_002845_s5,seed1,61255,258188,52497,1241966,1613906,113752,319443,0.16469054148518578,0.19175564967772027,0.5384960264434911,0.17210766361320237,0.07048241967004273,2.808240734228849
08_002825_002845_s5,seed2,61785,256456,51967,1243698,1613906,113752,318241,0.16689266574466247,0.1941453175423657,0.543155285181799,0.17095311548014405,0.07048241967004273,2.7976738870525355
08_002850_002870_s5,mapper,15399,20530,98319,1652345,1786593,113718,35929,0.11470561945056909,0.42859528514570405,0.13541391864084842,0.01227228573563476,0.06365075873464186,0.31594822279674284
08_002850_002870_s5,dilation,38319,113181,75399,1559694,1786593,113718,151500,0.1688813084235717,0.25293069306930693,0.3369651242547354,0.06765657924232235,0.06365075873464186,1.332242916688651
08_002850_002870_s5,seed0,42119,213102,71599,1459773,1786593,113718,255221,0.12887522183464903,0.16502952343263289,0.3703811182046818,0.1273866845998655,0.06365075873464186,2.2443324715524366
08_002850_002870_s5,seed1,47373,226029,66345,1446846,1786593,113718,273402,0.13943610981112417,0.1732723242697566,0.4165831266817918,0.1351140999775835,0.06365075873464186,2.404210415237693
08_002850_002870_s5,seed2,47797,166116,65921,1506759,1786593,113718,213913,0.1708048342946175,0.22344130557750114,0.42031164811199634,0.09929970858551894,0.06365075873464186,1.881083029951283
08_002875_002895_s5,mapper,10977,23784,94967,1690057,1819785,105944,34761,0.08461550320670942,0.3157849313886252,0.10361134184097259,0.013877600080754282,0.05821786639630506,0.3281073019708525
08_002875_002895_s5,dilation,31970,120281,73974,1593560,1819785,105944,152251,0.14131948281578074,0.20998220044531726,0.30176319565053233,0.07018212307909544,0.05821786639630506,1.4370894057237786
08_002875_002895_s5,seed0,56994,207158,48950,1506683,1819785,105944,264152,0.18203013714380617,0.2157621369514522,0.5379634523899418,0.12087352327316245,0.05821786639630506,2.493317224193914
08_002875_002895_s5,seed1,60136,222581,45808,1491260,1819785,105944,282717,0.18304847424092535,0.2127074070536968,0.5676206297666692,0.12987260778566972,0.05821786639630506,2.6685513101261042
08_002875_002895_s5,seed2,63350,160921,42594,1552920,1819785,105944,224271,0.23738594420399828,0.28247076082061434,0.5979574114626596,0.09389494124600824,0.05821786639630506,2.1168825039643586
08_002900_002920_s5,mapper,7199,21804,95576,1612793,1737372,102775,29003,0.05778662535419292,0.24821570182394925,0.0700462174653369,0.013339067672337585,0.05915543706241381,0.28219897835076624
08_002900_002920_s5,dilation,25689,104187,77086,1530410,1737372,102775,129876,0.12412423536687894,0.19779635960454586,0.2499537825346631,0.06373864628406879,0.05915543706241381,1.2636925322306007
08_002900_002920_s5,seed0,45923,228973,56852,1405624,1737372,102775,274896,0.13842736052666482,0.16705590477853444,0.44683045487715883,0.14007917547872656,0.05915543706241381,2.6747360739479444
08_002900_002920_s5,seed1,48488,234124,54287,1400473,1737372,102775,282612,0.14392444026251192,0.17157091701697028,0.4717878861590854,0.14323041092085695,0.05915543706241381,2.749812697640477
08_002900_002920_s5,seed2,49426,174664,53349,1459933,1737372,102775,224090,0.17815087280447234,0.2205631665848543,0.4809146193140355,0.10685447238677179,0.05915543706241381,2.1803940647044513
08_002925_002945_s5,mapper,9215,37562,95677,1711894,1854348,104892,46777,0.06468754826119309,0.19699852491609124,0.08785226709377264,0.02147067431247199,0.05656543431977169,0.445953933569767
08_002925_002945_s5,dilation,42552,193590,62340,1555866,1854348,104892,236142,0.1425613604840493,0.18019666133089413,0.40567440796247567,0.11065725574121327,0.05656543431977169,2.2512870380963275
08_002925_002945_s5,seed0,65526,260978,39366,1488478,1854348,104892,326504,0.1790964003607839,0.20068973121309386,0.6246996911108569,0.14917665834407953,0.05656543431977169,3.112763604469359
08_002925_002945_s5,seed1,68664,324390,36228,1425066,1854348,104892,393054,0.15995080157099528,0.17469355355752644,0.6546161766388285,0.18542335445990069,0.05656543431977169,3.7472257178812494
08_002925_002945_s5,seed2,71401,182129,33491,1567327,1854348,104892,253530,0.24876576975203904,0.28162742081804915,0.6807096823399306,0.10410607640317905,0.05656543431977169,2.4170575449033294
08_002950_002970_s5,mapper,9671,33927,122696,1530178,1696472,132367,43598,0.058156036898505056,0.22182210193128124,0.0730620169679754,0.02169099900582122,0.07802486572133227,0.3293721244721116
08_002950_002970_s5,dilation,43390,192551,88977,1371554,1696472,132367,235941,0.1335413858265778,0.1839019076803099,0.3278007358329493,0.1231061853264327,0.07802486572133227,1.782475994772111
08_002950_002970_s5,seed0,44402,190984,87965,1373121,1696472,132367,235386,0.13731827023884263,0.18863483809572362,0.3354461459427199,0.12210433442767589,0.07802486572133227,1.7782831068166538
08_002950_002970_s5,seed1,50891,232230,81476,1331875,1696472,132367,283121,0.139581510544519,0.17975000088301468,0.3844689386327408,0.14847468680171727,0.07802486572133227,2.138909244751335
08_002950_002970_s5,seed2,54744,184844,77623,1379261,1696472,132367,239588,0.17257913502369085,0.22849224502061874,0.41357740222260836,0.11817876677077306,0.07802486572133227,1.8100281792289619
08_002975_002995_s5,mapper,11524,16592,135243,1502274,1665633,146767,28116,0.07054401655250093,0.4098733817043676,0.07851901312965448,0.010923939307351669,0.08811484882924389,0.19156894942323546
08_002975_002995_s5,dilation,38282,98609,108485,1420257,1665633,146767,136891,0.1560136280646844,0.27965315469972457,0.2608352013736058,0.06492277791457575,0.08811484882924389,0.9327096690672971
08_002975_002995_s5,seed0,42032,157891,104735,1360975,1665633,146767,199923,0.13796453728443042,0.21024094276296373,0.2863859041882712,0.10395321246245555,0.08811484882924389,1.3621795090176947
08_002975_002995_s5,seed1,47471,249074,99296,1269792,1665633,146767,296545,0.11992441409555857,0.16008025763374867,0.32344464355066194,0.1639868164801898,0.08811484882924389,2.0205155109799886
08_002975_002995_s5,seed2,47491,162601,99276,1356265,1665633,146767,210092,0.15350973597786455,0.22604858823753404,0.32358091396567346,0.10705421018048991,0.08811484882924389,1.4314662015303168
08_003000_003020_s5,mapper,5352,5890,152534,1564488,1728264,157886,11242,0.03267878077373974,0.4760718733321473,0.03389787568245443,0.0037506893244811123,0.09135525590997672,0.07120327324778637
08_003000_003020_s5,dilation,27450,46686,130436,1523692,1728264,157886,74136,0.13418258608216177,0.3702654580770476,0.17385962023231952,0.029729148014045026,0.09135525590997672,0.46955398198700327
08_003000_003020_s5,seed0,49067,196815,108819,1373563,1728264,157886,245882,0.1383334132128187,0.19955507113168106,0.3107748628757458,0.12532969769061972,0.09135525590997672,1.557338839415781
08_003000_003020_s5,seed1,55941,326315,101945,1244063,1728264,157886,382256,0.11553259906526422,0.1463443346867021,0.35431260529749314,0.20779391968048458,0.09135525590997672,2.4210886335710575
08_003000_003020_s5,seed2,56773,167118,101113,1403260,1728264,157886,223891,0.1746840038891829,0.25357428391494075,0.3595822302167387,0.10641896409654236,0.09135525590997672,1.4180547990322132
08_003025_003045_s5,mapper,11232,31219,143926,1448708,1635085,155158,42451,0.060264946855030394,0.264587406657087,0.07239072429394552,0.02109495941353864,0.09489292605583197,0.27359852537413476
08_003025_003045_s5,dilation,41759,138712,113399,1341215,1635085,155158,180471,0.14210024840916052,0.2313889766222828,0.26913855553693655,0.0937289474413265,0.09489292605583197,1.1631433764291883
08_003025_003045_s5,seed0,46855,196822,108303,1283105,1635085,155158,243677,0.13311835899767033,0.19228322738707387,0.30198249526289334,0.13299439769664315,0.09489292605583197,1.5705087717036827
08_003025_003045_s5,seed1,50535,253277,104623,1226650,1635085,155158,303812,0.12372837783245805,0.16633641857464485,0.3257002539346988,0.17114154954940344,0.09489292605583197,1.9580814395648307
08_003025_003045_s5,seed2,53884,207741,101274,1272186,1635085,155158,261625,0.14848208454694006,0.20595891065456282,0.3472847033346653,0.14037246431749675,0.09489292605583197,1.6861844055736732
08_003050_003070_s5,mapper,10319,21129,148681,1177524,1357653,159000,31448,0.05728672229346746,0.3281289748155686,0.0648993710691824,0.017627286629241325,0.11711387224865263,0.1977861635220126
08_003050_003070_s5,dilation,38110,104963,120890,1093690,1357653,159000,143073,0.1443762951625796,0.2663675186792756,0.23968553459119496,0.08756746114179834,0.11711387224865263,0.8998301886792452
08_003050_003070_s5,seed0,32187,171372,126813,1027281,1357653,159000,203559,0.09742653735788748,0.1581212326647311,0.20243396226415095,0.14297048436870388,0.11711387224865263,1.280245283018868
08_003050_003070_s5,seed1,36288,225204,122712,973449,1357653,159000,261492,0.09444982353124902,0.13877288788949566,0.22822641509433964,0.1878808963061036,0.11711387224865263,1.6446037735849057
08_003050_003070_s5,seed2,36718,169628,122282,1029025,1357653,159000,206346,0.11173119758511144,0.17794384189662024,0.2309308176100629,0.14151551783543695,0.11711387224865263,1.2977735849056604
08_003075_003095_s5,mapper,13436,26146,140218,1142553,1322353,153654,39582,0.07472747497219133,0.33944722348542267,0.0874432165775053,0.022371885318632087,0.11619741475990147,0.257604748330665
08_003075_003095_s5,dilation,44910,116605,108744,1052094,1322353,153654,161515,0.1661739294528582,0.27805466984490607,0.2922800577921824,0.09977333770286446,0.11619741475990147,1.0511603993387741
08_003075_003095_s5,seed0,48978,155756,104676,1012943,1322353,153654,204734,0.15829481917197247,0.23922748542010608,0.318755125151314,0.13327298132367701,0.11619741475990147,1.3324352115792626
08_003075_003095_s5,seed1,56558,211640,97096,957059,1322353,153654,268198,0.15482871331037465,0.21088151291210225,0.368086740338683,0.18109025506139734,0.11619741475990147,1.7454670883934034
08_003075_003095_s5,seed2,56346,166820,97308,1001879,1322353,153654,223166,0.17582081541716332,0.252484697489761,0.3667070170643133,0.14273991849056086,0.11619741475990147,1.452393038905593
08_003100_003120_s5,mapper,10400,7910,136045,1211193,1365548,146445,18310,0.06737715007612322,0.56799563080284,0.07101642254771416,0.006488377110055508,0.10724266008957575,0.1250298746969852
08_003100_003120_s5,dilation,33232,51161,113213,1167942,1365548,146445,84393,0.16817303118326365,0.3937767350372661,0.22692478404861893,0.041966101305632095,0.10724266008957575,0.5762777834681962
08_003100_003120_s5,seed0,38082,162584,108363,1056519,1365548,146445,200666,0.12323115306330473,0.1897780391296981,0.2600430195636587,0.1333636288320183,0.10724266008957575,1.3702482160538085
08_003100_003120_s5,seed1,42178,223775,104267,995328,1365548,146445,265953,0.11392685430284695,0.1585919316570973,0.2880125644439892,0.183557090746229,0.10724266008957575,1.8160606370992523
08_003100_003120_s5,seed2,40926,163407,105519,1055696,1365548,146445,204333,0.13208241353936717,0.20029070194241752,0.27946327972959134,0.13403871535054873,0.10724266008957575,1.3952883335040458
08_003125_003145_s5,mapper,14009,17341,119393,1319942,1470685,133402,31350,0.09293300518100343,0.4468580542264753,0.10501341808968381,0.012967337504477362,0.09070739145364234,0.23500397295392872
08_003125_003145_s5,dilation,36899,83672,96503,1253611,1470685,133402,120571,0.16998350792817196,0.30603544799329857,0.2766000509737485,0.06256865599876765,0.09070739145364234,0.9038170342273729
08_003125_003145_s5,seed0,45887,187463,87515,1149820,1470685,133402,233350,0.14301030028205008,0.1966445253910435,0.34397535269336293,0.14018199588269648,0.09070739145364234,1.749224149562975
08_003125_003145_s5,seed1,51338,246753,82064,1090530,1470685,133402,298091,0.13504491588957135,0.17222257632736312,0.38483680904334266,0.1845181610773486,0.09070739145364234,2.2345317161661744
08_003125_003145_s5,seed2,48058,193069,85344,1144214,1470685,133402,241127,0.14720449902135258,0.1993057600351682,0.3602494715221661,0.14437407788777692,0.09070739145364234,1.8075216263624234
08_003150_003170_s5,mapper,12014,11625,122539,1301276,1447454,134553,23639,0.08218747007073568,0.5082279284233682,0.08928823586244826,0.008854437615631339,0.09295839453274508,0.17568541764211873
08_003150_003170_s5,dilation,38329,71480,96224,1241421,1447454,134553,109809,0.1860333053442895,0.34905153493793767,0.28486172734907433,0.054444318345404565,0.09295839453274508,0.8161022050790395
08_003150_003170_s5,seed0,31508,173196,103045,1139705,1447454,134553,204704,0.10238213609142516,0.15391980615913708,0.23416794868936405,0.13191855288403315,0.09295839453274508,1.521363328948444
08_003150_003170_s5,seed1,36889,204613,97664,1108288,1447454,134553,241502,0.108763850150074,0.15274821740606703,0.27415962483185063,0.1558480037718,0.09295839453274508,1.7948466403573313
08_003150_003170_s5,seed2,36075,144496,98478,1168405,1447454,134553,180571,0.12927837046540214,0.19978291087716188,0.26810996410336446,0.11005856496415191,0.09295839453274508,1.3420064955816666
08_003175_003195_s5,mapper,15421,28301,135729,1246807,1426258,151150,43722,0.08593432190402951,0.3527057316682677,0.10202447899437644,0.022194982699504668,0.10597661853605729,0.28926232219649356
08_003175_003195_s5,dilation,38610,119909,112540,1155199,1426258,151150,158519,0.14244131351476985,0.24356701720298513,0.25544161429043993,0.09403830891187256,0.10597661853605729,1.0487528944756863
08_003175_003195_s5,seed0,40067,182470,111083,1092638,1426258,151150,222537,0.12009771596427073,0.1800464641834841,0.26508104531921933,0.143101603942568,0.10597661853605729,1.4722924247436322
08_003175_003195_s5,seed1,50183,245910,100967,1029198,1426258,151150,296093,0.1263864403364731,0.1694839121492234,0.3320079391333113,0.19285425234568365,0.10597661853605729,1.9589348329474032
08_003175_003195_s5,seed2,46410,191809,104740,1083299,1426258,151150,238219,0.13532229800063564,0.19482073218341106,0.30704598081376117,0.15042568943179715,0.10597661853605729,1.576043665233212
08_003200_003220_s5,mapper,13639,14932,129880,1190386,1348837,143519,28571,0.08607708376722141,0.4773721605824087,0.09503271343863878,0.012388431932485866,0.10640203375203972,0.1990746869752437
08_003200_003220_s5,dilation,41503,73771,102016,1131547,1348837,143519,115274,0.19100280730820562,0.3600378229262453,0.28918122339202473,0.061204594969958136,0.10640203375203972,0.8031967892752876
08_003200_003220_s5,seed0,35831,155045,107688,1050273,1348837,143519,190876,0.1200111198938921,0.18771872838911124,0.2496603237202043,0.12863410319932167,0.10640203375203972,1.3299702478417492
08_003200_003220_s5,seed1,42987,215804,100532,989514,1348837,143519,258791,0.11963331041987292,0.16610701299504232,0.29952131773493407,0.17904320685495445,0.10640203375203972,1.8031828538381678
08_003200_003220_s5,seed2,44198,163169,99321,1042149,1348837,143519,207367,0.14411388772954925,0.21313902404914958,0.3079592249109874,0.13537423318991337,0.10640203375203972,1.4448748946132568
08_003225_003245_s5,mapper,10408,11284,124776,1323721,1470189,135184,21692,0.07105989021492749,0.4798082242301309,0.07699135992425139,0.008452402799989513,0.09195008260842653,0.16046277665995975
08_003225_003245_s5,dilation,32830,61739,102354,1273266,1470189,135184,94569,0.16671490887301127,0.34715392993475663,0.24285418392709196,0.04624626874056652,0.09195008260842653,0.6995576399573914
08_003225_003245_s5,seed0,34131,185321,101053,1149684,1470189,135184,219452,0.10649131838816867,0.15552831598709513,0.2524781039176234,0.13881670855165337,0.09195008260842653,1.623357793821754
08_003225_003245_s5,seed1,39110,241092,96074,1093913,1470189,135184,280202,0.10393966131244087,0.13957787596091392,0.2893093857261214,0.1805925820502545,0.09195008260842653,2.072745295301219
08_003225_003245_s5,seed2,38569,186857,96615,1148148,1470189,135184,225426,0.1197642536198807,0.17109384010717485,0.2853074328322878,0.1399672660402021,0.09195008260842653,1.6675494141318499
08_003250_003270_s5,mapper,9403,8993,117307,1257891,1393594,126710,18396,0.06929102525367899,0.5111437268971516,0.07420882329729303,0.007098518885706979,0.09092318135698059,0.1451819114513456
08_003250_003270_s5,dilation,29292,57489,97418,1209395,1393594,126710,86781,0.15902366462358644,0.33753932312372525,0.23117354589219477,0.04537826667634921,0.09092318135698059,0.6848788572330519
08_003250_003270_s5,seed0,20516,225436,106194,1041448,1393594,126710,245952,0.05825992628057681,0.08341465001301067,0.16191302975297925,0.17794525781365933,0.09092318135698059,1.9410622681714151
08_003250_003270_s5,seed1,26366,238342,100344,1028542,1393594,126710,264708,0.07222532680275687,0.09960409205615244,0.20808144582116644,0.1881324572731205,0.09092318135698059,2.0890853129192646
08_003250_003270_s5,seed2,27886,166177,98824,1100707,1393594,126710,194063,0.09521078094964952,0.143695604004885,0.22007734196196038,0.13116986243412973,0.09092318135698059,1.5315523636650619
08_003275_003295_s5,mapper,11031,17721,129874,1288056,1446682,140905,28752,0.06954093276007717,0.3836602671118531,0.07828678897129271,0.0135712300032854,0.09739873724840704,0.20405237571413365
08_003275_003295_s5,dilation,35386,89385,105519,1216392,1446682,140905,124771,0.1536584306743671,0.2836075690665299,0.25113374259252685,0.0684534955049752,0.09739873724840704,0.8854973208899614
08_003275_003295_s5,seed0,27473,184133,113432,1121644,1446682,140905,211606,0.08452242507029947,0.12983091216695178,0.1949753379936837,0.14101412415749398,0.09739873724840704,1.5017635995883751
08_003275_003295_s5,seed1,34851,241736,106054,1064041,1446682,140905,276587,0.09108015084635468,0.12600375288787977,0.24733685816685,0.18512808848677836,0.09739873724840704,1.9629324722330648
08_003275_003295_s5,seed2,32591,179752,108314,1126025,1446682,140905,212343,0.10163819907252922,0.1534828084749674,0.2312976828359533,0.1376590336634816,0.09739873724840704,1.5069940740215038
08_003300_003320_s5,mapper,12528,15429,129960,1134762,1292679,142488,27957,0.07933281407321567,0.44811675072432666,0.08792319353208691,0.013414293799899321,0.11022690087794418,0.19620599629442478
08_003300_003320_s5,dilation,44664,84822,97824,1065369,1292679,142488,129486,0.19648937574237824,0.34493304295445065,0.31345797540845544,0.07374601261877375,0.11022690087794418,0.9087502105440458
08_003300_003320_s5,seed0,41498,146339,100990,1003852,1292679,142488,187837,0.14367770326181417,0.22092558974004056,0.29123856044017743,0.12723017307560222,0.11022690087794418,1.318265397787884
08_003300_003320_s5,seed1,47846,199506,94642,950685,1292679,142488,247352,0.13990303923460645,0.19343284064814514,0.33578968053450114,0.17345466970268417,0.11022690087794418,1.73594969400932
08_003300_003320_s5,seed2,49070,150836,93418,999355,1292679,142488,199906,0.167289413754074,0.24546536872329996,0.344379877603728,0.13113995849385016,0.11022690087794418,1.4029672674190108
08_003325_003345_s5,mapper,11871,8238,152068,1110912,1283089,163939,20109,0.0689464911108917,0.5903326868566313,0.0724110797308755,0.007360943573247554,0.12776900121503654,0.12266147774477092
08_003325_003345_s5,dilation,33550,54441,130389,1064709,1283089,163939,87991,0.15363128491620112,0.3812889954654453,0.20464929028480106,0.04864495375954966,0.12776900121503654,0.5367301252295061
08_003325_003345_s5,seed0,33726,119704,130213,999446,1283089,163939,153430,0.11890298720574807,0.21981359577657564,0.20572286033219672,0.10695974623598267,0.12776900121503654,0.9358968884768115
08_003325_003345_s5,seed1,36104,174695,127835,944455,1283089,163939,210799,0.10661658309561356,0.1712721597351031,0.22022825563166787,0.1560961443953,0.12776900121503654,1.2858380251190993
08_003325_003345_s5,seed2,35792,117773,128147,1001377,1283089,163939,153565,0.1270517407849151,0.2330739426301566,0.21832510872946645,0.10523432962516195,0.12776900121503654,0.9367203655018025
08_003350_003370_s5,mapper,10330,16576,145711,1024537,1197154,156041,26906,0.059843468488039994,0.3839292351148443,0.06620054985548669,0.015921422554516177,0.13034329752061974,0.17242904108535578
08_003350_003370_s5,dilation,38461,85426,117580,955687,1197154,156041,123887,0.15928056421788483,0.31045226698523654,0.24648009177075256,0.08205257258337952,0.13034329752061974,0.7939387725020988
08_003350_003370_s5,seed0,37708,163232,118333,877881,1197154,156041,200940,0.11810582166359197,0.1876580073653827,0.24165443697489764,0.15678605492391315,0.13034329752061974,1.2877384789894963
08_003350_003370_s5,seed1,44161,178430,111880,862683,1197154,156041,222591,0.13203237350921307,0.19839526306095034,0.28300895277523214,0.1713838939673215,0.13034329752061974,1.4264904736575643
08_003350_003370_s5,seed2,47369,138185,108672,902928,1197154,156041,185554,0.16099528933540883,0.2552841760350087,0.3035676520914375,0.13272814766504692,0.13034329752061974,1.1891361885658256
08_003375_003395_s5,mapper,17603,8035,101384,789739,916761,118987,25638,0.1385822928311631,0.6865980185661908,0.1479405313185474,0.01007177471313931,0.129790643362883,0.21546891677242053
08_003375_003395_s5,dilation,44648,48357,74339,749417,916761,118987,93005,0.26680370972368295,0.480060211816569,0.37523426928992243,0.0606149109898292,0.129790643362883,0.7816400110936489
08_003375_003395_s5,seed0,58725,117075,60262,680699,916761,118987,175800,0.2487693910921707,0.3340443686006826,0.49354131123568123,0.14675208768398068,0.129790643362883,1.477472328909881
08_003375_003395_s5,seed1,58561,145825,60426,651949,916761,118987,204386,0.2211417911575004,0.28652158171303316,0.49216300940438873,0.18278986279322215,0.129790643362883,1.71771706152773
08_003375_003395_s5,seed2,57812,98698,61175,699076,916761,118987,156510,0.2655764062751223,0.36938214810555237,0.48586820408952236,0.12371674183415353,0.129790643362883,1.315353778143831
08_003400_003420_s5,mapper,12086,26839,68050,1514732,1621707,80136,38925,0.11297966814676326,0.31049454078355815,0.15081860836577818,0.017410161452180925,0.04941459832139838,0.4857367475292004
08_003400_003420_s5,dilation,34937,104043,45199,1437528,1621707,80136,138980,0.18969046416801047,0.2513814937401065,0.4359713487071978,0.06749153947499012,0.04941459832139838,1.7343016871318757
08_003400_003420_s5,seed0,42056,168970,38080,1372601,1621707,80136,211026,0.16882772795516768,0.19929297811644062,0.5248078266946191,0.10960896384272927,0.04941459832139838,2.63334830787661
08_003400_003420_s5,seed1,42542,223396,37594,1318175,1621707,80136,265938,0.14015655680455438,0.15996961697839346,0.5308725167215733,0.14491450604610492,0.04941459832139838,3.3185834082060497
08_003400_003420_s5,seed2,44558,183086,35578,1358485,1621707,80136,227644,0.16927916359574807,0.19573544657447595,0.5560297494259758,0.11876585638935865,0.04941459832139838,2.8407207746830387
08_003425_003445_s5,mapper,8694,19682,98351,1247532,1374259,107045,28376,0.06860416485831748,0.3063856780377784,0.0812181792704003,0.015531709719116108,0.07789288627544007,0.26508477743005276
08_003425_003445_s5,dilation,29474,98694,77571,1168520,1374259,107045,128168,0.143259177890434,0.22996379751576057,0.27534214582652156,0.07788266228119323,0.07789288627544007,1.1973282264468215
08_003425_003445_s5,seed0,30311,220865,76734,1046349,1374259,107045,251176,0.09243694916288006,0.12067633850367869,0.28316128730907564,0.17429179286213695,0.07789288627544007,2.346452426549582
08_003425_003445_s5,seed1,32850,220014,74195,1047200,1374259,107045,252864,0.10044059328744967,0.1299117312072893,0.30688028399271333,0.1736202409379947,0.07789288627544007,2.362221495632678
08_003425_003445_s5,seed2,32126,176260,74919,1090954,1374259,107045,208386,0.11339722207514868,0.154165826878965,0.30011677331963194,0.1390925289651156,0.07789288627544007,1.9467139987855575
08_003450_003470_s5,mapper,9109,17519,97659,1329505,1453792,106768,26628,0.0732900464248071,0.34208352110560314,0.08531582496628204,0.013005707396453218,0.07344104245999428,0.24940056945901393
08_003450_003470_s5,dilation,29541,78529,77227,1268495,1453792,106768,108070,0.1594251391010108,0.27335060608864625,0.2766840251760827,0.058298144650726344,0.07344104245999428,1.0121946650681852
08_003450_003470_s5,seed0,39046,198025,67722,1148999,1453792,106768,237071,0.1281066166217728,0.16470171383256493,0.36570882661471604,0.1470092589293138,0.07344104245999428,2.220431215345422
08_003450_003470_s5,seed1,37921,232151,68847,1114873,1453792,106768,270072,0.1118880912548426,0.14041070529340324,0.3551719616364454,0.17234362565180725,0.07344104245999428,2.5295219541435636
08_003450_003470_s5,seed2,38679,233407,68089,1113617,1453792,106768,272086,0.11370324097890791,0.1421572591019016,0.3622714671062491,0.1732760515031655,0.07344104245999428,2.5483852839802186
08_003475_003495_s5,mapper,10498,20577,120570,1294789,1446434,131068,31075,0.06922747205644762,0.33782783588093324,0.08009582811975463,0.015643554721651617,0.0906145734959217,0.2370906704916532
08_003475_003495_s5,dilation,40616,105878,90452,1209488,1446434,131068,146494,0.17141458391363432,0.27725367591846767,0.3098849452192755,0.08049318592695873,0.0906145734959217,1.1176946317941832
08_003475_003495_s5,seed0,30614,296099,100454,1019267,1446434,131068,326713,0.07166752113342088,0.09370303599795539,0.2335734122745445,0.22510768865851785,0.0906145734959217,2.492698446607868
08_003475_003495_s5,seed1,35171,247654,95897,1067712,1446434,131068,282825,0.09286759153151916,0.12435605056130115,0.2683416241950743,0.18827763527413663,0.0906145734959217,2.1578493606372264
08_003475_003495_s5,seed2,32942,237232,98126,1078134,1446434,131068,270174,0.0894433885419495,0.12192883104961988,0.2513351847895749,0.1803543652489117,0.0906145734959217,2.0613269447920164
08_003500_003520_s5,mapper,7895,14289,110363,1182251,1314798,118258,22184,0.05956377737708134,0.35588712585647314,0.0667608111079166,0.011941932572249988,0.08994385449323775,0.18758984593008507
08_003500_003520_s5,dilation,28929,74435,89329,1122105,1314798,118258,103364,0.15012999953293582,0.2798750048372741,0.24462615636997073,0.06220853460812008,0.08994385449323775,0.8740550322176935
08_003500_003520_s5,seed0,30427,214166,87831,982374,1314798,118258,244593,0.09153069573797319,0.12439849055369533,0.2572933755010232,0.1789877480067528,0.08994385449323775,2.068299819039727
08_003500_003520_s5,seed1,29899,213360,88359,983180,1314798,118258,243259,0.09016096834309356,0.1229101492647754,0.2528285612812664,0.17831413910107477,0.08994385449323775,2.057019398264811
08_003500_003520_s5,seed2,31207,173075,87051,1023465,1314798,118258,204282,0.10711797153085988,0.15276431599455653,0.2638891237802094,0.14464622996306015,0.08994385449323775,1.727426474318862
08_003525_003545_s5,mapper,8772,10515,122799,1334687,1476773,131571,19287,0.06173725771715721,0.4548141235028776,0.06667122694210731,0.007816669912771464,0.08909358445746232,0.14659005403926398
08_003525_003545_s5,dilation,33370,64067,98201,1281135,1476773,131571,97437,0.17057013463642032,0.3424777035417757,0.253627319090073,0.047626304450930045,0.08909358445746232,0.740565930182183
08_003525_003545_s5,seed0,29234,198641,102337,1146561,1476773,131571,227875,0.08853100432449457,0.12828963247394404,0.2221918203859513,0.1476662984443972,0.08909358445746232,1.7319546100584475
08_003525_003545_s5,seed1,32908,202787,98663,1142415,1476773,131571,235695,0.09842145245515287,0.139621120515921,0.25011590700078284,0.15074836344281378,0.08909358445746232,1.7913901999680781
08_003525_003545_s5,seed2,32896,154597,98675,1190605,1476773,131571,187493,0.11495345391518269,0.17545188353698538,0.2500247014919701,0.11492474736136282,0.08909358445746232,1.425032871985468
08_003550_003570_s5,mapper,8510,16367,111613,1398064,1534554,120123,24877,0.06234889002857352,0.3420830485991076,0.07084405151386496,0.011571437560404149,0.0782787702485543,0.20709605987196458
08_003550_003570_s5,dilation,34640,99442,85483,1314989,1534554,120123,134082,0.15776649283811173,0.25834936829701227,0.2883710863032059,0.0703053029804918,0.0782787702485543,1.116205888963812
08_003550_003570_s5,seed0,32204,290414,87919,1124017,1534554,120123,322618,0.07844359948068018,0.09982084074664153,0.2680918724973569,0.20532214013974523,0.0782787702485543,2.685730459612231
08_003550_003570_s5,seed1,32822,284729,87301,1129702,1534554,120123,317551,0.08107160147411893,0.10335977528019122,0.27323659915253534,0.2013028560601401,0.0782787702485543,2.6435486959200154
08_003550_003570_s5,seed2,32596,243065,87527,1171366,1534554,120123,275661,0.08974966133242288,0.11824668705402651,0.2713551942592176,0.17184648809309186,0.0782787702485543,2.2948228066232113
08_003575_003595_s5,mapper,7845,20487,102755,1132434,1263521,110600,28332,0.059845751294941525,0.27689538331215585,0.07093128390596745,0.01776964770352869,0.08753317119383057,0.25616636528028935
08_003575_003595_s5,dilation,28961,97366,81639,1055555,1263521,110600,126327,0.1392583403056269,0.22925423701979783,0.2618535262206148,0.08445157994346533,0.08753317119383057,1.1421971066907777
08_003575_003595_s5,seed0,24155,258376,86445,894545,1263521,110600,282531,0.0654649624907853,0.0854950430218277,0.2183996383363472,0.22410555450026498,0.08753317119383057,2.5545298372513563
08_003575_003595_s5,seed1,27838,197377,82762,955544,1263521,110600,225215,0.09038986677576573,0.12360633172746043,0.2516998191681736,0.17119733268801593,0.08753317119383057,2.03630198915009
08_003575_003595_s5,seed2,26350,162760,84250,990161,1263521,110600,189110,0.09639303482587065,0.13933689387129183,0.23824593128390598,0.14117185826262163,0.08753317119383057,1.709855334538879
08_003600_003620_s5,mapper,8029,11796,90974,1334838,1445637,99003,19825,0.07246455292917806,0.4049936948297604,0.08109855256911407,0.008759618426387571,0.0684839970199988,0.2002464571780653
08_003600_003620_s5,dilation,25517,65409,73486,1281225,1445637,99003,90926,0.15520156679561103,0.2806348019268416,0.2577396644546125,0.04857221784092782,0.0684839970199988,0.9184166136379706
08_003600_003620_s5,seed0,27846,279019,71157,1067615,1445637,99003,306865,0.07366237943823375,0.09074348654945986,0.28126420411502684,0.20719735280707305,0.0684839970199988,3.099552538811955
08_003600_003620_s5,seed1,29659,238794,69344,1107840,1445637,99003,268453,0.08780125341551287,0.11048116430064107,0.29957678050160097,0.17732657871403812,0.0684839970199988,2.7115642960314332
08_003600_003620_s5,seed2,27725,226203,71278,1120431,1445637,99003,253928,0.08525365460661857,0.10918449324217888,0.2800420189287193,0.16797659943236246,0.0684839970199988,2.5648515701544397
08_003625_003645_s5,mapper,9561,15600,104849,1261082,1391092,114410,25161,0.073540496884855,0.37999284607130085,0.08356786994143868,0.012219174391116973,0.0822447401034583,0.2199195874486496
08_003625_003645_s5,dilation,32556,90088,81854,1186594,1391092,114410,122644,0.15919960097409266,0.26545122468282184,0.28455554584389475,0.07056416554788114,0.0822447401034583,1.0719692334586137
08_003625_003645_s5,seed0,20745,252887,93665,1023795,1391092,114410,273632,0.05648017816644296,0.07581350134487194,0.1813215628004545,0.1980814329645127,0.0822447401034583,2.3916790490341753
08_003625_003645_s5,seed1,26283,243923,88127,1032759,1391092,114410,270206,0.0733479752074188,0.09727023086089873,0.22972642251551437,0.19106010737207857,0.0822447401034583,2.361734114150861
08_003625_003645_s5,seed2,23433,164257,90977,1112425,1391092,114410,187690,0.08408961233299961,0.12484948585433428,0.20481601258631238,0.12865929025395517,0.0822447401034583,1.6405034524954112
08_003650_003670_s5,mapper,6823,19736,91650,1299504,1417713,98473,26559,0.057719801368762105,0.2568997326706578,0.06928802819046845,0.014960128558867226,0.06945905130304934,0.2697084480009749
08_003650_003670_s5,dilation,22912,87047,75561,1232193,1417713,98473,109959,0.1235015092712376,0.2083685737411217,0.23267291541843957,0.06598268700160699,0.06945905130304934,1.1166411097458186
08_003650_003670_s5,seed0,34896,204779,63577,1114461,1417713,98473,239675,0.11507261287641961,0.1455971628246584,0.3543712489717994,0.15522497801764654,0.06945905130304934,2.433915895727763
08_003650_003670_s5,seed1,37852,200311,60621,1118929,1417713,98473,238163,0.1266868373139124,0.1589331676204952,0.38438962964467416,0.1518381795579273,0.06945905130304934,2.41856143308318
08_003650_003670_s5,seed2,37016,152333,61457,1166907,1417713,98473,189349,0.14758817572147398,0.19549086607270172,0.3758999928914525,0.11547027076195385,0.06945905130304934,1.922851949265281
08_003675_003695_s5,mapper,9438,22619,105112,1331493,1468662,114550,32057,0.06880563392603285,0.2944130767071155,0.08239196857267568,0.016703935863503168,0.07799616249348046,0.2798515931907464
08_003675_003695_s5,dilation,29728,104413,84822,1249699,1468662,114550,134141,0.13576723007996785,0.2216175516806942,0.25951986032300306,0.07710809740996313,0.07799616249348046,1.1710257529463117
08_003675_003695_s5,seed0,39485,189655,75065,1164457,1468662,114550,229140,0.1297973406091287,0.17231823339443136,0.344696639022261,0.1400585771339446,0.07799616249348046,2.0003491924923615
08_003675_003695_s5,seed1,43318,194755,71232,1159357,1468662,114550,238073,0.14004946573770227,0.18195259437231437,0.37815800960279355,0.14382488302297003,0.07799616249348046,2.078332605848974
08_003675_003695_s5,seed2,41629,146085,72921,1208027,1468662,114550,187714,0.15972144953670842,0.22176822186943967,0.3634133566128328,0.10788250898005483,0.07799616249348046,1.6387079877782629
08_003700_003720_s5,mapper,8094,21083,84375,1271186,1384738,92469,29177,0.07128011835987037,0.277410288926209,0.08753203776400739,0.016314714660802046,0.06677725316991373,0.31553277314559475
08_003700_003720_s5,dilation,23424,99180,69045,1193089,1384738,92469,122604,0.12222343972574863,0.19105412547714593,0.2533173279693735,0.07674872646484594,0.06677725316991373,1.3258930019790416
08_003700_003720_s5,seed0,31136,199492,61333,1092777,1384738,92469,230628,0.10664438058507815,0.13500528990408797,0.33671825152213175,0.15437343153786093,0.06677725316991373,2.4941115400837037
08_003700_003720_s5,seed1,31329,249702,61140,1042567,1384738,92469,281031,0.09155948341618664,0.11147880482936046,0.3388054374979723,0.19322757103977578,0.06677725316991373,3.0391915128313274
08_003700_003720_s5,seed2,31118,164551,61351,1127718,1384738,92469,195669,0.1210722900941561,0.15903387864199234,0.3365235916901881,0.12733494342122267,0.06677725316991373,2.1160497031437564
08_003725_003745_s5,mapper,5281,53871,52626,1744966,1856744,57907,59152,0.04724543291166419,0.08927846902894239,0.09119795534218661,0.029947682863983784,0.031187390399538117,1.0214999913654652
08_003725_003745_s5,dilation,19516,204888,38391,1593949,1856744,57907,224404,0.07426320896516296,0.08696814673535232,0.33702315782202497,0.1139002588894936,0.031187390399538117,3.8752482428721917
08_003725_003745_s5,seed0,26760,343955,31147,1454882,1856744,57907,370715,0.06659002344088269,0.07218483201381115,0.4621202963372304,0.19120965379297847,0.031187390399538117,6.401903051444558
08_003725_003745_s5,seed1,27845,350508,30062,1448329,1856744,57907,378353,0.06817820109447498,0.07359529328431386,0.4808572366035194,0.1948525630726964,0.031187390399538117,6.533804203291485
08_003725_003745_s5,seed2,27949,354597,29958,1444240,1856744,57907,382546,0.0677544945018715,0.07306049468560644,0.48265321981798404,0.19712569843737926,0.031187390399538117,6.606213411159272
08_003750_003770_s5,mapper,9273,31630,84372,1484252,1609527,93645,40903,0.07402115346238276,0.2267070874996944,0.09902290565433285,0.020865740209330276,0.058181689403160056,0.4367878690800363
08_003750_003770_s5,dilation,28510,123314,65135,1392568,1609527,93645,151824,0.13140731658977042,0.18778322267889136,0.30444764803246305,0.08134802049236023,0.058181689403160056,1.6212718244433766
08_003750_003770_s5,seed0,42088,271167,51557,1244715,1609527,93645,313255,0.11536901198425491,0.13435699350369507,0.4494420417534305,0.17888397645727042,0.058181689403160056,3.3451332158684393
08_003750_003770_s5,seed1,44700,271664,48945,1244218,1609527,93645,316364,0.12236216463322831,0.14129294104259651,0.4773346147685408,0.17921183838847615,0.058181689403160056,3.378333066367665
08_003750_003770_s5,seed2,44208,268274,49437,1247608,1609527,93645,312482,0.122148878616486,0.14147374888793596,0.47208073041806825,0.1769755165639542,0.058181689403160056,3.3368786374072292
08_003775_003795_s5,mapper,5388,25320,93192,1458043,1581943,98580,30708,0.04348668280871671,0.1754591637358343,0.05465611685940353,0.017069321534917616,0.06231577243933568,0.311503347534997
08_003775_003795_s5,dilation,21531,123497,77049,1359866,1581943,98580,145028,0.09695285869315598,0.14846098684391978,0.21841144248326233,0.08325473939959403,0.06231577243933568,1.4711706228443904
08_003775_003795_s5,seed0,50774,287454,47806,1195909,1581943,98580,338228,0.13152727479962906,0.15011767210284188,0.5150537634408602,0.19378533777639054,0.06231577243933568,3.431000202880909
08_003775_003795_s5,seed1,51874,246348,46706,1237015,1581943,98580,298222,0.15039080619723535,0.17394424287946564,0.5262122134307162,0.1660739818911487,0.06231577243933568,3.0251775207952933
08_003775_003795_s5,seed2,51197,235025,47383,1248338,1581943,98580,286222,0.15346592527090422,0.17887164508668096,0.519344694664232,0.15844065141169086,0.06231577243933568,2.90344897545141
08_003800_003820_s5,mapper,9546,19057,98610,1223728,1350941,108156,28603,0.07503950067996196,0.3337412159563682,0.08826140019971153,0.015334108474112578,0.08005975094397165,0.2644605939568771
08_003800_003820_s5,dilation,28730,95368,79426,1147417,1350941,108156,124098,0.14116271299699298,0.23151058034778965,0.2656348237730685,0.07673732785638707,0.08005975094397165,1.14739820259625
08_003800_003820_s5,seed0,32665,291192,75491,951593,1350941,108156,323857,0.08179582719833328,0.1008624176719972,0.30201745626687376,0.234306014314624,0.08005975094397165,2.9943507526165907
08_003800_003820_s5,seed1,32148,259735,76008,983050,1350941,108156,291883,0.08738457858441767,0.11014002185807327,0.2972373238655276,0.20899431518726086,0.08005975094397165,2.698722216058286
08_003800_003820_s5,seed2,31311,260459,76845,982326,1350941,108156,291770,0.0849422839548038,0.10731398018987559,0.28949850216354156,0.2095768777383055,0.08005975094397165,2.6976774288989978
08_003825_003845_s5,mapper,9765,24806,106993,1449368,1590932,116758,34571,0.0689794015427651,0.28246217928321427,0.08363452611384231,0.016827050266793472,0.0733896860456638,0.2960910601414892
08_003825_003845_s5,dilation,32886,135988,83872,1338186,1590932,116758,168874,0.13011481882997158,0.19473690443762806,0.28165950084790764,0.09224691250829278,0.0733896860456638,1.4463591359906816
08_003825_003845_s5,seed0,34180,258295,82578,1215879,1590932,116758,292475,0.09113378642485195,0.11686468928968288,0.292742253207489,0.17521337372657503,0.0733896860456638,2.504967539697494
08_003825_003845_s5,seed1,38686,243601,78072,1230573,1590932,116758,282287,0.10735405526155861,0.13704492236624427,0.33133489782284725,0.16524575796344257,0.0733896860456638,2.4177101354939277
08_003825_003845_s5,seed2,36926,218202,79832,1255972,1590932,116758,255128,0.11024002866013852,0.14473519174688784,0.316260984258038,0.1480164485332125,0.0733896860456638,2.1851008067969646
08_003850_003870_s5,mapper,12655,31973,91278,1417438,1553344,103933,44628,0.09311583005901138,0.2835663708882316,0.12176113457708332,0.0220593054696011,0.06690919719006222,0.4293920121616811
08_003850_003870_s5,dilation,35036,151712,68897,1297699,1553344,103933,186748,0.13704942400594575,0.18761111230106883,0.33710178672798824,0.10467148379583155,0.06690919719006222,1.7968114073489652
08_003850_003870_s5,seed0,30321,312474,73612,1136937,1553344,103933,342795,0.07281577879334401,0.08845228197610817,0.2917360222451002,0.2155868832235991,0.06690919719006222,3.2982305908614205
08_003850_003870_s5,seed1,32388,299974,71545,1149437,1553344,103933,332362,0.0801867756686564,0.09744796336524633,0.3116238345857427,0.20696269036180903,0.06690919719006222,3.197848614010949
08_003850_003870_s5,seed2,32079,270017,71854,1179394,1553344,103933,302096,0.08578419574809466,0.10618809914729092,0.3086507653969384,0.18629429471695744,0.06690919719006222,2.90664177883829
08_003875_003895_s5,mapper,9988,22334,101876,1221151,1355349,111864,32322,0.07442733870847554,0.30901553121712766,0.0892869913466352,0.017960811750845407,0.08253519942096095,0.2889401416005149
08_003875_003895_s5,dilation,28242,104904,83622,1138581,1355349,111864,133146,0.13028675819309124,0.21211301879140193,0.2524672816992062,0.08436289943183875,0.08253519942096095,1.1902488736322678
08_003875_003895_s5,seed0,31004,257251,80860,986234,1355349,111864,288255,0.08399550275659347,0.10755754453522055,0.27715797754416077,0.20687905362750655,0.08253519942096095,2.576834370306801
08_003875_003895_s5,seed1,30851,222454,81013,1021031,1355349,111864,253305,0.0922804036875071,0.12179388484238368,0.27579024529786167,0.17889560388746145,0.08253519942096095,2.2644014160051493
08_003875_003895_s5,seed2,31111,220475,80753,1023010,1355349,111864,251586,0.09361224532781287,0.12365950410595185,0.2781144961739255,0.1773041090161924,0.08253519942096095,2.249034541943789
08_003900_003920_s5,mapper,7822,21420,113513,1187322,1330077,121335,29242,0.05479317712164197,0.26749196361397987,0.06446614744302963,0.017720903220041995,0.09122404191637025,0.24100218403593357
08_003900_003920_s5,dilation,31327,121104,90008,1087638,1330077,121335,152431,0.12921600897545363,0.2055159383589952,0.2581860139283801,0.10019011501213658,0.09122404191637025,1.2562821939259077
08_003900_003920_s5,seed0,33326,198428,88009,1010314,1330077,121335,231754,0.10422093863267483,0.14379902827998653,0.27466106234804466,0.16416075556239462,0.09122404191637025,1.9100342028268842
08_003900_003920_s5,seed1,34899,201920,86436,1006822,1330077,121335,236819,0.10796120709656463,0.1473657096770107,0.2876251699839288,0.1670497095327208,0.09122404191637025,1.9517781349157293
08_003900_003920_s5,seed2,33843,190257,87492,1018485,1330077,121335,224100,0.10861318647462066,0.1510174029451138,0.2789219928297688,0.1574008349176251,0.09122404191637025,1.8469526517492891
08_003925_003945_s5,mapper,6539,5314,109943,1386934,1508730,116482,11853,0.05368813425728267,0.5516746815152282,0.05613742895898079,0.0038168487223540636,0.07720533163654199,0.10175821156916949
08_003925_003945_s5,dilation,23660,38948,92822,1353300,1508730,116482,62608,0.15222286559866177,0.37790697674418605,0.20312151233667006,0.02797490102338089,0.07720533163654199,0.5374907711062653
08_003925_003945_s5,seed0,31862,226227,84620,1166021,1508730,116482,258089,0.09297100455488476,0.12345353734564433,0.2735358252777253,0.16249044710425153,0.07720533163654199,2.2156985628680825
08_003925_003945_s5,seed1,35256,231702,81226,1160546,1508730,116482,266958,0.1012568067458585,0.13206571820286336,0.3026733744269501,0.16642293614356063,0.07720533163654199,2.2918390824333374
08_003925_003945_s5,seed2,32148,146901,84334,1245347,1508730,116482,179049,0.1220579915939905,0.1795486151835531,0.2759911402620147,0.1055135291988209,0.07720533163654199,1.5371387853917344
08_003950_003970_s5,mapper,10802,16642,80738,1432568,1540750,91540,27444,0.09985025235251706,0.39360151581402125,0.11800305877212147,0.01148349790575555,0.05941262372221321,0.2998033646493336
08_003950_003970_s5,dilation,35014,78852,56526,1370358,1540750,91540,113866,0.205490868115874,0.30750180036182884,0.3824994537906926,0.05441033390605916,0.05941262372221321,1.2438933799431942
08_003950_003970_s5,seed0,42185,235885,49355,1213325,1540750,91540,278070,0.12883866534320837,0.1517064048620851,0.4608367926589469,0.1627679908363867,0.05941262372221321,3.0376884422110555
08_003950_003970_s5,seed1,43912,231288,47628,1217922,1540750,91540,275200,0.13602289764208805,0.1595639534883721,0.4797028621367708,0.1595959177758917,0.05941262372221321,3.0063360279659164
08_003950_003970_s5,seed2,43179,157163,48361,1292047,1540750,91540,200342,0.17361672356183883,0.21552644977089178,0.47169543369019007,0.10844736097598001,0.05941262372221321,2.188573301289054
08_003975_003995_s5,mapper,9162,34489,83623,1603394,1730668,92785,43651,0.07198642299291293,0.2098920986918971,0.09874440911785311,0.0210570596312435,0.053612246831859146,0.47045319825402815
08_003975_003995_s5,dilation,31569,148132,61216,1489751,1730668,92785,179701,0.1310368301116152,0.17567514927574138,0.3402381850514631,0.09044113651585614,0.053612246831859146,1.9367462413105567
08_003975_003995_s5,seed0,50510,229002,42275,1408881,1730668,92785,279512,0.15696718636862272,0.18070780503162656,0.5443767850406854,0.13981584765212168,0.053612246831859146,3.0124696879883603
08_003975_003995_s5,seed1,52955,330754,39830,1307129,1730668,92785,383709,0.1250298083529498,0.1380082301952782,0.5707280271595624,0.2019399432071766,0.053612246831859146,4.135463706418063
08_003975_003995_s5,seed2,53385,199366,39400,1438517,1730668,92785,252751,0.18273084808883078,0.21121578153993456,0.5753623969391605,0.12172175912443074,0.053612246831859146,2.724050223635286
08_004000_004020_s5,mapper,11292,18030,71886,1635557,1736765,83178,29322,0.11157220773061419,0.38510333537957847,0.13575705114333117,0.01090356902902599,0.04789248977265203,0.35252109932914955
08_004000_004020_s5,dilation,25237,91980,57941,1561607,1736765,83178,117217,0.14408134370111556,0.21530153476031633,0.3034095554112866,0.05562453018800946,0.04789248977265203,1.4092308062227994
08_004000_004020_s5,seed0,40471,228138,42707,1425449,1736765,83178,268609,0.12999974302637834,0.15066881601137713,0.4865589458751112,0.13796552585379543,0.04789248977265203,3.229327466397365
08_004000_004020_s5,seed1,43569,357454,39609,1296133,1736765,83178,401023,0.09887842916538063,0.10864464132979904,0.523804371348193,0.21616884990024715,0.04789248977265203,4.8212628339224315
08_004000_004020_s5,seed2,42539,197364,40639,1456223,1736765,83178,239903,0.15163148476876903,0.17731749915590886,0.511421289283224,0.11935507475566753,0.04789248977265203,2.884212171487653
08_004025_004045_s5,mapper,15687,33943,65721,1620722,1736073,81408,49630,0.13599361947447355,0.3160789844851904,0.19269604952830188,0.0205135178419801,0.046892037374004436,0.6096452437106918
08_004025_004045_s5,dilation,33896,144388,47512,1510277,1736073,81408,178284,0.15011780545270953,0.19012362298355434,0.4163718553459119,0.08726116766838,0.046892037374004436,2.190005896226415
08_004025_004045_s5,seed0,57294,236323,24114,1418342,1736073,81408,293617,0.18032234814985004,0.1951317532704169,0.7037883254716981,0.14282226311670337,0.046892037374004436,3.606733981918239
08_004025_004045_s5,seed1,58053,284422,23355,1370243,1736073,81408,342475,0.15868846185386656,0.16951018322505293,0.713111733490566,0.17189098699736804,0.046892037374004436,4.206896128144654
08_004025_004045_s5,seed2,57511,203287,23897,1451378,1736073,81408,260798,0.20200916770579042,0.22051932913595962,0.706453911163522,0.12285689248276842,0.046892037374004436,3.203591784591195
08_004050_004070_s5,mapper,3566,56236,9528,1518436,1587766,13094,59802,0.05143516515217078,0.059630112705260696,0.27233847563769664,0.035712834164829246,0.008246807149164297,4.567129983198411
08_004050_004070_s5,dilation,8906,199888,4188,1374784,1587766,13094,208794,0.04181574029730212,0.042654482408498326,0.6801588513823125,0.12693945151752237,0.008246807149164297,15.94577669161448
08_004050_004070_s5,seed0,8980,403847,4114,1170825,1587766,13094,412827,0.021537819499641436,0.02175245320679122,0.6858102947915076,0.25646420333885406,0.008246807149164297,31.52795173361845
08_004050_004070_s5,seed1,9312,352820,3782,1221852,1587766,13094,362132,0.025448602677131785,0.02571438039168038,0.7111654192760043,0.22405935966347276,0.008246807149164297,27.656331144035438
08_004050_004070_s5,seed2,9128,312730,3966,1261942,1587766,13094,321858,0.028015124729915537,0.028360332817577938,0.6971131816098977,0.19860008941544652,0.008246807149164297,24.58057125400947
