clip_id,scene,anchor_token,n_lidar_correspondences,oracle_scale_ok,s0,s_c3,s_oracle,a_clip,residual_saturation,abs_log_err_const,abs_log_err_c3,rel_err_const,rel_err_c3,depth_const_abs_rel,depth_const_median_abs_rel,depth_const_median_abs_log,depth_const_rmse_m,depth_const_delta1,depth_const_n_valid,depth_c3_abs_rel,depth_c3_median_abs_rel,depth_c3_median_abs_log,depth_c3_rmse_m,depth_c3_delta1,depth_c3_n_valid,depth_oracle_abs_rel,depth_oracle_median_abs_rel,depth_oracle_median_abs_log,depth_oracle_rmse_m,depth_oracle_delta1,depth_oracle_n_valid
scene-0003_CAM_FRONT_fd842039_f56a5440,scene-0003,f56a544064a548a39a81f18cc8f633c5,1899,1,27.3665,20.150173352169045,14.237754754080942,-0.3061067461967468,0.0003125136724731707,0.6534224158493931,0.34731566965264626,0.9221078374141813,0.41526341057345695,0.8765861740518451,0.9145356916504135,0.653451287403251,10.201615472524722,0.015271195365982097,1899,0.4189362763481747,0.4183881355685075,0.3510655689735216,8.597656150371403,0.061084781463928386,1899,0.09733141891199037,0.0421505564870301,0.04197660696811267,8.698522478125478,0.9025803054239073,1899
scene-0003_CAM_FRONT_f286cdae_21b99feb,scene-0003,21b99febc5c14f7385e787fe81e96670,2013,1,27.3665,20.855235603336308,16.93381406553554,-0.27171461284160614,6.58603760028739e-05,0.48000718242741724,0.20829256958581155,0.6160860095716729,0.2315734377751213,0.5979150282191669,0.6123855621684696,0.47904813373358235,9.559778925062643,0.02533532041728763,2013,0.2561845622485959,0.2322804235861435,0.20891392541072173,8.89773167740948,0.6835568802781917,2013,0.08819732645691364,0.02314861855592562,0.0233531399185829,9.161146955876596,0.907103825136612,2013
scene-0003_CAM_FRONT_cd908fdc_6180726f,scene-0003,6180726fc8744ea2b129ebaad6f79cee,2045,1,27.3665,20.741134019105935,16.364306191081752,-0.27720075845718384,0.0,0.5142171264842337,0.23701636802704984,0.6723287672846308,0.2674618634555661,0.6295757887512754,0.6627493589502935,0.5105404562923379,8.695373949523487,0.026405867970660146,2045,0.2779341437455901,0.26389109840334424,0.23445594096343703,7.804153725908569,0.3628361858190709,2045,0.09716248710819854,0.02613732365054503,0.026312961226037768,8.096560698782264,0.8992665036674816,2045
scene-0003_CAM_FRONT_1ac0914c_e617edf7,scene-0003,e617edf72860495abd928aaf57dfa5fa,1941,1,27.3665,19.491413464823424,14.899686587718293,-0.3393456041812897,0.0,0.6079794592888796,0.26863385510758997,0.8367164865439527,0.308176071360458,0.80056883213085,0.8279928958095398,0.6081203887197928,11.187016263598057,0.023183925811437404,1941,0.34564109382118124,0.30940610417030595,0.2696283696514594,10.675975939989794,0.17104585265327152,1941,0.12414098652615012,0.030847904377563688,0.030865369971601053,10.995416656265126,0.8660484286450283,1941
scene-0003_CAM_FRONT_7c0aa537_5e4e25f8,scene-0003,5e4e25f87ec84942ac459a55fe064330,1970,1,27.3665,19.749849777021314,15.817776840948069,-0.3261737525463104,1.58129267513607e-05,0.5481852135583534,0.22201146101204294,0.730110386255755,0.24858568783788515,0.7126131178054583,0.7254460523946622,0.5550150324178602,10.616719784766381,0.026395939086294416,1970,0.3257141158609957,0.2596182275932476,0.23111175918939786,10.456388315718355,0.4451776649746193,1970,0.16998637701442662,0.049205465106951625,0.04946887330352168,10.724339892792026,0.8218274111675127,1970
scene-0003_CAM_FRONT_c1ab33c3_57a79294,scene-0003,57a79294b87e4b55a7bcf58f7f8c6326,1833,1,27.3665,21.55475483264289,18.294583445878857,-0.23872320353984833,0.00012905549386236083,0.40271460816703497,0.1639914046271871,0.4958799188272709,0.17820418794495363,0.47041908220039363,0.4881133052988171,0.39793622868143164,6.483633819507128,0.02236770321876705,1833,0.17644565232927603,0.17411770195642312,0.16067745233386588,5.406321262707928,0.9541734860883797,1833,0.058260366399118094,0.019291609756452142,0.019427190615280088,5.48531894093315,0.9541734860883797,1833
scene-0003_CAM_FRONT_3be45164_1b5a6659,scene-0003,1b5a6659994e466991ba17e9998fc05e,2121,1,27.3665,31.14718538860169,23.564432141562815,0.1294042468070984,0.0,0.14958117508845792,0.2789854218955563,0.16134773949129544,0.32178807456448144,0.18482263521818212,0.15869471254958523,0.1474240238369391,5.390820075909449,0.90994813767091,2121,0.3274131134951558,0.31793808863096157,0.2762741778885982,5.889604613119098,0.12258368694012259,2121,0.07287621766465664,0.018157320616540646,0.018183705042990272,5.48801253144778,0.9198491277699199,2121
scene-0003_CAM_FRONT_b214d0d4_20684b77,scene-0003,20684b77c01641e7a5ada48308a0b1e1,2716,1,27.3665,27.192862080835372,22.216392100533916,-0.006365122273564339,0.0,0.2084892383231196,0.20212411604955527,0.231815673587356,0.2239999167183342,0.2195303151954349,0.22680116976298464,0.2045711330780693,3.7346090422191693,0.8177466863033873,2716,0.212070041966328,0.21901722945836496,0.19826735679744278,3.623163156133497,0.8722385861561119,2716,0.034149469826847294,0.015020068835853525,0.015044629848511848,2.019793598362736,0.975699558173785,2716
scene-0012_CAM_FRONT_88a090c5_20a871df,scene-0012,20a871df4033487ab94d4d3b86f69af1,2616,1,27.3665,28.846918318789662,23.36332651244036,0.05268353223800659,0.0,0.15815208774228573,0.21083561998029232,0.1713443282756868,0.23470937682737225,0.14725887454471476,0.1580070780084692,0.14734899291198045,3.18816789396737,0.9640672782874617,2616,0.19818849116057705,0.21919478099305187,0.19840066630385844,3.551032855652196,0.7920489296636085,2616,0.05929398729833401,0.021095945305790002,0.021143947558430742,3.593761905016174,0.9285168195718655,2616
scene-0012_CAM_FRONT_c51b9abd_745713b3,scene-0012,745713b3baae4ea18de5c74eb4d06bb8,2678,1,27.3665,28.54006409792475,22.10151367270884,0.041989220306277275,0.0,0.2136735394817304,0.2556627597880077,0.2382183593964613,0.2913171704237747,0.2271180317065248,0.23548966426511408,0.21180873576955805,4.640990179762544,0.6833457804331591,2678,0.27125830729291867,0.2876474210327691,0.2532925107364098,5.0253351271603455,0.27520537714712473,2678,0.07347108973243538,0.026002257052876142,0.02600910494368347,4.559535189679854,0.8965646004480956,2678
scene-0012_CAM_FRONT_d34f2eec_5254163f,scene-0012,5254163f8fcd4362b6019bbb88dc13ec,2444,1,27.3665,27.71201817187926,21.285151380492376,0.01254655048251152,0.0,0.25130992630904725,0.26385647679155877,0.2857084974777824,0.3019413240949296,0.2660357960962683,0.28694219562722817,0.252806535328706,3.367977017486949,0.2892798690671031,2444,0.28062265967512956,0.30300396267175556,0.2651143248232295,3.5280692912174243,0.2569558101472995,2444,0.06661552689152789,0.03177144283197703,0.0315238918082732,2.265240492151333,0.9300327332242226,2444
scene-0012_CAM_FRONT_62697033_a2d86049,scene-0012,a2d8604904294c2fb73648830a2604aa,2037,1,27.3665,30.879221694101815,24.191947651756465,0.1207638829946518,0.0,0.12329980150885023,0.24406368450350202,0.13122351263078413,0.27642561643273966,0.13422888869401822,0.1275725654335537,0.12013039866495823,2.4792799876007234,0.9096710849288169,2037,0.2651496039213453,0.2708322178814669,0.24008744050747488,3.34032764223517,0.3328424153166421,2037,0.059305064538475685,0.02188274277728223,0.022103947674248392,2.802282740756094,0.9474717722140402,2037
scene-0012_CAM_FRONT_114d8a1f_b76ef036,scene-0012,b76ef036cbaa450fab76e2b42f97d1d6,2460,1,27.3665,32.926359932685386,26.1537130254166,0.18495391309261322,0.0,0.04532846770668897,0.2302823807993022,0.046371502715686796,0.2589554645907073,0.08481397504048553,0.05471579716575377,0.053653846929504256,3.8615427037857786,0.9040650406504065,2460,0.21974359386082812,0.22948155013333277,0.20809055935416976,3.757621760138404,0.5865853658536585,2460,0.08360178588185602,0.035241133667067825,0.035521668098732806,4.165941793529715,0.8886178861788618,2460
scene-0012_CAM_FRONT_5e8e7172_56a8812e,scene-0012,56a8812e2fae4b13960c853cebe58374,1928,1,27.3665,33.627877671348934,24.797209017181597,0.206035777926445,0.0,0.09858853042964189,0.3046243083560869,0.10361210332332882,0.35611542605656576,0.12591575223209323,0.105215111258005,0.10008016216823701,3.699430381014692,0.950207468879668,1928,0.3630983048692602,0.3572811975837763,0.3054835793629187,5.087528512617873,0.05342323651452282,1928,0.04769952744691076,0.011114261040478614,0.011110763273591062,3.6968818058683155,0.9512448132780082,1928
scene-0012_CAM_FRONT_2e8bed7f_45a4f3c2,scene-0012,45a4f3c2a8a44161bf74a0de34aff804,2595,1,27.3665,31.839410080786276,25.607047448804522,0.15138519555330276,0.0,0.06645203306890712,0.2178372286222099,0.0687097001211523,0.24338466371189216,0.08551605329108149,0.06955155003093745,0.06760056698352468,3.1765879401040964,0.9722543352601156,2595,0.24021680525997804,0.24135921145859737,0.21622910076810742,3.9317792102004643,0.6369942196531792,2595,0.04556025023636192,0.014779546934914397,0.014889852633457767,3.295309218862648,0.9710982658959537,2595
scene-0012_CAM_FRONT_ba3778e1_feedde26,scene-0012,feedde26563b4303ad0faa7ef7684940,2278,1,27.3665,32.37456868942771,24.65188098988838,0.16805355995893478,0.0,0.10446643215412355,0.27251999211305833,0.11011812896651141,0.3132697136866349,0.12523652077789757,0.11609274512230314,0.10993212577729228,4.098729518989888,0.9648814749780509,2278,0.30653235031550413,0.3147584257719047,0.2739311388976078,4.972386650518648,0.11984196663740122,2278,0.05303080825939814,0.030309972255682986,0.030469615097918012,4.328846742575008,0.9367866549604916,2278
scene-0013_CAM_FRONT_b9c60cfa_31815eed,scene-0013,31815eedcec04d4892ae361262825ded,2190,1,27.3665,30.532993155647723,21.953495438227257,0.10948820412158966,0.0,0.22039326531745562,0.3298814694390457,0.2465668657186666,0.39080326600205684,0.2303379429575073,0.24356713010868622,0.21805976971094143,6.744270174798259,0.6109589041095891,2190,0.35842139427091113,0.3863939286852954,0.32696180186496504,7.199183539441953,0.12100456621004566,2190,0.06309893950355457,0.015980039572241374,0.015946274662846593,7.093083497167558,0.9146118721461187,2190
scene-0013_CAM_FRONT_b2329c1f_e30a3a96,scene-0013,e30a3a964a2e44f29009b76f096acdaa,2223,1,27.3665,30.57273724572101,23.15433424458386,0.11078903451561928,0.0,0.16713765024172833,0.2779266847573476,0.1819169452648557,0.32038938899193026,0.19521897621279755,0.19101565648638372,0.174973442762266,5.224318305399912,0.8520017993702205,2223,0.32162620487976396,0.3290609287815928,0.28476862389815105,5.864694116967587,0.13675213675213677,2223,0.062174969616359745,0.02718850289538263,0.02706628316544779,5.3810658352908325,0.9406207827260459,2223
scene-0013_CAM_FRONT_61361625_a32eb5c0,scene-0013,a32eb5c0d8514895af2af5889c1f5199,2311,1,27.3665,28.37551835357661,21.15435659984185,0.036207105964422226,0.0,0.257473767549496,0.29368087351391825,0.2936578747190348,0.3413557732022321,0.24441534510496193,0.26859480978913597,0.2381515396809588,4.889471365179722,0.42752055387278237,2311,0.2853119060231001,0.3152957819645587,0.2741169448834211,5.086339540923481,0.27217654694937254,2311,0.07885190716351421,0.02889768549868446,0.02904299880347816,5.125241037452488,0.9009086975335353,2311
scene-0013_CAM_FRONT_4635c393_6b506fcb,scene-0013,6b506fcb72d542ed96d98270abb7aad3,2230,1,27.3665,27.144913745854858,21.296267075832876,-0.008129947818815708,0.0,0.25078783493699053,0.24265788711817482,0.28503741536260385,0.2746324813262253,0.25963302329725385,0.2728132936948579,0.24206156629111208,4.495393506502537,0.39327354260089686,2230,0.250288796779373,0.26271013043817454,0.23415243277913989,4.438349260244883,0.41524663677130047,2230,0.06334447169511302,0.031068140490702813,0.030922685241371317,4.1587798799008295,0.9434977578475336,2230
scene-0013_CAM_FRONT_da5566fe_9a7dc9c8,scene-0013,9a7dc9c8adce4ae68ca26ad5b5f93366,2371,1,27.3665,29.22402924447813,23.893448466619894,0.0656716525554657,0.0,0.13571533901435373,0.20138699156981943,0.14535580907176704,0.2230980088665424,0.1682112416582997,0.13828643079941266,0.12960791855254206,7.212404482381371,0.9194432728806411,2371,0.23498387873553844,0.2140832769560828,0.19470423545997528,7.334212159645711,0.8043019822859553,2371,0.0797915948949093,0.024258696927050433,0.02420865546573414,7.351101806699765,0.9190215099114297,2371
scene-0013_CAM_FRONT_7184209f_867689f9,scene-0013,867689f92a82488f91fc0b7f283c0858,2010,1,27.3665,32.118442388455826,23.932750514471664,0.16011075675487518,0.0,0.1340718023112073,0.2941825590660825,0.14347492083920788,0.3420288808440315,0.1675350430942501,0.14611735974592913,0.1363800211880971,4.565430548400034,0.936318407960199,2010,0.3484240495771311,0.3436886621341623,0.2957076315586227,5.348468374688709,0.026865671641791045,2010,0.0550002576622227,0.015063744043098185,0.015028720551024,4.622720518561601,0.9383084577114428,2010
scene-0013_CAM_FRONT_2c1f8867_d82980cf,scene-0013,d82980cf7e294905b8b8678fed8a9530,2331,1,27.3665,35.97742203151171,28.40200529744779,0.2735719382762909,0.0,0.03714011410177598,0.23643182417451492,0.03645887980806917,0.2667211929132569,0.07685335328788694,0.04458042073105189,0.04560468496752623,3.909221639749104,0.9459459459459459,2331,0.27248071451028094,0.26558523636954906,0.23565208288940154,5.234530684990679,0.3908193908193908,2331,0.062050245157226826,0.027676826825892585,0.027535951110634338,3.79375893065855,0.9450879450879451,2331
scene-0013_CAM_FRONT_1f0a495a_51f7ea7d,scene-0013,51f7ea7d3e4e42dfaf183dbe9996f1fb,2249,1,27.3665,32.26598051098474,24.641888973378165,0.16469380259513855,0.0,0.10487183903026676,0.2695656416254053,0.11056826972824063,0.30939558025942127,0.13283235651602984,0.11249925165456741,0.10671795018333174,4.695755400299375,0.9288572698977323,2249,0.3013776563103394,0.30889234793125797,0.26936108233060807,5.113927328207111,0.13606047132058693,2249,0.05974906488439932,0.013285307035150453,0.013288916824827357,4.990075384263915,0.9164072921298355,2249
scene-0014_CAM_FRONT_43cfc03b_3fa89fab,scene-0014,3fa89fab4ac04d89b9f4480c840658fd,1982,1,27.3665,16.893515411556006,9.791963265456767,-0.48238979279994965,0.0,1.0277576633600272,0.5453678705600775,1.7947919388690057,0.7252429317368332,1.7558574303331802,1.7968344219783594,1.0286419327175709,12.470496499045273,0.0015136226034308778,1982,0.7091821661771552,0.7267691859115961,0.5464663201610878,6.191284925997452,0.026236125126135216,1982,0.05407188114941505,0.027370767452261177,0.02723630680018818,4.424052939983238,0.9475277497477296,1982
scene-0014_CAM_FRONT_96237b21_2da9ed79,scene-0014,2da9ed7919024a0ca4db7a801e70d82a,1654,1,27.3665,17.180998828330218,10.86221049982303,-0.4655155837535858,0.0,0.9240297987410395,0.4585142149874537,1.51942272711856,0.5817221392100747,1.4529301416691143,1.5113269593162855,0.9212017884564887,12.089578120286616,0.0036275695284159614,1654,0.5455778837513354,0.577529367753196,0.4564520693114633,5.242184895569677,0.047762998790810154,1654,0.06092592947359166,0.04052632103435387,0.040248705338032265,3.440274550483236,0.9425634824667473,1654
scene-0014_CAM_FRONT_d703cae6_6a53a53e,scene-0014,6a53a53e9883421d8f2a50b2546f2745,1816,1,27.3665,20.335940759639616,15.920307732376209,-0.29692983627319336,0.0,0.5417241274851996,0.24479429121200624,0.7189680287615503,0.27735852230315805,0.6586888164064018,0.6970140648503222,0.5294286597681501,6.936211888262055,0.034691629955947136,1816,0.24644065515853797,0.2620917414442848,0.23295789626176755,3.441671916755129,0.4157488986784141,1816,0.047394657130393855,0.01887804927065065,0.018851109898114005,3.1625122715269756,0.9427312775330396,1816
scene-0014_CAM_FRONT_65e61ba2_907c55da,scene-0014,907c55da60624b3ab19750af975b96a8,2070,1,27.3665,26.290559670844633,21.05333333406021,-0.04010971076786518,0.0,0.2622607368838876,0.22215102611602244,0.29986542110774983,0.24875995899003822,0.28386637536691406,0.29228415257832496,0.2566787773047057,6.304879960052727,0.2497584541062802,2070,0.23839153238254226,0.24185400714926875,0.2167541917324809,6.183352124723614,0.5917874396135265,2070,0.06669453900338315,0.02381098218979712,0.023600406508664573,6.485877851784368,0.9314009661835749,2070
scene-0014_CAM_FRONT_23e22334_ce60545b,scene-0014,ce60545b3a344043881d7bfc6b5b75fc,2572,1,27.3665,31.758333711675448,25.11798331292574,0.14883553236722946,0.0,0.08573558138928172,0.23457111375651118,0.0895182013245932,0.2643663830819003,0.13761379156842873,0.09759417570632614,0.09353461448025358,5.616673140387029,0.9012441679626749,2572,0.2839850410093327,0.2687636088288932,0.23818032164713454,6.589045813710556,0.27216174183514774,2572,0.08327561052782233,0.023985969417973534,0.023950186035150645,5.76461980355501,0.9035769828926905,2572
scene-0014_CAM_FRONT_e8953eb6_303119a4,scene-0014,303119a4aa5647a386b9ac78f26ab362,2939,1,27.3665,28.211421656663955,23.423913088516247,0.03040728159248829,0.0,0.15556221022620154,0.18596949181868982,0.1683146149230137,0.204385516205438,0.1863400586595827,0.17122196597014172,0.15813499380558338,5.1605432687655535,0.8329363729159578,2939,0.2131749937881199,0.20672774952660491,0.18816965789711526,5.301505513107241,0.7699897924464103,2939,0.08647843953273962,0.019632638045726212,0.019770891788250644,5.448325016054044,0.8727458319156176,2939
scene-0014_CAM_FRONT_2c0c09db_1c6d9929,scene-0014,1c6d9929bbb840d0975fbf15ed9186d7,2826,1,27.3665,27.04217864904822,20.338302962685137,-0.011921818368136883,0.0,0.29681368399440444,0.28489186562626756,0.345564575874868,0.32961824291155173,0.3363296949039239,0.34776124507041084,0.2989402094387723,5.705081821610082,0.16949752300070772,2826,0.32292809831170605,0.3319362095145253,0.2870773325169351,5.609686677647093,0.18931351733899504,2826,0.09230159776125306,0.029291203387152416,0.02908163920066753,5.168780649324434,0.8775654635527247,2826
scene-0014_CAM_FRONT_5a42a9de_d0501e05,scene-0014,d0501e0542884ab1a4790236b16bc1d4,2369,1,27.3665,26.592863573645435,21.00016997161435,-0.028676744550466537,0.0,0.2647891060606793,0.23611236151021275,0.30315611906908035,0.26631658741765674,0.2562371969672325,0.28353855522852794,0.2498762637153389,4.200839535334696,0.37779653862389195,2369,0.22333085001139366,0.24757232032156912,0.22119951916487235,3.8547281560992754,0.5094976783452934,2369,0.0663129427802999,0.033415378811795696,0.03355228920238007,3.2481495852894993,0.9371042634022795,2369
scene-0015_CAM_FRONT_234b0f37_f405bf53,scene-0015,f405bf5322cb40d3811fcbe802c0eb8d,2395,1,27.3665,29.478732490437658,22.319923042873828,0.07434943318367004,0.0,0.20383994803049665,0.2781893812141667,0.22610189772752864,0.32073629616968824,0.2306781746064483,0.22826674169636468,0.20608169673861454,4.48841482660862,0.6926931106471816,2395,0.3145156887056384,0.32287878225464817,0.27981981117001986,5.226988441200468,0.14822546972860126,2395,0.06075491224458083,0.021192464366381628,0.02121140872457916,3.9750660879296893,0.9219206680584551,2395
scene-0015_CAM_FRONT_061805d6_dca60e24,scene-0015,dca60e243d2d423daf320e3f6593ed96,2610,1,27.3665,29.80627253956189,24.051181448819793,0.08539922162890434,0.0,0.129135517601501,0.21453473923040534,0.13784431164993305,0.23928517203983346,0.1246446040477452,0.1275071133464195,0.12034492862059931,2.5489481009020207,0.9432950191570881,2610,0.20017601033222532,0.22406163169173526,0.20273658572024766,3.1635816183574033,0.7256704980842912,2610,0.07264757616345331,0.029540772446172533,0.029331167615495035,2.8312082478109137,0.9103448275862069,2610
scene-0015_CAM_FRONT_e18b1aef_c99f5e4f,scene-0015,c99f5e4f006448babe8d48a5eb69c449,2640,1,27.3665,27.34750856327106,20.97350036299184,-0.0006942074978724122,0.0,0.2660598842413302,0.2653656767434578,0.30481319409557095,0.30390769733059364,0.26126017720549716,0.29779944666808905,0.2607127519963408,4.634303508791749,0.3606060606060606,2640,0.26046044726158996,0.29689881720950817,0.2600185444984684,4.627690060923077,0.36174242424242425,2640,0.06463760782122613,0.026208336316566327,0.02623130337168189,4.585909264911422,0.9314393939393939,2640
scene-0015_CAM_FRONT_54f30ff0_07ccc904,scene-0015,07ccc9049a724e91b13610e0f849a705,2642,1,27.3665,22.553162582303898,17.63777037148185,-0.19344433397054672,0.0,0.4392769912222674,0.24583265725172065,0.5515850032977145,0.27868557687822304,0.456699282408775,0.5128564089917198,0.4162898937303524,6.464929128279463,0.12831188493565482,2642,0.22686786295488853,0.253340373133512,0.2264352727424055,4.526072250654748,0.47880393641180924,2642,0.09756899819322316,0.046252487695186986,0.04629532069012687,4.9823067187574255,0.8550340651021953,2642
scene-0015_CAM_FRONT_985f2f38_2c63d07c,scene-0015,2c63d07c2c0345539a1839bfcab22579,2546,1,27.3665,21.833027481452387,18.100372334603843,-0.22589579224586487,0.0,0.4133871286049562,0.18749133635909132,0.5119302240916559,0.2062197991205157,0.46083793750917956,0.48565549659272755,0.397987205421213,6.209862614310729,0.08012568735271014,2546,0.19235630905646608,0.19374441248259275,0.1776844595408339,3.818443039342927,0.8091123330714847,2546,0.08155373223968573,0.04331400681888388,0.04339976498280196,4.010568163627695,0.9049489395129615,2546
scene-0015_CAM_FRONT_d6b547f2_c9b7e76f,scene-0015,c9b7e76f90594a84b5a4ea6750912d02,2657,1,27.3665,23.111984566486093,18.108436538156152,-0.1689683422446251,0.0,0.4129417008796765,0.24397335863505143,0.511256918416797,0.2763103273872929,0.47081408164405797,0.4954453829648017,0.40273137759744015,6.437762349114173,0.03424915318027851,2657,0.2502488582608402,0.26344523694102867,0.23427554968545117,4.12518118923125,0.39819345126082045,2657,0.05545138776820402,0.022778928763740575,0.022815763178926307,3.548998174982369,0.963492660895747,2657
scene-0015_CAM_FRONT_9a59cb6d_948b555d,scene-0015,948b555d974b45e087b3d746a4cdf677,2578,1,27.3665,23.27188814662809,17.825375797966494,-0.1620735228061676,0.0,0.42869658892475426,0.26662306611858666,0.535255150307796,0.30554824820483906,0.5192399860302337,0.5341183923671553,0.4281486871789022,6.49863538320757,0.03646237393328161,2578,0.3026359746978623,0.3055422086669287,0.2670418755085666,5.476746769671239,0.18192397207137315,2578,0.061445331168884336,0.02774235939468485,0.027640315902580093,5.198606700257064,0.9491854150504266,2578
scene-0015_CAM_FRONT_42605be9_8a96bc21,scene-0015,8a96bc21f4fa46d392daea4db4814547,2106,1,27.3665,19.955666329981952,16.21324920799826,-0.31580650806427,0.0,0.5234908773128271,0.20768436924855704,0.687909662580136,0.23082462213295885,0.6335349825284353,0.6807793593342142,0.520825786162788,8.300244827966507,0.05365622032288699,2106,0.23830257819848563,0.23031697280968827,0.2076117221982564,7.200002543846774,0.6766381766381766,2106,0.08588019328895247,0.020938893655301216,0.020876281537184127,7.626396418187965,0.8865147198480532,2106
scene-0016_CAM_FRONT_fbd3aa20_581b3ac0,scene-0016,581b3ac0f7904012b2569fb92a986640,2715,1,27.3665,26.100514394443874,20.64857393086847,-0.04736461490392685,0.0,0.2816733796532347,0.23430876474930784,0.32534576439143836,0.26403472132402594,0.2695710694874812,0.302124957339339,0.26542524206497475,4.073112588643385,0.3580110497237569,2715,0.21716923762002244,0.24415634969190134,0.22028151687584163,3.517224687972308,0.5104972375690607,2715,0.0826301188800768,0.04734785912479549,0.04744919991983165,3.4366989202539475,0.9086556169429097,2715
scene-0016_CAM_FRONT_9234bbf8_30b94629,scene-0016,30b94629946e487abf5866b738790f0c,2651,1,27.3665,21.676429550934234,16.284862907274015,-0.23309416323900223,0.0,0.5190836172886106,0.2859894540496084,0.6804869746724187,0.33107841769131197,0.6128962095004403,0.6511237077594103,0.5015908256906187,7.3018708205626695,0.05016974726518295,2651,0.2913885800179489,0.3097876444980638,0.2727043966787619,3.5125008304063363,0.2187853640135798,2651,0.06233366702291924,0.029927965985073038,0.030108211975458765,2.3035318952623336,0.924933987174651,2651
scene-0016_CAM_FRONT_7ac3bb7f_1fe2834e,scene-0016,1fe2834ee41a4f81b8323b27d92139d1,2485,1,27.3665,25.832871168724274,19.921671724908148,-0.05767188034951687,0.0,0.31751146706940103,0.25983958671988416,0.3737049971455735,0.29672205854217193,0.3737977835709692,0.36963787834251194,0.31458883072689536,5.236603439282297,0.047082494969818915,2485,0.29743171870415874,0.2932465840354387,0.2571557885180944,4.260340354378622,0.21327967806841047,2485,0.04275783702638378,0.02218590503769414,0.022105339945455604,2.22846702890704,0.9871227364185111,2485
scene-0016_CAM_FRONT_4d53a5c4_48de6a86,scene-0016,48de6a86245f44bdbf4921d2695cd6a8,2345,1,27.3665,33.15173980356274,25.33640656331089,0.19177556037902832,0.0,0.07707728166755334,0.26885284204658166,0.0801255470706268,0.30846257620325157,0.10669967463729092,0.08563750773111756,0.08217377322102948,3.3751799762725065,0.9671641791044776,2345,0.32624466773166994,0.31390387810442894,0.2730027652591438,5.252531432688616,0.042643923240938165,2345,0.04044317204833407,0.01247987201273516,0.012509511594289258,3.2622888927189737,0.967590618336887,2345
scene-0016_CAM_FRONT_381fe530_49ae81f8,scene-0016,49ae81f8e34c4e06bc213d925cc1ca84,2756,1,27.3665,29.909079393149554,23.71285414555712,0.08884245529770851,0.0,0.14330236751472203,0.23214482281243054,0.15407870482463326,0.26130238096004854,0.1457537378249935,0.1518248129398435,0.14181410328639477,2.688357637186279,0.9611756168359942,2756,0.24237735918574888,0.2574604437346642,0.22938135048710018,3.9835776231010773,0.3925979680696662,2756,0.04553376123101787,0.015538077396054409,0.015507678832462735,2.4419974352047755,0.9539187227866474,2756
scene-0016_CAM_FRONT_52c853ea_856952a1,scene-0016,856952a195714be0bdd50295c561706d,2767,1,27.3665,27.309538802544328,21.915727681854815,-0.0020835897885262966,0.0,0.22211509957925424,0.22003150979072794,0.2487150961753446,0.2461159948229934,0.2165587181675654,0.24074309267471444,0.2161000371580153,3.031078859535676,0.6245030719190459,2767,0.21425522570683925,0.23817222175158914,0.214016447369489,3.004649692954762,0.6617275027105168,2767,0.05448410944337866,0.01937229060571618,0.01933322837056517,2.4949722801816567,0.9432598482110589,2767
scene-0016_CAM_FRONT_921505c4_a78c3609,scene-0016,a78c360914e444f3a489d3c8bfbf1b51,2516,1,27.3665,24.50555430093058,18.48825410765398,-0.11041983962059021,0.0,0.39218402029592747,0.2817641806753377,0.48021007503734503,0.3254661126052725,0.47331785174341656,0.48144944898570796,0.39305598911230133,6.964637348131905,0.02821939586645469,2516,0.32392869837507504,0.3266911419812659,0.2827512538777336,5.194413949266243,0.12837837837837837,2516,0.046515863478206465,0.021553012543896848,0.021563435334272296,3.2548791262343184,0.965818759936407,2516
scene-0016_CAM_FRONT_ebbbaf52_9cdae13a,scene-0016,9cdae13a6a0545d8a2fc50c06d993c7e,2475,1,27.3665,25.17507212660705,19.067946550313092,-0.0834653340280056,0.0,0.36131090340832994,0.27784556938032434,0.4352096030786621,0.3202822894525934,0.4299424798464394,0.42995398894022036,0.35768780213683793,6.101892294842396,0.03393939393939394,2475,0.3188947807222585,0.3155074281372448,0.27425921252744523,4.919468005420804,0.10020202020202021,2475,0.045686770906116066,0.016677660729278024,0.01670543048045703,3.4061229869698577,0.9660606060606061,2475
scene-0017_CAM_FRONT_134c7f63_4b4c3bc5,scene-0017,4b4c3bc538e64867a9712470e04d61cf,2638,1,27.3665,33.51808061259002,26.59249973834228,0.20276537537574768,0.0,0.028690426333592534,0.23145580170934021,0.02910596105193264,0.26043361633513973,0.05801058826104955,0.033736642161570345,0.03323735560809238,4.875541772140233,0.964746019711903,2638,0.25961041283377223,0.26018554834200586,0.231312965447786,5.988607249078541,0.3802122820318423,2638,0.04849536423796875,0.02190721827767255,0.022003970646293225,4.938576546822361,0.9583017437452616,2638
scene-0017_CAM_FRONT_0966ed2d_3adeaa8b,scene-0017,3adeaa8b4f5f4b32a361534424ec6c71,2166,1,27.3665,26.3471204742444,20.11812696137386,-0.03796064853668213,0.0,0.3076983901107435,0.2697377415740614,0.36029064994682525,0.30962094656376316,0.32210886888803536,0.3513369708761814,0.3029725617486123,3.830004094428844,0.18236380424746076,2166,0.2792080545191961,0.302636216900496,0.265766320664896,3.6005282135636314,0.2299168975069252,2166,0.07434875394925121,0.02110791604122185,0.021084457821855973,4.036013649386615,0.8818097876269622,2166
scene-0017_CAM_FRONT_6413a3e2_ef661945,scene-0017,ef661945febb4f4b9f11bea17dd55c63,2621,1,27.3665,33.07641649232686,25.249709882328336,0.18950089812278748,0.0,0.080504971791163,0.2700058699139505,0.08383423522632838,0.30997214013441976,0.07157306858784203,0.07425168853865628,0.0719869648940592,2.082444755537094,0.9923693246852346,2621,0.2728477770668628,0.2940130314324338,0.25774826668675876,4.229242761159751,0.26745516978252576,2621,0.040430215221813795,0.017390561177167158,0.017473866021957107,2.3671710817732703,0.984357115604731,2621
scene-0017_CAM_FRONT_f274b48b_b4bff2b0,scene-0017,b4bff2b0e4774147ac53fb96ff9317b5,2670,1,27.3665,30.013471947391523,22.739509474572156,0.09232670813798904,0.0,0.18521572058705615,0.2775424287250452,0.2034780271140788,0.31988211887126594,0.18958471767224327,0.1974194531858629,0.18028336866476125,3.7428032153762523,0.9194756554307116,2670,0.29749012594688534,0.3119890589383387,0.2718942016751904,4.769291138715365,0.18277153558052434,2670,0.047043154328834505,0.017821825426398603,0.0177400823784164,3.601762235590776,0.9614232209737827,2670
scene-0017_CAM_FRONT_3425c661_2a271f85,scene-0017,2a271f85c90a45a9a6f33d9cc281943e,2366,1,27.3665,25.580097070190387,19.61974598089188,-0.06750504672527313,0.0,0.3327831305317468,0.26527808380647366,0.39484476642321753,0.30379348922781313,0.39563285331569376,0.3910809455861053,0.3303138768458078,7.261909538365985,0.0452240067624683,2366,0.3105608895786881,0.30057806385912983,0.263016447624423,6.946283906894595,0.17666948436179206,2366,0.06501161962103709,0.021524862681446016,0.02163099826853987,7.01843631357842,0.941251056635672,2366
scene-0017_CAM_FRONT_9a476217_ce130b56,scene-0017,ce130b56a60242dfb4369eb62bac9478,2190,1,27.3665,23.209156931902704,17.380865386579742,-0.16477274149656296,0.0,0.4539497269468882,0.2891769854503252,0.5745188396160323,0.3353280412506474,0.5691635400123448,0.5743559784277592,0.4540760836304998,7.575702915574685,0.013242009132420091,2190,0.3394447468595886,0.3355460800713307,0.28951115314087195,5.863537637725948,0.07808219178082192,2190,0.04632748401712303,0.015901147317088575,0.015926491203553828,5.20843114221938,0.9675799086757991,2190
scene-0017_CAM_FRONT_789b705c_65afa213,scene-0017,65afa21300f3456b993fd438e3f5a532,2226,1,27.3665,21.014571456841114,15.511284877591573,-0.26410356163978577,0.0,0.5677518219983835,0.3036482603585977,0.7642961376807089,0.35479243806551986,0.7398163413783582,0.7604031754683622,0.5663368443651986,8.902715503853347,0.018867924528301886,2226,0.3577196690090678,0.35454545927899367,0.3038256097705718,6.349126677634972,0.08131176999101528,2226,0.06624562256343824,0.023358303734522926,0.023375665601110707,6.053000358517629,0.9348607367475292,2226
scene-0017_CAM_FRONT_fe04ede8_d995c004,scene-0017,d995c004834a4c4eb5ef3c7dbefc720a,1989,1,27.3665,18.197724312083977,12.76674360303292,-0.40802308917045593,6.0863599141269946e-05,0.7624760037901863,0.3544529146197304,1.1435771603887073,0.42540062508663934,1.1222153008139513,1.1334734345343631,0.7587986385013372,10.838637078479598,0.007038712921065862,1989,0.43015031013294214,0.4238060249804136,0.3537112976676644,5.490768708120991,0.0392156862745098,1989,0.06892459966485939,0.03802132477294858,0.03769489137685955,4.629291471140012,0.9557566616390146,1989
scene-0018_CAM_FRONT_f0e47975_248f5231,scene-0018,248f5231a8c94b5da0b58e515ad68298,2645,1,27.3665,19.338596397505476,13.883196769138635,-0.34721672534942627,0.0,0.6786403942980228,0.33142366894859654,0.971195860367966,0.3929498168961927,0.9314071565506169,0.9663892099731607,0.677444169924935,10.676873802940987,0.035916824196597356,2645,0.3955045391086661,0.3979717107172357,0.3361625539020143,5.86904827860604,0.06465028355387524,2645,0.08226038704377087,0.04561872861030172,0.04567231809257666,5.488846905596033,0.9236294896030246,2645
scene-0018_CAM_FRONT_06cc9133_1cc4743f,scene-0018,1cc4743fc70047ad8eac0777e43cfe57,2158,1,27.3665,19.985624882960344,14.229630668418976,-0.314306378364563,1.7535289770663462e-05,0.6539931803057661,0.33968680194120315,0.923205221393187,0.4045076326061037,0.8578709634704038,0.8930393639453214,0.6384610677448666,8.898536133097664,0.019462465245597776,2158,0.387601033904832,0.3907392225473706,0.33001497551841175,4.920676367335151,0.07182576459684893,2158,0.08134898843734144,0.042879291662682645,0.04293165682892286,4.5021144230811725,0.9258572752548656,2158
scene-0018_CAM_FRONT_72f030bd_b66b4277,scene-0018,b66b4277cf6145bbabb891ea7193dfa6,2403,1,27.3665,21.5010104306642,16.477608191800552,-0.24121970683336258,6.695501961782075e-06,0.507317257682061,0.26609755084869846,0.6608296350691167,0.3048623429074706,0.6394341842054205,0.655664936379361,0.5044740655030391,8.659634763707038,0.026217228464419477,2403,0.30319110220137174,0.30182584131126516,0.26430710863141105,6.319383086602156,0.15647107781939243,2403,0.057263469392113124,0.027839183717236288,0.02796510127852203,6.0948387258087315,0.9525593008739076,2403
scene-0018_CAM_FRONT_6611e3ee_81f15cce,scene-0018,81f15cced544486daa6aa4d6b6bf17d9,2474,1,27.3665,19.901522386834774,14.3628950918183,-0.3185234069824219,0.0,0.6446714862725003,0.3261480792900784,0.9053609892053789,0.38562053538715224,0.8506643897924,0.8857988409792213,0.6355616795450757,8.8507571275764,0.009700889248181084,2474,0.3661779960628274,0.3758393310969548,0.31919220414147553,5.622747194504137,0.08609539207760711,2474,0.06283242408404438,0.024813772518812505,0.024821226454807332,5.35379220218507,0.9506871463217461,2474
scene-0018_CAM_FRONT_dbffcc96_b1736070,scene-0018,b173607014c44dfd86cfee252561315f,2441,1,27.3665,20.70495994942504,15.003398682411294,-0.2789463549852371,2.1152463108181388e-05,0.6010428833732209,0.32209652838798375,0.8240200490094387,0.3800179804391768,0.8235306129442121,0.8289772021329059,0.6037826288431134,9.562671983373319,0.01106104055714871,2441,0.38756435197251365,0.38498113256473276,0.3260554156851576,4.834250497241058,0.055305202785743544,2441,0.04565578522767608,0.020907658894623146,0.020980614180950763,2.7011169198609717,0.977058582548136,2441
scene-0018_CAM_FRONT_3c23cd7c_bb99cbc0,scene-0018,bb99cbc063344aa497ce11315ff5bf8d,2944,1,27.3665,18.91270130224305,11.274551336635565,-0.36948591470718384,9.714891077566466e-05,0.8867715458003507,0.5172856310931668,1.427280623671046,0.6774681969639054,1.408734824238914,1.431709955713904,0.8885946953587366,12.327801706388634,0.008831521739130434,2944,0.6752424542566139,0.680529261911744,0.520242938921414,6.22756272532753,0.012228260869565218,2944,0.06991796935320717,0.05131052330848161,0.051165953749825244,3.2245712895474767,0.9633152173913043,2944
scene-0018_CAM_FRONT_cf5c4b43_f540699e,scene-0018,f540699e07cf47d8bddeb1f0227a7417,2625,1,27.3665,16.635722700895617,11.5523630772574,-0.49776728451251984,0.00017982520353666842,0.8624296261631925,0.3646623416506727,1.3689092713745428,0.44002768867657815,1.2034504339278667,1.3549430896617962,0.8565165614276784,11.169529571001593,0.05028571428571429,2625,0.3967438820499819,0.4336103124556355,0.3612343395224664,3.974721483967515,0.104,2625,0.09362084895545594,0.02312881345807374,0.02309986747852033,3.3896678222227035,0.8384761904761905,2625
scene-0018_CAM_FRONT_ba22ee94_59e1ec03,scene-0018,59e1ec0333a747d58efe81aeb250c113,2385,1,27.3665,18.7446745057345,12.28237147795256,-0.3784099519252777,0.00024226522933617678,0.8011546164663406,0.42274466454106285,1.2281120587440433,0.526144567389293,1.0864328633414635,1.2103296769006855,0.7931416794723509,12.71126966215917,0.04654088050314465,2385,0.46089572887088076,0.5139645312286429,0.41736653261278667,5.350010077022088,0.0989517819706499,2385,0.09652138447357829,0.040941633176943854,0.04067920648102641,2.962676820105326,0.8716981132075472,2385
scene-0035_CAM_FRONT_d62b0f9d_020154f4,scene-0035,020154f4d8cd4e8582c4a02f10d70d7a,2491,1,27.3665,40.60098797129889,32.60732455867182,0.39447276294231415,0.0,0.1752173052120698,0.21925545773024435,0.16072537779791685,0.24514931908147553,0.15116405527586702,0.15271587086035682,0.16571918705235333,3.4746952732296026,0.9474106784423926,2491,0.2692920564807698,0.25846550957626496,0.2301485502418077,5.02884321126512,0.416298675230831,2491,0.038661176325090925,0.021182190713244318,0.02115431077042018,2.486987391661177,0.9887595343235648,2491
scene-0035_CAM_FRONT_a3d2c3ca_40ead2f4,scene-0035,40ead2f47c8146c581917c05cfda04ea,2480,1,27.3665,39.125769975061786,32.92646347175692,0.35746169090270996,0.0,0.18495705765244175,0.1725046332502682,0.16886002581255188,0.18827732618847448,0.18808691810084965,0.17411086415666235,0.19129473258737373,5.033408434596823,0.7701612903225806,2480,0.17051935187507958,0.18153720258403022,0.16691633012402618,3.2269976314531363,0.9725806451612903,2480,0.0364722386448602,0.01539895698100309,0.015378235756146497,2.804707492307671,0.980241935483871,2480
scene-0035_CAM_FRONT_cc71e504_57267f4d,scene-0035,57267f4d074b42568f79cd015d5c1a4c,2838,1,27.3665,37.62528959195995,31.729366637182007,0.31835678219795227,0.0,0.14792300674905956,0.17043377544889315,0.13750248112640828,0.1858191189946039,0.19428665636753878,0.15736498239746205,0.17122137132479587,8.143266506905738,0.6409443269908386,2838,0.14058622665646564,0.1622667950435671,0.1505425342093294,4.59209302309142,0.9753347427766033,2838,0.07401229049369608,0.026982048179141183,0.027128026231396984,6.0102848496475625,0.9429175475687104,2838
scene-0035_CAM_FRONT_af571c22_5dda1ef8,scene-0035,5dda1ef89d98493aa39a470b21fa4ebe,2622,1,27.3665,34.11282166438463,28.53424407274866,0.22035367786884308,0.0,0.04178527476991256,0.17856840309893052,0.040924303786407434,0.1955046566999732,0.08709106527723216,0.05785358927816225,0.059471798956288735,4.270358867008158,0.9244851258581236,2622,0.15883063953435145,0.17802705751292758,0.16388979529626946,3.2858027569235273,0.9759725400457666,2622,0.055167469318279413,0.02162175333700131,0.021732183627508395,3.7443938595149664,0.9584286803966438,2622
scene-0035_CAM_FRONT_7b86bda4_50a05815,scene-0035,50a05815453843d59bc3a77910df455d,2482,1,27.3665,37.34776520499467,30.557721730343502,0.31095343828201294,0.0,0.11029777317287781,0.20065566510913513,0.10443258036395608,0.22220385192881476,0.13560754749908832,0.1133537332266911,0.12030917413050302,4.77065549010956,0.879129734085415,2482,0.2004294536367642,0.21157683075998057,0.191945966164629,4.114529489227721,0.8444802578565673,2482,0.0515249929056947,0.024389177646922455,0.024390028098634442,3.9676555484891813,0.9641418211120064,2482
scene-0035_CAM_FRONT_25a5a54c_c0e4b101,scene-0035,c0e4b1016c09468c9b1ce496462eb1ad,2379,1,27.3665,36.22820938096114,29.874473803592494,0.28051844239234924,0.0,0.08768475918994412,0.19283368320240513,0.08395039256861836,0.2126810875110574,0.11494412565281976,0.09948863034891482,0.104792488514589,3.5338135603935483,0.92854140395124,2379,0.18010798656386268,0.19357202127693382,0.177282798593426,3.0004394946101485,0.9247583018074821,2379,0.0482187400086448,0.029687653963489335,0.029576579612806686,2.702004347983515,0.9823455233291298,2379
scene-0035_CAM_FRONT_08078980_82e2c7a4,scene-0035,82e2c7a48a4640ce8475d8b6930f8a1b,2544,1,27.3665,38.97042001956007,35.460795931906866,0.35348325967788696,0.0,0.2591081086646705,0.09437515101321692,0.22826041320250778,0.09897194903330764,0.26693509837898943,0.24982805612190723,0.28745284141341365,7.76031874747115,0.14661949685534592,2544,0.09754565062489313,0.08356352297916092,0.08126996602019543,4.691616197180814,0.9685534591194969,2544,0.07609550795795754,0.0472149249680565,0.04717813045101393,5.1503222650104785,0.9319968553459119,2544
scene-0035_CAM_FRONT_ba5d4c21_2f598ed4,scene-0035,2f598ed435a94ed1a58f8523592cefb4,2479,1,27.3665,36.137913611238496,30.71043182931979,0.2780229151248932,0.0,0.11528275823744583,0.16274015688744736,0.10888586158294533,0.1767308845438309,0.13473699165882175,0.1169594362273253,0.12431729497931476,5.132775967297343,0.890681726502622,2479,0.16287141106100217,0.16797472431758603,0.15578586570722264,3.9774660109214484,0.927390076643808,2479,0.053273076873205025,0.03188057401893574,0.03230515807007439,4.238765081705085,0.9661153691004437,2479
scene-0036_CAM_FRONT_e1b5c775_856ccc62,scene-0036,856ccc626a4a4c0aaac1e62335050ac0,2517,1,27.3665,29.164578632957497,23.010893850463557,0.06363527476787567,0.0,0.17335188817097125,0.23698716293884736,0.18928452661775674,0.2674248476605776,0.20030292735680905,0.18929326869083168,0.17373848130004044,3.7483809405660327,0.8228049264998013,2517,0.26074524300633006,0.2657377690728571,0.23622579161897805,4.069747575181852,0.2820818434644418,2517,0.08592871826292568,0.0273782532641965,0.027160604048614978,4.116866528637588,0.8597536750099325,2517
scene-0036_CAM_FRONT_e63b5804_7bd9965f,scene-0036,7bd9965f22864e9dbff830ced43a66da,3034,1,27.3665,28.076701536207345,23.449179957085832,0.025620467960834503,0.0,0.1544841132040018,0.1801045811648363,0.16705573713380284,0.19734257605555094,0.15711910754244898,0.16352951824716022,0.15180164961958487,4.1737721441926325,0.936717205009888,3034,0.18085769199456114,0.1931167895056265,0.17681570869599306,4.2793090199887525,0.912986156888596,3034,0.06296144754843809,0.023003172469802526,0.022800641562898294,4.542433065120886,0.9106789716545814,3034
scene-0036_CAM_FRONT_978a0782_96d66c41,scene-0036,96d66c41d3dc42b193bf1a091ac103a3,2524,1,27.3665,27.583325937168006,21.764701118845238,0.007891819812357426,0.0,0.2290301949195821,0.23692201473193997,0.2573800049247803,0.26734227989396264,0.27626331564824813,0.25878160490015567,0.23057993560093182,5.998244284536894,0.3795562599049128,2524,0.28503183180779185,0.268502835628454,0.2384420090268814,6.017808412131282,0.29635499207606975,2524,0.07985377533286632,0.030378616208537913,0.030498206768605374,6.234047876597391,0.902931854199683,2524
scene-0036_CAM_FRONT_6f8d7a92_ca08ecf4,scene-0036,ca08ecf430ce4eceaea30a6a2a8eef95,2625,1,27.3665,29.654230915156134,22.618606880812777,0.08028517290949821,0.0,0.19054675678569666,0.2708319296951949,0.20991094386165887,0.3110547025029924,0.18485372687998025,0.20014525828975357,0.18305049635414194,4.197214586802764,0.9005714285714286,2625,0.27431298152187594,0.29737439550257,0.2621160346316329,5.015926432625936,0.28495238095238096,2625,0.061892697613679694,0.028085599065909034,0.028158881328347984,4.518137988367284,0.9436190476190476,2625
scene-0036_CAM_FRONT_f8d77275_07a6e4ff,scene-0036,07a6e4ffcd6f4d4caad66fb043435c4f,2770,1,27.3665,29.525984751887588,24.530052244052012,0.07595107704401016,0.0,0.10942064956724984,0.18537172661126,0.11563154157715916,0.2036657915821185,0.1300047797134419,0.11412357614367621,0.10812598785739291,5.5089536189538695,0.9216606498194946,2770,0.20532500594828618,0.20152211926107674,0.18370875587567048,5.6008631040674555,0.8815884476534296,2770,0.06227513427878812,0.01830667048825628,0.01831943992210472,5.891754724623206,0.9314079422382672,2770
scene-0036_CAM_FRONT_139bce92_50082a94,scene-0036,50082a94da544d22b00110cc1bfa100f,2470,1,27.3665,29.864436108542375,23.19335623673345,0.08734870702028275,0.0,0.1654537690832596,0.25280247610354234,0.1799284122863234,0.28762891423378045,0.18586237946977816,0.176954010146691,0.16295901277502878,5.6892310439207,0.8704453441295547,2470,0.2838985536463082,0.28419020608187545,0.25018345490456406,5.966703036167624,0.24736842105263157,2470,0.06463578715206396,0.01920277770745139,0.019297064229476524,5.893147379111117,0.9493927125506073,2470
scene-0036_CAM_FRONT_53b7ed3f_989191ea,scene-0036,989191ea92524bc39ae8ee546e00282c,2389,1,27.3665,31.283897695051675,23.647986050157513,0.13378387689590454,0.0,0.14604168276736118,0.2798255596632657,0.15724442419559526,0.32289902525730296,0.18500446426148975,0.1638066827840707,0.1517867693166406,6.983892226078047,0.9284219338635412,2389,0.33692598864137335,0.3297283753249559,0.2853140484342067,7.308961418405003,0.05567182921724571,2389,0.05776683626878404,0.01720364682236768,0.017100400532052085,7.218834646458738,0.9393051485977396,2389
scene-0036_CAM_FRONT_fdd2da37_95b0c6a3,scene-0036,95b0c6a3602544ffb3c3e014b2cdfda6,2321,1,27.3665,34.709731179178675,28.804144941908664,0.2377004474401474,0.0,0.051199660742487385,0.18650078669766001,0.04991104387261158,0.20502557007611988,0.09041986629702382,0.05666210765755469,0.0583307441527916,4.183264342901603,0.9207238259370961,2321,0.1816306846596468,0.19883876460354588,0.18157859090435302,3.589924249279627,0.959069366652305,2321,0.050895060836647556,0.014019935547435592,0.01403891533758772,3.8210994923819963,0.941835415769065,2321
scene-0038_CAM_FRONT_0f39f34f_e15862d8,scene-0038,e15862d8a89d4250947cad3d1eff3dfc,2521,1,27.3665,28.164846849235683,22.858287189995206,0.028754997067153454,0.0,0.1800059081501293,0.20876090521728274,0.19722443648262433,0.2321503625854826,0.2047883853101163,0.1975251331346343,0.18039195778836747,5.1548322742428025,0.7865926219754066,2521,0.2371170794892702,0.23237843368192218,0.2089546517537919,5.330513270264104,0.6418088060293534,2521,0.06154395924287904,0.029248859037236737,0.029308809854293294,5.017845991304526,0.954383181277271,2521
scene-0038_CAM_FRONT_86958f43_aa7d1414,scene-0038,aa7d1414139344a49ba47723de8d8d3b,2336,1,27.3665,27.41143092232954,22.75190468575497,0.0016404757043346763,6.713947778914175e-06,0.1846707732945463,0.18631124899888096,0.20282237368611344,0.2047971939462243,0.20395421027772634,0.19942091153187042,0.18188171789365115,3.2021276826921743,0.8133561643835616,2336,0.20587887903916116,0.20134794125928612,0.18352219359798583,3.2232913370905805,0.8065068493150684,2336,0.037843148773171444,0.02352932970492686,0.023596238312279638,2.2257201988857878,0.983304794520548,2336
scene-0038_CAM_FRONT_70b93dd3_d65e5cdd,scene-0038,d65e5cddfa574daeb9ea9252d66dfa97,2423,1,27.3665,26.080720511179685,23.079335626128813,-0.04812327399849892,0.0,0.17038198210848732,0.1222587081099884,0.1857577030517965,0.13004641613915924,0.16744435366097538,0.17697946516407778,0.1636844140083613,2.9482787416177945,0.9661576557985968,2423,0.12044422956212145,0.12424816805550813,0.11743619879586609,2.7254142193577184,0.9686339248865043,2423,0.046718504099827994,0.019794399951704837,0.019783229938397096,2.8745013336639285,0.9455220800660339,2423
scene-0038_CAM_FRONT_abe76951_b3537c46,scene-0038,b3537c4657784727934760188904dde8,2450,1,27.3665,39.29550421895799,34.40456032413964,0.3617904782295227,0.0,0.22886948551750397,0.13292099271201874,0.20456765782882136,0.1421597558212846,0.21587345892290316,0.20525242367771293,0.22973072916284676,3.513030405031918,0.33387755102040817,2450,0.13834223110617133,0.14186704199856986,0.13273736326099328,2.4997802636949373,0.9779591836734693,2450,0.03807869857816523,0.013598767895816943,0.013603929090584943,2.3129388096490313,0.9791836734693877,2450
scene-0038_CAM_FRONT_398ab542_ead06ddf,scene-0038,ead06ddfed704c82bdb77a1da54ca79e,2621,1,27.3665,45.22418183947464,37.52235919740148,0.5023123025894165,2.5122408937548203e-05,0.3156173629190775,0.186694939670339,0.2706615312745261,0.20525955208612068,0.2786761795654941,0.27159648697611427,0.31690010820801673,6.212027569572461,0.03357497138496757,2621,0.21596379851273007,0.20552695769834828,0.18739336507894278,4.0030222850466375,0.7851964898893552,2621,0.05019291345384605,0.019169894146990767,0.01908969863026444,3.5205117995779602,0.9511636779855017,2621
scene-0038_CAM_FRONT_378dd188_740e48ba,scene-0038,740e48ba5a5a45afbc1a56b16f586054,2839,1,27.3665,33.41263585927197,27.76887868170566,0.1996145099401474,0.0,0.014596284101068946,0.18501822583907845,0.014490274753901189,0.20324036999320616,0.08254099267534759,0.03663968689799881,0.03715744101260121,4.599002012643446,0.9052483268756605,2839,0.20072444337831225,0.1939138072795967,0.17773925383849565,4.204600795133029,0.8446636139485735,2839,0.07736611605051402,0.02929872767485408,0.029425233100806913,4.502883921624916,0.9084184572032405,2839
scene-0038_CAM_FRONT_6060fa4c_50d37bba,scene-0038,50d37bbac9f84f70bc2221d28bf7fee3,2490,1,27.3665,29.013630685774185,22.518144509210426,0.05844610556960106,0.0,0.19499823077982148,0.25344433634942254,0.21530883633891262,0.2884556573436572,0.21238409461874422,0.20998978794317488,0.19069180015554532,3.227510247633448,0.685140562248996,2490,0.2814467089519843,0.28263259770888594,0.24891468272071804,3.914244861247675,0.31285140562249,2490,0.06360078848216733,0.040593803778909775,0.04014251891902698,2.7299529950852657,0.9566265060240964,2490
scene-0038_CAM_FRONT_124b2bf9_57a80885,scene-0038,57a80885dce842049aa03cd95ccca916,2472,1,27.3665,34.87961893876852,28.38929122262872,0.2425830364227295,0.0,0.03669236679503918,0.20589066962769031,0.0360273602679263,0.22861887129349845,0.05800475904614378,0.03970380719402163,0.04045694785325937,4.039783479150418,0.9660194174757282,2472,0.23560769776632157,0.2271366203391477,0.20468350454981998,4.566041073849842,0.7160194174757282,2472,0.04089845607806332,0.01591281686168384,0.01587298099252432,3.8892394092072102,0.9648058252427184,2472
scene-0039_CAM_FRONT_15c59626_7c8ce823,scene-0039,7c8ce823cc374a8f9376df6d8f0fed89,2215,1,27.3665,35.49818202170596,31.436595943182752,0.2601618468761444,0.0,0.13865305253421,0.12150879434193484,0.12946999575077667,0.12919929644621675,0.15870896804944834,0.1398944998669563,0.15070022268518724,5.144254434482198,0.85372460496614,2215,0.13287722130370677,0.12174721436050755,0.11541891205812282,4.047990409990494,0.9548532731376975,2215,0.06095935772333742,0.03133047173800232,0.03139003192063328,4.281724473299032,0.9553047404063205,2215
scene-0039_CAM_FRONT_d7f3a1ff_17dd14b1,scene-0039,17dd14b176364a539463dbe99d96918a,2806,1,27.3665,38.381756487314675,33.88964186679293,0.3382626175880432,0.0,0.21378978040672791,0.1244728371813153,0.19248187668765804,0.1325512567579945,0.22835890605972206,0.20927296494208608,0.23480245922032794,7.858281248196475,0.40021382751247325,2806,0.11440705521358514,0.11534261935199541,0.10968741363051981,4.58630338488748,0.9707769066286529,2806,0.053126856245687394,0.02305538077699712,0.02324486317747576,5.22178138935842,0.943335709194583,2806
scene-0039_CAM_FRONT_9397c89e_3357eff7,scene-0039,3357eff74258482c87f90cf0749ee153,2634,1,27.3665,37.02426394430744,30.35218517975045,0.3022538423538208,0.0,0.10354887660873402,0.19870496574508723,0.09836804704731306,0.21982202352298152,0.11312271994500486,0.10100943980721128,0.1064827449282475,4.503448117285219,0.9601366742596811,2634,0.2121831048022528,0.21710224289411306,0.19647282268376254,4.789934895510318,0.8507972665148064,2634,0.03551706802109203,0.01643215113331052,0.01648329350977229,3.804181019637454,0.9870918754745635,2634
scene-0039_CAM_FRONT_23cd0004_b024c299,scene-0039,b024c29991134caf93eec0576496374b,2533,1,27.3665,37.27814988849301,29.632921456350278,0.30908772349357605,0.0,0.07956631700662165,0.2295214064869544,0.07648322693018139,0.25799779624848207,0.0972478443573829,0.07739062048958821,0.08031117006586763,4.771626062527264,0.9518357678641927,2533,0.2820882091727747,0.2614708979694737,0.23241631795935191,5.5363013772806955,0.2901697591788393,2533,0.0599732452172636,0.01703399670944132,0.016910607581178017,4.474054430363544,0.9569680221081721,2533
scene-0039_CAM_FRONT_edc5f9bd_3c693de8,scene-0039,3c693de822714eeaae9695ae7ddb013c,2752,1,27.3665,38.081316079696286,32.5881327607064,0.330404132604599,0.0,0.17462855871625926,0.15577557388833974,0.16023111232081577,0.16856391740288257,0.1741460593365141,0.15977215970909397,0.17400760673812277,5.692047993917232,0.862281976744186,2752,0.17521947079885886,0.17029313712072874,0.15731010631316777,4.348578837369386,0.9462209302325582,2752,0.04078186935669898,0.013418483899943035,0.013339844598035278,4.142878630566311,0.9618459302325582,2752
scene-0039_CAM_FRONT_02b68afc_4b247d4d,scene-0039,4b247d4da9d44628818024275c07be5a,2605,1,27.3665,34.45930284012107,27.746082973657074,0.23045936226844788,0.0,0.013775038489073133,0.21668432377937474,0.01368059678973288,0.2419519855410841,0.05411988710276946,0.021457662893319716,0.021608123218254782,4.708481155629081,0.9428023032629559,2605,0.21907522224092885,0.23650243465254225,0.2123772917340827,4.768298977504133,0.6994241842610365,2605,0.04880474080726044,0.01673005332183434,0.016746694198095824,4.619108581274315,0.9500959692898272,2605
scene-0039_CAM_FRONT_793bebc8_af15c54e,scene-0039,af15c54e76b04b77a7f6c6aa793e7013,2487,1,27.3665,36.8012475192854,27.836175275761928,0.2962121069431305,0.0,0.01701680605451905,0.27919530088861144,0.016872837992613632,0.32206551922848803,0.04974723100520784,0.030850577717454378,0.0313234499095032,4.054686199361631,0.9678327301970245,2487,0.3017218709800415,0.30934291207039555,0.26980372852868184,5.011466275803733,0.1407318053880177,2487,0.04210009421194249,0.021538023688864084,0.021618066474565545,3.967460415234998,0.9690390028146361,2487
scene-0039_CAM_FRONT_0f96fbf0_c1b68aa9,scene-0039,c1b68aa96280460c85bff795ce202a86,2409,1,27.3665,32.77114320471914,24.20836012206123,0.18022871017456055,0.0,0.1226216045432218,0.30285031471778234,0.13045658037203167,0.3537118185405128,0.1139162155658706,0.1139757668054858,0.10919671165620226,4.3282766086639475,0.9634703196347032,2409,0.3049345583749617,0.3299045291287384,0.28563450021837067,5.074529156128994,0.22249896222498963,2409,0.06698891114884858,0.029412230447574017,0.02921605487899459,4.914974327448105,0.9439601494396015,2409
scene-0092_CAM_FRONT_8e46878c_774f588f,scene-0092,774f588fe35f46338735d6c72c94de28,2882,1,27.3665,36.9119256134588,41.21960756850312,0.29921504855155945,0.0,0.40959441736447744,0.11037936881291799,0.33608053025445617,0.10450565177956539,0.35372004841002413,0.3431851242257824,0.42035307246981035,8.719497932067762,0.0,2882,0.12842962405811975,0.11408832563933632,0.1211380239182509,3.7104992704891444,0.8907009021512838,2882,0.04056653985605667,0.023457846344755638,0.023342613455515027,1.9886470290045455,0.9937543372657877,2882
scene-0092_CAM_FRONT_8d966583_1259283e,scene-0092,1259283ec9f549d4b26c98ee76c654a6,2909,1,27.3665,36.353847234161336,38.07821287432488,0.2839803993701935,0.0,0.3303226403628341,0.046342240992640615,0.28130818296747073,0.045284836393313044,0.3154078693776447,0.30136014385319637,0.3586198967812906,8.164293142416199,0.002750085940185631,2909,0.09232383997428713,0.07235518784081338,0.07505354206845571,3.5619001096339993,0.9168099003093847,2909,0.06159856485811027,0.037193713005498806,0.03710571708471733,2.830832323118093,0.9594362323822619,2909
scene-0092_CAM_FRONT_38bde806_9c2cb01f,scene-0092,9c2cb01fe74e49e1b9d3b8ae3fa72299,2925,1,27.3665,36.592738263047536,37.95120970303692,0.29053017497062683,0.0,0.3269817419287149,0.036451566958088044,0.27890309125482016,0.0357952078634447,0.2991457341704818,0.2902954359725283,0.34290650254687915,6.849786061771659,0.02666666666666667,2925,0.07639528606225103,0.05403960203776561,0.055503297235247384,3.2501574021842816,0.9435897435897436,2925,0.05714703500129041,0.03065972251516005,0.030460598367872294,2.950058283018686,0.9545299145299145,2925
scene-0092_CAM_FRONT_1ecb668f_75023dda,scene-0092,75023dda46de40c3953a0a67a31de816,3076,1,27.3665,36.729837580017254,37.09700964233657,0.2942698001861572,0.0,0.3042167260946407,0.00994692590848345,0.26229902992589815,0.009897618860909119,0.28809647527386667,0.2773472158905504,0.3248264154595144,8.748754411857309,0.003250975292587776,3076,0.05746271718450276,0.03549064872138266,0.03542084393877565,4.115623138681203,0.9756176853055917,3076,0.054501706137580735,0.03514198576280146,0.03516856120126266,4.008682316257796,0.9804941482444733,3076
scene-0092_CAM_FRONT_38c0c7b3_c3ab884d,scene-0092,c3ab884d58ff4822b6debfdbae4ef0a5,3092,1,27.3665,37.31681131495949,38.640759792879216,0.3101242929697037,0.0,0.34498803489004226,0.03486374192033859,0.2917711725471003,0.03426300323845355,0.32953452273249145,0.3100453562402059,0.371111320312946,9.730507795072997,0.0071151358344113845,3092,0.08999178182444047,0.06062435557776287,0.06245397868391955,5.871202117955867,0.9304657179818887,3092,0.06515578678870103,0.029075479495703715,0.029341787041944567,5.590470769878916,0.9401681759379042,3092
scene-0092_CAM_FRONT_e568b88d_c10dfcf7,scene-0092,c10dfcf73ed84179b8915990fa6464a5,2981,1,27.3665,37.9362704104165,39.11868050000589,0.3265880197286606,0.0,0.35728047741006597,0.03069245768140494,0.3004237451210585,0.03022622630610483,0.3258037161375773,0.3075015724235479,0.36744931157094385,10.110764380085516,0.004025494800402549,2981,0.07241676210688068,0.04123174486731549,0.04210588592633702,5.3059820615079145,0.9449849043944984,2981,0.05963266576191489,0.030259190294176022,0.030133366973663867,5.021192963600214,0.9486749412948675,2981
scene-0092_CAM_FRONT_e6c7e16f_248b69fa,scene-0092,248b69faea5d4dc6ae0106c95d48ece8,2969,1,27.3665,37.38711554725859,40.407238863483066,0.31200650334358215,0.0,0.3896893110677633,0.07768280772418112,0.32273273874370756,0.07474213534926366,0.3497426864724848,0.33554548916647176,0.4086650605112463,10.117667928035504,0.0020208824520040417,2969,0.1137170572734408,0.09292652233719563,0.09735658819541149,5.4117796317121405,0.9134388683058269,2969,0.05815739983235907,0.0318738732494433,0.03176885705654042,4.465417101824459,0.9474570562478949,2969
scene-0092_CAM_FRONT_4996d203_f6dc7d8e,scene-0092,f6dc7d8ea5bd4b84938579f60488bee5,2964,1,27.3665,38.5021233424147,40.9435929558896,0.34139375388622284,0.0,0.40287570024652775,0.06148194636030491,0.33160482448418294,0.05963007731405512,0.34962164817924823,0.3350947082130665,0.4081106669071288,9.296876607081995,0.0020242914979757085,2964,0.08671182596486957,0.06483167463463531,0.06697280746428402,4.276806022204022,0.9311740890688259,2964,0.05084249715836575,0.0277242718848942,0.027532020886730124,3.7344187570772283,0.953778677462888,2964
scene-0093_CAM_FRONT_6e0955c2_88c4bf6c,scene-0093,88c4bf6c96624c9baf7ca0f98c790034,2552,1,27.3665,32.213967162490945,25.01219947105117,0.16308048367500305,0.0,0.08995595295045344,0.2530364366254565,0.09412608961773516,0.28793020381014545,0.11231426290782989,0.09833239090077267,0.09388603561463282,2.5577514438752793,0.9615987460815048,2552,0.29810320822548014,0.2913934774864526,0.2558410335472582,4.515489442658468,0.17280564263322884,2552,0.04482286492927391,0.023381046918826004,0.023476165012273675,2.2983786726439286,0.9776645768025078,2552
scene-0093_CAM_FRONT_6dab8a84_5c279586,scene-0093,5c27958677604dc5ad254f69f31aaf85,1880,1,27.3665,32.13685996790744,25.63182572543357,0.1606840193271637,0.0,0.06548486587628455,0.2261688852034487,0.06767657884179412,0.2537873935378374,0.06741307851174118,0.0681864280279299,0.06617318067976852,1.9430828272428362,0.9867021276595744,1880,0.22615440842634546,0.24601078217354427,0.2199470727744045,2.6149419834492416,0.5228723404255319,1880,0.047337677146847716,0.026557944589199807,0.02647286586493003,2.1284056132480518,0.9904255319148936,1880
scene-0093_CAM_FRONT_561cf9ac_85249094,scene-0093,852490943ea64291ae0f85dc0d49825a,1931,1,27.3665,38.60752260625803,33.34952463705204,0.34412750601768494,0.0,0.19772388086074422,0.14640362515694072,0.17940359576834186,0.1576633558177989,0.19578471119427895,0.182082983358964,0.20099439417454956,4.845306617147373,0.771620921802175,1931,0.15544487724159015,0.15460004020483362,0.14393750580868447,3.988841795348076,0.9730709476954945,1931,0.03838142664934396,0.016340500128711143,0.01623578260609948,4.052424634842097,0.9694458829621958,1931
scene-0093_CAM_FRONT_938d0ee9_636c9024,scene-0093,636c9024749e46ee8a9987b58e2cf802,2097,1,27.3665,52.05051764386737,50.89691693029759,0.6428951025009155,0.21951204644854544,0.6204827129702322,0.022412389530683363,0.4623151724989959,0.022665434040918697,0.47468392769572815,0.46907274399769217,0.6331302614707173,6.793651183552095,0.0,2097,0.04255284734182804,0.03636762031804219,0.035958416444677344,1.4172982656473159,0.9880782069623272,2097,0.04207312625522097,0.029816817094250662,0.029633481174927034,1.5788998902834608,0.9828326180257511,2097
scene-0093_CAM_FRONT_f9438d42_4a4ea75e,scene-0093,4a4ea75ecf81469988905e6bd73bf49d,2140,1,27.3665,53.59910112876428,60.29856090487883,0.6722126603126526,0.6593450610548971,0.7899886002198748,0.11777593990722224,0.5461500309572771,0.11110480375614551,0.5564269614588003,0.5514648613502416,0.8017682535784517,8.775988662427759,0.0,2140,0.13181665751467772,0.12151425077036855,0.12955559326579913,2.981221733019769,0.9228971962616822,2140,0.04017243316885754,0.024617562461829386,0.02441729211679522,1.7841901211603919,0.9878504672897196,2140
scene-0093_CAM_FRONT_08303db5_267340cf,scene-0093,267340cfbeb4415f9f74090750e237ab,2210,1,27.3665,53.212551412068954,55.15198009963476,0.6649746596813202,0.4991186839012926,0.7007730113090735,0.035798351627753355,0.503798413936162,0.035165168758440446,0.5186548722421749,0.5093701429242712,0.7120653010658067,10.634117811088474,0.0,2210,0.06999367153411513,0.04830031203624452,0.04950574813509068,4.192866171827198,0.9601809954751132,2210,0.04583842950648801,0.01937489853482897,0.019319995862269845,3.921988413476849,0.9742081447963801,2210
scene-0093_CAM_FRONT_9c345815_f7a001c4,scene-0093,f7a001c474d844618d4c6fb15dc16b8c,2726,1,27.3665,48.08332753796904,44.87652547214663,0.5636158585548401,0.0008764848801411872,0.49459520240120325,0.06902065615363684,0.39018228991490267,0.07145834112787464,0.40736488446741803,0.4036848240620593,0.5169859334216669,11.061567330506689,0.001467351430667645,2726,0.06303421043334717,0.05459961640896108,0.05361931506361883,2.449714584307325,0.9867938371239912,2726,0.0509138118997753,0.039954621302905224,0.04015364418183054,2.9071753544911783,0.9776228906823184,2726
scene-0094_CAM_FRONT_19ffc60b_16c4a3ea,scene-0094,16c4a3eac2a54160a30b559855584cd8,2623,1,27.3665,41.98870958157927,34.88243641879481,0.42808112502098083,0.0,0.242663810419808,0.18541731460117328,0.21546477799197516,0.20372066553687085,0.24814350057737186,0.22663888825042874,0.2570091832691872,7.019140989009445,0.09111704155547083,2623,0.16587998707150295,0.18799183145134057,0.17227434547819565,3.2076375271578255,0.944719786504003,2623,0.060231033788860536,0.025744133042237532,0.025881548646448316,3.4050287088440876,0.9698818147159741,2623
scene-0094_CAM_FRONT_442d1845_ac83bf9a,scene-0094,ac83bf9a407f40ec8182fb5d2ba88444,2560,1,27.3665,42.14243092661351,36.43327984713412,0.43173545598983765,0.0,0.28616300081885804,0.1455724551709796,0.24885983049498428,0.1567015405539578,0.27541642326043403,0.2600689047098561,0.3010590156632953,6.6849864530083245,0.025,2560,0.13425807240964352,0.14124518720324206,0.13252995503417453,2.7875738890005666,0.9671875,2560,0.05526730504285169,0.028515699433926428,0.028393228764439393,2.903653612710903,0.95859375,2560
scene-0094_CAM_FRONT_6a85b137_a2751129,scene-0094,a27511294c014c34bea679aae0d35735,2296,1,27.3665,41.538306398740744,34.508682641470706,0.4172964096069336,0.0,0.23189132550306102,0.18540508410387257,0.2069676989896917,0.20370594352454963,0.2356404996797499,0.22019582081049777,0.24866363207236752,5.047197294448937,0.2617595818815331,2296,0.16912927167747374,0.1838189617282902,0.16900616669634472,2.720504491158295,0.9782229965156795,2296,0.050021498181284006,0.025835527052964775,0.02571732455013953,2.7020075138529607,0.9647212543554007,2296
scene-0094_CAM_FRONT_7dfa2547_9e527ac1,scene-0094,9e527ac110c84d6daa076e018aeb7a53,2543,1,27.3665,41.736759908435396,34.67604256906022,0.42206263542175293,0.0,0.23672939499104206,0.1853332404307113,0.21079517809746195,0.2036194679745582,0.24836347021484564,0.23133097557741888,0.2630947994938808,6.283728914569422,0.16869838773102636,2543,0.15824223751436736,0.17391364550287403,0.16041359332660488,2.608758755779842,0.9771922925678332,2543,0.05860668726772151,0.03242861511923254,0.03239129859264489,3.269064708741055,0.9657884388517499,2543
scene-0094_CAM_FRONT_15222be3_7604c6ea,scene-0094,7604c6ea363c4a4a8fcf574281a7ac86,2336,1,27.3665,41.11657948826882,31.61377339703147,0.40709179639816284,0.0,0.14427325498736288,0.26281854141079997,0.1343488277622148,0.30059069418551787,0.16847151120423132,0.1464297923222607,0.1583274891644344,4.572394112240591,0.8142123287671232,2336,0.25393727330476623,0.2833786821358966,0.24949619420556335,3.3342490789529613,0.3095034246575342,2336,0.04633424097788632,0.019251471469148053,0.019233031182348315,2.6857330347151542,0.9648972602739726,2336
scene-0094_CAM_FRONT_d00b9230_8b17a8d9,scene-0094,8b17a8d9c23a4a849ec471da90fec39e,2150,1,27.3665,40.36540513975352,32.478620830406825,0.3886534720659256,0.0,0.17126241463617475,0.21739105742975084,0.1573995662285267,0.24283002503489937,0.191298613226814,0.1754224579933676,0.1928840954837111,4.0455186002749945,0.6981395348837209,2150,0.20190736216724228,0.21633128099010157,0.19670896750953704,2.3014670892026796,0.7451162790697674,2150,0.05067390230460627,0.025918132689690628,0.026056749425741765,2.232860863984223,0.9562790697674418,2150
scene-0094_CAM_FRONT_723ad933_3164b1a6,scene-0094,3164b1a6aa024beea62d3b14fa78d747,1964,1,27.3665,39.63944830656001,32.06045054830052,0.370505154132843,0.0,0.15830356272939872,0.2122015914034443,0.1464093756645396,0.23639710698517424,0.1665012435402805,0.1527964219809321,0.16581426142975086,2.995479140083449,0.8508146639511202,1964,0.21224360743731932,0.22747635201539113,0.2050138461645743,2.5720704187810224,0.744908350305499,1964,0.03587568026386147,0.021052544115379383,0.02100778011507165,1.9626738209435253,0.980142566191446,1964
scene-0094_CAM_FRONT_68c0cfc0_8887f956,scene-0094,8887f956960c40df8e801576ad31ac93,1851,1,27.3665,30.604307402226684,26.878042477625925,0.11182112619280815,0.0,0.018009949127711256,0.1298310753205194,0.018173106273668527,0.13863602335261627,0.027406711459711724,0.018780055810578955,0.018605887773892382,0.9809186943657029,0.9886547811993517,1851,0.13239214105565555,0.13467447700921545,0.12636153763479108,1.340946235512255,0.9951377633711507,1851,0.02252544442624357,0.011497507093310488,0.011515454833179284,1.026911857068855,0.9864937871420854,1851
scene-0095_CAM_FRONT_78be3bd5_d773c946,scene-0095,d773c946a192406c83ed0980f776d1a8,1985,1,27.3665,25.551886955748845,22.58950300573545,-0.06860847026109695,0.0,0.19183430803130452,0.12322583777020757,0.21146976952311336,0.1311398462047284,0.20683466289214295,0.20705597669146475,0.1882405345208078,4.682926212553014,0.9476070528967254,1985,0.13482744562154345,0.12825441356608253,0.12067167158621861,4.619638317903891,0.9667506297229219,1985,0.042263798854979696,0.012431073545077442,0.012429967387188379,4.773401973662409,0.947103274559194,1985
scene-0095_CAM_FRONT_71b80d68_da3ef456,scene-0095,da3ef456918149c5a22ff069dd97b7d7,1932,1,27.3665,28.442262777807922,24.853252889704276,0.038556527346372604,0.0,0.09633099266775869,0.1348875200141313,0.10112346747724366,0.1444080541099082,0.10909279507486042,0.10043622130026261,0.09570666601060784,3.8050088658576775,0.9663561076604554,1932,0.1479769524253963,0.14326054121275478,0.13396376466843396,3.8220033614002915,0.9730848861283644,1932,0.03532724778314648,0.010788275120597969,0.010747971744736629,3.9195939639289628,0.9503105590062112,1932
scene-0095_CAM_FRONT_98592cf2_e6bf9e3d,scene-0095,e6bf9e3dc50149ba8cdce44e52f82fb9,1922,1,27.3665,25.022922166489174,23.223368717742193,-0.08952734619379044,0.0,0.1641605936073649,0.07463324741357447,0.17840354397389957,0.07748890656729568,0.17863538025985834,0.17650800632080993,0.16263262401948575,3.8786090059476144,0.9719042663891779,1922,0.08782087608738752,0.0766853445697532,0.07398191638675544,3.8159423892780127,0.9625390218522373,1922,0.036024889008608146,0.011249660892750025,0.011197433228992137,3.9090380951747243,0.95369406867846,1922
scene-0095_CAM_FRONT_18b3ef8c_2d800e7c,scene-0095,2d800e7c6d03460e8532daba3641f5d2,1911,1,27.3665,28.363336646810698,25.344613140640362,0.03577771037817001,0.0,0.07675342956476872,0.11253113994293873,0.07977580277670593,0.11910710530159085,0.08836926448721087,0.07864389319985625,0.07573033459352674,3.147183117622165,0.956567242281528,1911,0.12281404476769307,0.11783591341920097,0.1113945960000775,3.1493803348774727,0.968079539508111,1911,0.03660424282966243,0.011115141799375708,0.011094517963445405,3.2614887037857825,0.9487179487179487,1911
scene-0095_CAM_FRONT_99ccc70f_cac56fc7,scene-0095,cac56fc7411b4bfca61e56d4244faecc,1948,1,27.3665,25.301480026309466,23.46353339479202,-0.07845674455165863,0.0,0.15387219216475545,0.07541544761309726,0.16634180963018474,0.07833204831482887,0.16479957890365832,0.16226345209189846,0.1506231635642603,3.7561659957077307,0.9630390143737166,1948,0.08917587609770454,0.07567847023530631,0.07295159748539348,3.765486007319506,0.9476386036960985,1948,0.04506182799040098,0.014767319234409586,0.014811615464548344,3.9157686821530193,0.9399383983572895,1948
scene-0095_CAM_FRONT_1f40bab1_b90fba92,scene-0095,b90fba92889749a69ec4235b8edec06f,1915,1,27.3665,25.740915908540913,23.226825466661644,-0.06123785302042961,0.0,0.16401175681619407,0.10277390379576445,0.1782281672232906,0.10824081170661226,0.17223654589630463,0.17296365133613126,0.15969077519607655,3.4202582068130463,0.977023498694517,1915,0.11021737483016529,0.10500111869945926,0.0998511333987313,3.357912766244477,0.9676240208877285,1915,0.04004324928513382,0.01527303472316655,0.015321394934957322,3.5026370739100767,0.9451697127937336,1915
scene-0095_CAM_FRONT_a9549839_70271815,scene-0095,702718159551426784c32a0722aac622,1932,1,27.3665,29.25786255947153,25.654806920454238,0.06682870537042618,0.0,0.06458867927275147,0.13141738464317765,0.06672017001932873,0.14044368566830356,0.07485817155069104,0.0635791430187558,0.061745884944705454,3.3287702925538896,0.967391304347826,1932,0.13749548549225898,0.1353952128519838,0.12710833585674153,3.330319633443282,0.9663561076604554,1932,0.03953159244203224,0.01579537992160713,0.01579050839197671,3.451431480000912,0.9492753623188406,1932
scene-0096_CAM_FRONT_f9475d1f_73a3e6b8,scene-0096,73a3e6b8189f445baf70c080117d3bf6,2006,1,27.3665,40.65369179641895,34.20765512064594,0.39577001333236694,0.0,0.22312981532075238,0.172640198011615,0.19998901112976253,0.18843842564007018,0.2327474640021348,0.21429392778272754,0.24117251262218986,4.7913531563916525,0.37387836490528414,2006,0.16102623676853373,0.1691598348754694,0.15688836680777407,3.1971270989236587,0.9755732801595214,2006,0.05779531018473571,0.031355921651766545,0.0314651657701126,3.390436741905784,0.9386839481555334,2006
scene-0096_CAM_FRONT_67cc592a_fd27366f,scene-0096,fd27366f4f1c4df3ae73e27f8d469db1,2030,1,27.3665,34.31156770187539,28.57984078418631,0.22616291046142578,0.0,0.04338196396624472,0.18278094649518106,0.042454427697780295,0.20055139428420254,0.06538938209910725,0.050241472980063685,0.05151498952574485,2.834442049481047,0.9610837438423645,2030,0.18462944880171567,0.1919952265820349,0.1756285639423829,2.822184841702506,0.9320197044334976,2030,0.03913610997653228,0.020039257710514707,0.020175442735067994,2.6305985313620175,0.9773399014778326,2030
scene-0096_CAM_FRONT_3ba93f95_112aa7a7,scene-0096,112aa7a7edfc4df6b8e9775b14f74e12,2020,1,27.3665,39.40029411793187,35.151040414306244,0.36445364356040955,0.0,0.250334579449905,0.11411906411050454,0.2214597440802346,0.1208855741833521,0.23837760207716954,0.22737418859533842,0.2579604217037985,4.039800245057116,0.09554455445544555,2020,0.10768112092180018,0.11349573375465856,0.1075555708491367,1.9534987480299473,0.9871287128712871,2020,0.03954415599606454,0.02071722946812164,0.02076818824409199,2.0494670649542295,0.9826732673267327,2020
scene-0096_CAM_FRONT_5edf36a0_7c7ce7a9,scene-0096,7c7ce7a97984492b9a5c76327bc90610,2010,1,27.3665,36.35342686611054,27.835376782685035,0.28396883606910706,0.0,0.016988120198011547,0.2669807158710955,0.016844635743414882,0.306015260721175,0.056631914877147436,0.022636789964783535,0.02285590426664519,2.0577897011903814,0.9343283582089552,2010,0.27977592027637443,0.30034100326501234,0.2630593269628029,3.094701475871564,0.1880597014925373,2010,0.04734654785385682,0.011670976544577927,0.011641309899135921,1.971147567498517,0.9422885572139303,2010
scene-0096_CAM_FRONT_9a2209d8_296e524f,scene-0096,296e524f77ca4fad9d95e3dfe54c1259,2039,1,27.3665,35.48438720234848,27.28372725556034,0.2597731649875641,0.0,0.0030291843928056394,0.26280234938037017,0.003033777007970473,0.30056963515191537,0.05574301545938663,0.019716967074506733,0.01966989644974504,2.152164760877008,0.9406571848945562,2039,0.276535389682772,0.29558726310924377,0.2589640773846851,2.8616259711322347,0.23688082393330065,2039,0.055964331509410034,0.018343419142236573,0.01835653264144943,2.166156955312242,0.9396763119176067,2039
scene-0096_CAM_FRONT_e8038e0f_d6e16562,scene-0096,d6e16562bd2a4778b4789b3b66431e74,2032,1,27.3665,32.21910432512067,25.41977745485486,0.16323994100093842,0.0,0.07379212664116164,0.23703206764210005,0.07658298931225849,0.26748176227511467,0.10086696776015869,0.07697318887849124,0.07436801711359942,3.079507669481223,0.9242125984251969,2032,0.2591636134871851,0.2641726857055974,0.23494005504664173,3.380364528469543,0.3464566929133858,2032,0.0635427431049827,0.018568012447753156,0.018532834632976614,3.3136639382866866,0.9148622047244095,2032
scene-0096_CAM_FRONT_3c1ab7d8_3fd8074c,scene-0096,3fd8074cf3444290a8cf4ddd3de0ffc4,1951,1,27.3665,35.05934993693055,26.70182138447317,0.24772270023822784,0.0,0.024587857911255284,0.27231055814948313,0.024892632077650356,0.31299469920494616,0.06148457371818295,0.02586319524416264,0.025686178236465906,2.1792353679984564,0.9246540235776525,1951,0.30569770472037155,0.30833180511886216,0.2687736220408712,3.3940011420976406,0.1132752434648898,1951,0.055299219578873585,0.01716826382054292,0.017297876714038818,2.2307348679648924,0.9210661199384931,1951
scene-0097_CAM_FRONT_1c81b06c_1dd5d04e,scene-0097,1dd5d04e621f4fe791bff994708af69b,1166,1,27.3665,16.430196070792725,9.093030713429696,-0.5101987719535828,0.0,1.1018113731992778,0.591612601245695,2.009612621189304,0.8068998762455084,1.8573108806755192,1.9995973957584616,1.099465626835533,11.076635663946512,0.02830188679245283,1166,0.745237609843648,0.8026663148199802,0.5893335257513602,6.43235072466599,0.10377358490566038,1166,0.10136696363757654,0.03351017834755557,0.03387221957859943,5.649118580808414,0.8310463121783876,1166
scene-0097_CAM_FRONT_9577cf1a_6bf8421a,scene-0097,6bf8421a1f32469f99868bbbeea9a200,1096,1,27.3665,16.40622327275087,9.078756911583596,-0.5116589069366455,0.0,1.1033823584073694,0.5917234514707244,2.01434439389858,0.8071001826051927,1.8468539556054413,2.003783127000439,1.1008239655127814,10.38259387366494,0.0364963503649635,1096,0.7429754736885592,0.8024828444116935,0.590383645274321,5.567875316626637,0.08029197080291971,1096,0.10737279033819502,0.03843753867279445,0.03771719837137544,4.733952220475294,0.8184306569343066,1096
scene-0097_CAM_FRONT_5c6f3a7e_98a8d1c3,scene-0097,98a8d1c359d54ed19060d3f0f5867468,1004,1,27.3665,16.747560412546896,9.949921023997321,-0.491067036986351,0.0,1.0117550237854451,0.5206879867990941,1.750423840952827,0.6831852606824675,1.638948317042289,1.7313163825909288,1.0066994016355872,9.210730209514002,0.029880478087649404,1004,0.646155745921647,0.6746971882600806,0.5219111724854489,5.156190736078325,0.09561752988047809,1004,0.10540092865386638,0.048825670393602534,0.04891444336595341,4.496814315395042,0.8376494023904383,1004
scene-0097_CAM_FRONT_8ef17257_50584518,scene-0097,50584518abf2443da57a124020086b69,1415,1,27.3665,22.405241533792264,17.9297497194137,-0.20002470910549164,0.0,0.42285830887921527,0.22283359977372408,0.5263180149340578,0.24961262061191292,0.5150253288155906,0.5182208662436019,0.4179095291342436,3.611282197282776,0.03250883392226148,1415,0.2601602727011225,0.2464734249715272,0.22056539404769548,2.041323713272072,0.5335689045936396,1415,0.06546797467084009,0.03261712367527789,0.03290228729854139,1.6486511009043656,0.9371024734982332,1415
scene-0097_CAM_FRONT_92c817e6_fb879538,scene-0097,fb879538cc574e5094ccc39fa2953ef5,1663,1,27.3665,30.520596638205575,25.08735260343986,0.10908211767673492,0.0,0.08695579883140736,0.19603791650814228,0.09084846187587092,0.21657303266111594,0.09935282846229505,0.08201235220736869,0.07887801260862592,2.7923491351442404,0.931449188214071,1663,0.22099182867702913,0.20611749256867704,0.1874065169167587,3.073649418102092,0.7642814191220686,1663,0.055593659169207985,0.03446525886768229,0.03443203224103186,2.8362934365687504,0.9873722188815394,1663
scene-0097_CAM_FRONT_f5193e87_185dd9f6,scene-0097,185dd9f6bc6b4cffbb23ac2ed72b3bb6,1801,1,27.3665,42.3935912001895,38.4297383794366,0.4376775622367859,1.059954563281054e-05,0.3395119591988589,0.09816560303792699,0.28788221949896065,0.10314545422130483,0.2867028048574006,0.2887475586271165,0.34072786103728214,3.9906831103090106,0.03053858967240422,1801,0.11099094068626095,0.10242348892353528,0.09751092812894324,2.7604480445574224,0.9816768461965575,1801,0.039667719637894706,0.02672120593570701,0.026701004633114422,2.655614741048414,0.9950027762354248,1801
scene-0097_CAM_FRONT_50c37d32_3c4da98d,scene-0097,3c4da98d05c74a74bf49867b6ccbc754,1919,1,27.3665,42.15260214672236,36.86324335087831,0.431976780295372,0.0,0.29789530180397916,0.13408147849139285,0.25762093857246116,0.14348598536211088,0.2610109886684808,0.2597068264422047,0.30070899075918045,3.452961699366981,0.05471599791558103,1919,0.14445758560660654,0.14077034303770933,0.13177283898950765,2.1511947073851947,0.9504950495049505,1919,0.03009936064433292,0.01319434502342382,0.013209721726188839,1.7231487885436068,0.9859301719645649,1919
scene-0098_CAM_FRONT_c292d90b_4dfb0052,scene-0098,4dfb0052fe944420acddf5d376755dff,2009,1,27.3665,46.39753030622396,39.116162415982366,0.5279265940189362,0.0,0.35721610496601075,0.1707104890529254,0.3003787102382417,0.18614729668027263,0.322426030560199,0.3056111152392552,0.3647231227330827,6.5035257673101405,0.0,2009,0.17154861578375474,0.17902794742331107,0.16483500807252183,4.61872041915322,0.9646590343454455,2009,0.044963378411475165,0.018660669690560787,0.018649284392439736,4.688492455029249,0.9542060726729716,2009
scene-0098_CAM_FRONT_947147c6_808fabcc,scene-0098,808fabcc3ed441afbd6bdddc929887f3,2034,1,27.3665,45.087408236388114,36.857632370568105,0.4992833733558655,0.0,0.29774307951236567,0.20154029384350025,0.2575079233289833,0.22328552694534243,0.28765892890136413,0.2656424934144219,0.308759302863719,10.704227078290058,0.021632251720747297,2034,0.22692455481364268,0.21366686160247356,0.1936462411411498,9.382660771963726,0.7590953785644051,2034,0.06495925329785239,0.030057168510375883,0.030226166375420083,9.590830471169536,0.9552605703048181,2034
scene-0098_CAM_FRONT_ffb68ec5_3307d121,scene-0098,3307d1211dfd442db4a6ae544c2ae197,1825,1,27.3665,41.82215801544824,32.80950883075422,0.4241066575050354,0.0,0.18139873911514215,0.24270791838989325,0.1658972969949547,0.2746962544055507,0.2039335779630994,0.17330337186378958,0.1903174854348486,7.063175930415107,0.7912328767123288,1825,0.26521280321608726,0.26691189935636117,0.23662585442260675,5.679939185578305,0.32767123287671235,1825,0.05690767177002953,0.017806285574539303,0.01766389922224798,6.1420422934821115,0.9402739726027397,1825
scene-0098_CAM_FRONT_8a0af59b_45731d09,scene-0098,45731d093e2e4bb590ca10bbfb198eee,2139,1,27.3665,41.67848385637163,34.48122320146895,0.4206653833389282,0.0,0.23109528320915462,0.1895701001297736,0.20633616040529135,0.20872985313920256,0.21450275459766438,0.20779174995460878,0.23293097975438992,4.520525123270664,0.2557269752220664,2139,0.208713161420002,0.20701537790198923,0.1882740278324866,3.737184434294947,0.8971482000935016,2139,0.029560527687433294,0.011681122286929102,0.011716835110655577,2.7827180498866873,0.9803646563814866,2139
scene-0098_CAM_FRONT_19689911_e4437a15,scene-0098,e4437a15cc6a4c82b8cb1e21c439baa5,2267,1,27.3665,37.6723017276079,30.597931258324717,0.3196054846048355,0.0,0.1116127630981052,0.20799272150673032,0.1056094685305089,0.23120420820471232,0.12737148545862084,0.11314637312871514,0.12003619140094934,2.6978785346775287,0.9148654609616232,2267,0.20845869235323802,0.22133329939952476,0.20015816648077522,3.197483204718335,0.8434053815615351,2267,0.042313821388085225,0.020331415980312698,0.02028983300644671,1.7248790746146372,0.9827966475518306,2267
scene-0098_CAM_FRONT_7760d89f_7fbf9f16,scene-0098,7fbf9f1634a64bfea374596abdfec3d9,1900,1,27.3665,40.535187500978026,33.56409584618041,0.392850786447525,0.0,0.20413728199049164,0.1887135044570334,0.18464956942630395,0.2076949037073772,0.19562872779622964,0.18815691441043647,0.20844820185600343,2.5402045098495463,0.6673684210526316,1900,0.19218576770680443,0.20249983358286622,0.18440258459152126,2.019898818052707,0.96,1900,0.026363629325129718,0.013916758565502313,0.013944509698014085,0.844845644306435,0.9947368421052631,1900
scene-0098_CAM_FRONT_885aeed2_50d86a5c,scene-0098,50d86a5cd45440c89e895a5d20ea5267,1969,1,27.3665,53.0365069965298,50.00224541673515,0.6616608500480652,0.4123773628333861,0.6027482751167552,0.05891257493131041,0.45269457857505013,0.06068250644558293,0.4530887186878164,0.4518760387789967,0.6012538110073082,5.878811576751993,0.0,1969,0.06961893435636178,0.06354666620427102,0.06171205803221502,1.1598693328019487,0.9949212798374809,1969,0.024417153409547754,0.01118682183802163,0.011200853419542245,1.1267802311060418,0.9939055358049771,1969
scene-0099_CAM_FRONT_b9db8044_9d0e1d79,scene-0099,9d0e1d796b20401a862602bb02d613b4,2666,1,27.3665,37.4767679447825,29.171609756779173,0.3144015818834305,0.0,0.06387633007333227,0.2505252518100982,0.06187899028642685,0.2847000305176268,0.09948197172693096,0.0662731344942839,0.06857131934053518,4.153152276627617,0.9598649662415604,2666,0.26171017292148213,0.2804373198122119,0.24721559365717038,4.596121335549634,0.2978244561140285,2666,0.05208715013662933,0.01368318262068819,0.013699472679761682,3.4398819861829355,0.9662415603900976,2666
scene-0099_CAM_FRONT_fe944294_9faf87fc,scene-0099,9faf87fc638c492d87ccbdb48388450c,2574,1,27.3665,30.176074197218572,24.00717568045774,0.09772972762584686,0.0,0.130966865291672,0.22869659291751931,0.13993000943783684,0.25696061039710005,0.12637628608760054,0.12853094562864995,0.12125864382598706,3.505028383285457,0.9560994560994561,2574,0.20828468221943267,0.2420264739365332,0.21695579826275635,3.707315853481144,0.5804195804195804,2574,0.07447944107660885,0.027884294567847072,0.02787628151989696,4.53277590560553,0.9063714063714063,2574
scene-0099_CAM_FRONT_34dc0f07_2de4836c,scene-0099,2de4836c1a1e4d1a8c2d73a3af31fd47,2692,1,27.3665,30.974098855292507,24.319940664662177,0.12383169680833817,0.0,0.1180230203181587,0.24185471712649687,0.12527001514294778,0.2736091457780192,0.1168447496150605,0.11702177906255966,0.1115008087884034,3.8893946004087154,0.9725111441307578,2692,0.21810810123122865,0.26002665496976163,0.23116844624694288,3.970408936466701,0.4364784546805349,2692,0.07844033876770862,0.030060369142345646,0.02967755586411802,4.908284835571454,0.9171619613670133,2692
scene-0099_CAM_FRONT_a9b8176b_d9151176,scene-0099,d91511762a3649fe9977ef72f1b6982f,2830,1,27.3665,36.947721896903026,31.594295942626445,0.30018435418605804,0.0,0.14365695851683302,0.15652739566922502,0.13381516556988315,0.16944279954831454,0.19800591267096185,0.15231447185156724,0.16512461108300203,7.109309718266201,0.6579505300353357,2830,0.1431276984879158,0.1523636859395064,0.14271294855332872,4.713750929174334,0.9491166077738515,2830,0.08607571798335256,0.030483844877510213,0.030305619190796107,5.590531823400408,0.9187279151943463,2830
scene-0099_CAM_FRONT_cb39369c_eaf2f8cf,scene-0099,eaf2f8cfe79e4558900f140452f299a1,2789,1,27.3665,49.38928246274062,43.690818697527554,0.5904138088226318,0.023042423071869246,0.46781834393528055,0.12259546488735129,0.3736327032583471,0.13042703101225106,0.4192882637851227,0.39990875442174606,0.5106735593646112,11.305770865797363,0.002509860164933668,2789,0.10722875924124346,0.09908533854744823,0.09528499557128356,3.4930461440760654,0.9587665830046612,2789,0.08928344056387524,0.048166076709461894,0.048593016459095306,4.827368081558415,0.9300824668339907,2789
scene-0099_CAM_FRONT_0e8782aa_c7686b76,scene-0099,c7686b765fcf4212a0c9f7611a2236f2,2854,1,27.3665,44.646850691758765,38.82882313461417,0.48946413397789,0.0,0.3498431974985561,0.13962093647933438,0.2952014047625363,0.14983785465179555,0.3357098481789703,0.31568480254619646,0.37933665297448316,9.482480467289234,0.005255781359495445,2854,0.11405495881508529,0.12582135674534517,0.11873923740620818,2.9665403756318853,0.9639103013314646,2854,0.07080522589672686,0.03693309456862883,0.03746534921736777,4.050735930732802,0.9509460406447092,2854
scene-0099_CAM_FRONT_56f2d967_3a56f761,scene-0099,3a56f761366a4338a35bccfe7b08befb,2803,1,27.3665,50.437176237745824,46.54165633036678,0.6114088892936707,0.10068614302097303,0.5310281089964692,0.08038078029720142,0.4119998694128054,0.08369964059137613,0.4517547809309831,0.427970296524118,0.5585643597969709,9.847167335449102,0.0024973242953977882,2803,0.08893010078092965,0.08291688688855266,0.08033163415657762,3.194092338124936,0.9653942204780592,2803,0.07956417087685731,0.03289839138597402,0.033451712922762056,3.9013472973477814,0.9389939350695683,2803
scene-0100_CAM_FRONT_028a3f3a_57913445,scene-0100,5791344561914f83bd244e26e95b4a2a,2070,1,27.3665,19.70295918612106,15.97351053688504,-0.3285508006811142,0.0,0.5383878788486944,0.20983707816758024,0.7132426799235505,0.23347708323879135,0.6538515582163472,0.6938002780752904,0.527312189891657,5.44887384465813,0.009178743961352657,2070,0.1999642514878249,0.2205310495211465,0.19928604916865644,2.5988601671601805,0.6618357487922706,2070,0.06710528966202595,0.03926041029214139,0.03915148416837233,2.637004430794852,0.9434782608695652,2070
scene-0100_CAM_FRONT_6e80e8ce_70fce5a2,scene-0100,70fce5a2055144d093d21875e8da0b7e,2020,1,27.3665,19.63048042032646,15.988382070005207,-0.3322361558675766,0.0,0.5374572997759044,0.2052211439083278,0.7116491137236807,0.22779655467165516,0.6535448626860597,0.6904408577180039,0.5250366241530401,5.292031893327927,0.00891089108910891,2020,0.1933895205422403,0.21302986565750093,0.19336783799754176,2.3630292650300735,0.7272277227722772,2020,0.06279883386141896,0.03288558264385671,0.03293721178208453,2.299290462178494,0.9564356435643564,2020
scene-0100_CAM_FRONT_52908013_d09b065a,scene-0100,d09b065aa1c74e31b0742ec36052f9c9,2058,1,27.3665,19.70042854276405,15.866380119427143,-0.32867924869060516,0.0,0.5451172249315284,0.2164379762409232,0.7248105613259483,0.24164607140871497,0.6628006369719748,0.7044213661788115,0.5335391497930654,5.502051527359029,0.00826044703595724,2058,0.20618122787857512,0.22803670710956425,0.2056995351918821,2.7871513968026425,0.6103012633624878,2058,0.06934180421719653,0.037288617619118114,0.03701701880335062,2.7887542076318184,0.9416909620991254,2058
scene-0100_CAM_FRONT_b32fbd9e_de52afcc,scene-0100,de52afcc66d9450da5f07b10977e0493,2015,1,27.3665,19.684717354562185,15.620906763789971,-0.32947707176208496,0.0,0.5607094434521005,0.23123237169001554,0.7519149441079112,0.2601520290865782,0.6947902745888752,0.7316396934757902,0.549164059841333,5.43625369939689,0.006947890818858561,2015,0.22421191651570155,0.2458581467182787,0.21996318525996505,2.1509308943650836,0.5200992555831265,2015,0.06407888214799483,0.036875258551884824,0.03681909477677081,1.895221724286484,0.9583126550868486,2015
scene-0100_CAM_FRONT_7586016d_79a822a6,scene-0100,79a822a6858f451ebde3a7595252f22e,2017,1,27.3665,19.759589833948553,15.950803480945101,-0.3256807029247284,0.0,0.5398104346947838,0.2141297317700559,0.715681597650685,0.2387833539265558,0.6613147183615533,0.6981973074420291,0.5296066915228361,5.174535024448664,0.00495785820525533,2017,0.20452515247182135,0.22697443864816833,0.20490963007088592,1.892529281554496,0.6415468517600397,2017,0.061923467988488176,0.034486556891271024,0.034397676323105975,1.6647085873630945,0.9638076351016361,2017
scene-0100_CAM_FRONT_9cae0163_94b913a2,scene-0100,94b913a2bb1e4f18bc10509f644d539e,2035,1,27.3665,19.952353985540434,16.246890469763997,-0.3159725069999695,0.0,0.5214181028796685,0.20544559587969902,0.684414630044436,0.22807216695849752,0.6315210020083499,0.6692421490867984,0.5125993527436192,5.17113986916133,0.0063882063882063885,2035,0.19663347611968526,0.2177304988697731,0.19718475560981452,2.5359863317244358,0.7002457002457002,2035,0.06450172770586049,0.03564609597594638,0.035455829742721656,2.458399606745741,0.9631449631449631,2035
scene-0100_CAM_FRONT_aa126aad_44049613,scene-0100,4404961302234ce8ad5fddbd17fbcc04,2015,1,27.3665,20.32528571440159,16.908880067610447,-0.2974539250135422,0.0,0.48148070592046643,0.18402678090692426,0.6184691056163731,0.20204801460123845,0.5663415210050058,0.6018180186834671,0.47118919602880505,4.599181191043145,0.025310173697270472,2015,0.17605318042211987,0.1912131711468018,0.17530142393219217,2.4333922448365644,0.8982630272952854,2015,0.06704813925694639,0.035974237733449585,0.03557538042866559,2.4830959078674324,0.9473945409429281,2015
scene-0100_CAM_FRONT_7613f642_3e743a8c,scene-0100,3e743a8cf0394f33b45a4c15149d014b,2008,1,27.3665,20.38897868951145,16.6284424224478,-0.2943251430988312,0.0,0.49820500952603286,0.20387986642720168,0.6457644862188778,0.22615084272637942,0.6049712426063778,0.6330018729267166,0.49044072187483034,4.8161457942282055,0.011454183266932271,2008,0.2039233469367359,0.2171933922222584,0.19667362837326663,2.4343941606777717,0.7350597609561753,2008,0.06272093866209462,0.035468500721182336,0.035167811678829985,2.3331587015727546,0.953187250996016,2008
scene-0101_CAM_FRONT_d5324133_901cfd30,scene-0101,901cfd30cb2a4fdba55095f9ec0fed34,1870,1,27.3665,20.95974813322499,17.37050970998743,-0.26671579480171204,0.0,0.45454571354425655,0.18782991874254495,0.5754575114318738,0.20662827304220532,0.5489784692121185,0.5679749150429365,0.44978492348249943,4.157758007105672,0.011764705882352941,1870,0.1925639753960803,0.20185383228429538,0.18386522495917756,2.2871696121692593,0.8604278074866311,1870,0.05346621776519736,0.030070287947917797,0.030265557886648975,2.121282314919283,0.9748663101604278,1870
scene-0101_CAM_FRONT_5c9d217c_7693424b,scene-0101,7693424bd4b04229b08c578b256a7de4,1820,1,27.3665,21.86106108581704,18.1879054831557,-0.22461261600255966,0.0,0.40856279834805553,0.18395018234549587,0.504653739560327,0.20195594297887398,0.4840588778015464,0.49153546847442586,0.40019396901007265,3.8100653806784868,0.01978021978021978,1820,0.18928091224269647,0.19243957031098502,0.17600126770152236,2.260170119559311,0.8802197802197802,1820,0.05039388426893436,0.032485473360161415,0.03222969218535121,2.057118664592898,0.9791208791208791,1820
scene-0101_CAM_FRONT_48ea4572_47fce09b,scene-0101,47fce09b77e44bb1810cedd61628ab1f,1812,1,27.3665,23.55025141981812,21.555005599271954,-0.15018314123153687,0.0,0.2387115696719464,0.08852842844040998,0.2696122890788919,0.0925653120968597,0.2508359450572536,0.261725823362868,0.23254637653803023,2.580534788435695,0.40286975717439294,1812,0.08624886488074202,0.08618381666280447,0.0827301863031995,1.8479798843184627,0.9845474613686535,1812,0.044064801148805045,0.025823263529314282,0.02587969734902129,1.9040105636256186,0.9889624724061811,1812
scene-0101_CAM_FRONT_eaad6827_9ce5d3ae,scene-0101,9ce5d3ae2cce4a0aaea1626e752f65d9,2390,1,27.3665,53.56392883299748,67.78041126975046,0.6715562343597412,0.6007489247665592,0.9069535962381616,0.23539736187842042,0.5962476549295692,0.20974323068319312,0.6260186227408151,0.6245545353286823,0.9796420524139998,11.675561228271384,0.0008368200836820083,2390,0.2695145439564515,0.2653444851707265,0.3083535771309427,6.166805873196617,0.22217573221757322,2390,0.09301570636763727,0.07123998937765796,0.0733611067650266,3.632170005401556,0.894979079497908,2390
scene-0101_CAM_FRONT_59a27b7f_b2fecdf1,scene-0101,b2fecdf10a404d94a049c91f20eaddf3,2282,1,27.3665,53.815415663043936,96.86154116096782,0.6762403249740601,0.7735440746215887,1.2639629104328067,0.5877225854587467,0.7174678445956026,0.44440884361305344,0.7184720270997386,0.7187118007184568,1.2683755150190805,9.905294464563202,0.0,2282,0.447300689587131,0.4468550466648862,0.5921351900450204,6.318544398510468,0.007449605609114811,2282,0.04414486154162196,0.020568696342516277,0.02068115338701859,1.9640358979453645,0.971954425942156,2282
scene-0101_CAM_FRONT_dac52a02_2cdbffa3,scene-0101,2cdbffa384a5478babff79039cac4e75,1873,1,27.3665,54.23597903417482,75.50934093847741,0.6840248703956604,0.9339146601881194,1.0149367320038536,0.3309118616081932,0.6375746409666408,0.2817315267211171,0.6437045775570068,0.6388449299365557,1.0184478559199865,8.94895904962824,0.0,1873,0.29388007010064704,0.2842490341093344,0.33442298552432637,4.75969039479869,0.014415376401494928,1873,0.04491212185889831,0.02410826251478777,0.024132399839223773,2.2044312819845744,0.9524826481580352,1873
scene-0101_CAM_FRONT_e2c7c91b_05e8bcef,scene-0101,05e8bcefb9e442ceb0c8d16b745974e0,2110,1,27.3665,54.25947788883755,83.46895136471548,0.6844580471515656,0.9565684221828529,1.1151550851259238,0.4306970379743582,0.6721355719395256,0.3499441768262772,0.6769279513436331,0.6733712229749966,1.1189309916151358,9.359375093376805,0.0,2110,0.35944601317042413,0.3523940984471443,0.4344729444635701,5.471676113761033,0.002843601895734597,2110,0.04870271245069909,0.020193329752203698,0.02035083299355056,2.226850522578232,0.9464454976303317,2110
scene-0101_CAM_FRONT_b43de5e5_21971c1e,scene-0101,21971c1ec4644d608f8c08bbfd4059f7,2008,1,27.3665,54.03092207264564,65.70902311040966,0.6802368760108948,0.823826053388644,0.8759166164807981,0.19567974046990289,0.5835199078516724,0.17772446590997903,0.5943084647380422,0.5851192665198184,0.8797641892616161,7.339959684853555,0.0,2008,0.19920453039522754,0.18088215226244653,0.19952731325072126,3.3173627791307276,0.7226095617529881,2008,0.05598343012271849,0.02307186516144744,0.023089839639214293,2.0938976714212942,0.9422310756972112,2008
scene-0102_CAM_FRONT_806011e8_ded4f73c,scene-0102,ded4f73ce5494ba89d258c0217bc50ca,2278,1,27.3665,52.00900477626106,44.80997055468125,0.6420972347259521,0.1424695634368788,0.4931110340451892,0.14898620068076296,0.3892765457945375,0.1606569728224856,0.39152757523589277,0.3910349310825081,0.49599437104348576,5.746945154486658,0.0004389815627743635,2278,0.16057107867111417,0.1575494736075849,0.14630524784095655,2.704010939713116,0.9534679543459175,2278,0.027133753751304127,0.013709931322441603,0.013742290025741344,1.9348029105793543,0.9925373134328358,2278
scene-0102_CAM_FRONT_bf5592d0_d5d6c0c4,scene-0102,d5d6c0c464bc490cb251a7f1d41c6665,1627,1,27.3665,44.81314012233803,32.87262801475207,0.4931817650794983,4.194865484646792e-05,0.18332069861460631,0.309861066464892,0.16749886903721578,0.36323570181938236,0.17990513931502292,0.17104813046385955,0.18759318399292657,2.3587128668772404,0.816840811309158,1627,0.3448734813369049,0.3579126738743752,0.3059487221162569,3.277977466423535,0.07928703134603565,1627,0.029875488627749854,0.017606118994811817,0.017519509490368623,1.339076677382118,0.9895513214505224,1627
scene-0102_CAM_FRONT_b9237446_7f11a83e,scene-0102,7f11a83e09d4433a8b2049c739c284a7,1894,1,27.3665,40.42177413231341,33.64169715247457,0.39004896581172943,0.0,0.20644664662470102,0.1836023191870284,0.18653033834867006,0.20153789950338807,0.2146008562550386,0.19554346626660968,0.21758834297113272,3.8001673306037453,0.5380147835269271,1894,0.1757422915930269,0.1903454058655889,0.17451507787354292,2.685367996976818,0.9493136219640972,1894,0.05197351381041876,0.02896578489369045,0.029037621452628892,2.6808804050905217,0.9720168954593453,1894
scene-0102_CAM_FRONT_32dbf459_1c79e219,scene-0102,1c79e219a67b4dfcb42b0628d6c76eb0,1949,1,27.3665,44.02942365427937,36.72989834457401,0.4755384922027588,0.0,0.294271454549762,0.1812670376529968,0.25492578979482083,0.19873524400275655,0.27552182838591316,0.2625797447628856,0.30459732510651727,3.9851824223318006,0.013340174448435094,1949,0.17576691476538867,0.18800690133259335,0.17232550545627,2.0408969855318557,0.9420215495125706,1949,0.04185989732887129,0.020240517192748154,0.020229694060960313,1.8296375677593935,0.9820420728578758,1949
scene-0102_CAM_FRONT_2eb164aa_cb8f79c8,scene-0102,cb8f79c86c884d07a82d6cb7fbeaf75c,2140,1,27.3665,37.47996966025505,30.199628134183854,0.3144870102405548,0.0,0.0985099732296475,0.2159770370109073,0.09381334503840977,0.2410738799074934,0.11985115573880477,0.10196535513562477,0.10715217025340773,2.2423214219876475,0.927570093457944,2140,0.2184800518624809,0.2321814926926966,0.2089188685676897,2.743263291866663,0.6532710280373831,2140,0.05183768674777095,0.027291927533577235,0.027556749384671564,1.5827736939439225,0.9813084112149533,2140
scene-0102_CAM_FRONT_f4186246_3c7b830b,scene-0102,3c7b830b41274d04a8ecf415cc802c43,2270,1,27.3665,41.670192317413374,34.821439775824416,0.42046642303466797,0.0,0.2409136449521121,0.17955277808255632,0.214090509290204,0.19668206098542385,0.23431181256338834,0.22350217522250082,0.25296143773120594,3.62330560678195,0.18766519823788547,2270,0.1711366211012018,0.18277324347261487,0.16791386086166216,1.9091905188827862,0.9621145374449339,2270,0.04357389935930965,0.024812569394792372,0.02473955153648022,1.4207328253775557,0.9806167400881057,2270
scene-0102_CAM_FRONT_8b06ab55_e26feac8,scene-0102,e26feac8d43d4eed9a11e739b0d4264b,1996,1,27.3665,44.96508125259768,38.19944766124814,0.496566578745842,0.0,0.3335014187406209,0.1630651600052211,0.28358911776197615,0.1771133879041138,0.3035187655561131,0.2906731791096127,0.3434388983188351,4.6764291950949195,0.0035070140280561123,1996,0.15562782156072796,0.16669383505575797,0.15433367333188142,1.8366324175525797,0.9794589178356713,1996,0.04198167403403963,0.01901416444638706,0.01898801207330536,1.9701826926045267,0.968436873747495,1996
scene-0102_CAM_FRONT_9a95f1a1_7844c7bf,scene-0102,7844c7bf21ce4114a8ef64b3a46a579b,2206,1,27.3665,47.068474271824584,39.1785564293184,0.5422838032245636,0.005116212390014874,0.3588099296189222,0.18347387360564138,0.301492895753533,0.20138357718055033,0.3416540972630334,0.32335915467856574,0.39061465596600964,6.588741525368448,0.0027198549410698096,2206,0.15589468927670624,0.16887144793171716,0.1562554893464292,3.657263309670238,0.9623753399818676,2206,0.06846808190080654,0.034866201372052055,0.03519358594846711,4.198193543256158,0.9519492293744334,2206
scene-0103_CAM_FRONT_3e8750f3_747aa46b,scene-0103,747aa46b9a4641fe90db05d97db2acea,3014,1,27.3665,34.496777211165856,33.34573200046541,0.23154626786708832,0.0,0.19761015053622266,0.033936117330865656,0.17931026376574843,0.03451851681301754,0.2354244389458422,0.2210883120381003,0.2492709151471586,6.81335276721554,0.3745852687458527,3014,0.07482470699307364,0.05345723429928466,0.053198100188010855,3.671975138143498,0.9548772395487723,3014,0.08325589967793583,0.05522151076438051,0.056379160547302964,4.0661091850753435,0.9492368944923689,3014
scene-0103_CAM_FRONT_f4f86af4_a98fba72,scene-0103,a98fba72bde9433fb882032d18aedb2e,2913,1,27.3665,36.30910857949005,31.52260244742804,0.2827489972114563,0.0,0.14138518890010854,0.14136380831134776,0.13184515632424065,0.1518436220500743,0.17281990968772062,0.15607637433173138,0.1696932793951036,5.190891155585493,0.7518022657054583,2913,0.12074868504444367,0.12331772556026999,0.11687493448249109,3.0568644682260926,0.9807758324751116,2913,0.0597267527035058,0.035907940547566734,0.03589326946056115,3.3181814884163265,0.9615516649502232,2913
scene-0103_CAM_FRONT_b6b0d9f2_f753d3f8,scene-0103,f753d3f87e5b40af87ff2cbf7c8e7082,2911,1,27.3665,37.278187661677144,34.45485563800368,0.30908873677253723,0.0,0.23033029729190968,0.078758439480628,0.2057287864583368,0.08194293580378065,0.2385299287779944,0.22180431321733124,0.2507772610033676,7.082702398704356,0.27447612504294056,2911,0.08078639528697773,0.0706638027132692,0.06892010155486616,3.7493043724790387,0.9622122981793199,2911,0.06101295685932616,0.03101974310515655,0.031057285615661456,4.151395479898253,0.9611817244933013,2911
scene-0103_CAM_FRONT_b22fa0b3_9ee40201,scene-0103,9ee4020153674b9e9943d395ff8cfdf3,2795,1,27.3665,36.4932347327397,30.919095337996513,0.28780725598335266,0.0,0.12205432750327105,0.16575292848008205,0.11489971809203381,0.18028145176334198,0.16581941828164276,0.13897580660755499,0.14963267577096362,6.237021213658917,0.7316636851520573,2795,0.1481557664904914,0.15488898666584852,0.14444917581225125,4.534604475478941,0.9381037567084078,2795,0.07667308057761849,0.03788318608925534,0.03860498196430928,4.880023184150728,0.9395348837209302,2795
scene-0103_CAM_FRONT_5b03af7a_0af0feb5,scene-0103,0af0feb5b1394b928dd13d648de898f5,2791,1,27.3665,36.150113701372184,31.75987406989899,0.2783604562282562,0.0,0.1488840336797712,0.12947642254848546,0.1383309663076685,0.13823227453014764,0.17450448830720122,0.14993098000984165,0.16242306019848907,5.168296479632664,0.7610175564313866,2791,0.12444300023000503,0.12614408668220414,0.11899403103485717,3.4022605445586,0.9541383016839843,2791,0.06055055449746677,0.027157668087847166,0.027192564650195372,3.470308929771501,0.9476890003582945,2791
scene-0103_CAM_FRONT_61d9340c_6d9984d0,scene-0103,6d9984d09d52479e837da2fd09e192cc,2718,1,27.3665,32.99336813805364,28.781287621309318,0.18698693811893463,0.0,0.05040580296345043,0.1365811351554842,0.04915650890691314,0.14634788311645064,0.09541339583256934,0.07734542266891448,0.08012143163042684,3.679085754054661,0.9510669610007358,2718,0.125168737705708,0.12246340030481784,0.1155409398198658,3.1803695280108517,0.9334069168506255,2718,0.06450241848034954,0.03848161469939518,0.0387718370409178,3.192916119050012,0.9635761589403974,2718
scene-0103_CAM_FRONT_38a28a3a_1c9a906c,scene-0103,1c9a906c40f6417bbe1cea06d6e55501,2728,1,27.3665,31.847834239817278,28.18677213558692,0.15164974331855774,0.0,0.029533157050933845,0.1221165862676239,0.029101315029658736,0.1298858232726876,0.07664548096928099,0.06190352443139019,0.063902483097382,2.756673055960784,0.9582111436950147,2728,0.09916637994164539,0.10259897607947183,0.09806711997649864,1.9538790015618994,0.9758064516129032,2728,0.05979772266192262,0.040509430319751454,0.04087533139867672,2.432099185138786,0.968108504398827,2728
scene-0103_CAM_FRONT_a771effa_281b9226,scene-0103,281b92269fd648d4b52d06ac06ca6d65,2609,1,27.3665,34.013722126368236,29.29816018128727,0.21744439750909805,0.0,0.06820508396621516,0.14923931354288333,0.06593110862029561,0.16095078721334843,0.10829062194702375,0.0965832150960341,0.10137187256285651,3.1674598500711038,0.8984285166730548,2609,0.12800834175564363,0.12807476734276385,0.12157080329922243,2.5050687710144786,0.9754695285550019,2609,0.05975758917057426,0.03741173743276873,0.037496312414452504,2.279713171601448,0.9566883863549253,2609
scene-0104_CAM_FRONT_f1b7b463_17d84afe,scene-0104,17d84afea74b48c3b81ee85db30b0208,2705,1,27.3665,32.34382259579501,26.57925333391897,0.16710340976715088,0.0,0.02918867602189401,0.19629208578904533,0.0296188405366673,0.2168822874538623,0.06900744289612774,0.039142630095380354,0.03867555504205544,4.498402712133952,0.9500924214417745,2705,0.19417411442560464,0.2009787897286605,0.18338821443696518,4.819383069530163,0.9316081330868762,2705,0.06854155102148678,0.02425958576210067,0.024236225567030978,4.656156762600104,0.9438077634011091,2705
scene-0104_CAM_FRONT_d597cf64_115f9017,scene-0104,115f9017609d4716a72ab019458777c3,2942,1,27.3665,33.111287179968414,30.680981588324332,0.19055458903312683,0.0,0.11432333275381401,0.07623125627931282,0.10803049370446682,0.07921211988109711,0.14983166558718616,0.12899457710806123,0.13807517552630189,4.978700243280717,0.7933378653976887,2942,0.07224802305300913,0.06826314446416415,0.06672941654259112,2.702131719521315,0.9802855200543847,2942,0.06032038195563436,0.03395860437706445,0.033827890654476556,3.3107771959026007,0.969068660774983,2942
scene-0104_CAM_FRONT_45266b13_bfc227cc,scene-0104,bfc227cc4c704194980635622f569dda,2930,1,27.3665,34.218587378865344,30.17834132025305,0.22344934940338135,0.0,0.09780485462413235,0.125644494779249,0.09317415064047907,0.1338789967194398,0.12625790807629417,0.11605061291921331,0.12335547245747924,4.075938433197934,0.9249146757679181,2930,0.11455966520608814,0.10870415380454665,0.1034608214563083,3.0077034428952296,0.9757679180887372,2930,0.05036841938577102,0.031990479293540416,0.03214719272995192,2.8866488610036156,0.9726962457337884,2930
scene-0104_CAM_FRONT_6252789d_9d2eedd2,scene-0104,9d2eedd225094283bb507db7856e60e5,2997,1,27.3665,37.55876107323298,37.68307134905011,0.31658703088760376,0.0,0.31989132013522514,0.0033042892476213837,0.2737720408586113,0.0032988360918267956,0.29006569892261946,0.2791165626245044,0.32727782276201856,7.375701240357297,0.007340674007340674,2997,0.041386577925860646,0.01995505695083329,0.01994339783013066,2.3525337291960393,0.9746413079746413,2997,0.04085162726702617,0.020568554633995074,0.02044976506112639,2.3396856275449123,0.975975975975976,2997
scene-0104_CAM_FRONT_620c129c_4c8a92a8,scene-0104,4c8a92a8f97844a7977b03a414fcd8a2,2888,1,27.3665,35.23035464073769,35.2430354336732,0.2525884211063385,0.0,0.25294829575005817,0.00035987464371967093,0.22349197044893332,0.0003598098966071106,0.2547340734771825,0.245337070071359,0.28148408051397666,6.738082829058679,0.07721606648199446,2888,0.057088474299718486,0.036162368551180615,0.03614387489074167,3.022477928403008,0.9702216066481995,2888,0.0569697284221302,0.03620279914265581,0.036210759746208576,3.018893204260898,0.9702216066481995,2888
scene-0104_CAM_FRONT_b6060b7c_d58ef648,scene-0104,d58ef648436446b59653b0c805451f1e,2840,1,27.3665,37.21641083819583,34.06657379842522,0.3074301779270172,0.0,0.2189970253864102,0.08843315254060746,0.19667589227111948,0.09246122191237838,0.23328394198873942,0.220566215134732,0.2491875415773046,5.409957738012207,0.3257042253521127,2840,0.08090928856039346,0.0731394524608445,0.07179706881839765,2.307883589232871,0.9767605633802817,2840,0.06268213327092001,0.037326870930256245,0.037076921205069446,2.552232045815332,0.9630281690140845,2840
scene-0104_CAM_FRONT_c1522345_4207bb5a,scene-0104,4207bb5acb624c199bee66bf8bc73d0e,2538,1,27.3665,36.071885360944165,31.283923291338876,0.27619412541389465,0.0,0.1337846950892443,0.14240943032465037,0.12522161158806566,0.1530486449866364,0.15156080110924544,0.13648244699464004,0.14674105453637032,3.202981795212362,0.83451536643026,2538,0.12845428096255118,0.13991816959660383,0.13097660183790738,2.2040840508811277,0.9897557131599685,2538,0.04617315608606935,0.028622402106178904,0.028603725643318256,1.9158614146895392,0.9866036249014972,2538
scene-0105_CAM_FRONT_8d56b71c_dc3e689e,scene-0105,dc3e689ebb54483d9794ac6164de1646,2142,1,27.3665,51.51562991907406,48.412546277262805,0.6325656175613403,0.14994983756927194,0.5704393630975888,0.06212625446375153,0.43472297773247237,0.06409668320355699,0.4449107643179906,0.4369810523786729,0.574441996668573,5.954540069996717,0.0,2142,0.06488238639491331,0.062440816414059075,0.06070760584899204,1.7755687508960598,0.9878618113912232,2142,0.033665240289789455,0.010988669050796299,0.011011402791094249,1.9000314312610564,0.992530345471522,2142
scene-0105_CAM_FRONT_f644a6fc_cef8438a,scene-0105,cef8438abb7d46a2b08f0e1787364bca,1964,1,27.3665,43.31781224615916,35.84713842769717,0.4592442810535431,0.0,0.26994410551624526,0.18930017553729828,0.23657783576790703,0.20840363125581596,0.2568393697594521,0.24105399466390726,0.2758246434127183,3.8114228339084684,0.03207739307535642,1964,0.1952505404305878,0.20315197932722223,0.18505650821048947,2.56131888899883,0.909877800407332,1964,0.042153021312224016,0.01845982777333234,0.018380426243661874,2.1966848294636923,0.9745417515274949,1964
scene-0105_CAM_FRONT_70189da8_113bdf92,scene-0105,113bdf9278314c72b7f8988a67f0dff9,2059,1,27.3665,53.26459456074946,50.246007224477694,0.665952205657959,0.5153159192214082,0.6076114479251196,0.05834075773283942,0.45534975788746423,0.06007616332151544,0.4708347085540418,0.4603255968860099,0.6167892784719247,6.888129582119321,0.0,2059,0.06583431702942047,0.0568027484381642,0.055397356577084444,2.1010737129398565,0.9791160757649344,2059,0.044817923772505056,0.02048847535863721,0.020487029301974324,2.2326189642630827,0.9728023312287518,2059
scene-0105_CAM_FRONT_43d141ef_a0d6bf47,scene-0105,a0d6bf47e19e4503a03522e9a025792f,2045,1,27.3665,45.83886867644865,37.209622659233624,0.5158127546310425,0.0,0.30724776382641217,0.2085649908046303,0.26453164412273444,0.23190899021583244,0.2795148847233314,0.2709973684414886,0.31599332763467025,3.938601759426325,0.004889975550122249,2045,0.21007471295763416,0.22131196880115586,0.19994510882841166,2.386302753888217,0.8293398533007335,2045,0.0330287015947624,0.019539697504423265,0.019537018172795406,1.1884659506099127,0.99119804400978,2045
scene-0105_CAM_FRONT_49ea7c2d_9d2797d7,scene-0105,9d2797d705214019a87cb95bfbfd8559,2004,1,27.3665,40.34340437141654,31.045137539113234,0.3881082832813263,0.0,0.1261225574837841,0.26198572579754265,0.11849319509306677,0.2995079928568065,0.13771489925591424,0.12742281821425477,0.13630416948395185,2.7374886955157183,0.9471057884231537,2004,0.27568328163893246,0.2866720096799794,0.2522333379030942,3.1809680934375018,0.2215568862275449,2004,0.03237696415674553,0.017708449227115862,0.017606180964058082,1.8997497672199233,0.9865269461077845,2004
scene-0105_CAM_FRONT_c3c95f1b_f144de57,scene-0105,f144de57463a4699871e7ef0e75dec52,1982,1,27.3665,35.36392256644159,27.862896690489457,0.25637252628803253,0.0,0.01797629840633963,0.23839622788169335,0.017815688584126854,0.2692119903854966,0.05088506257761035,0.02676715677693657,0.02709974533937687,4.511068031042533,0.9651866801210898,1982,0.2507685633728311,0.262384323072826,0.23308432362892573,4.630589999001802,0.38799192734611504,1982,0.04356521559464444,0.01821063075384097,0.018140428191499747,4.4534440118270675,0.9672048435923309,1982
scene-0105_CAM_FRONT_d948e055_9c763119,scene-0105,9c763119cef842a9b027b3e2ce4b71f1,1950,1,27.3665,32.478845348286704,27.41453420627117,0.17126932740211487,0.0,0.0017536806041542619,0.1695156467979606,0.001752143804806483,0.1847308841328792,0.06103478759243152,0.016043650574295125,0.015954978611691262,7.3102570616211855,0.9446153846153846,1950,0.19950200835810739,0.1834150612012181,0.16841255124678645,7.136289846631596,0.9297435897435897,1950,0.060840667716013666,0.016010306021862895,0.015985080162086995,7.306537731947679,0.9451282051282052,1950
scene-0106_CAM_FRONT_04ebf635_cd6b9c46,scene-0106,cd6b9c4674704ef6877790b0f0f95118,1968,1,27.3665,35.31570300284996,28.55290663404485,0.2550080716609955,0.0,0.04243910183011668,0.2125689698308788,0.04155116847649576,0.23685141605658933,0.0641006619931402,0.04713608441176412,0.04826247382825666,3.3371644113879704,0.9806910569105691,1968,0.2267557546760242,0.23155027919943078,0.20838399057764068,3.6519134014929646,0.7108739837398373,1968,0.03893557082164452,0.016842064211831938,0.016868474833954372,3.172629096326476,0.983739837398374,1968
scene-0106_CAM_FRONT_3865cf60_a7ef3c78,scene-0106,a7ef3c78cb2c44a99d7286763815dc2a,2186,1,27.3665,37.28069077591637,30.063282501802068,0.3091558814048767,0.0,0.09398493905545546,0.21517094234942125,0.0897035279377898,0.24007385998789954,0.10851409380265364,0.09345710127264163,0.09811692643576675,2.179517340919344,0.969807868252516,2186,0.22088710115569365,0.2352722033814431,0.2113518036367671,2.479875338740292,0.8046660567246111,2186,0.03212037039975178,0.0128904845111416,0.012889253215669028,1.446711167046541,0.9853613906678865,2186
scene-0106_CAM_FRONT_01bbf47b_53f457e6,scene-0106,53f457e6ff1c4a3eba3839fe03284d86,2223,1,27.3665,41.966366845274756,32.934445713529705,0.4275488704442978,0.0,0.18519945460415732,0.2423494158401409,0.16906146719336934,0.2742393544529784,0.17843204601074922,0.17322876078852315,0.19022723744540726,3.4770468584314114,0.7552856500224921,2223,0.2652225538093095,0.2680681786175742,0.23760198950920097,3.6214486501615832,0.3594242015294647,2223,0.048363380188076385,0.028640109662906338,0.02879649492664038,2.178501730530064,0.9901034637876743,2223
scene-0106_CAM_FRONT_277ab77d_ec97abd9,scene-0106,ec97abd93d564699a1da061a0c4c707a,2571,1,27.3665,53.03100991609208,56.6939294023913,0.6615571975708008,0.45125642344276906,0.7283475021505152,0.06679030457971447,0.5172939979911553,0.06460867194971176,0.5302067799286064,0.5217282232472249,0.7375761374532099,9.58977909706454,0.0,2571,0.09279219843461478,0.07397221267945046,0.07685103688062478,3.399638370996622,0.9455464799688837,2571,0.05049797182983743,0.02803209454756488,0.027941896015558854,2.9046162354262366,0.9817191754181253,2571
scene-0106_CAM_FRONT_42bcae21_16a1238a,scene-0106,16a1238aae1e4ed68ed53ab18eb862ea,2560,1,27.3665,52.953136874556996,59.866333959895975,0.6600876748561859,0.44950519415629453,0.78279467208404,0.12270699722785405,0.5428732947246675,0.11547720777373938,0.5581982710122058,0.5498227819403378,0.798113955886831,10.526345694523208,0.0,2560,0.14626602425653604,0.12907556861385272,0.13820006693215436,4.243432633394285,0.853125,2560,0.05167754467088862,0.029968277112782257,0.03003194331292991,3.077314476984667,0.9734375,2560
scene-0106_CAM_FRONT_6f601010_16333de9,scene-0106,16333de9bc924f1b9f893c6285077c6c,2399,1,27.3665,53.16239377356304,59.251115908251634,0.6640316247940063,0.491381223780008,0.7724649760946827,0.10843335130067633,0.5381268423302592,0.10276130738392808,0.5508048154935,0.5437680890736888,0.7847540221562075,9.164117572982155,0.0,2399,0.12833582766661872,0.11388441771771016,0.12090788284222809,3.0924490744079844,0.9099624843684869,2399,0.04181142699081962,0.022730265044508233,0.022806782810393056,2.1314774192108685,0.9858274280950396,2399
scene-0106_CAM_FRONT_a8cef1a6_77a603db,scene-0106,77a603db4aa247329c0a1aae2a46d18f,2258,1,27.3665,46.830566599080434,68.81685477152868,0.5372164845466614,0.0,0.9221290594426401,0.38491257489597874,0.6023285270613351,0.3194898727272921,0.6125555399288576,0.6075453795620958,0.9353343652488846,9.92052450952059,0.0004428697962798937,2258,0.3392952607594414,0.32844705771712124,0.3981624244976729,5.96140300616291,0.011957484499557131,2258,0.049854368600379624,0.02480287116659513,0.02485835674014969,3.3213014255087057,0.9672276350752879,2258
scene-0106_CAM_FRONT_e333147a_b4ee26d8,scene-0106,b4ee26d84a884b6fb2b47dd16f612a66,2230,1,27.3665,53.66872488680394,57.448532813829345,0.6735107898712158,0.6262719233442895,0.7415698278422971,0.06805903797108126,0.5236344836049116,0.06579468163746571,0.5421389717985221,0.532666155501101,0.760623859565087,9.41950354033666,0.0004484304932735426,2230,0.10566830814918884,0.08387143860402953,0.08753448363827454,3.158469305541054,0.8937219730941705,2230,0.059420738117964764,0.03346017550162575,0.0333915266385747,2.4635145786524184,0.9762331838565023,2230
scene-0107_CAM_FRONT_ad890583_4d4ba963,scene-0107,4d4ba963c97e44678faa54ba4895a066,2065,1,27.3665,51.296043719572225,44.85154563790208,0.6282939910888672,0.08306870627848248,0.49403841265679294,0.13425557843207425,0.3898426551241577,0.1436850835353194,0.40947006392979607,0.39765946366175553,0.5069323186266244,6.637132719761786,0.0,2065,0.1188593609933305,0.12941921276999055,0.1217696985995369,2.582719501183444,0.9932203389830508,2065,0.0448914821563457,0.02201666804180465,0.02206570079634207,2.793414497751469,0.9864406779661017,2065
scene-0107_CAM_FRONT_9a8659f4_9c9f22a5,scene-0107,9c9f22a58fdc45f2b8a119cda3554f1f,2509,1,27.3665,53.13433894482697,58.30485721318668,0.6635037660598755,0.4788828567259448,0.7563657663681136,0.0928620003082381,0.5306308717996384,0.08868074660493819,0.5445835268728451,0.5376341226625476,0.7713987590323714,13.801613480145294,0.0,2509,0.1173495408081437,0.10234465770975745,0.10791683966907772,4.36532434674919,0.9418094858509366,2509,0.046002329562079246,0.024261082672575984,0.024172122249580985,2.8457531689632907,0.9792746113989638,2509
scene-0107_CAM_FRONT_05e312ea_f06ba08d,scene-0107,f06ba08d5dab4f7bb4523d369a769fc2,2472,1,27.3665,53.13648941760054,55.164978590672156,0.663544237613678,0.4791048352904308,0.7010086684782317,0.037464430864553755,0.5039153336202437,0.03677132167716668,0.5244967824020081,0.5119386524009213,0.7173141688880101,12.078416317109438,0.0008090614886731392,2472,0.07894307362638327,0.05258363127309438,0.0540166111404532,5.177790976308718,0.9567152103559871,2472,0.052123522193955565,0.021585987975335556,0.02175390716601111,4.840793470456489,0.9724919093851133,2472
scene-0107_CAM_FRONT_3212edb0_95be92f4,scene-0107,95be92f4ae2f41cbb460e84b2665ad9f,2369,1,27.3665,53.415627979697945,55.81708544358973,0.6687837243080139,0.5611554879831588,0.7127603756280365,0.04397665132002215,0.5097110538374969,0.043023698654397924,0.5231412462612481,0.5161384588742626,0.7255828982542236,10.135757808648371,0.011819333051920641,2369,0.11044908111567234,0.0607691206437398,0.06235292331694198,4.529513660692756,0.908400168847615,2369,0.08533808060583585,0.028276972877685335,0.028420123039324174,4.319834642774821,0.9134655972984381,2369
scene-0107_CAM_FRONT_9578a444_3fa862e6,scene-0107,3fa862e6d584466ab55bc7f9756294c4,2645,1,27.3665,52.27177883944846,60.05600669347131,0.6471369862556458,0.35921959344710264,0.7859579340867819,0.1388209478311362,0.5443170216148419,0.12961614137539845,0.5606938753274769,0.5527306546695449,0.8043767167736771,13.79654718749517,0.006805293005671078,2645,0.1865590369916637,0.14742247633670924,0.1590835112688107,6.225513374973105,0.7909262759924386,2645,0.09386747809277354,0.0365400475172642,0.037189997142992315,4.939760441327374,0.91531190926276,2645
scene-0107_CAM_FRONT_0edf95e4_efd5303b,scene-0107,efd5303be8db46169c61670a5f16af2e,2569,1,27.3665,47.0332083312974,38.94409628839896,0.5415342748165131,0.001354526606772633,0.3528075516478548,0.18872672316865824,0.29728758378834963,0.20771086798355376,0.3275976039380366,0.3038130445035435,0.36213704049901096,7.601758372078703,0.0023355391202802647,2569,0.19749522789472898,0.20084481740870974,0.18330826218205543,5.537140481164425,0.9159205916699105,2569,0.05667253572038793,0.02001834228955,0.019991490980300952,4.953319712680625,0.950175165434021,2569
scene-0107_CAM_FRONT_8f0808f0_adaf88de,scene-0107,adaf88dea3a543999a80c876f3d2cd11,2474,1,27.3665,28.929307761779672,22.616125315561973,0.05553555302321911,0.0,0.19065647624827786,0.24619202927149741,0.2100437019231287,0.27914518327653814,0.21781213850107933,0.20381712545457112,0.185725159399165,7.732708828083762,0.8197251414713015,2474,0.2790133370946818,0.27137023563106955,0.2402979351004484,7.925018631784916,0.3464025869037995,2474,0.07913477065771339,0.02914513947484587,0.029229706429270585,7.796789464113185,0.9280517380759903,2474
scene-0107_CAM_FRONT_f1d02276_1ed7231f,scene-0107,1ed7231fca1748c3b697f29af4d9bc76,2292,1,27.3665,32.6132814428045,24.893857898853984,0.17539997398853302,0.0,0.09469853532406658,0.2700985093125996,0.09932739678970548,0.3100935007870309,0.11198020586515774,0.09684320702765342,0.09257822969636031,5.766207902225729,0.9633507853403142,2292,0.3011826840203406,0.3036226954208052,0.26558914955074875,6.455350819054403,0.20113438045375218,2292,0.06083192350693806,0.030254277544724408,0.030223303566549786,5.888118791201887,0.9572425828970331,2292
scene-0108_CAM_FRONT_339ead96_3203d9ab,scene-0108,3203d9abb16544eaa3633b5235026e5b,2031,1,27.3665,26.15799123203824,22.786727082851996,-0.04516490176320076,1.3211392183479815e-05,0.18314141667877282,0.13797651491557206,0.2009842352741602,0.14794859028803953,0.1791433927925357,0.18157809247767095,0.16685091150600417,2.0259429511874583,0.9414081733136386,2031,0.13325414166001004,0.12944078887149355,0.1217447017378741,1.6292608527969095,0.983259478089611,2031,0.046041758703872705,0.027063946235092475,0.02729893482096246,1.773813767675805,0.9852289512555391,2031
scene-0108_CAM_FRONT_ac36a852_d96d796d,scene-0108,d96d796d308546eda47d7e3c50c11b8b,2319,1,27.3665,34.804029983525325,27.58825673937524,0.24041354656219482,0.0,0.008070564085447263,0.23234298247674756,0.008038084517994926,0.26155234498203717,0.03548265730460801,0.020199398324058638,0.020390478004271184,1.458673365775981,0.9931004743423889,2319,0.23144372476515168,0.2476297299879253,0.22124633194288035,2.9931685741258387,0.5286761535144459,2319,0.03207524198582132,0.016117534448354676,0.016134105173752022,1.393425068360569,0.9939629150495903,2319
scene-0108_CAM_FRONT_b6e313eb_151d7b90,scene-0108,151d7b90415e45768947c3ddfbcd400f,1776,1,27.3665,36.03426618222028,30.950625860489954,0.27515068650245667,0.0,0.12307358295205484,0.15207710355040183,0.11580140177602272,0.16425000078010865,0.13495406013791397,0.11930966504805265,0.1270492075860995,2.1298386555761404,0.902027027027027,1776,0.14201519300564389,0.15967606918009114,0.1481407152660107,1.5445707600617777,0.9988738738738738,1776,0.028860887302846343,0.011535853647713371,0.0114905523771609,1.4131672034397391,0.9971846846846847,1776
scene-0108_CAM_FRONT_fcc71bcf_be8d80ab,scene-0108,be8d80abd39640f3855c62885d2130ff,1728,1,27.3665,30.915630256553086,27.138738442041674,0.12194225192070007,0.0,0.008357467655485618,0.13029971957618613,0.008392488782952734,0.13916976364164668,0.031565951243685886,0.016251757583022976,0.01618484900554107,1.3615688611077792,0.9861111111111112,1728,0.1477424212770246,0.1409627501761574,0.13187242348858552,1.6072623428641766,0.9837962962962963,1728,0.029510863711896367,0.014214076087688682,0.014219653811537891,1.3685002763589251,0.9861111111111112,1728
scene-0108_CAM_FRONT_22dcaf42_d504f7d2,scene-0108,d504f7d211994a1caca2a752c303596a,1634,1,27.3665,39.85861605121185,36.53836229168575,0.3760189563035965,0.0,0.289043092704123,0.08697586359947351,0.25102007086324163,0.09087034971684038,0.26016865349964663,0.2537364850815139,0.2926765040053054,2.5306665944137965,0.0,1634,0.07953091278755894,0.08695054946170455,0.0833761144080083,0.6943565139049279,0.9981640146878825,1634,0.021530054217178015,0.013699959556430231,0.013633136551570169,0.5030451830717706,0.9981640146878825,1634
scene-0108_CAM_FRONT_049dbeaf_36cc659c,scene-0108,36cc659c3aba45e8a1128c22bc0f91ff,1941,1,27.3665,40.226474102417455,33.381425805935216,0.3852057009935379,0.0,0.1986799940616386,0.1865257069318993,0.18018780386743583,0.20505559996976497,0.2004605399436065,0.18399690713008737,0.20333713374345752,3.1057357621524204,0.6764554353426069,1941,0.17933552968739164,0.19960726398955028,0.18200048267821,2.0148770073507576,0.9824832560535807,1941,0.032371959413262055,0.011913951032695545,0.011901538978360104,1.5798730153115992,0.9927872230808862,1941
scene-0108_CAM_FRONT_a42f9468_0e62201c,scene-0108,0e62201c3a3d4da289925f1c2b0fb94f,2024,1,27.3665,30.1097052935178,24.889180471155772,0.09552791714668274,0.0,0.09488644782861133,0.19041436497529451,0.09953399356460157,0.20975077216431948,0.10729945217515229,0.09794000866294097,0.09343570466606055,2.7250591866342133,0.9836956521739131,2024,0.213358249837801,0.2079970069538864,0.1889636218127435,3.1392050002643446,0.8883399209486166,2024,0.03342309993678045,0.014563449352966277,0.014639593081887559,2.7282492620472016,0.9836956521739131,2024
scene-0109_CAM_FRONT_4d0d0697_b38d8cf8,scene-0109,b38d8cf878e54d3a8f025af620fa2f97,2360,1,27.3665,35.649612221712,27.113934941816062,0.2644186317920685,0.0,0.00927183741486104,0.27369046920692996,0.00931495405318028,0.3148077657563424,0.03752915786976457,0.020255470078750178,0.02013586201038109,2.7961015750070417,0.9885593220338983,2360,0.291598263316443,0.30681774026596503,0.26759497576520885,3.6473282731244643,0.18601694915254238,2360,0.03766240837035313,0.0176605090001049,0.01769522736282536,2.825900628801779,0.988135593220339,2360
scene-0109_CAM_FRONT_d71c3cf6_1183d8d6,scene-0109,1183d8d6cbc84ad4b5a6d1e7a88e1bef,2108,1,27.3665,36.20494263057129,27.043829687297684,0.2798760086297989,0.0,0.0118607660442267,0.2917367746740256,0.011931383847379795,0.33875057819849097,0.05280828952517574,0.027300615864967175,0.027277971847116778,5.244558810716971,0.9777039848197343,2108,0.29910061328679005,0.31602512242585823,0.2746159227079943,5.595857269695671,0.24905123339658444,2108,0.05485273746401219,0.02659287149042337,0.026599148962390684,5.2827868869679895,0.9753320683111955,2108
scene-0109_CAM_FRONT_03f6a362_3ed3c3b3,scene-0109,3ed3c3b3ff7b447a8395949963fddca7,2190,1,27.3665,36.463764434660106,28.490723600623795,0.286999374628067,0.0,0.04025890895683171,0.24674046567123575,0.03945928563917489,0.27984690546300284,0.06857333682095158,0.05442345549296178,0.05576686086006011,2.233580479773836,0.9762557077625571,2190,0.2505081488129447,0.26389627511010283,0.23456317704285623,2.96188116196178,0.4,2190,0.04047285996076716,0.02097793986233104,0.02114564181227685,1.902599007689142,0.9908675799086758,2190
scene-0109_CAM_FRONT_58472a34_ecc7ca46,scene-0109,ecc7ca4626144d729a463f92d9379ff4,2622,1,27.3665,37.480753795535065,29.382791278041275,0.31450793147087097,0.0,0.07108953465514478,0.2434183968157262,0.06862150225830033,0.27560222039032967,0.08904536924428388,0.0824502916877593,0.08565274669644085,2.3213005915829013,0.9786422578184591,2622,0.25282873362312175,0.2578338018072258,0.2295837459705643,4.38628894420511,0.4588100686498856,2622,0.04323511266411287,0.030655591119522464,0.030715919680649684,1.6606151407656815,0.994279176201373,2622
scene-0109_CAM_FRONT_494438a3_e47ae596,scene-0109,e47ae59682f540af83fc19cf625899c0,2368,1,27.3665,38.7165333238723,30.977924128191603,0.3469470888376236,0.0,0.12395518826897955,0.22299190056864449,0.1165805724504636,0.24981045094103438,0.12939591564029848,0.12281734984875411,0.13104004138716652,2.564202021782383,0.9514358108108109,2368,0.23938327810458765,0.24101421650242003,0.21605391660456374,3.250872681738595,0.5891047297297297,2368,0.04276854291600365,0.02022616633847435,0.02018660074559242,1.610265573904823,0.9763513513513513,2368
scene-0109_CAM_FRONT_3b5b12f9_2e137fee,scene-0109,2e137fee62e241aca2966876af1e201f,2473,1,27.3665,27.745606763400968,22.020372907177105,0.013757875189185143,0.0,0.2173515715557648,0.23110944674494993,0.24278095177400139,0.2599971344880283,0.24077103741570088,0.24205644969007378,0.21688384921084314,4.405109064328927,0.5911847957945815,2473,0.2569826453953596,0.25914248295764436,0.2305514264398607,4.599804649058721,0.40921957137080467,2473,0.04976417485883178,0.021456187539833506,0.021370184956649885,3.0092354278691342,0.9627982207844723,2473
scene-0109_CAM_FRONT_8855fe65_f41444b8,scene-0109,f41444b8ff1f4d3898f1cbbd6bddd99f,2608,1,27.3665,25.94424392530243,18.830542899560434,-0.05336986668407917,0.0,0.37383946375603117,0.320469597071952,0.45330382379144374,0.37777461136864265,0.4240551834263298,0.4159060547189899,0.34793472227847044,3.7304647285989025,0.1058282208588957,2608,0.35092306434368875,0.34254203528431126,0.2948595895252516,3.118331574361121,0.2641871165644172,2608,0.08688344126769733,0.07731650555158923,0.07686878122103558,2.0930347696597127,0.9670245398773006,2608
scene-0109_CAM_FRONT_92eb4f29_daf998de,scene-0109,daf998de0f354de4850f63d06a79d2b5,2481,1,27.3665,38.6372700077582,32.23951106470929,0.34489771723747253,0.0,0.1638731143990011,0.18102460283847144,0.15115027814561033,0.19844466407098094,0.17899562890285103,0.1638238284277715,0.17891595655248094,3.8056314490125343,0.7259169689641274,2481,0.16372856354300422,0.1806291389583906,0.16611136811296623,2.722286925538574,0.9387343812978638,2481,0.05376282163647554,0.02976843302066849,0.029752767793405077,2.0370397048957614,0.9830713422007256,2481
scene-0110_CAM_FRONT_80c91574_ae99f920,scene-0110,ae99f920a69243f48718491110582d6e,2354,1,27.3665,39.72360042969837,31.271748110321532,0.37262584269046783,0.0,0.13339543602133652,0.23923040666913176,0.12488102988500893,0.27027118182073195,0.15670191170355197,0.135697941560311,0.14583296661261025,6.357541753891025,0.8802039082412915,2354,0.2525182884757616,0.2580919797622918,0.2299776923789889,5.444367130191423,0.43755310110450296,2354,0.05504949340313702,0.02380277643295252,0.023816939625650457,5.459332994699604,0.9558198810535259,2354
scene-0110_CAM_FRONT_76c84559_29264103,scene-0110,29264103ba0544269fb5fa858b13c967,2849,1,27.3665,41.27408059162704,36.01444049768433,0.4109150767326355,0.0,0.2746003453249415,0.13631473140769446,0.240124249555963,0.14604253241920806,0.2482568685416851,0.24405554315893818,0.2797873752885962,5.527086404363831,0.13022113022113022,2849,0.1429610124396191,0.14125170143245186,0.13213482228488993,3.8459566402207312,0.9575289575289575,2849,0.044873780014226344,0.025067763706872945,0.025084664135522017,2.4384115667818844,0.9803439803439803,2849
scene-0110_CAM_FRONT_d15bdc17_48d75ea2,scene-0110,48d75ea2edd5402fadd17321c07af99e,2745,1,27.3665,41.33490649297337,33.63620561763075,0.4123876988887787,0.0,0.20628339733689893,0.20610430155187975,0.18639752916554964,0.2288813715452871,0.20053889234086147,0.1938060922564154,0.21543098508328673,4.302868061687103,0.5657559198542805,2745,0.21148651390189568,0.21789141713627272,0.1971454032054587,4.326490394315296,0.84408014571949,2745,0.044023258491527884,0.02314773880848712,0.02337792377652681,2.261200344869469,0.9854280510018215,2745
scene-0110_CAM_FRONT_f809c883_77673232,scene-0110,77673232b11a4e85acc28a1a5bb1c289,2802,1,27.3665,41.89598365227512,35.2328026645477,0.4258703291416168,0.0,0.2526579049019735,0.17321242423964334,0.22326644688028208,0.18911867588757314,0.2360593890225413,0.22962099594019839,0.26087267282926474,4.767667436054896,0.14882226980728053,2802,0.1781818332903711,0.1802802033133996,0.16585570359800417,3.540274457038167,0.8907922912205567,2802,0.05067969434344854,0.02764204088725512,0.027769590990513127,2.131119215061132,0.9739471805852962,2802
scene-0110_CAM_FRONT_5697c1f2_9f184af2,scene-0110,9f184af29f1a48cfb0f33ed7788925be,2552,1,27.3665,40.039024241462485,32.255921596335,0.38053494691848755,0.0,0.1643820041390267,0.21615294277946084,0.1515821391657447,0.24129221116447108,0.16256778937238944,0.15601434157865324,0.16960629555411655,3.860550179660254,0.8115203761755486,2552,0.2396987729562309,0.23521976478671933,0.2114011585775838,4.803647902198751,0.6532131661442007,2552,0.05938140531888734,0.027955959409709696,0.028142816592257702,2.8580050543408597,0.9584639498432602,2552
scene-0110_CAM_FRONT_0ebd7d84_e0a1a4a5,scene-0110,e0a1a4a516cc4802aef8f376903d812c,2261,1,27.3665,42.33100050697001,34.59075948700445,0.4362000524997711,0.0,0.23426694190764952,0.2019331105921216,0.20884940354427783,0.22376614838056752,0.22721348235639544,0.21423776861285307,0.2411010369131803,4.482569624729512,0.20477664750110572,2261,0.20021208624415832,0.21557766290983435,0.19531165569217768,4.267638368545792,0.8841220698805838,2261,0.04405853618077494,0.019036814522379205,0.019057000755967612,1.9973056733300598,0.9946926138876603,2261
scene-0110_CAM_FRONT_d9e20967_cbfdfa1a,scene-0110,cbfdfa1a34184ff895e94ae3ec7928bd,2683,1,27.3665,41.57056596593443,34.85471276927144,0.41807273030281067,0.0,0.24186872053424047,0.1762040097685702,0.21484075392734803,0.19268135247936424,0.2310196257399984,0.2236376213621661,0.2531358850207299,5.182829319725686,0.1319418561311964,2683,0.17470945947195674,0.1795561106034076,0.16519948382817473,3.451564008115446,0.9444651509504286,2683,0.03953460757473275,0.019904307202976857,0.019873152564635177,2.400008787324954,0.9750279537830786,2683
scene-0110_CAM_FRONT_f5402402_741bbef6,scene-0110,741bbef66bca4f969a3d114ea0236f54,2402,1,27.3665,40.554514750549004,32.96276803481818,0.3933274745941162,0.0,0.18605904551616703,0.20726842907794918,0.1697754275037494,0.23031277918504145,0.19272306866442757,0.17874174694120773,0.19688841891147635,3.991465734808135,0.7214820982514571,2402,0.21678271914229633,0.21864321922689528,0.1977935594677056,3.2979903560769666,0.8522064945878435,2402,0.04792699023852077,0.019193688847627136,0.01919843920931852,2.462074194531414,0.9746044962531224,2402
scene-0221_CAM_FRONT_79070dca_daeec522,scene-0221,daeec5222fb346f99addae0db196eb1e,2784,1,27.3665,28.920665246797206,23.33780379648332,0.05523676238954067,0.0,0.15924511132990382,0.2144818737194445,0.17262533521357937,0.23921965832771042,0.17727679866985002,0.1748791739044747,0.16126886920142602,3.736377363615602,0.9252873563218391,2784,0.24098992441218395,0.2412225760308785,0.21619204188233665,4.484734337106751,0.5862068965517241,2784,0.0413580593566576,0.022326487069185243,0.02230419466393796,3.0555019261804204,0.9788074712643678,2784
scene-0221_CAM_FRONT_8e21bcb6_99ca4527,scene-0221,99ca4527b7a24d039d2465b46ed0a543,3440,1,27.3665,25.296624267759007,19.49930992472242,-0.07864867895841599,0.0,0.3389405611700038,0.26029188221158783,0.40345992271773023,0.2973086927392439,0.3383304560563472,0.3654892911357589,0.3133105474968466,5.223241619911414,0.1828488372093023,3440,0.24500899921775313,0.2671787647059365,0.23810723566760328,3.8875596491740407,0.4369186046511628,3440,0.07184412996911142,0.03759164926596689,0.037831778668197424,3.203978633196224,0.9183139534883721,3440
scene-0221_CAM_FRONT_27db2832_524b696f,scene-0221,524b696fedac43d68c6fb94db5d56b1f,3225,1,27.3665,19.798303985656812,16.075124924469065,-0.32372336089611053,2.9022344150011915e-05,0.5320465961931502,0.20832323529703967,0.7024128974788586,0.23161120542960356,0.6528579957448948,0.6857929108720688,0.5222360233713523,9.023881108180793,0.03348837209302326,3225,0.21270810295397508,0.22072812070178435,0.19968003846021265,3.2162949864717367,0.7110077519379845,3225,0.0548372576941021,0.0279803001016231,0.027955596720548037,2.5162310163363015,0.9448062015503876,3225
scene-0221_CAM_FRONT_bb9c0abe_5dd954d0,scene-0221,5dd954d0ac0242a990ba35eef950c937,3230,1,27.3665,18.901432939330824,15.232989513419625,-0.37008190155029297,0.0,0.5858561988954425,0.21577429734514952,0.7965285130598467,0.24082229050833748,0.7256005761587935,0.7811730036761341,0.577272130641813,8.984709759868363,0.04984520123839009,3230,0.22801903692072045,0.23611395044810407,0.21249488380575388,3.4350964858381747,0.6297213622291021,3230,0.074437980440537,0.030366272905467173,0.030649788458041005,3.2774337107405223,0.8900928792569659,3230
scene-0221_CAM_FRONT_af0f72a7_959c87c7,scene-0221,959c87c78f62434abde877aa3663cc77,2678,1,27.3665,18.961161000291007,13.600114222130703,-0.366926908493042,8.732907516762815e-06,0.6992414462449261,0.33231453775188413,1.01222574700645,0.3941913053521693,0.9484255583853708,1.0007297662992856,0.6943618292217693,6.918194958934088,0.011202389843166542,2678,0.36711582994014214,0.3893578094506624,0.3293294088091909,3.7435610116292,0.0743091859596714,2678,0.05378562926622136,0.019257185252213135,0.01934933631084379,3.5065162438984556,0.9249439880507841,2678
scene-0221_CAM_FRONT_fa48d104_e9ae8c38,scene-0221,e9ae8c38b8744ea2a265e4f64829c0d3,2068,1,27.3665,20.41702409003943,16.76359957820756,-0.2929505705833435,3.1841252252768596e-05,0.49010979367458063,0.19715922309123712,0.6324954477901068,0.21793794911334374,0.6298601768194424,0.6315875925874694,0.49018876018301016,7.258342050277554,0.009671179883945842,2068,0.23233542693812315,0.2184510746344565,0.1975986537728035,4.925191259451312,0.8529980657640233,2068,0.05383510455697494,0.016318006514685256,0.016278492792314747,4.817062084544418,0.9530947775628626,2068
scene-0221_CAM_FRONT_2d65df53_1244ad3a,scene-0221,1244ad3ad1dd409c96c5158b529c89ef,2111,1,27.3665,22.378049791446237,16.812120326209563,-0.20123907923698425,0.0,0.4872195633583667,0.28598048412138244,0.627783971860854,0.3310664780669912,0.6175251475992514,0.6266511915504677,0.4872641487368572,7.738422931606948,0.004263382283278067,2111,0.33616545408177645,0.3312713927770583,0.2861344200381688,6.155445080856185,0.06489815253434392,2111,0.048210224554979884,0.012422449425884345,0.012439521344058235,5.921170858252694,0.9578398863098058,2111
scene-0268_CAM_FRONT_30e55a3e_01a7d01c,scene-0268,01a7d01c014f406f87b8fe11976c3d0a,2288,1,27.3665,43.36951549908407,36.30679072127363,0.460437148809433,0.0,0.28268515834863095,0.17775199046080203,0.2462429353755894,0.1945290299005169,0.26254066586804103,0.2539010622697392,0.2928970644700598,5.017825619562459,0.059003496503496504,2288,0.18418262504570299,0.18402027551616223,0.16891566090516041,3.2118868275720893,0.9034090909090909,2288,0.04793790185258305,0.025862225965956803,0.02590718430836647,3.1446485037783134,0.9680944055944056,2288
scene-0268_CAM_FRONT_a2fada92_3bf56ebb,scene-0268,3bf56ebb22b741339967a95a9fbe2081,2184,1,27.3665,39.337005213416546,29.44045860518004,0.3628460466861725,0.0,0.07305023372320552,0.28979581296296697,0.070445866112124,0.33615463471398543,0.08797426626423921,0.07375263947088506,0.0766139520074205,3.5803500037155485,0.9734432234432234,2184,0.32849975627528566,0.3321476156734019,0.2867923884634185,4.511488159285205,0.06501831501831502,2184,0.03293689806469466,0.013273884863212532,0.013267428540473025,3.338206940781016,0.9826007326007326,2184
scene-0268_CAM_FRONT_296fcfbf_dc2b67cd,scene-0268,dc2b67cdadca4deb89d7d684f2894292,2311,1,27.3665,45.68689474390428,36.71761696769181,0.5124918520450592,4.9239011083701394e-05,0.29393702861460413,0.21855482343045507,0.25467657598585314,0.2442772303034979,0.2868561616315275,0.2572954176894033,0.2974569145257353,6.839788889450826,0.004759844223279966,2311,0.24511828476534184,0.24195382355006745,0.21687055157366553,5.364827662264501,0.6321938554738209,2311,0.05721859299682545,0.013116376529912576,0.013089528114097249,4.935257543051747,0.9337948939852877,2311
scene-0268_CAM_FRONT_e1dffaba_3c18f85f,scene-0268,3c18f85f037744b6ae4c8a6f8dc578c2,2014,1,27.3665,38.717826803042115,29.291094422120853,0.3469804972410202,0.0,0.06796388754723015,0.27901660969379005,0.06570578737636334,0.32182929886710276,0.1428068254481592,0.06910274372319022,0.07160636625434036,7.7097219923471325,0.8555114200595829,2014,0.32525228547576435,0.3224307807386757,0.27987984509984665,7.346217408112203,0.13157894736842105,2014,0.09407054478355036,0.016934347531529587,0.017014215512010766,7.513051587956754,0.8768619662363456,2014
scene-0268_CAM_FRONT_08d95280_4094ae46,scene-0268,4094ae4656fb4b8fb1906192b24a34cb,1944,1,27.3665,37.39129857390494,27.835273361672527,0.31211838126182556,0.0,0.016984404738887626,0.29513397652293794,0.01684098286306046,0.343306318140582,0.09112195441178042,0.025332697579136323,0.025541572017157455,4.930541019279129,0.8806584362139918,1944,0.3317420443959754,0.34134663175483926,0.2940514082898328,4.950176841389905,0.14866255144032922,1944,0.08543960609734315,0.020131529183405786,0.020174814521704665,4.8662842589522315,0.8816872427983539,1944
scene-0268_CAM_FRONT_df25b3ec_755ef1d0,scene-0268,755ef1d006e94b2a87523000781a7a99,1882,1,27.3665,36.203589061197846,26.207521683774836,0.2798386216163635,0.0,0.04327318090535037,0.3231118025217139,0.04422311770680287,0.3814197884881121,0.08807279164620167,0.04997888440009765,0.04908281886632482,4.079338568474027,0.9250797024442083,1882,0.37367567302922466,0.37887847608248526,0.32169859661004596,4.838112936696348,0.10255047821466524,1882,0.06982295565513182,0.018516499303059743,0.018462815213460715,4.1744364009910715,0.9208289054197663,1882
scene-0268_CAM_FRONT_4f9ad42b_adcff599,scene-0268,adcff599db1e48f19fd5c0fc827c8d79,1750,1,27.3665,26.3679690509229,22.050174999608863,-0.03716965764760971,0.0,0.21599909928618555,0.17882944163857584,0.24110126112311758,0.1958167702247544,0.23568241741180185,0.23859039294082426,0.2143897499124814,3.8726583228112816,0.6051428571428571,1750,0.19733301834410877,0.19402868447246663,0.1775694669673371,3.7782974355407255,0.8748571428571429,1750,0.06968780155112819,0.026112214664939862,0.02588664385901651,3.8291618109982513,0.9091428571428571,1750
scene-0269_CAM_FRONT_adce54dc_18f10858,scene-0269,18f10858b2b1410f8485ffa35253033d,2824,1,27.3665,23.687093134068252,19.577685173275896,-0.1443893313407898,0.0,0.33492923156546084,0.19053990022467104,0.39784145867030585,0.20990264806187686,0.34460034688270136,0.37831661040808096,0.32198166364698755,4.70331671751734,0.17422096317280453,2824,0.18526999787706463,0.19776690489302737,0.1810079577151854,3.8639072087881985,0.8693342776203966,2824,0.0751918765665258,0.03164937625053694,0.031376569429161005,4.510131808502002,0.9068696883852692,2824
scene-0269_CAM_FRONT_2d72c60d_14d8b492,scene-0269,14d8b49233574552ae43c6f49172ea16,2647,1,27.3665,24.780467414889596,19.563531881769794,-0.09926389902830124,0.0,0.3356524227786033,0.2363885237503025,0.3988527309581238,0.266666344535732,0.35286151041170793,0.36334589153545577,0.3106026980058454,5.513682822169151,0.11900264450321119,2647,0.23564958920556592,0.23668412037204611,0.2131616698787442,4.432078723126062,0.5610124669437099,2647,0.06987310041984222,0.03777428476095234,0.03813670087029042,4.339128296584435,0.9301095579901776,2647
scene-0269_CAM_FRONT_5973a055_0c97832d,scene-0269,0c97832dafd24fce9a0e4935664dc824,2467,1,27.3665,27.374171754411147,22.30641083854513,0.00028029449458699673,0.0,0.2044455189374652,0.2047258134320522,0.22684461422682634,0.22718854021593682,0.20231662020414992,0.20662004118160868,0.18849675255852816,4.307126243641094,0.7839481151195784,2467,0.20261393591593013,0.2069582975396931,0.18877704705311515,4.308399439484648,0.7794892582083502,2467,0.06491221318305469,0.034330481421870285,0.03457197236660825,4.622987644877017,0.9343331982164572,2467
scene-0269_CAM_FRONT_ca37a1ae_a4be46a1,scene-0269,a4be46a1e7d24df3b14fe5322c65df71,2801,1,27.3665,31.14384406944188,26.122191293414883,0.12929696589708328,0.0,0.046534443432324935,0.17583140932940866,0.0476341625634904,0.19223704166399314,0.07378293178731042,0.05574693255824954,0.055061980062271365,4.076617116223171,0.9771510174937522,2801,0.18985073300551225,0.18553509927055795,0.17019423323017557,5.267820849495668,0.8200642627632988,2801,0.06199069515973332,0.03813161757306347,0.03827376578171782,4.013649180014894,0.9614423420207069,2801
scene-0269_CAM_FRONT_d02a787e_6e90bc36,scene-0269,6e90bc3643d94c0fa0edf8795f8c8aa3,2682,1,27.3665,29.967343774381238,23.522925386344657,0.09078861027956009,0.0,0.1513441436705878,0.24213275395014788,0.16339696489819167,0.2739633052518904,0.15464183067316012,0.15711348775529876,0.1460000583353841,4.362139503587059,0.9284116331096197,2682,0.2501916709164538,0.26389576713787033,0.2345554882273282,4.777760806220498,0.39149888143176736,2682,0.06110493808063992,0.024703318883115503,0.024654241627278473,4.693336816369656,0.9384787472035794,2682
scene-0269_CAM_FRONT_5512cfa9_21e50bd8,scene-0269,21e50bd8b149409a9791a74acf49a676,2828,1,27.3665,27.381955566446806,25.76935634771367,0.0005646028439514339,0.0,0.060133590091230094,0.06069819293518153,0.06197840686183964,0.06257817218924089,0.11039574110373664,0.07139850986032618,0.06918109079506074,6.658524557891818,0.8723479490806223,2828,0.11063285853334004,0.07200359530640642,0.06962028101723128,6.654164227645579,0.8727015558698727,2828,0.0997794651018415,0.0394136058775133,0.03967915191066684,7.159461065702717,0.8504243281471005,2828
scene-0269_CAM_FRONT_459ac79b_44a799dc,scene-0269,44a799dcf8cd4393aaa748e1bcd96d58,2587,1,27.3665,28.555087136018916,23.370870716843715,0.0425154659897089,0.0,0.1578292318929866,0.2003446978826955,0.17096621394925515,0.2218238456746442,0.1623035760612448,0.16569990701339216,0.15345302433926844,3.9870963750853856,0.9443370699652107,2587,0.20517440775394183,0.2152207168291264,0.19502018209728056,4.163633061446737,0.7039041360649401,2587,0.07282082865481307,0.04103997651139327,0.040693338127459455,4.298989506426141,0.93931194433707,2587
scene-0269_CAM_FRONT_addc85df_8cf0dfa0,scene-0269,8cf0dfa0d78f469e8b10760332954028,2680,1,27.3665,29.419466894515388,23.514061554628096,0.07233695685863495,0.0,0.15172103140927762,0.22405798826791257,0.1638355175868651,0.2511435689733055,0.1407821003753993,0.1500966334543897,0.1407402243223459,3.998133980138622,0.9682835820895522,2680,0.20746827255776937,0.23307844000412564,0.20973205013961715,4.107158445790552,0.6235074626865672,2680,0.07423870999734336,0.026030126032925684,0.02609796491592642,4.92857578067601,0.8988805970149254,2680
scene-0270_CAM_FRONT_51f37263_af4baa28,scene-0270,af4baa2810cf431695fbe4f3f5ce7951,2597,1,27.3665,27.09854642270052,22.143878170015316,-0.009839548729360104,0.0,0.211758559932969,0.2019190112036089,0.23584946547694408,0.22374889414783006,0.22095507844364073,0.22659037382722552,0.20467179259016977,7.697899055065336,0.7277628032345014,2597,0.21208490397977167,0.2146729370581283,0.19504225512920903,7.708599430685809,0.8247978436657682,2597,0.11358329732936152,0.0349293631635442,0.03473048970120485,8.475893576977539,0.8521370812475934,2597
scene-0270_CAM_FRONT_8d74da14_6a02dd6b,scene-0270,6a02dd6bc13a457b9af4dc88220e269e,2240,1,27.3665,24.860747798783027,18.70166730023187,-0.09602947160601616,0.0,0.3807069573115527,0.2846774857055365,0.46331872771903604,0.3293332300096472,0.41556062492284407,0.4518466058832856,0.3739751604596462,5.590175117561106,0.08616071428571428,2240,0.29336772845594006,0.32052281379951797,0.2791739723006669,4.851766670603204,0.1924107142857143,2240,0.05752750398740135,0.017428210274158595,0.017488934652282073,5.058334728469741,0.93125,2240
scene-0270_CAM_FRONT_d492d47f_2f207084,scene-0270,2f207084f4794686be52b8fbbfa91f1f,1981,1,27.3665,27.41274429044246,20.939785619794236,0.0016883877106010914,0.0,0.2676686700799369,0.269357057790538,0.30691404854358373,0.30912248999003045,0.2700458337710723,0.2898678454369671,0.2547320506127879,3.453665604705666,0.276123170116103,1981,0.27208613933126785,0.292047481973491,0.256420438323389,3.468895390935004,0.2725896012115093,1981,0.04674575113777863,0.021238664441719603,0.02119272871626987,3.1538023754714275,0.9631499242806664,1981
scene-0270_CAM_FRONT_71a74ae0_91bb8353,scene-0270,91bb8353dea24e0eb219c013b45dcd64,1819,1,27.3665,29.557433048859764,23.569299481413697,0.07701561599969864,0.0,0.14937464190296268,0.22639025790266132,0.16110790741068493,0.2540649785611233,0.15751444648363172,0.1575491056188556,0.1463049299391681,2.4816292508704954,0.9785596481583287,1819,0.24707536569091756,0.24996231914608977,0.22317791005058485,3.052273146325471,0.49917537108301263,1819,0.02602549619349799,0.011793742994940102,0.01182581861780374,2.2778910538325463,0.9824079164376031,1819
scene-0270_CAM_FRONT_adebba60_12a72195,scene-0270,12a72195b0a242b3bf7a48c0d82cd219,1830,1,27.3665,20.49775048856618,18.551748892321132,-0.28900448977947235,0.0,0.388755573118877,0.09975108333940508,0.4751439424305399,0.10489585685641356,0.45037005079047066,0.4699306346257144,0.38527765125087965,4.283603429024155,0.03879781420765027,1830,0.10293294357172413,0.10202332626183619,0.09724949365570079,1.4639262227031509,0.994535519125683,1830,0.03487991605107892,0.017016016258408897,0.01707615182031863,1.5946990961449123,0.9748633879781421,1830
scene-0270_CAM_FRONT_12a0035c_b70d3599,scene-0270,b70d359986c74a008d7e9f957521b213,1882,1,27.3665,20.051796566618805,18.314977782466233,-0.31100088357925415,0.0,0.4016004544862595,0.09059957090700532,0.49421420681160755,0.09483051548199573,0.47488343183813797,0.4879302207903625,0.39809196048098994,5.10459221350609,0.036131774707757705,1882,0.10292954437169331,0.09367032191537622,0.09033367601445919,3.2454146075422794,0.9835281615302869,1882,0.051167323524182816,0.030029962957135826,0.030016143213521085,3.372981148648464,0.9665249734325186,1882
scene-0270_CAM_FRONT_c1348c56_5bbe677b,scene-0270,5bbe677b299143128aa0492add6b28cf,1773,1,27.3665,20.31618801117055,19.141472580919007,-0.29790163040161133,0.0,0.3574623172203726,0.059560686818761255,0.4296966904876498,0.06137017020427904,0.40795251686899753,0.4253624001316739,0.3544260972696882,3.7983534118063056,0.03440496333897349,1773,0.06385811336618948,0.060391135447625706,0.058661084077392234,1.3607248488137507,0.9768753525098702,1773,0.03267453786604661,0.01624489912721296,0.01621695080195318,1.4761915115890583,0.9729272419627749,1773
scene-0270_CAM_FRONT_8b2da12c_6de2f8b9,scene-0270,6de2f8b9d18441e8aee8011d5f8759f3,1781,1,27.3665,20.18920600187775,17.564121292873864,-0.30417153239250183,0.0,0.4434613791961275,0.13928984680362566,0.5580910393224834,0.14945721822525426,0.49986430247194796,0.5448370578084979,0.43537805100287286,4.581376301495981,0.058955642897248736,1781,0.13334415995840962,0.1437185240088804,0.13462669540834415,2.0907582526918747,0.9747332959011791,1781,0.055638243535868055,0.02512855576826674,0.02493859469945736,2.4523385667238236,0.9348680516563729,1781
scene-0271_CAM_FRONT_c28c950a_08dfcb4b,scene-0271,08dfcb4bd030497ea9c7d17d4bbba24b,2080,1,27.3665,17.021255785613715,12.298449658619685,-0.47485673427581787,0.000278664058321208,0.7998464272182471,0.3249896929424292,1.2251991722240763,0.3840163807707202,1.075140221444406,1.1343058449542256,0.7612523839174259,11.59661032536806,0.028365384615384615,2080,0.33754927194586776,0.3460068655037827,0.3013275413781077,6.042668400259006,0.20817307692307693,2080,0.10183748908218485,0.05053573444000804,0.050802919845897576,6.194065070481441,0.8961538461538462,2080
scene-0271_CAM_FRONT_b8c2c0c9_9f5b95a0,scene-0271,9f5b95a0bb20428188d4abae6a0579d1,2406,1,27.3665,22.841585960290764,17.674253261902205,-0.18073681741952896,0.0,0.43721067501337885,0.2564738575938499,0.5483822481479288,0.2923649798278618,0.5562701315068546,0.5469153931161044,0.43631095268524,8.535728203518733,0.012884455527847049,2406,0.30386686151379216,0.2918000516620226,0.2563495085169818,4.978753362202686,0.16791354945968412,2406,0.047104567429335435,0.023565247957161348,0.02370250149737929,2.1354455350816215,0.9804655029093932,2406
scene-0271_CAM_FRONT_cbbd3332_b0361d86,scene-0271,b0361d863c2f468d8f6ac82560aaf5bf,2493,1,27.3665,25.717278794868825,19.646632569807803,-0.062156544998288155,0.0,0.3314136845013169,0.26925713950302876,0.39293590913161336,0.3089916912473927,0.36690826728220766,0.386568679825325,0.32718143487959117,5.957757494592462,0.06738868832731648,2493,0.29083967402903266,0.30353236087216423,0.26521783526067866,5.523652946626698,0.2069795427196149,2493,0.056567789569250154,0.014661481686409732,0.01463066504602839,5.515386769943368,0.9342158042519053,2493
scene-0271_CAM_FRONT_a0069939_c5910605,scene-0271,c591060534ac4c978a9601baa87c202b,2545,1,27.3665,24.306025429067947,18.27495544299925,-0.11859535798430443,0.0,0.40378807014445073,0.2851927121601463,0.49748655121802376,0.3300183141283155,0.47385426965834854,0.4847247407344307,0.39541249618630925,7.700487658950982,0.03732809430255403,2545,0.320192060245801,0.3212117508987469,0.27883930138372204,6.707252366730004,0.15677799607072693,2545,0.07205961836863538,0.024088040059582365,0.024152225830611496,6.2847761054103275,0.9296660117878193,2545
scene-0271_CAM_FRONT_618875a2_309dffee,scene-0271,309dffeeb33c4319bfcd4fa9002d8667,2438,1,27.3665,21.783336275823274,15.912321836926663,-0.2281743511557579,0.0,0.5422258702394194,0.31405151908366147,0.7198307249223923,0.3689602623089321,0.6964806323445434,0.7065654459942459,0.5348725691949222,8.265759142193344,0.026251025430680888,2438,0.368283302007319,0.36223161454104613,0.31018244790041005,5.480708308851303,0.10172272354388844,2438,0.07613572088792799,0.02646209192198478,0.026555981835498788,4.778474400168281,0.9196062346185397,2438
scene-0271_CAM_FRONT_8e86bdba_84d3fc36,scene-0271,84d3fc3616134756aa8a9545a5706e62,2211,1,27.3665,18.42483641830496,13.284737423878322,-0.39562007784843445,0.0,0.7227038234780268,0.32708374562959275,1.059995551798469,0.38691762060631274,1.0033909817154494,1.0541950452839877,0.7206445976360865,11.171403577918367,0.027589326096788783,2211,0.3753070864143181,0.3855045272728643,0.3266907580215046,6.04535979494981,0.06060606060606061,2211,0.05955675690047181,0.018367911437964724,0.018297983670673812,5.537080510015068,0.9470827679782904,2211
scene-0271_CAM_FRONT_8c9d04f0_4a4e46db,scene-0271,4a4e46dbe41848b8a2b1d82107b6c24c,1972,1,27.3665,17.136674048886093,10.949749372567688,-0.46809878945350647,0.0,0.91600306998716,0.44790428053365394,1.499280948709297,0.5650288847540614,1.401147908914069,1.4711656124174908,0.9052191923635977,13.389515332957023,0.018762677484787018,1972,0.5199701734771037,0.5485044920530926,0.43890112470119913,5.49270866457733,0.010141987829614604,1972,0.06088822150508076,0.031622361384957526,0.031408534977220515,3.6942601829620743,0.966024340770791,1972
scene-0272_CAM_FRONT_e261f474_e7683144,scene-0272,e7683144f74449309873faf2cb7e76c8,2022,1,27.3665,17.036687933023035,10.976400388787082,-0.47395050525665283,0.0,0.9135720887492904,0.439621583492638,1.4932126225967655,0.5521197596278309,1.3925262976299524,1.4764612582296923,0.9069787446289721,12.953864666382419,0.02126607319485658,2022,0.5161935832074613,0.5432360039302723,0.43570041558021066,6.410933461214103,0.01582591493570722,2022,0.07233993937694098,0.030627599653242757,0.03058316918198012,5.616642204196992,0.9441147378832839,2022
scene-0272_CAM_FRONT_a4fa9d49_77d239a5,scene-0272,77d239a5f93b49a38ec0a6185c87147d,1851,1,27.3665,17.00312232723233,10.892976750101266,-0.4759226441383362,8.05630822361089e-06,0.9212013909286552,0.4452787467903194,1.512306840253339,0.5609252380965801,1.430232606190292,1.4859144433052418,0.9112118384193606,13.316954363634524,0.015126958400864398,1851,0.5261951916004535,0.5454099180438139,0.43684856065337163,5.722215725916301,0.011345218800648298,1851,0.06101398804967643,0.03261487717245119,0.032443058409843406,4.0500568729049515,0.9675850891410048,1851
scene-0272_CAM_FRONT_fdb723ef_a77fe48a,scene-0272,a77fe48ab6e44959860a1a2b44f7be5e,2059,1,27.3665,20.976378203190514,15.457062554234914,-0.2659226804971695,0.0,0.5712536154915435,0.30533093499437447,0.770485168445032,0.357074031989566,0.7529251894285462,0.7618480450299221,0.566587090600114,8.573202131783985,0.010199125789218067,2059,0.3546850641063635,0.3518324056385257,0.30185389555890985,4.858089530527788,0.053423992229237494,2059,0.048915660114280196,0.018260253953134676,0.018263927761187126,3.8718327696271135,0.9528897523069452,2059
scene-0272_CAM_FRONT_160faaad_9a9f3586,scene-0272,9a9f358664e64025a28fbffcf2ee0099,2377,1,27.3665,26.687869636199455,20.236635716496608,-0.02511049620807171,0.0,0.3018250265751603,0.27671453036708904,0.3523245851429362,0.31878984284151035,0.3365116973918324,0.3457676439092434,0.29773420386783633,5.078998599010435,0.10938157341186369,2377,0.30442012315502476,0.3132017030797302,0.2728988798102887,4.727259010648303,0.1796381994110223,2377,0.050729248441307564,0.030035228926530554,0.02970915764857862,3.422599084688017,0.9684476230542701,2377
scene-0272_CAM_FRONT_deafcf11_fb2a7007,scene-0272,fb2a700732f24bfe86d1187ba7492ba2,2362,1,27.3665,24.03245831510948,18.21074610880529,-0.129914291203022,0.0,0.40730777226062553,0.27739348105760353,0.5027665443519476,0.31968554014869643,0.4791972633327662,0.49223577695602194,0.40048641909830107,6.89606517288933,0.03429297205757832,2362,0.30985412811658575,0.3110663864511243,0.27128278754420565,5.5663038231087025,0.15707027942421675,2362,0.06346149136493517,0.025431459802559817,0.02548888101331348,5.069714418438406,0.9441151566469094,2362
scene-0272_CAM_FRONT_f05e9433_5f52fc66,scene-0272,5f52fc6688cd4b098799012ee6a04875,2455,1,27.3665,32.019127902091434,24.07573203768667,0.15701383352279663,0.0,0.1281152738660154,0.28512910738881203,0.13668402510719768,0.32993372130785725,0.1350646440596854,0.1309615654741407,0.12372317042194014,3.9142333961440485,0.9637474541751527,2455,0.3066375134984181,0.31957624337955143,0.2780807822053548,4.827576492285845,0.1629327902240326,2455,0.05586413169944482,0.029124940175893232,0.02893274937774115,4.168693080554574,0.9389002036659878,2455
scene-0272_CAM_FRONT_03e1fa4e_f1d9fc82,scene-0272,f1d9fc82160b4980a3fd44dc92bdd033,2288,1,27.3665,26.113758903767415,20.524326943939734,-0.04685730114579201,0.0,0.287708774849603,0.240851473703811,0.3333689370057793,0.27233204650728315,0.3090641116562492,0.3262744822920789,0.2826715599339893,4.373857167797996,0.1743881118881119,2288,0.25202951104318005,0.2660718277161701,0.23609184768180858,3.8667797050875947,0.35926573426573427,2288,0.049155848776716284,0.02353153425112375,0.023543245908887345,3.415468333260997,0.9615384615384616,2288
scene-0273_CAM_FRONT_1d477a7c_8ae5eb1e,scene-0273,8ae5eb1e96954ba0b154600564400ab4,2744,1,27.3665,28.842569505685557,23.776231786597837,0.05253276601433754,0.0,0.14063322038654702,0.193165986400885,0.15100240633698392,0.2130841322779966,0.13446718395262502,0.14292386519004918,0.13380631225873363,3.9556356889209456,0.9475218658892128,2744,0.1860648121464742,0.20391496715233004,0.18576587835894376,4.253937424096732,0.9183673469387755,2744,0.06369377847743879,0.023266317601944368,0.023119463110298555,4.275176332264328,0.9358600583090378,2744
scene-0273_CAM_FRONT_5eb775d7_11d08474,scene-0273,11d08474b2544d969d832d3d370c3db1,2769,1,27.3665,30.407220289171523,24.37912716309255,0.10536045208573341,0.0,0.11559231557527516,0.22095276766100858,0.12253813751913234,0.2472645179522619,0.1268929296970024,0.11887080322318666,0.11260709557498982,3.5462506107423244,0.9389671361502347,2769,0.23754360437760402,0.23992542806985195,0.21535272036455888,4.682339994359588,0.5854098952690502,2769,0.05646889953209791,0.02765750859443703,0.027847273220360513,3.4029985496766475,0.9465511014806789,2769
scene-0273_CAM_FRONT_1c9469a9_e42c4028,scene-0273,e42c40288fba48e993507ce35215a7d5,2552,1,27.3665,29.157547660417723,22.29133787266867,0.06339416652917862,0.0,0.20512147083575405,0.26851563736493267,0.2276741825152615,0.3080214308791078,0.22034480946420734,0.22080492952504466,0.1995496483044953,6.441321024996432,0.8612852664576802,2552,0.29639234033909884,0.30052959784940353,0.2627715644602575,7.004897305515568,0.18142633228840124,2552,0.04547478141329978,0.017695098805090674,0.01770160414699906,6.0194353036545545,0.9674764890282131,2552
scene-0273_CAM_FRONT_e1e84a1a_b87c4fce,scene-0273,b87c4fce91d94856b3d8a39961e97fbb,2843,1,27.3665,24.76291155388724,19.868594978008908,-0.09997260570526123,0.0,0.32017929429336967,0.22020668858810888,0.37737469762154663,0.2463343070456412,0.32307126506968037,0.35665306876331015,0.3061673391331381,4.841803181889095,0.1994372142103412,2843,0.2040961825070978,0.23063944396344163,0.2078447909767851,3.406209973607515,0.7006683081252199,2843,0.05837957328712334,0.020783806079324642,0.02081298060761183,3.090367738971393,0.9518114667604644,2843
scene-0273_CAM_FRONT_49ceba17_ac2d1e89,scene-0273,ac2d1e8913eb40e0847c39fb6dd73c5f,2824,1,27.3665,25.317243110849333,20.37994208682526,-0.07783392816781998,0.0,0.29476845151426634,0.2169345233464468,0.3428153958146545,0.24226276026642002,0.32328871368132783,0.3323336966698032,0.2873787172015181,6.058084237851555,0.17563739376770537,2824,0.2329102895438559,0.23355995384092176,0.21002652023451585,5.3340524281724715,0.6345609065155807,2824,0.06932265049342674,0.029981326617592147,0.0303000483619984,5.039443493912818,0.9330736543909348,2824
scene-0273_CAM_FRONT_0791e7e8_8d5c8d68,scene-0273,8d5c8d68750649c5bb0798abe4a1d8f8,2734,1,27.3665,28.13750747839518,22.403507096336842,0.027783834375441074,0.0,0.20010212423130103,0.2278859586067421,0.22152749934739657,0.2559420878794416,0.2201032593457266,0.21770773160908494,0.19744814521169962,4.1548019132810445,0.7988295537673739,2734,0.25001513699639544,0.2514802107057036,0.2247037051679992,4.340008520981611,0.4725676664228237,2734,0.06891707605049206,0.0221847378362433,0.022327357968232486,4.110292734594918,0.9213606437454279,2734
scene-0273_CAM_FRONT_e0668ad6_2bdf0127,scene-0273,2bdf0127a7094e3aabdf8be3f4670cb0,2409,1,27.3665,27.730479811631852,22.6969127042682,0.013212524820119143,0.0,0.18709072661705983,0.20030325143717898,0.20573667249703398,0.22177320646860843,0.19504483697942598,0.20107478375471788,0.18343352259444212,4.459109356262459,0.9115815691158157,2409,0.20877878700341274,0.2169330611701336,0.19654318266571913,4.524005121002561,0.8908260689082607,2409,0.059734473377843426,0.015163369500767966,0.015093019496264848,4.59202326849807,0.9286010792860108,2409
scene-0274_CAM_FRONT_040a956b_6d32f67b,scene-0274,6d32f67b3307453aae7b942c91b7b9e8,2663,1,27.3665,24.534736175752272,19.140351401650406,-0.10922972112894058,0.0,0.3575208922386075,0.24829117110966692,0.42978043745008154,0.2818331106312253,0.4041431232491413,0.42371942104077837,0.3554107505799542,5.933541092879054,0.07810739767179872,2663,0.2755530857926873,0.2796966825002821,0.24687826375529687,5.380221307899028,0.27525347352609836,2663,0.07821482368871095,0.02202454415404325,0.021939987097765234,5.790462850812025,0.8971085242208036,2663
scene-0274_CAM_FRONT_d6f9027a_34cf97ab,scene-0274,34cf97ab4d6b452d862ae6c8374f7ee9,2304,1,27.3665,24.36702067913293,18.64499083901684,-0.11608903110027313,0.0,0.38374211534433833,0.2676530842440652,0.46776687831524,0.30689367935446055,0.4458756309868171,0.4625922182449733,0.3807495836268662,5.981801713683841,0.050347222222222224,2304,0.30144638038848154,0.3035871564615835,0.2654576248902585,5.1634884067654285,0.1506076388888889,2304,0.061194272311253815,0.015026114259620141,0.015111136684769155,5.185458247623284,0.9253472222222222,2304
scene-0274_CAM_FRONT_9bd318b5_728f711f,scene-0274,728f711f0d8e4b5fa85defb9bbb51399,2671,1,27.3665,30.04579092571838,24.14358287447215,0.09340294450521469,0.0,0.125301012332395,0.21870395683760968,0.13348959606718336,0.24446280744382975,0.13406556388429222,0.1328033745194991,0.12483012557888706,4.011905693538376,0.9640584050917259,2671,0.2361923759649673,0.24291159768157355,0.21745668987196298,5.057177480524544,0.5941594908274055,2671,0.045353535377651154,0.018064768922846686,0.01810315279529595,3.7424033542796518,0.9685511044552602,2671
scene-0274_CAM_FRONT_4ea42d9d_144689dc,scene-0274,144689dc04d74506a875106f2ff76d9e,2829,1,27.3665,27.402872551349173,23.355788077097444,0.0013282079016789794,0.0,0.15847480085337828,0.1598030087550577,0.17172239744868367,0.17327972239225264,0.16488857010652883,0.16455606356523392,0.15277703046915359,6.844816718678165,0.9165782962177448,2829,0.16610256659362901,0.1659927696306083,0.1540561355665815,6.842250851870279,0.9158713326263698,2829,0.07830750066821701,0.027464880346068043,0.027340705094702544,7.492240189779379,0.9158713326263698,2829
scene-0274_CAM_FRONT_d813d750_8491dd8f,scene-0274,8491dd8fb7a44826b15e24ef9f869455,2355,1,27.3665,25.048670747201864,18.488184034509178,-0.08849887549877167,0.0,0.39218781044707907,0.30368893494830784,0.48021568526789715,0.35484754481279435,0.48054743490666546,0.4866802179164524,0.39670369686258855,5.9322974643613415,0.012738853503184714,2355,0.35644591041410123,0.36097971811332125,0.30820482136381644,4.694966414728915,0.10191082802547771,2355,0.0511424483317636,0.031867634403255234,0.031556670174937906,2.7367651819450574,0.9898089171974522,2355
scene-0274_CAM_FRONT_d90f206c_864f2bd6,scene-0274,864f2bd660ba4d5b83fc5dee443801ce,2580,1,27.3665,27.550250164829265,23.89934299921122,0.006691978313028812,0.0,0.13546866865087726,0.14216064696390607,0.14507331858048178,0.1527618213495885,0.12267631556383493,0.1269836318157615,0.11975029283931549,3.976655868173773,0.9786821705426356,2580,0.1291521729771972,0.1342170901294921,0.12626661289693186,3.9951020911658817,0.9782945736434109,2580,0.05286028224727507,0.0272188647359353,0.02733260445888641,4.269805851503025,0.9720930232558139,2580
scene-0274_CAM_FRONT_1734a670_783bf5ef,scene-0274,783bf5ef43d04e538df4986e1461ba7e,2413,1,27.3665,23.969068762573084,18.629407337554436,-0.13255544006824493,0.0,0.3845782657925101,0.25202282572426515,0.468994665484217,0.2866254051063981,0.42671638739039414,0.46335048680712804,0.3808924841036563,5.546895961106071,0.08661417322834646,2413,0.26572535401729064,0.28337021123225287,0.25016917378468495,4.686322932506034,0.25362619146290927,2413,0.06591222269663181,0.01973293669173974,0.01977313607482145,5.124333177440316,0.9121425611272275,2413
scene-0274_CAM_FRONT_f5a8490b_a6f13e65,scene-0274,a6f13e65dcd141bca7ffb425d7c6c8be,2301,1,27.3665,35.714872838593486,27.330118888475177,0.26624757051467896,0.0,0.001330287598368507,0.2675778581130479,0.0013311728234071118,0.3067953704970552,0.039649934778572,0.01612778382235886,0.016090190628171186,1.867767704748311,0.9756627553237722,2301,0.27132992086988156,0.30065281162427454,0.2628760971237276,3.629936794125621,0.2872664059104737,2301,0.03984636778682757,0.015607463662812812,0.015498484307496119,1.880270591125602,0.9752281616688396,2301
scene-0275_CAM_FRONT_8fb167b9_ad7080dc,scene-0275,ad7080dc8e08423482474c439e96c2ee,2678,1,27.3665,32.42035410348127,25.877520378846185,0.1694668009877205,0.0,0.05594498485011634,0.22541178583783683,0.0575395014419926,0.25283851114203304,0.07049549156319519,0.05713374784747262,0.05590268702352663,4.264300663893592,0.9734876773711725,2678,0.23029963323016286,0.24071840135662398,0.21584835196142782,4.849132658410373,0.5754294249439881,2678,0.054746900032935336,0.024392167857155204,0.024461811995450278,4.459127558627395,0.9690067214339059,2678
scene-0275_CAM_FRONT_96af1a7d_4ffdd341,scene-0275,4ffdd34156524df380cddc090dcadc7d,2145,1,27.3665,24.72231580854061,19.064671025394187,-0.10161332786083221,0.0,0.3614826998983274,0.25986937203749516,0.4354561882315071,0.29676068239574804,0.42509832612458,0.4321026654464654,0.3592427646735641,5.409860482235782,0.04149184149184149,2145,0.2903450587794885,0.29386056782511927,0.25765626518436413,4.502762730418784,0.19254079254079254,2145,0.042889971130381954,0.011047918140842751,0.01105481946508391,4.100313134146149,0.9762237762237762,2145
scene-0275_CAM_FRONT_ffec010a_4523fb98,scene-0275,4523fb98c35940f1a47555072262965d,1855,1,27.3665,24.033732688794657,18.825463098513506,-0.1298612654209137,0.0,0.3741092640677266,0.24424799864681335,0.4536959785154453,0.27666090140924116,0.45013938929429276,0.4494203651480857,0.37129513631214683,7.305234541045467,0.01725067385444744,1855,0.28436544379802775,0.27351082977913055,0.24186034662240274,6.967654276722161,0.32776280323450135,1855,0.06289652832934951,0.025548421061799505,0.025725680897932257,7.137768763406536,0.9504043126684636,1855
scene-0275_CAM_FRONT_6e75580f_cf4d6609,scene-0275,cf4d66093d824995b2b56eb08503c663,1765,1,27.3665,24.38457102179817,17.557469389274793,-0.1153690405189991,0.0,0.4438401720440259,0.3284711315250268,0.5586813448592529,0.3888431459657733,0.5484052503298336,0.5573993646340756,0.44358101296985497,8.127082646651223,0.01586402266288952,1765,0.3939722559309324,0.3886801311519165,0.3284562937140809,7.784435986515409,0.031161473087818695,1765,0.06737975435283575,0.012143058108370477,0.012121519157162863,7.858119086786879,0.9280453257790369,1765
scene-0275_CAM_FRONT_5bea7ebf_33c965ec,scene-0275,33c965ece87842c2ac898543d26dad5f,1726,1,27.3665,24.99929091251919,19.025397985915504,-0.09047217667102814,0.0,0.363544815006799,0.2730726383357709,0.43841931823236546,0.31399568781826037,0.4319542769743936,0.4299608004301589,0.35812901448716483,5.258716011744722,0.009269988412514484,1726,0.3149056529114788,0.30736565986678327,0.2681312300813412,4.585864965868975,0.10486674391657011,1726,0.0509345346710121,0.01750153874906801,0.01748020859821331,4.067229285211678,0.9582850521436849,1726
scene-0275_CAM_FRONT_54847140_1aaff367,scene-0275,1aaff367ed174989b350fd40619b6f9a,1781,1,27.3665,22.091717868028713,17.08090285481806,-0.21411685645580292,3.3666633000033667e-06,0.47135859032203475,0.25724173386623184,0.6021694071212782,0.2933577373398173,0.5635762011011669,0.5750054878096978,0.45738915962170235,5.966756786147942,0.006176305446378439,1781,0.27678552427675807,0.27739229606577775,0.2448968489844452,4.395825949105966,0.40202133632790565,1781,0.06778391957031733,0.035328933854050865,0.0351961660937643,4.24458769306469,0.9606962380685008,1781
scene-0275_CAM_FRONT_28d072da_e32db3f8,scene-0275,e32db3f8b6c244c2be60b6d7db30ccc3,1753,1,27.3665,22.243178743260167,16.23414114726252,-0.20728424936532974,0.0,0.5222031347903884,0.3149188854250591,0.685737468447148,0.3701481674631688,0.6492025851983041,0.6635712005571077,0.5104882243949764,6.6756028845052215,0.008556759840273816,1753,0.3521945506357686,0.3543334328994074,0.30351381279836875,4.816244689912057,0.05704506560182544,1753,0.06055366297898793,0.028995984188691832,0.02873254386905688,4.260149379204973,0.9612093553907587,1753
scene-0275_CAM_FRONT_38f030fc_91d55da9,scene-0275,91d55da975464dd6a50d71a4d46881eb,1775,1,27.3665,22.298572938927375,16.498474107912358,-0.2047969549894333,3.3595715874311706e-06,0.5060517393159341,0.30125478432650077,0.6587291540419207,0.35155365236069924,0.6240101321904187,0.6446513408607124,0.4983009383611188,6.629031526835327,0.0067605633802816905,1775,0.33620792521949067,0.3415173987958008,0.2938685083846839,4.8968071707295575,0.08394366197183098,1775,0.060293552601456565,0.025361995764257145,0.025304875737573562,4.458710570411037,0.96,1775
scene-0276_CAM_FRONT_3502d36d_f38ef511,scene-0276,f38ef51177c84c2a9fa32584b79e601e,1642,1,27.3665,22.589475736386376,17.252852046767213,-0.19183551520109177,0.0,0.46134217178239734,0.269506656581306,0.5862015118322335,0.3093183477811787,0.5785418210642936,0.5775648277784821,0.45631019007757156,5.914912610437056,0.0030450669914738123,1642,0.31216272785637383,0.3029809505208056,0.2647273601920668,4.371929336970451,0.058465286236297195,1642,0.041642816511961604,0.017282076660458667,0.01733841850631912,3.9202705049636495,0.9725943970767357,1642
scene-0276_CAM_FRONT_291e7331_333b8e10,scene-0276,333b8e10454e4be1b6ea0a57ed25e3d5,2096,1,27.3665,28.23681743137929,21.936396368726644,0.031307071447372437,0.0,0.2211724456554216,0.25247951710279404,0.24753854461778024,0.2872131300305443,0.24143585037729537,0.2423629808242404,0.21701519541776948,3.21881010646378,0.5992366412213741,2096,0.2808075515939459,0.2818729714445855,0.24832226686514192,3.74037433803068,0.1450381679389313,2096,0.02651669998989615,0.018481659044713175,0.018533751313623115,0.9752921045999963,0.9980916030534351,2096
scene-0276_CAM_FRONT_5099c824_c62b6ac8,scene-0276,c62b6ac878934607be0c524a02f1692b,2356,1,27.3665,29.605371170937904,23.65877823393142,0.07863616570830345,0.0,0.14558541888525234,0.2242215845935558,0.15671653579942535,0.2513482682076067,0.15313446436786765,0.15342452714583918,0.14286684358858237,3.1957051454752174,0.9473684210526315,2356,0.23831630772578336,0.2465618091325113,0.22068833515931296,3.773362999155828,0.5382003395585738,2356,0.047037526827572625,0.020585326252625012,0.020495654082629322,3.2979807252200497,0.9541595925297114,2356
scene-0276_CAM_FRONT_19eea651_4070ae6b,scene-0276,4070ae6b1ce047b5b0a3a5868f2dbd19,2429,1,27.3665,31.51141542781669,25.778414917061312,0.1410302370786667,0.0,0.05978212700296748,0.20081236408163416,0.06160522623474507,0.22239538502272382,0.08409930683510115,0.062184842624973875,0.060379973058958036,3.5504250278466456,0.9497735693701111,2429,0.20719390044724617,0.21499739444286353,0.1948135086255962,3.852462876796207,0.8373816385343763,2429,0.06371611575640443,0.02272988351520023,0.022589701526980033,3.7314193714888426,0.9485384932070811,2429
scene-0276_CAM_FRONT_9075f9ff_6c662b12,scene-0276,6c662b1258e34752be332dcc1eccb7a8,2563,1,27.3665,29.197126636532555,24.009587599396664,0.06475066393613815,0.0,0.1308664037538172,0.19561706768995535,0.13981549606823274,0.21606114705886292,0.13049509116999952,0.13485823708869024,0.12650774188911118,3.008535776652165,0.9785407725321889,2563,0.198135932504792,0.2103511819932387,0.1910195042096272,3.4562661118496156,0.8657822863831448,2563,0.04493043315741141,0.020403904644679394,0.02047630402879852,3.3467574370351687,0.9652750682793602,2563
scene-0276_CAM_FRONT_7ff6ab92_afb43016,scene-0276,afb4301624a2479fbab49b0512d157c1,2630,1,27.3665,29.706557579412042,25.69747190277412,0.08204817771911621,0.0,0.06292702011703444,0.14497519783615065,0.06494911653335445,0.156010898340748,0.09368787826700263,0.06691588091295678,0.0649725248508819,4.558967160097465,0.9201520912547528,2630,0.16698352141927494,0.1499122481696113,0.14005569442375476,4.7126588588949065,0.932319391634981,2630,0.06746858091194048,0.027077813461747455,0.027113091576006054,4.753404203383239,0.9019011406844106,2630
scene-0276_CAM_FRONT_46a4a199_28285c36,scene-0276,28285c367b2d468f850572ddcc7efac9,2391,1,27.3665,26.889914323041676,21.103023523635176,-0.017568353563547134,0.0,0.2599033124624528,0.24233495889890566,0.2968046957512884,0.2742209329826715,0.2978808953553158,0.3002877497357657,0.2627745847990097,4.515358783414899,0.12839815976578836,2391,0.2763617218235184,0.2778545307748862,0.24529657642940794,4.290423772737079,0.1890422417398578,2391,0.04463113191878413,0.017949581354246753,0.01795450021671252,3.183168606398694,0.9611041405269761,2391
scene-0276_CAM_FRONT_ff6114d5_fef6223e,scene-0276,fef6223e08f64885af98e24ccbbcb373,2355,1,27.3665,33.2987398504291,27.41702201870282,0.1961999163031578,0.0,0.0018444244241235808,0.19435549187903423,0.0018427245186715124,0.2145279610496722,0.0562175002697776,0.027555873176811456,0.027574626866094354,3.0208613917035674,0.9503184713375796,2355,0.18917289257548048,0.20513033910817208,0.18663283686250098,3.2897695500110187,0.8666666666666667,2355,0.05579516789327184,0.026794849042669325,0.02692232791732696,3.009554305473894,0.9511677282377919,2355
scene-0277_CAM_FRONT_7e2fd590_e3dbf6e9,scene-0277,e3dbf6e92f0e4ac3860f1cbf73e2a312,2519,1,27.3665,32.55310519199055,26.559345114746307,0.17355312407016754,0.0,0.02993797015780686,0.2034910942279744,0.030390617003788423,0.2256742420172242,0.04958065537781114,0.03298060393072948,0.032594388953361086,3.938041718414025,0.9710202461294164,2519,0.22154938027052415,0.22227992579887948,0.20119146455806813,5.057819553266417,0.8197697499007542,2519,0.04070447237267411,0.01889971072841382,0.018910370241224328,4.034626729283166,0.9670504168320763,2519
scene-0277_CAM_FRONT_2dc6dfa0_6382c18e,scene-0277,6382c18ecfe44ffaa22119c94be8f02a,2534,1,27.3665,34.399162007469705,29.00734273477496,0.2287125661969185,0.0,0.058229358050449154,0.17048320814646933,0.05656646145694222,0.18587773868134616,0.1090791135813639,0.08622249187264644,0.09016816475677958,4.491880383853985,0.8958168902920284,2534,0.14559210362886035,0.15588333044780145,0.14507781073800619,3.142420153309244,0.9668508287292817,2534,0.06685594866172391,0.03730440312615217,0.03759403039190912,3.853439100251025,0.9463299131807419,2534
scene-0277_CAM_FRONT_a593f1a2_2a07391a,scene-0277,2a07391a099947f285e1801d1386abcc,2492,1,27.3665,31.176678511299404,25.432828202475754,0.13035069406032562,0.0,0.07327884919003713,0.20362954325036275,0.07603054533022835,0.2258439471652829,0.08630931231629198,0.07906295629613264,0.07648799440140852,2.283972680531893,0.992776886035313,2492,0.21330126543020644,0.224823267210984,0.20286044487852894,3.0565122284746513,0.7957463884430177,2492,0.04067873438990341,0.01598152598681106,0.01595953439201403,2.6530647361023565,0.9530497592295345,2492
scene-0277_CAM_FRONT_21146650_fae2bb46,scene-0277,fae2bb46325643e7a4f48fd0423cc55a,2402,1,27.3665,28.28059763264673,22.29975079994814,0.03285633586347103,0.0,0.20474413412432924,0.23760046998780027,0.2272110233655007,0.2682024066705042,0.22129477098082093,0.22293394950076406,0.20139306281133174,5.331810174476152,0.7851790174854288,2402,0.2567900753788237,0.26372187551966453,0.23410918412346005,5.442725917274408,0.3405495420482931,2402,0.06941256689287896,0.020219808772177363,0.02015923901098582,5.545707258795538,0.9154870940882598,2402
scene-0277_CAM_FRONT_d5cb5a4a_13af3da0,scene-0277,13af3da0edf14bfb8fa9d62fb654b455,2642,1,27.3665,30.384968283051734,25.248290000859093,0.10462838411331177,0.0,0.0805612069479178,0.18518959106122956,0.08389518652822958,0.20344658121472237,0.0983997454432096,0.08529367618628675,0.08187684496557801,3.7217451200134746,0.96555639666919,2642,0.21108129149099103,0.20466792351963303,0.18633950920476794,4.5533100140893445,0.8410295230885693,2642,0.03714617110969994,0.013768168065478974,0.013730708636384148,3.7790590198237393,0.9693414080242241,2642
scene-0277_CAM_FRONT_aae0304d_f1cfa142,scene-0277,f1cfa142bc164c99a2c679a6dea01a67,2526,1,27.3665,30.25850004727954,25.159259668831247,0.10045750066637993,0.0,0.08409363116564261,0.18455113183202254,0.08773073453759883,0.2026784748664734,0.08460829422016461,0.08444942144603876,0.08128731665843225,2.7720669177844344,0.9901029295328583,2526,0.183658301740053,0.196807634968682,0.17970968021572098,3.314212640190121,0.8931116389548693,2526,0.042349322809531804,0.01792807021598452,0.01803321964772131,2.9875916739033572,0.9873317498020586,2526
scene-0277_CAM_FRONT_37c8d31c_47972c33,scene-0277,47972c339c9f4654baa9bc8d7143cf40,2408,1,27.3665,29.428997376453236,23.611391095350836,0.07266085594892502,0.0,0.1475903685237645,0.22025122447268952,0.15903802065218242,0.24638981488252543,0.1260984593619508,0.13641980310657048,0.12814812106256313,2.672320812966821,0.9763289036544851,2408,0.20048639296441775,0.22105615514017468,0.19991863785061437,3.140482713045674,0.696843853820598,2408,0.05948191687888493,0.030586360999753977,0.030451326617733643,3.1219281825416276,0.9534883720930233,2408
scene-0277_CAM_FRONT_a5d38151_49409214,scene-0277,49409214fe454b018d05c8d839b35159,2390,1,27.3665,33.340154022031825,26.09008623486858,0.19744285941123962,0.0,0.04776423321022438,0.245207092621464,0.048923324884435626,0.2778859265506666,0.05483531092385151,0.04489763511997612,0.04425944738578169,4.048763524282378,0.9744769874476987,2390,0.2488931207831653,0.2577337116666213,0.22946849897225863,4.677765154049915,0.44644351464435145,2390,0.04815851327810734,0.02608068805918813,0.026116538217626162,4.249286293810435,0.9707112970711297,2390
scene-0278_CAM_FRONT_f4b5b6fc_b462e734,scene-0278,b462e73472684c509a3e5f8734c33b10,2540,1,27.3665,35.44559542719756,28.674489957424605,0.2586793601512909,0.0,0.0466882382072793,0.2119911219440116,0.04561510804086444,0.2361369105370863,0.06846175619034768,0.048703026848169725,0.04983487250816743,4.34792391438715,0.9566929133858267,2540,0.23297755970567163,0.23478596363027804,0.2109012491401181,4.453375170053257,0.6850393700787402,2540,0.041113897124839344,0.01566708224938597,0.01567949522402612,4.007091211211499,0.9633858267716535,2540
scene-0278_CAM_FRONT_c75fae3b_943884d0,scene-0278,943884d0b74546ee8d6a18ab456159a5,2325,1,27.3665,27.68013753521976,20.386577728249748,0.011395461857318878,0.0,0.2944429078321864,0.30583836968950573,0.34237832189353434,0.35776283318329116,0.3156547782778035,0.33704229453068035,0.2906179415113066,5.035852563466863,0.17290322580645162,2325,0.32948522798195923,0.3522684634634756,0.30200488199202047,5.1220394721904725,0.15870967741935485,2325,0.06600187144186159,0.013185755552070633,0.013242132718739086,4.870629768932081,0.9195698924731183,2325
scene-0278_CAM_FRONT_c1255d99_29b8d47b,scene-0278,29b8d47b841f44ce8216353f373ba2c3,2156,1,27.3665,24.13568496760472,17.782947721094644,-0.12562818825244904,0.0,0.4310796327053952,0.30545144445294614,0.5389180932887223,0.35723758210087286,0.4927398133034963,0.5277978522718447,0.4241369493430821,6.9188967836898385,0.05148423005565863,2156,0.32427705336071844,0.3479885354675768,0.29878705020037977,5.653429723178808,0.174860853432282,2156,0.06175711548495658,0.020527759139994564,0.020451087694885017,5.303397967530501,0.936456400742115,2156
scene-0278_CAM_FRONT_4c687bbe_2e24381c,scene-0278,2e24381cb9434a89abd7f3eb1ed838b6,2280,1,27.3665,27.483159719335944,21.215574624832346,0.004253805615007877,0.0,0.25458407356981505,0.2588378791848229,0.28992499538372796,0.29542377264519315,0.2731382532384044,0.2809977832159141,0.24771972925946784,4.5556576103473265,0.2820175438596491,2280,0.27838199204394265,0.28645850496915026,0.2519735348744755,4.587311464209738,0.26052631578947366,2280,0.04862286594111899,0.0251999768707772,0.025219502917518066,4.204211870402659,0.968859649122807,2280
scene-0278_CAM_FRONT_2996dec1_42b6df35,scene-0278,42b6df359dab44a9942600fbcf14a929,2237,1,27.3665,34.451549596240724,27.006091045293378,0.23023433983325958,0.0,0.01325720280585152,0.2434915426391111,0.013345469142578281,0.27569552877756975,0.042419495820846566,0.01710526455636663,0.017005030263129273,2.902170034587687,0.975860527492177,2237,0.2772414966854672,0.2721833721879684,0.2408440236777658,4.207488073900454,0.22217255252570406,2237,0.03976511594611749,0.016421975241369843,0.016428564644603405,2.937335382413219,0.9763075547608404,2237
scene-0278_CAM_FRONT_fa5cd3e2_8cfc29cd,scene-0278,8cfc29cd1fee4f92bd5134e2af939d47,2676,1,27.3665,31.607615426016388,26.179580116272707,0.14407844841480255,0.0,0.04433991562407513,0.18841836403887768,0.045337621094599934,0.2073385167231816,0.0566836252184844,0.04516994104134294,0.04434810730301986,3.511377048321171,0.9715994020926756,2676,0.18352231410027503,0.19844607832833322,0.18114826700865616,3.719214945632927,0.9745889387144993,2676,0.04558231955950955,0.01645639082650786,0.01644683575326844,3.924229003222626,0.9588938714499252,2676
scene-0278_CAM_FRONT_ef1a273c_6e727bcf,scene-0278,6e727bcf41e44efc8e6d0a0adbc88935,3008,1,27.3665,31.662697625527915,26.029920901336556,0.14581961929798126,0.0,0.05007295738592399,0.19589257668390525,0.0513477971650238,0.21639622899899535,0.08446870529441433,0.06924794975725236,0.06824693042802699,3.914756290095635,0.9581117021276596,3008,0.16931983893697725,0.2041497721696467,0.18671974898293642,3.4872798785869685,0.8523936170212766,3008,0.07533442143401169,0.03200825905308017,0.03161636838074777,4.560046598341558,0.9248670212765957,3008
scene-0278_CAM_FRONT_096d7f57_6664e576,scene-0278,6664e576015845e185dc931f83c14c98,2796,1,27.3665,27.34546056976687,23.143726794407737,-0.0007690980564802885,0.0,0.16759587463055503,0.16682677657407474,0.1824586525370071,0.18154957551496875,0.17870299480021845,0.18012554655976648,0.16568753488016796,3.5906359423225243,0.9138054363376252,2796,0.1779601343969906,0.1792182632351479,0.16495594684107762,3.5870355905641724,0.9141630901287554,2796,0.06710335074872398,0.018529406145108958,0.01846805903427451,3.7663953897859104,0.9098712446351931,2796
scene-0329_CAM_FRONT_269601cc_7d47b230,scene-0329,7d47b2309e5f4eddac3ca1b82f16bba6,2600,1,27.3665,27.83250766353871,21.655272956218006,0.01688504032790661,0.0,0.23407065828411966,0.25095569861202627,0.26373378231384037,0.2852531445717472,0.24441108774327508,0.24920547153856654,0.2225368361197999,5.660871093655811,0.5026923076923077,2600,0.2649861836006482,0.27047743993318996,0.2394218764477063,5.773039719788662,0.3773076923076923,2600,0.05072027168028799,0.030417008738654664,0.030577459978776034,5.37220871438117,0.9819230769230769,2600
scene-0329_CAM_FRONT_0d03e6ff_deb3daf1,scene-0329,deb3daf1fd634c4b83a80182cabeef46,2361,1,27.3665,20.497595630927083,16.606495635182466,-0.28901204466819763,0.0,0.499525715490182,0.21051367082198436,0.6479394931475744,0.234311927165473,0.6283959421493464,0.6440626015965993,0.4974966283516493,6.496344601305436,0.0021177467174925877,2361,0.22626461631711653,0.2326977170200646,0.2093391418792514,3.9691564237936365,0.6031342651418891,2361,0.0536478634112143,0.034761235721552396,0.034767506378954316,3.7196684740559633,0.9830580262600593,2361
scene-0329_CAM_FRONT_3a58d50a_a11122da,scene-0329,a11122da55ec4b27b580c23e8473e874,1674,1,27.3665,17.770137174803292,10.74170759321714,-0.4318002760410309,0.0,0.9351855674133414,0.5033852913723105,1.547686181411287,0.6543121305987012,1.5224817057598912,1.5391925719506971,0.9319151907742126,9.59871231721279,0.0023894862604540022,1674,0.6481786683409366,0.6497971470210786,0.5010282517082532,4.456962439390044,0.0005973715651135006,1674,0.050085199554548446,0.024355842124504725,0.024388021966173512,2.394679234357496,0.9659498207885304,1674
scene-0329_CAM_FRONT_63e40c4a_1463c5e3,scene-0329,1463c5e376a945f1950fce5247eb2953,2234,1,27.3665,24.276805832591215,19.179344795463688,-0.11979823559522629,0.0,0.3554857295864009,0.23568749399117506,0.4268735606897658,0.2657786849075878,0.38296804151948455,0.41029259572365195,0.3438741722510428,4.447446281776262,0.13473589973142344,2234,0.23163327226081054,0.2516553054532345,0.22491281720282608,3.2124911979326116,0.4874664279319606,2234,0.0621350724351547,0.039974766074347856,0.03962850183018796,2.9775210510775936,0.9574753804834378,2234
scene-0329_CAM_FRONT_9f7efc90_305eabe9,scene-0329,305eabe98b6a445799cad8d843047cae,2130,1,27.3665,30.905008368114515,24.61014040159668,0.12159861624240875,0.0,0.10616106818820636,0.22775968443061556,0.11200097006453835,0.25578350483971346,0.09709404409452595,0.1007903736095086,0.09706876110266083,1.4509787326279238,0.9943661971830986,2130,0.21790021997937833,0.2393844178000851,0.21465491193050223,2.477798803610258,0.5769953051643193,2130,0.04938352575968445,0.027541876411136815,0.02761116722696133,1.852459252200777,0.9816901408450704,2130
scene-0329_CAM_FRONT_2a881484_d2695a82,scene-0329,d2695a8237424836a115110981fa9e98,2259,1,27.3665,27.00352471068397,21.90228830897829,-0.013352235313504934,0.0,0.22272851727944198,0.20937628196593705,0.24948131509992932,0.2329088326179396,0.23481579913681436,0.23494069427138473,0.21102294809401667,2.884266081324247,0.6330234617087207,2259,0.21870380031314549,0.2185610711631579,0.19767071278051174,2.7167218875152708,0.7649402390438247,2259,0.04155484293568111,0.025097051609186974,0.025137077963364618,1.5089166779827834,0.9915891987605135,2259
scene-0329_CAM_FRONT_b7efe50e_84c4e982,scene-0329,84c4e9822b544011b42d5dce27f19b95,2292,1,27.3665,32.20240302378816,23.92511161571595,0.1627214401960373,0.0,0.13439103507592254,0.29711247527195983,0.1438400137712823,0.34596667890297383,0.12308878805289142,0.1309449629986254,0.12306395577324625,1.526709440570723,0.9921465968586387,2292,0.3139167013013013,0.3298984667949397,0.28523435839445677,3.6795573006391007,0.17233856893542757,2292,0.042384166242278136,0.020497329916569766,0.02045077560751396,1.5535805006364538,0.9808027923211169,2292
scene-0330_CAM_FRONT_b98e65c9_7531f8e5,scene-0330,7531f8e54ec6433b8c5f52eabbfec701,2591,1,27.3665,28.41925660524894,21.68936195143097,0.037747327238321304,0.0,0.2324977299475952,0.27024505718591696,0.2617475821226025,0.31028550627207174,0.23425203344973794,0.25688784510539486,0.22882067326104893,2.828128576713537,0.4260903126206098,2591,0.2803748069230116,0.30510311358656533,0.26637193253443026,3.398382738127272,0.24932458510227712,2591,0.043885365273149936,0.01769527873653931,0.017824295898959175,1.4255687105210295,0.9768429177923582,2591
scene-0330_CAM_FRONT_0de7fa32_bad735b9,scene-0330,bad735b92fba419ebd141e001451eb73,2395,1,27.3665,34.6900065737616,26.781949709281875,0.2371320128440857,0.0,0.02159149534666227,0.2587235081907484,0.021826278410026934,0.295275622212785,0.052942909287498625,0.030421693849560557,0.030098546523206204,1.8129803148074246,0.9578288100208768,2395,0.27980660589612405,0.28449184010107537,0.25036318495990484,3.704691886415725,0.2755741127348643,2395,0.050927141243462565,0.023667727833148026,0.023830301789017128,1.9413686545325788,0.9594989561586639,2395
scene-0330_CAM_FRONT_c4a291f3_91b4d539,scene-0330,91b4d539792443d6a3aff6f939477159,2647,1,27.3665,37.072431469272395,28.276247713935177,0.303553968667984,0.0,0.03270251120463552,0.2708514574633485,0.032173565712781405,0.3110803047252362,0.06275639050471514,0.04850792448541593,0.0493690730697236,2.3288590624103076,0.9743105402342275,2647,0.30005630482927187,0.3037191485996848,0.2652210634668062,4.394135416477873,0.21458254627880619,2647,0.052030682985390576,0.03435721072135441,0.034745163482579056,2.1567326753429565,0.982999622213827,2647
scene-0330_CAM_FRONT_141a69c7_fa9853c0,scene-0330,fa9853c0f9bf414f8ccc9654ae9b0775,2606,1,27.3665,34.73843970153939,24.911530168933627,0.23852720856666565,0.0,0.09398888235249458,0.33251609091916023,0.09854753258504712,0.39447233734604503,0.10192879485727771,0.09405551875433686,0.09014416108843959,1.918966044797132,0.9781273983115887,2606,0.3814502542053287,0.3857543290314017,0.3262638895583291,4.592245201904445,0.10015349194167306,2606,0.0525334810973763,0.03500740840113245,0.03549328088972803,1.988890861772383,0.988871834228703,2606
scene-0330_CAM_FRONT_81ddc3fd_e54e8d4a,scene-0330,e54e8d4a4e38433ead078b6644b4ce70,2313,1,27.3665,29.263212693634827,23.068046036855446,0.06701155006885529,0.0,0.17087126618449577,0.2378828162533515,0.18633801737160494,0.2685605294389244,0.18579667593047375,0.1790451279354858,0.16475308792690302,3.1904816311114033,0.8530047557284911,2313,0.26570120865353664,0.2604300560687152,0.23163390419846808,3.771277808293526,0.41936878512754,2313,0.05337938115883982,0.026294082990049067,0.02654580333362011,2.9231792000083336,0.9835711197578901,2313
scene-0330_CAM_FRONT_3b195d69_d5f7ce1b,scene-0330,d5f7ce1b4817415bb884f5d970eda7be,2033,1,27.3665,28.123616835344915,23.794458354922895,0.027290042489767075,0.0,0.13986692630240682,0.1671569687921739,0.15012073785399171,0.18193977840753628,0.16196499190767807,0.14276136883826832,0.13344758684640134,2.1237989059455686,0.8893261190359075,2033,0.19309704414344483,0.1743768063669716,0.16073762933616842,2.3614139378803514,0.7988194786030497,2033,0.06153900298774202,0.04409481151706706,0.044435584758363955,1.6128297844813917,0.9842597147073291,2033
scene-0330_CAM_FRONT_37254007_a3a83aab,scene-0330,a3a83aabf393401697bc995d75363802,2000,1,27.3665,27.97155849900249,24.42455506821801,0.021868588402867317,0.0,0.11373065611972866,0.13559924452259597,0.12045029780747729,0.14522284728944568,0.14094351348755263,0.11778726380493273,0.11135107346583328,1.7333769424704302,0.904,2000,0.1652954474251903,0.14250093504684952,0.1332196618687006,1.9415287395948784,0.8975,2000,0.05512833021008912,0.032048616017334455,0.03223154697975783,1.1139461514321625,0.975,2000
scene-0331_CAM_FRONT_09361337_72505908,scene-0331,72505908976e4fbe8addb92ed4dcd250,1514,1,27.3665,18.754583954269496,16.028376397992556,-0.3778814375400543,0.0,0.5349589613616628,0.15707752382160844,0.7073781723411152,0.17008631994806267,0.6932311580146896,0.6932811663742051,0.526668164926474,5.613769089853058,0.007926023778071334,1514,0.16520997819694822,0.16139264571983597,0.14961984168141584,1.4374994616860526,0.9815059445178336,1514,0.0363662445744501,0.02994790643626515,0.030113279715014762,0.9797435699712396,0.9920739762219286,1514
scene-0331_CAM_FRONT_6c9ad4d2_52801254,scene-0331,5280125457214cad869cd0aaa4aba5f8,1601,1,27.3665,18.59240303479761,16.544473567197677,-0.3865665793418884,0.0,0.503267515011681,0.11670093566979256,0.6541173032098699,0.1237832959315377,0.6296024931144245,0.647335638345223,0.4991592181356279,5.070150541334629,0.01561524047470331,1601,0.13164718356714114,0.12293650729588951,0.11594713568589787,2.1327785328965603,0.962523422860712,1601,0.04653890689633487,0.024085671753536948,0.024106878892441896,2.1967936685358804,0.9606495940037476,1601
scene-0331_CAM_FRONT_c0ab1238_6eff2305,scene-0331,6eff23054ff6444eb949a80286c66bcc,2174,1,27.3665,20.891807020504032,23.952036304444423,-0.2699625641107559,0.0,0.13326629424500336,0.13669626986575256,0.142554213435373,0.1277648900094791,0.13006385630080358,0.12872690328515296,0.12152275942070778,1.983228984554561,0.953081876724931,2174,0.14317524330247375,0.14054667340723495,0.15145876222370735,2.7510942374934975,0.8081876724931003,2174,0.061437029784932685,0.05736793988595752,0.05705939978215824,1.683070093194408,0.9866605335786569,2174
scene-0331_CAM_FRONT_1d374f78_ddbf483c,scene-0331,ddbf483cd9a34b7495867ad4e743dda8,2358,1,27.3665,22.763797842744594,25.166212218289292,-0.1841481775045395,0.0,0.0838173277653338,0.1003308497392057,0.08743023235382519,0.09546189767082891,0.10531441947507161,0.08467698728818693,0.08142955688013531,2.1727405272762694,0.9274809160305344,2358,0.10571286156397068,0.10392134848561829,0.10909796931121307,2.292758549694751,0.952078032230704,2358,0.05862645992476503,0.039613318929815296,0.03951240298825298,1.8648898055065026,0.9766751484308737,2358
scene-0331_CAM_FRONT_c7626771_58976dcd,scene-0331,58976dcd6bc449b4a23cadab4fb49646,2360,1,27.3665,21.60310210911289,18.23606270568308,-0.23648271709680557,0.0,0.4059185367268179,0.1694358196300123,0.5006802971494233,0.18463631419629345,0.485773775302704,0.49781901588962035,0.40459719514872616,5.071474965655556,0.08177966101694915,2360,0.20003944382415964,0.18579186691879152,0.17106017822403807,3.067569913395515,0.8114406779661016,2360,0.07040583353933468,0.02658807776219717,0.02645988408110045,3.147449299546048,0.9088983050847458,2360
scene-0331_CAM_FRONT_f2758f85_9489e07f,scene-0331,9489e07f0ebf455ca35819c3090818ad,1829,1,27.3665,29.433438447421445,25.153332082519327,0.07281175255775452,0.0,0.08432926149725573,0.15714101405501024,0.08798706708996007,0.17016061135998117,0.0868769445922373,0.08173669206039827,0.07948175277923575,0.9781558140188512,0.9852378348824494,1829,0.1503465555525112,0.15234071438375615,0.14179527755930144,1.3030496362559294,0.9283761618370694,1829,0.056813125154108995,0.03635776335486259,0.03630722576538692,1.2896902766445897,0.9682886823400766,1829
scene-0331_CAM_FRONT_2629f4e9_f7b89f7f,scene-0331,f7b89f7f3cf545178bfa58cf334653ac,2245,1,27.3665,46.88038882321293,44.06147486489239,0.538279801607132,4.809889132055506e-05,0.4762661771864778,0.06201362442065417,0.37890186191190645,0.06397684069732801,0.38606304062888813,0.3841478347234896,0.4847483356854063,5.437377981258135,0.0,2245,0.062412932291889045,0.05794153211417718,0.05654814055558699,1.1832185478887889,0.9964365256124722,2245,0.04199911325310715,0.03785849889404998,0.03757704603025869,1.0502984122690882,0.9964365256124722,2245
scene-0332_CAM_FRONT_097c7295_8398a7b0,scene-0332,8398a7b012a04b00a72951ce2792e9d6,2048,1,27.3665,28.86401098796712,20.415717111791725,0.05327588692307472,0.0,0.2930145867727876,0.34629047369586274,0.34046234330870684,0.4138132317329095,0.3269672261974627,0.3320326755797725,0.2870751025357683,5.482194634158921,0.19091796875,2048,0.3933767463185971,0.40310204481876455,0.34003289843358375,5.807090128225921,0.09033203125,2048,0.08148761791778276,0.03144988469351115,0.03167067913845556,5.284309660440743,0.92724609375,2048
scene-0332_CAM_FRONT_d11353f2_e301e136,scene-0332,e301e136efc44b5f89f8824f57d1d1b5,2090,1,27.3665,29.516157865146198,21.19641892742375,0.0756182000041008,0.0,0.2554873887458653,0.3311055887499661,0.2910907306419317,0.39250681760013895,0.2618692820499729,0.2769696782527368,0.24474608770376605,3.716882177797286,0.37320574162679426,2090,0.3567487193597691,0.3758228455917737,0.31992561054991786,4.386747869318699,0.15550239234449761,2090,0.06427621719314695,0.03359137745227332,0.033782291324474745,3.5497282141715183,0.9650717703349282,2090
scene-0332_CAM_FRONT_fc992f09_ea5943fa,scene-0332,ea5943fafc5646aab115dbe5c8d30631,2032,1,27.3665,31.488071147082678,23.715520252700085,0.14028914272785187,0.0,0.14318994084273085,0.28347908357058316,0.1539489628899977,0.32774110842024085,0.1366494398736093,0.14368463114257046,0.13431834808658616,2.430099839979328,0.9596456692913385,2032,0.2989102774856164,0.3135488328324737,0.2728022417344622,3.6800335366322,0.24803149606299213,2032,0.05441284484732847,0.030337953182826102,0.030416585937748986,2.612146411250476,0.9704724409448819,2032
scene-0332_CAM_FRONT_ad8a760f_ae16009c,scene-0332,ae16009cac6f4ff9ad4748088427c927,2320,1,27.3665,36.50124783740101,28.46577743434405,0.2880268096923828,0.0,0.039382936331350926,0.2486438733610319,0.03861750963519339,0.2822852957938937,0.072598993848184,0.05584280798451098,0.05732254132068759,3.6400548128716803,0.9685344827586206,2320,0.25201164597683945,0.2621358114725524,0.23280537429938608,4.14576092358304,0.43275862068965515,2320,0.050776213054936306,0.032149663007423016,0.03229713541368984,3.433956475453111,0.975,2320
scene-0332_CAM_FRONT_e0760028_8fa01e4b,scene-0332,8fa01e4bfb3a4eabbd59a5ef46185f2e,2255,1,27.3665,36.60952892842249,29.436816455859365,0.2909889221191406,0.0,0.07292651368617786,0.21806240843296276,0.07033085452578791,0.24366468036102473,0.09870253069940317,0.0813734517090118,0.08462547598221537,3.630673525420215,0.9254988913525499,2255,0.22641417135408407,0.23264257001858954,0.20919062502743113,3.896391676542121,0.6172949002217295,2255,0.05717199086480615,0.03302736738332071,0.03307308995286773,3.0975188605272512,0.9623059866962306,2255
scene-0332_CAM_FRONT_5efe5833_26f23947,scene-0332,26f23947fce24749b747ab531507952d,2450,1,27.3665,35.533538124112034,30.379238467836462,0.2611573487520218,0.0,0.10443979232420997,0.15671755642781182,0.09917096740348352,0.169665202823718,0.14701752091870837,0.12288405897165958,0.13111609519924095,4.685792300853829,0.8,2450,0.1420929738210226,0.14703667547340044,0.13791671948425188,2.933359841383951,0.9571428571428572,2450,0.0748567794129632,0.044326681408806114,0.0440016360608837,3.5188136329308777,0.9289795918367347,2450
scene-0332_CAM_FRONT_2152a131_4f77a18f,scene-0332,4f77a18fec2e42899e71e123c81c925e,2624,1,27.3665,36.162386884446235,30.599884608577135,0.2786999046802521,0.0,0.11167660035194871,0.16702330432830337,0.10566656214353243,0.18178180561863733,0.12844514749496083,0.1159514221887484,0.12324326833141774,3.1961436625350053,0.9161585365853658,2624,0.160620336495137,0.1691825474308295,0.15636641986875177,2.751283129786371,0.9698932926829268,2624,0.042216745616696624,0.023958413925038155,0.023926661148097383,2.251183953915163,0.9839939024390244,2624
scene-0332_CAM_FRONT_6fd0afc6_7876ea81,scene-0332,7876ea81dbe74b31a262426af050eb8a,2407,1,27.3665,37.22311838478748,30.423534713651655,0.3076103925704956,0.0,0.10589683947301909,0.20171355309747696,0.10048256201735506,0.22349749084496473,0.12282853846946994,0.11118471506034572,0.11786584352774954,3.6791013401710195,0.8982135438304943,2407,0.20475428585561845,0.210224560797603,0.19114824919858364,3.3981354090338236,0.7669297881179892,2407,0.05127182292683468,0.031464297190135965,0.031562778941067515,2.8279759932889403,0.9750727046115496,2407
scene-0344_CAM_FRONT_418cbb70_66acf00f,scene-0344,66acf00fb96648bd8d7493be238ecc8d,1684,1,27.3665,29.32685896831464,26.423255804804775,0.06918414682149887,0.0,0.035075113554517756,0.10425926037601663,0.03569750079866019,0.10988816764139542,0.042665870765006525,0.03604983350612029,0.035415244495148546,1.251496950519986,0.9809976247030879,1684,0.11279192231597127,0.110070366568346,0.10442820568915434,1.4845191273081764,0.9839667458432304,1684,0.01918751513661784,0.007948086798109329,0.007976633687980517,1.2544311802400996,0.9809976247030879,1684
scene-0344_CAM_FRONT_a893b19c_b416110f,scene-0344,b416110f0fcc4aeaad2c3ea13ff0f519,1788,1,27.3665,34.86765018389089,28.83641009498537,0.2422398328781128,0.0,0.05231919043563504,0.18992064244247775,0.050974101496808366,0.20915363837034429,0.05791107133712678,0.050455339616701955,0.051772714173060286,1.8050107036527296,0.9787472035794184,1788,0.21118598891225787,0.21009921781540797,0.19087698423346022,2.518248816440763,0.953579418344519,1788,0.019617953545822735,0.007503931141785615,0.007475916671425886,1.678461302889184,0.9804250559284117,1788
scene-0344_CAM_FRONT_88918bab_78045715,scene-0344,780457151a8a4d3a83b09dd1c7e9403b,1805,1,27.3665,35.23632199137475,28.766994254675314,0.2527577877044678,0.0,0.04990905948260371,0.20284872822186406,0.04868406626972166,0.22488716337293457,0.051567508747345746,0.04582586534697138,0.04690909310778246,1.4133601908321325,0.9822714681440443,1805,0.22897963738245572,0.2288014338247333,0.2060994003648564,2.60277555429535,0.824376731301939,1805,0.020691812250847322,0.01199368746787775,0.012017933358815291,1.3039914279413611,0.9833795013850416,1805
scene-0344_CAM_FRONT_60321e79_76919271,scene-0344,76919271ab6d402b908a31648191a5a4,1750,1,27.3665,32.51137926091942,27.04203645698255,0.1722705215215683,0.0,0.011927076540614312,0.18419759806218305,0.011998487744574682,0.20225336256155457,0.02511048903810741,0.016240214784622745,0.016176953994095467,1.2423711425892288,0.9822857142857143,1750,0.20490122870009544,0.20523812541693695,0.18675789696917167,2.265694089701853,0.9771428571428571,1750,0.01989343233418309,0.01067295969452647,0.010629610256444044,1.2430114341914915,0.9822857142857143,1750
scene-0344_CAM_FRONT_a1914259_4e39dbe3,scene-0344,4e39dbe32cc443a4bfd5fb620628472c,1777,1,27.3665,32.93303553475316,27.35427561352325,0.18515663594007492,0.0,0.00044679142585390963,0.18560342736592883,0.00044689125200991775,0.2039447141664359,0.021536783482277746,0.011452393377665068,0.011478216657455853,1.6218074994527447,0.9814293753517164,1777,0.20775227029768106,0.2076628537870815,0.18880277489948227,2.5010893422469485,0.9701744513224536,1777,0.021451948146840594,0.01135256238866263,0.011297660967325651,1.622108724362801,0.9814293753517164,1777
scene-0344_CAM_FRONT_18e40c60_62fda3b4,scene-0344,62fda3b441504bb69459b4d413dd239e,1779,1,27.3665,32.453534258260156,27.030137820638004,0.17048971354961395,0.0,0.012367178559649528,0.18285689210926392,0.012443968343556655,0.20064257435939847,0.02669192965159802,0.01698801526496498,0.016984480839705274,1.4921090217856445,0.9808881394041596,1779,0.2046240655048928,0.20366970476751967,0.18543223039889778,2.4067605834858314,0.9741427768409219,1779,0.021133776287454723,0.01074748358242006,0.010747215218733341,1.4949820048334326,0.9808881394041596,1779
scene-0344_CAM_FRONT_a684d7f8_1e0daf97,scene-0344,1e0daf978bb4479a81c170e2623b5952,1781,1,27.3665,33.32297985415906,27.44111701166191,0.19692760705947876,0.0,0.002722871813496397,0.19420473524598236,0.0027191681603266904,0.21434487670445335,0.02567200150618124,0.013429968382290025,0.013485047986370624,1.702739347424574,0.9769792251544076,1781,0.2202247152384689,0.21896510874327313,0.19811640742748216,2.639272229743078,0.9028635597978664,1781,0.026019353612190828,0.01336551993431317,0.013399152246287072,1.700915168667166,0.9769792251544076,1781
scene-0344_CAM_FRONT_fe3e9f5a_72faff2c,scene-0344,72faff2c0c1749869c925e55b30e7b78,1785,1,27.3665,29.014304598568483,25.24059070118296,0.05846933275461197,0.0,0.08086619686366792,0.13933552961827989,0.08422581404631724,0.14950972986573796,0.10911450541351805,0.08871114954410947,0.08499456500632707,3.7818252429952603,0.9557422969187676,1785,0.16930348212043855,0.15396191422942423,0.14320978527869865,3.849055761716867,0.9490196078431372,1785,0.042023103347852704,0.012165429932016412,0.012113155184386937,3.8256181177611905,0.9523809523809523,1785
scene-0345_CAM_FRONT_c525629d_14ab15e6,scene-0345,14ab15e6c6fa4ac5a925b3b3d5057a69,1770,1,27.3665,33.756697595693,27.95185782319801,0.2098592072725296,0.0,0.02116402927844163,0.18869517799408841,0.0209416428382162,0.20767277113428184,0.027685363659817643,0.01817878663962161,0.01831915872889489,1.6452421060618292,0.9813559322033898,1770,0.21315821290131234,0.21230029456602412,0.19264715182425596,2.5719235690247215,0.9525423728813559,1770,0.022192527929386495,0.012241790792076806,0.012269360810713725,1.6231080735405004,0.9813559322033898,1770
scene-0345_CAM_FRONT_686d05b4_c81a1a2b,scene-0345,c81a1a2b42f04905a14373fcb4842658,1713,1,27.3665,34.578679962895166,28.377248775572017,0.23391766846179962,0.0,0.03626808702608608,0.19764958143571354,0.0356182794028328,0.21853532160106814,0.044151998783403305,0.034575281230979686,0.03518715139219819,2.0248494558275634,0.9801517805020432,1713,0.2240458986578778,0.22045189859255715,0.19922119884322842,2.8698385940136895,0.9369527145359019,1713,0.021392223521799092,0.008925806415245237,0.008928690316856613,1.9561971250927894,0.9801517805020432,1713
scene-0345_CAM_FRONT_f2b4bd49_ece036de,scene-0345,ece036de967b4e73bc8d76d60d2d6852,2213,1,27.3665,35.41313670263854,26.794947982491376,0.25776320695877075,0.0,0.02110627600681525,0.27886948296558645,0.021330588806594886,0.3216348367527546,0.051939130853986964,0.024300717257650383,0.024010152701881893,3.578565488027972,0.9511974694984184,2213,0.3091062993274006,0.320096463355842,0.2778143976688803,4.994361365818603,0.11116131947582467,2213,0.04441020150420245,0.011069485063290122,0.0111040805497844,3.6733067356464226,0.9457749661093539,2213
scene-0345_CAM_FRONT_a29623dd_ad830c77,scene-0345,ad830c774eb7484a87fd2c776c570c2f,3126,1,27.3665,31.84863081504011,26.12394370107079,0.1516747549176216,0.0,0.046467360665082946,0.198142115582705,0.04756388672198364,0.21913563968271266,0.11748285076650884,0.0689152285493593,0.0679019520315629,4.322669101197268,0.881317978246961,3126,0.24813402693321107,0.22507215755793508,0.20324039558251406,5.974461471482569,0.6151631477927063,3126,0.09792141108977566,0.04178621806794454,0.04132303162301221,4.239652525604011,0.8944337811900192,3126
scene-0345_CAM_FRONT_7a80523f_1e4c2634,scene-0345,1e4c26347efc4a52874cdce79c1e3560,2620,1,27.3665,25.845315274276675,20.692921794485667,-0.05719028040766716,0.0,0.27952793813739696,0.2223376577297298,0.32250536061527724,0.24899303882567425,0.3087226399946078,0.31735218137888205,0.2759815232818017,4.653989253304259,0.15534351145038167,2620,0.2418564656950832,0.24485825003262235,0.21926112553524135,3.8719561164852205,0.5572519083969466,2620,0.05543328049706756,0.024119532045761647,0.024157733516544377,3.007450631094386,0.9366412213740458,2620
scene-0345_CAM_FRONT_6f86c824_dbdccd9c,scene-0345,dbdccd9cbc164e7897ad372ea8d43bde,2381,1,27.3665,30.87421788766947,25.216194935442918,0.1206018254160881,0.0,0.08183319336704153,0.20243501878313008,0.08527476370095366,0.22438052080069593,0.0916749413216383,0.0832472236908215,0.0799717323226119,2.241380363590961,0.9819403611927762,2381,0.22150996055820674,0.22066800189079747,0.19962681769975732,3.570482156418307,0.7849643007139857,2381,0.03913921162810404,0.01837871743701536,0.018458202631736587,2.252052074318874,0.9769004619907602,2381
scene-0345_CAM_FRONT_c9efa9b7_39c9dbd0,scene-0345,39c9dbd0165243af98884b726f6cfd33,2993,1,27.3665,29.6294930588194,25.91743510865298,0.07945061475038528,0.0,0.05440372519142933,0.13385433994181506,0.05591081390855779,0.14322628510901847,0.09608013315221837,0.06103393073183298,0.05953011745430148,4.473439934421725,0.9121282993651855,2993,0.1576869987723654,0.14351553937630526,0.1343182490130994,4.436098341453154,0.9114600735048446,2993,0.07396119843520356,0.027011721345801987,0.02681745608464059,4.7410973208443785,0.8994320080187104,2993
scene-0346_CAM_FRONT_c35efe5e_3f065eea,scene-0346,3f065eea5a9a43a9959e9304d6613472,1953,1,27.3665,20.103274403782184,16.44225818703773,-0.30843693017959595,0.0,0.5094648981337726,0.20102796795417666,0.6644003328918897,0.22265896661509776,0.6078215643407799,0.6345140679249984,0.49165808767940855,6.242239582945766,0.015360983102918587,1953,0.19344110534556064,0.20244081397230285,0.18435350263662498,3.536749643773882,0.7793138760880697,1953,0.06158162611514466,0.03507634554608419,0.03517813707019357,3.6229857046618514,0.9656938044034818,1953
scene-0346_CAM_FRONT_89bc1e54_86b84392,scene-0346,86b84392b77545d98db8135f590fd829,1933,1,27.3665,20.15846045732454,16.933014026546733,-0.3056955635547638,3.285464121089066e-06,0.4800544285992041,0.17435886504444031,0.616162365252646,0.19048271180317422,0.5693000662397004,0.5920865821991512,0.4653443248659648,5.921219475256386,0.012933264355923435,1933,0.16824361733380108,0.17414800883781906,0.16077775217243606,3.3938370557333974,0.967408173823073,1933,0.055029958127484215,0.030424957319556918,0.03013905349997792,3.4632071813308984,0.9694774961200207,1933
scene-0346_CAM_FRONT_bcba1b4a_d28733ec,scene-0346,d28733ecd5204cd28a17965a6bb72df8,1939,1,27.3665,20.403102373107938,17.305172864706304,-0.2936326712369919,3.303339015076439e-06,0.45831417130785335,0.16468150007086146,0.5814057573393938,0.17901754190042363,0.5434914333638738,0.5581327072109873,0.44369917744436105,5.990628961237786,0.012377514182568335,1939,0.1634562158570515,0.16260761948293767,0.15095923792436872,3.8519504123831765,0.9638989169675091,1939,0.0527824082691677,0.029719609286049935,0.02965409114073747,3.9456013976381334,0.9716348633316142,1939
scene-0346_CAM_FRONT_6c6c2124_eb0fe3d4,scene-0346,eb0fe3d48c3a430a92fb9a7dae1b2409,1849,1,27.3665,20.58612411341303,17.084875225131437,-0.2847023755311966,0.0,0.47112605527939744,0.1864236797482013,0.6017968899032133,0.20493265781252767,0.5666952724927327,0.585800272800448,0.46151966314324744,6.257240618472015,0.007030827474310438,1849,0.19096815926879315,0.19400939866508315,0.17750477436438938,4.141204309624672,0.9442942130881558,1849,0.050370102333084754,0.024514864383091584,0.024532687567853095,4.160273291321572,0.9702541914548405,1849
scene-0346_CAM_FRONT_b7846996_02e898c7,scene-0346,02e898c7625f48c88379bafee924c290,2087,1,27.3665,28.611215404387035,22.843665131103283,0.04447915032505989,0.0,0.1806457958856953,0.22512494621075518,0.19799077087409023,0.2524791989456552,0.19467339416735624,0.19358939349167167,0.1769650642781384,2.475303977814332,0.971729755630091,2087,0.24896735026402506,0.24787763293011142,0.22144421460319785,3.137542882714817,0.5452803066602779,2087,0.016122051812663674,0.011717035306396407,0.011749327885885563,0.7595720226950745,0.9995208433157643,2087
scene-0346_CAM_FRONT_d4cc2c00_64d019bf,scene-0346,64d019bf33ba4dcb9eca5e5ab2ef967e,2295,1,27.3665,31.155596545746235,22.686867452723735,0.1296742558479309,0.0,0.187533406873035,0.3172076627209659,0.20627054647486975,0.3732877229820357,0.21040895673950807,0.20814885616673698,0.18917877683760365,4.276268874907659,0.8919389978213508,2295,0.37099490124672874,0.37505580714084236,0.31857361644258586,5.5603447930035985,0.058823529411764705,2295,0.03542528867084041,0.012148470910896127,0.012154178772707969,4.024096294215305,0.9738562091503268,2295
scene-0346_CAM_FRONT_a4a9d612_5e63770f,scene-0346,5e63770fc35945f1a6a7b1ecd2d9e459,2038,1,27.3665,30.79366467870585,23.276983966631033,0.11798933893442154,0.0,0.16185457786542212,0.2798439167998441,0.17568925764744847,0.32292331011828823,0.18478345310782193,0.1701583695593588,0.1571657664867283,5.727534258361712,0.9141315014720314,2038,0.32489957958281596,0.3158096314835236,0.2745194341060223,6.1922685531814805,0.08684985279685967,2038,0.05089139567343855,0.02087582163018799,0.021005998941124426,5.735082456945454,0.965161923454367,2038
scene-0346_CAM_FRONT_e6c01889_06ff524a,scene-0346,06ff524a14914fb79aa7afe3af23a755,2212,1,27.3665,32.511652738217165,24.445269639280056,0.17227893322706223,0.0,0.11288291122084226,0.2851618444479045,0.11950084428710661,0.32997726013934336,0.11654489680037809,0.1142683630834549,0.10829544303637328,4.552779245851199,0.9697106690777577,2212,0.309797561108249,0.3215784768765968,0.2788837568987135,5.834574973908444,0.16320072332730562,2212,0.04836159328088027,0.021793261602677277,0.021685012230555967,4.656486629893211,0.9665461121157324,2212
scene-0519_CAM_FRONT_4e26b427_72322fb3,scene-0519,72322fb3df6c4cf0a93cddb8e1778bf9,2559,1,27.3665,51.96255066088842,53.707576058780276,0.6412036418914795,0.24069648940186494,0.6742344350951548,0.0330307932036753,0.49045363786202667,0.032491233564181266,0.4925331850383192,0.49222981291263457,0.6777263213851041,8.802549846192687,0.0031262211801484957,2559,0.06652366843839214,0.04533280588132333,0.046316712371903934,2.826619692454647,0.9792887846815163,2559,0.05359087929495229,0.027612154001247412,0.027603324111321825,2.8308942345993913,0.9757717858538492,2559
scene-0519_CAM_FRONT_2dece2e8_af034ddd,scene-0519,af034ddd2c58488e8afc1623d22b88d9,2551,1,27.3665,52.41685709482348,46.75801297539339,0.6499086022377014,0.20347813858647884,0.5356660039527306,0.11424259828497085,0.4147206380561608,0.1210240504105271,0.43334874914931776,0.41921736190904796,0.5433787090124489,8.951118900697134,0.001960015680125441,2551,0.1302774446011366,0.11751931475230648,0.11121128844530626,3.9941298785465174,0.9459035672285379,2551,0.06407255107144337,0.026839449122497333,0.026803184037054173,3.970268927372092,0.9502156017248138,2551
scene-0519_CAM_FRONT_006cbdb2_8f1dfb1a,scene-0519,8f1dfb1a348a42f4b9c9934da7492a6e,2574,1,27.3665,52.65515703390493,45.984601081042904,0.654444545507431,0.302277704963267,0.5189869436992494,0.13545760180818167,0.40487686406652756,0.1450606463043116,0.4173854540862014,0.4076855210013831,0.5235024678293658,8.91732228481559,0.020590520590520592,2574,0.1789972345395263,0.14226204246849072,0.13315884168999137,4.316238536376089,0.8861693861693861,2574,0.08265316961574909,0.023460251220246503,0.0235028414615297,4.112588591942041,0.9172494172494172,2574
scene-0519_CAM_FRONT_19714a36_78858e71,scene-0519,78858e71aeb64b34a65e2e09da7ed711,2603,1,27.3665,45.060001536861314,36.95581844954108,0.4986753314733505,6.435365335690108e-05,0.30040346554750297,0.19827186592584756,0.25948061365855535,0.21929383321290974,0.29219114990104345,0.26704318712515346,0.31022936262823597,8.318669429251157,0.049942374183634265,2603,0.23142027221906675,0.21151040035563343,0.19201597660775782,4.964654236261344,0.8497887053399923,2603,0.08236337292915852,0.025307758558468445,0.02544672823133154,4.383356244731135,0.9296965040338071,2603
scene-0519_CAM_FRONT_996f330c_a4747e22,scene-0519,a4747e221be5477a8b0cba64d9032bcd,2846,1,27.3665,44.94762294072301,37.16769645422746,0.4961782395839691,0.0004897054128118689,0.30612037149911053,0.19005786808485903,0.26370201517056013,0.20931957664033973,0.29503837383199577,0.26981127705006414,0.3144280319295598,7.87048220325786,0.04005621925509487,2846,0.21608228199505017,0.20370696635102245,0.18578673506985588,5.605193991273181,0.8573436401967673,2846,0.07664486512577214,0.02895379033457042,0.02902424265440673,4.882554742158889,0.9339423752635277,2846
scene-0519_CAM_FRONT_df174fd9_60808987,scene-0519,6080898779384e69aea641c32d8db8c6,2428,1,27.3665,41.568782608489215,34.54347751849894,0.4180298298597336,0.0002508942345183,0.23289911091897064,0.18513071894076338,0.20776650279797337,0.20337573384810614,0.23543748512187393,0.21501463245259356,0.2418535342608379,6.762942792811889,0.3245469522240527,2428,0.22924351964117393,0.19900612664758854,0.18179496606435774,5.89276124901415,0.7985996705107083,2428,0.075296538443565,0.03027182033953462,0.0303364757224176,5.4970943193009525,0.9328665568369028,2428
scene-0519_CAM_FRONT_e863d03f_4b593e6d,scene-0519,4b593e6d756b4827b46e044ee147d4fb,2438,1,27.3665,39.72111796218985,29.991870958904695,0.37256334722042084,2.084462417142619e-05,0.09160673926942886,0.280956607950992,0.08753608477783925,0.32439613442643567,0.12919859373508202,0.0964868864514635,0.10146465495322055,4.885769331536823,0.9347826086956522,2438,0.3277647987625967,0.3186440460034956,0.2771291995238422,5.141106245673757,0.13412633305988514,2438,0.07212695012791906,0.028817789452517988,0.028701153451300643,4.544282656254893,0.9397046759639048,2438
scene-0519_CAM_FRONT_210ba6d0_423dadf0,scene-0519,423dadf092934326bae6f4455468c68f,2394,1,27.3665,34.22841067352678,26.161112340195505,0.22373638302087784,0.0,0.04504559130304875,0.26878197432392703,0.0460755507690116,0.3083698517259219,0.07416911052842726,0.04903807551857492,0.04813065837229491,3.6711177330780216,0.9540517961570593,2394,0.28438848868362204,0.3016136093818318,0.2640614216688405,4.447912647293752,0.23809523809523808,2394,0.06095607193125315,0.018335327994309536,0.018392094510893298,3.8570581122510283,0.9477861319966583,2394
scene-0520_CAM_FRONT_6123a0c0_cd6b4f5e,scene-0520,cd6b4f5eb88a4f7590c29d744dbd6cd0,2010,1,27.3665,42.29350205269857,32.84500359047752,0.4353138208389282,2.8736623101946044e-05,0.1824799980224876,0.2528338228164406,0.16679869056448682,0.2876692778003038,0.17996590134553117,0.17011087030590671,0.1864631657984016,3.128432246103196,0.83681592039801,2010,0.2942061713742223,0.2831264827610894,0.24937651061909405,3.5284026049916424,0.18507462686567164,2010,0.04782660630941535,0.014506143886565412,0.014556518582669487,1.8746525720297085,0.9611940298507463,2010
scene-0520_CAM_FRONT_f9f8b1d1_d6171d9f,scene-0520,d6171d9fa7bf43e5bf3a2cc87839575d,2371,1,27.3665,37.90399283307823,29.616368007571918,0.3257368206977844,0.0,0.07900754408769428,0.24672927661009014,0.07596704656684117,0.27983258525783583,0.10920130465150331,0.08227553860549845,0.08585808440235132,3.0195998669923565,0.916490932096162,2371,0.25561764150431204,0.272628246864435,0.24108867378940801,3.5851755806408443,0.3095740194010966,2371,0.04937099131488211,0.016863338605823907,0.01688525450580025,2.310105885460239,0.9557148882328131,2371
scene-0520_CAM_FRONT_0017c262_1183fca1,scene-0520,1183fca1ac29417a950c686630998e93,2088,1,27.3665,35.23136890354713,25.535192311643456,0.252617210149765,0.0,0.06926204627049382,0.32187925642025883,0.07171701180106282,0.37971817378804085,0.06343471668910981,0.06361476184858496,0.06227531091902172,1.4429757511619734,0.9875478927203065,2088,0.3375704791109085,0.359193042820658,0.30689117232527074,4.356931018993109,0.12643678160919541,2088,0.04344078552436062,0.01941494046602335,0.019461329418631212,1.6537286756029514,0.9770114942528736,2088
scene-0520_CAM_FRONT_8acdc76a_38c95aed,scene-0520,38c95aed5ef14709944a82088f318f8c,2162,1,27.3665,37.4385237754863,29.192488757334313,0.3133805841207504,0.0,0.06459180420819832,0.2487887799125521,0.06254995154791498,0.2824711207974777,0.08057799075938735,0.0656713882535799,0.06787726720211795,3.3246763067083296,0.9791859389454209,2162,0.27653442849914944,0.2796359610734631,0.24661098874609344,4.4771896860800675,0.22016651248843663,2162,0.033690141675136676,0.010827865694663675,0.010822159443373947,3.0462323345152686,0.9842738205365402,2162
scene-0520_CAM_FRONT_fc7f3434_d0e49a3a,scene-0520,d0e49a3a29814c37a2d1c8c1b946653c,2208,1,27.3665,38.682343341903916,29.637077188007492,0.34606361389160156,0.0,0.07970654753670692,0.26635706635489464,0.07661272309694134,0.3052010188628367,0.08918775837609044,0.07776012121804475,0.08091467301939814,3.4740970204581245,0.9796195652173914,2208,0.30366504180321763,0.3043642612364281,0.2657477920432675,4.682353064174592,0.10416666666666667,2208,0.032389658838253656,0.010521782763931392,0.010503803974474923,3.107592613733321,0.9814311594202898,2208
scene-0520_CAM_FRONT_117674c0_fa7e79db,scene-0520,fa7e79db3cc947e1a5708a2c3efc3aed,2456,1,27.3665,38.10156147390096,29.264252342920578,0.33093562722206116,0.0,0.06704707695474443,0.26388855026731717,0.06484882376910173,0.30198308254809203,0.0937063009304678,0.06970742804451205,0.07223199029279859,4.984306096700732,0.9377035830618893,2456,0.2914478683517573,0.29765315553670196,0.2607221387905506,5.314398829916128,0.21131921824104236,2456,0.05392682519896144,0.02555162962849243,0.025381347976166424,4.585959802820352,0.9519543973941368,2456
scene-0520_CAM_FRONT_c0e2f275_4ea6733a,scene-0520,4ea6733a72d34c4980bccafc888e959b,2328,1,27.3665,40.79160305591527,32.226687630046044,0.3991566151380539,0.0,0.1634752800271282,0.2356813351109257,0.15081250936614177,0.2657708891522521,0.15936582835414959,0.15421917255469328,0.1674950221650573,4.141066236925256,0.8853092783505154,2328,0.264804700929831,0.26139619986442,0.23222419641548575,4.621847550392296,0.36211340206185566,2328,0.040532705211368446,0.01698924204114846,0.0170092118415196,3.198667953168268,0.979381443298969,2328
scene-0520_CAM_FRONT_f70ce693_a518b89c,scene-0520,a518b89c1b0f4e32be14e0d87c85d266,2119,1,27.3665,43.5103988947116,34.245574733961824,0.46368032693862915,1.5656476040372832e-05,0.22423771387499425,0.2394426130636349,0.20087485134655225,0.27054077009143374,0.2245206489601899,0.20626855817017303,0.23101010942043243,6.74293665810339,0.39216611609249646,2119,0.2667935348352372,0.26538224978752495,0.2355210922301494,6.618620797542712,0.38650306748466257,2119,0.05433814170524628,0.022547327112929432,0.02254429233209665,5.7084620130145955,0.9669655497876357,2119
scene-0521_CAM_FRONT_107dd321_516d7cdd,scene-0521,516d7cdd62404c32a3b2540c31d3c077,2562,1,27.3665,42.18380563634629,34.07476582723682,0.4327167570590973,0.0,0.2192374676464559,0.21347928941264138,0.19686902211591228,0.2379778587539907,0.21592278364616765,0.20160372926478096,0.2251502249187699,4.891214575155199,0.4726775956284153,2562,0.21541891772439328,0.2313927484933634,0.20814584462096952,3.839837925111697,0.8352849336455894,2562,0.04108064580742031,0.017942385789136726,0.017904927173552854,2.9154981973980636,0.9824355971896955,2562
scene-0521_CAM_FRONT_b5c4e946_78418f83,scene-0521,78418f83bbf14f7ab5dc64a268b468d6,2604,1,27.3665,42.551010803526104,36.28761968627395,0.4413839727640152,0.0,0.282156989985868,0.15922698277814717,0.24584471958761267,0.17260407740718597,0.2559768257417957,0.24915872661001592,0.2865610035600844,6.213628066512638,0.11405529953917051,2604,0.1663909581898973,0.16842007468079037,0.15566708017389252,5.148829434152845,0.8851766513056836,2604,0.046586500878612394,0.02472056434102416,0.02472524027777878,3.474525368464498,0.9854070660522274,2604
scene-0521_CAM_FRONT_51499cd8_ee3ddd9e,scene-0521,ee3ddd9ee0374030bdfece0eadd13bc1,2615,1,27.3665,38.948007788435156,32.41573137032945,0.3529079854488373,0.0,0.16932420344729637,0.1835837820015409,0.15576484493424336,0.2015156265789142,0.17532960766866185,0.162157566763525,0.17692522334348837,4.547188219445029,0.8034416826003824,2615,0.18699066975763137,0.1935348342411791,0.17730772610358336,3.584800308081428,0.9239005736137668,2615,0.043961193658627495,0.02017354733439819,0.020199761786207526,2.961541344470489,0.9617590822179732,2615
scene-0521_CAM_FRONT_a28e0c7c_67d06eba,scene-0521,67d06eba40f04fc7b7a9d0c497f88a1c,2511,1,27.3665,35.648704908442234,28.522527979936378,0.2643931806087494,0.0,0.04137459282785905,0.22301858778089034,0.04053034782714793,0.24984380534287243,0.07156542093378668,0.0481971792134297,0.04883783887868187,2.8775080690601342,0.9633612106730386,2511,0.25514383601858853,0.24913247910692404,0.22275212822071455,4.219405307844574,0.5089605734767025,2511,0.0524017847556099,0.01939376236941688,0.01931222970065649,2.700831943310924,0.9657506969334926,2511
scene-0521_CAM_FRONT_b767ec16_8506f53d,scene-0521,8506f53d11894d6ab25ec2c82b815c31,2332,1,27.3665,36.48275302437471,29.659719166956922,0.28751999139785767,0.0,0.0804702306171321,0.20704976078072557,0.07731762914032358,0.23004377819663047,0.11086564044297152,0.09521849830251164,0.09993373822841978,3.760015057424622,0.9335334476843911,2332,0.20030495024273595,0.20827227351392658,0.18919146604362114,3.5602313168625694,0.7645797598627787,2332,0.052763600732461086,0.030288563026301764,0.0304088015087991,3.093179084828955,0.9729845626072041,2332
scene-0521_CAM_FRONT_1adbe193_9274d056,scene-0521,9274d056da634ce79504fb003a685e10,2227,1,27.3665,34.957812449026044,28.067931204445426,0.24482233822345734,0.0,0.025308048717707088,0.21951428950575025,0.024990484668650392,0.24547164500279917,0.05347450887428437,0.030943448765274068,0.03134766117523391,3.093040776813645,0.9860799281544679,2227,0.22244561321325196,0.23910665868448502,0.214390683433058,4.1427186647149234,0.6753480017961383,2227,0.04043544839186083,0.018626925189067757,0.018685165988256536,2.982634704446064,0.9901212393354288,2227
scene-0521_CAM_FRONT_89ae74d5_ae684293,scene-0521,ae68429340df438aa95138c9ea6c8df1,2062,1,27.3665,29.007668941731353,22.705053950174594,0.058240603655576706,2.5943096412329197e-06,0.18673209695435755,0.24497270060993426,0.205304337089653,0.277586435398375,0.1820477169530569,0.19358671197146154,0.17705288750508497,2.9997938999934672,0.9350145489815713,2062,0.2482852898703313,0.26474899821257847,0.23503119949733808,3.5193112766396273,0.42143549951503395,2062,0.05874631977893266,0.02586013123437423,0.025960770024378688,2.922482870326552,0.9631425800193987,2062
scene-0521_CAM_FRONT_bf409a3e_fb379ed5,scene-0521,fb379ed511424ef8bec6e9a7e67b3c92,2335,1,27.3665,27.663891652207056,22.18650588041468,0.010808374732732773,0.0,0.20983537679566266,0.22064375152839588,0.2334749846373061,0.2468791526396945,0.22490114694156202,0.2254073402419725,0.20344794415585565,4.62047255563771,0.764882226980728,2335,0.23749726778219385,0.23872383718316748,0.21420453072084844,4.7040434511049245,0.6141327623126338,2335,0.05160639963926437,0.02161502602218738,0.021608574384814005,4.229659930426982,0.9665952890792291,2335
scene-0522_CAM_FRONT_5ec2ee2d_d7af7925,scene-0522,d7af7925d4c041289e30db7c0399aa26,2423,1,27.3665,31.12067401291747,25.049880051435167,0.12855271995067596,0.0,0.08845059848419679,0.21700331843487275,0.0924802810954819,0.242348224782597,0.08320016976778648,0.08278654348159042,0.08091037261141532,2.1668515496920318,0.9793644242674371,2423,0.20227082631422624,0.2231479056557738,0.20171166279865949,3.0860903456436484,0.7131654973173751,2423,0.05638627753711306,0.02577374745751406,0.026015789297881176,2.5368154991645055,0.9636813867106893,2423
scene-0522_CAM_FRONT_7187c0de_7a96a1ac,scene-0522,7a96a1aca9344de19eb4f965664792ef,2323,1,27.3665,31.484667455643727,24.01066248088609,0.1401810422539711,0.0,0.1308216359115919,0.271002678165563,0.13976447013010795,0.311278582201028,0.11655856571748276,0.13060519909327695,0.1228379473116803,2.1868319686638893,0.9883770985794231,2323,0.27839128406865205,0.2998326218792767,0.2622536210676576,3.583088126433063,0.27421437795953507,2323,0.03822962502251441,0.016533137716814972,0.01659674164391589,2.2414695231745734,0.9870856650882479,2323
scene-0522_CAM_FRONT_ec671ed4_6cd73bca,scene-0522,6cd73bca1f384f968b06466eaf509383,2111,1,27.3665,30.666661644477884,23.47386762419599,0.1138564869761467,0.0,0.15343185122782232,0.26728833820396947,0.1658283346452729,0.3064170819838752,0.1453785984411748,0.15424446244659076,0.14347542674851077,2.6830611964630795,0.9587873045949786,2111,0.275167449733858,0.2914565361932381,0.2559751595232038,3.778302420302593,0.319753671245855,2111,0.05681913686286046,0.025020692304052718,0.024825813016327025,2.679297721876689,0.9711037423022264,2111
scene-0522_CAM_FRONT_ecb9d6d3_75d09898,scene-0522,75d09898729a4086a8136f5bffa6028c,2041,1,27.3665,35.59892097633371,28.476990826482588,0.2629956901073456,0.0,0.03977678414121222,0.22321890596613336,0.03899607347030054,0.25009419686394607,0.06610937526615218,0.05066763303097159,0.05199631305882635,2.139861750341553,0.9813816756491915,2041,0.2177984282641644,0.23510110700985468,0.21115283475311042,2.6788854492766876,0.6281234688878001,2041,0.035515969281357106,0.01679891940654992,0.01688332460360331,1.8588086339216734,0.9970602645761881,2041
scene-0522_CAM_FRONT_c78ad98d_a0cd4d00,scene-0522,a0cd4d000319445db58278a4a54da6ae,2153,1,27.3665,46.57410854327992,38.431285614725674,0.531725138425827,2.9904485074671498e-05,0.3395522197941223,0.19217291863170471,0.2879108892075677,0.2118800554888065,0.2985091132032979,0.28819159379262965,0.3399464961873977,5.374448434383248,0.0009289363678588017,2153,0.20954082713157202,0.21184754971236533,0.1921507323830527,3.830682335690874,0.9136089177891314,2153,0.030760383439275108,0.012090940865056087,0.012090593995065957,3.4395629105542262,0.986065954482118,2153
scene-0522_CAM_FRONT_c40d017e_2ba2a8fb,scene-0522,2ba2a8fb2f0f475ba9ca6d6889ec4d27,2356,1,27.3665,32.68510014624235,24.884080698879796,0.1775996834039688,0.0,0.09509136798750539,0.2726910513914742,0.09975933333281439,0.3134943798712937,0.0941411857425277,0.09807401341316149,0.09438700239079889,2.38173947826745,0.9859932088285229,2356,0.2819019945344493,0.30703542352924534,0.2677615371697608,3.2843329535634482,0.2606112054329372,2356,0.04970862646014433,0.02199335934752246,0.022086553737901138,2.579125150675294,0.9643463497453311,2356
scene-0522_CAM_FRONT_89c9d0c8_3ee6b750,scene-0522,3ee6b750a56946279f5ad605fd643204,2411,1,27.3665,29.631427835686335,22.395030975788657,0.07951591163873672,0.0,0.20048053482298966,0.2799964464617264,0.22198982576027748,0.3231251105533621,0.19761640681468876,0.20777780301847318,0.18885861649214375,2.9523534228137303,0.8170883450850269,2411,0.2933926763157939,0.3069277952953341,0.2679630841568663,3.491523160139626,0.2476150974699295,2411,0.05032367170168798,0.02964197456057075,0.029698653038903178,3.128398198129469,0.9767731231854002,2411
scene-0522_CAM_FRONT_f6ccb065_adcbf5d4,scene-0522,adcbf5d4a1fb41a08aadf1dea4da8d66,2370,1,27.3665,36.75563239010752,28.11397638804053,0.29497183859348297,0.0,0.026947195406659574,0.2680246431868234,0.02658735917408339,0.30737935761172097,0.060768119758130186,0.035188457205685926,0.03574021101834324,5.018100918534391,0.9654008438818565,2370,0.2957096294322121,0.29992672110918234,0.2632965412622694,5.511863015643611,0.16413502109704642,2370,0.04782263141345911,0.021293092330960803,0.021432774526802922,4.947439966468092,0.9666666666666667,2370
scene-0523_CAM_FRONT_ce03b6f0_17dc38b8,scene-0523,17dc38b84c1049cdb8891866948a25f0,2070,1,27.3665,29.72110292456434,22.21789632291038,0.082537692040205,0.0,0.20842153284474207,0.2909592248849475,0.23173227574117994,0.33771003755728635,0.2078659869239036,0.22219199278427745,0.20069521710876348,5.468228530541958,0.8729468599033816,2070,0.3008978993250081,0.327261318228529,0.2831836537807715,5.65411818714,0.19468599033816425,2070,0.05873455602072815,0.01916686250753641,0.01913687060531577,5.828351103906588,0.927536231884058,2070
scene-0523_CAM_FRONT_0c0bc7cd_ae7d650f,scene-0523,ae7d650f8a4744c18869109f59666897,2056,1,27.3665,27.44888600376651,24.221745004702946,0.0030059467535465956,0.0,0.12206885401965906,0.12507480077320565,0.12983189256952632,0.13323321661742282,0.11741672756049598,0.12346685973332805,0.11641931480218726,2.618956637702319,0.9888132295719845,2056,0.12060381630108918,0.1268490220462852,0.11942526155573374,2.631935236516855,0.9878404669260701,2056,0.03147496186496073,0.016713178720876104,0.016745980012325967,2.592661182169151,0.9922178988326849,2056
scene-0523_CAM_FRONT_eaa81f61_fa411e11,scene-0523,fa411e1101714f2caabbd8b1db711959,2019,1,27.3665,35.94395353954643,29.650576484084674,0.27264124155044556,0.0,0.08016193058779297,0.19247931096265258,0.0770331222838343,0.21225142313303103,0.10386874744639048,0.0884521881527811,0.09261123221031942,2.50054068839379,0.9227340267459139,2019,0.182219047104741,0.197727428130267,0.1804962604376832,1.993949547638187,0.9598811292719168,2019,0.0413287943505679,0.021658508502096607,0.02153337659977006,1.8231309750832738,0.9841505695889053,2019
scene-0523_CAM_FRONT_4f434664_02617ba1,scene-0523,02617ba197894806bcbedadfd079f842,2394,1,27.3665,40.437188923589325,32.399690154928095,0.3904302418231964,0.0,0.16882922199530892,0.2216010198278875,0.15534686075269555,0.24807332200486187,0.153345806336521,0.1573230900801852,0.17117165670331358,2.4758578657390697,0.8350041771094403,2394,0.2552356083820756,0.2452100084866159,0.21930419630870435,4.324296724161522,0.5355054302422724,2394,0.04775494620981192,0.034801959930800194,0.03483679154675334,1.518048724750233,0.985797827903091,2394
scene-0523_CAM_FRONT_b61d51fa_4208e998,scene-0523,4208e9982fbb49329271ee6dc0dbcf64,2482,1,27.3665,34.15197769351225,26.712745175082556,0.22150085866451263,0.0,0.02417883874418969,0.24567969740870232,0.0244735170658259,0.27849000429087134,0.044910989051378414,0.027481583470324623,0.027211443564576943,2.0276846801730444,0.9766317485898469,2482,0.2622092603464327,0.2701324506547627,0.23937494161864092,4.148747479866437,0.30539887187751813,2482,0.04054986974549577,0.02068585857634412,0.020541631871281663,2.135723732534882,0.9738114423851733,2482
scene-0523_CAM_FRONT_119423a8_bbec622b,scene-0523,bbec622bde3c48c6b89dbc8ad61b7919,2834,1,27.3665,26.78037746146766,20.620600166606643,-0.021650202572345734,0.0,0.28302905342950435,0.2613788508571586,0.3271437193335325,0.2987195932752853,0.323626214932804,0.32965205288431976,0.28737887905165616,3.715682386236581,0.2836979534227241,2834,0.2972232871650919,0.30175880968780494,0.26649052912484184,3.511100839493491,0.38355681016231474,2834,0.09477026276208203,0.07387360285145625,0.07342203098107025,2.844641504546066,0.9322512350035286,2834
scene-0523_CAM_FRONT_46aa63cc_0a653a0a,scene-0523,0a653a0aec7045b19649a7374878b0c5,2299,1,27.3665,27.401667075170003,22.189548024207806,0.0012842160649597645,0.0,0.20969826934557556,0.21098248541053533,0.23330587762059718,0.234890726267881,0.19977395803209375,0.21441051781879045,0.19427431799305284,2.6885964524761756,0.80426272292301,2299,0.2012676465269864,0.21597108515357494,0.1955585340580126,2.7084586589385786,0.7894736842105263,2299,0.043807579131439046,0.024887031393481127,0.024860570198906196,1.6459509156585828,0.9852109612875163,2299
scene-0523_CAM_FRONT_c96330c0_9b22047a,scene-0523,9b22047a5c9d43388f04c73db37d2080,2465,1,27.3665,33.222752833747876,25.207892457666475,0.19391532987356186,0.0,0.0821624993904404,0.2760778292640027,0.08563221006907407,0.3179504351480935,0.09809285920055139,0.0857173115760838,0.08247388593057847,2.2381780970584915,0.9606490872210953,2465,0.3178094412894938,0.31671330269715436,0.2752322690922777,4.197426218357524,0.12981744421906694,2465,0.04445562580951012,0.019066872213449347,0.01913396346888252,2.1789564127743692,0.9687626774847871,2465
scene-0524_CAM_FRONT_89c92049_6f52dcbe,scene-0524,6f52dcbe25144032b29e160951f57f71,2455,1,27.3665,33.028760077097196,25.452121275452786,0.18805906176567078,0.0,0.07252054740927605,0.26057960917494727,0.07521489874376508,0.2976820171351169,0.0946558732711905,0.07280351497804077,0.07091268258069827,2.5685721710686114,0.9372708757637475,2455,0.29177080474277745,0.2886821109321653,0.2539071006300371,4.807140603209919,0.28676171079429735,2455,0.06480625285670365,0.029747761070897404,0.029819745575689005,2.5354954465935506,0.9405295315682282,2455
scene-0524_CAM_FRONT_cfa4ed9e_e9026a37,scene-0524,e9026a37fbb840b088677d7bbb2ea67f,2736,1,27.3665,32.19491146750187,24.146207074332104,0.16248877346515656,0.0,0.12519232683737336,0.28768110030253036,0.13336640888378404,0.3333320371349626,0.13066931297569676,0.1305203945683573,0.12295077920692354,2.528875328840252,0.9327485380116959,2736,0.3072000872454168,0.3279470676160782,0.2837320380950952,4.417960582220844,0.2054093567251462,2736,0.054882667975935044,0.018882547776417107,0.01876448046414536,2.7594749465531927,0.9422514619883041,2736
scene-0524_CAM_FRONT_1c9b06a4_94d4b003,scene-0524,94d4b003f88f4ebb96c00707c03b1ea5,2148,1,27.3665,30.341167545611523,22.60127686666549,0.10318581759929657,0.0,0.19131323443046444,0.294499052029761,0.2108386690471773,0.34245369076300114,0.19689196290184585,0.20544361603349914,0.18700383889630368,3.3632904799902095,0.9534450651769087,2148,0.32346306354697296,0.3359329524541025,0.2897789704256326,4.584284346055853,0.08659217877094973,2148,0.03127616495468166,0.014770765412096532,0.014716863108915179,3.0372487716744323,0.9837057728119181,2148
scene-0524_CAM_FRONT_d7da6ee9_2483f870,scene-0524,2483f870bba9443aa33cda63424b0e37,2567,1,27.3665,34.403962467645144,26.187339511975605,0.22885210812091827,0.0,0.04404356839514634,0.2728956765160646,0.045027884084412495,0.3137631813232511,0.0992262132419127,0.07294957081227064,0.07138310116947433,3.416926269120059,0.9185820023373588,2567,0.32595379563489485,0.31807642862345314,0.27697313670634793,5.05651649933348,0.26139462407479547,2567,0.08626087277887735,0.05493166587754795,0.05523557789360045,3.4889798798182383,0.9329957148422283,2567
scene-0524_CAM_FRONT_bd55e82c_6b300f08,scene-0524,6b300f08a5af43d3aebbd3b52afaa324,2473,1,27.3665,30.6734079323707,24.34125302458394,0.11407645046710968,0.0,0.11714707134655766,0.2312235218136678,0.12428476760669027,0.2601408769462885,0.11018158511154548,0.11290636118511065,0.10776048775807867,2.829352091276287,0.9656287909421755,2473,0.22329818295768344,0.242992872643519,0.21780685959330182,3.4456337305421396,0.5398301657905378,2473,0.06111502066546269,0.02443480388385683,0.024594266294509115,3.2511140242026517,0.9466235341690254,2473
scene-0524_CAM_FRONT_b0f8d0ae_047d2592,scene-0524,047d259260974e88806daf80be3ee75f,2377,1,27.3665,30.70996943226467,23.74207343148761,0.11526770144701004,0.0,0.1420709131172586,0.2573386145642691,0.15265838423806488,0.29348304481006204,0.13963284425399786,0.14553460634712884,0.13641857323430928,2.784612304229332,0.9566680689945309,2377,0.2606264938502848,0.28282097522593874,0.2496335135851706,3.6053405828061766,0.31426167437946995,2377,0.05678116359342958,0.029040958349369768,0.028761519790072576,3.207424862800408,0.9385780395456458,2377
scene-0524_CAM_FRONT_77b97456_dfa48a63,scene-0524,dfa48a639ca54273906096ebbd03660e,2575,1,27.3665,31.763578783277502,25.314549689413365,0.14900067448616028,0.0,0.0779403206650846,0.22694099515124488,0.08105813991408928,0.2547558290780556,0.10030264688534404,0.0787387587386663,0.07586487132647513,4.0337694196235905,0.9304854368932038,2575,0.25608738133349807,0.2502119493641482,0.22340886615204192,4.739598180122027,0.49514563106796117,2575,0.06020173098754163,0.019830509847036704,0.01978191932572182,4.223956623826388,0.9421359223300971,2575
scene-0524_CAM_FRONT_91491728_77a61ed5,scene-0524,77a61ed559d64de2acb780376092648b,2718,1,27.3665,31.373191800773892,23.97546171486867,0.13663412630558014,0.0,0.13228875887354707,0.26892288517912766,0.14143787199844993,0.3085542282306677,0.1456225358921218,0.13588568442050852,0.1274992440026994,3.2424809758250706,0.8888888888888888,2718,0.3019709352991832,0.30001418803410757,0.26238208628721504,5.443318585862978,0.2222222222222222,2718,0.06058067029007107,0.03154896718844338,0.03184065103127609,2.6143187254239617,0.9701986754966887,2718
scene-0552_CAM_FRONT_5b905269_509430f5,scene-0552,509430f5472a4a47bde26cf3bee935fb,3160,1,27.3665,22.658694046719546,17.93155062671287,-0.18877601623535156,0.0,0.4227578715117297,0.23398185527637816,0.5261647232689268,0.2636215639357249,0.5417123757655218,0.5408763129133571,0.4395483885525312,7.936933840143674,0.00949367088607595,3160,0.30251655021819646,0.2920818560223923,0.2590706674276515,6.982894380898209,0.3050632911392405,3160,0.09125422297459519,0.05351331188856148,0.05285590492612624,7.195503438340078,0.924367088607595,3160
scene-0552_CAM_FRONT_fb51300f_c735e5f2,scene-0552,c735e5f28290490b9fe269fcc6f1f895,1601,1,27.3665,19.93555335064828,15.76011257119065,-0.3168148994445801,0.0,0.5518374103914754,0.2350225109468953,0.7364406425640464,0.26493724334750635,0.7536568334191259,0.7395677542436715,0.5539673837535375,6.757694712492581,0.0006246096189881324,1601,0.2832451481570016,0.2685506527737956,0.23787503049670167,3.3568793826419694,0.273579013116802,1601,0.03442131715229064,0.02032962282943594,0.020356458812869738,2.6164007453636104,0.9893816364772018,1601
scene-0552_CAM_FRONT_bc73130b_2e70460e,scene-0552,2e70460e06f942f08adadadf3e434050,1947,1,27.3665,25.794307315195066,23.435156834396597,-0.05916581675410271,0.0,0.15508231397070027,0.09591649721659756,0.16775407962421784,0.10066715138581284,0.15879887111301083,0.16518140587473218,0.15287678809281768,2.189925797512865,0.980482794042116,1947,0.0948479934314125,0.09826255654511391,0.09372943703863568,1.6338272394904534,0.9969183359013868,1947,0.02497396537536457,0.012595161463640599,0.012629619727587027,1.4796766482855226,0.9979455572675912,1947
scene-0552_CAM_FRONT_f7480019_8b763668,scene-0552,8b763668a6014211a290deba61280f16,1850,1,27.3665,25.662918463561724,23.682527952981335,-0.06427254900336266,0.0,0.14458207854865357,0.08030952954529091,0.15555653747491505,0.0836224289278662,0.1464672073682282,0.15229012840073664,0.1417513777142465,2.0721969571072534,0.9637837837837838,1850,0.07727166763649228,0.0806595800738589,0.07757157666574077,1.4458671543311543,0.9924324324324324,1850,0.026765383404699226,0.014281816524792636,0.014243336809843354,1.2293813420243667,0.9972972972972973,1850
scene-0552_CAM_FRONT_28d95d22_75bde66b,scene-0552,75bde66b01454744904d51c1fa92f246,2589,1,27.3665,30.979141930755038,26.032756425773233,0.12399449944496155,0.0,0.049964030047375374,0.17395852949233737,0.05123328288457074,0.1900062146352175,0.10681463941621225,0.05934184753077592,0.057652936191865845,3.713254701956157,0.8315952105059868,2589,0.24398045377293778,0.19687205333532865,0.17980008253232715,5.891450334132071,0.7354190807261491,2589,0.06473883969249063,0.015839896181627337,0.015843423670771628,3.1039216757856534,0.9517188103514871,2589
scene-0552_CAM_FRONT_bffcf51d_bf6ce332,scene-0552,bf6ce332b3274836b301a965d8c44789,2814,1,27.3665,24.72331868186054,18.978455145301666,-0.10157276317477226,0.0,0.3660152415883422,0.26444247841356994,0.44197722051022104,0.3027044874082432,0.433824559076196,0.440429045335375,0.3663361060836331,6.781383246446669,0.06929637526652452,2814,0.3091897948969262,0.30379346469616764,0.26556135904278877,6.243621906182569,0.17412935323383086,2814,0.08283840401085159,0.024503308402723523,0.024512037714043755,6.569716525249327,0.9051172707889126,2814
scene-0552_CAM_FRONT_7c25767f_5ef15615,scene-0552,5ef15615bc08428bab23b2a84e84961e,2223,1,27.3665,22.136125705929402,16.723736839602623,-0.21210871636867523,0.0,0.49249055976097456,0.28038184339229977,0.6363866677927383,0.32363513718476966,0.5948294115515328,0.619074867140001,0.4819742600105741,6.51557716230841,0.009896536212325686,2223,0.29404881955978357,0.31003486196679203,0.270254509021046,3.4331673859879177,0.2145748987854251,2223,0.05322943430193717,0.030215428507012938,0.030418225812155697,2.530325196969866,0.970310391363023,2223
scene-0552_CAM_FRONT_770abd0f_e9df1bab,scene-0552,e9df1bab66024009bcceb92426467173,2576,1,27.3665,27.704216564680006,21.65171519442999,0.012264986522495747,0.0,0.23423496256608178,0.24649994908857753,0.2639414362442827,0.27953911807444487,0.24744982642179986,0.2600408250072101,0.23147522276841515,5.128176143191306,0.4126552795031056,2576,0.2616359665180508,0.27536851770299475,0.24355300661677615,5.191141452447721,0.3420031055900621,2576,0.05874188679757056,0.021954019359524964,0.02196010097907941,5.237272182080029,0.9460403726708074,2576
scene-0553_CAM_FRONT_8687ba92_2021b6b3,scene-0553,2021b6b367984ad7b18464a550d0ae8d,1916,1,27.3665,21.56252905348752,20.393256276258835,-0.23836259543895721,0.0,0.294115366132627,0.055752770693669795,0.34193870901623424,0.05733624691363848,0.326559230528098,0.33367380142281455,0.28793739079766767,2.990265114910175,0.08924843423799582,1916,0.05738269582542129,0.05430925395031575,0.05288581663880909,0.7422148126220202,0.9989561586638831,1916,0.031011155785112012,0.018208562958599715,0.018179849091089717,0.8116280444486812,0.9979123173277662,1916
scene-0553_CAM_FRONT_7315022f_82597244,scene-0553,82597244941b4e79aa3e1e9cc6386f8b,2121,1,27.3665,20.687474727731384,18.4839786619265,-0.2797912061214447,0.0,0.3924152990381762,0.11262409291673192,0.48055245575292793,0.11921113446985676,0.45782538921001054,0.46924528979422825,0.38492585410724867,4.8419292851582725,0.020744931636020744,2121,0.10993896247882838,0.11114854370188577,0.10548966284654315,2.242128572710491,0.9891560584629892,2121,0.04118305734222955,0.02338152030680188,0.02333762531210004,2.263101776109826,0.9900990099009901,2121
scene-0553_CAM_FRONT_8bf071b1_d7bea9a3,scene-0553,d7bea9a3552b40e29d42324108dff575,1935,1,27.3665,19.459559151173575,15.628104416764195,-0.34098121523857117,0.0,0.5602487790771593,0.21926756383858814,0.7511080851650875,0.24516439308528026,0.7298671409406432,0.736476254258671,0.5519858242845661,6.876037699206273,0.004134366925064599,1935,0.23304001382386194,0.23540841955080688,0.2114477908957375,2.3357156728151165,0.6118863049095608,1935,0.03780128728635331,0.024258919154955927,0.02402112463085526,1.3344825014333628,0.9922480620155039,1935
scene-0553_CAM_FRONT_3ffc4360_4ae9c033,scene-0553,4ae9c033164e4e01a0392672686d095c,1773,1,27.3665,19.61334816231438,15.298948349818573,-0.3331092745065689,0.0,0.5815355469077099,0.24842627240114146,0.7887830832715068,0.28200629963869184,0.7661161275529013,0.7784437501932545,0.5763659345161447,6.598859240518808,0.009588268471517203,1773,0.27475932351347365,0.27610925103221784,0.24386100304031566,3.535585978521543,0.2707275803722504,1773,0.03986536101761856,0.019299899626883384,0.019177027467023322,3.0864933839624715,0.9774393683023125,1773
scene-0553_CAM_FRONT_ecd49e3c_a572dd2e,scene-0553,a572dd2e95e94e4db66bb5dbfaf870b5,1683,1,27.3665,19.259067354944413,14.291963769460624,-0.35133765637874603,0.0,0.649622232502141,0.298284576123395,0.9148173366124344,0.34754521251289505,0.8729776714143842,0.9094028019358444,0.6472049958352626,7.39025233842607,0.0213903743315508,1683,0.34232602969341647,0.3454719388382908,0.29698726783665985,4.695345947907511,0.058229352346999406,1683,0.053720815146063534,0.014846605271359753,0.014841001558692168,4.412193684184923,0.9376114081996435,1683
scene-0553_CAM_FRONT_313a60af_3a064c48,scene-0553,3a064c48e47b489a8b442b8081f877b6,1655,1,27.3665,18.955451377140722,13.689505446336478,-0.36722807586193085,0.0,0.6926901241662153,0.32546204830428493,0.9990860960812646,0.38467028275396853,0.9660199430114295,0.9919721050651894,0.689380390039886,8.25172403208205,0.009667673716012085,1655,0.37191469219134005,0.38024987681498074,0.32256755394172854,5.018266978296817,0.04169184290030212,1655,0.03835197083333545,0.014719516097003001,0.014667329349593139,4.475237605183805,0.9673716012084592,1655
scene-0553_CAM_FRONT_d3c0bbf9_c143943f,scene-0553,c143943fd6e246448eab88ce1a0aeda9,1931,1,27.3665,21.19990318736379,18.70799565708162,-0.25532302260398865,0.0,0.38036862991644416,0.1250456073124555,0.4628237306459302,0.1332001341008915,0.44300673736951773,0.4518639422388236,0.37296422395490914,4.2973574112461845,0.024339720352149145,1931,0.12825916549892932,0.12592435497176196,0.11860434715153056,2.3306677768897823,0.9513205592957017,1931,0.04272285167462462,0.020148774437494993,0.02029744400239375,2.2969307169993916,0.9813568099430346,1931
scene-0553_CAM_FRONT_47188ae2_739b1293,scene-0553,739b12938d0e410d9b8fc832dfad5510,2029,1,27.3665,23.357619424682223,20.644701690572145,-0.1583963930606842,0.0,0.28186092787988404,0.12346453481919983,0.3255943539497841,0.13140987817465,0.3103942700141181,0.31833406339649495,0.2764007657797012,3.13970949420427,0.12764908822079843,2029,0.12232942405363295,0.1252490317544243,0.11800437271901676,1.3197204047709656,0.9709216362740266,2029,0.03452565950789507,0.017688173096408872,0.017779059475871106,1.0054556248474797,0.9970428782651553,2029
scene-0554_CAM_FRONT_e0b85d62_35264745,scene-0554,35264745e9db4a74b3e578b577445ddb,2028,1,27.3665,23.68936775097809,20.69341862346412,-0.14429330825805664,0.0,0.2795039288157968,0.13521062055774014,0.3224736085399307,0.14477787271538034,0.30553809879597704,0.31485094820444803,0.27372331183165965,3.0899702456978333,0.12771203155818542,2028,0.1332375446539321,0.1381946138661258,0.12944333495151217,1.3796413598100645,0.9758382642998028,2028,0.031599206932916964,0.01681752050715221,0.016769671031022115,0.9559610390122567,0.997534516765286,2028
scene-0554_CAM_FRONT_1144cb46_704f3a80,scene-0554,704f3a805e16454aa3acade23171f2c3,2024,1,27.3665,23.45252461442391,20.954407314151027,-0.15434148907661438,0.0,0.2669706404043901,0.11262915132777573,0.30600210207418876,0.11921679591413903,0.2913052627811964,0.29927291770039827,0.26180481318526305,2.9657736604220437,0.15711462450592886,2024,0.11077655325739628,0.11350145673862914,0.10753616506717156,1.1948261957098014,0.9812252964426877,2024,0.03020918724533585,0.015857437304574885,0.015777110810718198,0.9100746020861018,0.9975296442687747,2024
scene-0554_CAM_FRONT_551d1fdf_5dbe8245,scene-0554,5dbe82452f6b461197825798b0a7ca55,1962,1,27.3665,22.501117854147523,20.421291507869597,-0.19575464725494385,0.0,0.29274157969901227,0.09698693244406886,0.34009643755655605,0.10184597509302673,0.32567805605144023,0.3332830007583881,0.28770617476413507,3.07504414250789,0.08511722731906218,1962,0.09606696922805136,0.09676205351958389,0.09240067061573398,0.9859545106010522,0.9933741080530072,1962,0.029194740461756373,0.015429834052047835,0.015357709417643695,0.8505064195895058,0.9989806320081549,1962
scene-0554_CAM_FRONT_7690202f_52679177,scene-0554,52679177582e44d280e94c9fbef6e7d5,2029,1,27.3665,23.326961067505398,20.505382101208806,-0.15970981866121292,0.0,0.28863224442899593,0.12892242576778346,0.33460083137815433,0.13760187215093445,0.3190691923461324,0.3280683033214053,0.28372548295554934,3.280813235968149,0.09807787087235091,2029,0.12798053287484779,0.13203360336785372,0.12401566429433641,1.3772832951788272,0.9758501724987678,2029,0.03163401576894955,0.016915053138774762,0.016824295646664655,0.9681781163850852,0.9990142927550517,2029
scene-0554_CAM_FRONT_1263172d_587805aa,scene-0554,587805aa57ca4f73b736b58e35f92714,2035,1,27.3665,22.4976726492763,19.794923769041613,-0.19590777158737183,0.0,0.3238941081079494,0.12798633652057756,0.3825009037316929,0.136537473534587,0.36299599996082255,0.3736188087989453,0.3174524379875403,3.7785416964642295,0.07223587223587223,2035,0.1254015364781848,0.12934065810569131,0.12166335827277375,1.7715848070699054,0.9764127764127765,2035,0.03447070537174459,0.018000876443067113,0.0180497905927548,1.6753497558676278,0.9936117936117936,2035
scene-0554_CAM_FRONT_376e84a4_31f09d84,scene-0554,31f09d84619847d280cf7471dee5dd79,2000,1,27.3665,20.881601276265794,19.479786699081703,-0.2704511880874634,0.0,0.33994228922243686,0.06949110113497348,0.4048665122852748,0.07196252191253061,0.37887316818124284,0.3908028581547912,0.32988117616751855,3.5866326023631716,0.064,2000,0.06626378290370996,0.06637950624819866,0.06493328803358733,0.7838556631153877,0.9995,2000,0.03529707694767322,0.02293776665203431,0.022929544530777557,0.9692456263991184,0.995,2000
scene-0554_CAM_FRONT_44428816_6e0fe77b,scene-0554,6e0fe77bfa0241dda2cba2ca84aa53e0,1912,1,27.3665,22.5042922948382,20.954049678807337,-0.1956135779619217,0.0,0.2669877078589975,0.07137412989707581,0.3060243923960022,0.07398295984755454,0.2934887367457097,0.3002972407665594,0.2625928837987359,2.7040092985755306,0.1469665271966527,1912,0.07159755534518836,0.07022501646854412,0.06795566492656802,0.806675001019298,0.9984309623430963,1912,0.029218537918905843,0.0156665171972035,0.015589427734183703,0.7743665867594606,0.9989539748953975,1912
scene-0554_CAM_FRONT_1df35500_b61f49a7,scene-0554,b61f49a7145044ff93f95838cee36454,1906,1,27.3665,21.74386456773062,20.382963104870775,-0.2299880087375641,0.0,0.2946202276309666,0.06463221889340254,0.3426163732524452,0.06676661562197683,0.32769960043638,0.33428844560549564,0.28839814999605673,2.985749375251679,0.07922350472193075,1906,0.06398181785272641,0.06233284853160677,0.06086358322624841,0.7215170454781956,0.9994753410283316,1906,0.02888697641173452,0.016662902494263,0.0166194167724234,0.7413052539812449,0.9994753410283316,1906
scene-0555_CAM_FRONT_12a42a64_bf8b54d2,scene-0555,bf8b54d2aa47416d884a874ddafcaaf6,1739,1,27.3665,20.06869337089287,18.791173664628907,-0.3101585805416107,0.0,0.3759323639688583,0.0657737834272476,0.45634862879867066,0.0679850939097364,0.4417207079958667,0.45109356189188055,0.37231745279628203,3.8487024377299233,0.005750431282346176,1739,0.06414585180202163,0.06481032199983708,0.06291755542729893,1.057894880259542,0.9965497412305923,1739,0.027012433698398623,0.014858241261096269,0.014854771043664394,1.0516593445098672,0.9965497412305923,1739
scene-0555_CAM_FRONT_4b0caf61_f546013d,scene-0555,f546013d4af64c9f9b6b2852799f3a36,1720,1,27.3665,30.63747180740584,24.869330927850324,0.11290419101715088,0.0,0.09568428296476306,0.20858847398191438,0.10041159046032799,0.2319379196927236,0.0899546494192583,0.094970721817959,0.09105669004363315,1.040484873014306,0.9936046511627907,1720,0.21102149654555086,0.22380146892987562,0.20196197224449364,1.9638893040803234,0.7906976744186046,1720,0.03662966306180703,0.020505672356748224,0.02035536393742976,1.1316754754930276,0.9767441860465116,1720
scene-0555_CAM_FRONT_c7a8c960_b6aa15f5,scene-0555,b6aa15f59b434b0da1790cad8532cf70,1872,1,27.3665,39.12050566401672,33.77055762485333,0.3573271334171295,0.0,0.21026970905613407,0.14705742436099545,0.18963434646220612,0.1584204826758948,0.2090572799127995,0.20085487889012732,0.2242127242833033,4.256474248343645,0.4951923076923077,1872,0.15148651014542233,0.14516104815489234,0.1355837674865552,3.229822518625939,0.9033119658119658,1872,0.0581402701534964,0.03558560304015191,0.03552909575638141,3.257552417275385,0.9829059829059829,1872
scene-0555_CAM_FRONT_46395439_4967dbb7,scene-0555,4967dbb7fa484682ad75504a986b94b1,2018,1,27.3665,34.893128734910235,27.62949766064606,0.2429702877998352,0.0,0.009564320192966047,0.23340596760686916,0.009518727552569994,0.2628940693558137,0.038293884927883215,0.016324751494633534,0.016395738393526593,1.9581661380925042,0.9717542120911794,2018,0.2437702230693252,0.25745603990389465,0.22924823926526883,2.6335939753446573,0.3939544103072349,2018,0.03472621819758892,0.014258055860005175,0.014299388694961057,1.9233292721868092,0.9737363726461843,2018
scene-0555_CAM_FRONT_d1a6bacb_577babc0,scene-0555,577babc040054e299f25625169d530c3,1723,1,27.3665,23.374286096007648,22.466255779487522,-0.1576831042766571,0.0,0.1973051973016804,0.03962209302502373,0.21811574962066316,0.0404175188528384,0.21662202324328253,0.21374088330332403,0.19404776684197644,3.5887418516620233,0.8839233894370284,1723,0.05945190426338326,0.03992339898728892,0.039253856324357184,3.4780610966443257,0.9645966337782936,1723,0.04244978480482822,0.017139243345037636,0.017235673434846888,3.53946185396592,0.9616947185142194,1723
scene-0555_CAM_FRONT_48d6941a_e1101eae,scene-0555,e1101eae63e74ebf95944f3298691a6c,2106,1,27.3665,30.946357474133315,23.754438209110397,0.12293566390872002,0.0,0.14155025265294174,0.26448591656166176,0.15205839679695266,0.3027610757077237,0.16084171755130036,0.15054623719296678,0.14034402379415212,3.568379335573183,0.8660968660968661,2106,0.2998750178008746,0.29765714635363905,0.26140725139154786,4.232333122068441,0.16571699905033238,2106,0.05542920401631412,0.01938707002935816,0.0195178711377485,3.5672579821723485,0.9582146248812915,2106
scene-0555_CAM_FRONT_ab76b514_99235b3a,scene-0555,99235b3a116c42f99c691c4378af4608,2198,1,27.3665,31.632044995933455,23.259735279252986,0.14485105127096176,0.0,0.16259587155554156,0.3074469228265033,0.17656111178574463,0.3599486243572312,0.16054164725181788,0.1694985727337099,0.15666788119750108,2.6543840137321526,0.9545040946314831,2198,0.32877207837956435,0.34956607249892696,0.2997831129283941,3.753702402655343,0.13330300272975432,2198,0.04953532942475938,0.0218914115135936,0.021921742784444254,2.749337643559385,0.95950864422202,2198
scene-0555_CAM_FRONT_eeca7e4b_6fc2d998,scene-0555,6fc2d998038e43b5a15e26762a32b787,2135,1,27.3665,31.816332705905605,23.51668589196835,0.15066012740135193,0.0,0.1516094304892217,0.30226955789057364,0.16370563971968832,0.3529258694045758,0.18324200704459795,0.1606019738114926,0.1491692566684062,2.2714689872648433,0.8758782201405152,2135,0.3594364036494596,0.3475395977091903,0.2985816662366987,3.85440307150953,0.09648711943793911,2135,0.061401116663132915,0.014771491736171784,0.014789804426510234,1.8758604549952946,0.8969555035128806,2135
scene-0556_CAM_FRONT_17e6f41d_22ab3af7,scene-0556,22ab3af73df642b2ad319411f6622dd6,2606,1,27.3665,31.923424999077447,25.304924144625293,0.15402042865753174,0.0,0.07832063061993111,0.23234105927746285,0.08146935527615806,0.26154991876780276,0.0695466287115784,0.06608430853617522,0.06428204160829953,2.3381819150405883,0.9858019953952417,2606,0.22111050985374905,0.2377836663506191,0.2133882520414324,3.510243848780887,0.5825019186492709,2606,0.051818212832323476,0.029886640784628063,0.029735830430031918,2.9045975161716404,0.9796623177283192,2606
scene-0556_CAM_FRONT_e58ab79e_2b9bd710,scene-0556,2b9bd7102b304eb68d3413df7f0f3462,3259,1,27.3665,27.35776526394168,23.391743420142163,-0.00031922716880217195,0.0,0.15693652283170634,0.15661729566290417,0.16992134824953897,0.16954793717446703,0.1521823796288405,0.1566263474918559,0.14557452726627673,2.320507223950385,0.964406259588831,3259,0.15184459908938433,0.15625717986488724,0.14525530009747412,2.3161566981590687,0.9647131021785824,3259,0.044384317156355685,0.024658868216059216,0.024757319466492955,1.863301719047026,0.964406259588831,3259
scene-0556_CAM_FRONT_93323e6a_54af38c2,scene-0556,54af38c26da6410991b41e952c4a6753,3115,1,27.3665,22.76440740592262,18.51545356882666,-0.18412140011787415,0.0,0.39071392620108414,0.20659252608321,0.4780356256611129,0.22948148806085222,0.45671591281023227,0.4696400888613904,0.3850175333037906,6.148858894783392,0.024719101123595506,3115,0.2155596750746208,0.22266520236161405,0.2012627366622053,3.5752249604111555,0.8012841091492777,3115,0.034290177719852884,0.018487951753702266,0.018452005956607342,3.1684561788093024,0.985553772070626,3115
scene-0556_CAM_FRONT_c9bcbb76_81c86fee,scene-0556,81c86fee65274a118194f7ecd8f81611,2963,1,27.3665,26.714957992381574,20.48160146650165,-0.02409600466489792,0.0,0.289792643917107,0.26569663925220954,0.33615040038538146,0.3043393133136971,0.303587850978348,0.3239213168996996,0.2814629834380864,3.782051731437963,0.2591967600404995,2963,0.27380918583574454,0.292701208613891,0.2581189406601412,3.396891462463826,0.3000337495781303,2963,0.05884002236156727,0.03906349549680537,0.03875848722848407,2.2607282733737684,0.9608504893688828,2963
scene-0556_CAM_FRONT_336a6e0b_e0ae88cc,scene-0556,e0ae88ccc11e405895e15ebe43000a8e,2647,1,27.3665,26.134339579323274,19.690242318008508,-0.046069495379924774,0.0,0.32919643840888124,0.28312694302895647,0.38985084886288357,0.3272736392594344,0.3563569409426719,0.37808270625197155,0.3208247335625942,4.550857812925481,0.10464676992822063,2647,0.296110842445458,0.31613707606661573,0.274820158012252,3.7659194123294433,0.24896108802417832,2647,0.04716717550377508,0.021304732541509597,0.021246796872946394,1.9299449385920535,0.9822440498677748,2647
scene-0556_CAM_FRONT_3e0f93ea_ccfecd57,scene-0556,ccfecd57a0f84fe7bfca423787c796c8,2585,1,27.3665,23.04171526577892,16.91517600337643,-0.17201335728168488,0.0,0.4811084302935882,0.3090950730119033,0.6178667011527035,0.36219187203133885,0.5779468160139412,0.610896093668561,0.47691095210429735,6.493117583044509,0.03404255319148936,2585,0.33742192214289535,0.35652449365446415,0.3053747482194864,3.8818085697733697,0.14893617021276595,2585,0.05289229659387104,0.01948905285406075,0.019548105909692248,2.607243126164724,0.9555125725338491,2585
scene-0556_CAM_FRONT_51f360a3_809dc18a,scene-0556,809dc18ace284668b6b5995c67529d77,2440,1,27.3665,20.682149785640675,15.001044214967797,-0.2800486385822296,2.535768971940741e-05,0.6011998246273134,0.32115118604508375,0.8243063354679105,0.37871400745585193,0.7746031727894946,0.8079951255923289,0.5930007716651778,8.93322107495105,0.01639344262295082,2440,0.3557768800082613,0.3682144584511927,0.31373687797203753,4.46930608685758,0.1598360655737705,2440,0.06776903411635132,0.026887843254103684,0.027198975367981437,3.648362911829138,0.9540983606557377,2440
scene-0556_CAM_FRONT_e991851a_15db51ec,scene-0556,15db51ec4f26449b84785b97e314a3b3,2188,1,27.3665,18.48889770089252,14.075375241633434,-0.3921492099761963,8.547921786515654e-05,0.66489280381579,0.2727435938395937,0.944282090544404,0.3135633958947228,0.9188008784174233,0.9389201279140549,0.6642433887136666,8.66553039873682,0.012797074954296161,2188,0.32312673833001443,0.31363330257098115,0.2734473579433039,5.092886691319798,0.14853747714808044,2188,0.06800468323097957,0.023577803852783318,0.02362848706383247,4.905538198337833,0.9510968921389397,2188
scene-0557_CAM_FRONT_6cb74a87_149a7945,scene-0557,149a79457f3c4f76afb5f01ffcda5470,3043,1,27.3665,27.7182094979539,22.533940536958266,0.012769942171871662,0.0,0.19429699671356548,0.20706693888543715,0.2144569191134491,0.2300649081989381,0.17211050332074637,0.15938843908875674,0.14809821750588603,2.448366411313998,0.8895826487019389,3043,0.18645726569722756,0.17369080094311706,0.16066260058520365,2.6563766094955503,0.7883667433453828,3043,0.059636565942362864,0.052080563722763255,0.05279853822477931,1.85708192525538,0.974038777522182,3043
scene-0557_CAM_FRONT_0fb30231_a9172ca1,scene-0557,a9172ca19f2b473c92a90cc702d199ba,2735,1,27.3665,29.089490655524486,22.243044580064396,0.06105732545256615,0.0,0.20729028103921632,0.26834760649178246,0.23033966422598295,0.3078016613605272,0.2223888648335535,0.22522432798981412,0.20312395212101864,3.260962319990982,0.8895795246800732,2735,0.29920700648300885,0.3023642643370898,0.2641812775735848,4.361716434933656,0.16014625228519194,2735,0.03736410758663613,0.013819375268505706,0.013776459125922624,1.3389180574368014,0.9926873857404022,2735
scene-0557_CAM_FRONT_208cac53_f0bd504c,scene-0557,f0bd504c67144954bbede622bee3ede7,2609,1,27.3665,29.4926573683883,22.525680439584356,0.07482169196009636,0.0,0.1946636264049575,0.26948531836505385,0.21490225671091712,0.30929040956120835,0.20604076452071207,0.21459351517516226,0.19440946540497617,3.008846203853414,0.8440015331544654,2609,0.2991619752254729,0.3089576812865145,0.2692311573650725,3.818128863896623,0.14526638558834803,2609,0.031095945729981332,0.0189089153282589,0.01886504634608288,2.356013619574851,0.9961671138367191,2609
scene-0557_CAM_FRONT_56a74470_6b4baeae,scene-0557,6b4baeae04ab4033a8c83e109ea7b7a6,2175,1,27.3665,29.015275449617203,23.270235736068393,0.058502793312072754,0.0,0.1621445299035038,0.22064732321557656,0.17603020057001317,0.24688360610993354,0.15732319797001537,0.17090487320557304,0.15777684579536388,1.4291343915168875,0.9995402298850574,2175,0.226041450489136,0.2414494882925769,0.2162796391074362,2.075140369267134,0.6445977011494253,2175,0.026332110786145932,0.01484691904042402,0.014798965424139165,0.7892528546107894,0.9995402298850574,2175
scene-0557_CAM_FRONT_f3697fc3_43d1d341,scene-0557,43d1d34148c642878010663bbad1547a,2197,1,27.3665,40.75165274888175,30.264691749696052,0.39817675948143005,0.0,0.10066210661177966,0.2975146528696504,0.0957614825112223,0.346508105415976,0.10393324745051112,0.09458094145548314,0.09935739434041824,2.7110457821586684,0.9467455621301775,2197,0.34058654571279084,0.3487031576865232,0.2991435068195558,4.083014233422869,0.0969503868912153,2197,0.0364339717136205,0.015229043927244994,0.01525558739160271,2.1244798318131726,0.9685935366408739,2197
scene-0557_CAM_FRONT_af4ba275_87a383dc,scene-0557,87a383dc4f6f4d32afab97e6981337e2,2146,1,27.3665,34.06401513066379,25.39973285525105,0.21892191469669342,0.0,0.07458098117836442,0.29350289587505785,0.07743259175036354,0.34111706311200507,0.08516308008453538,0.0850565780620875,0.08174008612120143,1.7132684230519288,0.9748369058713886,2146,0.32630882067815886,0.3446989223899809,0.2962635216771592,3.4575322039528893,0.10717614165890028,2146,0.03854667905819315,0.021766845349526952,0.021579835718572138,1.9016152986240826,0.9683131407269339,2146
scene-0557_CAM_FRONT_1c4e3d00_642083b2,scene-0557,642083b25196468ea3e12130fcadb656,2130,1,27.3665,35.092253851570206,26.13621393471428,0.24866078048944473,0.0,0.04599777793039328,0.294658558419838,0.04707208428729781,0.3426678377835153,0.06200067896898945,0.05768386016722208,0.05637594552745162,2.278601995037835,0.9751173708920188,2130,0.33173429396096926,0.3486803946881024,0.2992381049320716,3.7408118821970464,0.09765258215962441,2130,0.03755611614409254,0.02039659904049019,0.020381315882592732,2.401397893065013,0.9732394366197183,2130
scene-0557_CAM_FRONT_b4accdca_3e3a8dac,scene-0557,3e3a8dacaefc4a8d949cea69917e1f8f,2073,1,27.3665,31.190901273652873,24.035364238924686,0.1308067888021469,0.0,0.12979338188513134,0.2606001706872787,0.1385931050581135,0.29770869971423064,0.1504794112337367,0.14325990665752925,0.13388786009413733,6.5087748896956565,0.9671972986010613,2073,0.29957189992392635,0.30232422735903214,0.2643801341822858,6.7781566529766,0.1437530149541727,2073,0.048308368232172244,0.018169097851643355,0.01813277399535096,6.5567191499966535,0.964785335262904,2073
scene-0558_CAM_FRONT_b4b5e858_1bcca0ca,scene-0558,1bcca0cab22d4993a7416f1e60caed87,2155,1,27.3665,22.484458631668073,18.680726633534686,-0.19649529457092285,0.0,0.3818273065821023,0.18533201201117944,0.464959074497298,0.20361798942580323,0.4919572523076538,0.4719891664528175,0.3866146605328744,5.389780791749426,0.0,2155,0.23639590444041098,0.20939394951389276,0.19011936596195156,4.5031141336871245,0.7679814385150812,2155,0.0562159984635932,0.020952742377255203,0.020925888139660342,4.463890472723129,0.9703016241299304,2155
scene-0558_CAM_FRONT_5471bd11_354d9848,scene-0558,354d984830374fdcb1d1791073e19476,1834,1,27.3665,35.39733623536477,25.88895965816168,0.2573169320821762,0.0,0.0555030278349391,0.3128199599171153,0.0570722177077716,0.36727534450019905,0.06869289652013882,0.06244449763774683,0.060655352838926646,1.6900929323410794,0.9841875681570338,1834,0.33729000891272515,0.3663311847537776,0.3121291800337812,3.3120699951362917,0.13576881134133043,1834,0.04083536581834644,0.016717323803246843,0.01667024702063913,1.956884683010147,0.9596510359869138,1834
scene-0558_CAM_FRONT_eae74c5f_befff2eb,scene-0558,befff2eb01174292b854a66597c3eb8f,2978,1,27.3665,31.558428670311915,26.309003265627037,0.14252106845378876,0.0,0.03940842754387486,0.18192949599766362,0.04019524129044405,0.19952961925940005,0.07251666433868958,0.057441897521662816,0.058514936560997155,2.6022407325777692,0.9630624580255205,2978,0.150330556974396,0.13880909960006438,0.13215342762677063,2.8919564797269564,0.9113498992612492,2978,0.07846106522398845,0.06840628273116721,0.06975804523691731,3.1172031261595863,0.9405641370047011,2978
scene-0558_CAM_FRONT_193eb290_50f3aba5,scene-0558,50f3aba515db47d6b0dc9061802ef7b2,2046,1,27.3665,38.2215855643069,30.9734770455557,0.3340807855129242,0.0,0.12381162145501623,0.2102691640579084,0.11645373363315237,0.23401016644307338,0.1445335446782055,0.12242077412927943,0.13058804184224382,3.015782707487605,0.8773216031280547,2046,0.21019258775890592,0.2270684631276878,0.20462796127432503,2.610106793372052,0.7565982404692082,2046,0.04451028367276395,0.020799495782413788,0.02064750669598292,2.2206091883901893,0.9687194525904204,2046
scene-0558_CAM_FRONT_c4066c80_17cdd19d,scene-0558,17cdd19d7f8d4377be422017a5a7f425,2535,1,27.3665,37.593957237648866,29.72517278100219,0.31752368807792664,0.0,0.08267461757156624,0.2348490705063604,0.07934933796279409,0.26471787109933076,0.0985571101309911,0.09192481199367916,0.09642809763472382,2.187058164617844,0.967258382642998,2535,0.23934230539062815,0.24751860502183157,0.221156462377482,3.6155120554875384,0.5199211045364891,2535,0.03651714639410034,0.022404246847429917,0.022493904271840837,1.2944768097482813,0.9960552268244576,2535
scene-0558_CAM_FRONT_bce683c6_47e1c528,scene-0558,47e1c5287177487a9782ba2d144384f2,2553,1,27.3665,29.560288339545377,24.253512179430423,0.07711221277713776,0.0,0.12075819859995374,0.1978704113770915,0.12835204227492136,0.21880444039835467,0.12711287656373788,0.1275096140217364,0.12001131920689012,2.31194703794824,0.991382687034861,2553,0.2153683235268317,0.21789448033515585,0.19712353198402743,3.018433604525727,0.9028593811202507,2553,0.0242434581448675,0.011947269109697126,0.01195599279984183,1.938756788473574,0.9917743830787309,2553
scene-0558_CAM_FRONT_85bd28ee_05687786,scene-0558,05687786492a4b50874d7cd1057ec338,2165,1,27.3665,20.06941946974299,15.859148115319476,-0.31012240052223206,0.0,0.5455731356529778,0.23545073513074577,0.7255971002354631,0.2654790360622532,0.7140102002211397,0.7240278839228601,0.5451743909135502,5.353606351141562,0.010161662817551964,2165,0.27394074332083274,0.265414448833139,0.23543342964473601,4.025757704230127,0.27390300230946885,2165,0.0366699635353584,0.011513250920155626,0.011518069386673657,3.9458284836374817,0.9662817551963049,2165
scene-0558_CAM_FRONT_80be8bec_74599f5d,scene-0558,74599f5d8d1643f2b1f01ac879882084,902,1,27.3665,18.436736299584496,13.848387839874295,-0.3949744254350662,0.0,0.6811508132326916,0.28617638779762533,0.9761506044192658,0.3313272644270375,1.0267294181341102,0.97446808482027,0.6829895393650045,6.212579226557463,0.0,902,0.37770173257347095,0.3338782642060517,0.2880906865525571,3.9564238932350526,0.0011086474501108647,902,0.06618423528803272,0.0251459497886151,0.02544075678608748,3.6995945246283473,0.9811529933481153,902
scene-0559_CAM_FRONT_029af235_4ffbb895,scene-0559,4ffbb8951b9841429bfd3aee39c6a2be,2103,1,27.3665,43.02420373980884,35.99961683059761,0.4524431973695755,0.0,0.27418865716721097,0.17825454020236453,0.23981135330473735,0.19512949102393606,0.2606991339488679,0.2450661334602343,0.2811251275567548,4.608869226780195,0.009985734664764621,2103,0.17293163861099634,0.18748277786881698,0.17183575397417994,2.8711583657283697,0.9781264859724204,2103,0.0415442401568023,0.018132263605629317,0.018032745457271737,2.806261028875465,0.9747979077508322,2103
scene-0559_CAM_FRONT_9229caee_d61b0d89,scene-0559,d61b0d89bad84d5a8b3f0ae3d28519e8,2442,1,27.3665,40.622788409241565,33.632717434498616,0.3950095623731613,0.0,0.2061796887303986,0.1888298736427627,0.18631314721156222,0.20783545035742224,0.20717556748495514,0.19316572290084622,0.21463699018751126,4.889396015847426,0.6007371007371007,2442,0.19316050058679843,0.1987653376124997,0.18138376737673378,3.989941705082176,0.941031941031941,2442,0.040823180384453976,0.019216634294810908,0.019148232914481422,3.747552514536483,0.9750204750204751,2442
scene-0559_CAM_FRONT_357116a6_4454f64f,scene-0559,4454f64f7905496dad07929587275d77,2519,1,27.3665,41.83553773889096,31.258477665703452,0.42442652583122253,0.0,0.13297098705597232,0.2914555387752502,0.12450950770304792,0.3383741264147542,0.1517531822593738,0.12779146377190234,0.1367267366136844,4.921137525195205,0.8967844382691544,2519,0.32019259536711103,0.3347293393014898,0.28891721521249636,4.953657626098202,0.13259229853116317,2519,0.045171788659259686,0.014817272792040759,0.014756828653581078,4.2894343350134845,0.9603017070265979,2519
scene-0559_CAM_FRONT_ba887e56_68df1fb2,scene-0559,68df1fb2d0574a308cd3eb083a26462d,2118,1,27.3665,29.275739334046474,22.54814540134201,0.06743952631950378,0.0,0.19366681891419413,0.26110634523369836,0.2136918364191147,0.2983657330994529,0.23264091187287167,0.20282171657601672,0.18471597900925496,2.61241126020803,0.6454202077431539,2118,0.31566577351909764,0.28634647029130766,0.2520061369894121,3.187676154927327,0.25401322001888577,2118,0.07695758165467644,0.044477122014758765,0.045151866364642634,2.4049867889562826,0.9693106704438149,2118
scene-0559_CAM_FRONT_2fdf63c9_83956bb0,scene-0559,83956bb000df4e43b6ba76d8bd98e936,2357,1,27.3665,33.539320811287126,25.10862919385693,0.20339886844158173,0.0,0.08610805799919419,0.2895069264407759,0.08992409695928272,0.33576869339776017,0.1059445046612338,0.08829200528923865,0.08478306658015922,5.0696300005005615,0.9546033092914722,2357,0.31786152229188325,0.3307250976980162,0.2858957942803366,5.4784492318187406,0.1807382265591854,2357,0.06423108294986936,0.025779048973839855,0.025479850817540006,5.3933553960190785,0.9372083156554942,2357
scene-0559_CAM_FRONT_f7d0d2a3_c10534ca,scene-0559,c10534cac92945438adc094afeb541f7,2632,1,27.3665,30.631666501665382,24.36949330385262,0.11271468922495842,0.0,0.11598756201601823,0.22870225124097665,0.12298190441545098,0.2569677227069289,0.10817780569461419,0.11165380380097238,0.10604633290519327,3.0931007461672015,0.9775835866261399,2632,0.23160795379566093,0.24347407094302212,0.21790913092595843,4.352210667211481,0.5524316109422492,2632,0.04422589770989674,0.025868751225216535,0.025924380475537134,2.960239219710071,0.9870820668693009,2632
scene-0559_CAM_FRONT_c6b4dc34_6939d4b4,scene-0559,6939d4b45ca74f2f9341a72ccedf35e5,2728,1,27.3665,26.816058553741335,21.993725890301704,-0.020318729802966118,0.0,0.21856241175738678,0.19824368195442066,0.24428667232173962,0.21925946915461347,0.2190121705751527,0.22728698749070037,0.20500266547345514,4.331138497740775,0.6638563049853372,2728,0.19746337236151285,0.20283820642935899,0.18492287949651698,4.226280553924116,0.8156158357771262,2728,0.06552752224189702,0.03234098208758253,0.03247002130043375,4.443657960672449,0.9285190615835777,2728
scene-0559_CAM_FRONT_c142d321_b83d58a6,scene-0559,b83d58a6c1654a5880e8644e7d1fb90c,2382,1,27.3665,27.5809509139419,20.163833787011555,0.007805712521076202,0.0,0.3054290445076946,0.3132347570287708,0.35720718039384014,0.3678426040046041,0.3557231338516941,0.35096660430169696,0.3008608855557552,5.699223086851941,0.10957178841309824,2382,0.3657293905842771,0.361553125157396,0.30866659807683117,5.7532358945386735,0.09613769941225861,2382,0.06547699189756055,0.026726799104166553,0.02679345900712715,5.208619808878893,0.9529806884970613,2382
scene-0560_CAM_FRONT_5c558d97_a4060a0e,scene-0560,a4060a0eb9c4477b91d6cad12ced7d43,2754,1,27.3665,24.552008806382002,18.055607655428837,-0.10852596163749695,0.0,0.4158633276768917,0.30733736603939477,0.5156787033845203,0.3597996409165367,0.5857709568830034,0.5242601564471661,0.42153922975755165,6.53680644102166,0.010167029774872912,2754,0.42826707502731515,0.3678803441020204,0.31332541163338323,5.870744120171066,0.04793028322440087,2754,0.09179323775844539,0.039703929141036126,0.03945591967179385,5.450092182489735,0.9560639070442992,2754
scene-0560_CAM_FRONT_ecba6710_99d384fe,scene-0560,99d384fef2ea463ebb660d9f5e1955eb,1978,1,27.3665,27.502073861207368,20.416204958646798,0.00494177732616663,0.0,0.29299069140708545,0.2979324687332521,0.3404303128534947,0.34707081540928186,0.35486133583069873,0.3402234962823678,0.29283638827611114,6.1114313562878895,0.06825075834175935,1978,0.36127779240444013,0.34686297426719737,0.29777816560227777,6.133557553466921,0.05712841253791709,1978,0.0544541316211021,0.01755335502690618,0.01759959554868007,5.7861660700097755,0.9696663296258847,1978
scene-0560_CAM_FRONT_f779f508_91e84099,scene-0560,91e8409921d642cf9f9e9f761d242362,2296,1,27.3665,38.31512132067803,28.42226285967485,0.33652499318122864,0.0,0.03785310394721364,0.298671889234015,0.037145629990381734,0.34806723552750785,0.0812579365661556,0.05764558310164064,0.058623243583448725,2.6564823954866497,0.9207317073170732,2296,0.3054611927003148,0.3284361840714171,0.28425402418599055,4.886067886459513,0.27961672473867594,2296,0.06700151393213259,0.04536046116060202,0.04553448200231025,2.4137831654187094,0.9516550522648084,2296
scene-0560_CAM_FRONT_65877dfa_354b8f68,scene-0560,354b8f68ac06494fb82ad454c0df959a,2263,1,27.3665,31.078224707430365,24.89427966940662,0.12718776613473892,0.0,0.09468159271190046,0.2218693588466394,0.09930877146975936,0.24840827371371543,0.09178154617179113,0.0942528725249853,0.09098324459780693,2.1051592964009056,0.9876270437472382,2263,0.20442052271912858,0.22645065895123181,0.20441158339165466,2.765397335378073,0.6394167034909413,2263,0.06305189595339879,0.034500094506578996,0.03435733002400121,2.715701933541871,0.9368095448519664,2263
scene-0560_CAM_FRONT_e11f179b_00bf6d20,scene-0560,00bf6d20450748048caf2959e330069b,2263,1,27.3665,35.15745155157859,26.78165932409445,0.25051695108413696,0.0,0.021602337976300845,0.27211928906043825,0.02183735775398321,0.3127435879205871,0.05809783106258115,0.039767117041284855,0.039546681626666524,4.21864006023026,0.9743703049049933,2263,0.2886903518078858,0.30531337871336517,0.26675821097131536,5.139335933718795,0.26734423331860363,2263,0.05570684153903529,0.03013561129489209,0.030140042205183182,4.316365800263717,0.9619973486522315,2263
scene-0560_CAM_FRONT_3801084b_17c2afd5,scene-0560,17c2afd5d3594d2fa1f43be81d5c6f88,2170,1,27.3665,31.14958224416385,25.085561645367672,0.12948119640350342,0.0,0.08702719026241201,0.21650838666591543,0.09092634188852311,0.24173349931417487,0.08687399071921639,0.08415638543072247,0.08187749904053332,2.945835334193215,0.9815668202764977,2170,0.21050864658206944,0.2280228479703797,0.20573101834656038,3.40573236322131,0.6806451612903226,2170,0.055457813140185795,0.03109059707631981,0.03078548009777915,3.2743813879027956,0.9626728110599079,2170
scene-0560_CAM_FRONT_b94fd1ca_697cc6a7,scene-0560,697cc6a77d9841209fdea6458fe3be51,2489,1,27.3665,33.2847217161226,26.08003641084025,0.19577884674072266,0.0,0.04814950445909183,0.24392835119981449,0.04932752274168695,0.27625288522556257,0.06441437523324536,0.051921145986030655,0.05142572102156828,2.4740087459462994,0.9855363599839293,2489,0.24659676484175982,0.2589085329561948,0.23040661753422187,3.9525751028933604,0.46122940940136603,2489,0.058434797503783435,0.04056538516833503,0.040316624859964456,2.6066592385775738,0.9758939333065488,2489
scene-0560_CAM_FRONT_89c5cbeb_f457a12f,scene-0560,f457a12f1a354958a3238e4fbbcc7059,2217,1,27.3665,25.276356206617937,21.227426763909833,-0.07945021614432335,0.0,0.2540255768095596,0.17457536066523627,0.28920477759120633,0.19074047399809957,0.25353116719111807,0.2774598309564428,0.2452027218309607,3.0719587477376233,0.3761840324763194,2217,0.16815131662641805,0.18028095274818676,0.16575250568663713,2.5171545841544245,0.8809201623815968,2217,0.06263213407609515,0.03772889196132108,0.037691868129121175,2.8021386382455074,0.9341452413170952,2217
scene-0561_CAM_FRONT_9eebbe06_25f8552b,scene-0561,25f8552be635425aafa5d14150fc5ce1,2355,1,27.3665,34.07380141374328,27.5127919296616,0.21920916438102722,0.0,0.0053314199595080325,0.2138777444215192,0.005317233163235735,0.23847123552038507,0.0589225523508125,0.03173721838648785,0.031570491994857175,2.712841195692995,0.9341825902335457,2355,0.20007810079019184,0.2254458191528473,0.20350528988054695,3.021435526514573,0.6530785562632696,2355,0.05817097048508968,0.03338435947964114,0.03330490784167628,2.6679230037621426,0.9384288747346072,2355
scene-0561_CAM_FRONT_d3087b20_12f0d5cf,scene-0561,12f0d5cf6f3f43618d022d54b3004756,2366,1,27.3665,33.062632116689436,27.16962994297666,0.18908406794071198,0.0,0.007219834351989807,0.19630390229270178,0.007245960192926004,0.2168966668328185,0.05905717207710413,0.03952647369636402,0.03925097303156189,2.5805981761757364,0.9433643279797126,2366,0.184915963487752,0.2052003200179126,0.1866743907900944,2.9261335987946873,0.7878275570583263,2366,0.059298245187887455,0.03740711434804293,0.0370937891790426,2.635296779492832,0.9416737109044802,2366
scene-0561_CAM_FRONT_cefdde03_781696f7,scene-0561,781696f733bf458ca2a588fdec64a1b0,2307,1,27.3665,32.973848451873245,26.421889718184623,0.18639513850212097,0.0,0.035126815053565075,0.22152195355568605,0.035751049296268045,0.24797464540090397,0.06121655722456546,0.046109261547924545,0.04546258612155318,2.843189954798999,0.9592544429995665,2307,0.20815581410931883,0.22994289554707867,0.20696774192209944,3.315622988257441,0.6172518422193325,2307,0.05892236190035283,0.03158171354724084,0.03144851577993979,3.0250334452745298,0.9384482011270048,2307
scene-0561_CAM_FRONT_b9c1ea3e_8a51ed03,scene-0561,8a51ed0367034945927c7c70eda2fd59,2214,1,27.3665,33.867151654280974,27.740870404847545,0.21312592923641205,0.0,0.013587154004253588,0.19953877523215846,0.013495265266879608,0.22083954685008367,0.05779323540728983,0.029130585599761928,0.029257179391325883,2.2540358102832005,0.941282746160795,2214,0.18453109397109932,0.2073432272290075,0.18842226123594952,2.3023271827551066,0.8288166214995484,2214,0.054179048500039545,0.03264217302661018,0.03276379448316247,2.1387632674445394,0.948509485094851,2214
scene-0561_CAM_FRONT_85196a97_778c13dd,scene-0561,778c13ddbcd640fbb27d6b5cb18a76a9,2188,1,27.3665,35.236391299641944,28.539579941741717,0.25275975465774536,0.0,0.041972256073539604,0.21078749858420576,0.04110361624580128,0.2346499623179643,0.0725980386906716,0.050242933970483294,0.051549047108583435,2.4333938204568892,0.926873857404022,2188,0.2000550032926705,0.22349298321841088,0.20170986887291398,2.5402769353899526,0.6718464351005484,2188,0.05303372527982448,0.03372910121331818,0.03361546298697593,2.065016411716597,0.9579524680073126,2188
scene-0561_CAM_FRONT_4c9fcbb0_3f3cf325,scene-0561,3f3cf325418a4c8abb597fedf4088bd3,2430,1,27.3665,28.56265519472,24.749501242343037,0.04278046451508999,0.0,0.10051430065061995,0.14329476516570994,0.10573945438462551,0.15406993114888223,0.09726720140221935,0.09492548447095774,0.09200081409865268,2.492508830616864,0.9740740740740741,2430,0.13219000895403224,0.13915306492326462,0.1305617352784143,2.5866953439284237,0.9794238683127572,2430,0.05783410234759576,0.03430483692796303,0.03465764671923843,2.979739125838658,0.9563786008230453,2430
scene-0561_CAM_FRONT_e7956e3f_67aad7ad,scene-0561,67aad7ad948f44f8af668ea8389bdd52,2587,1,27.3665,30.759841324775614,24.98652884438097,0.11689034849405289,0.0,0.09098280422410543,0.20787315271815876,0.09525017142003867,0.23105700340977764,0.1231695666571367,0.10077966859232816,0.09606638283740532,4.17237072577071,0.8902203324313878,2587,0.24012637339782325,0.23392277351020843,0.21041938790767456,4.724837735963643,0.6606107460378817,2587,0.06876098504714336,0.027479055853221804,0.027617955301591834,4.290499227772029,0.9246231155778895,2587
scene-0561_CAM_FRONT_33acbf66_79df0c60,scene-0561,79df0c60e7ca419697199c2c179010d9,2282,1,27.3665,29.447925868153504,23.943885687540625,0.07330384105443954,0.0,0.1336066412575878,0.20691048231202736,0.1429431445306455,0.22987247151271473,0.14524257190927897,0.12679820784523804,0.11970786477446094,2.585303989997653,0.9000876424189308,2282,0.2214559269905931,0.21007377530228807,0.19104400886500494,3.149209639619632,0.6656441717791411,2282,0.07456559499077449,0.05300309777826339,0.05320016548663087,2.587921787480429,0.9496056091148116,2282
scene-0562_CAM_FRONT_e493c692_c79d5105,scene-0562,c79d510501b7499a9512971507d68d60,2591,1,27.3665,32.65863918533152,25.167022906292246,0.1767897829413414,0.0,0.08378511493414909,0.2605748978754905,0.08739520371151421,0.29767590338093686,0.08791499355751892,0.08146382070139137,0.0788432802327752,4.974091078914435,0.9633346198379005,2591,0.27068091524810206,0.2859232221358974,0.25196741650237753,5.617914240816244,0.29679660362794286,2591,0.05247169865696515,0.0204516566325492,0.020461728291584214,5.232224995246882,0.9594751061366268,2591
scene-0562_CAM_FRONT_1a4601bb_b6fd3363,scene-0562,b6fd3363ce6946d9ac46893e8a217a19,2616,1,27.3665,32.09015271999974,24.17187874011424,0.159229576587677,0.0,0.12412971569436149,0.28335929228203893,0.1321627207480629,0.3275820661281408,0.14605047663287304,0.12901465776408078,0.12146861691927413,3.3498537059434175,0.8727064220183486,2616,0.3161606424500359,0.32139032118456196,0.2792377807864501,4.352693713784229,0.1938073394495413,2616,0.07631605470780678,0.028612510345837828,0.02885057582707029,3.514585337383283,0.9384556574923547,2616
scene-0562_CAM_FRONT_aa4dc9c8_ef8800a2,scene-0562,ef8800a299ee42a7bb426ab825a23737,2630,1,27.3665,30.008752082392316,23.211227269744583,0.09216943755745888,0.0,0.16468354198307944,0.25685297954053876,0.17901994935320542,0.2928550366446234,0.2079946573691924,0.17940569696035397,0.16501066496021066,4.668513982304641,0.8231939163498099,2630,0.3206952668757695,0.2930115411767002,0.2571600342770648,5.661903635272125,0.1361216730038023,2630,0.05662775470679772,0.022689349846895843,0.022587420602872443,4.050527800177071,0.967680608365019,2630
scene-0562_CAM_FRONT_8c31c49f_964b2b96,scene-0562,964b2b96e1a1498db478e6c6e51d50b0,2412,1,27.3665,33.09193072279072,25.276037057269,0.18996983021497726,0.0,0.07946284262264935,0.2694326728376266,0.08270532829155708,0.30922148309139263,0.10080728569627842,0.0841092710248493,0.08075870141999109,3.165456472509824,0.9456882255389718,2412,0.31678996980172547,0.30954600446515657,0.2697615299159739,4.887097942725648,0.11276948590381426,2412,0.04374992817874025,0.014359376699590403,0.01438734102778949,3.0622977749607325,0.9693200663349917,2412
scene-0562_CAM_FRONT_be83af41_c34e3ca7,scene-0562,c34e3ca74da44ac49fe0d040ee4ae10e,2281,1,27.3665,28.565881604941673,23.16240973816906,0.0428934171795845,0.0,0.16678894292888113,0.20968236010846608,0.1815048740331653,0.23328625682103765,0.16027567402343837,0.17033164977676268,0.15804622694459902,4.061288098747327,0.9513371328364753,2281,0.19915149553737027,0.22074767965369083,0.19947723262260375,4.073623484290432,0.8044717229285401,2281,0.08105812756939519,0.024502007860999726,0.024353668445193488,4.770265028055777,0.8991670320035072,2281
scene-0562_CAM_FRONT_3013736d_1c325d22,scene-0562,1c325d227d824b5ab9a4c859279ee0a1,2270,1,27.3665,31.42473121930073,23.767269343362482,0.13827556371688843,0.0,0.14101024114137184,0.27928580485826027,0.15143643994772482,0.32218517682077596,0.14824781296003028,0.14822368724515134,0.13821612842725584,4.022911675063456,0.9748898678414097,2270,0.31266333382800837,0.3180274786132807,0.27617721943146545,4.914391039993274,0.07973568281938326,2270,0.030292797370328427,0.011787701697011786,0.011793762812672304,4.006512279320143,0.981057268722467,2270
scene-0562_CAM_FRONT_08b2887d_c0fbf404,scene-0562,c0fbf40449154078a401e3903dff05da,2332,1,27.3665,28.017754051228835,22.27209830689124,0.023518744856119156,0.0,0.20598493957255837,0.22950368442867752,0.22873469858618978,0.25797550213577414,0.22742496828976722,0.2258208966563368,0.20373199503518302,4.665357464901019,0.8001715265866209,2332,0.25501682283877786,0.254959320633879,0.22716900762087888,4.78398192144557,0.444253859348199,2332,0.050711297465474814,0.017943423993968297,0.017869737486097437,4.487490845053214,0.9644082332761578,2332
scene-0562_CAM_FRONT_cace7b0c_56b65b67,scene-0562,56b65b676c4a4afba934a7dabb979add,2437,1,27.3665,21.30581373056289,17.16165635886741,-0.25033965706825256,0.0,0.4666420238265867,0.21630236675833459,0.5946304615206768,0.24147770384378986,0.5613364082379948,0.5870305530487889,0.4621447149706053,5.665883602930517,0.02051702913418137,2437,0.22958089434444215,0.23638999528912058,0.21286477322233766,3.5797183910863875,0.6438243742306115,2437,0.047993442339781506,0.02128170433175406,0.021391153425078357,3.465955822927426,0.9634796881411571,2437
scene-0563_CAM_FRONT_970f41b6_95f02301,scene-0563,95f0230140d24bf49f707545141c5044,1815,1,27.3665,16.950232711514893,10.88408175873767,-0.4790380746126175,0.0,0.9220183049168007,0.4429802303041832,1.5143600173740288,0.5573415458687965,1.5057157828210044,1.5114260124873005,0.9208507242826038,10.046594498389886,0.0,1815,0.5521343934959235,0.5555242851446716,0.44181264966998635,3.695960172574572,0.008264462809917356,1815,0.024025301362120787,0.0172419697888945,0.017252275965649266,0.4414687075733608,0.9917355371900827,1815
scene-0563_CAM_FRONT_ac7e7a21_3244a7f0,scene-0563,3244a7f00d6c46e8aab77ed45d1af6d9,2243,1,27.3665,16.8124538758965,11.219149053130668,-0.48719972372055054,0.0,0.8916975823863056,0.40449785866575505,1.4392669952418062,0.4985498272888209,1.394133906713296,1.4021421504525247,0.8768644622778945,11.954760506948757,0.0013374944271065537,2243,0.4816691330597074,0.47811377365307167,0.3909320129247038,4.975074193909443,0.012037449843958983,2243,0.04711852009829072,0.03356706107539188,0.033613893466197364,3.5461134154789966,0.9754792688363798,2243
scene-0563_CAM_FRONT_d036b91e_069b2210,scene-0563,069b2210186c49c383b08dfded66ff35,2971,1,27.3665,23.70693561345967,17.830783875218533,-0.1435519903898239,0.0,0.42839324289180647,0.28484125250198256,0.5347895073774258,0.3295509484811767,0.5436378072217668,0.540326539855459,0.43201231465471723,7.0658600327451175,0.003702457085156513,2971,0.33847625302248285,0.33466796062314225,0.28868254228225343,4.6972873803742425,0.06529787950185123,2971,0.03750013080995439,0.024526270616108865,0.024482571943350795,2.2367386752415848,0.992595085829687,2971
scene-0563_CAM_FRONT_cc6d0652_535df957,scene-0563,535df95779264920b562e90fd3bcb179,2663,1,27.3665,23.178805347616354,17.595621967760547,-0.16608133912086487,0.0,0.44166951836929425,0.2755881792484294,0.555301656863399,0.31730525866522674,0.6686504467953378,0.5691495501321074,0.4505652202831647,7.178815308667434,0.005257228689447991,2663,0.41641251529215484,0.3291963699607742,0.2847712522115058,5.39865606862364,0.040555764175741645,2663,0.1001083847461701,0.026612258667100534,0.026818224067830077,4.1261061247008906,0.8092377018400301,2663
scene-0563_CAM_FRONT_8c4f9b0b_0645e15d,scene-0563,0645e15ddf57496faec8fb83a3068faa,2726,1,27.3665,16.424810715567325,9.254883811235548,-0.5105265974998474,0.00012123621186524893,1.0841682458525632,0.5736416483527162,1.956979315804777,0.7747181975021009,1.8525401496484526,1.9368883898591132,1.0775776115072593,12.531712799881975,0.027879677182685254,2726,0.7424075475771309,0.763060138696122,0.5693214045592583,5.865988790841555,0.026045487894350697,2726,0.07536325683732942,0.037216145081862204,0.036962348413022816,4.153197045466528,0.9295671313279531,2726
scene-0563_CAM_FRONT_a9bc05c8_119fb420,scene-0563,119fb420f7574100b8407f21475cfff3,1965,1,27.3665,16.470783436550757,6.514109201921494,-0.5077315270900726,0.0,1.435349166736088,0.9276176396460158,3.2011116411630907,1.528478250209914,3.0389426707104112,3.20111164116309,1.4353491667360883,15.010147682656932,0.014249363867684479,1965,1.4446575429493358,1.5284782502099135,0.9278151563995187,7.279682520016536,0.030025445292620866,1965,0.07472897463413904,0.03355669729348377,0.03326101951284022,2.7088157590805904,0.932824427480916,1965
scene-0563_CAM_FRONT_31365e10_5e1b0501,scene-0563,5e1b05017a3a445a9a6d958b35d7878b,1885,1,27.3665,16.484457317636565,6.8936735776367035,-0.5069016814231873,0.0,1.378715519425779,0.8718138380025917,2.969799221242183,1.3912442519925325,2.8144574448087325,2.970075969473754,1.3787852304036057,13.739977251873146,0.014323607427055704,1885,1.3151927274330033,1.3914109537779664,0.8720063440521004,6.559845987073816,0.03129973474801061,1885,0.07363687189610295,0.032197370159369056,0.03247057841237777,2.6135788756320397,0.9294429708222812,1885
scene-0563_CAM_FRONT_9a1930f3_23483c4b,scene-0563,23483c4baaa7430bbf98f997f50ad2df,1868,1,27.3665,16.485702255776474,6.836765754588169,-0.5068261623382568,0.0,1.3870048607252066,0.8801786983869502,3.0028430082797968,1.411330568801905,2.8370863361889036,3.0032624006464124,1.3871547907397965,13.849578999970177,0.016059957173447537,1868,1.3299373283952272,1.4115832126432577,0.8803427017385752,6.689082453134495,0.027301927194860815,1868,0.07241534916580143,0.03164367512350934,0.03172211107101097,2.8479890088964375,0.9336188436830836,1868
scene-0564_CAM_FRONT_3b86f821_1706522f,scene-0564,1706522f269443fabab6ce98daf09d81,1139,1,27.3665,16.82023999372773,8.998926080260222,-0.4867367148399353,0.0,1.1122143918367806,0.6254776769968453,2.0410850979241113,0.8691385887282825,1.9766060500962848,2.0418625748927384,1.1124700169102413,10.236368212663272,0.035996488147497806,1139,0.8656280038651408,0.8696164484912009,0.6259673274501336,4.677726787043676,0.018437225636523266,1139,0.0830471170670507,0.01038410457587204,0.010371302021691564,2.5870873744802845,0.8893766461808604,1139
scene-0564_CAM_FRONT_6bfa0827_215d8576,scene-0564,215d8576b8d54ab08623ae6257359e71,2330,1,27.3665,16.385232674963387,6.919958079051909,-0.5129391551017761,0.0,1.3749099259669915,0.8619707708652158,2.9547204892532286,1.3678225341515793,2.6918291683705022,2.931920963348606,1.3691280983953984,13.225871265262333,0.013733905579399141,2330,1.226648385565026,1.3541717005840388,0.8567925571888766,6.019540154151445,0.035622317596566526,2330,0.11636569653992464,0.07116691598651098,0.06927103016587988,2.0685225909086533,0.9055793991416309,2330
scene-0564_CAM_FRONT_1afd654c_e92b0dc7,scene-0564,e92b0dc7a8d047f99f114ad792138339,1662,1,27.3665,16.610786905864074,6.043366948529784,-0.4992673397064209,0.0,1.5103583391944237,1.0110909994880029,3.52835319004709,1.7485980989297873,3.209532347795185,3.535395373270787,1.5119122622139685,13.222791212407952,0.013237063778580024,1662,1.5755887610306263,1.75287252952489,1.0126449225075478,6.555572219259888,0.05054151624548736,1662,0.09667015517569723,0.026042272526904078,0.025778473618243036,2.579477918439242,0.8862815884476535,1662
scene-0564_CAM_FRONT_5eeaeb68_e786b718,scene-0564,e786b718ea6a4887bcb86639de62a1ce,1580,1,27.3665,16.767790070725624,7.412531354342821,-0.48985984921455383,0.0,1.3061476433946417,0.8162877941800883,2.6919236751648454,1.2620868997608738,2.5731190314840395,2.6983751465083428,1.3078935736017745,14.133159672400044,0.008227848101265823,1580,1.1987886437539856,1.2660397953498261,0.8180337243872208,6.641967665698142,0.01708860759493671,1580,0.05295194054696978,0.03035252597233705,0.030240101206239656,1.9494587701313355,0.9550632911392405,1580
scene-0564_CAM_FRONT_0e6efc71_0fd26c83,scene-0564,0fd26c837fa048789ed0ac3c22a27832,356,1,27.3665,18.600133737674174,10.67304183530203,-0.38615086674690247,0.0,0.9415985299813747,0.5554476632344723,1.5640768978795605,0.7427209622801803,1.5679219330447614,1.5642000367278852,0.9416465523067222,7.886891795840823,0.0,356,0.7453343095587432,0.742804655812314,0.5554956855598198,3.7523712085077756,0.0,356,0.012649355159304737,0.007888740985564604,0.007865038223930254,0.08960630673892143,1.0,356
scene-0564_CAM_FRONT_be8a7d17_60295bae,scene-0564,60295bae6e734e05bfe898717e439336,2349,1,27.3665,19.925387777555745,15.690766072857631,-0.3173249512910843,0.0,0.5562472465361257,0.23892229524504138,0.7441149700994785,0.26987985704683304,0.7572732032305237,0.7410321849369955,0.5551035615584652,8.085347852055277,0.0038314176245210726,2349,0.28687495159116533,0.26892927850707044,0.23825645277718288,4.298639705491731,0.3341847594721158,2349,0.05507978093619056,0.028940740885882426,0.02905038210067845,3.545498665152648,0.9838229033631333,2349
scene-0564_CAM_FRONT_516b9a77_71054721,scene-0564,7105472125ff4332b0e1baf93f13459c,2381,1,27.3665,23.97174373517002,18.285097567775175,-0.1324438452720642,0.0,0.40323325010449595,0.27078940483243175,0.49665594610933184,0.31099895126710897,0.4903692387949006,0.4984351075508322,0.4044213018991787,4.927110109860396,0.0251994960100798,2381,0.3072081634280514,0.31257136999310603,0.27200115474002784,3.3541742248004414,0.15161696766064678,2381,0.04179453242902569,0.023481641220200827,0.023309560906312754,2.0615437106008194,0.9903401931961361,2381
scene-0564_CAM_FRONT_bffaafdc_a0214502,scene-0564,a0214502bae94c408f317587614cac49,2362,1,27.3665,27.648996441624334,21.268737501119897,0.01026979461312294,0.0,0.2520813660349046,0.26235116064802755,0.2867007267619446,0.2999829651463086,0.2818997809196613,0.28420034349563184,0.2501770888006446,4.285543375997988,0.15283657917019475,2362,0.2949663881457768,0.2974567711487942,0.2604468834137672,4.429051281688678,0.1371718882303133,2362,0.028766504263869112,0.011992702766297297,0.01198666191197495,2.6288848927112594,0.9919559695173582,2362
scene-0565_CAM_FRONT_f0c47597_e7bc8aeb,scene-0565,e7bc8aeb620845efae293033f2e40196,2729,1,27.3665,34.194614064660605,26.418049355148323,0.2227485105395317,0.0,0.03527217339842359,0.25802068393795574,0.035901615297226463,0.294365590924933,0.05442936915429904,0.04043088337058923,0.03994955690904334,3.4382592381729764,0.971051667277391,2729,0.2444249590095276,0.261084849460594,0.23222260747233348,3.9639372219939037,0.46134115060461706,2729,0.05760612623683524,0.02851657123861343,0.028931067683886535,3.647993017984861,0.965188713814584,2729
scene-0565_CAM_FRONT_4f384135_4c81b06a,scene-0565,4c81b06a19fc4cbaa52987841cdf57d4,2459,1,27.3665,26.944557900413294,20.576256774676928,-0.015538293868303299,0.0,0.2851818103312356,0.2696435164629323,0.33000381457524286,0.3094975531980042,0.28623835439483,0.3076099260743899,0.2682009869024209,3.436592186629651,0.27409516063440426,2459,0.26746740721444023,0.2874489380909707,0.2526626930341176,3.2632054358896525,0.32289548596990647,2459,0.059700278076719564,0.027778573109607498,0.02772570979117206,2.4516539247404063,0.9479463196421309,2459
scene-0565_CAM_FRONT_17d4c421_c80365ff,scene-0565,c80365ff6ef64cbfaa37ae3b5f1e9cb9,2314,1,27.3665,30.415159688139372,22.647214910928064,0.10562152042984962,0.0,0.1892827552590779,0.2949042756889275,0.20838258071171123,0.3429977949943419,0.19547015983705054,0.19977106519170115,0.1824382565024638,2.9362407386773164,0.9265341400172861,2314,0.3185631000550366,0.3322472222254489,0.2873756741044402,3.865638048038482,0.1672428694900605,2314,0.0596637726635132,0.01889533452588494,0.018918597555335648,2.9120071897650988,0.9503025064822818,2314
scene-0565_CAM_FRONT_b727a687_28d07d72,scene-0565,28d07d72b06a4355acbac00bf541d3d3,2379,1,27.3665,34.766470248400246,26.58335090402003,0.23933378607034683,0.0,0.029034523674848156,0.268368309745195,0.029460134608595867,0.3078287373900157,0.055758736140652805,0.035462178482066085,0.0350830655811023,2.5935872507419506,0.9739386296763346,2379,0.30157749397689754,0.30219167774833383,0.2642892974805473,4.1046246190111315,0.19167717528373265,2379,0.048932945528452405,0.02535572256097401,0.02551340177101169,2.6729909484549594,0.9747793190416141,2379
scene-0565_CAM_FRONT_05527b6d_0de33421,scene-0565,0de334215b084bba8e4ef079e6262725,2312,1,27.3665,36.14729005805798,26.15331135380896,0.2782823443412781,0.0,0.04534382593485864,0.3236261702761367,0.046387573251382985,0.3821305290579773,0.057705946510403554,0.045220857372853765,0.04430360785387,3.030273156389766,0.9658304498269896,2312,0.3609073777752365,0.37590632459393214,0.31931468842871547,4.97317570304485,0.0592560553633218,2312,0.038459925780738216,0.013828424569457695,0.013810540112905612,3.1880801750265078,0.9610726643598616,2312
scene-0565_CAM_FRONT_cffde5b9_f466f4f3,scene-0565,f466f4f31ef74754b57b5cd86a665185,2243,1,27.3665,33.971105276999594,25.47921013134631,0.21619068086147308,0.0,0.0714568069689756,0.28764748783044913,0.07407175728465032,0.33328722130227884,0.10230296811455244,0.07359719329936115,0.07117445581773385,5.759122188409704,0.958983504235399,2243,0.33978224921026845,0.33075834918637775,0.285917653749973,6.561295007604768,0.0922871154703522,2243,0.06149591490146742,0.02211627380659821,0.02216492527111935,5.842366037304366,0.9572001783325903,2243
scene-0565_CAM_FRONT_74367914_7afa9d66,scene-0565,7afa9d662f39446b879b6d5bc6b18850,2303,1,27.3665,21.980361979863794,19.189507318800104,-0.2191702201962471,0.0,0.3549560017986737,0.13578578160242705,0.42611790627833557,0.14543649374100753,0.41525029643549416,0.4216211940291981,0.3519349915169072,4.994321738661776,0.029960920538428137,2303,0.14688247434296964,0.14244815054194637,0.13319626892670478,3.5656642593323293,0.9609205384281372,2303,0.04623402890209865,0.021479491564325215,0.02152357369826685,3.5213733333371238,0.9739470256187581,2303
scene-0565_CAM_FRONT_797b8557_cfebd965,scene-0565,cfebd9654ff240859bcd5ee715ef4648,1893,1,27.3665,18.73759347113738,13.227114133597125,-0.3787877857685089,0.0,0.7270508137963212,0.3482630280278127,1.0689698239231609,0.41660480751001705,1.0435545751416624,1.0659316432250032,0.7264197289473922,8.429172689484039,0.003169572107765452,1893,0.4185800085221922,0.41660480751001727,0.3483450529801202,5.094033652884407,0.012150026413100899,1893,0.04140522120150816,0.014070464467025305,0.01406165642318058,4.637766398857025,0.9635499207606973,1893
scene-0625_CAM_FRONT_67d2d740_5bc6ae14,scene-0625,5bc6ae14c495473495ad8585b8eee2c6,1781,1,27.3665,36.75981871184413,28.39028061116212,0.29508572816848755,0.0,0.03672721695334591,0.25835851121514164,0.03606095428164258,0.29480293679772185,0.07573659719754322,0.03980735073662621,0.04062133833703907,4.891548422688905,0.9253228523301515,1781,0.31046885817484077,0.296042994029201,0.2594611601576178,5.2194966034018,0.09938236945536216,1781,0.05960636762242791,0.014321634141540246,0.014332106443718962,4.767777732492173,0.9275687815833801,1781
scene-0625_CAM_FRONT_a08cf86f_84a3ca70,scene-0625,84a3ca70e40a4c5b94172cd8e20971a3,1780,1,27.3665,35.82584642565088,26.95640259322684,0.26934996247291565,0.0,0.015098795466206738,0.2844487579391224,0.015213358138381539,0.32902920935943447,0.08739222652716301,0.02510676811606285,0.024816030956418378,5.137619674593366,0.9112359550561798,1780,0.35894874729270454,0.3324369770948777,0.28707178185143967,5.764054763144844,0.08370786516853933,1780,0.08263371021187348,0.019539116769690633,0.01970900699533462,5.179830269465464,0.9112359550561798,1780
scene-0625_CAM_FRONT_98fc274c_656ec137,scene-0625,656ec137f292487fb7685d39dc162b03,1926,1,27.3665,37.18615926940034,28.392211590908317,0.30661699175834656,0.0,0.03679523016206776,0.2698217615962788,0.03612651263971167,0.3097309855674646,0.06287504866378314,0.040475511243300774,0.041289950547969245,3.5693694791907933,0.9657320872274143,1926,0.3060987504200239,0.307479017825734,0.2682069609403941,5.461984007165145,0.14693665628245067,1926,0.04283595359423455,0.014921120220427669,0.014889985678307904,3.4025070321489728,0.9714434060228453,1926
scene-0625_CAM_FRONT_823fda8d_d48ee866,scene-0625,d48ee866a8f2421aaad395730715c179,1902,1,27.3665,37.78631061604416,30.908341578421087,0.3226272463798523,0.0,0.12170646382914185,0.20092078255071089,0.11459177029717615,0.22252792244359654,0.1304479519824592,0.1139632827267543,0.12090188656568113,4.68450004133892,0.9158780231335436,1902,0.23638738679227136,0.2253998250176679,0.2033116668067999,4.695155968821143,0.770241850683491,1902,0.05226671464933267,0.014974621775119573,0.01504706249700194,4.0681794270172595,0.9468980021030494,1902
scene-0625_CAM_FRONT_668349dd_0466f571,scene-0625,0466f5710063461b92556fb2d6767980,1655,1,27.3665,37.44300435760224,28.172647293778223,0.3135002553462982,0.0,0.029031915475082215,0.284468339871216,0.028614538256625188,0.3290552345739737,0.06162909243830716,0.0333118285932966,0.03382958862375074,3.58963586476062,0.93595166163142,1655,0.3289403955534298,0.3296208514446843,0.2849479321310462,4.734306979846986,0.09788519637462235,1655,0.05393006990149547,0.021079785793837385,0.020949581688594288,3.5092338694072294,0.9438066465256798,1655
scene-0625_CAM_FRONT_9fc4f152_f086b86d,scene-0625,f086b86de2f44ddf923500d35b47b354,1552,1,27.3665,35.108002103330335,25.793988157709745,0.2491094470024109,0.0,0.05917819000591873,0.3082876370083296,0.06096427712828256,0.36109243319306783,0.08396344622985391,0.061871099852314745,0.06012703355770144,4.116250932208786,0.9484536082474226,1552,0.34946152423200433,0.3588017447204961,0.30686872204778715,4.42939456931056,0.07345360824742268,1552,0.05116457353039688,0.01571840807912958,0.015688535653545,4.251038338002339,0.9400773195876289,1552
scene-0625_CAM_FRONT_6fde33ad_399de82a,scene-0625,399de82a68d24437980d200d3be092ad,1242,1,27.3665,34.46095886460657,27.27679333489484,0.23050741851329803,0.0,0.003283357946422427,0.2337907764597209,0.0032887540703105955,0.26338013568923135,0.02630343294090119,0.01632099418016893,0.016262496284310535,1.2378627652133194,0.9863123993558777,1242,0.2499996937569448,0.2561949169623716,0.22832238681618688,2.2526839746417093,0.4114331723027375,1242,0.026605496800689216,0.015726755066002327,0.01583089636144397,1.2542318599882147,0.9863123993558777,1242
scene-0625_CAM_FRONT_c6c21506_8d61756d,scene-0625,8d61756d524d48598e90ffcb87c715ea,1482,1,27.3665,46.520970903653854,40.12013348407716,0.5305835604667664,0.00032830454154615803,0.3825586525710225,0.14802490789574385,0.3178861179297624,0.15954177774899625,0.3228442554655824,0.3197514153475498,0.3852969821306643,4.226458386513721,0.018218623481781375,1482,0.16733226952722025,0.15784527549276214,0.14656929713853784,2.3627603073475805,0.937246963562753,1482,0.036404103176474224,0.013417018166570083,0.013460188128454731,2.159980522088832,0.9581646423751687,1482
scene-0626_CAM_FRONT_57f23d2f_addf60d7,scene-0626,addf60d723774239a47582798aaa2146,1678,1,27.3665,37.29047208673298,28.834906743348103,0.3094182163476944,0.0,0.05226705527659847,0.2571511610710959,0.050924622590875934,0.2932405996192613,0.05900529279718729,0.05180116743976369,0.053191060974730475,2.461648709647062,0.9916567342073898,1678,0.2902910547313933,0.29272003745174174,0.25696724631964396,3.2278814757999137,0.10965435041716329,1678,0.026127476439756492,0.019352133616167028,0.019253365474582562,2.348297529642929,0.9916567342073898,1678
scene-0626_CAM_FRONT_e912736e_4272663b,scene-0626,4272663b99b043539b47c98745c5c747,1726,1,27.3665,32.9445775643946,25.541004959720045,0.18550704419612885,0.0,0.06903443934545983,0.2545414835415891,0.071473109345497,0.2898700586116525,0.08127652847309018,0.07302744759252677,0.07053869693753834,0.8134152648373588,0.9976825028968713,1726,0.29228907197063503,0.2905466547318749,0.25506589177895234,2.3101227997023583,0.13035921205098494,1726,0.030802038553781916,0.017130695405573076,0.017118736255690048,0.6645774061038148,0.9895712630359212,1726
scene-0626_CAM_FRONT_a35e04cb_271d30b5,scene-0626,271d30b5f00a4d5893549090c5dae1cc,1723,1,27.3665,22.503313961400522,20.061577137017238,-0.19565705209970474,0.0,0.3105132372065249,0.11485618510682061,0.36412505423134744,0.12171210706449576,0.37034049058047447,0.36142128217086766,0.30854446807503155,2.895242597041487,0.027858386535113175,1723,0.13232628320213985,0.12043672726702845,0.113757968368565,1.835675638085062,0.9454439930354034,1723,0.054463117582920564,0.04502454611047114,0.04533371808390241,1.8016114232197429,0.9860708067324434,1723
scene-0626_CAM_FRONT_9e9a96e8_8b823546,scene-0626,8b82354665954ed0b885da38010e33fd,1975,1,27.3665,33.00473335878527,26.25812976601021,0.18733134865760803,0.0,0.04134399117710341,0.22867533983471144,0.04221055512584582,0.2569338963930399,0.04889306546616404,0.039286695804255534,0.03858450214011522,3.1469338285603485,0.9767088607594937,1975,0.24617483829743456,0.24946812499538937,0.2227179607597074,3.7428913119864142,0.5058227848101265,1975,0.03533291051967764,0.01979076085274421,0.019831368065015953,3.2281407307240273,0.9762025316455696,1975
scene-0626_CAM_FRONT_7e3b2e21_1d4e275d,scene-0626,1d4e275d6ce248788f5c969226df903f,1792,1,27.3665,30.568671787958856,21.441061874348303,0.11065604910254478,0.0,0.24401177494013115,0.35466782404267594,0.27635935945601564,0.4257069900316206,0.26400714005031667,0.27356906958462146,0.24182324992042825,4.360504990282903,0.25669642857142855,1792,0.40773835518603024,0.4224877131622331,0.35246147525166105,4.99991391156627,0.03962053571428571,1792,0.038836719499068424,0.013864564104255062,0.013835738016637067,4.257481963045847,0.9782366071428571,1792
scene-0626_CAM_FRONT_340a5f3d_bb08ec78,scene-0626,bb08ec783fd7478bafb3383cf130aed8,1774,1,27.3665,20.78572585463513,19.840868070518823,-0.27505314350128174,0.0,0.32157578318380065,0.04652263968251891,0.37929952977528103,0.04762179662492949,0.35465130504339876,0.3697129172104619,0.3155116486499173,4.739729729782169,0.16516347237880497,1774,0.08971361460017009,0.06333057910746148,0.06206375053164437,4.614124385414375,0.943630214205186,1774,0.08149808829024914,0.03989366933863826,0.03939863740673388,4.720438978137549,0.9379932356257046,1774
scene-0626_CAM_FRONT_945de6d3_21658dc6,scene-0626,21658dc6c2164fe3a13b61d040b7731d,1622,1,27.3665,19.106671385767218,15.35583717174634,-0.35928207635879517,0.0,0.5778239641145193,0.21854188775572414,0.7821561725304325,0.24426113484207468,0.7455889353408589,0.7633214846795717,0.5688172582526613,7.324303541417154,0.014796547472256474,1622,0.23520842300139339,0.2351950039999171,0.2112288523024789,5.388286599048807,0.5844636251541308,1622,0.05331317724597905,0.03273175963270951,0.032501465817454944,5.424992746359989,0.9660912453760789,1622
scene-0626_CAM_FRONT_73aabbd3_b822fb7e,scene-0626,b822fb7e82a645419bd9ae3972af2617,1485,1,27.3665,20.870941785669462,19.88349736547989,-0.27096179127693176,6.892345017006861e-06,0.31942952806520086,0.0484677367882691,0.37634237563817563,0.04966150582260709,0.3498038616448412,0.37249722667371366,0.3166318737610472,4.34731417691312,0.14276094276094276,1485,0.06861105176543336,0.056092053386243686,0.054907972675656946,3.9303288122635403,0.9750841750841751,1485,0.05128954168774573,0.026298306378762917,0.02606498693393311,4.002777752902374,0.960942760942761,1485
scene-0627_CAM_FRONT_0fae8aae_6a692a42,scene-0627,6a692a422f67403498d4138287ef6b95,1733,1,27.3665,27.876698426752487,22.838051956361717,0.018471520394086838,0.0,0.1808915473647419,0.19936306775882873,0.19828521505648156,0.22062505506242247,0.19718339339710722,0.1982564722391147,0.1808675604526675,2.0230188025297178,0.9803808424697057,1733,0.2194811764574736,0.22059577638770445,0.19933908084675434,2.2461432976618614,0.8788228505481823,1733,0.018141532090092945,0.014654953170260618,0.014649859413763178,0.4511612861053848,0.9994229659549914,1733
scene-0627_CAM_FRONT_a027c6b2_35ef5018,scene-0627,35ef5018c85e4ccda8f36fb05a1d22f9,1771,1,27.3665,22.453569664276504,20.171872127396703,-0.19787003099918365,0.0,0.30503047255714444,0.10716044155796078,0.3566663434690236,0.1131128297100834,0.3671352782535209,0.3543249231245992,0.3033031184668076,3.364475602207569,0.029361942405420668,1771,0.12323218809427973,0.1112440526599262,0.10554581214431402,1.2033115884047503,0.9695087521174478,1771,0.0337687576970985,0.018086053311001,0.018185725794912067,0.6197798853976125,0.9881422924901185,1771
scene-0627_CAM_FRONT_0775bcc7_15431766,scene-0627,15431766447f44178e7b96c3d56b9d41,1935,1,27.3665,32.29156346876997,25.088701627457045,0.16548636555671692,0.0,0.08690202720515305,0.25238839276187,0.09078980675708359,0.2870958389265599,0.08458145314713349,0.07806188866345093,0.07550351312036474,1.3998483787114835,0.9695090439276486,1935,0.260540308316454,0.26936606679173053,0.2386408785087557,2.8139881384971877,0.37260981912144703,1935,0.05040363089706212,0.026602026570972277,0.026619491288796482,1.7515563156119722,0.9679586563307494,1935
scene-0627_CAM_FRONT_822fba03_907d8111,scene-0627,907d8111df2a432dbbf8a992755ae1e6,2208,1,27.3665,35.339479383919546,26.40617370079768,0.2556810975074768,0.0,0.035721802521719415,0.2914029000291962,0.03636749156025232,0.33830367793316474,0.0608216982716652,0.04090973138153245,0.04014251679258418,2.7173536164009113,0.9723731884057971,2208,0.29339002275272197,0.32412593539507895,0.2807714329375297,3.8664943552526956,0.22146739130434784,2208,0.0550803499720604,0.019908874523241114,0.01996431656319919,2.999693392127543,0.9664855072463768,2208
scene-0627_CAM_FRONT_221c593d_178c06a2,scene-0627,178c06a23bbc4b0cb34a8708f48cf88c,2508,1,27.3665,30.189429762370377,23.788620457801798,0.09817221760749817,0.0,0.1401123033270153,0.23828452093451347,0.15040298568573718,0.26907021850732615,0.15620869541608895,0.1416630023871595,0.13248597275025098,2.170940313637863,0.9210526315789473,2508,0.2749967053823656,0.25935391537282415,0.23059882363776363,3.712211349137971,0.41746411483253587,2508,0.043576160554909246,0.028555472451806663,0.028744987652688625,0.8960990517132665,0.988835725677831,2508
scene-0627_CAM_FRONT_9d7f6bb3_fec53f7e,scene-0627,fec53f7e648f45ee81b0c75b32622b72,2027,1,27.3665,29.51668675947869,22.128496158866493,0.0756361186504364,0.0,0.21245344074751493,0.28808955939795133,0.23670853200002617,0.3338767599736723,0.2560694750701945,0.2385186070605601,0.21391599370245418,2.886966257725548,0.6161815490873211,2027,0.35444879908756716,0.33582531934215215,0.2895493175706638,3.8706414183952935,0.0246669955599408,2027,0.03390977412224451,0.0158135842863008,0.01585968730399112,0.892876837128094,0.9911198815984213,2027
scene-0627_CAM_FRONT_c8f0119b_5b3ffd92,scene-0627,5b3ffd92b67b4a48b283d63736298bae,1540,1,27.3665,29.27114518843163,21.801085781459392,0.06728258728981018,0.0,0.2273598625940405,0.2946424498838507,0.25528151553229894,0.3426462095445313,0.2689637353136971,0.2624630418714312,0.23314510291310775,2.536319507800567,0.30194805194805197,1540,0.35570459593583365,0.35016506281304405,0.3003471947645775,3.196114622726064,0.01038961038961039,1540,0.023803275946398254,0.012647460095961929,0.012609204112445704,1.3073405206518645,0.9883116883116884,1540
scene-0627_CAM_FRONT_976b8171_3f5fd35a,scene-0627,3f5fd35ad36646f8b718ec1416c70f7f,1643,1,27.3665,30.5682503314342,27.0950269337295,0.11064226180315018,0.0,0.009969434572200342,0.12061169637535052,0.010019294940524892,0.12818674829885568,0.0465897617638743,0.02738653938589903,0.027313481846324095,1.2245677509014967,0.9817407181984176,1643,0.1300466873135901,0.12806687544403983,0.12051289322751146,1.6217934122768305,0.9409616555082166,1643,0.04515125135280472,0.025972012612358278,0.025929921394712174,1.2445387061875304,0.9811320754716981,1643
scene-0629_CAM_FRONT_14384b3c_9e545368,scene-0629,9e545368482a44e282aa0d7e66fe8654,1667,1,27.3665,28.39907838979852,22.821197302184764,0.03703705593943596,0.0,0.18162982735034028,0.21866688328977624,0.19917021169525118,0.24441667164762504,0.17469552451897113,0.1809194348755372,0.16631797396942316,3.1169492363941482,0.9424115176964607,1667,0.21622850866029328,0.2250893557287319,0.2031864153006877,3.694788970606996,0.7216556688662268,1667,0.045438410188412416,0.02278773819544308,0.022800307106198403,2.322728090052148,0.9694061187762447,1667
scene-0629_CAM_FRONT_e8a68d57_d4b3a585,scene-0629,d4b3a58594d848d49dbef38e2e6e2125,1043,1,27.3665,31.691355173591944,25.96808024137372,0.14672429859638214,0.0,0.05245153686051296,0.1991758354568951,0.05385148788928351,0.22039653601730635,0.08357610169586621,0.0548063228107964,0.05341381388653743,1.8031492085651173,0.9491850431447747,1043,0.22804473511631415,0.21841232379823697,0.19758243377465967,2.4848627579986773,0.8485139022051774,1043,0.055801754009717555,0.014768103822155711,0.0148261365102198,1.8689337301294866,0.9386385426653883,1043
scene-0629_CAM_FRONT_729eba60_ac004b46,scene-0629,ac004b46197849efb6a7d4bbe466947c,709,1,27.3665,24.49323129228507,22.11156896301555,-0.11092283204197884,0.0,0.2132186835938059,0.10229585155182708,0.23765527655563456,0.1077111413148999,0.22604227958308432,0.23586765238696877,0.21177327594548823,1.4959421258455405,0.7827926657263752,709,0.0981654931714768,0.10611120371868502,0.10085044390350939,0.6571020914396185,1.0,709,0.01945973261783217,0.013162309345053518,0.013115289513029094,0.35318057549875753,1.0,709
scene-0629_CAM_FRONT_fac8be41_bdbc78ad,scene-0629,bdbc78adca87461d93ce8b90f1f38a1e,505,1,27.3665,19.151781872013107,21.424996246222573,-0.3569238781929016,0.0,0.24476134835939733,0.11216252983350428,0.2773164431627364,0.10610103955608652,0.2914247629815181,0.2847832497027801,0.25071039089261227,2.1453555104797424,0.05148514851485148,505,0.11101995408006032,0.10326417601229601,0.10899397090467211,1.9427667475900352,0.9603960396039604,505,0.038319520772034155,0.016733564885451392,0.016605893806220573,1.6213656921899817,0.9603960396039604,505
scene-0629_CAM_FRONT_5cc2771d_c49f9510,scene-0629,c49f9510d9cd4ba3aa986c01cb9be2d1,456,1,27.3665,34.64429641060774,30.06786643989665,0.2358134686946869,0.0,0.09413740373255353,0.14167606496213336,0.08984230541586569,0.15220334904237443,0.09316109965800488,0.09087521563996354,0.09527291835684071,1.0637409439102172,0.9780701754385965,456,0.1521176695154623,0.15102025407804198,0.140648723933111,0.9419848682204577,1.0,456,0.01667682862663025,0.00804082543774412,0.008040090177537484,0.688651269462359,0.9824561403508771,456
scene-0629_CAM_FRONT_e5880a58_dedec800,scene-0629,dedec80061fd4640be7a8945c9846ff6,771,1,27.3665,27.5753483140228,38.794690109353304,0.007602558936923742,0.0,0.3489637467745581,0.3413611878376339,0.2945812964903153,0.2891978712474764,0.34510103626601096,0.316641070457316,0.3807350383519785,10.292697974015868,0.0038910505836575876,771,0.3401427469234854,0.3114259950802156,0.3731324794150548,10.225249720752625,0.0038910505836575876,771,0.09166177899822593,0.04001569608405382,0.040228563312620924,7.150858472489624,0.8975356679636836,771
scene-0629_CAM_FRONT_598577bb_5773ef9b,scene-0629,5773ef9bc8e34db3807a93b61a8354b2,1218,1,27.3665,34.33869989938635,31.80017938789798,0.22695335745811462,0.0,0.1501522932613426,0.07680106419677246,0.1394230936189399,0.07982723872477404,0.19045094310291494,0.16078898822796964,0.1749654209463749,6.50853686460114,0.6642036124794746,1218,0.10128181849265719,0.08590970199234621,0.08421200692541175,4.548791282143104,0.9293924466338259,1218,0.08739514165479538,0.047446395859736236,0.04686984721410803,5.102876280629486,0.9014778325123153,1218
scene-0629_CAM_FRONT_66a72398_a15bd188,scene-0629,a15bd188376049479320d79c39611040,1600,1,27.3665,24.9965515618338,28.625991385047115,-0.09058175981044769,0.0,0.04499545717569564,0.13557721698614333,0.04399817522843996,0.12678826645316343,0.16781435124786342,0.1296258270596513,0.1293264278751466,4.0067736589928415,0.844375,1600,0.15574223152776032,0.13524143083546838,0.13889405964774393,4.0552833205519505,0.7975,1600,0.1807268167609901,0.1462934076124302,0.14136622397572063,4.103253072438264,0.8,1600
scene-0630_CAM_FRONT_6a808b09_ae9508b3,scene-0630,ae9508b3cd9e41c29bee43f66ba7b0fe,1703,1,27.3665,28.445890402024357,25.79746437906403,0.03868406265974045,1.9802274291202345e-05,0.059043430421195975,0.09772749308093642,0.06082131165609139,0.10266226106739618,0.17180783724752047,0.06599542602179972,0.06413652643137446,3.5133868803806383,0.8737522019964769,1703,0.20713338222982622,0.10585114428611589,0.10077456181257904,3.630550597526344,0.8784497944803288,1703,0.14152194642970467,0.028918943298606444,0.02885846250690749,3.480533098360503,0.8690546095126248,1703
scene-0630_CAM_FRONT_127521ab_cfabe989,scene-0630,cfabe989031147e9bed9de9dacd60afa,1499,1,27.3665,25.103479935192123,21.63090920498285,-0.0863131582736969,1.9680438873786886e-05,0.23519636411408928,0.14888320584039239,0.26515717581098763,0.1605374372987216,0.2608075673981665,0.2607477868796441,0.23173913379069133,5.783809071188244,0.40360240160106736,1499,0.16264127698213202,0.15682864031693783,0.14568233034283518,5.60762093882256,0.9432955303535691,1499,0.05232854659202835,0.01785159311844307,0.017864818002574,5.719934440217982,0.9613075383589059,1499
scene-0630_CAM_FRONT_10b3b796_12ef9ffe,scene-0630,12ef9ffe9eb640078c007b33f0ce8b47,1473,1,27.3665,26.01981477988514,21.17948470971145,-0.05046128295361996,0.0,0.256286626858107,0.20582534390448703,0.2921230320325787,0.228538613498668,0.28660020700795485,0.2895358413276903,0.2544517033722973,4.398195004746105,0.10522742701968771,1473,0.22512858449832227,0.22639433996030284,0.20410558277294166,4.262890380970912,0.8574338085539714,1473,0.030279693881101993,0.012272846714099969,0.01226583136639059,4.171146679889982,0.9809911744738629,1473
scene-0630_CAM_FRONT_298d59b2_72e83c66,scene-0630,72e83c660c194fc988a368cbbb928cac,1058,1,27.3665,22.46365998087201,21.3624443300649,-0.19742074608802795,0.0,0.2476851951647956,0.05026444907676764,0.28105658590225846,0.05154914080956963,0.2724163890737995,0.27805927873891856,0.24534273769951398,1.8737589833100345,0.15595463137996218,1058,0.0471394011756142,0.04950536888389947,0.04836703882682902,0.32401904881502186,1.0,1058,0.015572734884701263,0.010478173577583533,0.010494663020281125,0.2327186735627391,1.0,1058
scene-0630_CAM_FRONT_440a528d_c1a3b338,scene-0630,c1a3b3382324434f8790c78b44cd93b4,1158,1,27.3665,24.495059624501817,25.361310290827916,-0.11084818840026855,0.0,0.07609484178404768,0.03475334661622087,0.07906490974550606,0.034156384524004046,0.07946167628376537,0.07783734763261768,0.07498262069380945,2.9726208317843232,0.9870466321243523,1158,0.050735885325205746,0.03556584195220371,0.036213714439333744,3.3069090764636644,0.9861830742659758,1158,0.022345566819984175,0.006403363011098987,0.006403357663788967,3.173919630043987,0.9870466321243523,1158
scene-0630_CAM_FRONT_b620d468_64701483,scene-0630,64701483680a4d8eae3c8276b611d8d5,1483,1,27.3665,34.43087836009866,29.114485238062894,0.2296341508626938,0.0,0.061916187194950734,0.1677179636677435,0.06003833568651462,0.18260302658847505,0.08796788097486617,0.06352848255273885,0.06563617139151168,5.767643844472469,0.9440323668240054,1483,0.18808632914418405,0.18027390479266975,0.16583791045953866,5.319004805550702,0.9076196898179366,1483,0.05065807857429193,0.015928655835131075,0.015849578840260836,5.506845224889495,0.956844234659474,1483
scene-0630_CAM_FRONT_705b8eb6_f311006d,scene-0630,f311006db7884a3a844b3f10c835762b,1726,1,27.3665,28.649852234812872,25.335180002567437,0.045828647911548615,0.0,0.07712569383803469,0.12295434174958375,0.08017783955853908,0.13083278792215136,0.08126232284331335,0.07704381417014419,0.07432077275824134,4.113686172802621,0.9837775202780996,1726,0.12188396428146608,0.12489158536264572,0.11774001718208327,4.053282849694289,0.981460023174971,1726,0.04315468032782258,0.02038455588109374,0.02035882850140147,4.399538886739268,0.9733487833140209,1726
scene-0630_CAM_FRONT_dbb64a08_6cefb90d,scene-0630,6cefb90da1b1468795b6a3a333c94b38,1913,1,27.3665,32.60356167529619,27.88866249052693,0.1751018986105919,0.0,0.01890060625531742,0.1562012923552749,0.018723109819422046,0.16906150255039276,0.05259947461528824,0.032554889894988996,0.03276645806557332,3.6278003265501577,0.9696811291165708,1913,0.16035107923197775,0.16071666953238856,0.14911537683365483,3.4824200880811778,0.9618400418191323,1913,0.047515608070378544,0.028428225488672194,0.02857195771197185,3.5489156377628235,0.9717720857292211,1913
scene-0632_CAM_FRONT_78c80690_ce0b0c67,scene-0632,ce0b0c67f3874c93a4a30d55dbb91ae5,1539,1,27.3665,35.344215408554966,32.73022068097966,0.2558151036500931,0.0,0.1789791933206759,0.07683591032941761,0.1638767038346507,0.07986486718356778,0.16700807483891378,0.16738050127839943,0.18317852542077784,1.416248987152959,0.9662118258609487,1539,0.07596519446647128,0.07533966404835511,0.07263657822931546,0.5497243291798534,1.0,1539,0.01733174033211115,0.014550162460920061,0.014551961762045096,0.21948850261639488,1.0,1539
scene-0632_CAM_FRONT_4483f3a6_fe4272b3,scene-0632,fe4272b3476c45c8a3704e977b85d409,1952,1,27.3665,21.44972550579938,21.45933495435325,-0.2436077892780304,0.0,0.24315989092689083,0.0004478983511391199,0.275272512322122,0.00044779805964678676,0.2681816492983392,0.2748256986129606,0.2428094622485738,2.6070506883332527,0.29047131147540983,1952,0.029604912295998334,0.01822036581049092,0.018212285718301247,0.5557864238828059,1.0,1952,0.029609574974398426,0.0182528464425731,0.018305978956024038,0.554722343622112,1.0,1952
scene-0632_CAM_FRONT_219ea9af_619376b3,scene-0632,619376b327d04e7d9d28d9f73049bded,2143,1,27.3665,23.339949409323435,19.759867160431288,-0.15915317833423615,0.0,0.32566666799085864,0.1665134896566225,0.3849536425427409,0.18117946946835684,0.362706739673536,0.3735267599982291,0.3175540982351839,4.194829416929362,0.1026598226784881,2143,0.17186799596579524,0.1740239934345653,0.16061995236009796,2.2873835113886547,0.9286047596826879,2143,0.047827866101319255,0.021518473458814844,0.021454420578606914,1.8540288423989844,0.9640690620625292,2143
scene-0632_CAM_FRONT_34dbd470_62eaf35b,scene-0632,62eaf35b2e0b447887cd34098f4013b3,2524,1,27.3665,25.421288958993376,21.791786650393117,-0.07373266667127609,0.0,0.22778649799054307,0.15405383131926698,0.2558171773174145,0.1665536822119531,0.21269007247187643,0.22152376738163618,0.20036316911608365,2.9191167510090215,0.633122028526149,2524,0.13122010996458644,0.13694008057972878,0.12836337592888913,2.2440942884097597,0.9683042789223455,2524,0.058779486125257255,0.03928837013723209,0.039559867688568784,2.5384511565624406,0.973851030110935,2524
scene-0632_CAM_FRONT_64aaf542_c4b8c55c,scene-0632,c4b8c55ceed44c7e95c36e61b8a99ffe,3440,1,27.3665,22.91359459936389,18.129076246678345,-0.17758925259113312,0.0,0.41180256581394303,0.23421331322280992,0.5095363728206592,0.2639140730384526,0.4914664729043199,0.5070014605432334,0.41012188870929267,6.5034980882804,0.007267441860465116,3440,0.24917762946894584,0.26182342561605615,0.23255783796355378,3.308137006730724,0.41104651162790695,3440,0.027867959319339816,0.018639929058589307,0.018587454225292954,0.7847978696594761,0.9950581395348838,3440
scene-0632_CAM_FRONT_d7f6efdc_255cd0f1,scene-0632,255cd0f1d034478aa395510f4181111f,2745,1,27.3665,21.608907754721653,16.07519914366968,-0.23621401190757751,0.0,0.5320419791821083,0.29582796727453076,0.7024050374378579,0.3442388838604913,0.7023710258236834,0.6973202187497256,0.5290506654161273,7.912790064570608,0.00036429872495446266,2745,0.3442450924109061,0.3402238516867994,0.2928366535085498,3.8368324281418498,0.07468123861566485,2745,0.03847939781210465,0.021224253696692695,0.021384802520974855,0.8659514502166582,0.9985428051001821,2745
scene-0632_CAM_FRONT_b39f4a38_3b73acef,scene-0632,3b73acef60a147bcb5c016203eac006c,2142,1,27.3665,23.49322104973774,18.09035194657951,-0.152607724070549,0.0,0.41394088310859845,0.26133315903804943,0.5127676941174384,0.2986602537702312,0.4933092274921402,0.5006191434367636,0.405877783712413,4.608880386236895,0.028011204481792718,2142,0.2830855299871842,0.28833411415113547,0.25338864408896367,2.6482907938761375,0.20821661998132587,2142,0.04159074820462587,0.029361170028619737,0.029379278800596875,1.3352783889916247,0.9859943977591037,2142
scene-0632_CAM_FRONT_705eb635_6ac07a4e,scene-0632,6ac07a4efec04453b7326d3a425c7b79,1731,1,27.3665,32.73632341367518,24.998023324087708,0.17916563153266907,0.0,0.09052288293199862,0.2696885144646677,0.09474655836607937,0.30955647929694363,0.09494651481554561,0.09056858054946436,0.08669919376919433,1.5880057570371968,0.9924898902368573,1731,0.3064657996152409,0.3045587034388738,0.2658648253018634,3.4613792466897695,0.045060658578856154,1731,0.021803638251202535,0.012859125485342548,0.012913317179718664,1.4120781940807843,0.9942229924898902,1731
scene-0633_CAM_FRONT_fe5b1b2e_e762b41b,scene-0633,e762b41bf9cd4dd98f3b7132de33cf3c,1280,1,27.3665,31.704519652146306,28.479591200607025,0.14713960886001587,0.0,0.03986809489174181,0.10727151396827406,0.039083819453957,0.11323647270156534,0.10324295172300413,0.05517769326864286,0.056312793088492796,7.761854972593511,0.8609375,1280,0.13523105229677607,0.11775386818796199,0.11203821606815234,7.219125995079392,0.90703125,1280,0.0880594794774123,0.04133821137682246,0.041797855324648525,7.578842266447214,0.88046875,1280
scene-0633_CAM_FRONT_9fde5c65_22a2197b,scene-0633,22a2197bfad742faa1c5cf8c1be1bc45,1269,1,27.3665,34.70942085138637,27.516835517604388,0.2376915067434311,0.0,0.005478380356575663,0.23221312638685543,0.005463401396872514,0.26138853536339224,0.05761592234945735,0.015920550230151174,0.01595626536107897,4.980152299372926,0.9369582348305753,1269,0.24300507717565586,0.2586688876348524,0.23005472415398964,4.5817200639735916,0.37194641449960597,1269,0.05647329727077852,0.014706949964309015,0.014697053768154777,4.950548684310232,0.9416863672182821,1269
scene-0633_CAM_FRONT_3cd58b93_f334e3c6,scene-0633,f334e3c6c5684a9ab5ac3122287dc50c,1708,1,27.3665,34.89112335257932,31.45219184486146,0.24291281402111053,0.0,0.1391490360806249,0.10376377794048608,0.1299016572521945,0.10933837376677769,0.19156602679659485,0.1578943303069451,0.17157014600851106,5.482079809138272,0.572599531615925,1708,0.10200341801020613,0.09983192843168903,0.09639906435500434,3.1284959798809844,0.949648711943794,1708,0.08911939376348488,0.05396614495111359,0.054593785201408895,3.886901208385416,0.9004683840749415,1708
scene-0633_CAM_FRONT_5406def8_3f2c2941,scene-0633,3f2c294126dc4439986a9b76354b8422,1479,1,27.3665,27.229955416727115,26.341904165202642,-0.005001968238502741,0.0,0.03815865216626113,0.03315668392775839,0.03889604291214588,0.03371249268675047,0.08466272837572478,0.05909324407824298,0.0589508335113913,3.781033459066276,0.9263015551048005,1479,0.08398725366427713,0.058853653262502366,0.058972898094230564,3.798801874546217,0.9256254225828262,1479,0.08613144700403214,0.054579363742934386,0.05558431854281087,3.9501892501120044,0.9121027721433401,1479
scene-0633_CAM_FRONT_21af4cef_3b17af9e,scene-0633,3b17af9e8b604848b4ed8a701214b59c,1191,1,27.3665,28.99803989382253,26.204136015339,0.05790860019624233,0.0,0.043402376148896415,0.10131097634513919,0.04435803508196545,0.10662072112769039,0.06922580831270987,0.05491578506912609,0.054829038905824135,3.219674582610609,0.9538203190596137,1191,0.09756198520151052,0.08731550857581766,0.08420983314181152,3.154863626829532,0.9672544080604534,1191,0.06957098518623234,0.043312056454168676,0.043161075572607954,3.3868707761122727,0.945424013434089,1191
scene-0633_CAM_FRONT_df2eb0ab_b4568c3c,scene-0633,b4568c3c716449ad915c3d31ea83ff2e,1068,1,27.3665,30.363780543122623,24.661634520800433,0.10393083095550537,0.0,0.10407085982721753,0.2080016907827229,0.10967908379788027,0.2312152512645831,0.09787558897527626,0.09592665044494139,0.09203768695403813,2.629583357895887,0.9822097378277154,1068,0.20322320035986385,0.21475782958917966,0.19474514701700296,2.963233240406792,0.7462546816479401,1068,0.05349696811724002,0.028042316696903095,0.027888193723305088,2.8021779434209035,0.9794007490636704,1068
scene-0633_CAM_FRONT_c0b82f06_be997411,scene-0633,be9974114ee4478bbb67599baadacf7d,734,1,27.3665,42.69141282484472,34.83038704094583,0.4446781575679779,0.0,0.24117055896512607,0.20350759860285184,0.21429239451664583,0.22569447117132646,0.25540241396285823,0.2247531706317068,0.25457386173548036,7.825958819889601,0.10762942779291552,734,0.20899661054945567,0.22081624484709875,0.2000983785394006,6.453103058429317,0.8678474114441417,734,0.06613651090002448,0.024602748073370817,0.024631380380302326,6.8800863198397115,0.9332425068119891,734
scene-0633_CAM_FRONT_4269e4e8_511bbef9,scene-0633,511bbef91402409aa45e8e0831320dc8,624,1,27.3665,41.78140697549865,36.402838367326986,0.4231317937374115,0.0,0.2853271110892601,0.13780468264815138,0.24823169765348474,0.14775135262527073,0.25535765479853123,0.246474927444519,0.28299298758187563,7.417935115816024,0.16826923076923078,624,0.17731087732898532,0.1574321438277974,0.14620388187833644,5.614168812203933,0.8685897435897436,624,0.06458736714647265,0.03764122140394739,0.03805169726771229,5.376887041408199,0.9439102564102564,624
scene-0634_CAM_FRONT_3bb017b6_cb0da387,scene-0634,cb0da38702064a7c9699e70c8c4d6d67,314,1,27.3665,34.80935843867962,35.24975006313342,0.24056663364171982,0.0,0.2531388011878333,0.012572167546113455,0.22363988536129387,0.012493468000909114,0.22544768451151212,0.22386132290787475,0.2534240706100406,4.194084192435695,0.2356687898089172,314,0.045210842438837585,0.026286184598288242,0.026406665297181164,3.2931825954904017,0.9681528662420382,314,0.04305207617204117,0.022120259928713727,0.02208796517767464,3.265215633457283,0.9681528662420382,314
scene-0634_CAM_FRONT_9497e9cc_ac54c36b,scene-0634,ac54c36b81eb498a810587527ff58ac8,698,1,27.3665,33.99224962030783,38.589850948434915,0.21681290864944458,0.0,0.34366967546418126,0.12685676681473623,0.29083685665000214,0.1191401680786629,0.35504008844004664,0.3080464015505674,0.3682364181112686,12.250038784914278,0.01862464183381089,698,0.19968179457553864,0.14051634501440213,0.1514235094618238,9.927973529709524,0.7163323782234957,698,0.12380557324197043,0.05080655276180035,0.052142660282693765,8.650444084411497,0.8037249283667621,698
scene-0634_CAM_FRONT_f3b10b3a_7955a19c,scene-0634,7955a19c9fc348ee9efc6651fce327a6,2322,1,27.3665,24.695827576577674,27.40833648744234,-0.10268533229827881,0.0,0.0015275808477275277,0.10421291314600634,0.001526414689979827,0.0989665648664032,0.08936052125173355,0.04917253039683975,0.05002889791819687,6.82881118645452,0.9155900086132644,2322,0.15015015035137091,0.11862241674992871,0.1258758751881528,7.259633202317235,0.8824289405684754,2322,0.08917119452771666,0.04806805207028569,0.048908630775187145,6.823363480889613,0.9151593453919036,2322
scene-0634_CAM_FRONT_f1ad72cd_f710d323,scene-0634,f710d3238c7d487d8696db5707c41e09,675,1,27.3665,21.100926826955895,20.727135185408876,-0.26000267267227173,0.0,0.2778759172953684,0.01787324462309714,0.32032235787534136,0.018033926937001565,0.2865677574124664,0.3065920973279459,0.2674222951343299,2.626324129420494,0.23703703703703705,675,0.0476653721078068,0.03187744315856835,0.03148812957627545,1.9018603375724445,0.9807407407407407,675,0.04753427925590671,0.024120815639558823,0.023834503680755237,1.952098414045022,0.9748148148148148,675
scene-0634_CAM_FRONT_f96a3767_475a324f,scene-0634,475a324f563849cab9623619073fdf81,896,1,27.3665,26.999139044906705,25.992919904366843,-0.013514659367501736,0.0,0.05149544807024231,0.037980788702740576,0.05284439380749961,0.03871127769569349,0.09368132971946712,0.06012502384497294,0.05883958107444143,4.57929721615808,0.9363839285714286,896,0.08767190108381744,0.059402094541927825,0.05924984702625313,4.624311599947014,0.9330357142857143,896,0.08151539678707571,0.04475146964731094,0.04409627972442964,4.7619556173341975,0.9319196428571429,896
scene-0634_CAM_FRONT_d1e063d5_0abca7b8,scene-0634,0abca7b8b2314d82b25444ce6f80bb4e,767,1,27.3665,27.721608894714915,26.928440358112944,0.012892575934529305,0.0,0.016136647154818995,0.0290292230893483,0.016267545987121323,0.029454677881595392,0.04948264085199719,0.031581875409023186,0.031490161318620036,2.0527811911387226,0.9661016949152542,767,0.05211055582187004,0.03646865757599437,0.036162020491638636,2.000794571216825,0.9661016949152542,767,0.048869536827551616,0.029318588298434294,0.029103069012221816,2.1250145966735143,0.9582790091264668,767
scene-0634_CAM_FRONT_3334c156_f1ec5400,scene-0634,f1ec540053df4cf481a2190bed06e148,767,1,27.3665,26.989769126362503,27.28626284050572,-0.013861764688044786,0.0,0.002936254746209066,0.01092550994183572,0.002940569764473766,0.010866043322835695,0.0402985881621326,0.031874443481815916,0.031994869316327446,0.9415066937925224,0.9934810951760105,767,0.04279511312751872,0.030768224331249674,0.030657493957132465,1.0033543563709124,0.9934810951760105,767,0.04050674947897848,0.03260851990825941,0.032438881019766885,0.9538835600226219,0.9934810951760105,767
scene-0634_CAM_FRONT_abaa0e0b_583aa03b,scene-0634,583aa03b8674496fbe5155131d81a121,684,1,27.3665,18.555974214087197,21.580944813838965,-0.38852784037590027,0.0,0.2375088968459078,0.151018943529992,0.2680862787087521,0.14016858973718238,0.25598543868174095,0.26729045152605857,0.236881118569799,1.7630830403658955,0.31871345029239767,684,0.15087841085195886,0.1407693768325976,0.15171791666641665,1.5176043231192509,0.9093567251461988,684,0.02951954607850749,0.016761741802543983,0.016743599411673027,0.7814619455810498,0.97953216374269,684
scene-0635_CAM_FRONT_43f05ac3_b0715ea6,scene-0635,b0715ea6c3714813b5255319443ea853,551,1,27.3665,17.764215212044164,20.132648746313507,-0.43213358521461487,0.0,0.30697682460973663,0.12515676060487824,0.35930946517959206,0.11764142732103378,0.3631230134125757,0.36568994300415425,0.3116597536890062,2.3072121233146663,0.034482758620689655,551,0.11518016262309781,0.11349971459813546,0.12047383152560864,0.9500764186048826,0.9818511796733213,551,0.046168805011595475,0.04311361567802055,0.0433027149407712,0.3697967538218376,1.0,551
scene-0635_CAM_FRONT_0c81f97d_e5a4fc27,scene-0635,e5a4fc27e7204bbcb6d45ba84f1ef29c,615,1,27.3665,17.64048971433238,19.17777502379045,-0.4391228258609772,0.0,0.35556757992769406,0.08355524593328267,0.426990355557475,0.08015973216658523,0.43219949214568637,0.42585973291203505,0.3547749531372415,2.8754018334039553,0.026016260162601626,615,0.07956214117283092,0.08150597663734688,0.08501988130223359,0.9132003489464869,0.9804878048780488,615,0.055425670024466835,0.05153445301132039,0.051335774293352454,0.5602592080783827,0.9983739837398374,615
scene-0635_CAM_FRONT_01076466_c594b596,scene-0635,c594b596cda64b80a0c453e6d0457415,681,1,27.3665,17.73070419276248,20.134039552207305,-0.43402180075645447,0.0,0.30690774488388284,0.12711405587257163,0.3592155676976305,0.11936677452197342,0.36836790790374735,0.35496400912599996,0.30377489244827305,2.889563064518352,0.08516886930983847,681,0.11529401323181228,0.12219088516099967,0.13032611805099537,1.9856077371968879,0.9192364170337739,681,0.0611670679033621,0.04994689946447192,0.04998484869600417,1.5747988314172887,0.9941262848751835,681
scene-0635_CAM_FRONT_39ca468b_3ad79c14,scene-0635,3ad79c1436ab441795d4d73ae0b503d5,633,1,27.3665,17.58126494330766,19.642189657306172,-0.4424857944250107,0.0,0.33163985124639694,0.11084594317861374,0.3932509805402815,0.10492336903141175,0.4044786769032005,0.3918565983091367,0.3306385381493824,2.853730608453354,0.08056872037914692,633,0.10009993187502451,0.10599262910004373,0.11204125898807415,1.6190755262379428,0.919431279620853,633,0.06635189235728145,0.05917084575403065,0.05974801014648934,1.231375915920564,0.9889415481832543,633
scene-0635_CAM_FRONT_4c9136c0_e55fea30,scene-0635,e55fea30eaf74390885f05a39248023b,631,1,27.3665,17.60754163220752,19.439310024751666,-0.4409923255443573,0.0,0.3420223317892539,0.0989699937551034,0.4077917356714209,0.09423011363118305,0.41475622519905775,0.4081735701383657,0.3422935243842036,3.1585424938799447,0.028526148969889066,631,0.09580587762136039,0.09533178190454629,0.10018701233930472,2.152150896506721,0.9667194928684627,631,0.05504014848665778,0.04224980857757573,0.04313334241403011,1.9231564422148568,0.9904912836767037,631
scene-0635_CAM_FRONT_b8d19bb7_135678a1,scene-0635,135678a185474ee2984f0b6b9eb31d54,635,1,27.3665,17.736137671689434,20.855499989515025,-0.4337154030799866,0.0,0.2717019357130459,0.16201346736694067,0.3121958243033416,0.149570248586408,0.30873363553612154,0.30697461212753624,0.2677150099144332,2.6899660423165797,0.1968503937007874,635,0.15991290805567945,0.1531881141427538,0.1662767036162891,2.5563018636583936,0.8267716535433071,635,0.04806690755090256,0.03514529249521934,0.03483962232178994,2.101125827510143,0.9874015748031496,635
scene-0635_CAM_FRONT_e553a1df_741476cb,scene-0635,741476cbf3f2499583da8f1e2576f31a,591,1,27.3665,17.640312545033826,19.114862691966184,-0.4391328692436218,0.0,0.35885345377615785,0.08027941546746398,0.4316869778772676,0.07714155056693661,0.42595725255430483,0.4287728632432377,0.3568159382688312,2.912921564758869,0.018612521150592216,591,0.08340286507607576,0.07950609711286044,0.08284490202769357,1.4586721216678382,0.9813874788494078,591,0.04238906609705859,0.03336105028960496,0.033469981888402334,1.2553232553226477,0.9966159052453468,591
scene-0635_CAM_FRONT_7057a04d_b8f4bec2,scene-0635,b8f4bec20b9b4d79b1979f43ba1e0222,569,1,27.3665,17.67108991044117,17.520284427332083,-0.43738967180252075,0.0,0.44596031782451373,0.008570646021992978,0.5619894821631761,0.008607479161344411,0.5626909546483743,0.5575938378943366,0.44329570947234487,3.728004358890982,0.0,569,0.05115567274594767,0.046145320153728055,0.045694013252203014,0.9506047785478889,0.9964850615114236,569,0.05049609013704401,0.0456081621311521,0.04566236130670709,0.9620452428572244,0.9964850615114236,569
scene-0636_CAM_FRONT_3ac231a1_925af658,scene-0636,925af658789c478eabee8e04ed1a04b9,1598,1,27.3665,28.86191117308017,23.800146121592114,0.05320313572883606,0.0,0.13962791741646896,0.19283105314530502,0.1498458816255921,0.21267789809474702,0.16032277306105241,0.1429268016583222,0.134074407208693,8.356069113686996,0.8742177722152691,1598,0.19551373611061937,0.20209688728862757,0.18473286925993715,8.128063930397055,0.8247809762202754,1598,0.12821645790593864,0.051140549479800325,0.05165601667331754,9.246881512390447,0.8341677096370463,1598
scene-0636_CAM_FRONT_f3501361_a1165ef3,scene-0636,a1165ef34d62441db1047c17865c5797,1629,1,27.3665,28.770065120991504,22.59157259793089,0.050015803426504135,0.0,0.1917426947985854,0.24175849822509,0.21135878794495389,0.273486606400587,0.18798595171871083,0.19024695650459875,0.17416081206725043,6.049731365475093,0.8686310620012277,1629,0.24155168792920584,0.25124771826714254,0.22414122808290737,6.361883423835323,0.4953959484346225,1629,0.09324366236381326,0.042816213009411276,0.0427405063394688,6.621965134637881,0.9330877839165131,1629
scene-0636_CAM_FRONT_52d62696_d98b25de,scene-0636,d98b25de9eec4fa18b7fbb108dda9731,2159,1,27.3665,26.262441217954304,23.520497975867123,-0.04117980971932411,9.29880789282814e-06,0.15144734238812152,0.11026753266879785,0.16351703216823954,0.11657675126183609,0.14883935605910348,0.14246679644340618,0.13366913968873861,4.526627820544269,0.9592403890690134,2159,0.10835866135558181,0.09915247554235034,0.09498493855085144,4.174425068709812,0.9745252431681334,2159,0.05166133586889374,0.03601032025252259,0.03648683867056812,4.443841015068239,0.9559981472904122,2159
scene-0636_CAM_FRONT_98e1aaf2_52c9f322,scene-0636,52c9f3220baa47e4b636f931fc0c0af4,2176,1,27.3665,22.294707092617514,22.360391242453083,-0.2049703374505043,0.0,0.202028492077579,0.002941845372924856,0.22388287858051403,0.0029375223860511612,0.21544525312537535,0.21130877351207283,0.19311819044418232,5.358470139066556,0.7394301470588235,2176,0.05050926583582425,0.03389493557186833,0.034265626605587185,4.021262766396374,0.9540441176470589,2176,0.05015092031476884,0.032415098086174106,0.03261762271983848,4.002585854617599,0.9549632352941176,2176
scene-0636_CAM_FRONT_c64a7057_0d28a80a,scene-0636,0d28a80a8d574418810e9aa656347e62,2139,1,27.3665,27.153242564846643,21.113443191363693,-0.007823166903108358,0.0,0.25940968195517033,0.251586515052062,0.2961647113623833,0.2860641591587245,0.2887160292714424,0.2890752136878426,0.25484300690525874,4.919484558767679,0.15988779803646563,2139,0.2792491358460332,0.27929222713228075,0.24701984000215038,4.772595831739871,0.19027582982702199,2139,0.049307590015066086,0.01870483514445233,0.018713583129605915,2.614835969442423,0.959794296400187,2139
scene-0636_CAM_FRONT_73d95c15_01ec0ffb,scene-0636,01ec0ffbd89d4f01877aa9c0c08d32cb,955,1,27.3665,26.988245728250728,24.040673515639984,-0.013918209820985794,0.00013368138667341095,0.12957251190562147,0.11565430208463567,0.1383416517925904,0.12260772189652513,0.13129695411447945,0.13413781211795597,0.12590886008386803,3.6668077750666996,0.9664921465968587,955,0.11787510961582094,0.11865664251272418,0.11220773934312378,3.5251321356051792,0.9738219895287958,955,0.04932619006331223,0.03171217812371505,0.031878234213797096,3.1633305807638084,0.9916230366492147,955
scene-0636_CAM_FRONT_0c9652d8_6d6d1ee8,scene-0636,6d6d1ee8576840949efa926bfa76f704,1041,1,27.3665,36.74118083887185,30.082382968556356,0.29457858204841614,0.0,0.09462007933520855,0.19995850271320803,0.09028151032433629,0.22135207431125403,0.12962641222405172,0.09597616455575847,0.10089879195042917,4.965354425190086,0.8184438040345822,1041,0.19891691843614562,0.21569263821729368,0.1956212625515863,4.426632319133944,0.7886647454370798,1041,0.06957825363993753,0.028774810237277515,0.029140020609713657,4.164033575896082,0.9298751200768491,1041
scene-0636_CAM_FRONT_7c81ac95_378d5e91,scene-0636,378d5e91029d490684ccc9f9208b60e0,1070,1,27.3665,39.99300534867564,33.18669163033254,0.37938493490219116,0.0,0.1928293034129971,0.18655563148919452,0.17537727758957755,0.20509166126466627,0.21800711006316031,0.1853936339725758,0.2050502689260999,5.334224214540661,0.6308411214953271,1070,0.17840635076213823,0.19339163778982893,0.17728575831916737,3.7120564559652705,0.9532710280373832,1070,0.06442017371378908,0.02097803013851886,0.02095431391585678,3.7573779290578355,0.9102803738317757,1070
scene-0637_CAM_FRONT_8b77b8e2_26a15512,scene-0637,26a1551251504eab9012061870b6306e,1153,1,27.3665,37.73337617857016,32.5654365151031,0.3212253749370575,0.0,0.17393185869587313,0.1472935162411848,0.1596458414642149,0.1586940086330575,0.19432100997550156,0.162918207740281,0.17783349252661718,6.493899342021247,0.7779705117085863,1153,0.17093920766882054,0.15741266876098245,0.14622801914010797,5.3991505706018215,0.9037294015611448,1153,0.06953650361790951,0.017895101497483367,0.017846979751569902,5.622775910589308,0.9054640069384216,1153
scene-0637_CAM_FRONT_34aff80f_b3c0d188,scene-0637,b3c0d1886a2b4d32b728cbadfab9483b,1303,1,27.3665,41.07259878105389,41.02205648202893,0.4060215651988983,0.0,0.4047902473926719,0.0012313178062268726,0.33288327434318654,0.001232076189235043,0.34586674606417,0.33279967736324473,0.4046649443694388,8.329487367744349,0.0007674597083653108,1303,0.04845132534934205,0.01926508784562507,0.01910436763201595,3.0837964790135284,0.9562547966231773,1303,0.048361281170525225,0.01891275518031125,0.018847522135572614,3.0918594354877573,0.955487336914812,1303
scene-0637_CAM_FRONT_dcbda46c_d413774b,scene-0637,d413774bb9a94863a84c3b906ce55064,1346,1,27.3665,40.63894355355602,38.3229193462676,0.39540717005729675,0.0,0.3367284959208243,0.058678674136472875,0.28589730462000107,0.06043444097674122,0.29314128987104615,0.28561885823158134,0.33631665307270875,5.709208690708393,0.0638930163447251,1346,0.09695044212951995,0.06393129049439916,0.06198029186394238,3.36082759872807,0.9234769687964339,1346,0.05883663402588921,0.011508742116097766,0.011497147765732185,3.329312604545397,0.9153046062407132,1346
scene-0637_CAM_FRONT_c6b4a9f6_a6c7d30b,scene-0637,a6c7d30b3ff849ed80e35dbacf992b3a,1278,1,27.3665,40.85403911080671,35.74603861654167,0.4006860554218292,0.0,0.2671198174337155,0.13356623798811373,0.2344186640212489,0.14289696682365483,0.23669864975475965,0.2343871356646254,0.26707863636128737,3.7715198712130644,0.19953051643192488,1278,0.16504333168820443,0.14627096246571702,0.13657154207971844,2.6876098277988234,0.9084507042253521,1278,0.057811094069518995,0.024168557673838353,0.024395974291850142,2.311432342664244,0.9405320813771518,1278
scene-0637_CAM_FRONT_c0da6ecb_cae3569b,scene-0637,cae3569ba124483ea18b79c4a61e3a3f,1131,1,27.3665,51.11053243690885,53.77948641349479,0.6246709525585175,0.16574306665651722,0.675572463389706,0.050901510831188546,0.4911349693898718,0.04962773270211496,0.5012393725893703,0.4938555976816763,0.6808152559621401,9.744665231960894,0.008841732979664015,1131,0.09107721192558371,0.057348433295178906,0.058669401816125566,4.678298068586694,0.9389920424403183,1131,0.06540553769073375,0.022988167507402887,0.02277069556965694,4.461716160201786,0.9442970822281167,1131
scene-0637_CAM_FRONT_5bebe37b_6f1d27de,scene-0637,6f1d27de5c6645f08e708e670d65b5d2,1167,1,27.3665,36.195198491992656,53.144397481993856,0.2796068340539932,0.2577745805020108,0.6636930520362636,0.3840862179822704,0.4850539041434764,0.3189272960662288,0.478739585056462,0.4850539041434764,0.6614426746698765,10.045676701296845,0.029991431019708654,1167,0.34414496416906265,0.3201302251595751,0.3847990339117442,7.292628170688014,0.0959725792630677,1167,0.18377425138000292,0.051984255304693916,0.05133488985729606,4.187817778418903,0.8654670094258783,1167
scene-0637_CAM_FRONT_6df66081_a6c7ab79,scene-0637,a6c7ab79fd624338a39336d5a5fe8991,1009,1,27.3665,32.470014534694776,54.9349644230854,0.17099739611148834,0.08335195404314537,0.6968303828965299,0.5258329867850415,0.5018382138334518,0.4089371882609274,0.5080582120390941,0.5030551457259812,0.6988220604291471,9.882984209482633,0.014866204162537165,1009,0.4232354019334094,0.4109659650062381,0.5290577668536183,8.883482019897066,0.02081268582755203,1009,0.09204718192598951,0.02147454596612365,0.021410680936443383,5.611246050172181,0.9266600594648167,1009
scene-0637_CAM_FRONT_16af9720_2018466d,scene-0637,2018466dbdaa4377afab6f42e02806e1,1018,1,27.3665,46.703644555270614,55.53627579131282,0.5345025658607483,0.0012559427340858417,0.7077167874610151,0.17321422160026678,0.5072319918815881,0.1590425557023727,0.5252378582590825,0.511352940129297,0.7161148093781863,14.061656173744785,0.0009823182711198428,1018,0.1907406313781369,0.16616975341312684,0.18172544246010947,7.348606661000519,0.8271119842829077,1018,0.05758615394204177,0.019870141042202877,0.01995828038512193,5.174505719364718,0.9174852652259332,1018
scene-0638_CAM_FRONT_ccd7c315_1646a03c,scene-0638,1646a03caf1e497bb7687d0caafa7a85,1432,1,27.3665,29.915095229791643,58.908646471736425,0.08904357254505157,0.0,0.7666682414264354,0.6776246688813838,0.5354417112073679,0.49217819417826036,0.4509323399095737,0.5256318729134078,0.7457716370254868,4.956330498547959,0.0,1432,0.39979861000844197,0.48145478246128265,0.6567280644804354,4.613442007692185,0.031424581005586594,1432,0.2554814432444288,0.15393233565186543,0.15658647182200114,3.0507952317636304,0.5502793296089385,1432
scene-0638_CAM_FRONT_e9a4cb5c_148a98a0,scene-0638,148a98a0b7ce45fcb92738418dd17a64,522,1,27.3665,26.380596871045153,40.78859646327371,-0.03669086471199989,0.0,0.39908290625622644,0.43577377096822634,0.32906492566762,0.3532359738144363,0.3952124144067314,0.36872802726926,0.46001922932317774,11.61604942955751,0.044061302681992334,522,0.4165788888762956,0.391470175996234,0.49671009403517763,11.993311187719545,0.028735632183908046,522,0.17055600768629914,0.13518239538270221,0.13409805502070293,6.786813580911857,0.6015325670498084,522
scene-0638_CAM_FRONT_f2efcbf8_23cc2b13,scene-0638,23cc2b1341714461966e86698c5e0194,1839,1,27.3665,23.90687859422967,35.50332922028631,-0.1351534128189087,0.0,0.2603068352996116,0.3954602481185203,0.22918496374804742,0.3266299493803675,0.26937164482122194,0.227879431325625,0.2582030410450358,7.078925084518332,0.37302882001087545,1839,0.34703868922095704,0.32444994665977883,0.39093063770276837,8.778819911368602,0.06307775965198477,1839,0.17666601951771543,0.08089834973015074,0.08056063556162485,4.718204120492713,0.8640565524741708,1839
scene-0638_CAM_FRONT_84af29b7_7e4fbe4a,scene-0638,7e4fbe4ac2a349278488721d8e96e29f,2429,1,27.3665,25.84895053419576,20.887027465696857,-0.05704963579773903,0.0,0.27019136679933276,0.21314173100159373,0.3102151584252233,0.2375600394382571,0.3243654845399661,0.3108468396550667,0.270820691346529,4.332945225929327,0.13297653355290243,2429,0.2543665775357302,0.23857448952175125,0.2143861568968788,3.5446918881323746,0.5582544256895842,2429,0.059913053368784434,0.03362075354014941,0.03329138826524858,2.115568157326856,0.9559489501852614,2429
scene-0638_CAM_FRONT_0b1c4f84_bbf22539,scene-0638,bbf225390ba44f6aba5b734053a1a673,2372,1,27.3665,28.75981526774425,21.966692437118216,0.049659471958875656,0.0,0.219792311636402,0.2694517835952781,0.24581796182284865,0.30924650354494676,0.28969851385285567,0.2492712787036807,0.2228000713494842,3.6928921917484026,0.5042158516020236,2372,0.35058601625452646,0.31215099870951524,0.27197302808018486,4.212751294816647,0.09822934232715008,2372,0.0774405080785114,0.025414455243197846,0.02561438193734855,2.765426333740711,0.9161045531197302,2372
scene-0638_CAM_FRONT_bb0f2154_aac566f9,scene-0638,aac566f9f38d43ac9f612b9f39cf8df3,2444,1,27.3665,30.824981820425155,23.96372352845728,0.11900582164525986,0.0,0.13277847043566027,0.2517842920809201,0.14199698421248574,0.2863185382613862,0.18489123056124016,0.1458276853842963,0.13617700635561547,3.5283413983656904,0.8428805237315876,2444,0.31616833277152917,0.2874820527587489,0.25334465137599893,4.428104589164784,0.16448445171849427,2444,0.07856820764725382,0.020697071871843966,0.020723674252297153,3.5032434660339207,0.8895253682487725,2444
scene-0638_CAM_FRONT_6918d5fa_457185e7,scene-0638,457185e7311943ec97c79aea2a45df79,2367,1,27.3665,31.16047763631675,24.104119289832674,0.12983091175556183,0.0,0.12693688685780735,0.2567677986133696,0.13534536030708355,0.29274491474411635,0.1583774777913289,0.13730615468866883,0.12882026874730146,2.9199285074457424,0.8719898605830165,2367,0.30271436712093563,0.2926753335598319,0.25712799401229036,4.187299646171873,0.17405999155048585,2367,0.06323820543219008,0.01917234361309098,0.019147464787004242,2.5924836769120514,0.9269117025771019,2367
scene-0638_CAM_FRONT_171a761e_784b1e9d,scene-0638,784b1e9d618e4016af0a4037e84893c5,2527,1,27.3665,28.04756974937683,22.478060083752148,0.024582350626587868,0.0,0.19677991154265495,0.22136226216924326,0.2174760587894935,0.24777537051119913,0.22222714036505972,0.212693520764187,0.19286704515764308,3.755866232679712,0.7352592006331619,2527,0.2503347122124649,0.24261925562953832,0.21734387615889217,3.9438922631563487,0.5512465373961218,2527,0.058891081058201095,0.029605560533255783,0.02972487882099939,3.377450366049613,0.9548872180451128,2527
scene-0770_CAM_FRONT_4cecbedd_9935b3e1,scene-0770,9935b3e1d5404e338da4cde9f18bed45,2301,1,27.3665,22.149679265366867,18.119217351016793,-0.21149662137031555,0.0,0.41234653050447845,0.2008499091341629,0.5103577306811367,0.22244128078323966,0.4822322208475301,0.4835034312361249,0.3944064736790778,4.9659086751773245,0.027813993915688832,2301,0.20117004440455982,0.2009688024082989,0.1831285664143263,1.899605791096981,0.7700999565406345,2301,0.06798332543061078,0.041247383648333205,0.0417043786416984,1.6477190067667784,0.9695784441547154,2301
scene-0770_CAM_FRONT_367b4ca6_2fa2a2c2,scene-0770,2fa2a2c26d174462a4847284e6b4dbd6,2274,1,27.3665,21.4573694404099,18.593081435326912,-0.2432514876127243,0.0,0.38653009195768195,0.14327860434495765,0.47186468768988266,0.154051280582294,0.44781951810709364,0.44998824755043554,0.37155545097332277,4.422382467527626,0.10026385224274406,2274,0.14566316818887434,0.13689852600596425,0.12844248030293726,1.424948621447603,0.8702726473175022,2274,0.07016556321566425,0.04014889875190614,0.04076184740596689,1.6551394891090967,0.9683377308707124,2274
scene-0770_CAM_FRONT_297c5290_5881d820,scene-0770,5881d820bfe849b58f6aca39a1c8fa21,2296,1,27.3665,21.85485128228313,18.731602158004023,-0.22489671409130096,0.0,0.3791075851708614,0.15421087107956044,0.4609802070938325,0.16673689190780405,0.4402025609171159,0.4374634542940594,0.36288006209001167,4.471389792690465,0.05749128919860627,2296,0.15387257440571528,0.14820597245021505,0.13820069969242077,1.4813288970193348,0.8449477351916377,2296,0.06702478863025492,0.04090655622548545,0.041015427252290015,1.5479103212230374,0.9769163763066202,2296
scene-0770_CAM_FRONT_bda037b6_e0286a70,scene-0770,e0286a70489f45a5b3469ee1b71b7667,2350,1,27.3665,22.678567518844662,18.428381530459255,-0.18789932131767273,0.0,0.39542768693320074,0.207528365615528,0.48501917842147013,0.23063262399687723,0.45807344551988816,0.4614671253179631,0.37944081151443787,4.819260593376677,0.029787234042553193,2350,0.20904170925985208,0.21116109992478305,0.1915794856210371,1.9966478491105815,0.7553191489361702,2350,0.06467801094737333,0.03853875341639655,0.0387011313801604,1.6087909785276102,0.9787234042553191,2350
scene-0770_CAM_FRONT_b380e87c_3e2d8c16,scene-0770,3e2d8c16ddbf41adb0c6c2fbe6d870b7,2308,1,27.3665,21.991912678038467,18.50516425950398,-0.2186448574066162,0.0,0.3912697953459663,0.17262493793935008,0.4788574484522592,0.18842029012218808,0.4582965371207894,0.45122363327802006,0.37287436055200074,4.751244267703392,0.029896013864818025,2308,0.17505423112185747,0.16680873843096447,0.15428618880572764,1.9524958212068388,0.811525129982669,2308,0.0693098733160254,0.04070964709405481,0.041059126681483926,1.9388549457277462,0.9735701906412478,2308
scene-0770_CAM_FRONT_4db81eb6_b687f913,scene-0770,b687f913edb34294ba1c34f5f35d52d0,2326,1,27.3665,22.125290346548375,18.184234030658914,-0.21259832382202148,0.0,0.40876468102849906,0.19616635720647801,0.50495753375477,0.21672930018634706,0.46738599456467034,0.4753213681816609,0.38887584058180136,4.746619878175447,0.0941530524505589,2326,0.18943237491112222,0.19276902875728524,0.1762775167597801,1.8368969315967976,0.794926913155632,2326,0.07523385702258721,0.043163447641278475,0.04354607328614746,1.9636283292368693,0.9643164230438521,2326
scene-0770_CAM_FRONT_3fe58fa3_f8685421,scene-0770,f868542113014aeab862aa47e088b1ec,2255,1,27.3665,21.451835619416705,18.671533178143576,-0.2435094192624092,0.0,0.38231956357662433,0.13881014431421512,0.4656803883697418,0.14890595296843,0.44744218102062633,0.4467199037272224,0.36929885857855105,4.511794586082424,0.03325942350332594,2255,0.13874936274825894,0.13406483119117943,0.12580837403398926,1.3152234344429576,0.9232815964523282,2255,0.05883915203607911,0.03655771454356308,0.03672607479868928,1.3498379497222175,0.9791574279379157,2255
scene-0770_CAM_FRONT_86bbdee8_d09375a2,scene-0770,d09375a2666a4648b449797adeaa1a0e,2343,1,27.3665,22.151324655344286,18.555260317405903,-0.21142233908176422,0.0,0.38856631372179606,0.17714397464003184,0.47486478399490006,0.1938029581059053,0.44804267284394916,0.45197918506662943,0.3729275809462913,4.660294165848454,0.040546308151941955,2343,0.1747228236393935,0.17532730115663728,0.1615466629829725,1.6654511353886305,0.8233034571062741,2343,0.06551074263709192,0.0402203183154065,0.04060420405561871,1.6379815594317542,0.971830985915493,2343
scene-0771_CAM_FRONT_5a3a15f4_e3ca1a55,scene-0771,e3ca1a55038c406fab27d3b533831636,2259,1,27.3665,22.031668385390912,18.9180158338905,-0.2168387472629547,0.0,0.369204950872251,0.15236620360929676,0.44658405195826845,0.16458663418192554,0.4187448668864051,0.4213213906162649,0.3515869956856479,4.113998798203283,0.1239486498450642,2259,0.14806199345907534,0.14443059710477735,0.134907218208985,1.4011632465765924,0.8911022576361222,2259,0.06431963789682653,0.036715157755097524,0.03701199125733856,1.5368439292560219,0.9725542275343072,2259
scene-0771_CAM_FRONT_f10350b3_f9adbe43,scene-0771,f9adbe439b014c2b9ef874e837e933a5,2280,1,27.3665,22.426778100672603,19.22705644331873,-0.19906394183635712,0.0,0.3530011608238972,0.1539372189875401,0.42333279567136595,0.16641765559833033,0.3987067943860564,0.4013859738200689,0.33746172729765667,3.9596076780889287,0.16885964912280702,2280,0.15154727925297712,0.14851227865735234,0.1384674341145995,1.4889381434295614,0.8570175438596491,2280,0.0656135481705203,0.037944895165980375,0.038520396386827915,1.6147488601289681,0.9697368421052631,2280
scene-0771_CAM_FRONT_f283d4f9_00dcc650,scene-0771,00dcc65076f64cbea2f576be968b7000,2382,1,27.3665,23.613290905523463,19.143317193184057,-0.14750991016626358,0.0,0.3573659545511578,0.20985604438489425,0.42955892773608695,0.23350047785505712,0.39693580161995135,0.4006881811744869,0.33696367376614056,4.124448425074438,0.15952980688497062,2382,0.20782635334852995,0.20867429043221736,0.18952412947267372,2.0065851878837346,0.7426532325776658,2382,0.07120024364192427,0.04172101804012596,0.042226902836715596,1.9291560533540748,0.9559193954659949,2382
scene-0771_CAM_FRONT_8b830239_299d190b,scene-0771,299d190b94bf4dedb365f58f97c53c70,2307,1,27.3665,22.988484724979283,18.833742323696534,-0.17432621121406555,0.0,0.37366957208678375,0.1993433608727182,0.45305694055119283,0.22060100058049903,0.4190102443588437,0.42940981829602676,0.3572616446034522,4.194484300833374,0.17208495882097963,2307,0.19371918990951884,0.20077855437761613,0.18297014173194404,1.8260884193407712,0.7967056783701777,2307,0.0668213875903959,0.03675806285409872,0.03664918487468638,1.73638563214469,0.9709579540528825,2307
scene-0771_CAM_FRONT_812bd271_7a827286,scene-0771,7a8272865e4b4337a4b10a283f2fb0d9,2343,1,27.3665,22.506327230484658,18.857889354761593,-0.19552315771579742,0.0,0.3723882778952987,0.1768651201795013,0.45119633937665427,0.19347010723667446,0.41744409635064833,0.42834464341163697,0.356516181724825,4.273967920994574,0.14553990610328638,2343,0.16887199460916658,0.17470035461515976,0.1610130977248685,1.6097165900153168,0.8365343576611183,2343,0.06642607208190834,0.03835676217402861,0.03886288141942695,1.7341115264720572,0.9684165599658557,2343
scene-0771_CAM_FRONT_c4cf31f3_17986d8a,scene-0771,17986d8a99ba40e9a1f2f3bb02dd7bb1,2269,1,27.3665,22.35455428048616,18.74777442672807,-0.20228956639766693,0.0,0.37824458950756945,0.17595502310990296,0.45971993139540346,0.19238442770124342,0.429805241824854,0.43600263429639785,0.36186330509259323,4.27743784202563,0.10577346848832085,2269,0.17097007551256294,0.17306899984421956,0.15962339133791703,1.6084049120502655,0.8294402820625827,2269,0.06545425560197271,0.03795765966324625,0.038498035311096857,1.6009840803885245,0.9726751873071838,2269
scene-0771_CAM_FRONT_897c1f9d_e019f3b9,scene-0771,e019f3b906734b6db807756748a4da2d,2343,1,27.3665,22.905770832545524,18.72978143855804,-0.17793075740337372,0.0,0.3792047903070639,0.20127403290369017,0.4611222287763588,0.22295985714977906,0.42609062769177775,0.4358747636167522,0.3617742548567975,4.358350396113557,0.12889457959880496,2343,0.19596569163349234,0.20183005033099613,0.18384543704092815,1.8610716483986514,0.7874519846350833,2343,0.06897103470782844,0.03973950807204973,0.04016614305861155,1.8341266095623368,0.9645753307725139,2343
scene-0771_CAM_FRONT_7af51b78_a6047e96,scene-0771,a6047e9654754d7792de78ed5dca4d9c,2326,1,27.3665,22.778171527422316,18.7990779166313,-0.1835169494152069,0.0,0.3755118159923807,0.1919948665771738,0.4557362930970785,0.2116642969637761,0.4228985562994963,0.4277542320537787,0.3561027140860813,4.276484271011308,0.13198624247635427,2326,0.186947999733409,0.18866503581773947,0.17283085875614046,1.7709354799702306,0.8099742046431643,2326,0.06904814331963205,0.039268573149331944,0.03979662391644612,1.7446751481834806,0.9647463456577816,2326
scene-0775_CAM_FRONT_e836d062_f3730479,scene-0775,f3730479b67b4a3db407852deafe0c0e,2294,1,27.3665,22.902323904492,19.2273870808261,-0.17808125168085098,0.0,0.35298396450133573,0.17490271282048475,0.4233083197919476,0.19113032926510387,0.39203193473741815,0.4013839496220819,0.3374602797750743,3.8900416079736786,0.1839581517000872,2294,0.1681775392368284,0.17278238462358064,0.15947402115384524,1.5794031404708178,0.8478639930252834,2294,0.06466819000554436,0.03639742305438453,0.03655404434729559,1.6579001660493788,0.969485614646905,2294
scene-0775_CAM_FRONT_2dd792df_fb64e7f0,scene-0775,fb64e7f0e4ba4957a1aea9dcc7b259ed,2227,1,27.3665,20.27389523813221,14.590238863597614,-0.29998552799224854,0.0,0.6289669035031649,0.3289813755109168,0.8756718279834972,0.38955197565100974,0.8698026555974714,0.8613711693864053,0.6216147531643239,8.241583531344496,0.000898069151324652,2227,0.39068853888949223,0.3800899142078672,0.32216338787608567,4.2418415533991976,0.06511001347103727,2227,0.0520877662151745,0.024548868833133845,0.024641300447527215,2.978551140357647,0.9762011674898967,2227
scene-0775_CAM_FRONT_5448c4ae_779b8b1c,scene-0775,779b8b1cd062477ca1c5d172bd505642,2123,1,27.3665,20.69838842168361,17.37435154641331,-0.27926379442214966,0.0,0.45432456795307496,0.1750607735309253,0.5751091444704552,0.19131861505107528,0.5851249830442405,0.5658374850456331,0.4487041890508823,5.775108300798282,0.0018841262364578427,2123,0.20103071746403414,0.18466638208684993,0.1694612008450047,2.6650882612082705,0.7776731040979745,2123,0.05800758266991318,0.030992342701238313,0.031374033839101534,2.2218572890531556,0.9759773904851625,2123
scene-0775_CAM_FRONT_afac9d74_5dd5ed25,scene-0775,5dd5ed25020f44bc8d6a2afe6eecadca,2312,1,27.3665,21.39060284666098,18.84635871435589,-0.2463679313659668,0.0,0.372999914055979,0.1266319826900122,0.4520842150348139,0.13499924154404708,0.42384006750449305,0.43061963540528936,0.3581076611965386,4.285419875818608,0.17171280276816608,2312,0.13193172102786174,0.11931258830427087,0.11318218908232391,1.4164782309297819,0.9225778546712803,2312,0.0722243565137386,0.042902978415482365,0.04348986376391095,1.7933093187578166,0.9641003460207612,2312
scene-0775_CAM_FRONT_2f2b214c_22b802fa,scene-0775,22b802fab63c46aa90ae3dc5e4161f83,2233,1,27.3665,21.25310664520691,17.892821840998902,-0.2528165578842163,0.0,0.4249200196881753,0.1721034618039594,0.5294680874368003,0.1878007188619284,0.48342327190326695,0.5026377254568627,0.4072220474238988,4.714764773662865,0.1303179579041648,2233,0.17199950358398275,0.16716362439298132,0.15493990341153951,2.1864315254717015,0.8526645768025078,2233,0.07234645904524026,0.03944282247053995,0.03974046412640675,2.4592079828867517,0.8629646215853113,2233
scene-0775_CAM_FRONT_68417c96_b94bc826,scene-0775,b94bc82614c8420ba3443f3532c26819,2214,1,27.3665,20.985386910618324,19.1603419874026,-0.2654933035373688,0.0,0.3564770162249591,0.09098371268759031,0.4282887026751778,0.09525116641527798,0.4153020106556122,0.41262051928633625,0.3454465037569283,4.067424992439095,0.12691960252935863,2214,0.10790721633975349,0.08741729505931728,0.08500785121344578,1.4813572127836891,0.9543812104787714,2214,0.06398979227068455,0.0326532370829125,0.03300314963479967,1.6957061505449174,0.9706413730803974,2214
scene-0775_CAM_FRONT_36a0632f_798e338f,scene-0775,798e338f792149f1b9fb2edebcc1018d,2227,1,27.3665,21.475007613633434,18.929056333980864,-0.24242981523275375,0.0,0.3686215239506354,0.1261917087178821,0.4457403220292864,0.13449964090825572,0.40945370453352903,0.4189402844801887,0.3499103144736453,3.866527296120887,0.1643466546924113,2227,0.1319829511405161,0.11653342028962106,0.11096774087019323,1.3614777085553684,0.9384822631342613,2227,0.07226177503972772,0.0394946642904856,0.04010310378817028,1.8002507150119387,0.9591378536147284,2227
scene-0775_CAM_FRONT_46502e12_a7207fb3,scene-0775,a7207fb3da0049dc89c7566828da461b,2230,1,27.3665,21.619220262803562,19.395362802273894,-0.2357368916273117,0.0,0.34428563095150366,0.10854873932419196,0.4109815979720459,0.11465923495223018,0.3854673981015943,0.3849323031555657,0.32565125934240324,3.680701522238602,0.1905829596412556,2230,0.11548767433911428,0.09920143031657727,0.09519102698041493,1.2078609008630319,0.9556053811659193,2230,0.06940922743223499,0.04176767024676652,0.04212316715037334,1.586788012502359,0.9654708520179373,2230
scene-0777_CAM_FRONT_bb100390_cbbfb7a9,scene-0777,cbbfb7a9e034467cba128f38c9b29d91,2173,1,27.3665,23.57260197415106,19.02760529300733,-0.14923453330993652,0.0,0.3634288027657613,0.21419426945582476,0.438252453663059,0.23886330471727946,0.41298813200899237,0.4198347161716601,0.35054046777629466,3.9102779610720764,0.12287160607455132,2173,0.2201112107282895,0.22422305126278524,0.20230639891184965,2.0730985579292254,0.6907501150483203,2173,0.05782136963488492,0.031473392513009554,0.031974972420472536,1.647874536637726,0.9618039576622182,2173
scene-0777_CAM_FRONT_9917500e_8df3eafa,scene-0777,8df3eafa961346aeb1b8c9c7038ec9fd,2304,1,27.3665,23.389911357679214,19.372571196657276,-0.1570148468017578,0.0,0.34546142784813627,0.18844658104637846,0.4126416014783867,0.20737258468380948,0.38276564512407957,0.3880882524380016,0.32792744026509135,3.8118582756454273,0.19921875,2304,0.18466971233945928,0.18650013107875973,0.17100790696878332,1.777700791249028,0.80859375,2304,0.0690617311720398,0.042041952548476626,0.0426216335098456,1.7477919587677904,0.9639756944444444,2304
scene-0777_CAM_FRONT_e2f8a076_f5941906,scene-0777,f5941906271441d39084d69253c728a4,2286,1,27.3665,24.253550498103227,19.48043398686913,-0.1207566186785698,0.0,0.3399090610848088,0.219152442406239,0.40481983196300986,0.24502105622756853,0.38044852080957337,0.3828177502605217,0.32412326544498415,3.7336039543576507,0.20253718285214348,2286,0.22466660220632828,0.22552171946054714,0.20336664676641436,2.1301695278687394,0.6482939632545932,2286,0.07095575419358702,0.04134917160189388,0.041895758803388805,1.7287499739305703,0.9650043744531933,2286
scene-0777_CAM_FRONT_6386a730_feeca927,scene-0777,feeca927e64541709fbad93ad6bbe4c5,2283,1,27.3665,23.002418950126664,19.106197392404926,-0.17372025549411774,0.0,0.35930688440788794,0.1855866289137702,0.4323362958072807,0.20392448992862167,0.40671154247262087,0.4097852216656606,0.34343736772762146,4.025014764165565,0.17433201927288655,2283,0.1850493958538495,0.18496959050118625,0.16971711223350372,1.8030901683681155,0.8055190538764783,2283,0.06977696821738974,0.04118032933775549,0.04172359106364931,1.723333803286498,0.9684625492772667,2283
scene-0777_CAM_FRONT_1af66f4f_33c25b7a,scene-0777,33c25b7a89f24dcca35cfb2170a5c978,2290,1,27.3665,22.47164582487393,19.02573499696913,-0.1970653086900711,0.0,0.36352710141841316,0.16646179272834205,0.43839383889030215,0.18111840769640408,0.4130690227374487,0.4105992676275145,0.34401462363070756,4.0597489217679295,0.17423580786026202,2290,0.16581982978804585,0.1584817516617137,0.14711030954882798,1.61762363728882,0.8209606986899564,2290,0.0739350403428703,0.04477219112747578,0.045491091693277474,1.7563946889985078,0.9655021834061135,2290
scene-0777_CAM_FRONT_6e0c8ae1_355b7c5e,scene-0777,355b7c5e33994845be452e321cbdca28,2274,1,27.3665,22.308603907331786,19.117374509000875,-0.20434720814228058,0.0,0.35872205591810946,0.15437484777582888,0.4314988696337594,0.16692822525542983,0.398543274665281,0.40364411922620214,0.3390717964435318,3.8291693698912104,0.1789797713280563,2274,0.15043862516389211,0.1442216097298865,0.134724588301251,1.4264567628599125,0.8597185576077396,2274,0.07088360599723345,0.04425987124111504,0.04472222468443965,1.6903880952018444,0.9648197009674582,2274
scene-0777_CAM_FRONT_3bb8d513_7582c626,scene-0777,7582c6262f8942a096089de0fa9df50a,2309,1,27.3665,23.006184507146447,18.572498800336184,-0.17355656623840332,0.0,0.3876377101874784,0.21408114394907507,0.4734958550383448,0.2387231656049431,0.4367032473038984,0.4408669055814642,0.36524495021281655,4.3012527271696985,0.1498484192291035,2309,0.20971041908574492,0.2112929998373313,0.19168838397441323,1.9636759322489312,0.6834127327847553,2309,0.07538126054635834,0.045813515330473654,0.0463113135390707,1.8742147883910871,0.9627544391511477,2309
scene-0777_CAM_FRONT_326eab70_a8070769,scene-0777,a807076928254574b66ed3b9f5893526,2353,1,27.3665,23.30225606021375,18.741945359136302,-0.16076945513486862,0.0,0.37855555836367394,0.21778610322880532,0.46017392941866664,0.24332109680676206,0.4249666171475715,0.42814964259849486,0.3563796501627632,4.249601161059654,0.17977050573735656,2353,0.2156625279557848,0.21605278951027268,0.1957077978397006,2.0236745665648974,0.6587335316617084,2353,0.07768482798957801,0.04526512358697555,0.04580319262448773,1.9893318468806163,0.9570760730981726,2353
scene-0778_CAM_FRONT_485c78db_c69a8d12,scene-0778,c69a8d12362d408eba32a41821cecc30,2358,1,27.3665,23.766249418475596,18.77514248846101,-0.14105315506458282,0.0,0.3767858507507782,0.23573269568619537,0.45759213368522444,0.2658359015428011,0.421334292157795,0.4258336512684656,0.3547566609540198,4.281103815560497,0.18914334181509754,2358,0.23544969463402682,0.2382554650869534,0.21373070012089745,2.242080139332071,0.5500424088210347,2358,0.07694172509851849,0.04590401537644041,0.04675036832008139,1.9626018587196008,0.9609838846480068,2358
scene-0778_CAM_FRONT_7ff89b70_a95743c4,scene-0778,a95743c4001c4482bc251003c0fb20d0,2360,1,27.3665,22.39074250225942,18.968684527488676,-0.20067204535007477,0.0,0.36653020098254974,0.16585815563247497,0.4427199714530301,0.18040565595424574,0.39527427615557675,0.42691160929141586,0.3555123949334651,4.249893119593709,0.058898305084745764,2360,0.14514908407345445,0.16747155891797258,0.15484034958339032,1.4352323182272153,0.9834745762711864,2360,0.050899133848978186,0.029437416314048122,0.029233427950379753,1.3658514236758106,0.9877118644067797,2360
scene-0778_CAM_FRONT_603c9225_d763ff87,scene-0778,d763ff87e53e4b4f967ee4dc4193dda9,3639,1,27.3665,17.630664237767892,12.704842483838073,-0.43967996537685394,0.0,0.7673364189087795,0.32765645353192596,1.1540211958403366,0.3877121467815121,1.1110540372162594,1.1548543542535827,0.7677231362385999,7.7996651435563065,0.020335256938719428,3639,0.3754937548970801,0.38917104170417327,0.3289945753128265,2.8264698185472588,0.01236603462489695,3639,0.03686813586351194,0.019758484474114164,0.019659145468460704,1.5980123955791614,0.9664743061280572,3639
scene-0778_CAM_FRONT_263b9818_c0ffb6f6,scene-0778,c0ffb6f6b7e841f3bad545afdaf298b8,3573,1,27.3665,16.37397251480998,6.789366460370015,-0.5136266052722931,0.0,1.3939620052258983,0.8803353999536052,3.0307884630679585,1.4117084576868772,3.0014331875270384,3.04583654586822,1.397688338984418,16.65280902995993,0.0,3573,1.394373284612539,1.42071205311092,0.8840617337121248,7.740164475204736,0.0033585222502099076,3573,0.02738441900262114,0.014633534325476502,0.014620271531075035,0.7095050064531214,0.96837391547719,3573
scene-0778_CAM_FRONT_ab5438b9_2d128c56,scene-0778,2d128c564cf14c05a442b91c1391cee6,3617,1,27.3665,16.382218077065076,6.304226984486726,-0.5131231546401978,0.0,1.4680992793079957,0.9549761246677979,3.3409763111865667,1.5986085395367273,3.310066974081066,3.3489114704463443,1.4699255771071695,24.366903331121428,0.0,3617,1.5801054974568178,1.6033587088850147,0.9568024224669713,11.635444872073364,0.000552944429084877,3617,0.021228342025643335,0.009673461413928448,0.00966660089176008,0.66550863280157,0.9740116118330108,3617
scene-0778_CAM_FRONT_475eb52d_5a326a1f,scene-0778,5a326a1f9112431585c441cf3d8901b7,2698,1,27.3665,16.449904864877393,9.448968596955602,-0.5089999437332153,0.0,1.0634140452679448,0.5544141015347295,1.8962420309892143,0.7409206831502697,1.9003297305169797,1.897246341850009,1.0637607482084108,19.909586399341602,0.0,2698,0.7433900858848167,0.741524370801772,0.5547608044751954,7.84156443026109,0.00037064492216456633,2698,0.04563314331313068,0.04667179032086766,0.04606569561729401,0.749855610646061,0.9981467753891772,2698
scene-0778_CAM_FRONT_ad6cb169_09b1788f,scene-0778,09b1788faf2542dca523b81169706074,2442,1,27.3665,26.163998305069825,20.92918240446898,-0.044935282319784164,0.0,0.2681751652744584,0.22323988295467423,0.30757616189328396,0.25012042035063264,0.30335343202015946,0.30578702943105995,0.26680594667547874,3.8234708857049537,0.14946764946764945,2442,0.2461912022327074,0.24840990352498182,0.22187066435569458,3.170448053004505,0.5204750204750205,2442,0.03317152258074429,0.029744388123049924,0.029610242201713266,1.3727338770180166,0.9987714987714987,2442
scene-0778_CAM_FRONT_de508cce_a9e3df9e,scene-0778,a9e3df9ee5ba4792af4826c217f5ff6b,2555,1,27.3665,35.917551406048595,26.07978847776036,0.27190643548965454,0.0,0.048159011127506535,0.3200654466171611,0.049337498397921786,0.37721789563889385,0.05899269668015653,0.05376343597695108,0.05262529497606261,1.4144979880762818,0.9925636007827788,2555,0.3710129849732918,0.37731876020746863,0.3201386818514105,5.144073487373739,0.055968688845401175,2555,0.03237560840021016,0.02184581795978774,0.02174528465037584,1.4755835466572185,0.9898238747553816,2555
scene-0780_CAM_FRONT_79496091_618d34a8,scene-0780,618d34a8ce0a4f898952fce1d0ea8fbb,1804,1,27.3665,23.597000406701213,17.558478740180508,-0.14820003509521484,0.0,0.4437826852917235,0.29558265019650865,0.5585917439063208,0.3439091595504946,0.5502346791769093,0.5533375387994752,0.4410649144671608,4.946182021431491,0.007206208425720621,1804,0.3405654651105352,0.34064777893995213,0.2931529140564537,3.375919135539614,0.06873614190687362,1804,0.04253334922430885,0.022306916667970824,0.022387618810010168,2.1202005766527576,0.9828159645232816,1804
scene-0780_CAM_FRONT_a0eba88a_f5a7a188,scene-0780,f5a7a188ac7a4ebc8f489e2af867db98,1887,1,27.3665,22.33262982325556,16.182414823446205,-0.2032708078622818,0.0,0.5253944897119087,0.3221236818496269,0.6911258485568863,0.380055453213231,0.6857230383873055,0.6881727114186854,0.5239412463014712,5.968173157909908,0.005299417064122946,1887,0.3792329769879652,0.3784032298531224,0.32101108313508075,3.6107016612879974,0.04239533651298357,1887,0.04298400084856578,0.023166935083481582,0.023103060145789334,2.0889883617236746,0.985691573926868,1887
scene-0780_CAM_FRONT_5850f2dd_021dac45,scene-0780,021dac450e464cc8bdc4f2f0baf2235b,1898,1,27.3665,21.708235969572144,15.342475019685832,-0.2316279113292694,0.0,0.5786945105355121,0.3470665992062427,0.783708297708565,0.41491095417906454,0.7669334160080417,0.7785626054355425,0.5760250864502232,6.48150323210486,0.003161222339304531,1898,0.4066654612594301,0.4123518873216572,0.3452754879652681,3.6001503527914367,0.02054794520547945,1898,0.0401985963194587,0.023486665765923596,0.023505373815509656,1.7996018903656201,0.9831401475237092,1898
scene-0780_CAM_FRONT_81884f7b_7f6f982e,scene-0780,7f6f982ee5894e2d87c654abb159b117,1892,1,27.3665,22.640466075316056,15.878073139494754,-0.1895807981491089,0.0,0.544380528003654,0.3547997298545451,0.7235403666159714,0.42589506147321377,0.7008868896948774,0.7184653807974862,0.5417164039222017,6.077956689999223,0.0036997885835095136,1892,0.41160144318746555,0.4232287914254162,0.35300680361728476,3.8190895834543173,0.019027484143763214,1892,0.036168089071956726,0.02044756955243574,0.020293061759119158,2.1610793044670276,0.9830866807610994,1892
scene-0780_CAM_FRONT_4c8b6c42_90493070,scene-0780,90493070491d4adeb6098ced8980d14b,1991,1,27.3665,22.37046021973089,15.871729453320123,-0.201578289270401,0.0,0.5447801327722508,0.3432018435018498,0.7242292391945571,0.40945322219131786,0.706871524066677,0.7195839896786193,0.5424058995437604,6.620408783586408,0.0030135610246107484,1991,0.4001841761014828,0.40690824133281916,0.3416793110945697,4.010233083435968,0.04218985434455048,1991,0.04808517867351088,0.027814365750481174,0.02783419010696342,2.254776427934874,0.9814163736815671,1991
scene-0780_CAM_FRONT_dcc9ee69_e5395428,scene-0780,e5395428189c42cf9bdad9aac0325a88,1948,1,27.3665,22.39873580074829,15.741410063648777,-0.20031511783599854,0.0,0.5530248139310503,0.35270969609505176,0.7385037229413605,0.4229180048154073,0.7184826034974751,0.7324552938644754,0.5504945024714896,6.7138067432488455,0.002566735112936345,1948,0.4131809851368098,0.419731637953631,0.3506309796281575,4.438535128657649,0.017967145790554414,1948,0.0440424186341463,0.025062484864261814,0.025291506359205518,3.1625576033505376,0.9779260780287474,1948
scene-0780_CAM_FRONT_32608dba_284234f5,scene-0780,284234f5451d495fa01bd24bd04993dc,1906,1,27.3665,21.81088941299056,16.207075699652655,-0.2269102782011032,0.0,0.5238717191728521,0.2969614409717489,0.6885526116587775,0.3457634071184108,0.670591162491321,0.6828756671292178,0.5208011843408085,5.929839377618649,0.005771248688352571,1906,0.33725339869285176,0.3428450800841665,0.29481616547717493,3.2119788244243,0.10073452256033578,1906,0.047580411332145876,0.027845549681868004,0.027737536749707026,1.8604142179609462,0.9805876180482687,1906
scene-0780_CAM_FRONT_59c6164e_9c701c34,scene-0780,9c701c349ab54e219095571ba091c19c,1942,1,27.3665,21.705107839976215,16.232680741470944,-0.2317720204591751,0.0,0.522293097756124,0.2905210772969493,0.6858891292110849,0.33712405151445,0.6663919440520761,0.6795388923217571,0.519194428463226,6.0967595959776775,0.003089598352214212,1942,0.3279024014439329,0.33371624504680436,0.28806644166940343,3.475234997287042,0.11277033985581875,1942,0.04525592615208671,0.02631678683029196,0.026332681022001925,2.421436979299652,0.9799176107106076,1942
scene-0781_CAM_FRONT_87c3788d_d410a7a5,scene-0781,d410a7a54e514dc189c2bd9fe2074a69,1918,1,27.3665,22.36816441811426,15.829919084973136,-0.20168092101812363,0.0,0.547417875256742,0.3457369542386184,0.7287833155115866,0.41303087514500847,0.7224504233426645,0.7250381038373883,0.5455848561816218,6.539753699786406,0.0026068821689259644,1918,0.41316562429700054,0.41060644713198036,0.34433569512034734,4.028713936602549,0.022419186652763295,1918,0.04536715577392243,0.023500097546092037,0.023434511896390897,2.2332724979592053,0.9796663190823774,1918
scene-0781_CAM_FRONT_2a73d806_a30ed498,scene-0781,a30ed498cb5a4dbb8cc731c73d3536dd,1914,1,27.3665,21.960252311380152,16.25913408055674,-0.2200855314731598,0.0,0.5206647895144618,0.3005792580413025,0.6831462158077561,0.35064095065437795,0.6683509827094073,0.6774681304126837,0.5183017362042464,6.046132620770409,0.0020898641588296763,1914,0.3454333442676129,0.3483090226017759,0.298851230466316,3.5786595789240367,0.06426332288401254,1914,0.04404948626081182,0.02418258887816438,0.024275584034693654,2.452256215420548,0.9785788923719958,1914
scene-0781_CAM_FRONT_102fadd4_8e5cf223,scene-0781,8e5cf22369314278a08862383f647c40,1937,1,27.3665,21.442963609178197,15.75203347308678,-0.24392308294773102,0.0,0.5523501712976691,0.30842708834993804,0.7373312497562412,0.361282252593907,0.7316036693436178,0.7311426430381628,0.5490125304425637,6.633097674793044,0.004646360351058337,1937,0.361965993208075,0.3576923993790927,0.3058425169414998,3.487427405514075,0.06298399586990192,1937,0.05092777029590419,0.025469228250291832,0.025596144596252035,1.7369308396947158,0.9829633453794527,1937
scene-0781_CAM_FRONT_eb60a132_da7af66a,scene-0781,da7af66ac2e247e0912c555e507a96a1,1933,1,27.3665,21.173243205099002,15.179887276016416,-0.2565813660621643,0.0,0.5893482915202028,0.33276692545803854,0.8028131238654137,0.39482216304411155,0.7993577207319548,0.7993551384979871,0.5879615197897996,7.2698792506808605,0.0046559751681324365,1933,0.3995196005767732,0.3932237714088625,0.3317546897638213,4.060831313168564,0.028453181583031558,1933,0.04670911616434986,0.01932357220575869,0.019346573040938342,2.4375202352157874,0.9787894464562855,1933
scene-0781_CAM_FRONT_1d6c7fdb_146a1aef,scene-0781,146a1aefbfdd4b83828c1a1ba64a1470,1895,1,27.3665,21.428172466092633,14.91243051501021,-0.24461311101913452,0.0,0.6071245097377118,0.3625113987185773,0.8351468576805143,0.43693360009449567,0.8213776573830069,0.8314659279639722,0.6056000524138436,7.273368702023837,0.005277044854881266,1895,0.43411945735639984,0.4351949929865254,0.3615766702676315,4.202088611622037,0.014775725593667546,1895,0.04664850463716445,0.02100705811965598,0.02092874359912389,2.4304604032132424,0.9783641160949869,1895
scene-0781_CAM_FRONT_5cba7499_fa4fd842,scene-0781,fa4fd842a896479fa0f126d0e06c78bd,1872,1,27.3665,20.973944343176864,14.638955901960776,-0.266038715839386,0.0,0.6256334498199192,0.35959473398053365,0.8694297724016278,0.4327486525434212,0.8566417144846215,0.8664387233437851,0.6242131147918328,7.546891803310145,0.005341880341880342,1872,0.4299420744930295,0.430943756439609,0.3585495683277422,4.130603153455099,0.01655982905982906,1872,0.04334133360155777,0.019484642806392276,0.019510145436536064,2.3131292252678852,0.9797008547008547,1872
scene-0781_CAM_FRONT_9dad24d2_4df2af10,scene-0781,4df2af10c79949eba536dbbaaa631b33,1918,1,27.3665,21.025825017387522,14.835934242214485,-0.2635681927204132,0.0,0.6122674103325387,0.3486992176121255,0.8446091464958623,0.41722285055431074,0.827768130271999,0.8393115508490518,0.6099032347251254,7.3551694675989765,0.005213764337851929,1918,0.41263742923313323,0.4147030722747924,0.3471496627618581,4.009018790738464,0.02346193952033368,1918,0.04662018571133894,0.021103683199413636,0.02114133619919578,2.3305770974922733,0.9754953076120959,1918
scene-0781_CAM_FRONT_1f7c7394_d6fdf61d,scene-0781,d6fdf61dee47483393b8168a82f2e7d4,1685,1,27.3665,21.4842850509491,15.578374280301047,-0.24199789762496948,0.0,0.5634359492185057,0.3214380515935362,0.7566980679495621,0.37910956973964316,0.7292958383957526,0.7450037484939976,0.5577685642768515,6.199752982363779,0.004747774480712166,1685,0.3640870814835213,0.37146805843251524,0.3162597657868378,3.3837886031973468,0.042729970326409496,1685,0.0413143061120611,0.022729694001060285,0.022631786617712812,2.1010622468620754,0.9816023738872404,1685
scene-0782_CAM_FRONT_9699d6a8_01411f03,scene-0782,01411f0342c645c39ce7ef082d4c27d0,1612,1,27.3665,23.382865178593086,19.01700562667776,-0.15731614083051682,0.0,0.363986025791446,0.2066698849609292,0.43905410437536263,0.22957660304789185,0.41930957459310275,0.4333296217227226,0.360136828758887,3.310893999009721,0.02109181141439206,1612,0.21738339694812944,0.22485281765945775,0.202862265963475,2.0528663627003536,0.7363523573200993,1612,0.039877728056555956,0.02317382826506669,0.023117716796106635,1.6703084316607955,0.9820099255583127,1612
scene-0782_CAM_FRONT_b52f55ca_d2033528,scene-0782,d2033528dce44366925af0c0eefee398,1622,1,27.3665,24.334190896376693,23.593758540209844,-0.11743724346160889,0.0,0.1483374292193531,0.030900185757744225,0.15990421591203585,0.03138255208066831,0.14810493851764608,0.1538478487056767,0.1431023102821588,4.025582938326413,0.9815043156596794,1622,0.046986620881662736,0.03565693126368939,0.035189244550004495,4.0328600985542495,0.9759556103575833,1622,0.041692075834497556,0.020941764936394786,0.02104905396123169,4.077031158397953,0.9741060419235512,1622
scene-0782_CAM_FRONT_962eba65_1f9b04c2,scene-0782,1f9b04c2eca4497288cf23649ac47b8a,1847,1,27.3665,43.03239342479788,36.01950748353481,0.4526335299015045,0.0,0.2747410286000038,0.1778925013015007,0.2402311438458803,0.19469688597126966,0.2654239686050277,0.24802172037532555,0.28504783892725927,5.199852562640429,0.07363291824580401,1847,0.1768516019110789,0.18413349551463865,0.16901127969612295,3.959729806105689,0.8955062263129399,1847,0.05767588943106791,0.029063513654098826,0.02909510140431193,4.081552172059781,0.9821331889550623,1847
scene-0782_CAM_FRONT_46ad54c9_9ab92b1a,scene-0782,9ab92b1a1ca94135a08c81a928a57ffd,2055,1,27.3665,53.71681316876218,57.74931150041132,0.6744064092636108,0.6336858219279066,0.7467917896222902,0.07238538035867892,0.5261155624373968,0.06982764342775627,0.533849633327749,0.5292062132024336,0.753335100799567,7.494208289626531,0.0,2055,0.08546607439607665,0.07593901265837456,0.0789772059021181,3.7035648004797617,0.9824817518248176,2055,0.029587242320489884,0.01594088337113252,0.015989148476286186,3.4689985406617576,0.9849148418491485,2055
scene-0782_CAM_FRONT_a5786651_b8c807aa,scene-0782,b8c807aa77e74ad6ba8cca5c7fa13ae0,2061,1,27.3665,53.923432433359764,63.119972907056,0.678245484828949,0.7889800703399765,0.8357176096706311,0.15747212484168216,0.5664367594026521,0.1456993729581938,0.5731111245060897,0.5665889843520429,0.8360687733871046,7.7213723634143925,0.0,2061,0.16050547417394842,0.14599931967308766,0.15782328855815564,4.350123365313145,0.9199417758369723,2061,0.0466657953809703,0.01796564254859654,0.017996490739088156,3.925351864596481,0.9689471130519165,2061
scene-0782_CAM_FRONT_d953e426_85328ff7,scene-0782,85328ff778d0430793f778b5242885d2,1850,1,27.3665,53.521945866053166,52.75776975666103,0.670772135257721,0.5865168160679383,0.6563914178368782,0.014380717420843236,0.4812801957659556,0.014484617392221288,0.48430275815939644,0.48114690117069203,0.6561344825854466,5.193426212914142,0.0005405405405405405,1850,0.03222177722515861,0.018236351620258294,0.018143972011235632,1.2331962561730896,0.9843243243243244,1850,0.027212438897253218,0.010140250013157662,0.01013888429953258,1.2500078424732293,0.981081081081081,1850
scene-0782_CAM_FRONT_a5e20630_95682f83,scene-0782,95682f8329cf487aa061d968b08f80ea,2105,1,27.3665,49.82096619739922,45.49710863092707,0.5991162657737732,0.04522690070699683,0.5083291397269596,0.0907871260468136,0.39850023828992576,0.09503587582998563,0.3887547462406721,0.39610393595785837,0.5043531752551085,6.050751239040051,0.00047505938242280285,2105,0.13317104264792656,0.1000842130699151,0.09538673421024813,4.357051449895825,0.8859857482185273,2105,0.047939562633892145,0.010848950755791795,0.010850943537766389,4.2280376429262905,0.9695961995249406,2105
scene-0782_CAM_FRONT_e73de93e_a44ce71a,scene-0782,a44ce71a4c634159bda03c7ac841c9ee,2153,1,27.3665,47.18851168883711,39.33786323319958,0.5448308289051056,1.2265799883474901e-05,0.36286785847435876,0.18196297043074683,0.3043216445751489,0.1995697735054378,0.30245459354871546,0.3051749784358319,0.36409523264968224,3.969685257078776,0.021365536460752437,2153,0.2066005042009663,0.19821541178482718,0.18094509568794948,2.481470075836004,0.8114259173246633,2153,0.03871016543952609,0.014401059800962084,0.014505761488526892,1.481775040074414,0.9809568044588945,2153
scene-0783_CAM_FRONT_e8296505_4cba70bd,scene-0783,4cba70bd54be4df7936ae5765a65446c,2237,1,27.3665,36.722017249445514,28.602897419172336,0.29405686259269714,0.0,0.04418838341938569,0.24986847917331145,0.04322629980638215,0.283856551708324,0.07808557815148984,0.052665173832803704,0.05371607756363184,2.230625930838287,0.9298167188198481,2237,0.32565739881381345,0.28778466237926786,0.25292342611102203,3.23765555596047,0.11712114438980778,2237,0.06929165070416819,0.01851728985244267,0.018364845005678365,2.158875078765618,0.9387572641931158,2237
scene-0783_CAM_FRONT_b83a101d_8e4a8d5f,scene-0783,8e4a8d5faf5e42bd85af535c791bf9fa,2187,1,27.3665,33.77496471094379,24.56754711471297,0.21040020138025284,0.0,0.1078932886192705,0.31829348999952334,0.11392887015614184,0.3747796861135029,0.13856603297663142,0.11021490620327543,0.10480956182791479,2.626277839677492,0.8989483310470965,2187,0.3789790882123091,0.3661031418658877,0.3119622647885276,3.8497737408860844,0.16506630086877,2187,0.07813258320727025,0.03241476094653932,0.03295175557814911,2.7777034151202815,0.897119341563786,2187
scene-0783_CAM_FRONT_16c5497d_df9cfdd3,scene-0783,df9cfdd33f954df9be47fcc2969d1791,2159,1,27.3665,38.20110220681745,29.277766869256986,0.3335447311401367,0.0,0.06750878042033559,0.26603595071980113,0.0652804866502269,0.3047819656946029,0.10400801714308089,0.07977420052065332,0.08313620483641992,5.5829266601994965,0.9245020842982863,2159,0.2714338019496503,0.2872185681341474,0.2526240299678699,5.045792282915936,0.30384437239462714,2159,0.056055032640197,0.02812210217904496,0.02824157844595332,5.227812478731996,0.9573876794812413,2159
scene-0783_CAM_FRONT_659e4da2_ead6c3fc,scene-0783,ead6c3fc6ae44333a88aa37c4eb36f28,2441,1,27.3665,36.22557936431675,31.172057741110333,0.2804458439350128,0.0,0.1302024706808229,0.1502433732541899,0.12208233966189175,0.16211703651959208,0.17671068794507244,0.15346591172608143,0.1666048085517997,6.26403235151549,0.7287996722654649,2441,0.12609397387661567,0.12652797957070513,0.11925598578072805,4.405115687439034,0.9786972552232691,2441,0.07350284946676366,0.03884799276192797,0.038750019696018656,5.096005620335403,0.9430561245391234,2441
scene-0783_CAM_FRONT_7e3103f3_29ba6159,scene-0783,29ba615932994396a7ee5b465f9ea5e9,2804,1,27.3665,35.25223864264475,29.673416250302648,0.2532093971967697,0.0,0.08093193160403311,0.17227746559273704,0.07774353417359281,0.18800741867007642,0.1211227089074751,0.10182200290233265,0.10738701529187,4.120773478492097,0.8976462196861626,2804,0.15830076255251682,0.16290244749662847,0.15116026481174172,2.9063141295872463,0.9575606276747504,2804,0.0627844044783636,0.036860838107047204,0.036882120650706285,3.3780249757951246,0.9436519258202568,2804
scene-0783_CAM_FRONT_d0481d9c_b5b0d31c,scene-0783,b5b0d31c411b4d5d9b4f6a19f1ee5056,2386,1,27.3665,33.7459659893329,27.945044059824447,0.20954124629497528,0.0,0.020920231744847584,0.1886210145501277,0.02070292172686894,0.20758320928354612,0.05625187921961226,0.031240612575846476,0.03171719268414963,3.1162101662784223,0.9702430846605197,2386,0.19248454759946843,0.20158907393136888,0.1837984327498332,3.5147953849594953,0.8960603520536463,2386,0.046707347636597916,0.019481912075277656,0.019466413302138164,3.0155032476770476,0.9698239731768651,2386
scene-0783_CAM_FRONT_ffdac092_4a0987ae,scene-0783,4a0987ae93eb4cb7b77e94f8ab034a27,2325,1,27.3665,33.765081113222905,27.03718331363536,0.21010752767324448,0.0,0.012106559283923346,0.22221408695716782,0.012180140310642518,0.24883870932644592,0.03381830744925921,0.016872029226147077,0.01683509278061668,3.2691304607536775,0.9780645161290322,2325,0.24194746745292303,0.24352201254192188,0.2179889828039736,3.8223243688047592,0.5888172043010753,2325,0.03292869384371345,0.016191280376003106,0.016182333809156457,3.332390144121219,0.9772043010752688,2325
scene-0783_CAM_FRONT_19fa5068_37014a00,scene-0783,37014a00aea44407aca48ac717bdfcac,2429,1,27.3665,35.37120647915305,25.60260055875284,0.2565784752368927,0.0,0.06662570698528336,0.32320418222217606,0.06889532323872194,0.3815474095290914,0.06436336070499186,0.06459025546978574,0.06265460380660559,2.468628161638708,0.9892960065870728,2429,0.34326686230139103,0.3656113537202567,0.3116022065527648,4.918951234477536,0.10580485796624126,2429,0.043216871215694334,0.018635020281721433,0.018658749653226447,2.8100848515185537,0.982297241663236,2429
scene-0784_CAM_FRONT_abad69b7_d96c132f,scene-0784,d96c132fcf7147cfa1c2626fc7c9f311,2187,1,27.3665,35.91345244187991,25.41352307873731,0.27179230749607086,0.0,0.07403820061564126,0.3458305081117121,0.07684794096481196,0.4131630758400262,0.06462561123518554,0.06911363367766939,0.06768066282386642,1.4850069175204605,0.9967992684042066,2187,0.37201117074563844,0.395506787789047,0.33325763803762154,4.5031601220582695,0.08321902149062643,2187,0.04079904906971134,0.02073899115828634,0.020708919411981386,1.8666501218009108,0.994055784179241,2187
scene-0784_CAM_FRONT_45dde1b2_942c0bdb,scene-0784,942c0bdb5e1b48628fb9d4bf3435511d,2191,1,27.3665,36.33808459250252,25.91236141136526,0.28354671597480774,0.0,0.054599508221446325,0.33814622419625406,0.05611756356550912,0.40234554526414157,0.055993636930470464,0.05438066126993869,0.05320178492206207,1.7008563801781544,0.9954358740301232,2191,0.3701314834788827,0.39157968643125457,0.3304395669134941,4.527107076319196,0.0771337288909174,2191,0.04046040936586565,0.020523484889504392,0.020495953571584957,1.9721240954698527,0.9917845732542219,2191
scene-0784_CAM_FRONT_4872c7dd_d05af851,scene-0784,d05af851db544d8693a4112de776c18a,2071,1,27.3665,35.98466768893481,25.600050941254576,0.27377331256866455,0.0,0.06672529626145085,0.3404986088301154,0.06900177905110283,0.40564828450967605,0.06127407510940168,0.06412374527054898,0.062363589692636,1.4625836783760333,0.9956542732979237,2071,0.37684029445624895,0.39521351118251,0.33304745817278514,4.128416655894299,0.04635441815548044,2071,0.03518688869701058,0.01738393272127761,0.017418654058340977,1.612618849752173,0.993722839208112,2071
scene-0784_CAM_FRONT_2efc90b9_5deba036,scene-0784,5deba036d020493b8cec0a6a73b8f38c,2182,1,27.3665,36.29834115933965,25.84835721026664,0.28245240449905396,0.0,0.05707258956283923,0.3395249940618932,0.05873266054719983,0.4042803905898673,0.05557515815895065,0.055103602138946314,0.05397892600538412,1.7259519654175919,0.995417048579285,2182,0.37202039874112036,0.39326038038940714,0.3316465979198673,4.587965958858324,0.06003666361136572,2182,0.03872781752162114,0.02014519179222396,0.02015184287684435,1.9817655425373473,0.9926672777268561,2182
scene-0784_CAM_FRONT_c34c1921_023d6155,scene-0784,023d6155e22f4c08b4ce15471bc79e7f,2131,1,27.3665,36.125565295577864,25.64885392347852,0.2776811569929123,0.0,0.06482074836507401,0.3425019053579863,0.06696775152784418,0.40846703729359013,0.06053479958361103,0.06269666678221962,0.060885973034117136,1.5408287799149252,0.994368840919756,2131,0.3778506012347916,0.3977141638895721,0.3348381621695995,4.401534303374889,0.05021116846550915,2131,0.037090029370042715,0.018100151304854137,0.018182463720785025,1.754802448075513,0.993899577663069,2131
scene-0784_CAM_FRONT_4f4e7637_0a2b1d81,scene-0784,0a2b1d81fb584eecaf0ebf05b69f63e5,2063,1,27.3665,36.208533152390736,25.76735768030738,0.27997517585754395,0.0,0.06021115294889334,0.3401863288064373,0.0620607801363644,0.4052093971615487,0.056216033433062786,0.057662048912222715,0.05619797767372914,1.3844390881656994,0.9956374212312167,2063,0.37908987012913004,0.3962314257845926,0.333776768383222,4.093771944434722,0.038778477944740666,2063,0.03388137661945034,0.016228731898813454,0.016219003754910588,1.5112568881028574,0.9951526902569074,2063
scene-0784_CAM_FRONT_77d878ed_e39400ef,scene-0784,e39400ef772142919c70b68f77780294,2074,1,27.3665,36.58385355197302,26.133042086321925,0.2902873456478119,0.0,0.04611914366764314,0.336406489315455,0.04719917067457158,0.3999079567977686,0.04685151904401844,0.045799312019963304,0.044918067533670114,1.5762765432199008,0.996142719382835,2074,0.372117189524309,0.38939305675643465,0.3288670012243663,4.090844504219218,0.04580520732883317,2074,0.03439760146539739,0.01727167083108186,0.01729509449483846,1.7300657403953676,0.9942140790742526,2074
scene-0784_CAM_FRONT_14a0ee8c_d764e9e7,scene-0784,d764e9e77bfd486c8dc27852ea689d11,2190,1,27.3665,35.99074135366621,25.650747030115625,0.27394208312034607,0.0,0.06474694246394508,0.33868902558429115,0.06688900591744829,0.4031069469988833,0.06190155048316771,0.06216023640158163,0.06065144643295617,2.244712838566734,0.9894977168949771,2190,0.3735470018964312,0.39262084687742504,0.331404103986668,4.800611779351862,0.053881278538812784,2190,0.03807136996799076,0.017353783903789687,0.017401431872172024,2.4428342738240936,0.9904109589041096,2190
scene-0794_CAM_FRONT_159f9a70_a13789ea,scene-0794,a13789ea66f94f3eb89fdd4d77ed1bc9,1876,1,27.3665,29.253965628423806,20.954214543280777,0.06669550389051437,0.0,0.26697983998489194,0.33367534387540676,0.3060141168009276,0.39608982088066114,0.31276195391386197,0.30111942634073585,0.26324888333125784,5.391320922667069,0.17750533049040512,1876,0.39700206694677587,0.39037869075530823,0.3299204947765433,5.664739831473397,0.05543710021321962,1876,0.07462895700470636,0.02657136516982846,0.026783598553062227,5.289909988959692,0.9301705756929638,1876
scene-0794_CAM_FRONT_448fb51a_b5bcd48b,scene-0794,b5bcd48b2e764f0fb9756af14ea07166,1865,1,27.3665,28.52437010351057,20.482644075551274,0.041439175605773926,0.0,0.2897417405482763,0.3311809161540502,0.33608238755979314,0.3926117154746711,0.34448884788905754,0.3327114083374105,0.28739186574703735,6.077320957640115,0.08525469168900804,1865,0.3982473319676267,0.38892758829151636,0.32878849444023683,6.281702254768661,0.04718498659517426,1865,0.0666731715562789,0.025232453031371435,0.02545556025900897,5.693394211866354,0.9361930294906167,1865
scene-0794_CAM_FRONT_3491f516_7505b580,scene-0794,7505b580cd6e40a2bd7d31eee5151456,1822,1,27.3665,26.198334695141938,19.929335036586703,-0.04362379014492035,9.339190043178188e-06,0.3171268689176463,0.27350307877272595,0.37317677432588625,0.31456140644163333,0.37599454411485633,0.36866818119441314,0.3139220804452736,6.474009175989703,0.04610318331503842,1822,0.32041867393058016,0.310355261230876,0.27029829030035324,6.332711176112372,0.1163556531284303,1822,0.06032519681117461,0.022225855783461423,0.022407471038704108,6.213560043312727,0.9522502744237102,1822
scene-0794_CAM_FRONT_5af88bc8_82dd7acb,scene-0794,82dd7acb80e44d6cb00728a035577de8,1862,1,27.3665,29.292361509914873,20.89721269227328,0.06800714507699013,0.0,0.2697038515668124,0.337710996643803,0.3095765642524533,0.4017353386437843,0.31575877847665496,0.3047604350558757,0.26601944918807563,6.318801004306009,0.12298603651987111,1862,0.4032431015946653,0.39623249219326284,0.3340081015396509,6.593982663716627,0.04779806659505908,1862,0.062016217125278765,0.02115504072536324,0.02122479981502634,6.137622354451595,0.9430719656283566,1862
scene-0794_CAM_FRONT_957dd8ab_51265d17,scene-0794,51265d17eeb54973aa1b9be24d3058e2,1814,1,27.3665,26.1527247025351,19.49956083141712,-0.045366257429122925,6.2378945858193944e-06,0.33892769378744436,0.2935614363583219,0.40344186397818227,0.3411955750510338,0.39922880118654713,0.39464012915439084,0.3327825559359914,6.174401587734214,0.04906284454244763,1814,0.34007742699493904,0.33293830677211844,0.28741629850686845,5.972494619684588,0.09371554575523705,1814,0.061471144416939426,0.0256909662727821,0.025876850211187796,5.686674033029418,0.9498346196251378,1814
scene-0794_CAM_FRONT_4144d6c9_3ae9a520,scene-0794,3ae9a520714c4a27bed235e79dfdc4ac,1831,1,27.3665,27.64727345080863,19.856628010571725,0.01020747609436512,0.0,0.3207817814236553,0.33098925751802044,0.37820479818778874,0.3923448349885561,0.3821551560136365,0.3713658457125569,0.31607911934424315,5.922262913708137,0.05352266521026761,1831,0.39580839467138584,0.3854357165700582,0.3262865954386083,5.986748840497622,0.04860731840524304,1831,0.0639697436761176,0.026498752980319867,0.026571786410646725,5.240650576312273,0.945385035499727,1831
scene-0794_CAM_FRONT_05afb6d4_7494f58f,scene-0794,7494f58f5b054b78af9c956d9076ca3d,1930,1,27.3665,31.179899067941484,22.066952703123945,0.13045398890972137,0.0,0.21523850106968467,0.34569248997940605,0.24015764062093692,0.4129680471707111,0.24418207714824275,0.2366885887871874,0.21251773955097464,5.71114650055422,0.6704663212435233,1930,0.4112260561697311,0.4085723196868194,0.3428386141897659,6.370693830043511,0.011917098445595855,1930,0.04427472964705869,0.01760584605992121,0.017627806154909553,5.581097555341611,0.9761658031088083,1930
scene-0794_CAM_FRONT_e401b2cd_598c2006,scene-0794,598c200674194f2896072b0b4017c487,1979,1,27.3665,34.71012710974844,26.7041264189003,0.2377118542790413,0.0,0.02450153664842336,0.2622133909274651,0.024804165869694694,0.2998038791930582,0.04709698464918959,0.025278205805849656,0.02503455622633588,5.104706251624704,0.9752400202122284,1979,0.30419278696500857,0.29595146725919974,0.25936985914851096,5.6603985212103725,0.09499747347145023,1979,0.037818962056141714,0.014297769314412907,0.014255276978620168,5.145758293187283,0.9747347145022739,1979
scene-0795_CAM_FRONT_f8e8dd98_056dd22a,scene-0795,056dd22ae8474ef3b9991f6c56993eb1,2228,1,27.3665,38.143452059489185,30.92861372668877,0.33203446865081787,0.0,0.12236212835511662,0.20967234029570125,0.11517211078927114,0.23327389958556788,0.1375971745176765,0.11881677657573571,0.12648970256492975,6.086518159991452,0.9497307001795332,2228,0.224653427424222,0.22871141251091073,0.2061374871158561,5.386936991087058,0.8765709156193896,2228,0.03297981296996546,0.010209475489454877,0.010208485066793394,5.297540391346617,0.9676840215439856,2228
scene-0795_CAM_FRONT_9a24e469_98c0d0cc,scene-0795,98c0d0cc9433448188e863580619445d,2007,1,27.3665,37.226203019598856,29.387106171857027,0.3076932579278946,0.0,0.0712363749257845,0.2364568830021101,0.06875825608824626,0.2667529358589602,0.09438916067893999,0.06894856072544783,0.07136235642915234,6.198984735676911,0.9312406576980568,2007,0.2698912432789717,0.2680050359810549,0.23768592265964683,5.9115101018411575,0.2077727952167414,2007,0.05200990354780655,0.014722914027266058,0.01472305302107424,5.899573119151252,0.9441953163926258,2007
scene-0795_CAM_FRONT_c42d28e3_82db470c,scene-0795,82db470cbd6f45f49be5ca9504bed0e9,2514,1,27.3665,35.05225142198913,28.870283074273278,0.24752020835876465,0.0,0.05349316112492364,0.194027047233841,0.05208757636371508,0.2141291213463956,0.0899102718133675,0.05820412397384574,0.05975955095313901,5.066889464756142,0.8957836117740652,2514,0.21464267277781254,0.2131505063148462,0.1942451480503241,4.757743990480127,0.7629276054097056,2514,0.06704883551164141,0.027846197463798752,0.02779251220660406,4.708657048219952,0.9144789180588703,2514
scene-0795_CAM_FRONT_9a7d7c46_eaf74971,scene-0795,eaf749712a01444cb910e7023f523049,2464,1,27.3665,35.96024181346296,29.06697601461319,0.2730942964553833,0.0,0.0602830472570286,0.2128112491983547,0.058501992562222216,0.2371511159394164,0.10394995589310964,0.07133056086312159,0.07400242807303092,6.144585539278054,0.9196428571428571,2464,0.21117587016655726,0.22379844255655756,0.20211984812777994,5.651764483527387,0.8210227272727273,2464,0.05639745931069325,0.019417703267460163,0.01948760791507187,5.8539358782435436,0.945211038961039,2464
scene-0795_CAM_FRONT_eb22b014_5ded7d74,scene-0795,5ded7d74daf24c3e8dc28db3145c2366,2674,1,27.3665,36.54426824441924,31.089873111064275,0.2892047166824341,0.0,0.1275625050821727,0.16164221160026138,0.11976160525850466,0.17543960742039366,0.1450586646307485,0.11945948476269488,0.12715494720308307,7.275578176190027,0.9117427075542259,2674,0.20125633676621366,0.17853131634551125,0.16437658851683057,6.6364654247701145,0.8900523560209425,2674,0.05748718874025616,0.01242561845670341,0.012433351956055771,6.642811444254479,0.9334330590875094,2674
scene-0795_CAM_FRONT_9719fcdf_97c0f9ec,scene-0795,97c0f9ec5d8f4ee28b239c88c5189b8c,2466,1,27.3665,35.291096996038014,28.38305136274463,0.25431108474731445,0.0,0.03647254638161046,0.217838538365704,0.03581543611195204,0.24338629222793262,0.06112262098242891,0.03619546197889742,0.036768394627112344,4.9214524945266085,0.9553933495539335,2466,0.25364782560929977,0.2488450760670139,0.22240829820810049,5.13859374537387,0.5085158150851582,2466,0.04929175104324577,0.022453335961158095,0.02234618365940466,4.802454112472659,0.9578264395782644,2466
scene-0795_CAM_FRONT_f8883f89_b11caa5f,scene-0795,b11caa5ff8334ad590116ce0fb082a10,2567,1,27.3665,35.75208292570974,27.939926532384213,0.2672888934612274,0.0,0.020737086709597286,0.24655180675163013,0.020523551904103043,0.2796054737034017,0.046844771219910375,0.026961741867393956,0.0272657923858719,2.6455386974768706,0.971172574990261,2567,0.28882344393727744,0.28018590099295965,0.24712691920140406,4.4029262636507465,0.17413322945072068,2567,0.04181716217458328,0.018427377674056767,0.018348494665710202,2.6015642316641627,0.975457732761979,2567
scene-0795_CAM_FRONT_56ac73dd_e1c44489,scene-0795,e1c44489b96348cbb245a216400caa52,2756,1,27.3665,31.816561223071933,25.32093937326133,0.15066730976104736,0.0,0.07768794100014365,0.228355250761191,0.08078533724932657,0.2565316299706448,0.10632460352853088,0.08628035066022152,0.0834044796802077,3.4236313454902034,0.9118287373004355,2756,0.2445327807933024,0.24885399923724638,0.2224536308898597,3.6936971759586195,0.5043541364296081,2756,0.07693151664414989,0.033586662931120524,0.03342448451198943,3.764167664173155,0.9100145137880987,2756
scene-0796_CAM_FRONT_c1676a2f_09205171,scene-0796,092051710b7b4d9294e98dcb3f0f7be1,2755,1,27.3665,31.415110315170974,26.358188651508875,0.13796935975551605,0.0,0.037540646164595515,0.175510005920112,0.03825419727517598,0.19185391418664932,0.08217637871265131,0.04497265041691583,0.044306444728617445,4.388576991940716,0.9248638838475499,2755,0.21188490153917122,0.19213574878260187,0.17581231770544647,4.625514144613465,0.7833030852994556,2755,0.06698649628376505,0.025338175874957687,0.02550758057733038,4.489702578084454,0.9455535390199638,2755
scene-0796_CAM_FRONT_feaef544_3a7aa284,scene-0796,3a7aa284dd9d485d8effc20db8cda140,2703,1,27.3665,32.71752864321876,26.919571548447472,0.17859134078025818,0.0,0.016466048721623494,0.19505738950188167,0.016602361250370734,0.2153807345832619,0.08883819222347795,0.033027958020224485,0.03257462590298488,7.18026297658535,0.8975212726600074,2703,0.22044277242808294,0.21650492507037736,0.1961114310482015,6.637366828983026,0.7832038475767665,2703,0.08488603995638601,0.02591140224203257,0.025814247066601625,7.278739458490318,0.8890122086570478,2703
scene-0796_CAM_FRONT_f218a2b4_312cd4d3,scene-0796,312cd4d3bef1476a9211d3dab50dd0b7,2716,1,27.3665,34.63576013938284,30.15146441404064,0.23556704074144363,0.0,0.09691385530254104,0.1386531854389026,0.09236580936160987,0.14872563613374612,0.12966678534967122,0.09850962443512155,0.10357403361432904,6.4237250863914035,0.8991163475699558,2716,0.15111122029888618,0.1439977216825754,0.13458238420403834,5.610172209141121,0.9348306332842415,2716,0.05957166341300134,0.01856973831274604,0.01857763709594451,5.860510993788222,0.945139911634757,2716
scene-0796_CAM_FRONT_4aaaf68b_4786b3c0,scene-0796,4786b3c0d0a24c8b86b0676d32dd5919,2650,1,27.3665,34.17978815286637,27.92476741582292,0.22231484204530716,0.0,0.02019437839556204,0.20212046364974556,0.019991837622489683,0.22399544618943512,0.0725775505582756,0.035615805170837525,0.036180903468489345,3.679722364736703,0.9407547169811321,2650,0.234123498978344,0.22089323054336074,0.19969624795222896,4.030282666702588,0.7143396226415094,2650,0.06886693453497811,0.03158041073017257,0.03135414704281636,3.599717340046145,0.9415094339622642,2650
scene-0796_CAM_FRONT_4ee219c4_7df1288f,scene-0796,7df1288fed8a403b8e7a35112b392d7c,2660,1,27.3665,31.628736498152204,25.45251945261208,0.14474645256996155,0.0,0.07250490336764814,0.2172513559376097,0.07519807816870139,0.24265641195320975,0.08711942883781966,0.07361335600794677,0.07106939852163197,2.0155977935059743,0.95,2660,0.23387094832213182,0.23753798292886016,0.21330851234381443,3.0587557591390913,0.6962406015037594,2660,0.046283420553260055,0.015493157642506215,0.015550204208925722,2.2647929094967894,0.9518796992481203,2660
scene-0796_CAM_FRONT_264c5f3a_1dba6570,scene-0796,1dba6570f0774b5cb87de6694bb338c0,2659,1,27.3665,33.166103477443684,26.85819584222214,0.19220873713493347,0.0,0.01874861774042902,0.2109573548753625,0.018925476631560745,0.2348596931929905,0.06530088887768204,0.03216855433174072,0.032087479193684265,3.5070344412278622,0.9766829635201203,2659,0.2667001594675917,0.2396625533591442,0.21494548267766378,4.818211870889644,0.5787890184279805,2659,0.05687157651732694,0.03147155456204589,0.03155014015463986,3.5164216964848936,0.9763068822865739,2659
scene-0796_CAM_FRONT_3e7ed5cf_26e594c4,scene-0796,26e594c412e84bdda76e344933fe305a,3020,1,27.3665,34.23636852528747,29.58555023166912,0.22396884858608246,0.0,0.07796643665053704,0.14600241193554542,0.0750045280311804,0.15719897913678116,0.13465837549221685,0.09464148884817822,0.09921785910556413,6.770967877871358,0.8556291390728477,3020,0.15822689331509174,0.14942825381652514,0.13995286452454236,5.581032736753635,0.8884105960264901,3020,0.08407870085533861,0.03321490206692975,0.03377904602125281,6.192749134404617,0.8980132450331125,3020
scene-0796_CAM_FRONT_78e778e7_63c24b51,scene-0796,63c24b51feb94f14bec29022dae4975d,2344,1,27.3665,32.35659900005427,25.252629528691497,0.16749835014343262,0.0,0.08038934758838501,0.24788769773181762,0.08370892500152372,0.28131602941750655,0.09196414456319249,0.0778984483443784,0.07539990280173903,4.82847374151113,0.9530716723549488,2344,0.27003008699673364,0.270206333222759,0.23945741497094286,5.367001846358492,0.37457337883959047,2344,0.05880158079757757,0.031461405910636994,0.03171241991126572,5.011781905406487,0.9628839590443686,2344
scene-0797_CAM_FRONT_604d12eb_75642377,scene-0797,75642377ad5f4a0fa9d7baaf0d19a987,2831,1,27.3665,32.86628429742589,25.66224568824728,0.18312770128250122,0.0,0.06429876520064504,0.24742646648314626,0.06641095765571414,0.28072518269427604,0.10703505466051913,0.07063995080798631,0.06854330749347204,6.174289496927962,0.9095725891910985,2831,0.28350134926821874,0.27749696325210255,0.24536598833694834,6.519355970498116,0.31296361709643233,2831,0.08058662707694374,0.03003211740278214,0.030117541606452747,6.394353233409679,0.9240551042034617,2831
scene-0797_CAM_FRONT_9d77cf89_ec2ce68b,scene-0797,ec2ce68b15bc4410afbf2b1192586dc2,2635,1,27.3665,29.591902923813322,22.829761037104326,0.07818113639950752,0.0,0.18125464420713566,0.25943578060664363,0.1987203876344692,0.296198539954875,0.20313368868879644,0.19947455239427345,0.18190341934189114,4.893327550507018,0.8296015180265655,2635,0.2918199089997015,0.29590777539342555,0.2597845731260737,5.318248941658685,0.2535104364326376,2635,0.0662036515389722,0.03208921508923465,0.03222576856422443,4.836045079452053,0.9423149905123339,2635
scene-0797_CAM_FRONT_ff16605e_0f6b0c88,scene-0797,0f6b0c88ebe34738a1b5cacbef9fb7c9,2801,1,27.3665,26.195312894433606,20.268037137453213,-0.043739140033721924,0.0,0.30027451770618185,0.25653537767245993,0.3502294185868433,0.29244448866868344,0.3627634560980068,0.35163416246492096,0.30216004180023504,5.635102916765755,0.08068546947518743,2801,0.30784997252659635,0.2948837227869814,0.258549083269928,5.193567539536117,0.19100321313816493,2801,0.06783689090134623,0.030668708857516967,0.03071819387118646,4.510766153269028,0.9485897893609425,2801
scene-0797_CAM_FRONT_a131cf4a_ccc5e44e,scene-0797,ccc5e44e44cc4843bb318ab67c750b5d,2587,1,27.3665,22.701505432433606,16.601554869808336,-0.18688839673995972,0.0,0.49982327980578933,0.3129348830658296,0.6484299341002595,0.36743248511732296,0.598955502578608,0.6358889751879948,0.4936611689279671,7.570109052713221,0.029764205643602628,2587,0.3470052623582382,0.36047554736344567,0.30856473416144925,5.893678655446055,0.11673753382296095,2587,0.07539382340303309,0.025204749294492908,0.025237071983881698,5.827928236128842,0.9157325086973328,2587
scene-0797_CAM_FRONT_95594b53_311d52bc,scene-0797,311d52bcf034477d9bd1fd3bc50b51df,2094,1,27.3665,19.176136014776826,13.201175387098198,-0.3556530475616455,3.114622914999545e-05,0.7290137675325075,0.37336071997086195,1.073035104642719,0.45260823013669604,1.050395600305745,1.075288480410073,0.7307103183936134,9.522561055765571,0.009073543457497613,2094,0.45460867136832495,0.45536146131086164,0.3754937306315642,6.077903523353977,0.034861509073543455,2094,0.047634958276389035,0.011499646017699792,0.011553806752793827,5.563158172589812,0.941738299904489,2094
scene-0797_CAM_FRONT_7ce195be_ee7453aa,scene-0797,ee7453aa1ad74a3e96c37effffe82c92,1999,1,27.3665,17.486894899477857,10.688914858365477,-0.44786790013313293,9.030441052385025e-05,0.940112427728443,0.49224452759531,1.5602692474046722,0.6359841135596724,1.4549758978938374,1.563704492799098,0.9416678513231833,11.941389780397131,0.015007503751875938,1999,0.5956345456290056,0.6404441118907577,0.4971168388647649,6.773884781955482,0.027013506753376687,1999,0.08433530723180506,0.035957806448066405,0.03548867202535577,6.12390116056492,0.9134567283641821,1999
scene-0797_CAM_FRONT_ef7f5664_5540e9c3,scene-0797,5540e9c3961c4a74ac62d387fa859b71,1993,1,27.3665,17.478479829952143,11.19603393053816,-0.4483492374420166,0.00011860484211870824,0.8937600353944388,0.44541079795242267,1.4443030603324165,0.5611313736981507,1.3936258587281452,1.4439654550789667,0.8946783915066558,11.574740237500675,0.007526342197691922,1993,0.5532664434402867,0.5638652457420961,0.44746898607406305,6.940983898941278,0.021575514300050176,1993,0.06846527454736648,0.026428923801345344,0.026340067399606593,6.3734292200548905,0.9433015554440541,1993
scene-0797_CAM_FRONT_e075a437_caf5bbd3,scene-0797,caf5bbd3211f4fef8697c367d87108a2,1978,1,27.3665,17.452950205755187,10.800311520765625,-0.4498109370470047,4.26704379206086e-05,0.9297446594082301,0.47993372236122545,1.533862097161065,0.6159672961468394,1.4633137592077932,1.5325974080150384,0.9300304212665911,11.784483422566558,0.007583417593528817,1978,0.5995896760588719,0.6170965398449223,0.48149220618031463,7.203357620352595,0.019211324570273004,1978,0.07185642140732139,0.02360939715478575,0.023670579078368115,6.646268304627908,0.9327603640040445,1978
scene-0798_CAM_FRONT_154dbc84_745e6a48,scene-0798,745e6a480cbc42fab8d91b73f9a2fd6a,1808,1,27.3665,17.23929345554341,10.70132604561395,-0.4621283560991287,9.135392222355447e-05,0.938951974351879,0.4768236182527503,1.55729989754087,0.6109492769458338,1.472723167428769,1.553830698062209,0.937594465501089,12.422643600455624,0.018805309734513276,1808,0.5779943523886553,0.6092999499102698,0.47681790884368935,5.496672044552997,0.017699115044247787,1808,0.06256295968360416,0.02462733037690349,0.024402650354821143,3.8199196500576567,0.9446902654867256,1808
scene-0798_CAM_FRONT_e39e3e5e_70f8b282,scene-0798,70f8b28210d64799a4f664bcb221b6fc,2221,1,27.3665,22.896171781480327,17.96945779615744,-0.17834991216659546,0.0,0.42064611002105323,0.24229619785445822,0.5229452279774411,0.274171543805646,0.4948950533239002,0.5151140265867631,0.41630759723846666,7.2071384187339875,0.028365601080594327,2221,0.2700134607658216,0.2694549960048564,0.23879240319679162,6.262524858201089,0.3160738406123368,2221,0.07453241409365569,0.01894330060738148,0.01903047661038615,6.478175141227096,0.9284106258442143,2221
scene-0798_CAM_FRONT_a16e2908_4fc4dcd4,scene-0798,4fc4dcd46f8d46c789c0ffb736491251,2704,1,27.3665,27.99459082189628,22.110599619564155,0.022691668942570686,0.0,0.21326252330056938,0.23595419224314007,0.2377095361893875,0.26611631089035614,0.21857691323847042,0.23242341266329986,0.2092374729142812,5.233566475591408,0.7736686390532544,2704,0.2436885709758609,0.2603965538767427,0.2316841718346334,5.431986702216421,0.3842455621301775,2704,0.057290531097888536,0.017314401830853893,0.017370743059312743,5.04623806020995,0.9371301775147929,2704
scene-0798_CAM_FRONT_e49b120c_3e99c588,scene-0798,3e99c5888afd432c8f5cd24fb7eebe02,2398,1,27.3665,28.274153212539822,22.304419642427018,0.032628435641527176,0.0,0.20453478856539942,0.2371632242069266,0.22695413907761997,0.26764801173115016,0.24032038408869083,0.23341405963551193,0.21022771957484365,5.106202480524438,0.6822351959966639,2398,0.2746146649317728,0.27354494165640186,0.24238840848724763,5.2224746658296555,0.2543786488740617,2398,0.07897494937911759,0.021924890794875293,0.021776789920286088,5.378740555295556,0.8974145120934112,2398
scene-0798_CAM_FRONT_9f5cb220_2b2c6baf,scene-0798,2b2c6baf12644756925596ebe2a9af2c,2549,1,27.3665,28.61671892147856,22.153310217155322,0.04467148706316948,0.0,0.21133270684269556,0.25600419390586504,0.2353232872082307,0.2917581454404061,0.2483607050464187,0.2364747613598991,0.2127274518098372,5.649372426850822,0.6559435072577481,2549,0.298299319249549,0.29213111482243204,0.2568171804946118,5.921656867366358,0.13887799136916437,2549,0.06784319419359912,0.015704686332961175,0.015703551311104125,5.667882913398382,0.9121224009415457,2549
scene-0798_CAM_FRONT_6a652407_ef183f50,scene-0798,ef183f507ce945519cc458276a8ae6e2,2569,1,27.3665,31.80119259747763,24.886728022579312,0.15018415451049805,0.0,0.09498498740941086,0.24516914191990935,0.09964234652184212,0.27783743080347656,0.12274067400377414,0.10155683022489789,0.09693263211164638,5.948561171528175,0.9396652393927598,2569,0.2790917469529205,0.27815094516005434,0.24566135655555943,6.327738471440753,0.17516543402101986,2569,0.05444845571788139,0.011048495734698119,0.011084051769464587,6.2447429371850856,0.9369404437524329,2569
scene-0798_CAM_FRONT_cee03d13_9be09474,scene-0798,9be09474988f4f00b2622f08013cca5c,2282,1,27.3665,30.59509701416099,24.511720966496455,0.11152013018727303,0.0,0.11016822769133583,0.2216883578786093,0.11646587513808448,0.2481823310562128,0.1467058889512219,0.12248407697731495,0.11574625183727338,4.05967297555886,0.9005258545135846,2282,0.2628087398901789,0.24984941306725095,0.2240122225434964,4.628735945632564,0.4899211218229623,2282,0.0656126654426205,0.022061414119832853,0.022007840420339986,4.1307327820589395,0.9246275197195443,2282
scene-0798_CAM_FRONT_fccf8baf_f05b1a3a,scene-0798,f05b1a3aeb124d5a9147810060d7a346,2848,1,27.3665,33.5441272402641,27.5774948450605,0.20354216545820236,0.0,0.007680398298082203,0.19586176716012016,0.007650979403529545,0.21635875298775753,0.06895355257315677,0.020905468130359213,0.02093305171884219,6.339862748930059,0.9259129213483146,2848,0.2075787299175384,0.21186322704392485,0.19233552976034152,5.8657648271375376,0.8637640449438202,2848,0.06660037697307124,0.021546967925066232,0.021620064988086884,6.291906024756739,0.9287219101123596,2848
scene-0799_CAM_FRONT_2eef1a0a_ff99e96d,scene-0799,ff99e96d12fc49a792a5bddd2a4d51ae,2445,1,27.3665,31.757640901655368,24.8962228649152,0.14881371706724167,0.0,0.09460353784558428,0.24341725491282595,0.09922296841927847,0.2756007637772864,0.13279722270682687,0.10158159225098642,0.09674695828088087,6.030413805662995,0.9173824130879346,2445,0.29787045999978695,0.277582728684537,0.24497312630195944,6.443905076766995,0.21922290388548057,2445,0.06374999467295592,0.022979963858227242,0.022982233246164663,6.125963173335149,0.9488752556237219,2445
scene-0799_CAM_FRONT_10cca1fc_b4d61616,scene-0799,b4d61616cbb646b5a5f6a83a87b04866,2908,1,27.3665,30.928041821518377,25.869046718883354,0.12234363704919815,0.0,0.056272491021591264,0.17861612807078986,0.05788590887748346,0.19556171348757756,0.0901737820410628,0.06193890071425161,0.06023893135813718,5.119003415847188,0.9253782668500687,2908,0.19171858197267388,0.19463224370409082,0.17819908603634738,4.868580082763887,0.8982118294360385,2908,0.06799216579078511,0.019424542740001882,0.019355081708237964,5.4192192402177515,0.9126547455295736,2908
scene-0799_CAM_FRONT_afac870c_acfe7cd9,scene-0799,acfe7cd9adad49f1a2e77fc10ff448a1,2720,1,27.3665,28.49251963231073,23.656908257335044,0.040321946144104004,0.0,0.14566446144961187,0.18598640759371587,0.15680796925417173,0.2044058894921894,0.1719187030709876,0.1556632481665851,0.14485985238097476,4.95938891996734,0.8727941176470588,2720,0.21373195491900493,0.20280138056434122,0.18489115047479765,5.096353932402642,0.819485294117647,2720,0.07170994010819683,0.024839060768692786,0.024810258259646334,5.117880875700685,0.9213235294117647,2720
scene-0799_CAM_FRONT_247d0121_614aa888,scene-0799,614aa888aed04db198315092c8321769,2651,1,27.3665,28.773157767872764,22.88906464734501,0.050123292952775955,0.0,0.17866036744636427,0.22878366039914066,0.1956146055611907,0.2570700555564325,0.18820872534063318,0.1937011434750386,0.177418950372338,5.991551034568428,0.8864579403998492,2651,0.24062532947576837,0.2549255902123063,0.2271068835355461,6.1336640131832025,0.44285175405507354,2651,0.07080629538149927,0.02488677124683488,0.02504090433638484,6.312922993773113,0.923047906450396,2651
scene-0799_CAM_FRONT_09cb6ba6_abfc8664,scene-0799,abfc8664a3454103ac432cf0ea2644e3,2733,1,27.3665,28.78453747306137,23.32747907691497,0.050518712028861046,0.0,0.15968761243998308,0.21020632446884457,0.17314433804731477,0.23393262418770067,0.1712582457648564,0.16670714691211613,0.15434318091317123,6.653670180124347,0.920234174899378,2733,0.2209109851948686,0.22598849358022188,0.2039992333034153,6.643130375469714,0.7497255762897914,2733,0.07236586226272716,0.024866307918420982,0.025055943504640243,7.26638026045955,0.907427735089645,2733
scene-0799_CAM_FRONT_2cb04989_ed19cd3f,scene-0799,ed19cd3f88c54ff7abce7d2ff1f563eb,2563,1,27.3665,34.05800321765301,27.28121278040321,0.2187454104423523,0.0,0.0031213488910073472,0.2218667593333601,0.0031262253728709943,0.24840502846404777,0.06121682504529022,0.018817188519043036,0.018891804413706303,5.926638181328098,0.9340616465079984,2563,0.2577678640367178,0.24585701183274802,0.21991815012987903,5.959789729052099,0.5587202497073742,2563,0.0613966316978231,0.019064664983889427,0.019011979633180687,5.936812579646513,0.9336714787358564,2563
scene-0799_CAM_FRONT_5a9ad4e8_323a637e,scene-0799,323a637e94a046c38dcdc382333054d4,2566,1,27.3665,32.46537313858514,24.95371603819595,0.17085444182157516,0.0,0.09229688712393802,0.2631513289455132,0.09669036700228806,0.3010235865829085,0.14012348637711086,0.1079325078334459,0.1029453982447881,6.232577068324072,0.9060795011691348,2566,0.31288406309607175,0.30457669232062373,0.26612380005146086,6.932686279228834,0.1410756040530008,2566,0.07832216146170881,0.028056545262443295,0.02805008763493233,6.442719990093284,0.9060795011691348,2566
scene-0799_CAM_FRONT_300a5a9b_7293ddbc,scene-0799,7293ddbc5b834c0fa17a8ed1a03e3d1a,2365,1,27.3665,32.45855098048362,25.26202801634758,0.17064428329467773,0.0,0.08001723825532059,0.2506615215499983,0.08330574181497119,0.2848751081852583,0.11219693512040177,0.08434913038691486,0.08108475008297589,4.847279446947916,0.9319238900634249,2365,0.28528495704470597,0.28386786811468606,0.24999404273874437,5.233780069487727,0.24355179704016913,2365,0.06695036956595372,0.01898025728303085,0.01897148980948593,5.052650586489057,0.9323467230443975,2365
scene-0800_CAM_FRONT_94cd383e_b4a22db7,scene-0800,b4a22db7d3a2450f936d22248f139efb,2604,1,27.3665,32.48800291496935,26.226692524597727,0.17155124247074127,0.0,0.042541946845050305,0.21409318931579202,0.04345982530329584,0.23873808656959739,0.08233619543220697,0.04663972100295222,0.04566034330676261,5.017322573221287,0.9231950844854071,2604,0.22468816318123236,0.23048391090727172,0.20756548331831648,4.992872758131168,0.7465437788018433,2604,0.07335575471529489,0.023400083762195007,0.023468165770405447,5.2442601540969624,0.9182027649769585,2604
scene-0800_CAM_FRONT_fa4978c3_4a74ff52,scene-0800,4a74ff52d7fa4336bdd80958bd483e5b,2590,1,27.3665,32.11304995286042,26.365824202323815,0.1599428504705429,0.0,0.0372510039141285,0.1971938543846714,0.03795351853965512,0.21798012861020521,0.10856472083491224,0.04330787089018943,0.04251739317625636,8.270204907790136,0.8938223938223938,2590,0.2535329172281767,0.21869318324829742,0.19785002243679284,8.174028359813397,0.6907335907335908,2590,0.09109474635325288,0.02750853689712037,0.027869125852506338,8.373121066296584,0.8984555984555984,2590
scene-0800_CAM_FRONT_a07a94dd_c2557bfc,scene-0800,c2557bfc50864f6dacd4605abb639406,2673,1,27.3665,33.813952620031316,28.041697435521762,0.2115538790822029,0.0,0.024372958913297715,0.1871809201689052,0.024078336808044276,0.2058454270745238,0.06612272891486937,0.031647103639754794,0.031996675049052126,5.113848805329486,0.9386457164234941,2673,0.218626545097082,0.20747526243741474,0.18868883503981548,5.067567254218256,0.7822671156004489,2673,0.05883812263136908,0.017525437547557025,0.017566937250530934,4.98086918152154,0.9446315001870558,2673
scene-0800_CAM_FRONT_a7753324_83c7c252,scene-0800,83c7c252af754edb82e3e6e4a5f42100,2594,1,27.3665,34.35793011141194,26.64798505653071,0.22751321643590927,0.0,0.026606097519162653,0.2541193139550719,0.026963199729549414,0.28932562963111264,0.06270978995690436,0.04049757790719413,0.03971714094144552,5.118866462096025,0.9687740940632228,2594,0.30499138357316447,0.29746067376612106,0.2609227134351152,6.236301211976668,0.09830377794911334,2594,0.047873177700250055,0.020314974297491108,0.020214720804194175,5.156597280759364,0.9656900539707016,2594
scene-0800_CAM_FRONT_c31f7047_0f67be8d,scene-0800,0f67be8de20c464182465c716113743e,2976,1,27.3665,32.965699459248114,27.458945789238886,0.18614797294139862,0.0,0.0033723711872362117,0.1827756017541624,0.0033666911304044422,0.20054497766506807,0.06662933007969034,0.02362889096984083,0.02383196736661075,4.401447375845869,0.9240591397849462,2976,0.17795384016304291,0.18959006524959487,0.1738622330533497,4.047856772498615,0.9183467741935484,2976,0.06580750022531746,0.021275465492436616,0.021428024744543084,4.374031889489004,0.926747311827957,2976
scene-0800_CAM_FRONT_7ceeb5f1_f744fa72,scene-0800,f744fa7229364b55b5f80dc0a8029a1d,2834,1,27.3665,30.38920595202942,25.45357023212225,0.10476784035563469,0.0,0.07246362031028397,0.17723146066591866,0.07515369162097518,0.19390740375110238,0.08923719183155311,0.07480928675526448,0.0722605241652785,4.067436259386988,0.9534227240649259,2834,0.19093652090081334,0.19112850697691267,0.17498879458764272,4.6682231964307315,0.8683839096683134,2834,0.05386791563475768,0.021887517875420967,0.02183189977194777,4.158726676742009,0.9488355681016232,2834
scene-0800_CAM_FRONT_71be574a_fc5f2295,scene-0800,fc5f2295a1f648e5adfbee155413abf0,2876,1,27.3665,28.536294717256517,23.593775243867658,0.04185713827610016,0.0,0.14833672125025732,0.19019385952635792,0.15990339473598758,0.2094840449356865,0.14326905230037582,0.1509016944679129,0.141034785686324,2.8885561377962574,0.9478442280945758,2876,0.1817931314805108,0.19815042219006457,0.18131523942956884,3.1462196030693015,0.9158553546592489,2876,0.06488781582260783,0.02240749390717848,0.022353001661775007,3.456709068191453,0.9120305980528511,2876
scene-0800_CAM_FRONT_0072eb21_43e2717b,scene-0800,43e2717b9adc44ba97080cdc052f3f25,2670,1,27.3665,28.048209520407024,21.70594711850316,0.02460516057908535,0.0,0.2317333538786066,0.25633851445769196,0.2607835009729438,0.29219007893451576,0.23363770797990172,0.24811026986023135,0.22172844643311662,3.274756726433613,0.5093632958801498,2670,0.26217996271825567,0.27894001909116484,0.24627923477245095,3.5263156861888256,0.35767790262172283,2670,0.0605142259785797,0.02385174432567541,0.023914010924580564,2.9740017875444846,0.9434456928838951,2670
scene-0802_CAM_FRONT_63e3bc94_145b84c5,scene-0802,145b84c5cd6643b59e658b31d78d65f3,2755,1,27.3665,28.974928171072776,24.90977386938866,0.05711127258837223,0.0,0.0940593863097714,0.15117065889814363,0.09862498726374969,0.16319515074682145,0.11165940778429082,0.09807564740350784,0.09372173119707061,3.420455823503178,0.9277676950998185,2755,0.1644077714498147,0.16067468047752295,0.1493356588184802,3.5386982762298844,0.911070780399274,2755,0.06140975619462309,0.028290146791247583,0.02834547668323628,3.650996138912532,0.9353901996370236,2755
scene-0802_CAM_FRONT_1739cd69_fbacf779,scene-0802,fbacf779daa0476fb6eec08b4ce3fb72,2744,1,27.3665,32.94060386769302,26.861328107110644,0.18538641929626465,0.0,0.018632002228534006,0.20401842152479865,0.018806661043525574,0.2263207439461301,0.043415178522112366,0.025693280280221262,0.02545896830906713,2.911348018183335,0.972667638483965,2744,0.2122076775623002,0.22425932168029478,0.20236105714868158,4.170399445457903,0.8028425655976676,2744,0.03896859058369729,0.018703348680979087,0.018751028554784055,3.0254149408757045,0.9650145772594753,2744
scene-0802_CAM_FRONT_d04424a0_c6a183eb,scene-0802,c6a183ebd7a14560aa296548bf742f43,2658,1,27.3665,31.742358679050206,27.390274324474127,0.1483323872089386,0.0,0.0008683610844997247,0.14746402612443887,0.0008679841681208389,0.15889159425786925,0.06503460159501734,0.029792391316569546,0.02979632445110192,4.200819030446622,0.9424379232505643,2658,0.1721513696342261,0.15444569720040896,0.14363860418526997,4.25857958245133,0.9059443190368698,2658,0.06495719019936247,0.029388588839400445,0.029458852024993987,4.197378786075666,0.9424379232505643,2658
scene-0802_CAM_FRONT_e0372044_76af4456,scene-0802,76af4456724545068bc2b95fc1514216,2746,1,27.3665,35.91313295747109,30.232546221161357,0.27178341150283813,0.0,0.0995993958951189,0.17218401560771923,0.09480002776462348,0.18789640458181434,0.1257366908659818,0.10199248844140091,0.10753526017339976,5.410311035381691,0.9009468317552805,2746,0.1756092383866838,0.1811247508812033,0.16655264020736882,4.244366102233826,0.91442097596504,2746,0.0569703208161074,0.029353298073137593,0.029379232726763127,4.431853635015567,0.9519300801165331,2746
scene-0802_CAM_FRONT_f443bc4e_81c66992,scene-0802,81c66992cd7f437e88a93ad4f0cc3ef1,2773,1,27.3665,34.52141272953235,29.938773897351535,0.23226015269756317,0.0,0.08983478852291515,0.14242536417464802,0.08591781033421297,0.1530670176371587,0.11530484582929226,0.0897752013773194,0.09406367852499153,4.4311890627769905,0.9123692751532636,2773,0.15857721654253812,0.15044209207324952,0.14041442397424508,3.8173752473128584,0.9296790479624955,2773,0.0535360599160809,0.016213309637865554,0.01615094769079528,3.8672507329589116,0.9397764154345474,2773
scene-0802_CAM_FRONT_2eaa3189_199f19f7,scene-0802,199f19f746b44ac7bcf4ffcc40f7b6a2,2523,1,27.3665,30.047299322738812,24.443552142027215,0.09345314651727676,0.0,0.1129531725685684,0.20640631908584517,0.11957950468856726,0.22925257131825583,0.13094074052212817,0.11802260670783611,0.11166202648653778,3.1430367586840258,0.9441141498216409,2523,0.23143839394108262,0.22630309497236598,0.20431292120301658,3.6561276350018743,0.7479191438763377,2523,0.053340127599921114,0.020400590534679894,0.020346313052863607,3.19596093710067,0.9567974633372969,2523
scene-0802_CAM_FRONT_95f5d988_f00d1ed5,scene-0802,f00d1ed58ab84a1a90b86e6e92838efe,2756,1,27.3665,32.15963645942288,26.86986965724352,0.16139250248670578,0.0,0.01831406588762885,0.17970656837433463,0.018482796868446894,0.19686611322110958,0.06487064263821408,0.029831784387809347,0.029534160548779553,4.223896046179693,0.9484760522496372,2756,0.19912018398049713,0.19257520498545724,0.1762257430139288,4.110935472561407,0.8316400580551524,2756,0.06255226329261782,0.025133470902674232,0.02517498972415455,4.333196858687684,0.9437590711175616,2756
scene-0802_CAM_FRONT_731cf689_38ea2c2f,scene-0802,38ea2c2f4f154139ac9395d7e8e0c444,2802,1,27.3665,30.945213991624616,25.84744730072987,0.12289871275424957,0.0,0.057107792014778,0.18000650476902758,0.058769931188803914,0.1972251507695617,0.10321810113105731,0.062380004698543864,0.06055922934122193,5.361162678491466,0.9014989293361885,2802,0.1994664898053506,0.19277590441840423,0.17669976968648748,5.011315772207288,0.8386866523911491,2802,0.08383487411311041,0.0266820256235765,0.026705485908026017,5.743528225350436,0.8747323340471093,2802
scene-0904_CAM_FRONT_4e04d32a_7d54d3ab,scene-0904,7d54d3ab1b4a420787ab3fced377d904,759,1,27.3665,40.070517097767386,32.47985144588296,0.3813211917877197,0.0,0.1713003039347729,0.2100208878529468,0.15743149116315036,0.23370382911177368,0.22481814035112607,0.17189216808507615,0.1880047464929695,9.531063956417842,0.6627140974967062,759,0.2476348177856928,0.23093615305702297,0.2088929796785579,8.729601262933208,0.6034255599472991,759,0.10855567145367626,0.04236965815481488,0.042377835659022534,8.8525275252421,0.8827404479578392,759
scene-0904_CAM_FRONT_ad17bfcf_3d83906b,scene-0904,3d83906b6b874b58a26223d23dad4d86,2325,1,27.3665,38.014674565352145,30.276312705349888,0.32865262031555176,0.0,0.10104601024539672,0.22760661007015504,0.0961085563380285,0.2555912912946916,0.10919882208484977,0.09876876735336064,0.10399341429284359,5.003074598460967,0.9453763440860216,2325,0.26463744150387486,0.25475939582705426,0.22704380449236217,4.982050552143549,0.4593548387096774,2325,0.04973030871000577,0.024382418797335034,0.024496551575941883,4.593273474245339,0.9638709677419355,2325
scene-0904_CAM_FRONT_a80271ef_0d2418d9,scene-0904,0d2418d9f09e438bbe698731476bd8d7,2188,1,27.3665,22.941838768398835,17.862784527876045,-0.17635737359523773,0.0,0.42660016572619686,0.25024279213095957,0.5320399771543336,0.28433720580330535,0.5018472429335872,0.5279186778012624,0.4243065133637225,5.134390750345447,0.0886654478976234,2188,0.27102606182559624,0.2816640855970062,0.2485239507392819,3.4082863985487712,0.2093235831809872,2188,0.059664869828779804,0.017205356296254568,0.01718211569490058,2.920363128797795,0.9117915904936015,2188
scene-0904_CAM_FRONT_99be6149_93a381ca,scene-0904,93a381ca06014d838eec1cab49cab79d,1830,1,27.3665,25.82606786922903,21.90797722147142,-0.05793527327477932,0.0,0.2224688104524586,0.1645335371776797,0.24915685840584256,0.1788431039593008,0.2550415970974463,0.24718920640756975,0.22223043189058078,2.289877764372421,0.5169398907103825,1830,0.19191775043479303,0.17890027644737422,0.16462066952141852,1.829585361720097,0.8382513661202186,1830,0.04811200705264542,0.01576940052349102,0.015717749129065872,1.3846727807715635,0.933879781420765,1830
scene-0904_CAM_FRONT_7166e48f_fe515f0e,scene-0904,fe515f0e8f5145a29e059c13bb8fb127,2000,1,27.3665,22.228849508993573,18.317250617767726,-0.20792866498231888,0.0,0.40147636510356755,0.19354770012124867,0.49402880219668477,0.2135472715229214,0.4454853053967912,0.48748975070276057,0.397643705274489,4.236765376371196,0.094,2000,0.20975189467438982,0.2140738110017213,0.19498370210197657,2.6372440804142245,0.8465,2000,0.06408742507154394,0.02021485297031908,0.020195916372761857,2.6553305388706074,0.897,2000
scene-0904_CAM_FRONT_424d9df7_d0771d94,scene-0904,d0771d9484c24d72a0837d6a6d0c0dc3,1864,1,27.3665,21.910489805136823,18.849187640156703,-0.22235412895679474,0.0,0.3728498206852917,0.15049569172849697,0.45186628317593036,0.16241029711319,0.4175443693821731,0.447920263538199,0.3701282258210201,3.6719080554388035,0.07832618025751073,1864,0.16676957825965633,0.1633042163954604,0.1512895466417573,1.7975291175119559,0.9184549356223176,1864,0.051561305130011385,0.01620632290598272,0.016117571479368653,1.657082395429943,0.9189914163090128,1864
scene-0904_CAM_FRONT_9246f535_666ce192,scene-0904,666ce1928a0d4f4f9d06bf28e81b98f0,1917,1,27.3665,25.87127635589527,21.69938054006694,-0.05618630535900593,0.0,0.23203592403948514,0.17584961868047966,0.26116503415703396,0.1922587517245069,0.2661212752267273,0.2605772930464928,0.23289879593649698,2.4880012985540447,0.36306729264475746,1917,0.20494851699887054,0.19368761692050557,0.17725388380722662,2.0615311634945357,0.7798643714136672,1917,0.05751682092371476,0.024240081450974955,0.024437295344152288,1.631438742763543,0.927490871152843,1917
scene-0904_CAM_FRONT_f552524e_4585ac4b,scene-0904,4585ac4b4a924065b02f289af6bacb4a,1498,1,27.3665,21.719694639911978,18.264059989345682,-0.2311002016067505,0.0,0.4043844438478783,0.17328424224112782,0.4983798791705796,0.1892040790811098,0.48394314654399523,0.4961842094373467,0.4030306015927334,4.1390519641370735,0.05473965287049399,1498,0.208817330669619,0.1911799070824462,0.17505527790070174,2.9679981265599245,0.8197596795727636,1498,0.0585971673367168,0.017262095907913104,0.01723837383472604,2.9127111703109287,0.9185580774365821,1498
scene-0905_CAM_FRONT_bc94beb7_75fc8c40,scene-0905,75fc8c40884f4132b4017d3b29500a71,922,1,27.3665,44.343565907188015,37.61656399098875,0.48264798521995544,0.0,0.3181248474277467,0.16452313779220873,0.2724880452516666,0.17883084477919753,0.28261983190934686,0.2739457703244429,0.32013057042567405,3.84571913141191,0.02386117136659436,922,0.1770584709914499,0.17802518775829723,0.1638394661948268,2.5465464886178504,0.9544468546637744,922,0.03322644141024082,0.017319406227959612,0.017327251976171798,2.296029476604245,0.9837310195227765,922
scene-0905_CAM_FRONT_8820971b_94657cb3,scene-0905,94657cb3307449428f3a2cf915ed1213,1879,1,27.3665,41.830080867916024,32.86014480862439,0.4242960810661316,0.0,0.18294088179746737,0.24135519926866422,0.16718261105114007,0.2729731141336116,0.1876353146981019,0.16766064926160668,0.1835150478350609,5.141461144349748,0.8509845662586483,1879,0.26517219729306196,0.27308872850225013,0.2414460174623012,4.798367357873321,0.194252261841405,1879,0.04963544388018491,0.013474738597004892,0.01344355107510209,4.503355317175259,0.922299095263438,1879
scene-0905_CAM_FRONT_01956caa_cbed17f3,scene-0905,cbed17f309984c41b10a7714d8297f90,1661,1,27.3665,45.43345000418693,37.308460078696115,0.5069289803504944,0.0,0.3099004750554162,0.1970285052950782,0.266480043875442,0.21777875335386332,0.26834413811053764,0.26655622554051195,0.3100043381074469,6.496025666185455,0.10716435881998795,1661,0.24855368424124732,0.2194247038272474,0.1985495879408572,5.155815167181131,0.7880794701986755,1661,0.06773712936351972,0.01654986781527424,0.016526270833808088,4.8171717276418695,0.9090909090909091,1661
scene-0905_CAM_FRONT_a545bf56_84ba798e,scene-0905,84ba798eaddf49b0b00b8eb1a64ed7fc,1603,1,27.3665,43.27750816144145,34.77800136196128,0.4583134204149246,0.0,0.23966540448370743,0.2186480159312172,0.2131088927401007,0.24439319301357498,0.23699046623921177,0.21390490770016357,0.24067751130096493,8.49097628337168,0.3175296319401123,1603,0.2763083596473155,0.2471260076963823,0.2209850746939439,7.075029856097344,0.5339987523393637,1603,0.07348847521624975,0.022964366720404836,0.02308327870012339,7.462968255675497,0.9263880224578914,1603
scene-0905_CAM_FRONT_cc0b96ef_895fb05f,scene-0905,895fb05f91ff4016a3e1feec73b12cec,2028,1,27.3665,44.076785970024126,35.91649333417505,0.4766136109828949,0.0,0.27187697670371413,0.2047366342791812,0.23805200732220744,0.22720181950737484,0.29017641537783195,0.24328248279823556,0.27876525608259983,8.290448570585438,0.09467455621301775,2028,0.24469088492230606,0.2285908014905902,0.20637898984431235,6.68978584498149,0.6937869822485208,2028,0.10167468592372358,0.02264979340408777,0.0228295866289705,6.175992375015535,0.8293885601577909,2028
scene-0905_CAM_FRONT_d7f45d26_9c9cdfaf,scene-0905,9c9cdfaf964f4776b30f1edbdf9adb0b,1802,1,27.3665,40.15703900483311,33.28238634345762,0.3834781050682068,0.0,0.1957086807763595,0.18776942429184773,0.17774826247158548,0.20655528093546272,0.19888051579351673,0.18008150398943856,0.19849447099395068,6.159876498880651,0.7341842397336293,1802,0.22589866907643072,0.20713143788343352,0.1882468323454345,6.106655132713721,0.8007769145394007,1802,0.06519218509128204,0.02101286285296566,0.02085023929021501,5.1328386598696465,0.9367369589345172,1802
scene-0905_CAM_FRONT_67a2888b_311efa82,scene-0905,311efa82597d48869004bb3a72731020,1963,1,27.3665,36.86753076468839,28.466753900884203,0.2980116009712219,0.0,0.039417238917845765,0.2585943620533766,0.03865048697561646,0.2951083531706524,0.0747698077928548,0.040909262837629176,0.04176959213829412,4.721117889514086,0.9546612328069282,1963,0.29419142695666034,0.2956840774180803,0.2591905027121728,5.341675812096049,0.20733571064696893,1963,0.05465788492042944,0.016139193709076235,0.016192820341709657,4.618656250135927,0.9592460519612838,1963
scene-0905_CAM_FRONT_a4b93c94_02f6ae7c,scene-0905,02f6ae7cee4f43c9b9fb1bb206c3f64b,1685,1,27.3665,38.09657802441534,29.65574541176733,0.33080482482910156,0.0,0.08033624346137902,0.25046858136772254,0.07719399327116439,0.28462722806147034,0.09295771451361834,0.07774162180842968,0.08069794506228911,4.1110597021037245,0.9489614243323442,1685,0.30707642797384466,0.2898790597629228,0.25501832445938355,4.578445945189861,0.06112759643916914,1685,0.05169459995163918,0.020061167278052662,0.02008981757050754,3.8915739217807537,0.9471810089020771,1685
scene-0906_CAM_FRONT_2fb7b5d1_7380c8cf,scene-0906,7380c8cf21ab4b609c3f47e80c7c5b11,1638,1,27.3665,36.68684362855257,30.008232981180328,0.2930985689163208,0.0,0.09215213908065456,0.20094642983566668,0.0880336067384272,0.22255927736767234,0.10559480113344621,0.08940294080706426,0.0933836454082626,4.137263624215864,0.9462759462759462,1638,0.2510300658901683,0.22586852533770063,0.2038319148396749,4.5730195682752885,0.7380952380952381,1638,0.059092133071261335,0.02004775266666413,0.020031622381524117,3.914203648917475,0.9456654456654456,1638
scene-0906_CAM_FRONT_14994efc_27ab30ff,scene-0906,27ab30ff89bf4051aa154178677b9da7,1545,1,27.3665,41.62195317852753,35.54442183835116,0.4193081110715866,0.0,0.26146359598618396,0.1578445150854031,0.23007609676541363,0.17098411018797122,0.2464673244750488,0.23361842745525047,0.26607509678893937,4.398707432844065,0.06925566343042071,1545,0.16326640438098314,0.1675407794031333,0.15489963877587165,2.5472012314961,0.9579288025889967,1545,0.041959232280064374,0.021082606324751795,0.02110484687059544,2.8162278421485554,0.9689320388349515,1545
scene-0906_CAM_FRONT_4739e7db_10bf5ad3,scene-0906,10bf5ad3053e4675b34667b07128a5bb,1386,1,27.3665,43.274650769785374,35.07909105056427,0.4582473933696747,0.0,0.24828561877126276,0.20996177459841192,0.21986291034300365,0.23363090301877332,0.23469508134147868,0.22388803247940864,0.2534584816721561,4.758587865184874,0.05627705627705628,1386,0.22150748326877154,0.22813087231095086,0.20551018539150723,3.2369043385541816,0.7532467532467533,1386,0.033822624339610044,0.017953617469323876,0.017891045130443484,2.8854590646349787,0.9747474747474747,1386
scene-0906_CAM_FRONT_f5064bc8_0f546bbb,scene-0906,0f546bbb1e9048a1b84f70fb4aedf9a0,1571,1,27.3665,42.445188102672496,33.776179890346555,0.4388939142227173,0.0,0.21043617943540127,0.228457734787316,0.18976923711193527,0.25666041098992376,0.2063154394712751,0.18941685960298957,0.21000136392230195,5.863652916747168,0.7797581158497772,1571,0.26348911304069494,0.25823761708771525,0.22977642878009186,4.95970529760054,0.2966263526416295,1571,0.0476680905063357,0.011367924927855972,0.011333687140908655,5.007216016505481,0.9516231699554424,1571
scene-0906_CAM_FRONT_fe2427d4_8938bdb9,scene-0906,8938bdb987574314ac81e4e310a3f774,1503,1,27.3665,41.82776344033255,33.744184864173434,0.42424067854881287,0.0,0.20948846451460135,0.21475221403421152,0.18900100535380515,0.23955471464778322,0.21064812626866286,0.1878991361057187,0.2080758935827376,6.574451520732779,0.7704590818363274,1503,0.269664618361231,0.24494859018301468,0.21929550900277017,5.226449769843372,0.5681969394544245,1503,0.07376618159871096,0.014610313434241677,0.014631327110324444,5.626946246600243,0.8988689288090486,1503
scene-0906_CAM_FRONT_15bdb200_10fd9395,scene-0906,10fd939580824717b063600f37b4c126,1451,1,27.3665,44.326874018999355,40.15173463528907,0.4822714924812317,0.0,0.3833460056894884,0.09892548679174329,0.318422971047737,0.10398403510170606,0.35362743375862254,0.32093221975251063,0.38703433277148336,7.5475311004061325,0.011026878015161957,1451,0.13999880020809688,0.10724610635744426,0.10210167119456925,5.251575522635611,0.8862853204686423,1451,0.07951970679892306,0.017979041159307967,0.017967727226852803,5.570137513519181,0.8911095796002757,1451
scene-0906_CAM_FRONT_5018e6c1_38b44695,scene-0906,38b446951ae14bc9bad64c6fdd341ae5,1466,1,27.3665,48.10935633356586,43.56887161838343,0.5641570389270782,0.01906943862589024,0.4650233040241214,0.09913373490295685,0.37187953271544016,0.10421396163187802,0.3751681209496879,0.3694031454382485,0.4610885204644385,6.954531420343892,0.017735334242837655,1466,0.1476441833116513,0.11264978305555537,0.10674436212723526,4.882935840738121,0.91268758526603,1466,0.06254430895069057,0.01891797573251338,0.018767746167069888,5.0332425113374955,0.9331514324693042,1466
scene-0906_CAM_FRONT_0d0f1e7f_04760450,scene-0906,047604500ac04e4086ed7f4c48439f52,1643,1,27.3665,49.28483996097935,47.069430068526984,0.5882968902587891,0.020036038616212604,0.5423041095338901,0.045992780724898985,0.418592917735398,0.047066851865999126,0.4261009511912739,0.41817477040042944,0.5415851691318487,9.310215683296295,0.0,1643,0.07613949234580072,0.05327027574880894,0.05200267117846136,4.168478588746462,0.9464394400486914,1643,0.05333187019996295,0.022669740505087597,0.022691550067889255,4.241089402429458,0.945830797321972,1643
scene-0907_CAM_FRONT_e693989d_197990b8,scene-0907,197990b85a9b47dbba39406a42ff8ab6,2342,1,27.3665,28.10990910555433,24.639281366848415,0.026802513748407364,0.0,0.10497766470421821,0.13178017845262557,0.11068580258274063,0.14085750663879204,0.15030525171937417,0.12090144043350172,0.11441916933901908,5.202847541140707,0.912467976088813,2342,0.17753318883220653,0.15009123080209774,0.1406900921209434,5.2785791492939325,0.876601195559351,2342,0.06767472759213351,0.02949988880707153,0.029466599255194792,5.200246003314043,0.9402220324508966,2342
scene-0907_CAM_FRONT_ce93f225_20d3ca8e,scene-0907,20d3ca8e756d4c87b8addc399a866d0c,2287,1,27.3665,28.478098780310724,22.45911154375822,0.039815690368413925,0.0,0.19762324637796835,0.23743893674638272,0.21850323182555398,0.2679975663696852,0.26457382981027705,0.21987986817412214,0.19896275024712562,3.6544008307645033,0.7839965019676433,2287,0.31365910278245496,0.2691847460444881,0.23848128561896798,4.077907852377646,0.2186270222999563,2287,0.0685688049489964,0.01431175399184985,0.014337964032136608,2.5470449364278696,0.9077393965894185,2287
scene-0907_CAM_FRONT_5052ec00_a4ea60cc,scene-0907,a4ea60cc43244ddd82996667dab822f9,2404,1,27.3665,30.23962268688787,24.074707815540858,0.09983343631029129,0.0,0.12815781645333502,0.2279912527636263,0.13673238361523143,0.25607433820515135,0.17633239075976873,0.13849714934026647,0.1297733169966312,3.158271903337414,0.8373544093178037,2404,0.2875385320235873,0.25656713285124694,0.22846955360734544,3.874219272892712,0.39309484193011646,2404,0.07226077464947805,0.018227737665674454,0.018395912907333334,3.115640041751508,0.9217970049916805,2404
scene-0907_CAM_FRONT_86a69236_ebd128c8,scene-0907,ebd128c8164943538f360f11c10e26d5,2415,1,27.3665,27.161404366893084,21.073007029927208,-0.0075226291082799435,0.0,0.2613267038239391,0.25380407471565913,0.2986518706672936,0.28891924765740984,0.31446264782018224,0.2991114493241931,0.26196863634405276,4.263706437060378,0.17349896480331262,2415,0.30526321983080795,0.2894281491127882,0.25483152890260174,4.183566520093262,0.20248447204968945,2415,0.06856569260083553,0.025734480832848367,0.02575472705686188,3.1318314695252454,0.929192546583851,2415
scene-0907_CAM_FRONT_10629cde_fa0391dc,scene-0907,fa0391dcc3dd4dbbaa29cbafbea7bbf0,2180,1,27.3665,23.170253832618382,17.985909131830052,-0.16645034402608871,0.0,0.41973101231930565,0.25328066829321694,0.5215522217650324,0.2882447955668519,0.49848326808177557,0.5204394508103014,0.41903322651463604,6.20337508738073,0.037155963302752296,2180,0.2808281750327909,0.28750009826380496,0.252944118245648,4.97504874545331,0.19954128440366972,2180,0.05076714949080944,0.012699928826631917,0.012723159427128983,4.711493158972003,0.9532110091743119,2180
scene-0907_CAM_FRONT_ed107801_d20f18ba,scene-0907,d20f18baff6d46ad9bff2783474d2cf2,1836,1,27.3665,18.832885393160776,14.37192735947814,-0.3737150728702545,0.00014317781957167992,0.6440428227077524,0.27032774983749785,0.9041635346112484,0.3103938617349524,0.8819646815550375,0.9011481029926508,0.6438304812318864,7.664091411204671,0.02505446623093682,1836,0.333757016483677,0.31287246019581316,0.2723767867796061,5.422395822297168,0.10729847494553377,1836,0.07979257387379053,0.029919271612063387,0.0299130633086232,5.470499722524848,0.9237472766884531,1836
scene-0907_CAM_FRONT_99df68e7_5a1272e9,scene-0907,5a1272e987804ae4b2f521669bb60fa8,1793,1,27.3665,18.782571445751344,15.14695083157694,-0.3763902485370636,9.312299951842105e-05,0.5915203911813798,0.21513014264431662,0.8067332695732325,0.24002326637221305,0.8264021250758905,0.797901537493603,0.5914024276261438,8.002005703407214,0.013943112102621304,1793,0.28616613791032053,0.24178447738826103,0.21679374096127857,5.46147056813894,0.5443390964863357,1793,0.09573009225515566,0.029694191486017832,0.02964906136086798,5.3782974870155345,0.9185722253206916,1793
scene-0907_CAM_FRONT_30507c77_f224f268,scene-0907,f224f2685d184030bb959faeba154abe,1955,1,27.3665,19.036135917705124,15.408851141839856,-0.36298057436943054,0.00013249934892561305,0.5743775438532577,0.21139696948382758,0.7760246852986581,0.2354026748961222,0.8366371589386141,0.7726375855438408,0.5751548302482961,8.687754282388475,0.01329923273657289,1955,0.30717349428830754,0.2382621645956427,0.21376137181672306,5.528398099433128,0.5918158567774936,1955,0.12353920880822385,0.035533887204965885,0.035606579033384156,5.190438512580992,0.9012787723785166,1955
scene-0908_CAM_FRONT_a4782f7a_10103847,scene-0908,10103847ab7d4b1db6c1c046c9e38097,1897,1,27.3665,18.52931170692826,14.067251665570808,-0.3899657428264618,0.00022299611891861117,0.6654701185288081,0.2755043757023463,0.9454048772709964,0.31719486843888745,0.9693869010352234,0.9381319506677062,0.6645401137103015,9.42238606046377,0.013178703215603585,1897,0.36751366933349605,0.3178222457596653,0.2763073865140173,5.918759962560626,0.18977332630469163,1897,0.11809665886127833,0.0334341152467659,0.0334873262819575,5.602278267995349,0.8908803373748023,1897
scene-0908_CAM_FRONT_3de1d789_c11fe9bc,scene-0908,c11fe9bca8244a36b2749a7627d2addb,2073,1,27.3665,19.063736504472978,15.31743342831353,-0.36153171956539154,0.0001908476123304153,0.5803280181490837,0.2187962985836922,0.7866243798660391,0.24457772861833305,0.8594258005185866,0.7878263207765333,0.5820667971057656,9.476492190887647,0.008683068017366137,2073,0.3115953552294424,0.24865225202120556,0.22215538823304914,5.411172752012559,0.513265798359865,2073,0.11540466514025798,0.03360195969922821,0.03336550827815188,4.802849487654249,0.9218523878437048,2073
scene-0908_CAM_FRONT_3894f0cc_b82c2ddc,scene-0908,b82c2ddc3e8c4bbcab981ae3fd38adff,2296,1,27.3665,22.391225963522484,17.834584207106815,-0.20065045356750488,0.0,0.42818013240917274,0.22752967884166786,0.5344624624943517,0.25549470082963377,0.5553146310319808,0.5363457210469456,0.42956372506098306,7.311856584737297,0.023519163763066203,2296,0.2814039615105569,0.25831656972954986,0.22977477108108046,4.775790290551352,0.43989547038327526,2296,0.07061400342743349,0.033479611114721766,0.033405779415646486,3.7776322934538764,0.9403310104529616,2296
scene-0908_CAM_FRONT_7b173aed_3b3703bd,scene-0908,3b3703bdb0584fb685f6a2d6ef6917f6,2541,1,27.3665,26.26692514412222,20.21628783206559,-0.04100908897817135,0.0,0.3028310298185435,0.26182194084037214,0.35368571259622006,0.2992951704248865,0.3580034904198719,0.3565583966789579,0.30545160059502274,5.991569610183312,0.06336088154269973,2541,0.30561866170159074,0.3025422835507341,0.26470343629830584,5.702667931502381,0.16922471467926015,2541,0.05314109848645355,0.026003314944097307,0.02595411004780024,5.245979419142921,0.9626131444313263,2541
scene-0908_CAM_FRONT_f2138747_564de1d8,scene-0908,564de1d8feca41b8b9d356bad410d611,1885,1,27.3665,30.632763934985533,22.584199766435717,0.11275051534175873,0.0,0.19206910124056797,0.30481961658232715,0.21175424779370133,0.35638031242140644,0.21284083121931294,0.21164810286577063,0.1919815013189372,4.491681957646101,0.890185676392573,1885,0.3510191381981316,0.3560101760390776,0.3046145822855797,5.062746227483212,0.06790450928381962,1885,0.03734046430100158,0.013373302435544082,0.013315240754717461,4.437245079345521,0.9671087533156498,1885
scene-0908_CAM_FRONT_55f7c299_3b3a21ce,scene-0908,3b3a21ced30f45149db89e9404768f4c,1589,1,27.3665,39.10276554766196,31.816539232571834,0.35687355697155,0.0,0.1506666185956025,0.2062069383759475,0.13986559631904139,0.2290075064993533,0.17695308815654795,0.1550165723971575,0.16843826412161533,6.841546000469285,0.8432976714915041,1589,0.22375749670446035,0.2137518250690127,0.19524141514709825,5.830905137002826,0.7023285084959093,1589,0.07422428434819639,0.037490240578151805,0.037915362760291504,5.353075968782777,0.9112649465072372,1589
scene-0908_CAM_FRONT_f2c4526f_e388dd5b,scene-0908,e388dd5b5cdd4b60bfb3ab5ba61f7708,2134,1,27.3665,26.086244154193306,29.00548692817351,-0.04791150614619255,0.0,0.05816537887160678,0.10607688501779933,0.05650609942291773,0.10064450154583326,0.10379924090554636,0.06675049009864868,0.06807448048561737,4.468290142848139,0.8903467666354264,2134,0.1321725910920146,0.10145622466011484,0.10649132975143893,4.767286796114199,0.8631677600749765,2134,0.09116100040232857,0.05162630594653503,0.051757254321756596,4.253429126547261,0.8964386129334583,2134
scene-0908_CAM_FRONT_7000c2cc_30edd77d,scene-0908,30edd77da01e4d8eb794e503a72587d1,2012,1,27.3665,30.283936464033754,24.874000068279496,0.1012977845966816,0.0,0.0954965536611807,0.1967943382578623,0.10020503034809658,0.21749362309656273,0.13173398344432521,0.10214522064615147,0.09731535517438727,5.835316516667602,0.9150099403578529,2012,0.23747895644522782,0.2179242815665257,0.1972807549299299,5.902351475508871,0.7465208747514911,2012,0.06889494122931032,0.025635541403223258,0.025597449502694825,6.019436935213066,0.9398608349900597,2012
scene-0909_CAM_FRONT_3abf81a7_0084b0b7,scene-0909,0084b0b7c69f491eb75ed43ac19a47a3,1887,1,27.3665,34.878162638569854,27.37715970180589,0.24254128336906433,0.0,0.00038944060366752353,0.2421518427653968,0.0003893647815185197,0.27398762393416476,0.055842721061902224,0.015640582300704423,0.015542329305510583,9.03474166402918,0.9443561208267091,1887,0.2780635231872524,0.27032252537825924,0.23940202518996223,8.738536767069064,0.21992580816110227,1887,0.055799796295944504,0.0156073257055441,0.015625581890145845,9.033667993245563,0.9443561208267091,1887
scene-0909_CAM_FRONT_b485d79c_86f3094a,scene-0909,86f3094ac0b64fc8aaeef0857fe0b8d9,1731,1,27.3665,35.97114532138145,27.17792239919301,0.27339746057987213,0.0,0.006914670423778357,0.2803121310036505,0.006938631954169772,0.3235428666338944,0.07896602959395412,0.029554558788362162,0.029538131335340445,5.573241247108486,0.9237435008665511,1731,0.35459343332658905,0.32957960367877465,0.28502805671743303,5.708595708045019,0.08665511265164645,1731,0.07744870744561037,0.030412229857056727,0.030634062813788,5.585463747193617,0.9237435008665511,1731
scene-0909_CAM_FRONT_8b3831ab_352c344b,scene-0909,352c344ba8b045fe9d546d8fc1919fe2,1459,1,27.3665,32.120629195834624,27.017505572779736,0.16017884016036987,0.0,0.012834627177023439,0.17301346733739376,0.012917344507624495,0.1888821160527976,0.11878881604635243,0.02993378935343727,0.029494517994227643,6.941424450169909,0.8697738176833447,1459,0.26805667440418496,0.2034218157656026,0.18522500346576698,6.836103018616717,0.7457162440027416,1459,0.11332908883665485,0.019416725604067365,0.01932148257404931,6.96183781922078,0.8745716244002741,1459
scene-0909_CAM_FRONT_6a1d73c7_0f5c4067,scene-0909,0f5c4067b2214937af39d4c6b33a05c7,1558,1,27.3665,39.97561357797254,32.33538739446952,0.37894997000694275,0.0,0.16684257784373768,0.21210739216320507,0.15366716760966892,0.23628064480247302,0.16130694233943146,0.15421882600194287,0.16744965852266003,1.7000596227095797,0.9107830551989731,1558,0.2828710420985621,0.2367463914872941,0.21252480973863763,2.6185823559648114,0.7169448010269577,1558,0.06323498433112247,0.009985936123503252,0.009966348327868024,1.2804909622868283,0.9351732991014121,1558
scene-0909_CAM_FRONT_6e9f5f9e_1a175086,scene-0909,1a175086f0e248538b0eb83d830dd89a,1770,1,27.3665,51.99833109655697,45.18824041094967,0.6418919861316681,0.21800376940563856,0.5015172474515581,0.14037473868010997,0.39438889960918333,0.15070493171841082,0.38892680214997,0.3926899787756265,0.49871587495251835,3.929355532206801,0.0,1770,0.16108331229926082,0.15393300428925927,0.14317611117914963,1.8426285903559538,0.9728813559322034,1770,0.018286950753915253,0.010385856764445447,0.010378339391052593,0.5157605110195079,0.9966101694915255,1770
scene-0909_CAM_FRONT_86c585f2_b9382e94,scene-0909,b9382e94d0764ac592850b0dc34068fe,1841,1,27.3665,44.82823087665767,38.61342147344565,0.4935184568166733,0.0,0.34428028496307084,0.14923817185360289,0.29126974622490076,0.16094946176903613,0.28011937703145,0.2904416354278132,0.343112524211866,3.2247790783609913,0.023900054318305268,1841,0.18067601704109207,0.1623918988562602,0.150550956623845,2.2234845748248815,0.9391634980988594,1841,0.02987715904706724,0.017136032236521985,0.017278467385659635,1.1580850087991654,0.9972840847365562,1841
scene-0909_CAM_FRONT_969ab515_60f5b50b,scene-0909,60f5b50bd3a146c08d016cee80637f62,1891,1,27.3665,45.0022384763511,36.095899300417024,0.49739259481430054,6.850381441693913e-05,0.2768596284627094,0.22053296635159114,0.24183908614561578,0.24674102456372893,0.2511063026582063,0.24377199152569728,0.2794123497633101,3.310292057896181,0.02538339502908514,1891,0.23889269864424692,0.24389758035531,0.21826607805503695,2.7580111223142674,0.6171337916446324,1891,0.027515004608057468,0.011716672267045558,0.011713261486957283,1.8899302083484724,0.9888947646747752,1891
scene-0909_CAM_FRONT_0fbeb606_47ae0878,scene-0909,47ae08785ebf4660ba1faa2f47898454,1798,1,27.3665,41.34620187709462,32.207222604338455,0.4126609265804291,3.1707881628136306e-05,0.1628710942426892,0.24978983233773988,0.15029928733086062,0.283755584423635,0.15263557750163614,0.14754064385406487,0.15962974705878363,7.651269165821944,0.9204671857619577,1798,0.3212666811106332,0.2913323650542985,0.2556745264641914,7.423430440255974,0.11568409343715239,1798,0.06496862422206559,0.02287725428265907,0.023029354209197828,7.3120249873001875,0.9555061179087876,1798
scene-0910_CAM_FRONT_43da5026_525a91b1,scene-0910,525a91b18a1f4ec284dd244678b47f35,1919,1,27.3665,39.972931902779685,31.492441124356677,0.37888288497924805,0.0,0.14042791509166452,0.23845496988758352,0.13101369652686656,0.2692865486335412,0.1606907890270677,0.13591587612911069,0.14608514932649586,6.150802629300429,0.8983845752996352,1919,0.25657494799815994,0.2642471471577893,0.23457791165695507,5.531460682456666,0.3418447107868682,1919,0.044159547938816934,0.014487635924538445,0.014494656027186137,5.641218154968366,0.9666492965085982,1919
scene-0910_CAM_FRONT_b7750984_7f72c0bb,scene-0910,7f72c0bb768046df8c15bf20f43b17e0,1819,1,27.3665,38.04955861197187,30.01703558841751,0.32956984639167786,0.0,0.09244543580418618,0.23712441058749212,0.08830104427234842,0.26759881067848745,0.12429589385510974,0.09530709943958647,0.10015972926716765,5.258747232748577,0.903243540406817,1819,0.2471651091155,0.26063575254907717,0.23164471454179658,4.735116899403326,0.41066520065970313,1819,0.05163982682526044,0.01838719520221816,0.018422222931085752,4.918526242115898,0.9587685541506322,1819
scene-0910_CAM_FRONT_6fc78b00_8119ac63,scene-0910,8119ac63b62b420bb982b7e064168349,1785,1,27.3665,35.77343329603338,28.041879171332532,0.26788589358329773,0.0,0.024379439805628955,0.24350645377766877,0.02408466163077183,0.2757145509921777,0.05332699350457975,0.032962176644417224,0.03343427525681908,4.052898934177858,0.969187675070028,1785,0.2626796230805131,0.2661657179331059,0.2360731683701145,3.948678444964535,0.334453781512605,1785,0.04273327816565447,0.020482056931708136,0.02054081320050627,3.971672461542533,0.9697478991596639,1785
scene-0910_CAM_FRONT_e1d7a25b_dcabeaa4,scene-0910,dcabeaa46ee548c3a5a54a01ab46e6e8,1804,1,27.3665,38.09119336168162,30.30776347837017,0.3306634724140167,0.0,0.1020842624669922,0.22857920994702452,0.09704653662317486,0.2568130732861984,0.13560571616878667,0.10514552899209179,0.11109417617274098,4.512831952385404,0.8337028824833703,1804,0.22509544910135013,0.24692217990065862,0.2212648026114965,3.080770277802728,0.524390243902439,1804,0.057861167285046054,0.018916481436690603,0.018882664137016003,3.467164445887046,0.9478935698447893,1804
scene-0910_CAM_FRONT_7af93e67_302c9592,scene-0910,302c95923235437d8d87e8d741e34279,2086,1,27.3665,39.53955676720916,33.141312815416434,0.3679819703102112,0.0,0.19146098780104737,0.17652098250916382,0.17424816112686248,0.19305945987801798,0.17188994688999934,0.16869118419792736,0.18470477424675635,4.798925463522479,0.886385426653883,2086,0.24162528170461556,0.2062219435172915,0.18755084488431462,5.13518305224408,0.6927133269415149,2086,0.0712016253296769,0.024293412073770865,0.024136671387181896,4.077277736644301,0.9189837008628955,2086
scene-0910_CAM_FRONT_51d189d9_8e891ad6,scene-0910,8e891ad68790441bb4ad69218d168db8,1937,1,27.3665,43.608930002081344,39.28379767521665,0.46594230830669403,0.0,0.36149252333438486,0.10444978497230961,0.30336419543100923,0.11009964878200496,0.34846419651589855,0.31133293300794757,0.3729503648582373,9.55640745707519,0.010841507485802787,1937,0.12237642891599079,0.10505733619995827,0.10102613204316291,5.261645796027266,0.9292720702116676,1937,0.08349677619305428,0.022909088002575663,0.02293000944383472,5.960863864148126,0.9225606608156943,1937
scene-0910_CAM_FRONT_aa9468f8_0562be5d,scene-0910,0562be5d8f284bd38d811469f02c857f,1884,1,27.3665,41.29420133710402,35.00575825350033,0.4114024490118027,0.0,0.24619293184806734,0.16520951716373533,0.21822861822273087,0.17964024770053055,0.2635230466752771,0.22410814611382363,0.25374213207146923,8.787500716936094,0.14331210191082802,1884,0.1782106925393965,0.17548237656662752,0.16179345532033163,4.779429959402755,0.8561571125265393,1884,0.08615794004813024,0.026121525262402988,0.026175362629466847,5.975486513065027,0.8949044585987261,1884
scene-0910_CAM_FRONT_4299ad6c_254812b1,scene-0910,254812b1bac44fa88a9c2a1de6cdee5a,1621,1,27.3665,42.409605640558915,36.01029322412923,0.43805524706840515,0.0,0.27448518284268353,0.16357006422572162,0.24003673533925374,0.1777078674866699,0.2702939065679682,0.24555209229613117,0.28176904529974167,9.021490737389628,0.14003701418877237,1621,0.21504365837322087,0.177140158735805,0.16315972612812812,7.106282339366702,0.7927205428747687,1621,0.09335475365682362,0.030516062084736683,0.03069553646861367,7.233960403170543,0.9210363972856261,1621
scene-0911_CAM_FRONT_d056b9bd_45df585a,scene-0911,45df585aa5fb4972986093b353bae03f,1823,1,27.3665,41.12857760646443,33.647019289561854,0.4073835611343384,0.0,0.20660483472457258,0.2007787264097658,0.1866590093913677,0.2223542671794272,0.24775789992025102,0.20206679607678557,0.22573038939260748,8.7096198242831,0.48491497531541417,1823,0.1715477534121581,0.2051488984275454,0.18700953814875554,3.860186541760245,0.9188151398793198,1823,0.084071620704238,0.023626984471742104,0.023910577543043043,5.415533257993354,0.9369171695008228,1823
scene-0911_CAM_FRONT_c0d6f63b_728c7262,scene-0911,728c72625d714fcd97f5c3467d2e1550,1925,1,27.3665,37.878844950317614,31.95527620323093,0.32507313787937164,0.0,0.15501766893304225,0.1700554689463294,0.14359995432513173,0.18537060075505662,0.1963239673711819,0.154733797490271,0.16810366868140703,6.786900396807957,0.6493506493506493,1925,0.15592477482260675,0.1768501883067831,0.1637082031603212,3.740096233099577,0.9106493506493506,1925,0.08121164187989773,0.03379233084540685,0.03363636205424525,4.79657902183039,0.9205194805194805,1925
scene-0911_CAM_FRONT_36decc5f_74843887,scene-0911,7484388789fe41ee94aaf68011b543ca,1614,1,27.3665,37.00300404789809,28.941468620222917,0.30167946219444275,0.0,0.055955829348595554,0.2457236328458472,0.0544190981076339,0.27854617654206226,0.10299976855652644,0.0678246618785767,0.07023435096035402,4.250001374052624,0.9033457249070632,1614,0.25026392421959265,0.2651048246897748,0.23528775735492036,3.88323176737127,0.3878562577447336,1614,0.06450186570293302,0.022732250458932228,0.022831622412105013,3.7519249885974735,0.929368029739777,1614
scene-0911_CAM_FRONT_51c1eef6_07484c62,scene-0911,07484c624f14433c9ae39d08d8034b3f,1597,1,27.3665,39.19619030473509,31.82292095789701,0.3592599183320999,0.0,0.1508671773472785,0.2083927409848214,0.140038086503531,0.23169681238856765,0.16183373093095707,0.14331898369289955,0.15468855704140583,4.930529552147141,0.788979336255479,1597,0.2202168811582796,0.22767854841657087,0.20513654992021757,4.269801169319377,0.799624295554164,1597,0.05779003925311543,0.01759524271255702,0.017490709678333216,3.4787748993409218,0.9398872886662493,1597
scene-0911_CAM_FRONT_bbd330e5_2ec05dce,scene-0911,2ec05dce9faf45d39cdf8188471e9ea7,1458,1,27.3665,39.67145625065153,31.647193147722763,0.37131230533123016,0.0,0.1453298229035873,0.22598248242764285,0.1352629640088885,0.2535537058681039,0.17417904107755258,0.14619784816090803,0.15805578459311753,4.983078257666742,0.747599451303155,1458,0.2163373175553179,0.23917052989668672,0.21457961279794158,3.982728068925275,0.6138545953360768,1458,0.05582932202747843,0.020122489376710753,0.020199241903628762,3.4496951263034314,0.953360768175583,1458
scene-0911_CAM_FRONT_157dcf34_8c72fbe5,scene-0911,8c72fbe5dc934d39bb1cd1831253692b,1486,1,27.3665,39.06670343367296,31.489121052280932,0.35595089197158813,0.0,0.1403224851225091,0.21562840684907947,0.13092207449792603,0.24064127953305148,0.149135766233383,0.13184659512303215,0.1413868462408031,3.96719290146037,0.9232839838492598,1486,0.24689962973388505,0.24071990382519287,0.2159462134982103,3.913898146167931,0.6211305518169583,1486,0.04487210516449761,0.015473760522167184,0.015555496772930333,3.1480616769363787,0.9535666218034994,1486
scene-0911_CAM_FRONT_80e281bf_098e9762,scene-0911,098e97621e6b4561a58a74a8bc1a91fd,1656,1,27.3665,39.5180614727028,31.86217489017743,0.3674381822347641,0.0,0.1520999284872051,0.215338253747559,0.14109755236963983,0.24028135583693455,0.1777043702647587,0.14689046097841452,0.15883473975789741,5.387703663773497,0.7814009661835749,1656,0.22608863183672018,0.23491857352161508,0.2111092725922522,4.23427543117444,0.7125603864734299,1656,0.06652315688183764,0.018343602779824643,0.018221463925566228,4.116870867563633,0.9317632850241546,1656
scene-0911_CAM_FRONT_a7cd913c_93780af3,scene-0911,93780af308e34949b05d610601614472,1422,1,27.3665,41.79861583406093,32.427541233557406,0.4235435873270035,0.0,0.16968846215554123,0.25385512517146225,0.15607230893966229,0.2889850492520827,0.19637923029028065,0.1628824660346905,0.17778106980811492,5.47171982033126,0.729254571026723,1422,0.2582639822307671,0.28026255384189636,0.2471555196339401,4.530875285479468,0.3206751054852321,1422,0.0658599888039177,0.015750399064525557,0.01568556611749916,4.244322806969172,0.9149085794655415,1422
scene-0912_CAM_FRONT_8487e4c9_56a6c249,scene-0912,56a6c2493a4544e3a1f0aaf67db1258d,1190,1,27.3665,37.140689656397434,28.945551727082936,0.3053934872150421,0.0,0.05609690093398001,0.24929658628106255,0.054552483295921994,0.2831225331817293,0.06981701393503997,0.05743054937548535,0.05914567471209953,2.9789704351698063,0.9689075630252101,1190,0.2739303074540996,0.27965974568244467,0.24659421890843525,3.5461491576063233,0.17899159663865546,1190,0.03109634427441785,0.014838904726750823,0.01485551888461245,2.800115883044089,0.9831932773109243,1190
scene-0912_CAM_FRONT_e7afb9a4_60ecb3e1,scene-0912,60ecb3e17276460db1d3bbc009dac334,1366,1,27.3665,39.4402966112532,30.95995034607939,0.36546841263771057,0.0,0.12337480727369021,0.2420936053640208,0.11606770378862852,0.27391343236594445,0.13977980687996966,0.11775154436743299,0.12528156692000703,6.724816504966183,0.9209370424597365,1366,0.27837211139215323,0.2738707019126271,0.2421207906354551,5.965027862334129,0.17935578330893118,1366,0.04871340645081856,0.012614483859161356,0.012664956043571762,6.076527873988528,0.9516837481698389,1366
scene-0912_CAM_FRONT_44183eea_2f1fd75c,scene-0912,2f1fd75cc1f143509dfd4982738da9fe,1243,1,27.3665,36.54016527520499,29.191461413200688,0.28909243643283844,0.0,0.06455661151805892,0.22453582491477997,0.06251695957830405,0.251741554079274,0.0915074310512297,0.0645681425792809,0.06674697673264451,5.755406580329906,0.9469026548672567,1243,0.2493825654596159,0.25106231074613977,0.22399803314310462,5.045891420420912,0.4770716009654063,1243,0.043145822827157426,0.013553820223094834,0.013486143806025641,5.452318387673085,0.9597747385358005,1243
scene-0912_CAM_FRONT_41ce9907_3acae4c6,scene-0912,3acae4c6cc3f49b6a654780f3c852b4c,1095,1,27.3665,36.982166358425744,28.809008589683923,0.3011161684989929,0.0,0.05136849884589534,0.24974766965309803,0.0500714415490322,0.2837014589828164,0.06258906173827719,0.050892409899604245,0.052146705305073704,1.9580985538321407,0.9899543378995433,1095,0.286769506813603,0.2838941689122125,0.24989777890524367,3.4614619450674198,0.1095890410958904,1095,0.028223839556005364,0.008127832617818888,0.008101774959705654,1.8749191604574023,0.9926940639269406,1095
scene-0912_CAM_FRONT_bf066d5f_83d3ee0e,scene-0912,83d3ee0e085b4ac282e06741fe1f3ae2,1142,1,27.3665,39.27234440006484,31.543877071536713,0.3612009286880493,0.0,0.14205986188258457,0.21914106680546475,0.132430679401364,0.24500689344563242,0.14610971468087644,0.13425870334813172,0.14416914875790376,3.4053018536038397,0.936077057793345,1142,0.23609308349299588,0.2427521140437305,0.21732836694425395,3.3700958724042613,0.6795096322241682,1142,0.028024359013767576,0.010025644289527024,0.010004749099675525,2.750143386791674,0.9877408056042032,1142
scene-0912_CAM_FRONT_cbb78ba0_0412bd89,scene-0912,0412bd89648f4e63b40759a16777af0a,1454,1,27.3665,38.84852837362875,30.421989528428206,0.350350558757782,0.0,0.1058460490412485,0.24450450971653348,0.1004368739780469,0.27698842106714494,0.1231444099849335,0.10189516696885859,0.10746847768899315,4.383807965441637,0.9360385144429161,1454,0.2727682447094183,0.2764442776105198,0.24418464449396227,4.104532583766587,0.18019257221458046,1454,0.040863153036464366,0.012496269261641466,0.012464216370167147,3.839018988922913,0.9573590096286108,1454
scene-0912_CAM_FRONT_d35d70df_01653ee2,scene-0912,01653ee2b605497d95848f3e6cac5f67,1483,1,27.3665,35.7680316161298,29.507598266884642,0.2677348852157593,0.0,0.0753281609119627,0.19240672430379657,0.07256091287129673,0.21216343304602403,0.08296441031569106,0.07263300346116168,0.07540589474142978,2.655085307406125,0.973701955495617,1483,0.21943686270715493,0.21257595772458054,0.19275935794567411,3.6445904166865155,0.8496291301416049,1483,0.03388046359814985,0.00977130013941911,0.00974852569138851,2.3896502872180663,0.9777478084962913,1483
scene-0912_CAM_FRONT_2ef0e6bf_66dcc398,scene-0912,66dcc398f35845de99fd4ac9f2b98576,1598,1,27.3665,32.55788235860116,25.788261700937145,0.17369986325502396,0.0,0.0594002220736094,0.2331000853286338,0.06119987137425009,0.2625078315153755,0.09031019703939375,0.06406378189995415,0.06216711326803648,3.890953147249119,0.9518147684605757,1598,0.2718068343940678,0.263427898885336,0.23419812168459075,4.489573765819745,0.3191489361702128,1598,0.050794244243274146,0.015475106747521793,0.015423922933819889,3.999673878474709,0.9493116395494368,1598
scene-0913_CAM_FRONT_1f048fa2_1e6f6e90,scene-0913,1e6f6e90ec654248926d03aaa42a120d,1531,1,27.3665,39.90743807066845,34.208821988817355,0.3772430866956711,0.0,0.2231639260560847,0.15407916063958682,0.20001629962744893,0.16658323059805835,0.23031627382763165,0.2017953708761878,0.22539028693078444,4.683192798216975,0.46309601567602876,1531,0.1760203273490382,0.16850674923037043,0.15579728304570173,3.567526570311079,0.9065969954278249,1531,0.059123441127409956,0.016731567768674373,0.016784138658897385,3.5777505828059883,0.9255388634879164,1531
scene-0913_CAM_FRONT_3ace3074_d2bfb598,scene-0913,d2bfb598a2104ed2ae695ff1dd9f38a1,1312,1,27.3665,37.88946861311428,34.4198651310627,0.32535356283187866,0.0,0.22931423480742863,0.09603932802445048,0.2049213471408199,0.10080235552464112,0.22917800709559852,0.2074978658584684,0.23256008602034228,3.4603854614586664,0.36128048780487804,1312,0.11057087009282533,0.10091350999333547,0.09621364570030244,2.287901253424481,0.9573170731707317,1312,0.045401750386126795,0.01564781238897326,0.015612631491726092,2.4164707451724645,0.9535060975609756,1312
scene-0913_CAM_FRONT_a68a0818_0071536e,scene-0913,0071536e4d774034a135085c3f08890e,1346,1,27.3665,27.750071957735475,29.002240221244147,0.013918795622885227,0.0,0.05805343837359711,0.04413464275071188,0.05640047833428974,0.043174880766329804,0.09836934345109695,0.06368532190819517,0.06580366446792574,4.884628834766254,0.9331352154531947,1346,0.08681365582042883,0.05059495023103176,0.05189749780916042,4.848361783097261,0.9331352154531947,1346,0.06513056464668097,0.026014027159326276,0.025902551600127666,4.749573049259605,0.9383358098068351,1346
scene-0913_CAM_FRONT_1ad48393_3608204a,scene-0913,3608204ac02a47afa1165e06f47d761d,1112,1,27.3665,34.7314848276439,31.40733810270235,0.23832698166370392,0.0,0.13772192551173834,0.10060505615196602,0.12865904424911034,0.10583981087704886,0.1529008208201898,0.12928569338284357,0.1384413621464492,2.5733237962863993,0.9073741007194245,1112,0.13223791709257735,0.11280195075242436,0.1068811140695638,2.00836748639094,0.9370503597122302,1112,0.056947850445703586,0.02160089374324254,0.02164830912991733,2.097306101002455,0.9244604316546763,1112
scene-0913_CAM_FRONT_81530763_ce9df8d8,scene-0913,ce9df8d818354073b48c2b0e5e8ff7b5,1256,1,27.3665,41.87142968663807,40.80093300782894,0.42528408765792847,0.0,0.3993853113498509,0.025898776308077576,0.3292677891765642,0.026237063711354924,0.34874452412320006,0.33000500889288786,0.40048504912401384,3.8742173182376907,0.0031847133757961785,1256,0.06354835139644788,0.030379836409608882,0.02993975215165756,2.0217944585080208,0.9307324840764332,1256,0.052448772314967085,0.015350363611504865,0.01527924106672185,2.0663053654262473,0.9299363057324841,1256
scene-0913_CAM_FRONT_3b156a67_5e2aad67,scene-0913,5e2aad6755f1484a977446f535ff9d51,1237,1,27.3665,46.20032322771304,43.88841745259087,0.5236671566963196,0.004581106908150252,0.4723308082829294,0.05133634841339019,0.3764527957846321,0.052676899950186984,0.39560879627893425,0.37605511482897197,0.4716932395600253,4.807805936728963,0.0,1237,0.08243830025937618,0.06026605585190389,0.05854686578590873,2.783358753022664,0.9385610347615198,1237,0.05119813254501968,0.01577346992791024,0.01578228051976094,2.8809962504717253,0.9329021827000809,1237
scene-0913_CAM_FRONT_13783448_e60fea72,scene-0913,e60fea7246b54e949468bef871cf5cac,1349,1,27.3665,52.411186818553645,48.07310150053706,0.6498004198074341,0.35879160293091644,0.5634031626888896,0.08639725711854451,0.4307315495403543,0.0902393476311929,0.4522486273145598,0.4306767040886722,0.5633068235894725,5.541090648339483,0.0,1349,0.1168263134168875,0.0946739999464689,0.09055325102633871,2.7334665506611264,0.9377316530763529,1349,0.05994378736843728,0.014913524752587224,0.014858453119851234,2.8811777795262503,0.9229058561897702,1349
scene-0913_CAM_FRONT_72fb4e43_98ce1160,scene-0913,98ce116013fa4ff18adfb93576e0eba5,1232,1,27.3665,50.597340579575125,45.25156275381469,0.6145793795585632,0.02894434300398999,0.5029175679077413,0.1116618116508219,0.39523635572800164,0.11813465658287758,0.40870568405384144,0.3951392013214614,0.5027569324714924,5.214575840623376,0.0,1232,0.14465636728288087,0.12180566054136427,0.11506155174783228,2.9311437409218466,0.9285714285714286,1232,0.05787179225125795,0.019727569816566377,0.019725489907552296,2.9922767558151993,0.9318181818181818,1232
scene-0914_CAM_FRONT_f8de6e9a_10e6d207,scene-0914,10e6d20748d4434986cfff5b74222781,1394,1,27.3665,34.52257274162273,36.83042048822264,0.2322937548160553,4.160910740142803e-06,0.2970045097571141,0.06471075494105838,0.25695933857852493,0.06266145528634126,0.2717372146737256,0.2673398385725676,0.31107331159390195,6.510919003408455,0.013629842180774749,1394,0.08519532268774235,0.07641768579343992,0.07949535046456258,2.863591172108912,0.9870875179340028,1394,0.03959656688788166,0.021806935611892064,0.02200676135228674,2.1088444891146727,0.9913916786226685,1394
scene-0914_CAM_FRONT_f9fe6f80_1424390f,scene-0914,1424390fe04948cb9592b685f5626cf9,1870,1,27.3665,34.00583021454809,32.44388774058832,0.21721234917640686,0.0,0.17019242846660898,0.04701992070979788,0.15649751291169567,0.04814288862199856,0.16465868599544856,0.15184899945956015,0.16469659412975468,4.804308249470658,0.9053475935828877,1870,0.08866591759257329,0.05990820740343904,0.05827597095955317,3.6833400942820185,0.9433155080213904,1870,0.05792056968551716,0.0232773716961004,0.023240841044524396,3.701291285443725,0.9411764705882353,1870
scene-0914_CAM_FRONT_9a99dae6_614cb312,scene-0914,614cb31279b84b329865c216024711dc,1973,1,27.3665,32.096452410504625,24.11101144628434,0.15942586958408356,0.0,0.12665099500629173,0.2860768645903753,0.13502082071373867,0.3311947730608742,0.16135709328391384,0.14124214877987792,0.13211806231207301,4.0793777337063455,0.8925494171312722,1973,0.3433857756432427,0.3362494782957528,0.28997876744791595,5.26353243972059,0.099341104916371,1973,0.062154156358864364,0.02401665693072655,0.024163719836436837,3.980419788812024,0.9472883933096807,1973
scene-0914_CAM_FRONT_1c7ffbf1_16767ec4,scene-0914,16767ec4463a4d8e80e7ec9be2d29103,1703,1,27.3665,21.783143952946705,20.086078989388614,-0.22818318009376526,0.0,0.3092926501149047,0.08110947002113944,0.3624610365446437,0.08448960916934767,0.37918263388940443,0.36422648763528426,0.3109967293564466,5.8439500962070134,0.03229594832648268,1703,0.12274673267894498,0.08828457130914441,0.08460266874641387,5.7671560546435225,0.9236641221374046,1703,0.06361322502928791,0.018455601335583754,0.01854373565351386,5.933130397511963,0.9342337052260716,1703
scene-0914_CAM_FRONT_6d1c615e_e0513430,scene-0914,e0513430edd04b22af02eb1d912bfe83,1500,1,27.3665,26.201186080389245,22.02418742060956,-0.043514957651495934,0.0,0.2171783599984871,0.17366340234699118,0.24256570639202168,0.1896550633178402,0.2568320399791711,0.2431942465465587,0.2178418097119219,4.699739010380256,0.58,1500,0.2068563862505489,0.19044460933172475,0.17432685206042586,4.535408267078546,0.834,1500,0.05717947730886597,0.02049061032512547,0.020592666296129214,4.5456983039832,0.9593333333333334,1500
scene-0914_CAM_FRONT_a6389047_67fa7b67,scene-0914,67fa7b67228546379e22d0481e3d0331,1805,1,27.3665,23.96535522825026,20.363378991941936,-0.13271038234233856,0.0,0.29558149744951123,0.16287111510717267,0.3439076103641392,0.17688499721650697,0.3336571008974707,0.34202748788354437,0.29499190714156276,4.619857852410166,0.15124653739612187,1805,0.1798646811613195,0.17657072846579439,0.1626557765090597,3.8094820186422327,0.8880886426592798,1805,0.06282879571907239,0.022176559307556874,0.022094057148746238,3.8486520985197163,0.9501385041551247,1805
scene-0914_CAM_FRONT_8a39538c_98605ed7,scene-0914,98605ed784f7455bb52d1994cdbaaaac,2181,1,27.3665,25.100026655734187,20.86677056893471,-0.0864507295191288,0.0,0.27116166887027937,0.18471093935115057,0.31148707988104896,0.20287068728793667,0.29658894211907405,0.2984210220050343,0.26114892778729537,3.403305659445521,0.328748280605227,2181,0.19457104799699082,0.19122496902710376,0.17498216340631245,2.8712492007834753,0.8138468592388812,2181,0.0702669066268887,0.045284334409228466,0.04575985854344422,2.7818259647160284,0.9578175149014214,2181
scene-0914_CAM_FRONT_b8a345e3_8a3346bb,scene-0914,8a3346bb357e43f0bd6a254838bbb978,1724,1,27.3665,24.303460096282492,19.881574206405457,-0.11870090663433075,0.0,0.31952625411144764,0.2008253474771169,0.3764755102331405,0.222411255968473,0.35149505202907766,0.3612839018565246,0.3085482629733777,4.434102285282588,0.09222737819025523,1724,0.20769741608613687,0.20979723038173342,0.19075989465777832,3.906155138922751,0.7238979118329466,1724,0.057102654424020974,0.033121145197612695,0.03305802467433583,3.9286538805763866,0.9646171693735499,1724
scene-0915_CAM_FRONT_7f8368b7_7c7be93d,scene-0915,7c7be93dfab0447a8706a6a4c2a7a1bf,2505,1,27.3665,26.608340968144223,23.325024517400706,-0.028094900771975517,0.0,0.1597928397837447,0.13169793901176918,0.1732677914050771,0.14076368701323894,0.23727341512305086,0.19087884819508955,0.17517384137937508,4.616136109096206,0.679441117764471,2505,0.20673676957047027,0.16037509054842602,0.1496245874048978,4.482448167349135,0.7273453093812375,2505,0.0818826050263539,0.022932939415410566,0.02299216524729797,4.2702557231715526,0.9357285429141716,2505
scene-0915_CAM_FRONT_a2ef08f7_cce9a021,scene-0915,cce9a0212eb1444696e2decbc95a015e,2160,1,27.3665,30.044389379795824,23.588355172559016,0.09335629642009735,0.0,0.14856647227186848,0.24192276869196583,0.1601699143413018,0.2736958198233037,0.17665441005231713,0.1618480699541554,0.150111307780757,4.200205065618375,0.9120370370370371,2160,0.28020639624868643,0.2753204119896311,0.24324280626385986,4.40723172474134,0.16527777777777777,2160,0.05406250288375267,0.01284128957879306,0.012826986634838278,4.51000988363823,0.9476851851851852,2160
scene-0915_CAM_FRONT_6de71c96_005cfc5e,scene-0915,005cfc5e77bc4b60a28499a1fed536c5,2362,1,27.3665,37.35774057923665,31.095322331084514,0.3112204968929291,0.0,0.12773776287449579,0.1834827340184333,0.11991586037868429,0.2013942219821241,0.17196518278374423,0.13694985486155203,0.14699010542105495,6.095240993850577,0.8052497883149873,2362,0.17953259344296113,0.18768925233998435,0.17221274836776357,4.283076967818966,0.915749364944962,2362,0.07383875950279506,0.03025376820640852,0.030246371117772952,4.662615108548959,0.9246401354784082,2362
scene-0915_CAM_FRONT_c6cebadf_c943bddd,scene-0915,c943bddd24a3442281fb0bffeb51342c,2490,1,27.3665,36.32128528022603,30.16932581979743,0.28308430314064026,0.0,0.09750606923772231,0.18557823390291794,0.09290316384724073,0.20391438301188747,0.09361930778119018,0.0870408123150984,0.09106410092810813,3.474404649837542,0.9534136546184739,2490,0.23484980952181053,0.21464751771289728,0.1946721828376734,5.102706447968145,0.6526104417670683,2490,0.055886402708684474,0.026055704594278944,0.026106252361172366,3.3004252570113826,0.9650602409638555,2490
scene-0915_CAM_FRONT_d85a67be_246b21c5,scene-0915,246b21c5bf164950aa0bbcb44d34d717,2631,1,27.3665,37.833854875207265,30.960029155506888,0.3238846957683563,0.0,0.12337735279867701,0.20050734296967931,0.11606995385751129,0.22202258548189135,0.13958174368450502,0.12118961504367655,0.1291861213404082,4.74969728584315,0.9064994298745724,2631,0.2029496717623632,0.21580523287445258,0.19540660038182844,4.665825376825446,0.8859749144811858,2631,0.04022469661163373,0.016964668312116838,0.01703403433691797,3.624237978046761,0.9718738122386925,2631
scene-0915_CAM_FRONT_87a927d7_666e8405,scene-0915,666e8405840b434bb91c9dc66ad2efb5,2105,1,27.3665,34.03600977869575,26.43420525444655,0.2180994376540184,0.0,0.034660812542741226,0.2527602501967601,0.03526849915022989,0.28757454408320005,0.047253627390865985,0.03835511997665755,0.03801078439039407,1.7762611218920035,0.9824228028503563,2105,0.266155278785728,0.2783482910979017,0.245844001836391,3.1134537099861963,0.28551068883610453,2105,0.0393484508448319,0.019536111605521024,0.019488420382397065,1.8828606710195197,0.9786223277909739,2105
scene-0915_CAM_FRONT_20fac9be_88bbcc1c,scene-0915,88bbcc1cfea447b2a3d6ca38f5c12174,2647,1,27.3665,42.384551077206076,37.36474060592087,0.43746429681777954,0.0,0.31140785755316625,0.1260564392646133,0.2675849060848702,0.1343461881410668,0.2763406972567363,0.2649104477364479,0.3077629473768111,6.712407562143636,0.03400075557234605,2647,0.1488044767690429,0.14303072046111537,0.13386396138180956,4.89743006291023,0.9376652814506989,2647,0.04430690492960672,0.02015718651014456,0.020148292688261016,3.787966568286524,0.9459765772572724,2647
scene-0915_CAM_FRONT_0a8dee95_cdefb1ef,scene-0915,cdefb1efefb246b18fd4a7db962b0df4,2245,1,27.3665,35.90446033602393,28.16268385311622,0.27154189348220825,0.0,0.028678196394603006,0.2428636970876057,0.028270879908632196,0.27489484039537215,0.06070327817249992,0.03485107979807297,0.03515737496830207,3.427013756836944,0.9447661469933185,2245,0.29717698364026923,0.2851673891293692,0.25130533317097736,6.37462275467796,0.22939866369710468,2245,0.058278575807841834,0.031367719774365976,0.031320710105681604,3.4680211055185692,0.9452115812917594,2245
scene-0916_CAM_FRONT_b5989651_ac8b4d49,scene-0916,ac8b4d49731d43289579f014cb7c97ef,2205,1,27.3665,27.395266935947785,21.541551624075385,0.0010506212711334229,0.0,0.23933593395997566,0.24038655523110908,0.2704052371703114,0.27174065332091213,0.28418047840705607,0.27922454985941647,0.2468680573370854,5.151173590059818,0.15510204081632653,2205,0.2853949855015905,0.280569236636631,0.2479186786082188,5.15705235714317,0.14603174603174604,2205,0.06393960051121982,0.019986431497932045,0.019899491706867778,5.070251140197074,0.927891156462585,2205
scene-0916_CAM_FRONT_c1eed312_d8251bbc,scene-0916,d8251bbc2105497ab8ec80827d4429aa,2179,1,27.3665,28.401470088006473,22.313091411172696,0.03712126985192299,0.0,0.20414607262629403,0.24126734247821746,0.22647729513163473,0.2728612797142569,0.2258347956157736,0.2254954346090325,0.2034498591105316,3.94756914049502,0.6727856815052776,2179,0.2698826958598597,0.2713529669987036,0.2402715471208383,4.320764545469247,0.41073887104176227,2179,0.05981642165933565,0.037292079736573135,0.03760878622291575,3.3211895958091273,0.968793024323084,2179
scene-0916_CAM_FRONT_048a45dd_609d5177,scene-0916,609d5177362340458a3bfd4949cd1e64,2910,1,27.3665,25.238103245472438,19.873921699811408,-0.08096475154161453,0.0,0.3199112326666951,0.23894648112508055,0.37700552580217184,0.26991057058013523,0.4180449053755925,0.3925333749146802,0.33113569590098946,7.619878004773812,0.02336769759450172,2910,0.31219486759438475,0.28431302983332496,0.25025212076068293,6.96687372744231,0.10481099656357389,2910,0.05903428983897039,0.019464598031771294,0.019442785211750024,6.369004618645154,0.9621993127147767,2910
scene-0916_CAM_FRONT_b1303058_e174cb43,scene-0916,e174cb43655f49dab7ffa27b973670e3,2199,1,27.3665,20.41100472851062,15.368414843569246,-0.29324543476104736,0.0,0.577005218550315,0.283759783789268,0.7806976372355816,0.3281138579527212,0.7339499178636975,0.7706862249768026,0.5714516753432854,7.963715527812999,0.019554342883128694,2199,0.3046381745844305,0.32121998060184054,0.2787087212642976,4.078833660624499,0.15688949522510232,2199,0.04436866665216395,0.015367938211550464,0.015315763599891508,3.5790105486289385,0.9645293315143247,2199
scene-0916_CAM_FRONT_6ff9723a_55c25897,scene-0916,55c258972acb4300a3a6077a531ab050,2665,1,27.3665,25.48206698064163,20.336381746434803,-0.07134468853473663,0.0,0.2969081514139065,0.22556346287916984,0.34569169389228516,0.253028552392754,0.331434616007941,0.33854564522332564,0.29230667006859834,5.618062350598224,0.13846153846153847,2665,0.24484942169801627,0.24795113358501572,0.22170755760668714,4.6461929444384324,0.5272045028142589,2665,0.05466146781970429,0.021050922469734768,0.02115064570542291,4.034704771214009,0.9606003752345216,2665
scene-0916_CAM_FRONT_44237858_e00dc151,scene-0916,e00dc15130dc44e796687baadd076ae4,2461,1,27.3665,25.600450661421714,20.26971512531256,-0.06670968234539032,0.0,0.300191731277895,0.23348204893250468,0.35011764254274436,0.262990155665888,0.33472790657510376,0.34522571432159294,0.2969822763690202,7.3851431236390335,0.09183258837870784,2461,0.2547755800721197,0.25918679529991207,0.2307709220113674,7.091917447192821,0.3632669646485169,2461,0.05236970834880413,0.013004902455390394,0.013038326444729353,7.431554405095618,0.9406745225518082,2461
scene-0916_CAM_FRONT_e63b83b4_e54b784a,scene-0916,e54b784a608644a2804fcf800c7499f7,2703,1,27.3665,28.571061936424645,22.50054150359828,0.043074747547507286,0.0,0.19578026189038145,0.23885500943788873,0.21625961737958854,0.2697944150302145,0.24857076863187452,0.2260318736699402,0.2039094211366601,8.675510199744366,0.6740658527561968,2703,0.2962909150502993,0.27848567911734756,0.2466564689485633,8.662593442978798,0.17832038475767664,2703,0.07343355678183272,0.020157507330217258,0.020111942974840424,9.387128533036561,0.9186089530151683,2703
scene-0916_CAM_FRONT_a1289b27_9cdbf5ff,scene-0916,9cdbf5ff7f294549aea0a4307e5d104a,2116,1,27.3665,23.09039692988454,17.414900667802154,-0.16990282386541367,0.0,0.4519934376659549,0.28209061380054123,0.5714416362188637,0.3258988592783436,0.5901331181409534,0.5832334832719593,0.46340772353344606,10.315961145041435,0.008506616257088847,2116,0.3674837040375829,0.34168626700503724,0.2940102455054868,9.874131487512441,0.030245746691871456,2116,0.08846624306336408,0.024629085128224242,0.02460222624744679,10.500482351217057,0.9116257088846881,2116
scene-0917_CAM_FRONT_8c5c08c8_f4b1ff82,scene-0917,f4b1ff821cd14167982fba7851838bd5,2132,1,27.3665,24.127492098956836,17.782640756890117,-0.12596769630908966,0.0,0.43109689457101696,0.30512919826192775,0.5389446581153301,0.35680028792170937,0.5273306772795074,0.5345247612552637,0.4283678263127666,6.117614931484173,0.010787992495309569,2132,0.34914761810052786,0.3532234406560736,0.3025351550141592,4.448399730648235,0.07270168855534709,2132,0.03522301972076547,0.014047574763647435,0.014045376583493141,3.0407500849784683,0.9845215759849906,2132
scene-0917_CAM_FRONT_018ef7dd_99d907c5,scene-0917,99d907c5351b4016b1f8315ef9a0651e,2579,1,27.3665,24.585569965810798,18.565684038784866,-0.10715995356440544,0.0,0.38800470507558726,0.28084475151118227,0.4740367197260107,0.32424800047496327,0.4382852463128482,0.47229769381864306,0.3870240257392026,6.083993626430675,0.0407134548274525,2579,0.2997232248430015,0.32323419834782546,0.28022667534303336,5.0264873507985115,0.1996898022489337,2579,0.05349493380349937,0.01529020144187588,0.015341759668450194,4.775335469409878,0.9472663823187282,2579
scene-0917_CAM_FRONT_1dba2c2c_49eb8915,scene-0917,49eb89150be64f9cb8b080ccd01e5629,2007,1,27.3665,20.545314686856447,15.65170626130081,-0.2866867184638977,0.0,0.5587397003133137,0.27205298184941595,0.7484675180535605,0.31265654644025576,0.7287753343358768,0.7500974256270759,0.5602534561441277,9.324784941980484,0.016442451420029897,2007,0.3171543701773459,0.3152061064660153,0.27429173742479684,7.601549451227621,0.12007972097658197,2007,0.05436101569707054,0.013790419394624097,0.013744787882193688,7.547952589904069,0.9486796213253612,2007
scene-0917_CAM_FRONT_46285edc_90fbcb8d,scene-0917,90fbcb8d0a144cb5b4f8cf501037ef40,1896,1,27.3665,21.920404010230857,19.198136365233584,-0.22190174460411072,0.0,0.35450642762580475,0.13260468302169404,0.4254769045999027,0.14179853675417697,0.4135743947784811,0.4215336684305357,0.35177102485734824,4.113445217409519,0.006329113924050633,1896,0.13452688953803293,0.1386847854592538,0.1298738994184676,1.5776925142790157,0.9947257383966245,1896,0.023731245618241262,0.014135483872923925,0.01416002055664689,1.0447007061565936,0.9947257383966245,1896
scene-0917_CAM_FRONT_37fbabc0_5bdba79e,scene-0917,5bdba79e793f4133981f352b450b50c3,2226,1,27.3665,31.25256137856316,24.580745013935633,0.13278169929981232,0.0,0.10735622419777036,0.24013792349758267,0.11333077921295831,0.2714244975424893,0.11463218938802956,0.10954913432483307,0.10395637726540907,6.091506427287381,0.9766397124887691,2226,0.25897626304581156,0.26601727767227135,0.2358759707586745,6.128197746564471,0.29649595687331537,2226,0.043388084556463535,0.01482313055728509,0.014801860558245172,6.333140902795197,0.9627133872416891,2226
scene-0917_CAM_FRONT_19ccc1fa_bf452016,scene-0917,bf452016f02443dcb5e596c7ab81faac,1867,1,27.3665,25.290666158533963,22.376857908539897,-0.07888423651456833,0.0,0.20129234190549905,0.12240810539093072,0.22298224852899717,0.1302152546127595,0.23993151253379708,0.22424912224524204,0.20232769462657307,3.839555920424357,0.727905731119443,1867,0.1472930159782275,0.13138603203122998,0.12344345811200474,3.51763440448335,0.9373326191751473,1867,0.03585922389550264,0.01765746697951084,0.017815219818478667,3.4040326150016695,0.9919657204070702,1867
scene-0917_CAM_FRONT_5fc28d5d_b34a0291,scene-0917,b34a0291b41b46988afe5cca72668bcb,1993,1,27.3665,26.397458942565642,22.779932927208737,-0.03605188429355621,0.0,0.1834396239949161,0.14738773970135988,0.20134243096532511,0.1588031899354747,0.20823239230931276,0.20431527875532904,0.18594936670490791,3.387553187137516,0.8479678876066232,1993,0.16684809603797138,0.16171514038845652,0.14993884748734754,3.127492814982175,0.9292523833416959,1993,0.033628980336735,0.018399179060449206,0.01840257260989464,2.6945965155969045,0.9914701455092825,1993
scene-0917_CAM_FRONT_9dc543d8_3ce2de68,scene-0917,3ce2de68eeab40da95def0d823655c7f,2453,1,27.3665,27.376112879902575,22.45818177986971,0.00035120281972922385,0.0,0.19766464530563477,0.198015848125364,0.21855367759690303,0.21898171224355423,0.2154016890602324,0.21849870366391885,0.19802174762084856,3.4490546969593345,0.7721157766000816,2453,0.2158058222327579,0.2189267190001791,0.1983729504405778,3.453054467592908,0.7692621280065226,2453,0.05405826755934521,0.027684186004514243,0.027578402429639937,2.5438916236547158,0.9673868732164697,2453
scene-0919_CAM_FRONT_bd0c2713_9d89067a,scene-0919,9d89067ae94a4fc29c464f0d8dc2dab6,2940,1,27.3665,26.529495802506887,21.151592295900745,-0.031062474474310875,0.0,0.2576044491211045,0.22654197464679404,0.2938269430100411,0.25425525565034635,0.27804066161872537,0.2781288132480041,0.24630948168692368,4.090387198754202,0.3707482993197279,2940,0.24472604262942205,0.24023446717386654,0.21763974400162422,3.792990827829914,0.5357142857142857,2940,0.09203753290170297,0.047170106588452554,0.04732141168342863,3.463916216854845,0.8829931972789116,2940
scene-0919_CAM_FRONT_7110a0d1_9ef03c61,scene-0919,9ef03c6163214b0999b22401804b7148,2970,1,27.3665,23.697020418499317,18.748683544072996,-0.1439703181385994,0.0,0.37819609866900494,0.234225780530406,0.45964915006799734,0.26392983074220355,0.4169434708617512,0.44803698495747635,0.3712412804738341,5.939409775722077,0.09831649831649832,2970,0.24372842913372667,0.25568433974339333,0.22799293945842602,4.940068218931193,0.45454545454545453,2970,0.07270507855557917,0.022583754157381855,0.02257978425563556,5.234689121712898,0.8885521885521885,2970
scene-0919_CAM_FRONT_67f11693_6d9def1e,scene-0919,6d9def1e245e4dde83ccbb7a97e4744c,2125,1,27.3665,28.11589089546837,19.62272374933487,0.027015291154384613,0.0,0.3326313679913575,0.3596466591457421,0.3946330973001446,0.43282305018544553,0.4289903556025183,0.41553036995012066,0.35165833575508243,5.865506055869545,0.034352941176470586,2125,0.464996568357573,0.4539455177732283,0.3772711775793227,6.137029125710063,0.03247058823529412,2125,0.07251246325684065,0.028450812728456,0.02830652129027733,4.614476136402364,0.936,2125
scene-0919_CAM_FRONT_fc92fca5_1e606cc7,scene-0919,1e606cc7032a415aa16c0c119c15afec,2744,1,27.3665,28.325499582063983,24.29841298259471,0.034442806616425514,0.0,0.11890859878223337,0.15335140539865932,0.12626697141097254,0.1657345523904763,0.1447171663008792,0.12699899886813368,0.11984169807292,6.1974726171399235,0.9150874635568513,2744,0.17339034190344124,0.16518394528232722,0.15320273611535962,6.124715190074958,0.9190962099125365,2744,0.08037233779170448,0.020127900055581814,0.020190027775149666,6.901490437267235,0.8819241982507289,2744
scene-0919_CAM_FRONT_1752d62f_3beeafdd,scene-0919,3beeafdd56444e169d0eb3f10b029eb7,2756,1,27.3665,27.235829250743766,21.126540853609704,-0.0047862792853266,0.0,0.25878952723864224,0.25400324795331564,0.2953611378989254,0.2891759914444405,0.31476208953603174,0.29463567553074244,0.25835102424992573,5.401833271502471,0.1081277213352685,2756,0.3088862527482062,0.2885120446226966,0.25357222741507,5.346220966483564,0.13316400580551524,2756,0.06208997394544446,0.02440711369803663,0.02454396846129736,3.978906761356826,0.95355587808418,2756
scene-0919_CAM_FRONT_a79fa282_72b648d5,scene-0919,72b648d534ba4135afa2b31f8aad0f65,3389,1,27.3665,26.466139124235465,21.162886856911463,-0.03345349058508873,0.0,0.25707061004261034,0.2236171194575216,0.29313643195434524,0.2505921003680103,0.25625714260854393,0.269042376060285,0.23896642226347886,4.827944481599251,0.37533195632930066,3389,0.2186963801278187,0.22830350216336306,0.20619108061446134,4.541877810217763,0.6376512245500148,3389,0.06782609316786602,0.03105279109406586,0.031184346889537196,4.320345000528865,0.9356742401888463,3389
scene-0919_CAM_FRONT_a9ade377_188fe796,scene-0919,188fe79624af4474b8b720e2282b406a,2432,1,27.3665,20.077181516516813,14.481368576922824,-0.3097357153892517,0.0,0.6364567401655759,0.32672102477632414,0.889773045595333,0.38641464788841495,0.9637442613640095,0.9288064126906579,0.656901372343325,10.309197219484265,0.0028782894736842104,2432,0.44162155542250964,0.4150511193543923,0.3471656569540733,4.9015434015549895,0.0390625,2432,0.06691465512125039,0.03310139802851715,0.03284850239762849,1.2725587921963704,0.9724506578947368,2432
scene-0919_CAM_FRONT_0acad604_772f1168,scene-0919,772f1168bef74ae488b1d99db686eecc,2365,1,27.3665,28.39818433192261,23.767378370618946,0.03700557351112366,0.0,0.14100565386612285,0.17801122737724695,0.151431158003958,0.1948387360647328,0.1571352892017319,0.15266193170946155,0.14213231446508123,2.9447447637611397,0.9695560253699789,2365,0.1983294151882032,0.19594809234410368,0.17893925353650664,3.150799990051829,0.9221987315010571,2365,0.03443539644720321,0.013975989166208914,0.014074572917592176,2.820527186755629,0.9716701902748415,2365
scene-0920_CAM_FRONT_e8a25125_b4628dfb,scene-0920,b4628dfbfee742588decee154f7eeecb,2313,1,27.3665,34.71055149233665,27.10056215864672,0.23772408068180084,0.0,0.009765166105737855,0.2474892467875387,0.009813000918448722,0.2808055895350452,0.08210118373568234,0.05359085871537487,0.05375079798259552,4.013245717318437,0.9239083441418072,2313,0.21893462665028351,0.24555930495927156,0.22172676919119194,3.473057824499488,0.5062689148292261,2313,0.0835547333605386,0.05297803122075029,0.052576037430426714,4.148342897363882,0.9109381755296152,2313
scene-0920_CAM_FRONT_dca35073_00ec13f2,scene-0920,00ec13f22fba455e8006c2293cc29428,3727,1,27.3665,23.04484132085952,21.612166265738583,-0.1718776971101761,0.0,0.23606322847162842,0.06418553136145233,0.2662543709643612,0.06629021068527186,0.19062386531282605,0.17567870346877837,0.1628571464134585,3.188206377102737,0.654950362221626,3727,0.08256167127961749,0.06977422999804811,0.07002322983423626,3.0311007201257163,0.964851086664878,3727,0.09209544375211978,0.08103970640707239,0.08278475814835451,3.801965777388062,0.9256774885967266,3727
scene-0920_CAM_FRONT_e84b6659_1c0fdeaa,scene-0920,1c0fdeaa186a40abbdce72407adf8b65,3469,1,27.3665,23.168576084475575,19.07253478976007,-0.16652275621891022,0.0,0.3610703065774614,0.1945475503585512,0.43486433773306876,0.2147612438444546,0.4216609095220723,0.4253613588119113,0.35482301831041907,6.361990091637409,0.02363793600461228,3469,0.20717552173730366,0.20719593611291245,0.18834220280942393,3.5161600134630726,0.7872585759584895,3469,0.0383588094389474,0.02623884030211231,0.026325435924315466,2.5451524061130444,0.9847218218506775,3469
scene-0920_CAM_FRONT_f3a8bec1_6511c90b,scene-0920,6511c90bc39c44eca66399af754393eb,3117,1,27.3665,22.652313195583208,16.147309671398236,-0.18905766308307648,0.0,0.5275661856600546,0.33850852257697817,0.6948024504957837,0.40285370483154215,0.6901850986824712,0.6906533274767351,0.5253859759095396,8.048846126500626,0.01122874558870709,3117,0.40595526836710166,0.40024249131356404,0.33722023647864097,5.108389787544164,0.019890920757138275,3117,0.04624294509448002,0.021146898976996342,0.021254899942567906,3.083456229117106,0.9637471928136028,3117
scene-0920_CAM_FRONT_7a38c623_84f28973,scene-0920,84f28973a08c4d09a4286016e3177020,3058,1,27.3665,22.473988917777497,16.408129256587294,-0.19696104526519775,0.0,0.5115427392422278,0.31458169397703006,0.6678622877750247,0.36968624310141696,0.635651853203142,0.6608204994761746,0.5076001519758992,9.518489418079144,0.020928711576193592,3058,0.35136197971430894,0.36497875696154336,0.3115534091055445,5.4660675382946255,0.09516023544800523,3058,0.0479259288282012,0.02352641903870273,0.023620476586807326,3.126911151073874,0.9538914323086986,3058
scene-0920_CAM_FRONT_278d97e2_07edc519,scene-0920,07edc51914da42e2b961541c7e8ab41e,2423,1,27.3665,23.235315520293803,16.283633604306754,-0.16364629566669464,0.0,0.519159107599771,0.3555128119330764,0.680613839945527,0.4269122042974758,0.6414452617579424,0.6762335898531319,0.5166699956673637,7.255249334545078,0.017333883615352867,2423,0.39938701483339334,0.42338376396971805,0.3532002777887513,4.896545059842381,0.07758976475443664,2423,0.048564617743344154,0.011353851806230296,0.01140276579761812,3.4071197020223254,0.9603796945934792,2423
scene-0920_CAM_FRONT_79a42b12_d640474c,scene-0920,d640474c9a0341fd91f2bd24d6deec25,2248,1,27.3665,22.955140636777166,18.01350671953758,-0.17577773332595825,0.0,0.41819778782323125,0.242420054497273,0.5192211281281558,0.27432936818902975,0.45960080723665414,0.4943482683984179,0.4033899757822925,6.249719153146935,0.09297153024911033,2248,0.2558300589326806,0.2668614855659286,0.2371100492397682,5.3475613425873085,0.4199288256227758,2248,0.1024209756483522,0.04252723330194462,0.04249663398036485,6.041800608828957,0.8536476868327402,2248
scene-0920_CAM_FRONT_dcdbe656_d7b4858c,scene-0920,d7b4858ce9444b188b376f09e3ad418a,2561,1,27.3665,28.23084661741056,23.51013140140684,0.03109559416770935,0.0,0.15188818593052922,0.18298378009823857,0.16403007421568017,0.2007949311470556,0.1566208823682564,0.15731151365050902,0.14625878494874112,3.496333329506783,0.904724716907458,2561,0.18834228386659177,0.19256787807622436,0.17634425751694005,3.624735023920554,0.8430300663803202,2561,0.06852491925871698,0.027887218342216104,0.028027036121949678,3.764249418027976,0.9426005466614603,2561
scene-0921_CAM_FRONT_852e22db_5737334b,scene-0921,5737334b9fb44d73966de08d87d34309,2238,1,27.3665,26.874124124517163,20.1374976667078,-0.018155742436647415,0.0,0.30673600500267595,0.28858026256602853,0.3589821562211031,0.3345314581437122,0.3108308483877154,0.3103745499451428,0.272606515997754,4.1302651990923485,0.3096514745308311,2238,0.28891569193377403,0.2893926979104536,0.25477117454834497,3.97062978344074,0.38516532618409294,2238,0.08779101809054483,0.0594064701394961,0.06011695664923167,3.6506948597069235,0.9486148346738159,2238
scene-0921_CAM_FRONT_dce96ecc_4209f80d,scene-0921,4209f80d9d05482ba667a89414d53638,2377,1,27.3665,27.712483379910704,19.864330773978086,0.012563337571918964,0.0,0.320393937638479,0.332957275210398,0.37767037366542544,0.39508769236835084,0.35161296922730273,0.3677043356261484,0.3131394725318848,5.497981062761905,0.06100126209507783,2377,0.36837109451654154,0.3849640390390566,0.3256970044848009,5.58929937578342,0.04669751787968027,2377,0.04140659876603739,0.018444963264238456,0.01834338959642512,4.880504293006286,0.9793857803954564,2377
scene-0921_CAM_FRONT_94fc83c5_b4f20dcf,scene-0921,b4f20dcfbf504e0fbb321c210ccd7217,1779,1,27.3665,24.512329616946822,21.498691032948926,-0.11014339700341225,0.0,0.24132758654594522,0.13118418954253297,0.27293796436527495,0.14017777079447247,0.2584613422407643,0.2632268970113808,0.2336694764901921,2.4114218632975817,0.3625632377740304,1779,0.12721097806409068,0.13147951256228993,0.1235260794867803,1.1367432849705208,1.0,1779,0.0217779354339139,0.016969884240600513,0.016957818840809047,0.39350184345269495,1.0,1779
scene-0921_CAM_FRONT_28715cdf_1ce20a30,scene-0921,1ce20a30e8e847e5b7077401b25ac788,1620,1,27.3665,20.068023816199073,19.79347887420567,-0.31019194424152374,0.0,0.32396710397240014,0.01377515973087684,0.38260182426361067,0.013870474399080068,0.3404899287321583,0.35369369857636435,0.30283690861238144,2.568652124576856,0.23765432098765432,1620,0.06912697949241865,0.06224017390255646,0.062471784150907705,0.988494394552095,1.0,1620,0.06966921593740098,0.06180484137994598,0.06085648394227239,1.064645493845929,1.0,1620
scene-0921_CAM_FRONT_fc46571b_9c40f85f,scene-0921,9c40f85f7e0340bfb535de1478ec1864,1615,1,27.3665,20.053298964426013,18.6307187875814,-0.3109259605407715,0.0,0.3845078715043586,0.07358191096358713,0.46889126029005235,0.07635669847546911,0.4205811811137695,0.43641081869010456,0.36214751515018806,3.2159591071504754,0.11021671826625387,1615,0.08367284726819302,0.08408004858980528,0.0839854993550393,0.8046618459539683,1.0,1615,0.0713542767308179,0.06206257749666697,0.060890295245712656,1.1013369353459417,0.9944272445820433,1615
scene-0921_CAM_FRONT_9742c1ad_05101786,scene-0921,05101786c31b48838bb1dff7053eb71e,1635,1,27.3665,19.376784554154174,22.213102588670097,-0.3452439606189728,0.0,0.20863731616613101,0.13660664445284132,0.2319980917009954,0.12768671207427817,0.2128785654013911,0.21189175238716354,0.19218257044654896,1.7565102377208686,0.689908256880734,1635,0.1419778768128813,0.14248686579498882,0.1537187832021878,1.6299525739204586,0.9125382262996942,1635,0.041870463115460124,0.03478666106948335,0.03502374033421751,0.7684120214921165,0.998776758409786,1635
scene-0921_CAM_FRONT_8331a249_4fe7d92f,scene-0921,4fe7d92f1beb403aa1e9228dc8de8365,2119,1,27.3665,25.169384273304345,23.576827861112964,-0.08369129151105881,0.0,0.1490552782484018,0.065363986737343,0.1607371509522546,0.06754752681628151,0.15141022990078953,0.15881378386166217,0.147396881786793,2.1998017217629022,0.9372345445965078,2119,0.07407652462610607,0.06846220326312084,0.0665239342096513,1.8074826756184093,0.9938650306748467,2119,0.039976647689144176,0.019792575297962012,0.019899894481442804,1.8776669369635095,0.9924492685228882,2119
scene-0921_CAM_FRONT_a024f1b7_791c46fa,scene-0921,791c46faae424d769d4c70fb72f437d7,2116,1,27.3665,23.3570221688192,16.71439873899654,-0.15842196345329285,0.0,0.49304908975597916,0.3346271263026863,0.6373008941177722,0.39741922719150424,0.6393078087557738,0.6340969897303343,0.491162414900283,6.43765688548149,0.011342155009451797,2116,0.4013347516346424,0.39478523708856805,0.33274045144699016,4.190125331411876,0.046313799621928164,2116,0.049426768711843115,0.029251968733896523,0.029290001426988233,2.289161275919467,0.9834593572778828,2116
scene-0922_CAM_FRONT_73c335a2_54d0e038,scene-0922,54d0e0386745460bb8400db7afc17fe0,2635,1,27.3665,30.158333639602677,25.308650780441525,0.09714165329933167,0.0,0.07817337226766163,0.17531502556699374,0.0813101116061381,0.1916215487436801,0.11141822177453317,0.08656617103906532,0.0831045933347796,4.999402703603097,0.92865275142315,2635,0.20509980982591733,0.19523212375544793,0.17855189083484801,5.183474415793106,0.8402277039848197,2635,0.05969306384545814,0.01509157417198712,0.015092422971137331,5.210473057005288,0.9343453510436432,2635
scene-0922_CAM_FRONT_2fb8e56b_a2b34ea2,scene-0922,a2b34ea2076d4f5d9610bba842d21536,2823,1,27.3665,30.23568600297025,24.92155730890473,0.09970324486494064,0.0,0.09358645333940618,0.19328969820434727,0.09810553412814471,0.21323421438702495,0.09964696354062838,0.09546403864454014,0.09162400495873713,3.4930714102972615,0.9606801275239107,2823,0.19337482809009898,0.20421081867192498,0.18628764381436724,3.8017898884354193,0.9202975557917109,2823,0.05122270427004724,0.018607605800068112,0.018548859971586396,3.8934970765737016,0.9411973078285512,2823
scene-0922_CAM_FRONT_d659884a_5e3a4619,scene-0922,5e3a4619644d42988400e87bbeca9739,2515,1,27.3665,28.10774250395893,21.396471040520638,0.026725434698164463,0.0,0.24609363385677385,0.2728190685549383,0.279019327447658,0.3136625404595219,0.2607517375051182,0.2755497481783815,0.24373061343992886,5.00939726552368,0.3332007952286282,2515,0.29127794566492443,0.3097582034193837,0.270179983620892,5.211935357755009,0.23339960238568588,2515,0.06227748319402199,0.021072595901251406,0.021140764951897983,4.992095170357816,0.9296222664015904,2515
scene-0922_CAM_FRONT_8e2c9989_907f27be,scene-0922,907f27bedb8f45778d26860b6ab50b11,2692,1,27.3665,28.049042143184415,22.611560074709427,0.024634845554828644,0.0,0.19085835440448484,0.2154931999593135,0.21028800797380076,0.24047354762384132,0.2060701576673704,0.20907628995922448,0.18991314820196714,4.9994899618890365,0.9008172362555721,2692,0.2333949369472495,0.23906152945167802,0.21449151682682588,5.143734218154659,0.6519316493313522,2692,0.054073171847179795,0.01753143004410481,0.01749603730991245,4.9405831153142845,0.9431649331352154,2692
scene-0922_CAM_FRONT_90bf8cc6_b7cf1c23,scene-0922,b7cf1c2317e343ccb65a875c658877d1,2227,1,27.3665,25.995249968663487,20.473190937900426,-0.051405809819698334,0.0,0.29020336648341427,0.23879755666371594,0.33669930022185857,0.2697214639140839,0.33351447400196294,0.33347971198927717,0.2879538255884664,3.909237680751793,0.07139649753030983,2227,0.2680875977193908,0.26692511536487384,0.2366792868562373,3.256962020907317,0.24517287831162998,2227,0.03427846390549102,0.014603777584734896,0.014686075218263372,2.1170984277857423,0.9797934440951953,2227
scene-0922_CAM_FRONT_b2bb80cb_c3ebdce9,scene-0922,c3ebdce98e15404ca57628464074538d,2470,1,27.3665,28.525175152443506,22.609575191472864,0.04146739840507507,0.0,0.19094614004835053,0.2324135384534256,0.21039425854941296,0.2616413581800374,0.1956877311251275,0.2041806273850486,0.18605753253023316,4.441237054310846,0.8076923076923077,2470,0.2412804347898602,0.25347982490170273,0.22681348171943572,4.607220226081901,0.4834008097165992,2470,0.07051348290989883,0.03658031570068876,0.036231206003605854,4.711600599546117,0.940080971659919,2470
scene-0922_CAM_FRONT_85b3158e_af48d5a3,scene-0922,af48d5a32c984af28c2e0804b0631714,2705,1,27.3665,28.667131641592015,23.535960819586602,0.046431589871644974,0.0,0.15079013848150158,0.19722172835314655,0.16275261544562158,0.21801407902307757,0.17391186355136903,0.16425228338395387,0.15227910516622623,4.957941998690636,0.8868761552680222,2705,0.22388311112870227,0.21851647807216934,0.19784336430063099,5.319574355308971,0.7412199630314233,2705,0.05925612137003063,0.027302617582039203,0.027245277032863946,4.941225876543319,0.9393715341959334,2705
scene-0922_CAM_FRONT_5d168d27_b78891c5,scene-0922,b78891c5c290426e8319c8d7f369964c,2398,1,27.3665,29.03645450296504,22.64716753208838,0.059232454746961594,0.0,0.189284847299509,0.2485173020464706,0.2083851086995705,0.2821230055292252,0.2105965252193098,0.20854371187455764,0.1896742873579499,4.659032819937197,0.853628023352794,2398,0.27537413852901294,0.2809885005443856,0.2480792187055425,4.925272271883723,0.23311092577147624,2398,0.060517828613177324,0.01595075943731969,0.015920601832230652,4.8925625497975656,0.9257714762301918,2398
scene-0923_CAM_FRONT_c07a4800_957eef00,scene-0923,957eef009b254d3f8140b1b6391457d9,2364,1,27.3665,30.17027281073522,23.49919360218811,0.09753745794296265,0.0,0.1523535318769036,0.24989098981986624,0.1645718769452491,0.2838854524746728,0.15927133310115446,0.16053920995066245,0.14909508623075707,4.85870918501414,0.9509306260575296,2364,0.2654848564664312,0.27843778483384607,0.24582878254431195,5.220589351750651,0.3032994923857868,2364,0.0545207063714787,0.017458403441804556,0.0173580609039109,5.334845070531746,0.9335871404399323,2364
scene-0923_CAM_FRONT_9b4c2d1a_2a376dea,scene-0923,2a376dea392d47b7b02e45fa544ea43d,2415,1,27.3665,37.987157836099044,30.351083052940613,0.3279285132884979,0.0,0.10351256466566916,0.2244159486228292,0.0983353064447382,0.25159150893689763,0.11434804922132091,0.10198493336609336,0.107529573766598,3.4008606050681514,0.9486542443064182,2415,0.2431431661753326,0.24719629873273985,0.22099062840322237,4.213585507387698,0.5623188405797102,2415,0.032153399225467616,0.00992877685935751,0.009928161946261227,2.763522484394878,0.9821946169772257,2415
scene-0923_CAM_FRONT_f96b2fb0_58bb75a7,scene-0923,58bb75a7107e48da9d9c5415b70e823f,2448,1,27.3665,32.692381807079876,27.263541978036177,0.17782244086265564,0.0,0.003769286646471137,0.18159172750912722,0.0037763993411701335,0.1991245243709432,0.04640089214200008,0.019169774547345156,0.019089369969493397,3.737704191771962,0.9616013071895425,2448,0.19476577685227522,0.19825564027271733,0.1808719694241171,4.146508487837839,0.875,2448,0.046217207355630105,0.017394957391018546,0.017345684433333286,3.755245468057526,0.9603758169934641,2448
scene-0923_CAM_FRONT_ff9eff43_90314f29,scene-0923,90314f298ab843ccae743febdfd1de58,2460,1,27.3665,31.814557249813678,24.746682586747774,0.15060432255268097,0.0,0.10062819450587313,0.2512325170585541,0.10586539848598431,0.28560897559864684,0.11191543338773217,0.10667864668551143,0.10155212670459357,3.630099258651981,0.9642276422764228,2460,0.27429653188441017,0.28423285684848776,0.2504998088141662,4.9795021157614485,0.1983739837398374,2460,0.04293237394417053,0.014999617560438888,0.014955037410929961,3.6921010156933747,0.9605691056910569,2460
scene-0923_CAM_FRONT_84c5a3b5_02e64ee9,scene-0923,02e64ee9e41b4e22898f027302a67849,2305,1,27.3665,32.95603745394826,26.419620925461896,0.18585483729839325,0.0,0.035212686660810455,0.22106752395920415,0.03583999472246591,0.24740765762414485,0.0650398390245853,0.041175870420810785,0.04048397832559836,4.010790208625945,0.9496746203904556,2305,0.24951329505718806,0.2470318386902078,0.2211377610675871,4.8628576441819495,0.5344902386117136,2305,0.05135015320763545,0.017620447023351814,0.0176932633400686,4.059524999189216,0.9522776572668112,2305
scene-0923_CAM_FRONT_0bf7d8af_c217c812,scene-0923,c217c812e9c74e5baae44565800afd40,2363,1,27.3665,33.19458610225918,26.139228180804036,0.19306715577840805,0.0,0.04588245624314924,0.2389496120215573,0.04695134113015764,0.26991454654489044,0.07141835844803336,0.04979843685159041,0.0487086269317385,6.801579127778596,0.954295387219636,2363,0.26764939544012895,0.269224791888106,0.23856045759489053,7.173090619204354,0.2822683030046551,2363,0.049362003482182275,0.017752859355791798,0.01773599493423128,6.932598860794138,0.950486669487939,2363
scene-0923_CAM_FRONT_b6aec949_07562899,scene-0923,075628998b2844df98ad10ea7bf22c66,2343,1,27.3665,38.6606106532817,30.86644285868986,0.3455016314983368,0.0,0.12034996452160751,0.22515166697672928,0.11338989966265323,0.2525126665963564,0.15034643890226787,0.11698173295301956,0.12440939110973592,7.0756008984575045,0.8796414852752881,2343,0.25190272517544,0.25004484030701274,0.22342499672653893,6.058069835028373,0.4950917626973965,2343,0.06457435336745745,0.016734923931502724,0.016790559196112387,6.346982901398413,0.9231754161331626,2343
scene-0923_CAM_FRONT_9a72a012_ddabe094,scene-0923,ddabe094928e418fa6bd00bda4544612,2594,1,27.3665,33.755314838549644,26.408786371875088,0.20981824398040771,0.0,0.035622865740324805,0.24544110972073252,0.0362649617683628,0.278185008702198,0.06462140584527518,0.04134005890760993,0.04081856270425677,4.512279241292266,0.9475713184271396,2594,0.25717392300059305,0.2707737507101869,0.2399957753174381,4.9958625509224035,0.33770239013107173,2594,0.05682368214029927,0.021508268573432028,0.021474661546325602,4.708662051933201,0.9441017733230532,2594
scene-0924_CAM_FRONT_c201dea8_9ed40a1c,scene-0924,9ed40a1cea7943128d8d21d64f951023,2740,1,27.3665,24.59036636782188,18.928346682362154,-0.10696488246321678,0.0,0.3686590147219113,0.26169413225869453,0.44579452496507255,0.29912911996353686,0.44455809319142975,0.4421876949206562,0.3661611933041732,5.597640466868133,0.03613138686131387,2740,0.30113129796201665,0.2959679994339122,0.2593174868861867,4.077978782891773,0.1781021897810219,2740,0.04656733657356014,0.024780362797055727,0.0246408711179833,2.448486325123415,0.9748175182481752,2740
scene-0924_CAM_FRONT_de7e74c2_d9e3f634,scene-0924,d9e3f6344b764bf383485c83fe272f92,2698,1,27.3665,25.418658377108194,20.462562932576162,-0.07383615151047707,0.0,0.2907226194375281,0.21688646792705102,0.33739356551631405,0.24220306424284632,0.3323748306350256,0.33144066090539825,0.28775670522461083,5.292861809318437,0.13825055596738325,2698,0.24907433338099072,0.2396892995828918,0.21521263788363854,4.646935450386876,0.5759822090437361,2698,0.07874253106914775,0.03039462338276129,0.030664808981464953,4.367928683898901,0.899184581171238,2698
scene-0924_CAM_FRONT_6f5980b6_093439cd,scene-0924,093439cd1eb54b7d8091effef292386a,2809,1,27.3665,24.803787775953502,19.382904186486613,-0.0983232632279396,0.0,0.3449281875783665,0.2466049243504269,0.4118885248929516,0.2796734450787939,0.4057327290245078,0.40869351241492285,0.34405386921013026,5.466390364669895,0.1327874688501246,2809,0.2932442808191989,0.28003169803324524,0.24775345397246484,4.740601137177633,0.23424706301174794,2809,0.10114630776243966,0.033509402481329824,0.033485943223684256,4.623039123516311,0.8223567105731577,2809
scene-0924_CAM_FRONT_39eacd41_604687c1,scene-0924,604687c178ca4b6c898a34f8099db469,2501,1,27.3665,21.27537918378025,16.44690222073749,-0.25176914036273956,0.0,0.5091824930086162,0.2574133526458766,0.6639303640714944,0.2935797208640698,0.5902279652979815,0.639426708124923,0.49441342013790734,6.413037666224822,0.08876449420231908,2501,0.26966143606749265,0.2838212161441224,0.25133702706476635,3.398356682974099,0.34906037584966015,2501,0.09678505665631881,0.043783102498828566,0.04379235349404964,3.100375005170237,0.8576569372251099,2501
scene-0924_CAM_FRONT_77909180_dd3bfc47,scene-0924,dd3bfc47cc114e70955d69c338209c8a,2780,1,27.3665,26.744301085329504,20.304044294175057,-0.022998230531811714,0.0,0.29849954511888743,0.2755013145870757,0.3478349240919978,0.3171908363597329,0.34240419699425567,0.3487827831324728,0.2997881770572498,4.579550082959975,0.110431654676259,2780,0.3140220753194322,0.3185997600751429,0.27696939955163546,4.292765062195283,0.12338129496402878,2780,0.05686112537107491,0.018177123641168726,0.018236521842103892,2.901097178079997,0.9298561151079137,2780
scene-0924_CAM_FRONT_eb0ce46b_824c67e0,scene-0924,824c67e0689942f78236a783e2364506,2544,1,27.3665,25.135777784805725,17.932469310752477,-0.08502739667892456,0.0,0.42270663999661195,0.3376792433176874,0.526086537540638,0.40169082959110813,0.4881063770470628,0.5187157834865426,0.418541733173888,6.206335700157676,0.06721698113207547,2544,0.37418389521497136,0.39586505969777186,0.33421007223722865,4.989163349924739,0.14111635220125787,2544,0.07780605936234831,0.04067274309260191,0.04010382329108131,3.3202382139963893,0.9268867924528302,2544
scene-0924_CAM_FRONT_cef359e1_70780c59,scene-0924,70780c59069a47cb8a9332aa6e739712,2728,1,27.3665,20.928133519649265,17.441162994630268,-0.2682252824306488,0.00018624113868624708,0.4504865359083694,0.18226125347772104,0.569075411337278,0.19992763820236958,0.5115017624945223,0.5415202484846517,0.43911962869540244,6.616152868575536,0.039222873900293255,2728,0.18931463900876455,0.19091936202046214,0.17509984651551447,4.6376015392340815,0.8607038123167156,2728,0.09445167691246649,0.041879548703750845,0.04133717805652393,4.816276455515049,0.908724340175953,2728
scene-0924_CAM_FRONT_56ef03aa_00fa4bf2,scene-0924,00fa4bf2e838438dbf9902b201a26b59,2392,1,27.3665,18.67119641363846,14.242359352845442,-0.3823375999927521,2.5082458582590265e-05,0.653099060487309,0.27076146049455696,0.9214864140141583,0.3109623167813267,0.8757650438908555,0.9041985468048065,0.645381213978124,8.101945069791519,0.032190635451505016,2392,0.31453235605168184,0.30311772635354806,0.26562878565584613,5.6599194280992675,0.24707357859531773,2392,0.09906008839875444,0.0283451198590235,0.028481788905735717,5.785854548456861,0.8704013377926422,2392
scene-0925_CAM_FRONT_e6fcfc5c_56b595dc,scene-0925,56b595dcd2684e5eb8082d8026e25397,2085,1,27.3665,17.821146342607502,12.291629735926506,-0.42893388867378235,1.2147096479528497e-05,0.800401116185177,0.3714672275113946,1.2264338080419077,0.4498603297916701,1.1354402522593223,1.2135595178290106,0.7946373780484877,10.907714945030504,0.025899280575539568,2085,0.4221411024192407,0.44313239559175405,0.36788278473012737,4.959327467513614,0.06522781774580336,2085,0.07176087719200262,0.020256528784435145,0.020295924685526323,4.262784728307641,0.9309352517985612,2085
scene-0925_CAM_FRONT_50ae7fb9_28993b0f,scene-0925,28993b0f0b6d417a9132d2ca6f695a9c,2312,1,27.3665,17.278332809814987,12.094296507946403,-0.45986635982990265,1.3246319730834783e-05,0.8165856591411367,0.3567192993112345,1.2627607965472971,0.4286347947945943,1.1326570941196228,1.2280424908512355,0.8018172030180447,11.496360522242275,0.04022491349480969,2312,0.38164967029140623,0.4114652860740028,0.3471299896028184,4.672654496120045,0.08131487889273356,2312,0.07329798334474356,0.024173243075680598,0.0241159958379783,4.18446503647491,0.9277681660899654,2312
scene-0925_CAM_FRONT_204ed035_1745a8aa,scene-0925,1745a8aa698a4c798a8102135d7e1142,2050,1,27.3665,18.137407893305294,12.429052801199695,-0.4113430976867676,1.3944084222268703e-05,0.7892829376574952,0.3779398399707281,1.2018170199871134,0.459275150199266,1.1203122643807084,1.17323991242462,0.7765818611438567,10.012926146451347,0.018536585365853658,2050,0.4277103773811652,0.4434810492774377,0.3675170516932216,4.916126088829877,0.02926829268292683,2050,0.06318498267619226,0.0279652853102045,0.027949108442438142,4.301160583008141,0.9482926829268292,2050
scene-0925_CAM_FRONT_5d09f3c4_03479e99,scene-0925,03479e99c413463db6094be63125b6d0,2284,1,27.3665,17.00078265074804,10.71576508753849,-0.47606025636196136,0.00014613508631552722,0.9376036078512748,0.46154335148931347,1.5538540436860524,0.5865206554890312,1.3835262667216242,1.5071974559064771,0.9201164790085132,13.091134002292607,0.028896672504378284,2284,0.5224056304147546,0.563246547164248,0.45300861170878737,6.988900233753743,0.05472854640980736,2284,0.10097334080385693,0.038439644058943,0.03824582753772865,6.765403184922049,0.8839754816112084,2284
scene-0925_CAM_FRONT_66725604_e6b2fa45,scene-0925,e6b2fa4514b54a7ab4335026d8e13b91,2224,1,27.3665,17.420824070725324,12.916091870420354,-0.4516533613204956,3.8094299076101204e-05,0.7508456718512218,0.29919231053072615,1.1187910611469936,0.348768981012084,1.005944388605408,1.0772655777517248,0.7317863181458557,9.840201335098266,0.02473021582733813,2224,0.31697355561763857,0.33076700085142663,0.28643670831446955,4.809590821499337,0.23471223021582735,2224,0.09378633341702043,0.04922161741400191,0.0493686300275078,5.164981657185286,0.8821942446043165,2224
scene-0925_CAM_FRONT_bbe84595_dd673198,scene-0925,dd673198e3a04dadaa236a3fef68eef6,2413,1,27.3665,23.205958446815412,18.492952916680288,-0.16491056233644485,2.3957834211787255e-05,0.39192990154590923,0.22701933920946438,0.4798339736925379,0.2548541355925955,0.4564960848237874,0.4789655805158631,0.3924327826521905,6.059559624775665,0.0435142975549109,2413,0.2586960884110257,0.25837454960369455,0.23032362983581,4.685042728440974,0.4537919602154994,2413,0.08143916686550791,0.023690028144439882,0.023476604875208196,4.7008300827133285,0.9121425611272275,2413
scene-0925_CAM_FRONT_0dd58808_a7d435d5,scene-0925,a7d435d558154d678e8484893632ab54,2660,1,27.3665,25.610378698394264,19.75947141264058,-0.0663219504058361,0.0,0.32568669604826095,0.25936474564242484,0.38498138075156363,0.2961064678081786,0.3598037711724209,0.37092516093100514,0.317053287681774,5.074944535527215,0.07406015037593985,2660,0.2788385995833957,0.2855904796627869,0.25170664923016584,4.116381084246769,0.29661654135338344,2660,0.06339905826212239,0.030399455127452547,0.03049036737420907,3.183515780262786,0.9379699248120301,2660
scene-0925_CAM_FRONT_be34a4c9_2bdb1731,scene-0925,2bdb1731909b44278640890b57f92c48,2569,1,27.3665,23.191603893623046,16.81012385129199,-0.16552932560443878,0.0,0.48733832252919296,0.3218089969247546,0.6279772976150124,0.37962123889055044,0.5950416286626967,0.6222136874523627,0.48389109671016595,8.375658539566542,0.04632152588555858,2569,0.36155000552841887,0.37538015294281557,0.31924242428782357,5.212995880353137,0.0681198910081744,2569,0.051061694172171365,0.019319536678173793,0.0192887534952777,2.2733786576887076,0.9384974698326197,2569
scene-0926_CAM_FRONT_45eda670_78989332,scene-0926,78989332f49b47ada534ecfe51c78dd5,2517,1,27.3665,21.44767648255903,15.970139110052168,-0.24370332062244415,0.0,0.5385989647379184,0.2948956441154742,0.7136043594494779,0.34298620286025594,0.6591601743606754,0.7051192281135789,0.5338094957361526,7.915239771617047,0.006754072308303536,2517,0.30361526767480884,0.33659901809291326,0.2901283414640927,4.048212538457755,0.17759237187127533,2517,0.04027772715458295,0.010490842510435076,0.010471093065620884,2.9815572724120734,0.9705999205403257,2517
scene-0926_CAM_FRONT_7c4bfd7a_d11e40fe,scene-0926,d11e40fecf3748db910241be9fc0d86b,2674,1,27.3665,19.904802564196753,15.257142065718847,-0.3183586001396179,0.0,0.5842719120393252,0.26591331189970724,0.79368454997149,0.3046219585855925,0.7219595777811955,0.7753726647177662,0.574367519864371,8.563575044023752,0.02692595362752431,2674,0.27633735745174137,0.29564899554232654,0.25931697048097613,4.642306638203981,0.275243081525804,2674,0.06392572733983043,0.023307358527881253,0.02332963238480723,4.618265667247889,0.9255796559461481,2674
scene-0926_CAM_FRONT_8a05f7a2_26d153ce,scene-0926,26d153ce37804d82822823a6c5b9943a,2548,1,27.3665,27.450275452046608,21.340141958773703,0.0030565649503841996,0.0,0.24872973954757072,0.2517863044979549,0.28239540546957986,0.28632112687332945,0.28703679169154395,0.2895824839575628,0.254662269542139,4.902009717594649,0.13971742543171115,2548,0.29074364427752253,0.2935302067407076,0.2576855961822968,4.940885183681356,0.12519623233908947,2548,0.044842280968999323,0.022794188145082325,0.02281149168496799,3.668384563756313,0.9591836734693877,2548
scene-0926_CAM_FRONT_91a161db_1998255a,scene-0926,1998255a63a7449aaf471c86905f2199,2468,1,27.3665,27.642715242502746,21.220981405515914,0.010042592417448759,0.0,0.25432925643955784,0.2643718488570066,0.2895963422731569,0.3026124812171811,0.2819793344510546,0.28056743633695536,0.2477628086992092,5.527123031716319,0.1973257698541329,2468,0.2937456367076301,0.29349244483160886,0.2575879022887193,5.6078570614620595,0.15113452188006482,2468,0.055864846165995664,0.021327615678209497,0.021493665595288536,5.062634838823767,0.9339546191247974,2468
scene-0926_CAM_FRONT_cc8d4c54_6742957c,scene-0926,6742957ced7b491c939169eaccaf3e64,2571,1,27.3665,28.292018670362964,21.521737465731274,0.033260101452469826,0.0,0.24025616834806707,0.2735162698005369,0.27157484583088376,0.3145787469720742,0.2748771518861001,0.2713133368231771,0.2402561683480673,6.464623104533931,0.23026059898872034,2571,0.31548493291229884,0.3140552852839155,0.27334054554740894,6.633345400917602,0.09723842862699339,2571,0.04705861904030091,0.01605490555038116,0.016088907426817123,6.377786555405602,0.9591598599766628,2571
scene-0926_CAM_FRONT_e1f394c2_b703e37c,scene-0926,b703e37c5f4941a29839b6b77a88f9b2,2345,1,27.3665,26.56145320856884,19.067389802572976,-0.029858600348234177,0.0,0.3613401019309288,0.3314815015826946,0.4352515096904943,0.3930303771827546,0.43001449578274487,0.4345171166236742,0.36107754816394566,6.494158061810167,0.014925373134328358,2345,0.38991178558665185,0.392380488362048,0.3312894270577422,6.221646135725305,0.03411513859275053,2345,0.048169072309276695,0.014983602085849253,0.01498363227799171,5.534640602395701,0.9616204690831557,2345
scene-0926_CAM_FRONT_e31dad83_70308748,scene-0926,70308748f324468193d6189ab556f8e5,2264,1,27.3665,24.672749161894128,18.068453611980974,-0.10362027585506439,0.0,0.41515211433913723,0.31153183848407284,0.514601115717706,0.36551526166765735,0.50512746094686,0.5104582094934738,0.4124594510010392,6.3664181775483755,0.016342756183745585,2264,0.36376985615926355,0.3619288397000764,0.3093118712559082,5.230141481156246,0.03489399293286219,2264,0.04776761918085213,0.015968936447672027,0.015876514272541664,4.407257794459829,0.9584805653710248,2264
scene-0926_CAM_FRONT_7f10e68a_76e95a17,scene-0926,76e95a17645048dfb21258344c096d2a,2337,1,27.3665,26.186587210921452,19.61126553170224,-0.04407229647040367,0.0,0.3332154644938221,0.28914316802341844,0.3954479355634226,0.3352828846557603,0.40539364059635535,0.39863282638841063,0.3358262629092996,6.120612274541196,0.02866923406076166,2337,0.3491561264246836,0.3387292479328481,0.29178273418515577,5.565252041629082,0.0410783055198973,2337,0.055084460929629916,0.01681200083025491,0.01684873293605893,4.052337946833495,0.9469405220367993,2337
scene-0927_CAM_FRONT_5d785cd9_f4e02ed6,scene-0927,f4e02ed64b444a2a98fa0eb784ebe20d,2542,1,27.3665,26.473512718579595,20.276284169374744,-0.03317492455244064,0.0,0.29986770206495494,0.2666927775125143,0.34968023585575425,0.3056392629654072,0.3237616784957714,0.3428262574343172,0.29478442922912707,4.8082118490804815,0.12745869394177814,2542,0.2825245974496163,0.29901394807128256,0.2617068770256503,4.470440216276656,0.22698662470495673,2542,0.04657038043649611,0.016214850317881002,0.01616942232169527,3.9404892566528193,0.9626278520849725,2542
scene-0927_CAM_FRONT_3a9bf178_34f1c80e,scene-0927,34f1c80edd084bbbb68c7367c45fda18,2494,1,27.3665,28.16178187043036,21.807469206093813,0.028646168299019337,0.0,0.22706710239220218,0.25571327069122196,0.254914072851369,0.2913823976677181,0.26524692319828796,0.25720085647173757,0.2289765652075253,4.602068929980007,0.3372093023255814,2494,0.3004590117148683,0.29363642152419533,0.2575338754840958,4.963731618647074,0.1347233360064154,2494,0.04478137347973441,0.014022283293920322,0.014062832053237884,3.646096075130675,0.9719326383319968,2494
scene-0927_CAM_FRONT_39685006_f6c8351e,scene-0927,f6c8351e490c4381a36b0b4790b73fc4,2599,1,27.3665,27.636393465225268,21.361757736423474,0.009813870303332806,0.0,0.24771733590041034,0.25753120620374315,0.2810977606649834,0.2937321828204731,0.2913795108893904,0.2855754633615592,0.25200799977781374,5.343246545096869,0.1462100808003078,2599,0.3028982933674462,0.29824485217883,0.26172299311895,5.4398468545991765,0.12774143901500576,2599,0.0600197792534341,0.019156483334701706,0.01906428763618284,4.671430650534978,0.9345902270103886,2599
scene-0927_CAM_FRONT_ceb32049_c485bc17,scene-0927,c485bc17fa75413695891385a6098b2b,2361,1,27.3665,27.346483208664385,20.196705108635893,-0.0007317017298191786,0.0,0.3038001599688953,0.30306845823907613,0.3549982461395833,0.3540071542150369,0.35221953374208775,0.3554362106874056,0.3047482942030828,4.834282987127492,0.0677678949597628,2361,0.35128561838370187,0.3544447984206536,0.3040165924732636,4.825944759497432,0.06819144430326134,2361,0.044297064594813945,0.01553215440389275,0.015521985971927776,3.6126184000480706,0.9567979669631512,2361
scene-0927_CAM_FRONT_4ef4a5d9_0d9c4c2d,scene-0927,0d9c4c2de24b49758901191f623d426b,2177,1,27.3665,25.472744943435533,17.37039760949094,-0.07171058282256126,0.0,0.4545521670600188,0.3828415842374575,0.5754676787045641,0.4664457035524383,0.574994402763946,0.5757671859848078,0.45496608043585596,7.226042202774207,0.006890215893431328,2177,0.46698201982373183,0.4670528106802895,0.3833082902853242,5.992819400517124,0.006430868167202572,2177,0.023775236200491805,0.01323801858822621,0.013178606432449946,2.45055717060153,0.9866789159393661,2177
scene-0927_CAM_FRONT_b010e143_486730ca,scene-0927,486730caac29406f87126392e03cf805,2601,1,27.3665,24.70649000049646,18.86163023322596,-0.10225367546081543,0.0,0.37218992550282426,0.26993625004200883,0.4509085196565974,0.30988094321637205,0.4438636273028051,0.4506197347850636,0.3719924388567373,5.633945403844044,0.023452518262206845,2601,0.30572188262654953,0.30966409172273074,0.26981554626615,3.9852770698586517,0.06459054209919261,2601,0.025964418852429845,0.012508504492642613,0.012501981736308565,1.8122219486179016,0.9773164167627836,2601
scene-0927_CAM_FRONT_699b319a_0c6c611c,scene-0927,0c6c611c0c1348b9b6f8e82fa62070f4,2459,1,27.3665,27.59572349831131,22.25357247565043,0.008341177366673946,0.0,0.2068170812105956,0.21515825857726956,0.22975760543364743,0.2400581312733583,0.23531243760046114,0.22832454556732973,0.20590161774174698,4.983408093334892,0.684017893452623,2459,0.24484141801901285,0.23861306800887672,0.21415677260529953,5.041146836095918,0.5941439609597398,2459,0.05354082372475882,0.01958304086573809,0.019546309942851448,4.90313824712665,0.9516063440422936,2459
scene-0927_CAM_FRONT_3ca673f7_89897ce7,scene-0927,89897ce743024d1eb39474937bdab6d0,2671,1,27.3665,29.050058075343404,22.987251216430245,0.059700844809412956,0.0,0.17437987032464086,0.23408071513405382,0.19050771848874493,0.2637464915587533,0.2133319753064867,0.19936171239492892,0.1818924488785063,5.408329795088636,0.811681018345189,2671,0.2836568811761679,0.27281927266830186,0.24143818410279816,6.048171990498166,0.242231374017222,2671,0.04726889691790608,0.020358587136643406,0.020281424989174734,4.736126705330382,0.9655559715462374,2671
scene-0928_CAM_FRONT_fd091598_44bce708,scene-0928,44bce708f85047cf92b4f2f43fb5a146,2532,1,27.3665,27.068833342225208,21.628962644133164,-0.010936632752418518,0.0,0.23528635794753328,0.22434972519511476,0.2652710372784861,0.25150862700147125,0.2703208421978525,0.2659178847432143,0.23605588718442727,5.611128888633247,0.33372827804107424,2532,0.25700161976379465,0.2523689965426087,0.22524333064460245,5.451462911550693,0.4759083728278041,2532,0.041923226240716635,0.020275738719492953,0.020296733344431495,4.129876887989933,0.976303317535545,2532
scene-0928_CAM_FRONT_bd2e11f5_25d279c8,scene-0928,25d279c805e841ddaa63c57af113579a,2460,1,27.3665,28.66348050141415,24.248063354399793,0.04630421847105026,0.0,0.12098288511760114,0.1672871035886514,0.12860559624999368,0.18209359990859575,0.13903111791478645,0.13047582825974444,0.12263863096721539,4.297283934637502,0.9642276422764228,2460,0.18856566427718796,0.18304619952193465,0.16820072585270351,4.545620636933499,0.9130081300813008,2460,0.050100388263163646,0.02703095423410557,0.02699865434947757,4.347526748635524,0.9670731707317073,2460
scene-0928_CAM_FRONT_7723b0a5_0cb0b2de,scene-0928,0cb0b2de67684cab83278bc2add2a0ec,2538,1,27.3665,28.14469079267165,21.967836080050525,0.028039094991981983,0.0,0.21974025040023237,0.24777934539221436,0.2457531046879997,0.2811772033491484,0.22472422888488933,0.2402054999520129,0.21528485542312947,4.231679213840782,0.6493301812450749,2538,0.2577031631945369,0.2750074896574789,0.24331618664476773,4.548819319581145,0.3313632781717888,2538,0.04648849094869588,0.01887380594095602,0.018809980013377636,3.773751076374748,0.9657210401891253,2538
scene-0928_CAM_FRONT_8dffb9bb_4b1b6413,scene-0928,4b1b6413a03f4b9c8c121e4d5b9f5e20,2521,1,27.3665,24.267501711274832,18.04448939213481,-0.12018156051635742,0.0,0.4164792963060573,0.29629773578969987,0.5166126015141468,0.3448705133131944,0.47951708391225834,0.5125210339652877,0.41392569464093487,6.242005259179372,0.03887346291154304,2521,0.31773538255355666,0.3414509334216253,0.293850244968183,4.394853363399127,0.13685045616818722,2521,0.04148592072034592,0.013827631555360136,0.013828665971825416,3.1854396230278104,0.9591431971439904,2521
scene-0928_CAM_FRONT_718a63b0_b1e7b23a,scene-0928,b1e7b23afebd4e5986b38ab6f7ae5a2b,2284,1,27.3665,21.35362331517284,15.709644179306355,-0.2480982020497322,0.0,0.5550448349388497,0.30694663288911794,0.7420190863424343,0.35926842590751074,0.7316001737997423,0.7369694871350351,0.5556956398703496,8.431482356797602,0.0074430823117338,2284,0.3704403681823682,0.362284559097941,0.309566702728002,6.778475334880618,0.04903677758318739,2284,0.07755442145524334,0.04750862016669362,0.047498070102807155,6.650690615215777,0.9413309982486865,2284
scene-0928_CAM_FRONT_baf7925d_c3dcf31b,scene-0928,c3dcf31bcc3e412bb8b63fcb02f54dc2,2383,1,27.3665,25.293013730248195,19.296709815560423,-0.07879141718149185,0.0,0.34938503213726735,0.2705936149557755,0.41819513593619373,0.3107422960702084,0.4118685196663749,0.4109321454531397,0.3451039813039336,7.15366796757303,0.059588753671842215,2383,0.3142700055260915,0.30573219689882825,0.26806323962755396,6.3860195104797475,0.1678556441460344,2383,0.07478829705077,0.0266460359886314,0.0264933185745444,5.9466136019641445,0.9290809903483005,2383
scene-0928_CAM_FRONT_20a96478_8a383a92,scene-0928,8a383a925917413797dec1f0a64fb632,2676,1,27.3665,24.3060642737623,19.192878701279795,-0.11859375983476639,0.0,0.3547803283797988,0.2361865685450324,0.4258673972745517,0.26641056050344103,0.4033754683894892,0.42352316629158504,0.35343056852518717,5.886654557986104,0.06502242152466367,2676,0.257967244625519,0.2654560466215865,0.23571112493046165,4.427505440290628,0.312406576980568,2676,0.053676304558446256,0.017800906644474992,0.0178060016261945,4.0891869580656275,0.9405829596412556,2676
scene-0928_CAM_FRONT_512e7eaa_7e06e46c,scene-0928,7e06e46c6ecd41cbb6bf92aaee90ac3f,2606,1,27.3665,24.38257435817189,19.149174358930647,-0.11545092612504959,0.0,0.357060037356697,0.2416091112316474,0.42912166796564866,0.27329637827442577,0.4124546820468456,0.42601213692484197,0.35567981697604933,5.781334896570413,0.07329240214888719,2606,0.2698141106935426,0.2722507857906906,0.24091344326246067,4.344654197114522,0.23369148119723715,2606,0.05857867691801857,0.018919358800898158,0.018950317694780283,3.8973924674410445,0.9366845740598618,2606
scene-0929_CAM_FRONT_dad9942e_b34fc5bc,scene-0929,b34fc5bc6825428ba70233ec403469d1,2307,1,27.3665,24.288351559959402,17.750449079536587,-0.1193227618932724,0.0,0.4329088217807837,0.3135860598875113,0.5417356415815515,0.3683232154368401,0.5203599499151756,0.5354587559914292,0.4292051412457236,7.349750313667673,0.03424360641525791,2307,0.3550397840290785,0.3634693445702084,0.31022466342464927,5.4543649387444635,0.0645860424794105,2307,0.048991902531719915,0.028731778235805288,0.028719862453553624,3.6608285491029884,0.9575205895101864,2307
scene-0929_CAM_FRONT_cd553502_b5e8f960,scene-0929,b5e8f9603115423f892de447e3907229,2346,1,27.3665,24.54282047062337,19.355170485083253,-0.1089002713561058,0.0,0.34636004532436093,0.23745977396825513,0.41391159644349096,0.26802398819158735,0.40648436226576345,0.4116742302066231,0.3447991580819174,5.58113340132505,0.03751065643648764,2346,0.2650049687700439,0.26612513145166206,0.23618926907343818,4.010529806316028,0.23444160272804773,2346,0.0336275078080354,0.014419157245540996,0.014473476045692713,2.8853983645593577,0.9803921568627451,2346
scene-0929_CAM_FRONT_5220c913_0f77ffe5,scene-0929,0f77ffe576ac436a87787eb343dc3f27,2175,1,27.3665,26.264817938596153,19.315413705906245,-0.041089314967393875,0.0,0.3484162228565051,0.3073269078891112,0.41682184066458294,0.3597854200018986,0.4204248075683576,0.41810577699448476,0.3497174298901924,6.296076456418139,0.022068965517241378,2175,0.36566454954905253,0.3611666784007297,0.3090269314274101,5.875351717092458,0.0432183908045977,2175,0.0482000083914026,0.021736529558789446,0.021769366230818488,5.005402892311395,0.9645977011494253,2175
scene-0929_CAM_FRONT_0305c100_cbaaec20,scene-0929,cbaaec205eff4568b512c1697f72102a,2205,1,27.3665,23.638767206447863,17.98707820186485,-0.1464315950870514,0.0,0.41966601521331803,0.27323442012626664,0.5214533284879317,0.31420828559010006,0.5172725615169274,0.5214466051759169,0.42029087096973594,6.456834427910144,0.015873015873015872,2205,0.3222316635436902,0.315565119259172,0.2746246172973772,5.036019028614452,0.09297052154195011,2205,0.054503000621969326,0.017614142332379134,0.017748893538481525,4.532521776817551,0.9510204081632653,2205
scene-0929_CAM_FRONT_15606151_a84326b4,scene-0929,a84326b4122c49d6a343301963928782,1922,1,27.3665,20.181648746000995,14.662072467387196,-0.30454592406749725,2.3257015866453047e-05,0.6240555823177227,0.3195096582502255,0.866482385820369,0.3764526666261523,0.8257531612334674,0.8635678928009483,0.6254309060460931,7.656573022390608,0.01768990634755463,1922,0.4019337628595871,0.3806936237940599,0.32285080859479753,4.8501930032992595,0.029136316337148804,1922,0.102688084285323,0.021881046409074532,0.021883294868910386,4.566098563398576,0.8844953173777316,1922
scene-0929_CAM_FRONT_fc03376a_353a0ef8,scene-0929,353a0ef8f00847f98a1540b086b4d018,1552,1,27.3665,17.398652548438857,11.693620423282411,-0.4529268741607666,0.00020825826669619747,0.8502762075112611,0.3973493333504945,1.3402931692149278,0.4878756038461387,1.273958091486281,1.3333414007175113,0.8479879636530229,10.509213265799444,0.014175257731958763,1552,0.480791878319768,0.48565769161454847,0.3967160275474614,4.595629976992113,0.01997422680412371,1552,0.061544733629893,0.017421608778706917,0.017430335255841478,3.2335029358282954,0.9349226804123711,1552
scene-0929_CAM_FRONT_14365b25_b7859e2f,scene-0929,b7859e2fa4b24192b675a8a67bec5790,1955,1,27.3665,18.80527996408099,14.514439593987278,-0.3751819580793381,1.571100136685712e-05,0.6341756496569344,0.25899369157759633,0.8854672150991478,0.29562563144850795,0.8359705213962457,0.8817880612455923,0.6322595527743993,9.864587549537271,0.04194373401534527,1955,0.29283454314658397,0.2952454307154158,0.25950442470859914,4.49097066945736,0.1391304347826087,1955,0.05183821974092934,0.016407761388651885,0.016438724836478347,4.142180137547753,0.9396419437340153,1955
scene-0929_CAM_FRONT_c875925c_402da35d,scene-0929,402da35d7cae4f388432f536d5b74137,2278,1,27.3665,22.157200866791335,16.854184448723167,-0.21115709841251373,0.0,0.48472067643366845,0.27356357802115516,0.6237214018429245,0.31464093882453703,0.583769565459804,0.6176753447627725,0.481057226669769,7.351182115977595,0.03775241439859526,2278,0.2922718922475264,0.3103579886156941,0.27091346254470194,3.8455247422915235,0.18437225636523266,2278,0.05272448727168239,0.01830462553179436,0.018314373073026857,2.482831632485662,0.9438103599648815,2278
scene-0930_CAM_FRONT_e57fa712_36648b9c,scene-0930,36648b9ce44d4266a9c1987eafb2bed6,2111,1,27.3665,27.247075222931013,20.446654291838776,-0.0043734535574913025,0.0,0.2915003728446415,0.2871269192871502,0.3384341325183582,0.3325933345391674,0.3361560149750467,0.3394276454130125,0.29224239242789807,4.463246002100702,0.038844149692089054,2111,0.33045248374950087,0.3335825118389902,0.28786893887040677,4.41300531262766,0.041212695405021316,2111,0.027258011035176874,0.010645286318960561,0.01063673658153208,2.954761784930182,0.9791567977261961,2111
scene-0930_CAM_FRONT_08e65feb_1770f47c,scene-0930,1770f47cde1b4849a6d7dab152bf09cc,2428,1,27.3665,30.246823431286714,23.32606910198392,0.10007153078913689,0.0,0.15974805692862404,0.2598195877177609,0.17321525030003593,0.2966961256542866,0.1730327480632845,0.17280073595898784,0.15969204658579894,3.796703916171262,0.9378088962108732,2428,0.2863534586867362,0.2955132754171515,0.2589647762223035,4.627239736421908,0.21334431630971992,2428,0.049305583919929376,0.02475101270987224,0.02480411137321803,3.9466510683934573,0.9563426688632619,2428
scene-0930_CAM_FRONT_d1c43c49_36f92785,scene-0930,36f92785177b4afb990ddefb7a678986,2515,1,27.3665,27.509523096505315,22.133699043158497,0.0052126015070825815,0.0,0.21221834692570063,0.21743094843278366,0.2364178236379768,0.2428796037600629,0.21133122652192504,0.23151793701486315,0.20842982261689835,3.1168266898467643,0.7801192842942346,2515,0.21714983185468298,0.2378911392538382,0.21354775004410098,3.1607469955726724,0.7192842942345924,2515,0.048792494171627135,0.016397619574594034,0.0164138849619766,3.3282670552310387,0.9530815109343936,2515
scene-0930_CAM_FRONT_89a95522_80fa5404,scene-0930,80fa5404455f431b89e9f4e736df07cd,2584,1,27.3665,31.764875217348294,24.70892745324506,0.14904148876667023,0.0,0.10215502395178522,0.25119651271845544,0.10755515599710552,0.28556268892912096,0.12129727384684595,0.10996339891261595,0.1043913493937163,3.5965255995148335,0.968266253869969,2584,0.2903557474433957,0.286088537939775,0.2519506125116555,5.350174439023824,0.16253869969040247,2584,0.04186885871967403,0.02112917555239358,0.021119405091827526,3.406909166827743,0.9694272445820433,2584
scene-0930_CAM_FRONT_ebdaa986_4f0b05fa,scene-0930,4f0b05fa7dbc4cf6beae80a56d3e2b0e,3067,1,27.3665,30.31637027425841,23.84701666855709,0.10236820206046104,0.0,0.13766051539969926,0.2400287174601603,0.1475858963978265,0.27128565789243275,0.13235108851002253,0.13623956297217557,0.12786292605086658,4.146715274195912,0.9765242908379524,3067,0.24360392144303322,0.25813191330018864,0.22965868345645313,5.32143847278462,0.433322464949462,3067,0.05271160392442567,0.025442088825944096,0.025349551534600945,4.416536183454644,0.9611998695793935,3067
scene-0930_CAM_FRONT_e007e23c_39d6e57a,scene-0930,39d6e57a02314bda8ed186b2af63346c,3118,1,27.3665,28.12217486298617,21.97201901992266,0.02723876852542162,0.0,0.2195498565140781,0.24678862503949972,0.24551594349094685,0.2799085435656592,0.21360585157187295,0.22879834791403375,0.20603673877268958,3.991446093222973,0.6821680564464401,3118,0.24523228882362605,0.26260766869483665,0.23327550729811142,4.371122574579256,0.4137267479153303,3118,0.04885240809565196,0.02483124487475641,0.024909878830512877,3.6421353149875166,0.9644002565747274,3118
scene-0930_CAM_FRONT_db9f6ddd_5a624b8b,scene-0930,5a624b8b0bbc4435a57f30b192a0fd46,2514,1,27.3665,26.28058867809105,19.686293499023957,-0.04048904404044151,0.0,0.32939700551900675,0.28890796147856523,0.3901296351878947,0.3349688543145024,0.39870444259711324,0.3939206395005419,0.33239586966642287,6.310176907282489,0.03699284009546539,2514,0.34411081660738746,0.33897825348950866,0.29190682562598136,5.507080113554966,0.09188544152744631,2514,0.04870224279994083,0.03258195021804737,0.03258003416142796,1.5812082342017357,0.9844868735083532,2514
scene-0930_CAM_FRONT_db9fed7b_5619b8bd,scene-0930,5619b8bdfb474f738fa53d8a3c2c2d49,1962,1,27.3665,26.23210996869933,20.308831482110094,-0.04233540594577789,0.0,0.2982637978163041,0.2559283918705262,0.34751721309554195,0.2916602312549106,0.36639772012891086,0.35266425697727855,0.3020761712612733,4.657253061667927,0.0672782874617737,1962,0.30995011846946774,0.2965939210259603,0.25974076531549517,4.024872072102007,0.199796126401631,1962,0.04959121957461997,0.031639871395104005,0.031803390407882604,1.1878897110980786,0.9949031600407747,1962
scene-0931_CAM_FRONT_b139c133_d9b7405e,scene-0931,d9b7405eec564f9ba06de97a2e8ba348,2385,1,27.3665,27.25289261534372,21.549788815478735,-0.004159971140325069,0.0,0.2389536208817722,0.23479364974144712,0.2699196374649968,0.264647781409745,0.23979572994597617,0.2554957995041817,0.2277653911035986,4.162843142481004,0.44737945492662473,2385,0.23502386185780672,0.25035045343037066,0.22373844882008864,4.121728290115877,0.4930817610062893,2385,0.06284629476110898,0.02813156059856117,0.028360076992225647,3.8140371680468683,0.9480083857442348,2385
scene-0931_CAM_FRONT_c46eb104_1a18bb13,scene-0931,1a18bb13ad6444f0a036b0d33f41a83e,3268,1,27.3665,26.525979068625798,20.84678060629449,-0.03119504265487194,0.0,0.2721201086869467,0.24092506603207475,0.31274466388047184,0.27242568383036203,0.28582786364387996,0.29720184863705246,0.260900614551961,4.907011423552811,0.2717258261933905,3268,0.2485638308963278,0.2582004035546529,0.2299724314182029,4.351828477628531,0.4283965728274174,3268,0.05983418860524037,0.027600970907753153,0.02783460947096028,2.920444255922158,0.9436964504283966,3268
scene-0931_CAM_FRONT_041205de_8e2f2524,scene-0931,8e2f2524e68341c0a48af23b113c1a1e,3199,1,27.3665,23.98258491234568,17.64729510116822,-0.1319916993379593,0.0,0.4387371180611934,0.30674541872323413,0.5507475702714568,0.35899494935958076,0.5022083584294081,0.5336958068005062,0.4282193187033516,6.7216067456137365,0.03469834323226008,3199,0.31973642069894337,0.3456037722911201,0.2972052306573416,4.472388453246087,0.1628633948108784,3199,0.050899117453836656,0.022564208867282748,0.0227499745572306,3.3084125846334675,0.9587371053454204,3199
scene-0931_CAM_FRONT_20f91bd4_0c8613a6,scene-0931,0c8613a6848c47ea8de532de27a7da10,3271,1,27.3665,19.87101774274487,14.775003151323995,-0.32005736231803894,0.0,0.6163828610580255,0.2963254987399866,0.8522161870095895,0.3449078514047028,0.7865377279904482,0.8365591536629426,0.6082095947187187,10.396091512545375,0.01650871293182513,3271,0.3109826303304648,0.3350024908768982,0.28893315767586425,5.409998511860162,0.18465301131152553,3271,0.05595645999530999,0.02172902631472075,0.02168770750483562,4.95403991073482,0.9471109752369306,3271
scene-0931_CAM_FRONT_6e454caa_dc9b951f,scene-0931,dc9b951f5eba4341b7ef54e4472f7dfc,3324,1,27.3665,18.700290527655895,12.137079665901293,-0.38078057765960693,1.5545161024550472e-05,0.8130544356476692,0.4322738579880623,1.2547845736635672,0.5407570060031588,1.1681642868948667,1.2348995564996974,0.8045736648828823,13.878546194127125,0.0024067388688327317,3324,0.49688943382475387,0.5294455821346945,0.4251861174995367,7.399676403035019,0.06107099879663057,3324,0.06160252173094135,0.020159961003875442,0.02017287181715688,5.953835436440158,0.9190734055354994,3324
scene-0931_CAM_FRONT_b631c946_bc33d196,scene-0931,bc33d196405a4afaa430a93b7a4d3ca7,2844,1,27.3665,16.463786623755865,10.623742908458054,-0.508156418800354,0.00010477504321970533,0.946228244325042,0.43807182552468804,1.5759753634674518,0.5497162126022725,1.5171615051879197,1.5780747972486489,0.9470429177689365,16.16683529048355,0.007383966244725738,2844,0.5246483340874467,0.5509792396537527,0.43894937819684987,5.633673509848394,0.04852320675105485,2844,0.043687329110134315,0.015754725288517162,0.015686198483995994,1.5610981464716784,0.940225035161744,2844
scene-0931_CAM_FRONT_35e0c40a_6713ca52,scene-0931,6713ca52f7c147d49176c1f24f74aade,2880,1,27.3665,18.017371196760397,12.24808932583121,-0.417983278632164,2.6633578362254265e-05,0.8039496862136586,0.3859664075814946,1.2343484989355913,0.4710352543528382,1.1776118209064295,1.2090838969819497,0.7925779024318567,13.001745386653441,0.009722222222222222,2880,0.4412287976608261,0.4545976735119933,0.3752593508543761,4.978376668047366,0.04583333333333333,2880,0.05559725416596474,0.03702628590426846,0.03671918578994238,2.723044529576118,0.9663194444444444,2880
scene-0931_CAM_FRONT_7f5e00d5_9fc32f87,scene-0931,9fc32f878bfc48e7917b5f24db487cc9,2584,1,27.3665,17.63781422682056,11.645432417434272,-0.43927450478076935,0.0,0.8544056016774881,0.4151310968967188,1.3499771428864986,0.5145692830104915,1.3388383399881392,1.3515828884146626,0.855088670737052,13.802469938524178,0.0015479876160990713,2584,0.5089814280951679,0.5156041921629702,0.4158803046471824,5.212113552094997,0.007352941176470588,2584,0.03675550966065262,0.026425645645472243,0.026455053351213342,1.1313842814603994,0.9938080495356038,2584
scene-0962_CAM_FRONT_b2a93b02_2463d4ed,scene-0962,2463d4edf6bc4962bd9f2522ebe7eb08,2168,1,27.3665,32.36216735770114,25.6907626097159,0.16767042875289917,0.0,0.06318814187612931,0.23085857062902848,0.0652272342297211,0.2596810709489099,0.07188151232023458,0.062255036155109356,0.06047478828142183,4.6885364130416365,0.9843173431734318,2168,0.2564820343066358,0.25499733511290046,0.22713344842991834,5.2338988759177525,0.4497232472324723,2168,0.036745606479258085,0.0210087543427306,0.021075580941782857,4.778354380839492,0.9829335793357934,2168
scene-0962_CAM_FRONT_754e47c5_c8634c59,scene-0962,c8634c593a674376b8f0a90a1727fbc5,2175,1,27.3665,29.36956393335043,23.28581288036149,0.07063926011323929,0.0,0.16147535176930594,0.23211461188254567,0.17524349012870544,0.2612642764178432,0.16562389892842735,0.1692805664743339,0.15644552625666086,3.5519812472864345,0.960919540229885,2175,0.24690731247955286,0.2544753572526479,0.22689451641321257,3.9799348952382894,0.44413793103448274,2175,0.04047984932944306,0.01834286404344739,0.018333492500853144,3.5413945967574603,0.9710344827586207,2175
scene-0962_CAM_FRONT_4911451f_3fb3df6b,scene-0962,3fb3df6b9db64a759061b5069349cbb4,2138,1,27.3665,28.75893867258109,23.01824613779133,0.04962899163365364,0.0,0.17303242587416623,0.22266141750782031,0.1889046557317724,0.2493974780017969,0.18309576990913098,0.18490409700550658,0.16966792490081073,6.0314779695017195,0.9588400374181478,2138,0.24030695540496613,0.24511654628812754,0.21927156550482296,6.182824312765754,0.5837231057062675,2138,0.040679201505343085,0.014290264381658625,0.014272013471644862,6.2132092738411355,0.9724041159962582,2138
scene-0962_CAM_FRONT_1b18579e_c189ad95,scene-0962,c189ad955aa844239fa201f67a24a2b2,2106,1,27.3665,41.41859730965591,34.83772643707329,0.4144103527069092,0.0,0.24138125495754537,0.1730290977493638,0.2144579225216785,0.18890069891528416,0.22347002399168212,0.22209438724781783,0.25115008287234564,4.594832976928996,0.32526115859449195,2106,0.1823005153272316,0.1782394261159042,0.1644167617348633,2.778157318212682,0.8817663817663818,2106,0.043514207813234194,0.03491752061023472,0.03513790689764151,2.2164636191009355,0.98005698005698,2106
scene-0962_CAM_FRONT_0382fe99_b31c7ca5,scene-0962,b31c7ca5fea14690a214f7c93aba4166,2555,1,27.3665,39.95562149834534,31.692381850161688,0.3784497380256653,0.0,0.14675669417979353,0.23169304384587175,0.13649595257983493,0.2607326797730569,0.1809751987425115,0.14252413903335662,0.1537622508144918,6.762999091328429,0.7326810176125245,2555,0.22296314260962005,0.2544927741507211,0.22673132686412512,4.676988271323425,0.4657534246575342,2555,0.07019013798939783,0.024035205465684478,0.024082886793656444,5.447805108642854,0.9045009784735812,2555
scene-0962_CAM_FRONT_3139a4dc_d5155238,scene-0962,d5155238cb6048d29a54482b12629af6,2270,1,27.3665,24.872858203300066,20.62289566155614,-0.09554246068000793,0.0,0.2829177391528761,0.18737527847286817,0.3269959975123593,0.20607981592354307,0.2905209492859255,0.30984015815271654,0.27008197551191204,4.283422924248873,0.35462555066079293,2270,0.18821009372404063,0.19197463528696015,0.1762851054825515,3.810959859060947,0.718942731277533,2270,0.09325030931596053,0.0690133790649148,0.06891774082511892,4.191821520289316,0.905726872246696,2270
scene-0962_CAM_FRONT_30c32466_01ac1c5f,scene-0962,01ac1c5f06994c82be7cc5498a41eab1,2077,1,27.3665,27.14337640858702,21.259742217657426,-0.008186583872884512,0.0,0.2525043900252326,0.2443178061523481,0.287245147181068,0.27675002503289536,0.27395126973825706,0.28118101205903095,0.24778231820831742,3.8649059706534956,0.24506499759268174,2077,0.263757948672253,0.2707353318054099,0.2395957343354329,3.774962913524928,0.32113625421280695,2077,0.037744419892837035,0.021752581783872918,0.021876677689289137,2.8512784220261875,0.9807414540202215,2077
scene-0962_CAM_FRONT_6dee25fd_392894fd,scene-0962,392894fdef614dd99b3e8a46b7483b17,1468,1,27.3665,28.71729842818401,27.72285134487592,0.04818003624677658,0.0,0.012937393763248206,0.03524264248352882,0.012854065422162497,0.03587102462647285,0.03437540407801735,0.021275088948417318,0.021437347817735986,2.397577278335213,0.9863760217983651,1468,0.04154953500152203,0.0360192129845039,0.03550497520193119,2.339153645046441,0.9965940054495913,1468,0.030765865767103544,0.019273079337397185,0.019330121919914678,2.37599430090276,0.9884196185286104,1468
scene-0963_CAM_FRONT_637fc435_2894f77b,scene-0963,2894f77b15804ec1ac6c862f946ae673,1769,1,27.3665,45.72078194372528,40.52734187844975,0.5132333040237427,0.00010051081029661458,0.392657216801652,0.12057608722209068,0.32473982423821324,0.1281465752392985,0.3235602084361807,0.32390096269470353,0.3914157087804744,3.6536128351241333,0.0,1769,0.13021257442236178,0.12954804805137815,0.12181759524326807,1.402512471293605,1.0,1769,0.02739082704753432,0.022207466706734798,0.022170745611230558,0.5232019052257506,1.0,1769
scene-0963_CAM_FRONT_97411da2_12370234,scene-0963,12370234411e4d68ae654a6788675a8a,1859,1,27.3665,51.57144933988867,46.49648673348056,0.6336485743522644,0.17667934005855662,0.530057117982512,0.10359145636975242,0.4114286492898763,0.10914722730553761,0.41389540554424076,0.41225002716352765,0.5314536377780845,4.726405822653096,0.0,1859,0.10563481122950591,0.10785529698952721,0.10242598141147718,1.2605794633748728,0.9919311457772996,1859,0.026597777895784273,0.01802231092964781,0.017947213897388625,0.6810830081884451,0.9978483055406132,1859
scene-0963_CAM_FRONT_98a4bccf_abf6a27f,scene-0963,abf6a27f98ae4671a0917159a220756c,1556,1,27.3665,36.639873750343156,32.52713977561281,0.29181745648384094,0.0,0.17275517323982292,0.11906228324401802,0.15865642694725945,0.12644007444558225,0.18027562405593134,0.16358591651029147,0.17863147465064233,3.414125577156206,0.7429305912596401,1556,0.10853350656253315,0.12124254780379766,0.11443748208426652,2.8782099200377864,0.9910025706940874,1556,0.03719082150413279,0.018069334779320427,0.017921028799428695,2.897018873776372,0.9916452442159382,1556
scene-0963_CAM_FRONT_766371d3_bb5af5ca,scene-0963,bb5af5ca6e3d4813850dcb7d3aa14ca0,1448,1,27.3665,22.31858418099078,22.935669239350027,-0.20389993488788605,0.0,0.17662633018655693,0.02727360470132867,0.19318515254170698,0.02690503825807422,0.20506725722995728,0.18750173950963558,0.1720599769327642,5.547222465326517,0.8156077348066298,1448,0.0783837413943397,0.0438067540422344,0.044468718058294776,5.6353467211098325,0.9523480662983426,1448,0.07089478416727403,0.039421965727545145,0.03969415997496617,5.602042058538369,0.9523480662983426,1448
scene-0963_CAM_FRONT_2cafae36_aae7792b,scene-0963,aae7792b568d4030baf0dd9688cb810c,1335,1,27.3665,20.61546147238983,21.20490864498264,-0.28327828645706177,0.0,0.255086942903322,0.028191343553739756,0.2905738222303198,0.027797675644892883,0.30560716728883797,0.2889562186997424,0.25386506625056593,4.873344587661362,0.1760299625468165,1335,0.07241620472484454,0.03293923003539452,0.033306459290468604,4.693727027838774,0.952808988764045,1335,0.05984070604439767,0.017985421753385997,0.017965186376467823,4.666763909449124,0.9520599250936329,1335
scene-0963_CAM_FRONT_be97e44a_09a7c6bd,scene-0963,09a7c6bd660e4f01be7d7e0b5d90ee43,1835,1,27.3665,39.17074426786297,33.350135120507936,0.35861051082611084,0.0,0.19774218630512364,0.1608683245209872,0.1794186170126919,0.17453030179106466,0.17406724162060822,0.17884188418137242,0.1970395987685949,1.7411258729883885,0.9683923705722071,1835,0.18218993517365448,0.17535580210153534,0.16157091205751595,1.8387225404065344,0.9836512261580381,1835,0.017265869752462363,0.013199737871954232,0.01323277666937761,0.2801529851940987,1.0,1835
scene-0963_CAM_FRONT_f8814501_be8633f0,scene-0963,be8633f083d2475f893b86dd55b40247,1887,1,27.3665,32.85296174973994,25.59267524781114,0.18272226303815842,0.0,0.06701345022563832,0.24973571326379673,0.06930986053677879,0.283686110640182,0.08339462169072988,0.0718455959766568,0.06938953785363777,1.2278927818767271,0.9973502914679385,1887,0.2986081759655568,0.28655437956494384,0.2519676212322235,3.155363616674277,0.022257551669316374,1887,0.02135732160795666,0.008159225963962466,0.008180514051250753,0.8916821989473815,0.9989401165871754,1887
scene-0963_CAM_FRONT_882aeb15_ce7c4146,scene-0963,ce7c414656da4ddc90b8f1b82f1169d8,1687,1,27.3665,31.895280484878786,27.37590485673353,0.1531384140253067,0.0,0.00034360407989675323,0.1527948099454104,0.0003435450547754071,0.16508589037683064,0.021572196725971524,0.015199637139957886,0.015204343406619802,0.5756376673402444,0.998221695317131,1687,0.15481184457596975,0.16055195832582606,0.14889571809186553,1.428650681298328,0.995850622406639,1687,0.021529407328710577,0.01528045672029186,0.0152839850071107,0.5743675027868687,0.998221695317131,1687
scene-0966_CAM_FRONT_b5cbf927_70fef2d1,scene-0966,70fef2d1874f4a4197bcc6ce86fe9845,2380,1,27.3665,26.95574758847882,20.916982813310455,-0.01512309443205595,0.0,0.2687582338276058,0.2536351393955498,0.3083387907449737,0.28870152206300115,0.29925847274618605,0.3009716190062235,0.2632667878497449,5.209394167893684,0.17016806722689076,2380,0.2812568702814367,0.2814449265235377,0.24814369341768894,5.113694710277362,0.23403361344537815,2380,0.064549557219299,0.023007200246716174,0.02299843826054626,4.844273760645251,0.9180672268907563,2380
scene-0966_CAM_FRONT_d2db7e12_586f3a3f,scene-0966,586f3a3fa01f47cfbb9fb38e84622aa3,2321,1,27.3665,20.593180737127387,15.799194370004354,-0.2843596488237381,1.0915123995808592e-05,0.5493606881450499,0.26500103932131225,0.7321452827972554,0.3034323304626647,0.6708452890058012,0.6992793117489075,0.5373797396867901,6.6617381394894135,0.01852649719948298,2321,0.2938590330881481,0.2931280123758025,0.25741459488196883,4.777809394067566,0.3140887548470487,2321,0.09225785980942104,0.039236944788129655,0.03929494596423888,4.888950656724878,0.9138302455838001,2321
scene-0966_CAM_FRONT_d8cc7ad7_6c5e3539,scene-0966,6c5e35398a96427790130956fab4ade0,2141,1,27.3665,19.939741783257798,14.70019117704206,-0.3166048228740692,0.0,0.621459138696665,0.30485431582259626,0.8616424555579574,0.35642737860433926,0.8003672759617535,0.8252477737327445,0.6080564343551269,7.2610522433082805,0.009808500700607193,2141,0.34502637087056615,0.3451461205702169,0.29656249401216983,4.785169110627703,0.1503970107426436,2141,0.09094122064970289,0.04820605266380457,0.04819723253940822,4.72838113814388,0.9280709948622139,2141
scene-0966_CAM_FRONT_dcfd47c0_1cb428b0,scene-0966,1cb428b079264149b83975475b6ef074,2191,1,27.3665,21.235343628216754,17.193024178780263,-0.2536526918411255,0.0,0.46481590708564724,0.21116321524452175,0.5917211373305635,0.2351139280328325,0.5671972887439487,0.5675289120646281,0.45093756192037704,6.724308826387403,0.006846188954815153,2191,0.23003475680503205,0.21832224971052897,0.1977084604185162,5.18784201157603,0.6663623916020082,2191,0.06429472527054006,0.03793906322771213,0.03823991562005835,5.2885824982566145,0.9630305796439982,2191
scene-0966_CAM_FRONT_9b20ac04_4da9b80e,scene-0966,4da9b80ea16b44af9b585caddd046072,2202,1,27.3665,23.07647904295339,18.606369268845636,-0.17050576210021973,0.0,0.3858156817267595,0.21530991962653978,0.4708135480156388,0.24024621405275837,0.4638126517351125,0.46488258013179984,0.38183966901417277,5.64907652161548,0.02633969118982743,2202,0.24187318154841775,0.23575262025240673,0.21189914758151007,3.5300024433073847,0.6893732970027248,2202,0.044679557485566374,0.018895995344787267,0.018897273705858808,2.927415126714611,0.9659400544959128,2202
scene-0966_CAM_FRONT_5ad1d812_97b2a78e,scene-0966,97b2a78e052446b0899ae1bcf8eab099,2581,1,27.3665,27.615398062970183,21.934947232702463,0.009053880348801613,0.0,0.22123850864350203,0.2302923889923041,0.24762096346417106,0.25896806452302856,0.23998856352426737,0.24012690852215257,0.21538792857465738,4.13182239627418,0.6230143355288648,2581,0.2504974336355831,0.2512904728305848,0.2243536786002609,4.219427255183365,0.48004649360712903,2581,0.053863603770447945,0.018116728202574397,0.01825189807456873,3.7370903488647134,0.9488570321580783,2581
scene-0966_CAM_FRONT_ce4ea8ab_9e5e0d9f,scene-0966,9e5e0d9f86414e7699c2aed455c137ca,2461,1,27.3665,33.531670131438936,26.698201914168628,0.20317073166370392,0.0,0.024723418537880626,0.22789415020158454,0.025031576582567716,0.2559523760903095,0.06611546519496062,0.03355403389504971,0.03304641059251434,4.561119380459369,0.9349857781389679,2461,0.2195378234498518,0.24526022716343773,0.21974482848761356,4.244175149580224,0.5522145469321414,2461,0.06429864273875692,0.02045252403849922,0.020348601551759105,4.7195651475921645,0.9292970337261276,2461
scene-0966_CAM_FRONT_dffffefb_3f6ce131,scene-0966,3f6ce131c557499d847d012cb9a555db,2719,1,27.3665,33.92741870806393,32.39488163869689,0.21490386128425598,0.0,0.16868079856702067,0.04622306271723575,0.15522148513394474,0.04730800027175808,0.18517299485176933,0.15987407858719177,0.1741761779737363,6.349463588026808,0.7646193453475543,2719,0.06447268853624094,0.04755422133455671,0.04654660395144061,4.239130275323088,0.9569694740713498,2719,0.04841368942301553,0.012417400776239111,0.012424779591975632,4.561171907751933,0.9566016917984553,2719
scene-0967_CAM_FRONT_23d02c83_feeb907e,scene-0967,feeb907eb1134b1480fd276a5b1ed6c8,2665,1,27.3665,34.858612942055395,30.07263428615787,0.24198061227798462,0.0,0.09429596065222157,0.14768465162576305,0.0899866057761185,0.1591473035037858,0.12356731597931246,0.1049614692814821,0.11088851055181004,4.385931955215723,0.8825515947467167,2665,0.1404221634807368,0.1424716593796252,0.13331994512559642,3.087295467716081,0.95046904315197,2665,0.05368394686780572,0.023472827669803967,0.023521959138254278,3.3296390480974827,0.9658536585365853,2665
scene-0967_CAM_FRONT_4d3f8452_ea235f4c,scene-0967,ea235f4cd8404fb99a2fc72d0a049a19,2429,1,27.3665,33.260491700036084,27.127449134648064,0.19505061954259872,0.0,0.008773539174809386,0.2038241587174081,0.008812139474131842,0.22608253857362137,0.03969554079683252,0.020360680529628465,0.02017183278206547,2.523234871576008,0.9699464800329354,2429,0.21549054575260507,0.22253365054975982,0.20112047683008805,3.2451174878499436,0.8221490325236723,2429,0.03906430261938821,0.0160724475761048,0.01603357577089115,2.566405003216687,0.9674763277068753,2429
scene-0967_CAM_FRONT_dab412ea_e2024bdc,scene-0967,e2024bdcef0f47f98735a0811cb3b17b,2355,1,27.3665,29.64490700399927,24.292059733205104,0.07997070252895355,0.0,0.11917010063931421,0.19914080316826777,0.12656153082780408,0.2203537834824807,0.12760590957967,0.12210111143704025,0.11526254356565069,4.5932916220639495,0.9316348195329087,2355,0.20093331668807957,0.2139433543327594,0.19434466234727044,4.707778511920256,0.9116772823779193,2355,0.0667445542274444,0.012801845880683647,0.012778004371243323,4.960270742536105,0.9273885350318471,2355
scene-0967_CAM_FRONT_0d3531c4_d493e106,scene-0967,d493e1061aa845159cdeaec0f7dcea66,2532,1,27.3665,26.399155035947906,19.962041790010574,-0.03598763421177864,0.0,0.31548707789740416,0.2794994436856255,0.37092689655097155,0.3224676770869501,0.3334209205460831,0.3629821514637336,0.3096750574068179,5.634520460260021,0.174565560821485,2532,0.2888270150176471,0.3148037610845718,0.27371036904997537,5.357774702707149,0.2377567140600316,2532,0.05699068744177411,0.020721209794772336,0.020674934401958223,5.309369837428249,0.9561611374407583,2532
scene-0967_CAM_FRONT_817e7e53_218372bb,scene-0967,218372bb459f4fdebdad34163407c32b,2173,1,27.3665,25.194454420140882,18.29169031698561,-0.08269573003053665,0.0,0.40287276195542177,0.3201770319248851,0.49611651661233025,0.37737158149596417,0.47458925343309516,0.49450757297735703,0.4021411278307425,6.12805550352314,0.024390243902439025,2173,0.36038305047445945,0.37636421800026876,0.31946340900139636,4.950974064705681,0.05614358030372756,2173,0.0363467544768576,0.01245917489770296,0.012449256726939861,3.5448007899262395,0.9700874367234238,2173
scene-0967_CAM_FRONT_8ccbaa32_d87b0205,scene-0967,d87b020529cb45f3a936baf7493acc37,2425,1,27.3665,27.99505832273137,21.139377528534,0.022708368487656116,0.0,0.25818210282623877,0.2808904713138949,0.29457454284359175,0.32430854621634686,0.2998794524073229,0.2975866387734545,0.2605061074498072,6.569045489378866,0.11175257731958763,2425,0.32840342123116634,0.3273898244664031,0.28321447593746285,6.753384189004173,0.08164948453608248,2425,0.04081820347001684,0.01058161293002669,0.010587931031737385,5.975167032198577,0.9645360824742268,2425
scene-0967_CAM_FRONT_aaace027_f10cf1a4,scene-0967,f10cf1a409064743975d04dd496539e0,2129,1,27.3665,27.501445702143855,20.154000543482674,0.004918936640024185,0.0,0.30591683081304266,0.31083576745306685,0.3578693689600836,0.3645650967811038,0.3661372771030506,0.35789573673173475,0.30596603232997754,4.603471760773818,0.014091122592766557,2129,0.3727579676077349,0.36459159457367357,0.31088496897000173,4.659929085625358,0.013621418506341005,2129,0.028751730621963855,0.011023006193585663,0.011046323081150167,2.8312231604119513,0.982151244715829,2129
scene-0967_CAM_FRONT_558df2e9_b656c7df,scene-0967,b656c7df13da4516acdf54003c48779a,2245,1,27.3665,30.13334689384289,23.229042603249564,0.09631279110908508,0.0,0.1639163055123345,0.2602290966214196,0.17811570917570396,0.29722724300430126,0.164868959378541,0.1742849345754807,0.1606958421280411,2.6266524485934006,0.978173719376392,2245,0.27689477107495386,0.2929917249761923,0.2569708427570947,3.931086218634122,0.155011135857461,2245,0.03417550566994849,0.014445801980807017,0.014365411848726417,2.3319102843788766,0.9737193763919821,2245
scene-0968_CAM_FRONT_aa298fdc_6c333a63,scene-0968,6c333a631e024c8fae02778e33dc977c,2699,1,27.3665,27.528858649325795,21.72206148470461,0.0059152222238481045,0.0,0.23099123525703913,0.23690645748088768,0.25984819715522245,0.2673225636853107,0.2068986305535314,0.2331309932089155,0.20964096828632695,3.433199815114123,0.5883660615042609,2699,0.21267824216253578,0.24042421303455158,0.21555619051017527,3.485979618013868,0.5450166728417932,2699,0.06862699706384272,0.02719518551455586,0.027300857067131368,4.328121035289699,0.8806965542793628,2699
scene-0968_CAM_FRONT_b06d517f_f53d39f4,scene-0968,f53d39f481cc4261bf9f77f34df6e0e5,2452,1,27.3665,27.91891184116969,21.48768634643731,0.01998466532677412,0.0,0.24183959464818194,0.26182425997495606,0.2735898857969603,0.29929818366874517,0.24650607387602713,0.2670296392303865,0.23668779352648028,5.003972803397897,0.3389070146818923,2452,0.26931683540259654,0.29258918776787746,0.2566724588532544,5.132015494242074,0.23776508972267538,2452,0.057819507044270566,0.014447982183346749,0.014417784690325064,5.2322500176665985,0.9302610114192496,2452
scene-0968_CAM_FRONT_e4dbec5e_c428be7e,scene-0968,c428be7e072c4c2489b90a6dcefcae4c,2626,1,27.3665,28.539008731720855,22.50889313849124,0.04195224121212959,0.0,0.19540915591870167,0.2373613971308317,0.21580833991352644,0.26789925013761984,0.17166017526489388,0.19295512376946033,0.1767993691330053,2.914806287535446,0.964965727341965,2626,0.2099761215596882,0.24391370117911626,0.21826261940585967,3.2632705860594284,0.5361766945925361,2626,0.06687391972090174,0.026608961112085897,0.026515878817362837,4.06019324241409,0.8678598629093679,2626
scene-0968_CAM_FRONT_119c8d25_34c683c2,scene-0968,34c683c253e44b60ae805cd00f0bd28a,3032,1,27.3665,29.5170638086467,23.790171550308298,0.07564889267086983,0.0,0.14004710232288797,0.21569599499375824,0.15032798070114617,0.24072513500913306,0.13354971987735037,0.13421042685372234,0.12605315981779852,2.8994115573752,0.9835092348284961,3032,0.21957293186035273,0.22312361206931056,0.2014616578695292,4.285382541245116,0.6724934036939314,3032,0.04319078245250194,0.03333658626779851,0.033443723239262146,2.226628771657366,0.9901055408970977,3032
scene-0968_CAM_FRONT_00460925_bfa13689,scene-0968,bfa13689610048098eb82ae6757f0fe5,2937,1,27.3665,26.078866554674466,20.63747790769175,-0.048194361850619316,0.0,0.28221089888550566,0.23401653703488634,0.3260583547275555,0.26366538931361694,0.27246331505382615,0.3006758551949506,0.2634218746678991,4.211475927134183,0.3827034388832142,2937,0.21534699103397198,0.24014401353062842,0.21542086064627064,3.483206039513747,0.5403472931562819,2937,0.06357103061542006,0.04118814812320231,0.041641159714885134,2.897061070154589,0.9605039155600953,2937
scene-0968_CAM_FRONT_22cc5daf_4c27ebb8,scene-0968,4c27ebb8e9404db7a61a59a83c9d0148,2663,1,27.3665,23.363742874182826,17.84139899737144,-0.15813426673412323,0.0,0.4277980944253308,0.26966382769120756,0.5338763515143563,0.3095241509718487,0.6221616453057107,0.5630596898109704,0.4477430648950462,10.584633385707983,0.00938790837401427,2663,0.3943659442598439,0.3400987727981162,0.29282287914397154,8.58662221217915,0.03680060082613594,2663,0.09580099843672718,0.040623054149523836,0.04037551373186443,7.025390855228292,0.949305294780323,2663
scene-0968_CAM_FRONT_5df9f3f1_7f2bc98e,scene-0968,7f2bc98ed6dd4567aaf35b6d02f09621,2467,1,27.3665,23.306534855751533,17.230010842590367,-0.16058585047721863,0.0,0.46266695781253464,0.302081107335316,0.5883042819888153,0.35267093379539727,0.5590467153074068,0.5706456704255207,0.45369813483728505,10.203491900962655,0.019456830158086746,2467,0.34582668346266543,0.34095561667172597,0.29367485609392885,9.395603114444416,0.16781516011349817,2467,0.09184163312016257,0.028861064662206354,0.029258324642788214,9.278195547659113,0.9201459262261856,2467
scene-0968_CAM_FRONT_184a3de6_927a2dc6,scene-0968,927a2dc691884d0fb69446d053762e8e,2350,1,27.3665,21.74699990320502,15.548062490128965,-0.22984382510185242,4.543922692728588e-05,0.5653836054810979,0.3355397803792455,0.7601228460056828,0.3986951697043659,0.7109287270886603,0.7125176706830292,0.5426553898015252,10.069308814248648,0.014893617021276596,2350,0.3808704077276424,0.36726386630523833,0.3130692554679908,8.784475686104267,0.13617021276595745,2350,0.10701283755696711,0.061089981833570034,0.06249021941760069,8.635784451824486,0.92,2350
scene-0969_CAM_FRONT_923b34d4_ea7c5f51,scene-0969,ea7c5f516d85421d8f31551b016f207f,2342,1,27.3665,18.260385616344045,13.654118583096114,-0.4045856446027756,0.0001608948552121189,0.6952784338180749,0.2906927892152993,1.0042670519853183,0.3373536713640761,0.9448979835660218,0.9268136716448729,0.6594798006541576,10.214118629045009,0.015798462852263023,2342,0.3162628551114698,0.29326734114232167,0.2593712239114867,5.4593618568141755,0.27924850555081127,2342,0.08657324015820261,0.056413410607081986,0.056523860289001804,4.969444891682536,0.9453458582408198,2342
scene-0969_CAM_FRONT_e3a3363b_a04f92ca,scene-0969,a04f92ca8aea48e285714e22af462950,2386,1,27.3665,18.42224538385178,13.799619192146675,-0.395760715007782,6.217634989296785e-05,0.6846786406273084,0.2889179256195269,0.9831344342874473,0.3349821561986166,0.9077467007482627,0.9634774213948707,0.6762734869081101,10.193736241494387,0.01550712489522213,2386,0.30910768091077595,0.3257647100547136,0.2825389298908867,5.504107219661958,0.2145850796311819,2386,0.06960245497362953,0.022691986018524554,0.02269616327902857,5.166032371609848,0.9266554903604359,2386
scene-0969_CAM_FRONT_0fa78a07_10540722,scene-0969,105407224abc4e179b1a118580ee9979,2336,1,27.3665,25.371870012183017,18.234117486606046,-0.07567855715751648,0.0,0.4060252112246472,0.3303466540671307,0.5008403900052847,0.3914503968080736,0.4611301228607443,0.4878846364268026,0.3973554040635652,5.501573298630274,0.015410958904109588,2336,0.3562938153314575,0.37943893404509255,0.32170348724928255,4.41261596381323,0.08946917808219178,2336,0.0439439002308559,0.02154446496730735,0.021494169831762888,2.5763929252086646,0.9815924657534246,2336
scene-0969_CAM_FRONT_89804ee2_863d4849,scene-0969,863d4849fa1349739b081c338a407815,2395,1,27.3665,27.37585332954487,20.608052080336588,0.0003417218686081469,0.0,0.283637760528749,0.28397948239735715,0.3279518070566243,0.32840567477339877,0.2958089745558692,0.31448889046041845,0.27358011922746384,4.990273089146062,0.22338204592901878,2395,0.2962327339169321,0.31493815681802906,0.273921841096072,4.9921837072901685,0.22254697286012526,2395,0.0593927460805234,0.027654947230093502,0.02767561246918948,4.915056822134302,0.9649269311064718,2395
scene-0969_CAM_FRONT_e624c4c4_93d2488a,scene-0969,93d2488a9e3e47088d7334164e1625d4,2078,1,27.3665,21.226182387972116,15.500825249039485,-0.25408419966697693,0.0,0.5684263732563268,0.31434217358935035,0.7654866473445197,0.3693582146077936,0.7151142967077251,0.7399961580964964,0.5558451244943585,7.167422844589332,0.006737247353224254,2078,0.3420205645982213,0.353062685310655,0.30286830530583186,4.56094974724633,0.14581328200192492,2078,0.06425799995041839,0.03105800876999306,0.03116691289803153,3.9733395782334378,0.9629451395572666,2078
scene-0969_CAM_FRONT_12831494_6c101672,scene-0969,6c101672bd85496fb201fed522349898,2213,1,27.3665,31.915783380252524,25.80443722330807,0.15378102660179138,0.0,0.05877317509842861,0.21255420170022,0.060534657786722956,0.2368331502081482,0.06584762616693444,0.056968036928104704,0.05572340643856766,4.512292752468741,0.9688206055128784,2213,0.2129148424103632,0.2279126083895323,0.2056193635697805,4.6623863037648805,0.772254857659286,2213,0.05081597337042817,0.019922993861204257,0.019848828043842026,4.759199347465403,0.9656574785359241,2213
scene-0969_CAM_FRONT_d3fc0ca6_75f75895,scene-0969,75f7589533b541c1aa36cff86c2b9e79,2348,1,27.3665,32.799113382195785,26.17791854515228,0.1810818463563919,0.0,0.044403385849485666,0.22548523220587757,0.045403971014640554,0.25293053095963747,0.0642551335667491,0.04644773909295154,0.04570095605369051,3.323633505837707,0.9710391822827938,2348,0.2330816866577134,0.24161986499426638,0.21672849114258808,4.542134387459655,0.5698466780238501,2348,0.05450746354142584,0.024073643355936522,0.024206116909359476,3.408386954664231,0.962947189097104,2348
scene-0969_CAM_FRONT_2c16056f_c65d8181,scene-0969,c65d818108874033a84ea118bd9b99d3,2746,1,27.3665,31.592451297253167,26.677413807546856,0.14359857141971588,0.0,0.025502355038819147,0.16910092645853503,0.02583032213783043,0.18423965400708675,0.059091936241242836,0.0431857981125075,0.04297301234494488,3.3417080509161226,0.9817916970138383,2746,0.13658249289409544,0.14338840204810532,0.13403215561515136,3.109119628611129,0.9748725418790969,2746,0.06424859422406845,0.0409623764598018,0.041312133719554334,3.5589707747704433,0.9708667152221413,2746
scene-0971_CAM_FRONT_45c4bd03_deefc567,scene-0971,deefc5673f374152b60cb36fff7439a9,3781,1,27.3665,21.559137124593178,16.612404636738674,-0.23851991444826126,0.0,0.4991699540670065,0.2606500396187452,0.6473533241225309,0.29777341667411017,0.7834844311544744,0.6754935351390888,0.5161077697211107,11.693204334283076,0.0,3781,0.4050165498268458,0.3199420779212905,0.27758785527284946,6.472203378118231,0.058714625760380855,3781,0.09908466734579187,0.03914358635642231,0.03938875229341976,2.2592307530494877,0.8976461253636604,3781
scene-0971_CAM_FRONT_d95a0f0a_ec55283a,scene-0971,ec55283a7cf346758faf11881b865297,3714,1,27.3665,21.534290562057645,14.32577983519395,-0.23967306315898895,0.0,0.647258937761682,0.40758587460269347,0.910297401944506,0.5031845253655682,0.9899063556317449,0.9294295978323464,0.6572244140286445,11.229212482468897,0.0,3714,0.5658276233153385,0.5182393648714954,0.41755135086965556,6.598559314829403,0.0059235325794291865,3714,0.06069524283569778,0.03613676095038663,0.03661537044780483,1.120552534762105,0.994345718901454,3714
scene-0971_CAM_FRONT_0c9100bb_0b91ae54,scene-0971,0b91ae54127e4c82a973b4c5fd79ba3c,2584,1,27.3665,20.527164396599545,14.974053130906542,-0.2875705361366272,0.0,0.6030007256248782,0.31543018948825097,0.8275946906796641,0.3708489089190785,0.8497931585680812,0.8233231481976202,0.6006607410909797,9.929318034603742,0.0,2584,0.3874996168904368,0.3676448947135361,0.313090204954352,4.695492838621848,0.14938080495356038,2584,0.08665620946063457,0.06784833618781028,0.06903616367205712,1.6858254470006517,0.9837461300309598,2584
scene-0971_CAM_FRONT_cb99af54_e5164edf,scene-0971,e5164edf0f654331b56e83fcb313b270,2595,1,27.3665,28.460432456201186,23.756275553550623,0.03919515013694763,0.0,0.1414729082269952,0.18066805836394284,0.15196929494740563,0.19801744141444244,0.12488560035393721,0.13357297287798361,0.1253745672593567,1.85871919792796,0.9861271676300578,2595,0.1674869356433945,0.1787249809897845,0.1644467282911295,2.2962181620732727,0.9838150289017341,2595,0.04179030040080581,0.024185806396389294,0.02429275864825442,1.787577082828312,0.9884393063583815,2595
scene-0971_CAM_FRONT_d651efd7_bcb4f1b8,scene-0971,bcb4f1b8e8af4cbd855f89096d822e69,2551,1,27.3665,29.56293663968899,23.731927781694512,0.07720179855823517,0.0,0.14249833232306752,0.2197001308813027,0.1531511578721807,0.24570312667528804,0.16667042541842472,0.15591576952365993,0.1449019391765649,3.0589677257807746,0.8984711877695022,2551,0.25525241741009624,0.24846596783890076,0.22202491123740264,3.9081170614355463,0.5311642493139945,2551,0.043262175195690554,0.015379508884929559,0.015262442989663949,2.5006935999394626,0.9698157585260682,2551
scene-0971_CAM_FRONT_2c167c01_e63daf85,scene-0971,e63daf8508994046ac113057d0ebf6ba,2837,1,27.3665,32.84660632745572,25.720742778354857,0.1825287938117981,0.0,0.06202185927806303,0.24455065308986113,0.06398560243097329,0.27704734698010314,0.06037912883245177,0.06199582010779885,0.06030924120115566,1.9279208841922908,0.9911878745153331,2837,0.25591267555988284,0.2721859164491877,0.2409233433639364,4.277706297877371,0.2869228057807543,2837,0.031240851781321972,0.01362115421886431,0.013624998575450409,2.0467185048069667,0.989072964399013,2837
scene-0971_CAM_FRONT_ed00752c_dd3e8360,scene-0971,dd3e836009744523a5f359e5217661c0,2536,1,27.3665,38.209341147741426,30.042485714631443,0.3337603807449341,0.0,0.0932929326601406,0.24046744808479392,0.08907337894907186,0.2718435322125332,0.0939160358779316,0.09128704175279476,0.09549714486824801,1.6812140440246677,0.9956624605678234,2536,0.2901816186203301,0.27070846571571905,0.23957459194659392,4.3723637039256396,0.2835173501577287,2536,0.042591200392608844,0.01928609558820915,0.019330990109379664,1.4953650612508744,0.9921135646687698,2536
scene-0971_CAM_FRONT_11a83de0_b6fdaedd,scene-0971,b6fdaeddf39c44a5a828e7c340a0b6d8,2486,1,27.3665,27.488217982113913,21.612226800395995,0.004437838215380907,0.0,0.23606042752276046,0.24049826573814137,0.26625082425558166,0.27188272804958036,0.27443315897675413,0.2682548323130922,0.23771711678104812,3.6789744487259104,0.2582461786001609,2486,0.27991714383826194,0.27389564933373317,0.2421203305751486,3.7283354383996428,0.1999195494770716,2486,0.039983449973070094,0.020329622085722192,0.020268729409922748,2.5726572455287338,0.9782783588093322,2486
scene-0972_CAM_FRONT_e80bfd61_c8151359,scene-0972,c8151359de4e4c76aab4e3e73a54fcfe,2451,1,27.3665,24.454154236729376,17.04943517082802,-0.1125195287168026,0.0,0.47320256226763036,0.36068303355082776,0.6051264881093961,0.4343087610650589,0.5986044565339513,0.607007191462983,0.47567110336373486,7.660708465477558,0.05344757241942064,2451,0.43956901007732885,0.4378880943113686,0.36481407802649946,6.282699558333553,0.0726234190126479,2451,0.07638717620260584,0.02694642602826264,0.02703720438930235,5.227980162592015,0.9045287637698899,2451
scene-0972_CAM_FRONT_6cd9c11f_dbaed053,scene-0972,dbaed05362384292b62080dbf03eb0c8,2417,1,27.3665,21.876044768044103,15.459869643241035,-0.22392744570970535,0.0,0.5710720263871716,0.34714458067746623,0.7701636968177461,0.4150212953191479,0.7083373208829387,0.73955024004096,0.5570473713961253,8.488209068005744,0.04468349193214729,2417,0.38630774764603554,0.3971612485661371,0.33718361298374333,5.373566036690174,0.0719900703351262,2417,0.07991138262874978,0.03823536593550952,0.03862461331021816,4.377308155541955,0.911460488208523,2417
scene-0972_CAM_FRONT_01c42b37_24d36d6c,scene-0972,24d36d6c526646499d4610990f715255,2636,1,27.3665,27.19180283170498,20.805369457681024,-0.006404076237231493,0.0,0.27410853724078166,0.26770446100355016,0.31535755977150903,0.3069608250415463,0.30451397653294954,0.3125384385586786,0.272065271536985,3.730648289722351,0.13429438543247343,2636,0.296443163759575,0.30418170542772116,0.2656611952997535,3.658285807396692,0.15402124430955993,2636,0.037632843430037054,0.01345259962781244,0.013522293476065594,2.5975834281168257,0.9776176024279211,2636
scene-0972_CAM_FRONT_68d1a328_53bc14f0,scene-0972,53bc14f0ee1f459e96250c3f631eeba4,2429,1,27.3665,34.31296046285772,25.877976197034656,0.22620350122451782,0.0,0.05592737055912744,0.28213087178364527,0.057520873797538785,0.32595223836667797,0.07396790078315496,0.05707466532499351,0.055685385081922556,3.4083974561662056,0.9720049403046521,2429,0.31859067204797936,0.3212823654868079,0.2786027540133984,5.329625522936269,0.1255660765747221,2429,0.046732555373335365,0.018979912909062088,0.01907130511611288,3.458146959431087,0.9748867846850556,2429
scene-0972_CAM_FRONT_1241c106_98f5dd32,scene-0972,98f5dd32944b4ad087e9fb9844e490e6,2771,1,27.3665,30.734723747821466,23.903800298167607,0.11607344448566437,0.0,0.13528218304922657,0.25135562753489094,0.14485979880353295,0.2857672572748817,0.1626073880401888,0.15081857766851295,0.140610457826299,3.6884755811233325,0.9274630097437748,2771,0.2979602371756301,0.29093237548592493,0.25551161166245073,5.551092416870371,0.13929989173583543,2771,0.04380512160702326,0.022656133630552966,0.022591521587496555,2.8614491253326646,0.9696860339227715,2771
scene-0972_CAM_FRONT_7d8ff417_32acb4d3,scene-0972,32acb4d3c263417f865bf34b2b84a16b,3140,1,27.3665,25.63310754545197,20.870964998445956,-0.06543485820293427,0.0,0.27096067907203825,0.20552582086910398,0.31122351084569866,0.2281706929871523,0.30014149674298257,0.3083212826997292,0.2687448518430906,4.451927308016588,0.19681528662420383,3140,0.22170535825379575,0.2256147836049081,0.2034842080422028,3.3402809293787454,0.8331210191082803,3140,0.04937478983851653,0.01483667843781887,0.014774696800601506,2.2104595649787537,0.9662420382165605,3140
scene-0972_CAM_FRONT_4f5b8cae_82c379e1,scene-0972,82c379e1de1245e4b18822e277d2a0eb,2629,1,27.3665,27.279830831420686,20.729530590459028,-0.003172005875967443,0.0,0.2777603554185033,0.27458834954253586,0.32016978776141225,0.31598883594481864,0.3342659316232742,0.32053095549181915,0.2780338947308101,4.560756267044489,0.058577405857740586,2629,0.3300692487896703,0.3163488598641093,0.27486188885484286,4.508596530730745,0.06732597945987068,2629,0.03844284122887642,0.022624913720072692,0.02249382601158678,1.406912662112662,0.9870673259794599,2629
scene-0972_CAM_FRONT_6b179cb7_0c381dc5,scene-0972,0c381dc5510c472992c5346927219f16,2760,1,27.3665,29.692639114767474,24.15517363856208,0.0815795361995697,0.0,0.12482105114294662,0.20640058734251632,0.13294569558842895,0.22924552557822264,0.14474673504830385,0.13373272468046474,0.12554659815063696,3.427549607021421,0.9380434782608695,2760,0.23482660925863066,0.22906513016726393,0.2064141123147949,3.9792180843458302,0.6840579710144927,2760,0.05060345393880383,0.025427481661289296,0.02526496416451507,3.3786833889583834,0.9547101449275363,2760
scene-1059_CAM_FRONT_cb4504ed_fff51b00,scene-1059,fff51b00bf394365a4eea2b279224312,2061,1,27.3665,24.623321061433185,18.24734926804559,-0.10562563315033913,0.0,0.40529981374494906,0.29967418059460993,0.49975207894571794,0.34941906902352526,0.51801702307509,0.5121483655121378,0.4158794856904515,5.58778036522957,0.06259097525473072,2061,0.37967087881520856,0.36447510493437174,0.3154508264887943,4.592200312461293,0.07666181465308103,2061,0.09135935759300529,0.037672702737450214,0.037073244991276955,3.680845697462933,0.8893740902474527,2061
scene-1059_CAM_FRONT_97d92ade_bdea805e,scene-1059,bdea805e042d412c92ad5c6e4ca7385b,1858,1,27.3665,19.291745904132725,14.26412956895841,-0.3496423065662384,4.545089966045504e-05,0.6515716734839487,0.30192936691771033,0.9185538008260217,0.3524656945149609,0.9210389410574409,0.9279072330958587,0.6565908046992127,8.335115778529538,0.021528525296017224,1858,0.36957647786602726,0.35998473803547193,0.3086496958926027,3.8859466185869227,0.06081808396124865,1858,0.06368377394681547,0.028007337541775704,0.02813460396813494,2.5881297177535605,0.9494079655543596,1858
scene-1059_CAM_FRONT_a945d7d0_3aeb1dd2,scene-1059,3aeb1dd281504f3098eb78149fca78e2,2084,1,27.3665,21.094711494778704,15.00390040013937,-0.2602972686290741,0.0,0.6010094436606535,0.34071217503157936,0.823959055323094,0.4059485155328515,0.8581780725612591,0.8276137595557391,0.6030929813794921,8.79413649381705,0.020633397312859885,2084,0.45722185909532337,0.41171393994525146,0.3451987759668641,5.1127450102261385,0.02831094049904031,2084,0.08808238866747271,0.022003517611799507,0.022221705675873227,3.26356217447333,0.9078694817658349,2084
scene-1059_CAM_FRONT_3f8c45e9_2ff6e2f9,scene-1059,2ff6e2f9910b483ab578f0e162ee7c64,2815,1,27.3665,18.4087892885747,13.409695901016711,-0.3964914083480835,0.0,0.7133416176321048,0.3168502092840213,1.04079944854865,0.37279692428960765,1.0657447587735263,1.0480126627186552,0.7168698901262405,8.9045788214924,0.007460035523978685,2815,0.3994032142014894,0.3796851604808915,0.32210369990461274,3.6979108870363167,0.1285968028419183,2815,0.09130512150427453,0.05635887070054877,0.0563265186828259,2.0813474662505005,0.9158081705150977,2815
scene-1059_CAM_FRONT_eb82a835_82f21b3a,scene-1059,82f21b3a1e094ab3bfaced9fc03c422c,2233,1,27.3665,16.56198047699991,10.939336461414323,-0.5022099018096924,6.069630037081646e-05,0.9169544950048909,0.4147445931951985,1.501659958675578,0.5139840094888761,1.458369447852563,1.4655286936267315,0.9046671117117238,10.302396266262592,0.0,2233,0.5051110057896105,0.5085758385758989,0.41116605251694716,4.8787590701081625,0.16121809225257502,2233,0.14639749578941,0.11608385408323457,0.11705963096815841,4.054671583167864,0.8163905060456784,2233
scene-1059_CAM_FRONT_f8ac246e_31c4135d,scene-1059,31c4135dd79c4d75b8ca0511345be76c,1849,1,27.3665,16.519829685577864,10.033707167421175,-0.5047581791877747,0.0,1.0033694960337187,0.49861131684594406,1.7274565166559102,0.6464333082409188,1.8056913085331372,1.7481492171531219,1.0109276731599581,12.44206453581872,0.0,1849,0.7043777745028723,0.6609301590418011,0.5086713476401605,5.302367413905052,0.005408328826392645,1849,0.10437577192291057,0.08694044953777107,0.08681840887064096,2.7897926920917966,0.9091400757166036,1849
scene-1059_CAM_FRONT_49e0e239_7dfdfced,scene-1059,7dfdfced3bb641698d76f4d51567c383,1990,1,27.3665,17.477727407122483,12.866867807275117,-0.4483922868967056,0.0,0.7546640172674826,0.3062717303707774,1.1268968026955695,0.3583513617230385,1.1822074610835283,1.1332883373730533,0.7576646090743947,9.519701251459395,0.008542713567839196,1990,0.40802083311419457,0.3638540036344827,0.3103667228457041,3.7409424004010017,0.15979899497487438,1990,0.1078697898647894,0.07167107632957209,0.07209498204766807,2.4816070476295717,0.8582914572864322,1990
scene-1059_CAM_FRONT_171e5846_5253c29c,scene-1059,5253c29c4cf64f01b43f64c9e5dfedb4,2545,1,27.3665,23.422164518988097,17.192850483889227,-0.15563686192035675,0.0,0.46482600977419253,0.3091891478538358,0.5917372180746943,0.36232002604432156,0.4711066742515047,0.5170023938670725,0.42674947687984854,6.5840606732962605,0.14931237721021612,2545,0.3046261679202953,0.33103202765122425,0.28908464999852956,5.997338375084036,0.34891944990176815,2545,0.1535498396791588,0.06564350544210946,0.06633908902176211,6.562368181973367,0.7489194499017682,2545
scene-1060_CAM_FRONT_e74b8ce0_ffced1bc,scene-1060,ffced1bcacb046af9928fe92d99fdb23,1830,1,27.3665,27.131949880733984,21.015407783021992,-0.00860764179378748,0.0,0.26406376499005546,0.255456123196268,0.30221122913964815,0.2910503646116944,0.302473377754226,0.30168947395679213,0.26376214374193074,3.6301206962087496,0.27049180327868855,1830,0.29179531272502895,0.29053308123708443,0.25515450194814326,3.530968934442064,0.30327868852459017,1830,0.07998318779845796,0.05104429868875113,0.05016746351052537,1.974482504068075,0.9333333333333333,1830
scene-1060_CAM_FRONT_ce3718b3_6a572eb7,scene-1060,6a572eb7bc84490487b6fad4266bc0d4,1960,1,27.3665,28.954008585569483,25.439110902488228,0.05638902261853218,0.0,0.07303184857811029,0.12942087119664247,0.07576479794831403,0.1381690459448195,0.21117241962046535,0.1589853083361048,0.15222308397002016,3.6325979298163773,0.5984693877551021,1960,0.2479237828996806,0.20618813751737408,0.19085461391522962,3.7330051469024417,0.5678571428571428,1960,0.18541529235195228,0.13485369170691336,0.13432940881167377,3.6327690399239123,0.6806122448979591,1960
scene-1060_CAM_FRONT_2f51a63b_2fd7d4c5,scene-1060,2fd7d4c5a1c14f2baceb354cc049866c,2060,1,27.3665,28.74942822939126,22.01430565958714,0.0492982417345047,0.0,0.21762713835111036,0.26692538008561506,0.24312346812909813,0.3059429933403781,0.3504491826276867,0.244250736377652,0.2197424140080455,3.125703224192569,0.5189320388349514,2060,0.4142082509703937,0.3065225304166047,0.26772922871199945,3.4965963915551175,0.2470873786407767,2060,0.15401423122882785,0.06268257142784751,0.06252644093519322,2.508281254981602,0.791747572815534,2060
scene-1060_CAM_FRONT_d6297a6f_8df260af,scene-1060,8df260afcbab491f8d9700612a30bc74,2042,1,27.3665,29.94489315714704,24.859140137366545,0.09003916010260582,0.0,0.0960941403526192,0.18613330045522503,0.10086269471825227,0.2045828211143932,0.10656545687855912,0.09638278694213828,0.09295631063403553,2.8760291602786494,0.9573947110675808,2042,0.1886470870036782,0.19074016178175235,0.17466217905741965,3.290466850412464,0.7761998041136141,2042,0.06888447626110196,0.0464529563735085,0.046052905721286064,3.0197863623200027,0.9539666993143977,2042
scene-1060_CAM_FRONT_e0e5ebc1_84eb0d49,scene-1060,84eb0d4946ea4990b8e9b9997e2173f2,2078,1,27.3665,27.155535196692302,23.631526850664596,-0.007738737389445305,0.0,0.1467379336019392,0.1389991962124939,0.15805043715278866,0.14912317635238193,0.18610049498393702,0.17373149026362733,0.16214757945985792,1.9368682483246176,0.7709335899903753,2078,0.1819680223155541,0.16532623522512063,0.15527903940514398,1.9196743065013506,0.7704523580365736,2078,0.1336495555324124,0.060674679572263385,0.060737608835202406,2.0579154157783237,0.7160731472569779,2078
scene-1060_CAM_FRONT_263f230e_fb43e7b6,scene-1060,fb43e7b654544445b20bdaae68038689,2489,1,27.3665,27.269707379392376,22.315867014574028,-0.0035431713331490755,0.0,0.2040216868685789,0.20047851553543028,0.22632474831148208,0.22198735821391558,0.23555108094265545,0.22052041543929501,0.2010379533616815,3.755696703496385,0.627159501807955,2489,0.23182221325761598,0.21625753482443646,0.19778495528098494,3.741598336574441,0.6364001607071113,2489,0.08628698617557272,0.04678805532173972,0.04670387629688033,3.7680474254362917,0.892326235435918,2489
scene-1060_CAM_FRONT_5510e4b6_0b0e7d27,scene-1060,0b0e7d27f48442e4960e836e8936a3b7,2408,1,27.3665,27.35053046031293,22.28743224288757,-0.0005837136995978653,0.0,0.20529669459275635,0.20471298089315848,0.22788931904586174,0.22717279237230703,0.21198955005406164,0.21313402904181106,0.19381935463077005,4.829908321412227,0.717607973421927,2408,0.21146453772139162,0.21257136273249694,0.19346490380687098,4.8297712212341155,0.7213455149501661,2408,0.1118465007714603,0.04846696521961534,0.04869874746868019,5.2981801853160695,0.8504983388704319,2408
scene-1060_CAM_FRONT_3f9e2573_2deffe9a,scene-1060,2deffe9affa24bb2ae3f6f440cb8a01e,2767,1,27.3665,28.57069883402422,22.253776105483965,0.04306203871965408,0.0,0.20680793081902982,0.24986996953868434,0.22974635272151023,0.28385846512509794,0.24850789783454794,0.22346365890172076,0.20335706567085143,5.547311483002631,0.6154680159016986,2767,0.28638012962762416,0.27464006395066703,0.24407065074659728,5.558741972347991,0.41561257679797614,2767,0.150300138983829,0.05432885361008493,0.05374410928904716,6.13015232826129,0.7806288398988074,2767
scene-1061_CAM_FRONT_79f64892_331fa27d,scene-1061,331fa27d969c420597348566ae423e15,1934,1,27.3665,22.81795380794482,18.400019012483636,-0.18177196383476257,0.0,0.3969679397361845,0.21519597590142192,0.4873082457921909,0.24010490382992566,0.43836947932596143,0.48607926432404264,0.396141285584522,3.642599497779404,0.08738366080661841,1934,0.20490765058637397,0.239190686220501,0.21459414557638168,1.8065969185271216,0.6840744570837642,1934,0.05797236832567843,0.023843991022203664,0.023669003946116596,0.7124961132989106,0.9643226473629782,1934
scene-1061_CAM_FRONT_3eada6f4_9fa6e5f9,scene-1061,9fa6e5f94026465cb1f2acdf414c304b,2401,1,27.3665,27.676462808516078,21.053213206282734,0.011262696236371994,0.0,0.26226644277940014,0.27352913901577214,0.29987283802518294,0.314595664677771,0.2479387666848053,0.28937660227746265,0.25441223526337486,3.468013617170714,0.37276134943773426,2401,0.25918181338946866,0.3039019353908173,0.2654590777592998,3.5476028783247084,0.35276967930029157,2401,0.10451672151438826,0.039164785176316795,0.038927968900064114,3.046197442888725,0.7913369429404414,2401
scene-1061_CAM_FRONT_f8de8186_f267aa43,scene-1061,f267aa43c6904cf7b43b3d493012b43a,1992,1,27.3665,27.554112105517596,19.302186458349954,0.006832146551460028,0.0,0.34910126014609855,0.3559334066975586,0.41779274897437824,0.4275124823280283,0.5136823923960665,0.4113830214868911,0.3451052921738762,4.2293843301058915,0.071285140562249,1992,0.5237348452382733,0.4209918751755124,0.35193743872533634,4.298592533439256,0.06275100401606426,1992,0.13786505810296382,0.028045018615783797,0.028445792617434962,2.75608874216028,0.8157630522088354,1992
scene-1061_CAM_FRONT_50e62add_8a75ea80,scene-1061,8a75ea80dd4646d7bf2775ccfd012db6,2795,1,27.3665,27.515785530338388,22.78863533676733,0.005440221633762121,0.0,0.1830576760867011,0.18849789772046321,0.2008836683540549,0.207434544619012,0.3355837143470769,0.22048197301779834,0.20057185787299803,4.383206976337175,0.5488372093023256,2795,0.3425866999289917,0.22693132539985444,0.20595666811625124,4.4482916035191185,0.542397137745975,2795,0.14378063691075804,0.06353153973265967,0.06322795165525719,2.768508228595253,0.728443649373882,2795
scene-1061_CAM_FRONT_bb4f3cfb_50f1c83c,scene-1061,50f1c83c63ec40fcae6615e8a6a19a23,2606,1,27.3665,28.531542385181428,23.63769975833084,0.04169058799743652,0.0,0.1464767527811741,0.18816734077861064,0.15774801608413624,0.20703548470810107,0.16261717840442758,0.13364418161349767,0.125921277113754,4.366941145845983,0.8438219493476592,2606,0.20073738045505146,0.1807064076548528,0.1662349239382741,4.455487360432537,0.8027628549501151,2606,0.09565811937039326,0.047248212531571465,0.04801948381038823,4.759037512947266,0.9174980813507291,2606
scene-1061_CAM_FRONT_50e79730_01cf2593,scene-1061,01cf25932e6a449e9398b0a0219de47e,2662,1,27.3665,30.49235074040973,24.008384279841817,0.108156219124794,0.0,0.1309165233031444,0.23907274242793886,0.13987262453882665,0.2700709212661201,0.1616056535228793,0.14334906005455847,0.13412935316268093,2.650840588048535,0.8745304282494365,2662,0.28172726746630034,0.27169934772844706,0.240444633495843,3.761036800791927,0.2806160781367393,2662,0.05908245321984881,0.028861587299623317,0.029070235806487155,2.1977842945106523,0.9515401953418482,2662
scene-1061_CAM_FRONT_a08ae80f_1f7bbb7a,scene-1061,1f7bbb7aa80e4f21a106c80392af97b9,2154,1,27.3665,30.461605532051642,22.7166694302409,0.10714741796255112,0.0,0.18622064650928216,0.2933680644718333,0.2046880412658183,0.3409362506063731,0.22848882243258237,0.2110540457122754,0.19181898052253232,5.22847783720591,0.77669452181987,2154,0.33512762052270517,0.3442639105985559,0.2971418444338869,5.4669323272386485,0.11420612813370473,2154,0.09420578217210471,0.022735097250885287,0.02257596242742599,5.47204081339747,0.8467966573816156,2154
scene-1061_CAM_FRONT_c3d70d9f_92e329cf,scene-1061,92e329cfbaaf4cde86938c173fee33d7,2537,1,27.3665,27.564419644484044,20.777292250967015,0.007206160109490156,0.0,0.2754589659929221,0.28266512610241223,0.3171350563606916,0.3266608233419417,0.3339590296145238,0.32643439760822424,0.2826599509937142,3.5334542471624606,0.19944816712652738,2537,0.3431327902914566,0.33602741916399603,0.28986476945791617,3.61834929997537,0.18959400867165943,2537,0.0775794537726198,0.038285033805397446,0.037947873441667834,1.560939467714032,0.9389042175798187,2537
scene-1062_CAM_FRONT_61789996_6b9a3650,scene-1062,6b9a36508b994d95927d7b2af790db05,1923,1,27.3665,19.107215762082557,14.308198413866656,-0.35925358533859253,0.0,0.6484869489995049,0.2892333636609128,0.9126447095867789,0.33540332677837204,1.1391182510319493,0.9291346573573838,0.6570715383080408,7.966944187382107,0.0015600624024961,1923,0.49464067827621633,0.34695529814801535,0.2978467106474223,3.694907585000312,0.2953718148725949,1923,0.2036542990527153,0.09347589822260248,0.09450647978377136,1.886271536527282,0.7124284971398855,1923
scene-1062_CAM_FRONT_c6d18bda_e1b741c0,scene-1062,e1b741c0b3a342e789365174a36764f6,1979,1,27.3665,24.50247125616882,18.763260322060532,-0.11054565757513046,0.0,0.3774189180049867,0.2668732604298567,0.4585151796793214,0.3058749298148642,0.4969480990420203,0.4637683379750422,0.3811329664223313,4.956718466374954,0.281455280444669,1979,0.373631848186452,0.31073403041303777,0.27080816150964027,4.469477699922405,0.3486609398686205,1979,0.20212572070327328,0.16994880121147618,0.17235416243623747,4.129150316119688,0.5821121778676099,1979
scene-1062_CAM_FRONT_cd1b9e25_4eed0329,scene-1062,4eed032931e440998413614c733f4ce1,1809,1,27.3665,29.682135436828947,21.125962125961287,0.08122572675347328,0.0,0.25881692100742004,0.3400426477608933,0.2953966232084566,0.4050075097102037,0.34442284265259415,0.31067441815005514,0.2705418277524667,3.047216040926035,0.12106135986733002,1809,0.4575061476415016,0.42157804589980147,0.35176755450594,3.978967974233468,0.017136539524599224,1809,0.06588835547154479,0.03498043129310507,0.03547368951628216,0.9022546924263939,0.9552238805970149,1809
scene-1062_CAM_FRONT_6582e6af_17d12b97,scene-1062,17d12b9725ce49fba738ae3a0bb3ca78,2331,1,27.3665,30.893203222841453,23.58002266815891,0.1212165616452694,0.0,0.14891978119908744,0.2701363428443573,0.16057988514803778,0.3101430671887282,0.19405519298833204,0.171966952555505,0.1590946608647701,4.2270462453658455,0.806949806949807,2331,0.28738789715155694,0.31327550937799875,0.2752986945128262,4.54270307799169,0.24581724581724582,2331,0.12103040689673317,0.0380156149465027,0.03762342449987388,4.479007754845987,0.7606177606177607,2331
scene-1062_CAM_FRONT_e9550049_9a12dd12,scene-1062,9a12dd1281234caaafb32edfe77254e1,2437,1,27.3665,27.113131620547737,20.20951295947996,-0.009301465470343828,0.0,0.30316620549924256,0.29386474002889873,0.35413951117326703,0.34160242628852666,0.35496978813159097,0.36075483595270774,0.3097079022224718,4.150419123857741,0.2215839146491588,2437,0.34364472314540134,0.3481565041376359,0.3005823333553803,4.093465741826631,0.2425112843660238,2437,0.09950727050396845,0.06732153625654703,0.06715430393115751,3.720862364973158,0.9015182601559294,2437
scene-1062_CAM_FRONT_1d0ccce7_1a776100,scene-1062,1a776100d0974c0b9edc9bb80a842b54,2072,1,27.3665,27.356817462728564,21.568026441707875,-0.0003538724558893591,0.0,0.23810767693920631,0.23775380448331696,0.26884581090271364,0.2683968807561561,0.26884657773989157,0.2649093740476165,0.23551478366368161,5.5383040631518705,0.30694980694980695,2072,0.26843999521917355,0.2644618366511937,0.23516091120779226,5.537406740743014,0.3112934362934363,2072,0.0599315747819968,0.015861503238041953,0.01580659565990339,5.762684537892068,0.9348455598455598,2072
scene-1062_CAM_FRONT_d1e5fd1c_62a84ee7,scene-1062,62a84ee738a747dfa124dee4d8f89b52,2265,1,27.3665,29.980662131138732,21.765434106258635,0.09123294055461884,0.0,0.2289965176792208,0.32022945823383964,0.25733766054915397,0.3774437938969393,0.2715627076218902,0.2658464161723821,0.23574100212299243,4.1459364000407275,0.31788079470198677,2265,0.39181535332185036,0.3864789178940134,0.3267673806887208,5.729132140938314,0.017660044150110375,2265,0.038157421830886114,0.02681200792014288,0.02680691193481133,1.2013938802801507,0.9916114790286976,2265
scene-1062_CAM_FRONT_2e849ae0_4f371688,scene-1062,4f371688b8af4d2bac93df275036b909,2028,1,27.3665,30.341636170188824,22.20785315323795,0.10320126265287399,0.0,0.20887366567139987,0.31207492832427386,0.23228930825354954,0.36625706054639307,0.24696898698900502,0.24003399745999357,0.21513879557418303,3.419872128386307,0.6084812623274162,2028,0.38118335834281275,0.3745068023287433,0.3181470780468212,4.956198977473915,0.02465483234714004,2028,0.03810650582495772,0.023106309748003658,0.023040851932551565,1.2405626730338144,0.9911242603550295,2028
scene-1063_CAM_FRONT_42c25025_7feaed03,scene-1063,7feaed03e4124fa58ff3084605916be6,2173,1,27.3665,31.055134011665096,24.211169561537428,0.1264445036649704,0.0,0.12250555882787895,0.24895006249284934,0.1303254033409118,0.2826779777297579,0.17958144465732548,0.1360462883504651,0.12836592829691207,5.75942985354222,0.8288080994017487,2173,0.30098548343584525,0.27565176262695146,0.24439407718374295,5.895149420025011,0.3805798435342844,2173,0.11304999615943488,0.03834305919306201,0.0387369870585057,6.0388083971366155,0.8196042337781868,2173
scene-1063_CAM_FRONT_291a44ae_b615d1af,scene-1063,b615d1afcff44bbab1a3e34f76a64942,1944,1,27.3665,23.57417039839503,18.489305756437226,-0.149167999625206,0.0,0.39212713991834747,0.24295914029314147,0.4801258825238528,0.27501652625261275,0.46053278813447,0.4759655622887671,0.3898539557097297,4.672165494627858,0.01748971193415638,1944,0.26449296964097235,0.272232806731063,0.24100997635981225,2.8670751572456545,0.3184156378600823,1944,0.04648166772871036,0.018726060248194877,0.01863031645444979,1.6243510754728627,0.9691358024691358,1944
scene-1063_CAM_FRONT_01c3289b_e44b9739,scene-1063,e44b97393b8b4126af6ffc2577883e35,2313,1,27.3665,28.39202687748122,21.671787074604143,0.03678872436285019,0.0,0.23330835781073933,0.2700970821735895,0.26277080453919477,0.310091631102823,0.22821110216041152,0.24732268558541834,0.220999402738014,2.6530768092722936,0.5170773886727195,2313,0.27165421526573225,0.2940455106645152,0.2577881271008642,3.0787914956376707,0.3052313013402508,2313,0.04890640888208953,0.022994576216179362,0.022907659701576488,1.8712907415163724,0.9584954604409858,2313
scene-1063_CAM_FRONT_4c1be72a_23ef1630,scene-1063,23ef1630fb3c42a7b149d88f162d6a78,2585,1,27.3665,32.46706372301048,25.447993419369425,0.17090651392936707,0.0,0.07268274178220269,0.24358925571156975,0.07538930669363997,0.2758201869974777,0.12503691223939034,0.07903156447115468,0.07651848123229188,3.3208828545817473,0.8615087040618955,2585,0.3006013618053949,0.27542244599714416,0.24364403671930135,4.189956344450343,0.3125725338491296,2585,0.08852464676754676,0.043678836877424736,0.044339852809671454,3.375089645040608,0.9234042553191489,2585
scene-1063_CAM_FRONT_f291dbf1_65b000c4,scene-1063,65b000c499c74951af8900ed407c3d51,2368,1,27.3665,32.22700369248846,24.630862361876805,0.163485087454319,0.0,0.10531941345575024,0.2688045009100697,0.11106544293623122,0.3083993251640602,0.12388866320889556,0.1127875360365909,0.10704184672845485,3.6107422612497575,0.8927364864864865,2368,0.2818658307415141,0.29807823963212526,0.26311631943115277,4.057787718608522,0.2985641891891892,2368,0.08003554095353549,0.03048775244439382,0.030518965608393955,3.97432712756235,0.8872466216216216,2368
scene-1063_CAM_FRONT_46cf544f_b8849fcd,scene-1063,b8849fcd11d14e499aea2ee258d8b581,2058,1,27.3665,29.649836719543263,21.351931814948422,0.0801369808614254,0.0,0.24817741892070577,0.3283143997821316,0.2816873076018722,0.3886254872163606,0.26725135194450556,0.27594273259557434,0.24385125750323344,2.902253752812322,0.27405247813411077,2058,0.3666170048175547,0.3811941097689912,0.3232521113396495,3.834202545938445,0.09863945578231292,2058,0.05282062264215897,0.020535889011987583,0.020560429881277598,2.107356320579648,0.9421768707482994,2058
scene-1063_CAM_FRONT_b44e59e4_49d97125,scene-1063,49d971253fcf461db80e7c30f85e3005,1855,1,27.3665,25.06425167882003,20.65388904443234,-0.08787704259157181,0.0,0.28141600451333604,0.19353896192176467,0.3250046972329008,0.21353666735111032,0.297535348003322,0.31428327247664084,0.27362862730926985,4.654618819439351,0.25121293800539085,1855,0.20868370990346066,0.20564108890642177,0.18778920483685702,4.430603883579291,0.7929919137466307,1855,0.08816209798423907,0.03497969707673857,0.035077839955063084,4.7746011561482256,0.8695417789757413,1855
scene-1063_CAM_FRONT_8190acd9_4b367031,scene-1063,4b36703115d547dc8611741eb213da76,2024,1,27.3665,30.297777240989312,24.420225702847848,0.10175471380352974,0.0,0.11390792645703618,0.21566264026056592,0.1206489380156941,0.24068375164345968,0.14655595587441989,0.1151971235733261,0.10933247270829516,3.953029916658418,0.8878458498023716,2024,0.24518775855931202,0.23186499570465424,0.20870942806678805,4.182760113772821,0.6452569169960475,2024,0.08158891875520534,0.0234036769494859,0.023272323734074396,4.184267627829551,0.8794466403162056,2024
scene-1064_CAM_FRONT_b62a484b_a354f386,scene-1064,a354f38681ff451c9fd5d33f696e54b4,1864,1,27.3665,29.274052432859317,21.872270057069112,0.06738190352916718,0.0,0.2241000105730353,0.2914819141022025,0.2511961460148098,0.33840942693545206,0.2768494585319871,0.26771344718952206,0.23771161477069458,3.476847475874947,0.36909871244635195,1864,0.36244077145352427,0.35460664192476776,0.303691762836786,4.170180949524294,0.03540772532188841,1864,0.05094533519327154,0.032402966669594385,0.0323455327034019,2.53047827072858,0.9726394849785408,1864
scene-1064_CAM_FRONT_6a26b824_c8241756,scene-1064,c82417563e44430e9e59224e36872f4e,2605,1,27.3665,31.849332491637888,25.531456067967735,0.15169678628444672,0.0,0.0694083744044498,0.22110516068889652,0.0718738456258492,0.24745460685247345,0.09448529106996342,0.07488543500466968,0.07230352608282065,1.9576366888325936,0.9470249520153551,2605,0.2471637554045823,0.24800397195007357,0.2216067253433196,3.527007859065739,0.5531669865642994,2605,0.04671652686646083,0.013156943498879137,0.013142136531302917,1.7748637357589858,0.9358925143953934,2605
scene-1064_CAM_FRONT_6f5c95dd_f722e39f,scene-1064,f722e39f910049d7955a64df0b4c424a,2194,1,27.3665,25.291169743114246,17.83983730681039,-0.07886432483792305,0.0,0.42788563010087355,0.3490213052629505,0.5340106262938162,0.41767939405250587,0.5503804745762648,0.5376237429377619,0.4305394412949136,6.301384754517291,0.006381039197812215,2194,0.4349433919862841,0.42142135254681223,0.35174689608205556,5.114801192667423,0.009571558796718322,2194,0.03780161744634386,0.014440808968606743,0.014466231832388043,2.305544930871407,0.96718322698268,2194
scene-1064_CAM_FRONT_b8057780_cce69223,scene-1064,cce6922361124fd0b4c5f28acf78d65d,1950,1,27.3665,19.87491185554452,14.348155979160563,-0.31986141204833984,0.0,0.6456982068837434,0.3258367948354035,0.9073182672217557,0.38518928037938016,0.8859809702426658,0.9022028888861443,0.6431495830443774,8.521292097707896,0.006153846153846154,1950,0.3823382300243057,0.38254270918079447,0.3239872133520859,4.251292986449871,0.03333333333333333,1950,0.04165085954443395,0.011390338194782686,0.011353632286549509,2.909405275804401,0.9702564102564103,1950
scene-1064_CAM_FRONT_b1b4b2f5_3e8da1f9,scene-1064,3e8da1f918d5488bb639d26fca75b8d8,1756,1,27.3665,19.569820320615275,14.25684578415204,-0.3353310376405716,0.0,0.6520824403756516,0.31675140273507996,0.9195339848889084,0.37266128966402623,0.8972718906414663,0.9115556631887195,0.6480805407806756,8.006909364587138,0.002277904328018223,1756,0.359830703000168,0.3671790140817979,0.31274950314010397,3.2983457183122638,0.08485193621867881,1756,0.03936341428343362,0.017166900091951622,0.017071251155804656,1.5675089955799408,0.9732346241457859,1756
scene-1064_CAM_FRONT_aef5b6d3_1fcc8d01,scene-1064,1fcc8d01ea7048a9a9eb0eb161778026,2267,1,27.3665,20.237473033963706,22.78210736064402,-0.30178365111351013,0.0,0.1833441746505411,0.11843947646296904,0.2012277690902069,0.11169442257462792,0.23212362712963838,0.20060744658518276,0.18340333664129882,5.034967248973199,0.7066607851786502,2267,0.1699002161635227,0.12481448717925066,0.1317375732640771,5.79328210017088,0.812086457873842,2267,0.11563528760395864,0.05576333726539783,0.05662595796407954,5.316427235931426,0.8363475959417732,2267
scene-1064_CAM_FRONT_d049eb8f_f0890b4c,scene-1064,f0890b4cf8ca4ee593cc7ceb21645c60,2226,1,27.3665,27.00320803643158,20.76546506992638,-0.013363962527364492,0.0,0.2760283639878036,0.2626644014604391,0.3178852439781654,0.30039023665013054,0.3315679965109424,0.3166885383777347,0.27546148628718625,8.261628694502534,0.11590296495956873,2226,0.31743375159284976,0.29941792245767584,0.26213258747153556,8.24093415300377,0.15858041329739442,2226,0.10473448653316249,0.014705256527872582,0.014648071315314315,8.491458630199027,0.8634321653189577,2226
scene-1064_CAM_FRONT_23a90ef5_9435f311,scene-1064,9435f31153e845c59b8481126eadc094,2481,1,27.3665,30.570691921939325,24.17352276374318,0.1107221320271492,0.0,0.12406170411193873,0.23478383613908793,0.1320857231882573,0.2646353707201907,0.16079431339244601,0.14318864369614623,0.13394260887191822,3.6031800651319683,0.9052801289802499,2481,0.28022365833630347,0.2750356484147545,0.24382234399545166,4.2522293996342935,0.3010882708585248,2481,0.06758605069987073,0.03189861581075434,0.03189292191310278,3.536843802711351,0.9367190648931882,2481
scene-1065_CAM_FRONT_dc2def2a_cc4e11ce,scene-1065,cc4e11cedcc84ec9add244318e24367e,1946,1,27.3665,27.257591061360984,20.230560192619777,-0.003987584263086319,0.0,0.30212529565909296,0.29813771139600664,0.352730707377221,0.3473473201846733,0.3611664655876905,0.34686450533670954,0.29826762837816057,4.245596284921456,0.1855087358684481,1946,0.35657352911793677,0.34150446354229724,0.29428004411507425,4.20023633988479,0.18602261048304214,1946,0.11323878638586621,0.03882802072307327,0.03883615459847867,2.887540594005927,0.7754367934224049,1946
scene-1065_CAM_FRONT_32e623d9_f7a93963,scene-1065,f7a93963d6cc431099c3e6943cda4d72,1899,1,27.3665,28.117399399335,22.618175113467682,0.02706894278526306,0.0,0.19056584600142212,0.21763478878668563,0.2099340403331209,0.2431329786014822,0.21951320378857586,0.20622518901246759,0.18749580476519245,2.839004418471144,0.7482885729331227,1899,0.2519125473155993,0.23932236146390312,0.21456474755045596,3.1461966242864987,0.6119010005265929,1899,0.05392625686544412,0.03022804351348244,0.030363281225571193,1.847846875095424,0.9720905739863086,1899
scene-1065_CAM_FRONT_0acd18a2_f3fc850f,scene-1065,f3fc850f424f44ae866df4abf31f8061,2395,1,27.3665,31.834119756051074,25.398522403345513,0.15121902525424957,0.0,0.0746286384020074,0.22584766365625697,0.07748394041990658,0.2533847146894599,0.14510925122524812,0.08240559275953026,0.07920104926217375,6.222990504882068,0.886847599164927,2395,0.29762926947452195,0.25697971938632164,0.2290323112127013,6.295257459646943,0.3795407098121086,2395,0.09440294844611154,0.023395477131098942,0.02345509221847597,6.453553327612211,0.8855949895615867,2395
scene-1065_CAM_FRONT_d9288fbf_62c42fb6,scene-1065,62c42fb649fa4219a5798e454fafcf58,2372,1,27.3665,33.188215530453604,27.08139515607692,0.1928752213716507,0.0,0.010472671124723831,0.20334789249637453,0.010527701482140994,0.22549873591007907,0.11139952058433948,0.022744287343615336,0.022540722805617808,2.8925404582058207,0.9055649241146712,2372,0.3107757670042599,0.22962243850428224,0.207168569377838,3.935825391271336,0.7175379426644182,2372,0.10770615899366523,0.017509667042596974,0.01742744690768827,2.8966046625264603,0.9047217537942664,2372
scene-1065_CAM_FRONT_eb921f24_90c191b4,scene-1065,90c191b41e6641c9bd4a66b3cb90bf74,2406,1,27.3665,31.574748228016787,25.56444873798624,0.1430380567908287,0.0,0.06811697249155646,0.2111550292823856,0.07049051909873927,0.2351038174783655,0.13359002684581178,0.07867497097476936,0.07576204390890406,5.195227184259053,0.8171238570241064,2406,0.2387644851122629,0.2336798718602449,0.21173864895589456,4.837858439815956,0.685785536159601,2406,0.11228345239395726,0.030136664882148504,0.030343530021681886,5.5300749254777815,0.7817955112219451,2406
scene-1065_CAM_FRONT_41664d45_0b356d12,scene-1065,0b356d1230cc4cf9b50580c6b432576f,2025,1,27.3665,29.56666501317274,22.746323911599298,0.0773279070854187,0.0,0.18491609160058609,0.2622439986860048,0.20311748422982223,0.2998436638851989,0.24762948942817561,0.20126521240749076,0.1836211751468042,3.313379499622171,0.8419753086419753,2025,0.3451823255931496,0.2978289783760477,0.260692851801422,4.1503622198139505,0.19555555555555557,2025,0.08413380338211947,0.017504101551772226,0.017417225024830563,2.1908351665245007,0.8814814814814815,2025
scene-1065_CAM_FRONT_6b2940c6_4cf91043,scene-1065,4cf91043db79443a9dc39dd00dfb7be9,2114,1,27.3665,31.309303352538425,24.982652452825096,0.13459564745426178,0.0,0.09113795551788373,0.2257336029721455,0.09542011408421658,0.2532417609243047,0.11999370308951955,0.0930626997946333,0.08954703859590363,4.656342030111885,0.902081362346263,2114,0.25003930664632085,0.24615428995694877,0.22006224090255655,4.808047233708334,0.532639545884579,2114,0.0787300534035333,0.020494878325829427,0.020642557667192696,4.881113290568658,0.902554399243141,2114
scene-1065_CAM_FRONT_f03bb2a5_0888060b,scene-1065,0888060b915444b592ab9ae2527b9d80,2287,1,27.3665,34.26551217280638,27.229498234776987,0.22481973469257355,0.0,0.0050187580488838535,0.22983849274145784,0.005031373110211623,0.25839675330642464,0.05343339927974782,0.02102986445406282,0.02098873390302658,1.5234478734497912,0.9619588981198076,2287,0.24120939577998135,0.2547118649777317,0.22690595656482881,2.9261638664726246,0.4639265413205072,2287,0.05327694584254501,0.01980458126688689,0.01974303367657604,1.5398092418302636,0.9610843900306077,2287
scene-1066_CAM_FRONT_21bb21c8_d15d80fd,scene-1066,d15d80fd4f7b4a0b99f3c63cc13768db,1910,1,27.3665,30.916677397175846,22.958206334184073,0.12197612226009369,0.0,0.17564419057145564,0.2976203128315493,0.19201385341903254,0.3466503849275826,0.20093097873075413,0.18517977463285482,0.17004015273836093,3.4401543310327183,0.8256544502617801,1910,0.3531888966413055,0.3387208092278098,0.2917765138029256,4.511784601883711,0.10052356020942409,1910,0.06046377298849448,0.03832304223664006,0.03872637940940682,2.9581059792614433,0.9769633507853404,1910
scene-1066_CAM_FRONT_fc6ff393_99a4c956,scene-1066,99a4c956cb4f44cc975680994c6bb40a,2069,1,27.3665,27.87464798176176,22.093620714089646,0.018397963605821133,0.0,0.2140307262541037,0.23242868985992482,0.2386607136125818,0.26166047396592673,0.27479047191610756,0.24261571875082838,0.21721860845544683,3.945388155959351,0.6041565973900435,2069,0.29790467936221715,0.26568891662372685,0.23561657206126796,4.143296476599813,0.2261962300628323,2069,0.05142877283192147,0.014717013370993395,0.014690380000288439,2.7668465480745428,0.9507008216529724,2069
scene-1066_CAM_FRONT_f0ad08f0_259ea3f1,scene-1066,259ea3f1558d4f4ebbff3f8a73922c4e,2035,1,27.3665,28.46098457827108,23.21261171371653,0.03921454958617687,0.0,0.16462389831712354,0.2038384479033004,0.1789496303782525,0.22610005842010628,0.17794788269471176,0.16888723969230846,0.15605221906272715,2.5614587992920574,0.8732186732186732,2035,0.22112788645301304,0.21540104338233193,0.1950740991870168,2.974490202477778,0.6815724815724816,2035,0.06735160268746404,0.04016155121342599,0.04013696278104839,1.9340420036977786,0.9542997542997543,2035
scene-1066_CAM_FRONT_43b92f49_a36ddb26,scene-1066,a36ddb26940e4863bc8df270c2678b57,2146,1,27.3665,31.135625379013234,24.77627488368195,0.12903303653001785,0.0,0.09943310027209495,0.2284661368021128,0.10454457453666732,0.25667096951364776,0.118246637853364,0.10505580827307268,0.10011135966577,2.546238825210055,0.9398881640260951,2146,0.2428748105237551,0.25396210333220703,0.2264762325556221,3.172608843509465,0.440354147250699,2146,0.06234681456099147,0.02503302027455518,0.025152591534071567,2.9479027640670066,0.9482758620689655,2146
scene-1066_CAM_FRONT_118f9c10_d23b0449,scene-1066,d23b0449ea1f410cbf7004ccca4abb04,2309,1,27.3665,33.38797515778163,25.924253660176987,0.19887617230415344,0.0,0.05414067235787945,0.2530168446620329,0.05563309010660111,0.2879049709758814,0.08542027129031761,0.057942512150675335,0.056441027033456326,3.3515625533819127,0.931572109138155,2309,0.28518572448426727,0.28728427998201,0.2529341618832799,4.186466791651918,0.21741013425725422,2309,0.05729428916634176,0.01593505310694934,0.01587298956299099,3.4376407837887246,0.9333044608055435,2309
scene-1066_CAM_FRONT_33f8c4af_84324196,scene-1066,84324196e7234066973546a167720e54,2290,1,27.3665,33.319919750280874,25.913459205603534,0.19683577120304108,0.0,0.05455714346097107,0.25139291466401215,0.05607282234562727,0.2858152007384551,0.11816864278969459,0.06830435785853668,0.06618005918652425,5.021347735056699,0.9100436681222708,2290,0.32254408373175564,0.2928464284063035,0.25696827036511327,5.499069503285406,0.1978165938864629,2290,0.08669377443627453,0.03311497156640008,0.03294236052791433,5.126288948903497,0.9161572052401746,2290
scene-1066_CAM_FRONT_e6082479_54d5b307,scene-1066,54d5b3077ce2424e8eb811902df7d94a,2208,1,27.3665,30.046025082712692,24.367194737454394,0.09341073781251907,0.0,0.11608188793319929,0.20949262574571836,0.12308783570951753,0.23305228223622576,0.1343621532580116,0.1255890110314838,0.1185499055913487,2.591581749123476,0.9551630434782609,2208,0.23220239404765505,0.2339226798353748,0.21033513576476037,3.1931585624144616,0.7096920289855072,2208,0.05738958586252357,0.02314569864487728,0.02325165182107425,2.5497527513109945,0.9384057971014492,2208
scene-1066_CAM_FRONT_f153f6d0_887e6f18,scene-1066,887e6f18b1b341d9b55bc4289c2e0388,1783,1,27.3665,25.849449346303825,21.228541268971092,-0.057030338793992996,0.0,0.2539730751183651,0.1969427363243721,0.2891370939368554,0.21767431020269523,0.27881611662711936,0.28136362457960057,0.2479248425712246,2.438599119958162,0.23443634324172744,1783,0.21143369804377504,0.21049609255201013,0.19128604138263006,1.8811140379690086,0.8199663488502524,1783,0.045889083397130236,0.021077867212765587,0.021144121561527562,1.0829998309672126,0.9568143578238923,1783
scene-1067_CAM_FRONT_b6a9d120_243788e0,scene-1067,243788e0c44d494cb214f84237ef8a62,1706,1,27.3665,31.352482912027938,23.493435867677167,0.13597382605075836,0.0,0.1525985802857588,0.28857240633651715,0.1648572883990751,0.3345209737994703,0.1978494575676106,0.1707444606201467,0.15767118672983704,4.328200922089406,0.8288393903868698,1706,0.3423944279076926,0.33379391238244793,0.28802744553346626,5.150241611541539,0.11840562719812427,1706,0.0809393391902909,0.023772312312272934,0.023865511511231396,4.031245279340589,0.8786635404454866,1706
scene-1067_CAM_FRONT_5f816fe1_6e1f02cb,scene-1067,6e1f02cb4e2747c6970b2d9b2e834852,1704,1,27.3665,26.61999061303147,20.091079172545797,-0.027657177299261093,0.0,0.3090437433523685,0.2813865660531074,0.3621219529808022,0.3249656917089523,0.3679657726503976,0.36169703042733403,0.3095388473574361,4.872962612142805,0.0539906103286385,1704,0.33527151610934586,0.3250312970173155,0.28308099548415155,4.656718336441234,0.11208920187793427,1704,0.07709962492398191,0.02677888643459444,0.026780900214341763,4.337708426635682,0.8949530516431925,1704
scene-1067_CAM_FRONT_dd29902d_f975cc2c,scene-1067,f975cc2c458b4337b682ad21650345d3,1984,1,27.3665,26.41258277123663,20.997781275486716,-0.035479120910167694,0.0,0.26490285904430255,0.2294237381341353,0.30330436539732264,0.2578749356757646,0.295045309307933,0.299095845020909,0.26171716490694685,3.2741554725079465,0.19657258064516128,1984,0.2528330457317364,0.25394286748118666,0.22661133081365448,2.834241786888134,0.4692540322580645,1984,0.05282671800111214,0.025273525629211896,0.025253676390680657,1.5925359417762919,0.9314516129032258,1984
scene-1067_CAM_FRONT_f9cb1bb0_c30d133f,scene-1067,c30d133fc18d476e80f8df6e63ce5dc4,2080,1,27.3665,29.352571327517186,22.814498436426724,0.07006051391363144,0.0,0.18192340743924795,0.2519839213528794,0.19952231587547553,0.28657535072747686,0.2647508222357357,0.20246710456763672,0.18464496927998197,3.398116053774514,0.6855769230769231,2080,0.3481324451783219,0.2892171989702047,0.2542089871021912,4.130886534307892,0.16442307692307692,2080,0.09456321718032694,0.023330805043054393,0.023424765399770564,2.480674374913559,0.8822115384615384,2080
scene-1067_CAM_FRONT_5cd3757b_165cc8e6,scene-1067,165cc8e66a074fbfb489437c04a7315a,1534,1,27.3665,25.14736582523399,18.939934588810992,-0.08456648513674736,0.0,0.3680470034860406,0.28348051834929366,0.44490995318257887,0.32774301343628287,0.6156768768979185,0.5048194654110415,0.40867281607986194,4.666944913505612,0.0045632333767926985,1534,0.48497971145048435,0.38279449683461575,0.3241063309431147,3.763498071948987,0.17340286831812254,1534,0.16037286590167424,0.07404107342955678,0.07430147730106174,1.6651197613598443,0.8526727509778357,1534
scene-1067_CAM_FRONT_08461b5c_c6749814,scene-1067,c6749814a54341b19d882ef6fbd5cf86,2125,1,27.3665,22.302781594236205,16.86062938752026,-0.2046082317829132,0.0,0.4843383555401348,0.2797301237572216,0.6231007378796829,0.3227727792145212,0.6385959946932132,0.6175802364744195,0.49047842866870117,6.77246048709894,0.04423529411764706,2125,0.374594723462233,0.343715621553552,0.30107698442327724,5.8820574220829425,0.1491764705882353,2125,0.13417595655687561,0.06421184215496377,0.06393402753812749,6.238159472036344,0.8329411764705882,2125
scene-1067_CAM_FRONT_c80fdd92_e604c860,scene-1067,e604c860ed1b4f1082cdee769fa77c60,1701,1,27.3665,19.546855572201363,14.474852398479424,-0.3365052044391632,3.1038978058891286e-05,0.6369068112269156,0.3004016067877524,0.8906237691843293,0.3504010289082291,0.8185907006171268,0.8845671391169805,0.6364825470764195,7.1884368499089195,0.008818342151675485,1701,0.3262389804072575,0.35217141658549306,0.30212355578773864,4.750716883844788,0.21869488536155202,1701,0.10211327938762485,0.04408160661833855,0.044674167693354194,4.472555192793568,0.84891240446796,1701
scene-1067_CAM_FRONT_589b79f6_ff729b4a,scene-1067,ff729b4a16a74350a0faa2b094ebfb2a,1716,1,27.3665,19.624285011555727,15.142467368250529,-0.3325518071651459,0.0,0.5918164327447784,0.2592646255796329,0.807268216894415,0.2959767080431226,0.8308571892666198,0.8063696105707135,0.5945423608065957,6.865540372307176,0.006993006993006993,1716,0.3235043652132204,0.3005292228928356,0.26294334725509183,3.0246111681254693,0.24125874125874125,1716,0.07952990846046304,0.052351533869356856,0.05276455162743565,1.9793639204701832,0.9475524475524476,1716
scene-1068_CAM_FRONT_2920a331_f634fd06,scene-1068,f634fd065ee24e3f9524e44b8853d67e,1848,1,27.3665,19.97410716339996,15.7472135702601,-0.3148828446865082,2.163986929518946e-05,0.5526562041915768,0.23777335950506862,0.737863011630443,0.26842168452726733,0.7469184673117297,0.7379053526129342,0.5544119841635609,6.85451337408854,0.013528138528138528,1848,0.29391137919400706,0.27283989761778715,0.24134123833708598,4.215001077680296,0.40476190476190477,1848,0.09765734618844443,0.06105042029329463,0.06229401434462245,3.8805188517189366,0.9420995670995671,1848
scene-1068_CAM_FRONT_23529e9b_7b0c6e14,scene-1068,7b0c6e14258946f9aa3b81f39a5e0816,1995,1,27.3665,20.822224404030578,15.86629491940011,-0.2732987403869629,7.267735292930108e-05,0.5451225947925269,0.27182385440556445,0.7248198233437793,0.3123558152553141,0.7469187145138878,0.7200666846292931,0.549063383872815,8.103972141370193,0.02706766917293233,1995,0.3588442184048794,0.32526044153309064,0.2829866181551517,5.963305488788113,0.2942355889724311,1995,0.13680782646282136,0.10274582701125698,0.10477279490738556,5.7557162620526485,0.8736842105263158,1995
scene-1068_CAM_FRONT_419069c2_e004cf11,scene-1068,e004cf11fde44ad89b1bd79edff64150,1815,1,27.3665,22.729259892486375,17.683593870789164,-0.18566656112670898,0.0,0.43668232785077077,0.25101576672406223,0.5475643808584436,0.2853303496203874,0.5345598457894849,0.5474476428149085,0.4367015570234156,5.201924879946551,0.02865013774104683,1815,0.28108625202380766,0.2854763694330263,0.25119305494396604,3.1799999076744694,0.22699724517906336,1815,0.042946498873258215,0.023071079997396694,0.02296049728017402,2.376187959868396,0.9619834710743802,1815
scene-1068_CAM_FRONT_7bfe5634_8418f22e,scene-1068,8418f22ec0d94a08ae038768abae743a,1801,1,27.3665,23.674107575689224,18.621416496548896,-0.1449376940727234,0.0,0.38500729475378614,0.24006960068106276,0.46962504195488175,0.27133763320726656,0.484234942778945,0.4685413553901888,0.3844486795280222,5.522775847829331,0.027207107162687396,1801,0.2937222933406984,0.2709760524859064,0.24014850573465174,4.521341798483577,0.28206551915602446,1801,0.0685723163214427,0.03197420230687923,0.03224138499208262,4.147576864180256,0.9528039977790117,1801
scene-1068_CAM_FRONT_6a32a4b2_7c690197,scene-1068,7c69019747284a47bfb2aa924fcb030c,1782,1,27.3665,25.62220653730729,20.067751816385858,-0.06586021929979324,0.0,0.3102054982246685,0.24434527892487568,0.3637053243629671,0.2767851013777274,0.35223636437774963,0.35401096091735784,0.30387098583723937,3.3879332606466286,0.14814814814814814,1782,0.2739649111666909,0.2692437654220766,0.23906270019823916,2.7893314331425354,0.4012345679012346,1782,0.08095751176235369,0.04403809746064205,0.04463067632210338,1.9718323222718386,0.9057239057239057,1782
scene-1068_CAM_FRONT_44963cfa_fcec74d8,scene-1068,fcec74d888d745c0964b785dc309cf2c,1792,1,27.3665,24.506875307229123,18.50135358855604,-0.11036593466997147,0.0,0.3914757412810612,0.28110980661108975,0.4791620444964346,0.3245990456821377,0.5021927447845244,0.4813207606089176,0.3933315665573497,5.056730338912846,0.008370535714285714,1792,0.3486491946311499,0.32731278249851026,0.28403762235336205,4.0583752058879705,0.041294642857142856,1792,0.05285754375900863,0.024639929825627578,0.02477512450898367,3.0564950347713715,0.9815848214285714,1792
scene-1068_CAM_FRONT_f409a006_c3cfb27e,scene-1068,c3cfb27ebcdc491a800c979540f91921,1645,1,27.3665,31.518618076446412,23.302293477705717,0.14125878363847733,0.0,0.16076784939069366,0.302026633029171,0.17441229663434976,0.35259724999179154,0.22653746743070682,0.1888064958849916,0.1729498592034675,4.472129074025535,0.6832826747720365,1645,0.4056213112083941,0.3667805812787415,0.3139734894741055,5.135959309735159,0.0024316109422492403,1645,0.061401734810448416,0.02162762416412558,0.021494497439122018,4.353985179872676,0.9744680851063829,1645
scene-1068_CAM_FRONT_cd4fdfb5_f22f8f2f,scene-1068,f22f8f2fc7314b028419d8332c03a049,1457,1,27.3665,30.488865456342513,22.395381018010486,0.108041912317276,0.0,0.20046490459293587,0.30850681691021187,0.22197072592744505,0.3613907899947406,0.24160376559303332,0.2275869697224708,0.20505042927445394,5.28932729398966,0.7309540150995195,1457,0.3599800509870467,0.3643706130610041,0.3122654804516549,5.5312732445743515,0.04804392587508579,1457,0.07338504157324384,0.01646403461997366,0.01637733704274491,5.594386775420748,0.8888126286890872,1457
scene-1069_CAM_FRONT_b58985f7_ae52c4af,scene-1069,ae52c4af95674bdc900000c161a5d95d,1714,1,27.3665,19.52288587435315,17.532329628681026,-0.3377322256565094,0.0,0.4452730537132661,0.10754082805675713,0.5609163516542215,0.11353632334266561,0.5523021192364874,0.5613708700098141,0.44762271081576654,8.481015685658358,0.037922987164527425,1714,0.17205282723778784,0.11873458898113536,0.11219821485480952,8.367929960131145,0.8728121353558926,1714,0.09552477369349884,0.01971104579779312,0.019718253827492038,8.68048290093271,0.8873978996499416,1714
scene-1069_CAM_FRONT_c7200859_ae8a5000,scene-1069,ae8a5000d89c4c998a5d6bf95ba2ace9,1807,1,27.3665,26.62359727063635,21.233885935567297,-0.02752169966697693,0.0,0.2537213388434374,0.22619963917646047,0.28881261221058074,0.25382595307442757,0.28499643778520023,0.28556069042600923,0.2513211746849875,3.3461507528947743,0.1732152739346984,1807,0.2508063085160767,0.25082017358599323,0.22379947501801056,3.093914742385958,0.49197565024903156,1807,0.04031347724789496,0.025470982896181233,0.025521835043896157,2.544465274573283,0.9856115107913669,1807
scene-1069_CAM_FRONT_f4550267_e75cb39a,scene-1069,e75cb39a74064bcba08f7809b53102e2,2230,1,27.3665,31.006178298730834,26.8573220926371,0.12486684694886208,0.0,0.018781150223357912,0.14364799717222,0.018958625346437108,0.15447765759309018,0.11231667071092116,0.02954349694156147,0.029172816274812163,5.281721616419825,0.8426008968609865,2230,0.2209661723688748,0.1566011014829503,0.14599319487945317,5.15359066665176,0.8197309417040358,2230,0.10815346912187287,0.022276723563426262,0.022326672809481085,5.345516508276612,0.8448430493273542,2230
scene-1069_CAM_FRONT_3af22799_f161848f,scene-1069,f161848f032840119785996d26004c77,2009,1,27.3665,33.67137095461127,24.406717540166785,0.20732831209897995,0.0,0.11446123420593457,0.3217895463049145,0.12126917333157228,0.37959440466328176,0.14809585501623976,0.13183441339628724,0.12404606339919289,3.454853600705524,0.9248382279741165,2009,0.39174956806966493,0.38808660126516464,0.32825515788022397,4.78880414962092,0.057242409158785465,2009,0.062320559019438816,0.03144839842658173,0.03143572316946219,3.4005224591976284,0.9422598307615729,2009
scene-1069_CAM_FRONT_cd422c2f_e7e97dc4,scene-1069,e7e97dc4f37c448184d9a423b4f659fe,2456,1,27.3665,30.970208117452195,25.34662936506272,0.12370607629418373,0.0,0.07667388034388711,0.20037995663807084,0.07968991086923083,0.22186692642221306,0.17025900546086842,0.09045729099527539,0.08668861690183727,7.261764209775132,0.7956026058631922,2456,0.2855057405838276,0.2314604314236335,0.20844964753059525,7.025888518278037,0.6213355048859935,2456,0.12805582170521418,0.03400081867374487,0.03417029095016877,7.533452277807843,0.8106677524429967,2456
scene-1069_CAM_FRONT_3e8bbbf0_24dc629e,scene-1069,24dc629e9bf74231affdfc033c79f8d4,2285,1,27.3665,29.95718786332222,24.37557612569438,0.09044965356588364,0.0,0.11573798510723465,0.2061876386731183,0.1227016690347218,0.22898378724859114,0.1497533844963707,0.12793651521238714,0.12089842002194362,5.134682867013127,0.862582056892779,2285,0.219798774403155,0.22572282671581972,0.20456358655317608,4.9701369036020395,0.7291028446389497,2285,0.10502253693293846,0.036176742543149835,0.036300292198573114,5.608953771148552,0.8170678336980306,2285
scene-1069_CAM_FRONT_205bbed2_93001674,scene-1069,930016744e7945bbb5936b47c6bb9d1a,2203,1,27.3665,32.99124481539356,25.256374103155654,0.1869225800037384,0.0,0.08024107404498615,0.26716365404872455,0.08354825155130619,0.30625420262805947,0.10609878462681799,0.08493330729297129,0.08210325554471609,2.5744551978072288,0.914661824784385,2203,0.2806952708269183,0.29809086219007747,0.26146737326603064,3.5111180877804475,0.3345438039037676,2203,0.07935384253667711,0.02395601761990501,0.023845728249112685,2.7645725228721867,0.8955969133000454,2203
scene-1069_CAM_FRONT_99d838dd_5ba9f3b3,scene-1069,5ba9f3b30a5d42aeb790bfca7648bf77,2506,1,27.3665,30.46375159622168,24.916988378591583,0.10721786692738533,0.0,0.09376980260303025,0.20098766953041602,0.0983068894278174,0.2226096963787092,0.10047081175341906,0.093621086010774,0.08976870759192057,3.9586567844264104,0.9445331205107741,2506,0.19839538306394425,0.2125689534864773,0.193150603505978,4.153751497927471,0.9078212290502793,2506,0.06114594345955103,0.020215312780365396,0.02014832493430818,4.240778525179178,0.9317637669592976,2506
scene-1070_CAM_FRONT_23779301_bb88fe0c,scene-1070,bb88fe0c5edd41e784dba5aa7029e4eb,1998,1,27.3665,30.118839460028163,25.378984987641648,0.0958312340080738,0.0,0.07539816875794081,0.17122940276601462,0.07831341613252762,0.1867629645036868,0.1373217060084091,0.08426601922486425,0.08094269023988332,7.058980868792676,0.8838838838838838,1998,0.2260800203909712,0.19123885163254575,0.17522344953726932,6.861207846237919,0.8103103103103103,1998,0.09497865705900337,0.027490524180777454,0.02765572243804182,7.296868453245597,0.8818818818818819,1998
scene-1070_CAM_FRONT_55b96b9a_11a46849,scene-1070,11a46849ff264ac3b75ba0709c4a0a35,1765,1,27.3665,30.415919749583807,24.502133149655847,0.10564650967717171,0.0,0.11055945654431198,0.21620596622148414,0.11690275425608743,0.24135803049503157,0.11158067215657709,0.1152165215421189,0.10941247639013651,1.2470367148033754,0.9728045325779037,1765,0.2218394944886011,0.2364635644281249,0.212326924719334,2.169854215018976,0.6158640226628895,1765,0.04578151809190307,0.02122695863374549,0.021251637085259567,1.2054171648830532,0.9586402266288951,1765
scene-1070_CAM_FRONT_1efc1f89_bb05f4d6,scene-1070,bb05f4d61f124d5f9c520967ce0544f6,2314,1,27.3665,33.50545793225723,27.44474064406353,0.2023887112736702,0.0,0.0028549142944434003,0.1995337969792268,0.0028508429020426274,0.22083346921715852,0.09143018457353118,0.03715895215155024,0.036637815900220194,7.3653832239969255,0.8967156439066551,2314,0.21424830202441955,0.21694808005805444,0.19667790259638784,6.704762733408695,0.7558340535868626,2314,0.09098865052479545,0.03769796323649921,0.03735446230944517,7.351664801560913,0.8984442523768367,2314
scene-1070_CAM_FRONT_c97eef4c_bc33987f,scene-1070,bc33987f6a8b47709aa70846e6648877,1966,1,27.3665,36.065801764605546,28.788625658816446,0.2760254591703415,0.0,0.05066072909165786,0.22536473007868363,0.049398872862863596,0.2527795592618185,0.09413413213332393,0.060954939812452424,0.06231289879978419,2.6573723352643626,0.9623601220752798,1966,0.28043722401290694,0.24820898743126057,0.2218443628532507,3.6478203922178003,0.5178026449643948,1966,0.07892367782761509,0.03729495437213169,0.03744906843428408,2.5502836082116813,0.9628687690742624,1966
scene-1070_CAM_FRONT_918b8f22_c8c58d10,scene-1070,c8c58d1064aa4432bff5807960d46ffa,2241,1,27.3665,35.6294777424133,29.46935861726813,0.26385368406772614,0.0,0.07403139495469979,0.18982228911302634,0.07135746130680709,0.20903471993230038,0.13192754266083367,0.07998697128537309,0.0833654142531075,5.917826628966012,0.8621151271753681,2241,0.23814478139090484,0.20547433554431063,0.18734755613462117,5.3220510602110185,0.7969656403391343,2241,0.09174208667042859,0.025226307284388905,0.025308101347189194,5.5624354319872085,0.891120035698349,2241
scene-1070_CAM_FRONT_22312396_f9c8bf23,scene-1070,f9c8bf233bd946ba8425f97ef3ccc5ce,2298,1,27.3665,37.01121181300314,28.489483070174117,0.301901251077652,0.0,0.04021536645243051,0.26168588462522147,0.039417460380310576,0.2991184052669069,0.0976647224858402,0.051954299750333326,0.05331367365279771,5.088853587421057,0.8838120104438643,2298,0.27578957562283246,0.29107769364197567,0.25547728976587014,4.687564298069376,0.2989556135770235,2298,0.0747749176264774,0.022177933952984785,0.02206770341726516,4.876592887155383,0.9064403829416884,2298
scene-1070_CAM_FRONT_52e868a4_5e080253,scene-1070,5e0802535c0548728901a834f82b1c4f,2207,1,27.3665,36.77976930595054,28.766808168558693,0.29562830924987793,0.0,0.04990259072480274,0.2457257185250752,0.04867791241745034,0.27854884318204554,0.10874285737116036,0.053625688769042654,0.055096202982494624,4.226857905769487,0.8826461259628455,2207,0.28227402374485644,0.27994348024013066,0.24735433060480916,4.212667723879139,0.2691436338921613,2207,0.0779034948735675,0.017534866807094217,0.017452377002496355,4.027011797694263,0.8917082011780698,2207
scene-1070_CAM_FRONT_f4f8526c_3c8e6743,scene-1070,3c8e6743e1ed42139ef8e5fbe3a9be17,1927,1,27.3665,30.758717109320386,24.87724523514451,0.11685379967093468,0.0,0.0953660979570139,0.21221989762794857,0.10006151168775212,0.2364197409553619,0.11244768168750759,0.10025723567914106,0.09564368728142814,2.199749714803722,0.956927867151012,1927,0.23428799149838142,0.23506173731562463,0.21148064130428068,2.659140499686944,0.6860404774260509,1927,0.047494649113303554,0.016177774646031474,0.016296875095795915,2.390772901706864,0.9631551634665283,1927
scene-1071_CAM_FRONT_7e351605_e4f3ba86,scene-1071,e4f3ba8655894853b8c387fc91f07cb7,2167,1,27.3665,33.83759149292638,28.492584335947107,0.21225272119045258,0.0,0.04032421704059708,0.1719285041498555,0.03952201466422989,0.18759292221295087,0.07945242184301522,0.04328771211806141,0.04419221491375236,3.0104689418703874,0.9455468389478542,2167,0.21577417664682905,0.1873687262243711,0.17177183579668087,3.938152761672343,0.8897092754960775,2167,0.060721154573994164,0.018392863204347767,0.018438250097615683,2.9778446507313068,0.9427780341485925,2167
scene-1071_CAM_FRONT_4afe649e_8ff61927,scene-1071,8ff61927c22e4103a3c4c24dc9f7f8d9,2253,1,27.3665,31.139234013473082,24.835743216321493,0.129148930311203,0.0,0.09703576336065733,0.22618469367186078,0.10189978055560456,0.25380721415290997,0.1316360107323394,0.10201332470258463,0.09724952464842174,4.393276317207441,0.9054593874833555,2253,0.26030765136562584,0.25062766651295687,0.22387791459467632,4.533657989772464,0.4842432312472259,2253,0.07806450996970887,0.019773250909295235,0.019773116039382588,4.716118101178792,0.8952507767421216,2253
scene-1071_CAM_FRONT_d73837c9_b4128199,scene-1071,b41281994aff4ebe8bc957cffc81ba35,2406,1,27.3665,30.210610184703445,23.73388065763923,0.0988735556602478,0.0,0.14241604673645147,0.24128960239669972,0.15305627405653688,0.27288961381793864,0.1635762037081261,0.15278468353048918,0.14231974892021204,4.767421218196845,0.8736492103075644,2406,0.268672725871478,0.27064672572459925,0.2398853554622834,5.0281055056982105,0.30631753948462176,2406,0.06866755795931767,0.021292340657254678,0.021281268758631344,5.166917667800943,0.9260182876142976,2406
scene-1071_CAM_FRONT_f4a78e35_665d9302,scene-1071,665d9302d4034e0896a66c7a903ea226,1986,1,27.3665,30.027696290477746,23.700444018805932,0.09280052781105042,0.0,0.14382585470144216,0.23662638251249257,0.15468300839786409,0.2669676680593511,0.18496369940588978,0.15872441200435217,0.1474998906045616,5.419688294052694,0.8605236656596174,1986,0.28486506255502225,0.2706157177122438,0.2395810512205987,5.612833571786744,0.3207452165156093,1986,0.08837131667145401,0.03169597095216831,0.03197270506363892,5.635246850140544,0.9123867069486404,1986
scene-1071_CAM_FRONT_8cd233f6_f5fcaa58,scene-1071,f5fcaa580b7143dc8136501b9a3d547a,2471,1,27.3665,31.596559923649735,24.79093462823408,0.1437286138534546,0.0,0.09884159047665086,0.2425702043301059,0.10389141879437824,0.2745207228962161,0.1444215731908415,0.11030237710349215,0.10467575804899143,4.443017618669849,0.8741400242816674,2471,0.29102117178050685,0.27936477918346514,0.2472207105215467,4.970097528691531,0.19870497774180493,2471,0.0746301836466171,0.02176721452759115,0.021593513152739163,4.66404579173416,0.9065155807365439,2471
scene-1071_CAM_FRONT_8e6c7f7a_8542f5f6,scene-1071,8542f5f6d7b94050b17a6e980c0b7bc6,2483,1,27.3665,28.78617128725921,23.713704067563565,0.05057547055184841,0.0,0.14326652590872913,0.19384199646057754,0.15403734153167803,0.21390446660055717,0.17245252693884858,0.1552348494322527,0.14458198984492965,5.2568591280688475,0.8932742650020137,2483,0.221662621034609,0.21382200028889253,0.19413033166388916,5.278210278301996,0.7994361659283126,2483,0.07135439923418599,0.02157011466806144,0.02146944579874477,5.73508790801485,0.8952879581151832,2483
scene-1071_CAM_FRONT_9abd85fd_4ab3ec11,scene-1071,4ab3ec113eb241d5abc93b2ebe1313df,2213,1,27.3665,29.75131209250369,23.391223862270174,0.08355359733104706,0.0,0.1569587342433456,0.24051233157439267,0.16994733414278107,0.27190061826958445,0.16976564291579996,0.16540059871950644,0.15347163123066698,3.301945426750179,0.9213737008585631,2213,0.25601677246662263,0.2646670739949639,0.23515326046874296,3.779517731002137,0.3456845910528694,2213,0.06396951171473148,0.021261103297148535,0.021335115314639275,3.2290582475315883,0.9150474469046543,2213
scene-1071_CAM_FRONT_a542b5d6_58ac8c22,scene-1071,58ac8c22238e43efa70279ddaba46180,2469,1,27.3665,29.201431764801864,21.940764588442587,0.06489810347557068,0.0,0.22097333433485833,0.285871437810429,0.2472901702985979,0.3309213380915572,0.2615339925632866,0.25029820571791356,0.22344357776288515,5.318404809520514,0.4953422438234103,2469,0.33958736218907537,0.3335379298676499,0.28816369034012856,5.796386424549995,0.12393681652490887,2469,0.06711774608420157,0.021184799133788016,0.021144441793680357,5.127719004525546,0.91575536654516,2469
scene-1072_CAM_FRONT_f9ad282e_b6b30633,scene-1072,b6b30633eec84beb9a5ab65f0b950689,2454,1,27.3665,30.315168984211606,23.320606576092306,0.1023285761475563,0.0,0.15998226551207306,0.2623108416596298,0.17349005956197727,0.29993055220484477,0.1799730129677279,0.17068279973817607,0.1586608293794337,5.632808124998603,0.8638956805215974,2454,0.2683109925397282,0.2937968448135151,0.2580434630277184,5.726604470877212,0.3264058679706601,2454,0.10392351590435171,0.02996959022704382,0.03022234100722665,6.178911093305262,0.8268133659331703,2454
scene-1072_CAM_FRONT_99a58537_1229d8b0,scene-1072,1229d8b0a68643389d99e4d788fe8792,2169,1,27.3665,30.26450408771944,24.12859942718613,0.10065590590238571,0.0,0.12592180248741958,0.2265777083898053,0.13419347370679402,0.254300075686112,0.22089710107310295,0.13900346382198459,0.13074821408182147,3.9474069005823544,0.73582295988935,2169,0.3330991927007927,0.2554383987705887,0.22867049364245418,4.214312216123614,0.43568464730290457,2169,0.13221779158087668,0.04889476984027477,0.04945230454121896,4.147824927445514,0.8183494698017519,2169
scene-1072_CAM_FRONT_08cf9365_aa84c2a1,scene-1072,aa84c2a1474048b8a7ceb4969fd7e042,2652,1,27.3665,31.40253206532596,25.092826856040226,0.1375688910484314,0.0,0.08673761497152288,0.22430650601995428,0.09061048231050406,0.2514545389997338,0.12750784976683177,0.09269407492725362,0.08869756062019374,5.132820461860549,0.9166666666666666,2652,0.2659563710944677,0.25133416576064294,0.22443560366701076,5.34573070293397,0.47171945701357465,2652,0.07909812872282697,0.03360069314027937,0.033508840370894966,5.360268109532107,0.9219457013574661,2652
scene-1072_CAM_FRONT_031c0539_8a655468,scene-1072,8a6554684382497fa4ee6847fbe77f68,2076,1,27.3665,29.48122510854551,22.722831554376643,0.07443398609757423,0.0,0.18594942327663233,0.260383409374207,0.20436134618658208,0.297427437157018,0.21631430118307002,0.20143171508996627,0.18368816882884953,4.927627795694634,0.8338150289017341,2076,0.29847892885797894,0.2934635457444157,0.25763327911088785,5.079218194211002,0.24229287090558768,2076,0.08027839618070211,0.021497219642917557,0.021639021804715552,5.2665166554471705,0.9084778420038536,2076
scene-1072_CAM_FRONT_e780de70_53123cc5,scene-1072,53123cc5c36d44e4be7bd5cfd7e118a8,2135,1,27.3665,31.62550657494471,24.960846183895413,0.1446443274617195,0.0,0.09201119311279005,0.23665552057450956,0.09637709388460958,0.26700458557968654,0.1545959259281479,0.09592003862952952,0.09164607358385046,3.7477791605557913,0.8655737704918033,2135,0.31623278824756595,0.26489419563116895,0.23508395634404566,4.370238816610685,0.32365339578454333,2135,0.08982873262723844,0.015087865935903165,0.01502811675296467,3.8021226066374885,0.8749414519906323,2135
scene-1072_CAM_FRONT_c81faf62_0ad9191b,scene-1072,0ad9191b360a4cf1a81cdfe960d6fb41,2246,1,27.3665,28.391913811134657,21.520956785859905,0.03678474202752113,0.0,0.24029244302301622,0.27707718505053736,0.27162097263170204,0.31926819488756353,0.2783769168953195,0.27454613874879424,0.24277592844341078,6.119607337465516,0.26402493321460374,2246,0.32124709739325524,0.3219465139593346,0.279374885513444,6.22318932695994,0.13980409617097062,2246,0.07001537364641437,0.026616983435066487,0.026595274347243736,6.496865483407984,0.92520035618878,2246
scene-1072_CAM_FRONT_8c88fa56_7e7a4ea0,scene-1072,7e7a4ea05c58491da5afa62cd99d2d3f,2324,1,27.3665,29.932939136703062,23.8823154678961,0.08963987976312637,0.0,0.13618139117170136,0.22582127093482773,0.14588972902512443,0.25335163489237633,0.19197285473476453,0.1547328556282459,0.14403869275401515,5.287009701035619,0.8192771084337349,2324,0.2896183241431433,0.26103069075319796,0.2321980759235267,5.677771872794032,0.38683304647160066,2324,0.08039697456682451,0.029222597888044224,0.02898234835582225,5.221796105387118,0.9186746987951807,2324
scene-1072_CAM_FRONT_a1bbde13_7d9d7658,scene-1072,7d9d76585f0d4af98e44a09f71ca6c0a,2358,1,27.3665,27.052452575995858,20.87414667529824,-0.011541968211531639,0.0,0.2708082455663714,0.25926627735483976,0.3110236516822311,0.295978848707086,0.32454739069332195,0.32240702538766347,0.2798525628726747,5.5502597681071775,0.16751484308736217,2358,0.3102903446472739,0.3072604581144385,0.26831059466114304,5.473064306644828,0.2056827820186599,2358,0.06614616568084812,0.03597903714661821,0.036035311413006754,4.897693276973246,0.9508057675996607,2358
scene-1073_CAM_FRONT_127c5ddf_ca68f036,scene-1073,ca68f0367d7749bba32868d90d1288cd,2072,1,27.3665,16.755557913351375,9.496697720467123,-0.49058961868286133,0.0001447413249843568,1.0583755078329258,0.5677858891500644,1.8816859086733042,0.7643562432486481,2.15415058960182,1.9838221242197212,1.1006291452726458,15.145434276323279,0.0019305019305019305,2072,0.9489766361264429,0.8320213145002684,0.6187838922305626,9.330273777588276,0.0028957528957528956,2072,0.15930484740816642,0.0765269615833224,0.07614089436052152,7.832277883416947,0.7664092664092664,2072
scene-1073_CAM_FRONT_29ac0fcf_b0415129,scene-1073,b0415129874746caa11b0985a4a65dc6,1913,1,27.3665,17.201088428596577,9.811445594207463,-0.4643469750881195,1.661811802187419e-05,1.0257700156703518,0.5614230405822322,1.7892423942254534,0.7531655517462028,2.0661732891983906,1.8701518794478744,1.0555925998933962,12.577107828666692,0.0036591740721380033,1913,0.9339234838176886,0.8040208386854567,0.5934675453841245,6.26809598260991,0.0036591740721380033,1913,0.14741499090403673,0.06816628174847343,0.06943641994379712,3.3235837896561984,0.7804495556717198,1913
scene-1073_CAM_FRONT_9bccf886_e44d74c6,scene-1073,e44d74c628fb409a80ea47d93da771d4,2071,1,27.3665,16.8353990781287,9.47426810338817,-0.48583588004112244,6.938739880071716e-05,1.0607401346778005,0.574904254636678,1.8885080833012573,0.7769603830514418,2.1304933244605526,1.9607839570554564,1.087979339674049,13.818946519252322,0.004828585224529213,2071,0.9386724551729201,0.822463672536973,0.606117825523147,7.199418026458798,0.003380009657170449,2071,0.13475148203699552,0.05338473162176072,0.05365481034113295,4.7564799726951295,0.8073394495412844,2071
scene-1073_CAM_FRONT_b85450b2_40fb1386,scene-1073,40fb1386a6374d769fcb591bf8f6bf42,2130,1,27.3665,17.00664017497249,9.83087009703525,-0.475715771317482,0.0001099649836993083,1.0237921929466816,0.5480764216291996,1.7837312190965746,0.7299221744473336,1.971070083748551,1.8454910468755807,1.0471282861248163,13.566712107587128,0.00046948356807511736,2130,0.8511165387642258,0.7713267691354446,0.5719075404698339,6.6991069623747395,0.0009389671361502347,2130,0.10819584733685282,0.04592629960146724,0.04571604698053211,4.00576762915839,0.8741784037558685,2130
scene-1073_CAM_FRONT_3fa66f73_0f3fbd16,scene-1073,0f3fbd162e444ecd9e3b7136c33deb54,1991,1,27.3665,16.58822544625945,10.39276965512603,-0.5006265044212341,6.579567810122446e-06,0.968209298740363,0.4675827943191293,1.633224915795378,0.5961313486898687,1.5818304206202867,1.6303912040122028,0.9676557228554266,12.141716133137395,0.0,1991,0.5720998669872444,0.5954104116079907,0.46713101449089134,6.247931209874441,0.0045203415369161224,1991,0.060561765134354406,0.0326207745910543,0.03237298844760472,5.006459473837105,0.9758915118031141,1991
scene-1073_CAM_FRONT_1bfa473e_df9df601,scene-1073,df9df601e42b4186a01182d1841e2a09,1860,1,27.3665,23.716796468024697,16.909337985709175,-0.143136128783226,0.0,0.4814536247715995,0.33831749598837346,0.6184252762070657,0.4025857480682451,0.6291650106695139,0.620391787717383,0.4827051881792451,6.710616902965965,0.002688172043010753,1860,0.41798475208610514,0.4043679317054807,0.3395873308535736,5.9679139850118474,0.017741935483870968,1860,0.045891832165475446,0.017563063629180784,0.01753762245182644,5.66911804247637,0.9720430107526882,1860
scene-1073_CAM_FRONT_bcb9325f_6906b7b4,scene-1073,6906b7b4c38949a682e2880412b5284e,1391,1,27.3665,29.23738647954768,23.40100801494783,0.06612861156463623,0.0,0.15654053864002737,0.2226691502046636,0.16945816960188798,0.24940713925108504,0.15771826830245242,0.1587061319796567,0.14730397912705984,2.3284062870916626,0.9654924514737598,1391,0.23384027431565113,0.23772498155550006,0.2132750022136669,2.665142337312571,0.5880661394680087,1391,0.042561638282761625,0.026371146618007903,0.02639037772404995,2.319465874034663,0.9813084112149533,1391
scene-1073_CAM_FRONT_f9b33fd3_f0ee73d4,scene-1073,f0ee73d43c2748fbb584d1a062e2773a,1627,1,27.3665,30.295926374937384,28.42700160813837,0.10169362276792526,0.0,0.03801981669253607,0.0636738060753892,0.03730613670612237,0.06574470260922483,0.05126313598200029,0.042728281906987194,0.04366800087686529,1.1728973930963085,0.9963122311001844,1627,0.07239705797782134,0.06352863189721064,0.06165528504796036,1.1857584447371723,0.9963122311001844,1627,0.03954002524980647,0.03251336708232341,0.032623466112022825,1.0931354671886024,0.9963122311001844,1627
