clip_id,group,variant,s_moge,ok,n_valid_total,mad_log_clip,per_frame_log_scale_std,fov_supplied_deg,fov_calibrated_deg,fov_moge_out_deg,teacher_w,teacher_h,crop_x0,crop_x1
scene-0003_CAM_FRONT_fd842039_f56a5440,scene-0003,G51-B,15.72453043336237,1,319257,0.03660863298757633,0.011107775071457656,64.5614792846793,64.5614792846793,64.56147003173828,518,294,0,518
scene-0003_CAM_FRONT_f286cdae_21b99feb,scene-0003,G51-B,19.18797059547244,1,331431,0.031098832337626447,0.024042624280678226,64.5614792846793,64.5614792846793,64.56147003173828,518,294,0,518
scene-0003_CAM_FRONT_cd908fdc_6180726f,scene-0003,G51-B,18.364490039213788,1,341481,0.018441521735597544,0.011115559469482571,64.5614792846793,64.5614792846793,64.56147003173828,518,294,0,518
scene-0003_CAM_FRONT_1ac0914c_e617edf7,scene-0003,G51-B,17.509628099610698,1,306797,0.024462508782645997,0.020717824018542514,64.5614792846793,64.5614792846793,64.56147003173828,518,294,0,518
scene-0003_CAM_FRONT_7c0aa537_5e4e25f8,scene-0003,G51-B,18.568461736580726,1,315576,0.03023439170372688,0.017269767990866023,64.5614792846793,64.5614792846793,64.56147003173828,518,294,0,518
scene-0003_CAM_FRONT_c1ab33c3_57a79294,scene-0003,G51-B,20.581309420192817,1,332497,0.035111586966758424,0.012603934317484652,64.5614792846793,64.5614792846793,64.56147003173828,518,294,0,518
scene-0003_CAM_FRONT_3be45164_1b5a6659,scene-0003,G51-B,25.127786433365284,1,353881,0.044333323474270436,0.030760932757746388,64.5614792846793,64.5614792846793,64.56147003173828,518,294,0,518
scene-0003_CAM_FRONT_b214d0d4_20684b77,scene-0003,G51-B,23.320215065192745,1,508608,0.06854852571773362,0.011753129124714065,64.5614792846793,64.5614792846793,64.56147003173828,518,294,0,518
scene-0012_CAM_FRONT_88a090c5_20a871df,scene-0012,G51-B,22.775196344080104,1,571785,0.1014712017714019,0.0298752461117169,64.5614792846793,64.5614792846793,64.56147003173828,518,294,0,518
scene-0012_CAM_FRONT_c51b9abd_745713b3,scene-0012,G51-B,25.123433278782212,1,539843,0.10473601930228504,0.025338277251582622,64.5614792846793,64.5614792846793,64.56147003173828,518,294,0,518
scene-0012_CAM_FRONT_d34f2eec_5254163f,scene-0012,G51-B,22.61898884500427,1,505076,0.052155782458704,0.02904265077125804,64.5614792846793,64.5614792846793,64.56147003173828,518,294,0,518
scene-0012_CAM_FRONT_62697033_a2d86049,scene-0012,G51-B,26.34782436230657,1,448546,0.08938087380139459,0.02847313771303752,64.5614792846793,64.5614792846793,64.56147003173828,518,294,0,518
scene-0012_CAM_FRONT_114d8a1f_b76ef036,scene-0012,G51-B,28.6211290806953,1,480833,0.09643662406365383,0.024487523098139896,64.5614792846793,64.5614792846793,64.56147003173828,518,294,0,518
scene-0012_CAM_FRONT_5e8e7172_56a8812e,scene-0012,G51-B,26.416319118107765,1,361156,0.05897972930858608,0.02688004347326814,64.5614792846793,64.5614792846793,64.56147003173828,518,294,0,518
scene-0012_CAM_FRONT_2e8bed7f_45a4f3c2,scene-0012,G51-B,24.44400969046291,1,481171,0.05251579751051905,0.017473462035284205,64.5614792846793,64.5614792846793,64.56147003173828,518,294,0,518
scene-0012_CAM_FRONT_ba3778e1_feedde26,scene-0012,G51-B,23.333000501336905,1,390853,0.05415617115283489,0.025152585638407776,64.5614792846793,64.5614792846793,64.56147003173828,518,294,0,518
scene-0013_CAM_FRONT_b9c60cfa_31815eed,scene-0013,G51-B,22.9956828515987,1,375948,0.055997721785161714,0.029332551692209385,64.5614792846793,64.5614792846793,64.56147003173828,518,294,0,518
scene-0013_CAM_FRONT_b2329c1f_e30a3a96,scene-0013,G51-B,24.467605001178143,1,353924,0.06700775927361757,0.019588930642281916,64.5614792846793,64.5614792846793,64.56147003173828,518,294,0,518
scene-0013_CAM_FRONT_61361625_a32eb5c0,scene-0013,G51-B,21.561069051946525,1,391935,0.07051058416420508,0.011098128962668591,64.5614792846793,64.5614792846793,64.56147003173828,518,294,0,518
scene-0013_CAM_FRONT_4635c393_6b506fcb,scene-0013,G51-B,20.74913443006608,1,412889,0.07081603611029985,0.019141411760470534,64.5614792846793,64.5614792846793,64.56147003173828,518,294,0,518
scene-0013_CAM_FRONT_da5566fe_9a7dc9c8,scene-0013,G51-B,23.051480227953764,1,439296,0.07551620729339725,0.018281848692907762,64.5614792846793,64.5614792846793,64.56147003173828,518,294,0,518
scene-0013_CAM_FRONT_7184209f_867689f9,scene-0013,G51-B,23.881480424859546,1,382344,0.056551063081367925,0.01897461786368586,64.5614792846793,64.5614792846793,64.56147003173828,518,294,0,518
scene-0013_CAM_FRONT_2c1f8867_d82980cf,scene-0013,G51-B,27.630284802667024,1,386525,0.06438866145991895,0.035141002398640576,64.5614792846793,64.5614792846793,64.56147003173828,518,294,0,518
scene-0013_CAM_FRONT_1f0a495a_51f7ea7d,scene-0013,G51-B,23.907339205115342,1,369583,0.038333605666546866,0.022942994321968665,64.5614792846793,64.5614792846793,64.56147003173828,518,294,0,518
scene-0014_CAM_FRONT_43cfc03b_3fa89fab,scene-0014,G51-B,10.113733219195016,1,327298,0.021097626628379773,0.005257881250934279,64.5614792846793,64.5614792846793,64.56147003173828,518,294,0,518
scene-0014_CAM_FRONT_96237b21_2da9ed79,scene-0014,G51-B,11.618914789408306,1,301526,0.03918661470086793,0.013238836812217153,64.5614792846793,64.5614792846793,64.56147003173828,518,294,0,518
scene-0014_CAM_FRONT_d703cae6_6a53a53e,scene-0014,G51-B,17.296853631017502,1,307256,0.03346166065766876,0.01156319306725414,64.5614792846793,64.5614792846793,64.56147003173828,518,294,0,518
scene-0014_CAM_FRONT_65e61ba2_907c55da,scene-0014,G51-B,22.249719511693023,1,368191,0.040044181809119284,0.021260035235761494,64.5614792846793,64.5614792846793,64.56147003173828,518,294,0,518
scene-0014_CAM_FRONT_23e22334_ce60545b,scene-0014,G51-B,26.350239836626137,1,403860,0.04885534198540986,0.03854674712496996,64.5614792846793,64.5614792846793,64.56147003173828,518,294,0,518
scene-0014_CAM_FRONT_e8953eb6_303119a4,scene-0014,G51-B,25.34103125,1,609698,0.09327800074911541,0.031673972388801076,64.5614792846793,64.5614792846793,64.56147003173828,518,294,0,518
scene-0014_CAM_FRONT_2c0c09db_1c6d9929,scene-0014,G51-B,23.882669468118685,1,621552,0.11488192044531376,0.0467795307830892,64.5614792846793,64.5614792846793,64.56147003173828,518,294,0,518
scene-0014_CAM_FRONT_5a42a9de_d0501e05,scene-0014,G51-B,22.11249119442705,1,508672,0.09858457783627772,0.04365371739340143,64.5614792846793,64.5614792846793,64.56147003173828,518,294,0,518
scene-0015_CAM_FRONT_234b0f37_f405bf53,scene-0015,G51-B,25.600273644545055,1,440139,0.0904102522894199,0.01596152628845998,64.5614792846793,64.5614792846793,64.56147003173828,518,294,0,518
scene-0015_CAM_FRONT_061805d6_dca60e24,scene-0015,G51-B,28.181416548006496,1,513766,0.11901119244213842,0.010696553740380811,64.5614792846793,64.5614792846793,64.56147003173828,518,294,0,518
scene-0015_CAM_FRONT_e18b1aef_c99f5e4f,scene-0015,G51-B,24.584455298493037,1,507017,0.09603818019449761,0.02005554992121856,64.5614792846793,64.5614792846793,64.56147003173828,518,294,0,518
scene-0015_CAM_FRONT_54f30ff0_07ccc904,scene-0015,G51-B,19.00378233879355,1,500497,0.06644024353257905,0.03724244611770259,64.5614792846793,64.5614792846793,64.56147003173828,518,294,0,518
scene-0015_CAM_FRONT_985f2f38_2c63d07c,scene-0015,G51-B,19.5052371493824,1,520354,0.09704591531025697,0.007795415658251229,64.5614792846793,64.5614792846793,64.56147003173828,518,294,0,518
scene-0015_CAM_FRONT_d6b547f2_c9b7e76f,scene-0015,G51-B,19.822327742737,1,476171,0.08204356596538753,0.02451170759494716,64.5614792846793,64.5614792846793,64.56147003173828,518,294,0,518
scene-0015_CAM_FRONT_9a59cb6d_948b555d,scene-0015,G51-B,19.239115831813443,1,499208,0.045648093496424735,0.019536315122800296,64.5614792846793,64.5614792846793,64.56147003173828,518,294,0,518
scene-0015_CAM_FRONT_42605be9_8a96bc21,scene-0015,G51-B,17.549524533371038,1,403146,0.06284345023437687,0.01594966182920487,64.5614792846793,64.5614792846793,64.56147003173828,518,294,0,518
scene-0016_CAM_FRONT_fbd3aa20_581b3ac0,scene-0016,G51-B,23.136577718303947,1,495353,0.07390078242291054,0.031906684760913816,64.5614792846793,64.5614792846793,64.56147003173828,518,294,0,518
scene-0016_CAM_FRONT_9234bbf8_30b94629,scene-0016,G51-B,18.520569132719253,1,574773,0.06394931378539281,0.02638420547883486,64.5614792846793,64.5614792846793,64.56147003173828,518,294,0,518
scene-0016_CAM_FRONT_7ac3bb7f_1fe2834e,scene-0016,G51-B,21.60743273776418,1,547147,0.0544475562182809,0.02072263737937335,64.5614792846793,64.5614792846793,64.56147003173828,518,294,0,518
scene-0016_CAM_FRONT_4d53a5c4_48de6a86,scene-0016,G51-B,28.22326807228915,1,477237,0.05273446307222951,0.010334511001164804,64.5614792846793,64.5614792846793,64.56147003173828,518,294,0,518
scene-0016_CAM_FRONT_381fe530_49ae81f8,scene-0016,G51-B,27.70832181646722,1,547716,0.05254854393424524,0.009598979778568611,64.5614792846793,64.5614792846793,64.56147003173828,518,294,0,518
scene-0016_CAM_FRONT_52c853ea_856952a1,scene-0016,G51-B,25.291250288817004,1,575897,0.051140324906486345,0.012367104901138641,64.5614792846793,64.5614792846793,64.56147003173828,518,294,0,518
scene-0016_CAM_FRONT_921505c4_a78c3609,scene-0016,G51-B,20.847841561558727,1,553685,0.056405255657483444,0.012891629442315394,64.5614792846793,64.5614792846793,64.56147003173828,518,294,0,518
scene-0016_CAM_FRONT_ebbbaf52_9cdae13a,scene-0016,G51-B,21.328071061954937,1,553497,0.04557900400572246,0.010190322001961148,64.5614792846793,64.5614792846793,64.56147003173828,518,294,0,518
scene-0017_CAM_FRONT_134c7f63_4b4c3bc5,scene-0017,G51-B,30.543568384180016,1,573260,0.04690101771114308,0.003447023013219067,64.5614792846793,64.5614792846793,64.56147003173828,518,294,0,518
scene-0017_CAM_FRONT_0966ed2d_3adeaa8b,scene-0017,G51-B,22.141451842235412,1,573894,0.03620367149611625,0.013094810973643036,64.5614792846793,64.5614792846793,64.56147003173828,518,294,0,518
scene-0017_CAM_FRONT_6413a3e2_ef661945,scene-0017,G51-B,26.345187014248697,1,458219,0.04532857276919877,0.028812584903864583,64.5614792846793,64.5614792846793,64.56147003173828,518,294,0,518
scene-0017_CAM_FRONT_f274b48b_b4bff2b0,scene-0017,G51-B,23.29269214527027,1,498424,0.03221954128132776,0.02263857513397056,64.5614792846793,64.5614792846793,64.56147003173828,518,294,0,518
scene-0017_CAM_FRONT_3425c661_2a271f85,scene-0017,G51-B,19.767960528938133,1,459513,0.029053578291224014,0.02349371651027747,64.5614792846793,64.5614792846793,64.56147003173828,518,294,0,518
scene-0017_CAM_FRONT_9a476217_ce130b56,scene-0017,G51-B,17.838536360163012,1,385023,0.03121358516473638,0.013964898713509512,64.5614792846793,64.5614792846793,64.56147003173828,518,294,0,518
scene-0017_CAM_FRONT_789b705c_65afa213,scene-0017,G51-B,15.220178166517629,1,374194,0.02381461852426936,0.011417067922988466,64.5614792846793,64.5614792846793,64.56147003173828,518,294,0,518
scene-0017_CAM_FRONT_fe04ede8_d995c004,scene-0017,G51-B,12.754567231234098,1,353782,0.040287495110660876,0.011310822462631119,64.5614792846793,64.5614792846793,64.56147003173828,518,294,0,518
scene-0018_CAM_FRONT_f0e47975_248f5231,scene-0018,G51-B,14.808185024289985,1,464482,0.03824282074402552,0.018253048657243507,64.5614792846793,64.5614792846793,64.56147003173828,518,294,0,518
scene-0018_CAM_FRONT_06cc9133_1cc4743f,scene-0018,G51-B,15.356703593859036,1,397543,0.02949378775075262,0.010887838809583262,64.5614792846793,64.5614792846793,64.56147003173828,518,294,0,518
scene-0018_CAM_FRONT_72f030bd_b66b4277,scene-0018,G51-B,16.65898149215867,1,440048,0.037458343161734575,0.01469177984807904,64.5614792846793,64.5614792846793,64.56147003173828,518,294,0,518
scene-0018_CAM_FRONT_6611e3ee_81f15cce,scene-0018,G51-B,15.833161131253323,1,537129,0.036676116950469684,0.036285361421705575,64.5614792846793,64.5614792846793,64.56147003173828,518,294,0,518
scene-0018_CAM_FRONT_dbffcc96_b1736070,scene-0018,G51-B,16.31338148316652,1,518321,0.03746581944656713,0.026125513981450302,64.5614792846793,64.5614792846793,64.56147003173828,518,294,0,518
scene-0018_CAM_FRONT_3c23cd7c_bb99cbc0,scene-0018,G51-B,13.669857476569556,1,648303,0.04859855968541815,0.03364530585788919,64.5614792846793,64.5614792846793,64.56147003173828,518,294,0,518
scene-0018_CAM_FRONT_cf5c4b43_f540699e,scene-0018,G51-B,12.60470957998953,1,628387,0.05481861170640556,0.03428737274114335,64.5614792846793,64.5614792846793,64.56147003173828,518,294,0,518
scene-0018_CAM_FRONT_ba22ee94_59e1ec03,scene-0018,G51-B,14.328552947647275,1,606773,0.06804748078842904,0.06411807507106106,64.5614792846793,64.5614792846793,64.56147003173828,518,294,0,518
scene-0035_CAM_FRONT_d62b0f9d_020154f4,scene-0035,G51-B,36.85202205882352,1,506881,0.1001000876753868,0.03272325672245379,64.5614792846793,64.5614792846793,64.56147003173828,518,294,0,518
scene-0035_CAM_FRONT_a3d2c3ca_40ead2f4,scene-0035,G51-B,37.008513965044564,1,517470,0.08510438702750922,0.009437878975150428,64.5614792846793,64.5614792846793,64.56147003173828,518,294,0,518
scene-0035_CAM_FRONT_cc71e504_57267f4d,scene-0035,G51-B,36.875994268654104,1,550123,0.06344822203081568,0.011935745545197884,64.5614792846793,64.5614792846793,64.56147003173828,518,294,0,518
scene-0035_CAM_FRONT_af571c22_5dda1ef8,scene-0035,G51-B,32.684261110653026,1,582620,0.06103175269784655,0.012667585975103582,64.5614792846793,64.5614792846793,64.56147003173828,518,294,0,518
scene-0035_CAM_FRONT_7b86bda4_50a05815,scene-0035,G51-B,34.05307026273884,1,504802,0.04954618162074498,0.031416603863412766,64.5614792846793,64.5614792846793,64.56147003173828,518,294,0,518
scene-0035_CAM_FRONT_25a5a54c_c0e4b101,scene-0035,G51-B,32.98698340798045,1,504935,0.04757817005591436,0.011311344241359822,64.5614792846793,64.5614792846793,64.56147003173828,518,294,0,518
scene-0035_CAM_FRONT_08078980_82e2c7a4,scene-0035,G51-B,36.79452527612574,1,488810,0.05346548252647643,0.038180922319636955,64.5614792846793,64.5614792846793,64.56147003173828,518,294,0,518
scene-0035_CAM_FRONT_ba5d4c21_2f598ed4,scene-0035,G51-B,33.17223708947207,1,519171,0.056988757499937925,0.02361168461137132,64.5614792846793,64.5614792846793,64.56147003173828,518,294,0,518
scene-0036_CAM_FRONT_e1b5c775_856ccc62,scene-0036,G51-B,24.739208528037384,1,543161,0.050249939697212476,0.022731249091998258,64.5614792846793,64.5614792846793,64.56147003173828,518,294,0,518
scene-0036_CAM_FRONT_e63b5804_7bd9965f,scene-0036,G51-B,24.748521898469097,1,607787,0.05036146707996947,0.025155062897293374,64.5614792846793,64.5614792846793,64.56147003173828,518,294,0,518
scene-0036_CAM_FRONT_978a0782_96d66c41,scene-0036,G51-B,24.546719475779685,1,618488,0.05553968368728146,0.032821183440897746,64.5614792846793,64.5614792846793,64.56147003173828,518,294,0,518
scene-0036_CAM_FRONT_6f8d7a92_ca08ecf4,scene-0036,G51-B,25.382316556704705,1,590346,0.040515597677167836,0.02278552673213442,64.5614792846793,64.5614792846793,64.56147003173828,518,294,0,518
scene-0036_CAM_FRONT_f8d77275_07a6e4ff,scene-0036,G51-B,26.521058505639097,1,597419,0.05308257984031872,0.012187650576139866,64.5614792846793,64.5614792846793,64.56147003173828,518,294,0,518
scene-0036_CAM_FRONT_139bce92_50082a94,scene-0036,G51-B,26.097639103651233,1,494941,0.04385072511356247,0.01716561361333018,64.5614792846793,64.5614792846793,64.56147003173828,518,294,0,518
scene-0036_CAM_FRONT_53b7ed3f_989191ea,scene-0036,G51-B,28.165285778734038,1,467433,0.055245024920639985,0.015878296241287344,64.5614792846793,64.5614792846793,64.56147003173828,518,294,0,518
scene-0036_CAM_FRONT_fdd2da37_95b0c6a3,scene-0036,G51-B,33.310646505052944,1,391538,0.044565001671316384,0.025088114835900715,64.5614792846793,64.5614792846793,64.56147003173828,518,294,0,518
scene-0038_CAM_FRONT_0f39f34f_e15862d8,scene-0038,G51-B,25.17346382370637,1,431383,0.05627664959134249,0.007290761397044109,64.5614792846793,64.5614792846793,64.56147003173828,518,294,0,518
scene-0038_CAM_FRONT_86958f43_aa7d1414,scene-0038,G51-B,25.35463374134772,1,422146,0.0475664090611283,0.01131167721176628,64.5614792846793,64.5614792846793,64.56147003173828,518,294,0,518
scene-0038_CAM_FRONT_70b93dd3_d65e5cdd,scene-0038,G51-B,26.310368977708524,1,404996,0.045749088712924824,0.025535063460702258,64.5614792846793,64.5614792846793,64.56147003173828,518,294,0,518
scene-0038_CAM_FRONT_abe76951_b3537c46,scene-0038,G51-B,36.50292655548427,1,388665,0.06780953224362962,0.06152840872480005,64.5614792846793,64.5614792846793,64.56147003173828,518,294,0,518
scene-0038_CAM_FRONT_398ab542_ead06ddf,scene-0038,G51-B,42.66323263670647,1,393423,0.04923885972718267,0.045405786223017254,64.5614792846793,64.5614792846793,64.56147003173828,518,294,0,518
scene-0038_CAM_FRONT_378dd188_740e48ba,scene-0038,G51-B,31.59472104519774,1,459287,0.050610194476455206,0.043905881974574,64.5614792846793,64.5614792846793,64.56147003173828,518,294,0,518
scene-0038_CAM_FRONT_6060fa4c_50d37bba,scene-0038,G51-B,25.152741392215564,1,406870,0.031211566108253264,0.008629824644175691,64.5614792846793,64.5614792846793,64.56147003173828,518,294,0,518
scene-0038_CAM_FRONT_124b2bf9_57a80885,scene-0038,G51-B,30.19144254117399,1,390435,0.040333139508919924,0.026016676570159925,64.5614792846793,64.5614792846793,64.56147003173828,518,294,0,518
scene-0039_CAM_FRONT_15c59626_7c8ce823,scene-0039,G51-B,34.41262974163679,1,483616,0.07251302271468751,0.030833655408466696,64.5614792846793,64.5614792846793,64.56147003173828,518,294,0,518
scene-0039_CAM_FRONT_d7f3a1ff_17dd14b1,scene-0039,G51-B,36.00305964828897,1,591750,0.06833015471384396,0.03247881575390621,64.5614792846793,64.5614792846793,64.56147003173828,518,294,0,518
scene-0039_CAM_FRONT_9397c89e_3357eff7,scene-0039,G51-B,35.00930954768271,1,523495,0.09456227356841218,0.008572444074304674,64.5614792846793,64.5614792846793,64.56147003173828,518,294,0,518
scene-0039_CAM_FRONT_23cd0004_b024c299,scene-0039,G51-B,33.74804896838157,1,502076,0.09486309088206646,0.025834237302285647,64.5614792846793,64.5614792846793,64.56147003173828,518,294,0,518
scene-0039_CAM_FRONT_edc5f9bd_3c693de8,scene-0039,G51-B,36.21118047248804,1,597250,0.11202426126642262,0.025862241665983252,64.5614792846793,64.5614792846793,64.56147003173828,518,294,0,518
scene-0039_CAM_FRONT_02b68afc_4b247d4d,scene-0039,G51-B,30.014419541855204,1,553671,0.08411583886722607,0.006904412644459215,64.5614792846793,64.5614792846793,64.56147003173828,518,294,0,518
scene-0039_CAM_FRONT_793bebc8_af15c54e,scene-0039,G51-B,32.270591124118035,1,493385,0.07104295010134676,0.020313031298236497,64.5614792846793,64.5614792846793,64.56147003173828,518,294,0,518
scene-0039_CAM_FRONT_0f96fbf0_c1b68aa9,scene-0039,G51-B,28.77364404568646,1,486400,0.06399502000111501,0.008947565252229315,64.5614792846793,64.5614792846793,64.56147003173828,518,294,0,518
scene-0092_CAM_FRONT_8e46878c_774f588f,scene-0092,G51-B,40.081577637690785,1,677997,0.07337470145285829,0.016525880350049888,65.12158487224079,65.12158487224079,65.12158203125,518,294,0,518
scene-0092_CAM_FRONT_8d966583_1259283e,scene-0092,G51-B,39.26263323643411,1,700446,0.06196974830346047,0.022934463286849765,65.12158487224079,65.12158487224079,65.12158203125,518,294,0,518
scene-0092_CAM_FRONT_38bde806_9c2cb01f,scene-0092,G51-B,40.83640021813854,1,660607,0.0713169265622029,0.02697472755499887,65.12158487224079,65.12158487224079,65.12158203125,518,294,0,518
scene-0092_CAM_FRONT_1ecb668f_75023dda,scene-0092,G51-B,38.062926579563175,1,659990,0.08651758124346243,0.03843501897901233,65.12158487224079,65.12158487224079,65.12158203125,518,294,0,518
scene-0092_CAM_FRONT_38c0c7b3_c3ab884d,scene-0092,G51-B,41.36122627887789,1,667646,0.0847965965051718,0.02107403615691311,65.12158487224079,65.12158487224079,65.12158203125,518,294,0,518
scene-0092_CAM_FRONT_e568b88d_c10dfcf7,scene-0092,G51-B,40.07670874652053,1,683176,0.06948883097590186,0.013601277087314841,65.12158487224079,65.12158487224079,65.12158203125,518,294,0,518
scene-0092_CAM_FRONT_e6c7e16f_248b69fa,scene-0092,G51-B,42.13499587798846,1,676475,0.07183327052520827,0.03719488674465306,65.12158487224079,65.12158487224079,65.12158203125,518,294,0,518
scene-0092_CAM_FRONT_4996d203_f6dc7d8e,scene-0092,G51-B,44.61490842641261,1,634140,0.09446914211145097,0.01842387431143066,65.12158487224079,65.12158487224079,65.12158203125,518,294,0,518
scene-0093_CAM_FRONT_6e0955c2_88c4bf6c,scene-0093,G51-B,23.00618376358696,1,351742,0.054002738484813184,0.02177786273335373,65.12158487224079,65.12158487224079,65.12158203125,518,294,0,518
scene-0093_CAM_FRONT_6dab8a84_5c279586,scene-0093,G51-B,25.50044635311021,1,348838,0.04667585648229444,0.04112793145324732,65.12158487224079,65.12158487224079,65.12158203125,518,294,0,518
scene-0093_CAM_FRONT_561cf9ac_85249094,scene-0093,G51-B,34.583279315015474,1,290238,0.05089412395703774,0.019982504449909316,65.12158487224079,65.12158487224079,65.12158203125,518,294,0,518
scene-0093_CAM_FRONT_938d0ee9_636c9024,scene-0093,G51-B,55.38584896868787,1,326241,0.05645830672848762,0.022496897910302672,65.12158487224079,65.12158487224079,65.12158203125,518,294,0,518
scene-0093_CAM_FRONT_f9438d42_4a4ea75e,scene-0093,G51-B,63.94953046085862,1,334416,0.07663893678226996,0.03673052184468381,65.12158487224079,65.12158487224079,65.12158203125,518,294,0,518
scene-0093_CAM_FRONT_08303db5_267340cf,scene-0093,G51-B,59.77056623931625,1,349046,0.06321946256762345,0.01662503700414433,65.12158487224079,65.12158487224079,65.12158203125,518,294,0,518
scene-0093_CAM_FRONT_9c345815_f7a001c4,scene-0093,G51-B,48.362216805088295,1,451984,0.060562036185283885,0.043919242407299525,65.12158487224079,65.12158487224079,65.12158203125,518,294,0,518
scene-0094_CAM_FRONT_19ffc60b_16c4a3ea,scene-0094,G51-B,38.61494362959721,1,538939,0.06955325187036632,0.016274069369491904,65.12158487224079,65.12158487224079,65.12158203125,518,294,0,518
scene-0094_CAM_FRONT_442d1845_ac83bf9a,scene-0094,G51-B,39.39418247767856,1,557552,0.09044160570867565,0.031759846548868056,65.12158487224079,65.12158487224079,65.12158203125,518,294,0,518
scene-0094_CAM_FRONT_6a85b137_a2751129,scene-0094,G51-B,38.18129103842412,1,457659,0.06828070073452919,0.010590689491339188,65.12158487224079,65.12158487224079,65.12158203125,518,294,0,518
scene-0094_CAM_FRONT_7dfa2547_9e527ac1,scene-0094,G51-B,38.48334335600531,1,484132,0.05420814805288621,0.013939905970502866,65.12158487224079,65.12158487224079,65.12158203125,518,294,0,518
scene-0094_CAM_FRONT_15222be3_7604c6ea,scene-0094,G51-B,35.03351859745153,1,447446,0.04412401865804383,0.008685845142391858,65.12158487224079,65.12158487224079,65.12158203125,518,294,0,518
scene-0094_CAM_FRONT_d00b9230_8b17a8d9,scene-0094,G51-B,35.83572186310278,1,387678,0.03326404398721494,0.009440495126700739,65.12158487224079,65.12158487224079,65.12158203125,518,294,0,518
scene-0094_CAM_FRONT_723ad933_3164b1a6,scene-0094,G51-B,34.19759304628859,1,309112,0.03529247504324107,0.009544969169916056,65.12158487224079,65.12158487224079,65.12158203125,518,294,0,518
scene-0094_CAM_FRONT_68c0cfc0_8887f956,scene-0094,G51-B,27.99913439262691,1,282114,0.029992565069171695,0.004545485187063775,65.12158487224079,65.12158487224079,65.12158203125,518,294,0,518
scene-0095_CAM_FRONT_78be3bd5_d773c946,scene-0095,G51-B,22.936686197916668,1,318622,0.017831083079186127,0.010060149095831056,65.12158487224079,65.12158487224079,65.12158203125,518,294,0,518
scene-0095_CAM_FRONT_71b80d68_da3ef456,scene-0095,G51-B,25.464008325729935,1,306935,0.01576991096908431,0.006648757864276985,65.12158487224079,65.12158487224079,65.12158203125,518,294,0,518
scene-0095_CAM_FRONT_98592cf2_e6bf9e3d,scene-0095,G51-B,23.5621016063233,1,306944,0.016660468775441695,0.005967597880792674,65.12158487224079,65.12158487224079,65.12158203125,518,294,0,518
scene-0095_CAM_FRONT_18b3ef8c_2d800e7c,scene-0095,G51-B,25.990247546363193,1,303123,0.016288208382560843,0.00775507601302313,65.12158487224079,65.12158487224079,65.12158203125,518,294,0,518
scene-0095_CAM_FRONT_99ccc70f_cac56fc7,scene-0095,G51-B,24.09286073151125,1,304773,0.015790508561701166,0.00419976087131811,65.12158487224079,65.12158487224079,65.12158203125,518,294,0,518
scene-0095_CAM_FRONT_1f40bab1_b90fba92,scene-0095,G51-B,24.135216701122264,1,306053,0.015781201891094554,0.006918054938649862,65.12158487224079,65.12158487224079,65.12158203125,518,294,0,518
scene-0095_CAM_FRONT_a9549839_70271815,scene-0095,G51-B,26.385082724687777,1,306300,0.016472722836112563,0.005625796843301582,65.12158487224079,65.12158487224079,65.12158203125,518,294,0,518
scene-0096_CAM_FRONT_f9475d1f_73a3e6b8,scene-0096,G51-B,36.541892742673994,1,322167,0.029899009842199398,0.02389644568987197,65.12158487224079,65.12158487224079,65.12158203125,518,294,0,518
scene-0096_CAM_FRONT_67cc592a_fd27366f,scene-0096,G51-B,30.343859041461407,1,332373,0.03322441876595983,0.028020381603804413,65.12158487224079,65.12158487224079,65.12158203125,518,294,0,518
scene-0096_CAM_FRONT_3ba93f95_112aa7a7,scene-0096,G51-B,35.64593234397418,1,299320,0.0438210294871908,0.021476748292204088,65.12158487224079,65.12158487224079,65.12158203125,518,294,0,518
scene-0096_CAM_FRONT_5edf36a0_7c7ce7a9,scene-0096,G51-B,31.251779058813884,1,320650,0.04869536761869053,0.032989521533543606,65.12158487224079,65.12158487224079,65.12158203125,518,294,0,518
scene-0096_CAM_FRONT_9a2209d8_296e524f,scene-0096,G51-B,29.708978857697733,1,319566,0.04942797572002311,0.012475175569737493,65.12158487224079,65.12158487224079,65.12158203125,518,294,0,518
scene-0096_CAM_FRONT_e8038e0f_d6e16562,scene-0096,G51-B,26.563043962445175,1,332604,0.052364425495933675,0.021999690031997282,65.12158487224079,65.12158487224079,65.12158203125,518,294,0,518
scene-0096_CAM_FRONT_3c1ab7d8_3fd8074c,scene-0096,G51-B,28.0399376867065,1,317879,0.05183998123854039,0.013963837971179517,65.12158487224079,65.12158487224079,65.12158203125,518,294,0,518
scene-0097_CAM_FRONT_1c81b06c_1dd5d04e,scene-0097,G51-B,9.410083125754829,1,226571,0.018144427075763137,0.002855783628398036,65.12158487224079,65.12158487224079,65.12158203125,518,294,0,518
scene-0097_CAM_FRONT_9577cf1a_6bf8421a,scene-0097,G51-B,9.359567043671547,1,217092,0.01816052459592532,0.003254845196500418,65.12158487224079,65.12158487224079,65.12158203125,518,294,0,518
scene-0097_CAM_FRONT_5c6f3a7e_98a8d1c3,scene-0097,G51-B,10.089349019752357,1,205638,0.02076552525760178,0.011067484614187311,65.12158487224079,65.12158487224079,65.12158203125,518,294,0,518
scene-0097_CAM_FRONT_8ef17257_50584518,scene-0097,G51-B,18.37582801766437,1,250002,0.02857165510667259,0.023112887078738147,65.12158487224079,65.12158487224079,65.12158203125,518,294,0,518
scene-0097_CAM_FRONT_92c817e6_fb879538,scene-0097,G51-B,26.07215616414835,1,284223,0.02337045642355351,0.011088359244518637,65.12158487224079,65.12158487224079,65.12158203125,518,294,0,518
scene-0097_CAM_FRONT_f5193e87_185dd9f6,scene-0097,G51-B,38.74506427032019,1,281664,0.04612788303084514,0.04243118792822368,65.12158487224079,65.12158487224079,65.12158203125,518,294,0,518
scene-0097_CAM_FRONT_50c37d32_3c4da98d,scene-0097,G51-B,39.003828470685846,1,297368,0.0500344823132024,0.026838625758439972,65.12158487224079,65.12158487224079,65.12158203125,518,294,0,518
scene-0098_CAM_FRONT_c292d90b_4dfb0052,scene-0098,G51-B,42.0579083935018,1,326444,0.05115275342585979,0.008151012980834666,65.12158487224079,65.12158487224079,65.12158203125,518,294,0,518
scene-0098_CAM_FRONT_947147c6_808fabcc,scene-0098,G51-B,37.658081408514484,1,341125,0.03560917398370034,0.017938968529084914,65.12158487224079,65.12158487224079,65.12158203125,518,294,0,518
scene-0098_CAM_FRONT_ffb68ec5_3307d121,scene-0098,G51-B,33.203356094942755,1,335652,0.022687957998762665,0.010642727383561746,65.12158487224079,65.12158487224079,65.12158203125,518,294,0,518
scene-0098_CAM_FRONT_8a0af59b_45731d09,scene-0098,G51-B,35.993736686677,1,376572,0.056099968652457255,0.016332003138315974,65.12158487224079,65.12158487224079,65.12158203125,518,294,0,518
scene-0098_CAM_FRONT_19689911_e4437a15,scene-0098,G51-B,32.547696031960996,1,385865,0.05748491871521644,0.022860427506639667,65.12158487224079,65.12158487224079,65.12158203125,518,294,0,518
scene-0098_CAM_FRONT_7760d89f_7fbf9f16,scene-0098,G51-B,33.66199477215981,1,293735,0.04853984298079972,0.017218219817604716,65.12158487224079,65.12158487224079,65.12158203125,518,294,0,518
scene-0098_CAM_FRONT_885aeed2_50d86a5c,scene-0098,G51-B,52.43654306220098,1,309890,0.06178186189854129,0.00935558348405667,65.12158487224079,65.12158487224079,65.12158203125,518,294,0,518
scene-0099_CAM_FRONT_b9db8044_9d0e1d79,scene-0099,G51-B,30.189947525062667,1,604660,0.07094157476934604,0.02337296528654455,65.12158487224079,65.12158487224079,65.12158203125,518,294,0,518
scene-0099_CAM_FRONT_fe944294_9faf87fc,scene-0099,G51-B,23.79722898449921,1,559670,0.042077327893078165,0.03438108166975094,65.12158487224079,65.12158487224079,65.12158203125,518,294,0,518
scene-0099_CAM_FRONT_34dc0f07_2de4836c,scene-0099,G51-B,25.227687131268436,1,589868,0.03728006215997093,0.011606595773817837,65.12158487224079,65.12158487224079,65.12158203125,518,294,0,518
scene-0099_CAM_FRONT_a9b8176b_d9151176,scene-0099,G51-B,32.87280535954302,1,591968,0.031742415617000086,0.03710262871401514,65.12158487224079,65.12158487224079,65.12158203125,518,294,0,518
scene-0099_CAM_FRONT_cb39369c_eaf2f8cf,scene-0099,G51-B,45.66692391717324,1,617895,0.036852894759133115,0.02677807165305644,65.12158487224079,65.12158487224079,65.12158203125,518,294,0,518
scene-0099_CAM_FRONT_0e8782aa_c7686b76,scene-0099,G51-B,40.73551703559027,1,617938,0.052184717719757856,0.0145273217071748,65.12158487224079,65.12158487224079,65.12158203125,518,294,0,518
scene-0099_CAM_FRONT_56f2d967_3a56f761,scene-0099,G51-B,48.69862861867332,1,614459,0.06624671076574629,0.0286461592055065,65.12158487224079,65.12158487224079,65.12158203125,518,294,0,518
scene-0100_CAM_FRONT_028a3f3a_57913445,scene-0100,G51-B,17.37822062644342,1,372724,0.028264773417904454,0.004785819890764519,65.12158487224079,65.12158487224079,65.12158203125,518,294,0,518
scene-0100_CAM_FRONT_6e80e8ce_70fce5a2,scene-0100,G51-B,17.4331306378866,1,369879,0.028207280609285235,0.0064056490834923305,65.12158487224079,65.12158487224079,65.12158203125,518,294,0,518
scene-0100_CAM_FRONT_52908013_d09b065a,scene-0100,G51-B,17.280946514423075,1,372745,0.028318209266592564,0.006440788853477316,65.12158487224079,65.12158487224079,65.12158203125,518,294,0,518
scene-0100_CAM_FRONT_b32fbd9e_de52afcc,scene-0100,G51-B,17.06243135460251,1,371883,0.026775307934403525,0.006516096014339878,65.12158487224079,65.12158487224079,65.12158203125,518,294,0,518
scene-0100_CAM_FRONT_7586016d_79a822a6,scene-0100,G51-B,17.378042367788463,1,368203,0.025824325818299965,0.0056810394544581245,65.12158487224079,65.12158487224079,65.12158203125,518,294,0,518
scene-0100_CAM_FRONT_9cae0163_94b913a2,scene-0100,G51-B,17.71309132543103,1,368280,0.025155670978275202,0.0027405132811685715,65.12158487224079,65.12158487224079,65.12158203125,518,294,0,518
scene-0100_CAM_FRONT_aa126aad_44049613,scene-0100,G51-B,18.392559400350294,1,359884,0.028078247860948036,0.0055803457367261545,65.12158487224079,65.12158487224079,65.12158203125,518,294,0,518
scene-0100_CAM_FRONT_7613f642_3e743a8c,scene-0100,G51-B,18.052658856141015,1,360031,0.030511549285452855,0.006873255894916529,65.12158487224079,65.12158487224079,65.12158203125,518,294,0,518
scene-0101_CAM_FRONT_d5324133_901cfd30,scene-0101,G51-B,19.033726259772262,1,344544,0.028623922197587248,0.00712625974617195,65.12158487224079,65.12158487224079,65.12158203125,518,294,0,518
scene-0101_CAM_FRONT_5c9d217c_7693424b,scene-0101,G51-B,19.881731514649275,1,339376,0.024649011123791364,0.0036004431239054784,65.12158487224079,65.12158487224079,65.12158203125,518,294,0,518
scene-0101_CAM_FRONT_48ea4572_47fce09b,scene-0101,G51-B,23.229282558900522,1,346335,0.029180199928186656,0.02215650854362535,65.12158487224079,65.12158487224079,65.12158203125,518,294,0,518
scene-0101_CAM_FRONT_eaad6827_9ce5d3ae,scene-0101,G51-B,74.30216655927836,1,499614,0.02572927106723366,0.013701947149602685,65.12158487224079,65.12158487224079,65.12158203125,518,294,0,518
scene-0101_CAM_FRONT_59a27b7f_b2fecdf1,scene-0101,G51-B,98.82891414141413,1,419061,0.024892627824948832,0.01119038948818208,65.12158487224079,65.12158487224079,65.12158203125,518,294,0,518
scene-0101_CAM_FRONT_dac52a02_2cdbffa3,scene-0101,G51-B,82.1698439896472,1,332758,0.05282584002575463,0.026704118077271966,65.12158487224079,65.12158487224079,65.12158203125,518,294,0,518
scene-0101_CAM_FRONT_e2c7c91b_05e8bcef,scene-0101,G51-B,92.33692399364404,1,333853,0.05467987772999283,0.012366837665930665,65.12158487224079,65.12158487224079,65.12158203125,518,294,0,518
scene-0101_CAM_FRONT_b43de5e5_21971c1e,scene-0101,G51-B,70.18732411946263,1,324189,0.03128664483762478,0.020965104201089216,65.12158487224079,65.12158487224079,65.12158203125,518,294,0,518
scene-0102_CAM_FRONT_806011e8_ded4f73c,scene-0102,G51-B,41.74212171052632,1,351476,0.06500922829440015,0.0624101702540247,65.12158487224079,65.12158487224079,65.12158203125,518,294,0,518
scene-0102_CAM_FRONT_bf5592d0_d5d6c0c4,scene-0102,G51-B,36.58264994177019,1,285402,0.038691071436143254,0.04404653009080305,65.12158487224079,65.12158487224079,65.12158203125,518,294,0,518
scene-0102_CAM_FRONT_b9237446_7f11a83e,scene-0102,G51-B,33.3426130319149,1,290184,0.017346301410174014,0.012173685236165799,65.12158487224079,65.12158487224079,65.12158203125,518,294,0,518
scene-0102_CAM_FRONT_32dbf459_1c79e219,scene-0102,G51-B,36.56615423387097,1,314526,0.028757059834627174,0.02132642972290373,65.12158487224079,65.12158487224079,65.12158203125,518,294,0,518
scene-0102_CAM_FRONT_2eb164aa_cb8f79c8,scene-0102,G51-B,29.973491561524444,1,339283,0.02206864859669677,0.018500580772737606,65.12158487224079,65.12158487224079,65.12158203125,518,294,0,518
scene-0102_CAM_FRONT_f4186246_3c7b830b,scene-0102,G51-B,36.732005055880784,1,370632,0.03768913409557917,0.041518283987081975,65.12158487224079,65.12158487224079,65.12158203125,518,294,0,518
scene-0102_CAM_FRONT_8b06ab55_e26feac8,scene-0102,G51-B,38.4721019847973,1,333448,0.023800572156763122,0.019848613599766307,65.12158487224079,65.12158487224079,65.12158203125,518,294,0,518
scene-0102_CAM_FRONT_9a95f1a1_7844c7bf,scene-0102,G51-B,41.76688179347828,1,334771,0.02994827817372947,0.021367664049658442,65.12158487224079,65.12158487224079,65.12158203125,518,294,0,518
scene-0103_CAM_FRONT_3e8750f3_747aa46b,scene-0103,G51-B,34.537749311478315,1,621662,0.03341856630682316,0.03737652579438935,65.12158487224079,65.12158487224079,65.12158203125,518,294,0,518
scene-0103_CAM_FRONT_f4f86af4_a98fba72,scene-0103,G51-B,31.827936478334212,1,628623,0.02941770514303288,0.02727451651408503,65.12158487224079,65.12158487224079,65.12158203125,518,294,0,518
scene-0103_CAM_FRONT_b6b0d9f2_f753d3f8,scene-0103,G51-B,36.29583095664928,1,643442,0.05100403702847034,0.007803749266672447,65.12158487224079,65.12158487224079,65.12158203125,518,294,0,518
scene-0103_CAM_FRONT_b22fa0b3_9ee40201,scene-0103,G51-B,31.6749606092437,1,607312,0.035123216057000084,0.011038589174007475,65.12158487224079,65.12158487224079,65.12158203125,518,294,0,518
scene-0103_CAM_FRONT_5b03af7a_0af0feb5,scene-0103,G51-B,32.02218686446833,1,614848,0.039659418599333085,0.018080464141912406,65.12158487224079,65.12158487224079,65.12158203125,518,294,0,518
scene-0103_CAM_FRONT_61d9340c_6d9984d0,scene-0103,G51-B,29.24232287590833,1,623382,0.03282716071138214,0.006311217107602331,65.12158487224079,65.12158487224079,65.12158203125,518,294,0,518
scene-0103_CAM_FRONT_38a28a3a_1c9a906c,scene-0103,G51-B,27.82026245364127,1,624989,0.041882431813871523,0.02072810890602323,65.12158487224079,65.12158487224079,65.12158203125,518,294,0,518
scene-0103_CAM_FRONT_a771effa_281b9226,scene-0103,G51-B,29.507269099201814,1,626171,0.030803762998449447,0.027212565499249962,65.12158487224079,65.12158487224079,65.12158203125,518,294,0,518
scene-0104_CAM_FRONT_f1b7b463_17d84afe,scene-0104,G51-B,27.75634610811667,1,620740,0.025941978610712235,0.008410167326348802,65.12158487224079,65.12158487224079,65.12158203125,518,294,0,518
scene-0104_CAM_FRONT_d597cf64_115f9017,scene-0104,G51-B,31.47440573163507,1,624138,0.036214851233117296,0.0187693380230911,65.12158487224079,65.12158487224079,65.12158203125,518,294,0,518
scene-0104_CAM_FRONT_45266b13_bfc227cc,scene-0104,G51-B,30.390451652735557,1,622662,0.04091784561638345,0.02249298078201731,65.12158487224079,65.12158487224079,65.12158203125,518,294,0,518
scene-0104_CAM_FRONT_6252789d_9d2eedd2,scene-0104,G51-B,39.18534675973361,1,638403,0.05648831913965324,0.008700610493623251,65.12158487224079,65.12158487224079,65.12158203125,518,294,0,518
scene-0104_CAM_FRONT_620c129c_4c8a92a8,scene-0104,G51-B,37.248470104333876,1,644993,0.027887360197264677,0.02225255647292424,65.12158487224079,65.12158487224079,65.12158203125,518,294,0,518
scene-0104_CAM_FRONT_b6060b7c_d58ef648,scene-0104,G51-B,37.12794564440359,1,632762,0.03586063595674238,0.02002165891452109,65.12158487224079,65.12158487224079,65.12158203125,518,294,0,518
scene-0104_CAM_FRONT_c1522345_4207bb5a,scene-0104,G51-B,33.47236358610823,1,564055,0.035675206829417494,0.01611202057635106,65.12158487224079,65.12158487224079,65.12158203125,518,294,0,518
scene-0105_CAM_FRONT_8d56b71c_dc3e689e,scene-0105,G51-B,50.755649583963695,1,324537,0.05663240930973856,0.030741245143919526,65.12158487224079,65.12158487224079,65.12158203125,518,294,0,518
scene-0105_CAM_FRONT_f644a6fc_cef8438a,scene-0105,G51-B,37.08513614829624,1,323557,0.03442756525983315,0.017289066082945,65.12158487224079,65.12158487224079,65.12158203125,518,294,0,518
scene-0105_CAM_FRONT_70189da8_113bdf92,scene-0105,G51-B,53.148476758793954,1,319010,0.04864321032713059,0.007129547089495057,65.12158487224079,65.12158487224079,65.12158203125,518,294,0,518
scene-0105_CAM_FRONT_43d141ef_a0d6bf47,scene-0105,G51-B,38.33970938868042,1,319310,0.04864349146225999,0.01739611374120141,65.12158487224079,65.12158487224079,65.12158203125,518,294,0,518
scene-0105_CAM_FRONT_49ea7c2d_9d2797d7,scene-0105,G51-B,31.836525076662365,1,320586,0.03781600859305412,0.016162205614906895,65.12158487224079,65.12158487224079,65.12158203125,518,294,0,518
scene-0105_CAM_FRONT_c3c95f1b_f144de57,scene-0105,G51-B,29.35513640005828,1,316047,0.04224859650438706,0.014100081488040168,65.12158487224079,65.12158487224079,65.12158203125,518,294,0,518
scene-0105_CAM_FRONT_d948e055_9c763119,scene-0105,G51-B,28.67477404806047,1,308227,0.03379386079731539,0.004189094783690431,65.12158487224079,65.12158487224079,65.12158203125,518,294,0,518
scene-0106_CAM_FRONT_04ebf635_cd6b9c46,scene-0106,G51-B,30.24969548051075,1,310568,0.0677436114713803,0.03474595312852769,65.12158487224079,65.12158487224079,65.12158203125,518,294,0,518
scene-0106_CAM_FRONT_3865cf60_a7ef3c78,scene-0106,G51-B,30.10424518808548,1,338739,0.05822876535415755,0.015661771077241773,65.12158487224079,65.12158487224079,65.12158203125,518,294,0,518
scene-0106_CAM_FRONT_01bbf47b_53f457e6,scene-0106,G51-B,33.55048247866625,1,340280,0.05779071765969168,0.013740401540788842,65.12158487224079,65.12158487224079,65.12158203125,518,294,0,518
scene-0106_CAM_FRONT_277ab77d_ec97abd9,scene-0106,G51-B,60.16073813056381,1,509027,0.07890439636392221,0.03091421075714271,65.12158487224079,65.12158487224079,65.12158203125,518,294,0,518
scene-0106_CAM_FRONT_42bcae21_16a1238a,scene-0106,G51-B,62.357913192481604,1,494901,0.06091880787421111,0.009906980489924439,65.12158487224079,65.12158487224079,65.12158203125,518,294,0,518
scene-0106_CAM_FRONT_6f601010_16333de9,scene-0106,G51-B,62.790703167949445,1,469402,0.053613144125304935,0.031795826003302156,65.12158487224079,65.12158487224079,65.12158203125,518,294,0,518
scene-0106_CAM_FRONT_a8cef1a6_77a603db,scene-0106,G51-B,74.33585246598642,1,429492,0.052442325471866,0.014772257690782716,65.12158487224079,65.12158487224079,65.12158203125,518,294,0,518
scene-0106_CAM_FRONT_e333147a_b4ee26d8,scene-0106,G51-B,61.80965653875768,1,383947,0.03856446873771269,0.014209811106954878,65.12158487224079,65.12158487224079,65.12158203125,518,294,0,518
scene-0107_CAM_FRONT_ad890583_4d4ba963,scene-0107,G51-B,47.5045756826742,1,343016,0.029883382660223168,0.01791117991624781,65.12158487224079,65.12158487224079,65.12158203125,518,294,0,518
scene-0107_CAM_FRONT_9a8659f4_9c9f22a5,scene-0107,G51-B,60.71179207833453,1,507024,0.03270617683693322,0.012407585785386975,65.12158487224079,65.12158487224079,65.12158203125,518,294,0,518
scene-0107_CAM_FRONT_05e312ea_f06ba08d,scene-0107,G51-B,58.452408456086694,1,484288,0.03142489995284237,0.015685850107184724,65.12158487224079,65.12158487224079,65.12158203125,518,294,0,518
scene-0107_CAM_FRONT_3212edb0_95be92f4,scene-0107,G51-B,61.2488765822785,1,424404,0.061184797678377034,0.014832117352462919,65.12158487224079,65.12158487224079,65.12158203125,518,294,0,518
scene-0107_CAM_FRONT_9578a444_3fa862e6,scene-0107,G51-B,65.60662368593954,1,456313,0.07107720926674244,0.006708627798354702,65.12158487224079,65.12158487224079,65.12158203125,518,294,0,518
scene-0107_CAM_FRONT_0edf95e4_efd5303b,scene-0107,G51-B,40.79304915753653,1,501142,0.0791872046310449,0.0075859434960929084,65.12158487224079,65.12158487224079,65.12158203125,518,294,0,518
scene-0107_CAM_FRONT_8f0808f0_adaf88de,scene-0107,G51-B,23.995302894467216,1,623452,0.09317930024042687,0.013579671136042156,65.12158487224079,65.12158487224079,65.12158203125,518,294,0,518
scene-0107_CAM_FRONT_f1d02276_1ed7231f,scene-0107,G51-B,26.771261951133138,1,528197,0.06870022690701427,0.01683731890050795,65.12158487224079,65.12158487224079,65.12158203125,518,294,0,518
scene-0108_CAM_FRONT_339ead96_3203d9ab,scene-0108,G51-B,25.499245492053802,1,302769,0.0710890558684345,0.013954969531217498,65.12158487224079,65.12158487224079,65.12158203125,518,294,0,518
scene-0108_CAM_FRONT_ac36a852_d96d796d,scene-0108,G51-B,29.231033530102952,1,379025,0.11037447896359298,0.025330736621097413,65.12158487224079,65.12158487224079,65.12158203125,518,294,0,518
scene-0108_CAM_FRONT_b6e313eb_151d7b90,scene-0108,G51-B,31.437598494501074,1,274719,0.043593947034017866,0.015022629442215123,65.12158487224079,65.12158487224079,65.12158203125,518,294,0,518
scene-0108_CAM_FRONT_fcc71bcf_be8d80ab,scene-0108,G51-B,28.47287060570799,1,260739,0.04366307738574715,0.035114061404854076,65.12158487224079,65.12158487224079,65.12158203125,518,294,0,518
scene-0108_CAM_FRONT_22dcaf42_d504f7d2,scene-0108,G51-B,38.13326245765105,1,261761,0.0319869864489446,0.015197900295542643,65.12158487224079,65.12158487224079,65.12158203125,518,294,0,518
scene-0108_CAM_FRONT_049dbeaf_36cc659c,scene-0108,G51-B,38.586831171253316,1,299398,0.042665576292259644,0.023913824120544786,65.12158487224079,65.12158487224079,65.12158203125,518,294,0,518
scene-0108_CAM_FRONT_a42f9468_0e62201c,scene-0108,G51-B,27.622881634261688,1,333797,0.0520314465809526,0.006973577862302682,65.12158487224079,65.12158487224079,65.12158203125,518,294,0,518
scene-0109_CAM_FRONT_4d0d0697_b38d8cf8,scene-0109,G51-B,30.38833912037036,1,375484,0.036781776080271555,0.02924237840799322,65.12158487224079,65.12158487224079,65.12158203125,518,294,0,518
scene-0109_CAM_FRONT_d71c3cf6_1183d8d6,scene-0109,G51-B,29.540481541358727,1,337211,0.03290503373150333,0.010343134117241129,65.12158487224079,65.12158487224079,65.12158203125,518,294,0,518
scene-0109_CAM_FRONT_03f6a362_3ed3c3b3,scene-0109,G51-B,29.578276545309787,1,318804,0.07904222344283807,0.04772191073468749,65.12158487224079,65.12158487224079,65.12158203125,518,294,0,518
scene-0109_CAM_FRONT_58472a34_ecc7ca46,scene-0109,G51-B,30.31313920454546,1,379228,0.06533212642183983,0.01653869956030258,65.12158487224079,65.12158487224079,65.12158203125,518,294,0,518
scene-0109_CAM_FRONT_494438a3_e47ae596,scene-0109,G51-B,31.728879955790067,1,387340,0.06207760981241184,0.028488796854689268,65.12158487224079,65.12158487224079,65.12158203125,518,294,0,518
scene-0109_CAM_FRONT_3b5b12f9_2e137fee,scene-0109,G51-B,23.060929691837863,1,417703,0.044822645160069285,0.031356157329210856,65.12158487224079,65.12158487224079,65.12158203125,518,294,0,518
scene-0109_CAM_FRONT_8855fe65_f41444b8,scene-0109,G51-B,20.96842880502491,1,502860,0.04190957959605357,0.02413433625638996,65.12158487224079,65.12158487224079,65.12158203125,518,294,0,518
scene-0109_CAM_FRONT_92eb4f29_daf998de,scene-0109,G51-B,33.31634023695812,1,418161,0.058518037099976716,0.030685509777471025,65.12158487224079,65.12158487224079,65.12158203125,518,294,0,518
scene-0110_CAM_FRONT_80c91574_ae99f920,scene-0110,G51-B,31.900287203286677,1,473717,0.06716944868574704,0.00802717463314672,65.12158487224079,65.12158487224079,65.12158203125,518,294,0,518
scene-0110_CAM_FRONT_76c84559_29264103,scene-0110,G51-B,36.37815518629254,1,509829,0.07366305233446857,0.036045075162391804,65.12158487224079,65.12158487224079,65.12158203125,518,294,0,518
scene-0110_CAM_FRONT_d15bdc17_48d75ea2,scene-0110,G51-B,37.22869579294786,1,540727,0.07648492311244359,0.0164229721741443,65.12158487224079,65.12158487224079,65.12158203125,518,294,0,518
scene-0110_CAM_FRONT_f809c883_77673232,scene-0110,G51-B,37.846428571428575,1,561754,0.07078760370703718,0.013267410330207095,65.12158487224079,65.12158487224079,65.12158203125,518,294,0,518
scene-0110_CAM_FRONT_5697c1f2_9f184af2,scene-0110,G51-B,35.100452442569484,1,535765,0.08644318046490707,0.016124605574541487,65.12158487224079,65.12158487224079,65.12158203125,518,294,0,518
scene-0110_CAM_FRONT_0ebd7d84_e0a1a4a5,scene-0110,G51-B,36.931969218489726,1,435564,0.06866704967572046,0.03105939598270275,65.12158487224079,65.12158487224079,65.12158203125,518,294,0,518
scene-0110_CAM_FRONT_d9e20967_cbfdfa1a,scene-0110,G51-B,36.85977298499652,1,446811,0.06545588954443016,0.0206283196363409,65.12158487224079,65.12158487224079,65.12158203125,518,294,0,518
scene-0110_CAM_FRONT_f5402402_741bbef6,scene-0110,G51-B,33.68058132505004,1,497549,0.07454025681496912,0.02758667649326084,65.12158487224079,65.12158487224079,65.12158203125,518,294,0,518
scene-0221_CAM_FRONT_79070dca_daeec522,scene-0221,G51-B,23.797614583333335,1,503773,0.04745486625746276,0.031139022528389626,64.5614792846793,64.5614792846793,64.56147003173828,518,294,0,518
scene-0221_CAM_FRONT_8e21bcb6_99ca4527,scene-0221,G51-B,19.375827657273156,1,660013,0.04109619247824847,0.017311577970495522,64.5614792846793,64.5614792846793,64.56147003173828,518,294,0,518
scene-0221_CAM_FRONT_27db2832_524b696f,scene-0221,G51-B,15.800208469439609,1,654668,0.03381214116203113,0.016573579633023194,64.5614792846793,64.5614792846793,64.56147003173828,518,294,0,518
scene-0221_CAM_FRONT_bb9c0abe_5dd954d0,scene-0221,G51-B,15.173577535377357,1,702807,0.04083519125402235,0.015904068766256763,64.5614792846793,64.5614792846793,64.56147003173828,518,294,0,518
scene-0221_CAM_FRONT_af0f72a7_959c87c7,scene-0221,G51-B,14.606552488887184,1,572545,0.03608466978693592,0.02912881455545898,64.5614792846793,64.5614792846793,64.56147003173828,518,294,0,518
scene-0221_CAM_FRONT_fa48d104_e9ae8c38,scene-0221,G51-B,17.424542798364296,1,470980,0.03596464215703543,0.014443645302646909,64.5614792846793,64.5614792846793,64.56147003173828,518,294,0,518
scene-0221_CAM_FRONT_2d65df53_1244ad3a,scene-0221,G51-B,17.179469741638083,1,444046,0.06485495311592526,0.011708204772060424,64.5614792846793,64.5614792846793,64.56147003173828,518,294,0,518
scene-0268_CAM_FRONT_30e55a3e_01a7d01c,scene-0268,G51-B,41.41640185684162,1,347114,0.03806854426341477,0.02980631735895478,64.5614792846793,64.5614792846793,64.56147003173828,518,294,0,518
scene-0268_CAM_FRONT_a2fada92_3bf56ebb,scene-0268,G51-B,33.34794976738063,1,370792,0.04296360340535488,0.029933221668894772,64.5614792846793,64.5614792846793,64.56147003173828,518,294,0,518
scene-0268_CAM_FRONT_296fcfbf_dc2b67cd,scene-0268,G51-B,42.61577767385564,1,403913,0.052738530098424,0.01599271841888508,64.5614792846793,64.5614792846793,64.56147003173828,518,294,0,518
scene-0268_CAM_FRONT_e1dffaba_3c18f85f,scene-0268,G51-B,34.44274447363203,1,370824,0.03219426164618566,0.02556515011185329,64.5614792846793,64.5614792846793,64.56147003173828,518,294,0,518
scene-0268_CAM_FRONT_08d95280_4094ae46,scene-0268,G51-B,30.550140361821583,1,327152,0.030388168584258413,0.011126815464034174,64.5614792846793,64.5614792846793,64.56147003173828,518,294,0,518
scene-0268_CAM_FRONT_df25b3ec_755ef1d0,scene-0268,G51-B,29.677041517416004,1,325193,0.031608921785388766,0.007863623301602295,64.5614792846793,64.5614792846793,64.56147003173828,518,294,0,518
scene-0268_CAM_FRONT_4f9ad42b_adcff599,scene-0268,G51-B,25.00014863964992,1,291495,0.030728899371775142,0.0065044603268709575,64.5614792846793,64.5614792846793,64.56147003173828,518,294,0,518
scene-0269_CAM_FRONT_adce54dc_18f10858,scene-0269,G51-B,20.474836349487305,1,502552,0.048413196699851335,0.029076941443589906,64.5614792846793,64.5614792846793,64.56147003173828,518,294,0,518
scene-0269_CAM_FRONT_2d72c60d_14d8b492,scene-0269,G51-B,20.717181096311474,1,549614,0.02739378751930288,0.014028315756873595,64.5614792846793,64.5614792846793,64.56147003173828,518,294,0,518
scene-0269_CAM_FRONT_5973a055_0c97832d,scene-0269,G51-B,23.039280582922817,1,567070,0.047337656770544356,0.02676045116738822,64.5614792846793,64.5614792846793,64.56147003173828,518,294,0,518
scene-0269_CAM_FRONT_ca37a1ae_a4be46a1,scene-0269,G51-B,27.681499313630493,1,510001,0.04202098360486639,0.02146202029415663,64.5614792846793,64.5614792846793,64.56147003173828,518,294,0,518
scene-0269_CAM_FRONT_d02a787e_6e90bc36,scene-0269,G51-B,26.862131958357185,1,541785,0.035649354676831724,0.013939298304797518,64.5614792846793,64.5614792846793,64.56147003173828,518,294,0,518
scene-0269_CAM_FRONT_5512cfa9_21e50bd8,scene-0269,G51-B,26.044866177519015,1,589162,0.06883867346358175,0.0709603521362441,64.5614792846793,64.5614792846793,64.56147003173828,518,294,0,518
scene-0269_CAM_FRONT_459ac79b_44a799dc,scene-0269,G51-B,25.89294122470015,1,520275,0.04472970951854016,0.024383931518717813,64.5614792846793,64.5614792846793,64.56147003173828,518,294,0,518
scene-0269_CAM_FRONT_addc85df_8cf0dfa0,scene-0269,G51-B,26.66338068944684,1,515893,0.05275469306118996,0.011337422402174915,64.5614792846793,64.5614792846793,64.56147003173828,518,294,0,518
scene-0270_CAM_FRONT_51f37263_af4baa28,scene-0270,G51-B,23.6008176369863,1,560414,0.07130953639861826,0.0716073234727088,64.5614792846793,64.5614792846793,64.56147003173828,518,294,0,518
scene-0270_CAM_FRONT_8d74da14_6a02dd6b,scene-0270,G51-B,21.61220957988542,1,490840,0.05774713731748049,0.04569889368356128,64.5614792846793,64.5614792846793,64.56147003173828,518,294,0,518
scene-0270_CAM_FRONT_d492d47f_2f207084,scene-0270,G51-B,23.607460515962234,1,409621,0.06261624028770774,0.016694157554991117,64.5614792846793,64.5614792846793,64.56147003173828,518,294,0,518
scene-0270_CAM_FRONT_71a74ae0_91bb8353,scene-0270,G51-B,27.338416849829823,1,320700,0.07097735758806878,0.030784630082739142,64.5614792846793,64.5614792846793,64.56147003173828,518,294,0,518
scene-0270_CAM_FRONT_adebba60_12a72195,scene-0270,G51-B,21.097977478747392,1,292564,0.054856483848237714,0.015119919820548255,64.5614792846793,64.5614792846793,64.56147003173828,518,294,0,518
scene-0270_CAM_FRONT_12a0035c_b70d3599,scene-0270,G51-B,20.525818046381385,1,301760,0.035274246724039005,0.014876692827146744,64.5614792846793,64.5614792846793,64.56147003173828,518,294,0,518
scene-0270_CAM_FRONT_c1348c56_5bbe677b,scene-0270,G51-B,21.923438819679063,1,279151,0.052165711589531316,0.01563894587750548,64.5614792846793,64.5614792846793,64.56147003173828,518,294,0,518
scene-0270_CAM_FRONT_8b2da12c_6de2f8b9,scene-0270,G51-B,20.433789802320074,1,295749,0.042689766205693314,0.020298747202389073,64.5614792846793,64.5614792846793,64.56147003173828,518,294,0,518
scene-0271_CAM_FRONT_c28c950a_08dfcb4b,scene-0271,G51-B,13.2255886476642,1,527986,0.03641660608252484,0.009765130182911384,64.5614792846793,64.5614792846793,64.56147003173828,518,294,0,518
scene-0271_CAM_FRONT_b8c2c0c9_9f5b95a0,scene-0271,G51-B,19.15348434023915,1,494048,0.07159889197569669,0.03701896619331584,64.5614792846793,64.5614792846793,64.56147003173828,518,294,0,518
scene-0271_CAM_FRONT_cbbd3332_b0361d86,scene-0271,G51-B,22.42221083845087,1,533105,0.05767714276263769,0.034317130244015163,64.5614792846793,64.5614792846793,64.56147003173828,518,294,0,518
scene-0271_CAM_FRONT_a0069939_c5910605,scene-0271,G51-B,20.86757336433611,1,531527,0.05494935462764028,0.013333544034210647,64.5614792846793,64.5614792846793,64.56147003173828,518,294,0,518
scene-0271_CAM_FRONT_618875a2_309dffee,scene-0271,G51-B,18.16376003912685,1,514227,0.07530562119104411,0.012296271469954236,64.5614792846793,64.5614792846793,64.56147003173828,518,294,0,518
scene-0271_CAM_FRONT_8e86bdba_84d3fc36,scene-0271,G51-B,15.036072161903693,1,506153,0.049659046173567756,0.009305290945768907,64.5614792846793,64.5614792846793,64.56147003173828,518,294,0,518
scene-0271_CAM_FRONT_8c9d04f0_4a4e46db,scene-0271,G51-B,12.394237024507953,1,371060,0.026502984116351547,0.007471062402534343,64.5614792846793,64.5614792846793,64.56147003173828,518,294,0,518
scene-0272_CAM_FRONT_e261f474_e7683144,scene-0272,G51-B,12.424735679871523,1,388038,0.030377864462377557,0.011647529871401616,64.5614792846793,64.5614792846793,64.56147003173828,518,294,0,518
scene-0272_CAM_FRONT_a4fa9d49_77d239a5,scene-0272,G51-B,12.35126557221284,1,371980,0.04003315678241437,0.03713975436411186,64.5614792846793,64.5614792846793,64.56147003173828,518,294,0,518
scene-0272_CAM_FRONT_fdb723ef_a77fe48a,scene-0272,G51-B,17.914819056825824,1,441561,0.04566400878964849,0.026129983523788224,64.5614792846793,64.5614792846793,64.56147003173828,518,294,0,518
scene-0272_CAM_FRONT_160faaad_9a9f3586,scene-0272,G51-B,22.72127699812187,1,508485,0.06335254163344839,0.015410089574574449,64.5614792846793,64.5614792846793,64.56147003173828,518,294,0,518
scene-0272_CAM_FRONT_deafcf11_fb2a7007,scene-0272,G51-B,19.33770272943038,1,493715,0.046864050105599464,0.011970988052890019,64.5614792846793,64.5614792846793,64.56147003173828,518,294,0,518
scene-0272_CAM_FRONT_f05e9433_5f52fc66,scene-0272,G51-B,25.701090818646957,1,474945,0.06687961879312976,0.039544177658472165,64.5614792846793,64.5614792846793,64.56147003173828,518,294,0,518
scene-0272_CAM_FRONT_03e1fa4e_f1d9fc82,scene-0272,G51-B,22.55321986607143,1,441535,0.05242813320187034,0.032300008442935846,64.5614792846793,64.5614792846793,64.56147003173828,518,294,0,518
scene-0273_CAM_FRONT_1d477a7c_8ae5eb1e,scene-0273,G51-B,26.339969581582626,1,538830,0.08236558956268203,0.03643959522356311,64.5614792846793,64.5614792846793,64.56147003173828,518,294,0,518
scene-0273_CAM_FRONT_5eb775d7_11d08474,scene-0273,G51-B,26.36229912304131,1,590764,0.07325430162980373,0.014644234464268999,64.5614792846793,64.5614792846793,64.56147003173828,518,294,0,518
scene-0273_CAM_FRONT_1c9469a9_e42c4028,scene-0273,G51-B,24.462880444899483,1,588474,0.07591447857952605,0.011850538068120343,64.5614792846793,64.5614792846793,64.56147003173828,518,294,0,518
scene-0273_CAM_FRONT_e1e84a1a_b87c4fce,scene-0273,G51-B,20.911581628862915,1,616818,0.042616331205267866,0.03531031886312362,64.5614792846793,64.5614792846793,64.56147003173828,518,294,0,518
scene-0273_CAM_FRONT_49ceba17_ac2d1e89,scene-0273,G51-B,23.164873745637006,1,619478,0.06288956346432117,0.009253954362397947,64.5614792846793,64.5614792846793,64.56147003173828,518,294,0,518
scene-0273_CAM_FRONT_0791e7e8_8d5c8d68,scene-0273,G51-B,25.769665191118616,1,608734,0.042475631893727384,0.022346816822081842,64.5614792846793,64.5614792846793,64.56147003173828,518,294,0,518
scene-0273_CAM_FRONT_e0668ad6_2bdf0127,scene-0273,G51-B,24.76873415125299,1,558418,0.04838458673388124,0.020262292695614307,64.5614792846793,64.5614792846793,64.56147003173828,518,294,0,518
scene-0274_CAM_FRONT_040a956b_6d32f67b,scene-0274,G51-B,20.68831948264416,1,572468,0.04166436456093314,0.017796881327303463,64.5614792846793,64.5614792846793,64.56147003173828,518,294,0,518
scene-0274_CAM_FRONT_d6f9027a_34cf97ab,scene-0274,G51-B,20.780517578125007,1,485464,0.030581297187391776,0.009908916599053066,64.5614792846793,64.5614792846793,64.56147003173828,518,294,0,518
scene-0274_CAM_FRONT_9bd318b5_728f711f,scene-0274,G51-B,27.633115652789005,1,511305,0.05054711973799142,0.021723097763441307,64.5614792846793,64.5614792846793,64.56147003173828,518,294,0,518
scene-0274_CAM_FRONT_4ea42d9d_144689dc,scene-0274,G51-B,24.65968550289105,1,591085,0.05282284464809983,0.02932131363492947,64.5614792846793,64.5614792846793,64.56147003173828,518,294,0,518
scene-0274_CAM_FRONT_d813d750_8491dd8f,scene-0274,G51-B,21.044461575483524,1,507995,0.03670563042425501,0.024228589183548973,64.5614792846793,64.5614792846793,64.56147003173828,518,294,0,518
scene-0274_CAM_FRONT_d90f206c_864f2bd6,scene-0274,G51-B,25.640624999999993,1,607124,0.050856720625981566,0.0593539459567747,64.5614792846793,64.5614792846793,64.56147003173828,518,294,0,518
scene-0274_CAM_FRONT_1734a670_783bf5ef,scene-0274,G51-B,20.285562010511132,1,602453,0.030148951579755945,0.013162059565564765,64.5614792846793,64.5614792846793,64.56147003173828,518,294,0,518
scene-0274_CAM_FRONT_f5a8490b_a6f13e65,scene-0274,G51-B,29.816374275238736,1,444727,0.029443562338898666,0.022117100588447174,64.5614792846793,64.5614792846793,64.56147003173828,518,294,0,518
scene-0275_CAM_FRONT_8fb167b9_ad7080dc,scene-0275,G51-B,26.221903688797234,1,458288,0.025460791303333563,0.01510761443072922,64.5614792846793,64.5614792846793,64.56147003173828,518,294,0,518
scene-0275_CAM_FRONT_96af1a7d_4ffdd341,scene-0275,G51-B,19.498269861748216,1,454133,0.023214158454388567,0.017657792404011222,64.5614792846793,64.5614792846793,64.56147003173828,518,294,0,518
scene-0275_CAM_FRONT_ffec010a_4523fb98,scene-0275,G51-B,19.166974666548633,1,367499,0.02473453482404775,0.025527389807169548,64.5614792846793,64.5614792846793,64.56147003173828,518,294,0,518
scene-0275_CAM_FRONT_6e75580f_cf4d6609,scene-0275,G51-B,18.27185396409873,1,317073,0.0309648872074737,0.029498250046939,64.5614792846793,64.5614792846793,64.56147003173828,518,294,0,518
scene-0275_CAM_FRONT_5bea7ebf_33c965ec,scene-0275,G51-B,20.50872569155574,1,288627,0.02142712574807426,0.01421091383977587,64.5614792846793,64.5614792846793,64.56147003173828,518,294,0,518
scene-0275_CAM_FRONT_54847140_1aaff367,scene-0275,G51-B,17.82635315306887,1,296162,0.021298021642878417,0.022470292471399228,64.5614792846793,64.5614792846793,64.56147003173828,518,294,0,518
scene-0275_CAM_FRONT_28d072da_e32db3f8,scene-0275,G51-B,16.388775940139702,1,290828,0.01748767885440894,0.009394521365633532,64.5614792846793,64.5614792846793,64.56147003173828,518,294,0,518
scene-0275_CAM_FRONT_38f030fc_91d55da9,scene-0275,G51-B,16.551133728027345,1,296809,0.014540852396072168,0.006339123002101438,64.5614792846793,64.5614792846793,64.56147003173828,518,294,0,518
scene-0276_CAM_FRONT_3502d36d_f38ef511,scene-0276,G51-B,17.444835419249845,1,280228,0.02167960521873158,0.020291859427562724,64.5614792846793,64.5614792846793,64.56147003173828,518,294,0,518
scene-0276_CAM_FRONT_291e7331_333b8e10,scene-0276,G51-B,21.555046384464458,1,341112,0.03937864757788967,0.060139202077112396,64.5614792846793,64.5614792846793,64.56147003173828,518,294,0,518
scene-0276_CAM_FRONT_5099c824_c62b6ac8,scene-0276,G51-B,25.53269668555782,1,433174,0.04171178257738406,0.018759653858014296,64.5614792846793,64.5614792846793,64.56147003173828,518,294,0,518
scene-0276_CAM_FRONT_19eea651_4070ae6b,scene-0276,G51-B,28.314289745722444,1,439004,0.044012157376929206,0.020436353296180026,64.5614792846793,64.5614792846793,64.56147003173828,518,294,0,518
scene-0276_CAM_FRONT_9075f9ff_6c662b12,scene-0276,G51-B,26.112378210806018,1,518214,0.0530350677489444,0.011086700392474069,64.5614792846793,64.5614792846793,64.56147003173828,518,294,0,518
scene-0276_CAM_FRONT_7ff6ab92_afb43016,scene-0276,G51-B,26.641260614139018,1,540981,0.06959896354702222,0.043262778025284346,64.5614792846793,64.5614792846793,64.56147003173828,518,294,0,518
scene-0276_CAM_FRONT_46a4a199_28285c36,scene-0276,G51-B,21.760458447196758,1,458938,0.04889577900786146,0.011335502116896193,64.5614792846793,64.5614792846793,64.56147003173828,518,294,0,518
scene-0276_CAM_FRONT_ff6114d5_fef6223e,scene-0276,G51-B,29.126149142418576,1,463557,0.08424971541125226,0.05683064960636063,64.5614792846793,64.5614792846793,64.56147003173828,518,294,0,518
scene-0277_CAM_FRONT_7e2fd590_e3dbf6e9,scene-0277,G51-B,28.911824709008098,1,493222,0.07659373743963815,0.027441354575508132,64.5614792846793,64.5614792846793,64.56147003173828,518,294,0,518
scene-0277_CAM_FRONT_2dc6dfa0_6382c18e,scene-0277,G51-B,31.372521693760994,1,546983,0.06091428822507927,0.018176700223259717,64.5614792846793,64.5614792846793,64.56147003173828,518,294,0,518
scene-0277_CAM_FRONT_a593f1a2_2a07391a,scene-0277,G51-B,26.405253799131625,1,477065,0.05867814634779922,0.022024852059637962,64.5614792846793,64.5614792846793,64.56147003173828,518,294,0,518
scene-0277_CAM_FRONT_21146650_fae2bb46,scene-0277,G51-B,24.355171792265505,1,441567,0.055109593025463255,0.018435686628044158,64.5614792846793,64.5614792846793,64.56147003173828,518,294,0,518
scene-0277_CAM_FRONT_d5cb5a4a_13af3da0,scene-0277,G51-B,26.692729001322746,1,484683,0.07071200653704102,0.012202321077415389,64.5614792846793,64.5614792846793,64.56147003173828,518,294,0,518
scene-0277_CAM_FRONT_aae0304d_f1cfa142,scene-0277,G51-B,25.41886118913857,1,514034,0.06438557139647139,0.03433350952754162,64.5614792846793,64.5614792846793,64.56147003173828,518,294,0,518
scene-0277_CAM_FRONT_37c8d31c_47972c33,scene-0277,G51-B,25.177440866712704,1,510408,0.05649114009589473,0.013606051386344162,64.5614792846793,64.5614792846793,64.56147003173828,518,294,0,518
scene-0277_CAM_FRONT_a5d38151_49409214,scene-0277,G51-B,28.07005099372386,1,489286,0.05723668065919019,0.031162152646737017,64.5614792846793,64.5614792846793,64.56147003173828,518,294,0,518
scene-0278_CAM_FRONT_f4b5b6fc_b462e734,scene-0278,G51-B,29.91527558506686,1,498363,0.07631702982041055,0.043052416371407054,64.5614792846793,64.5614792846793,64.56147003173828,518,294,0,518
scene-0278_CAM_FRONT_c75fae3b_943884d0,scene-0278,G51-B,21.337419080663192,1,446935,0.04753125133092784,0.02052138554403108,64.5614792846793,64.5614792846793,64.56147003173828,518,294,0,518
scene-0278_CAM_FRONT_c1255d99_29b8d47b,scene-0278,G51-B,18.793894361413045,1,368484,0.053915670468996035,0.01102749538572881,64.5614792846793,64.5614792846793,64.56147003173828,518,294,0,518
scene-0278_CAM_FRONT_4c687bbe_2e24381c,scene-0278,G51-B,22.763618171128794,1,387142,0.055602431806587305,0.019506721403618418,64.5614792846793,64.5614792846793,64.56147003173828,518,294,0,518
scene-0278_CAM_FRONT_2996dec1_42b6df35,scene-0278,G51-B,27.26199600192133,1,394252,0.044862910760442354,0.005342932742406865,64.5614792846793,64.5614792846793,64.56147003173828,518,294,0,518
scene-0278_CAM_FRONT_fa5cd3e2_8cfc29cd,scene-0278,G51-B,24.715028647393652,1,521967,0.06347156935941412,0.042133615829853165,64.5614792846793,64.5614792846793,64.56147003173828,518,294,0,518
scene-0278_CAM_FRONT_ef1a273c_6e727bcf,scene-0278,G51-B,26.42806333514605,1,566357,0.06476493772987313,0.027091906812338043,64.5614792846793,64.5614792846793,64.56147003173828,518,294,0,518
scene-0278_CAM_FRONT_096d7f57_6664e576,scene-0278,G51-B,25.622690166541922,1,620418,0.14985105363908802,0.036193256381691886,64.5614792846793,64.5614792846793,64.56147003173828,518,294,0,518
scene-0329_CAM_FRONT_269601cc_7d47b230,scene-0329,G51-B,22.25041823390482,1,436271,0.029631322775228952,0.014100944211466833,65.12158487224079,65.12158487224079,65.12158203125,518,294,0,518
scene-0329_CAM_FRONT_0d03e6ff_deb3daf1,scene-0329,G51-B,16.812775341732543,1,369321,0.027326615339121396,0.008848722529508265,65.12158487224079,65.12158487224079,65.12158203125,518,294,0,518
scene-0329_CAM_FRONT_3a58d50a_a11122da,scene-0329,G51-B,11.249196552224806,1,288801,0.02459586141033876,0.018230864704186087,65.12158487224079,65.12158487224079,65.12158203125,518,294,0,518
scene-0329_CAM_FRONT_63e40c4a_1463c5e3,scene-0329,G51-B,19.18272764250449,1,365504,0.02843479697077478,0.029577454635862328,65.12158487224079,65.12158487224079,65.12158203125,518,294,0,518
scene-0329_CAM_FRONT_9f7efc90_305eabe9,scene-0329,G51-B,25.453158166273585,1,323829,0.07114272223640228,0.04749509100664052,65.12158487224079,65.12158487224079,65.12158203125,518,294,0,518
scene-0329_CAM_FRONT_2a881484_d2695a82,scene-0329,G51-B,22.92082268391652,1,374076,0.07666174135917014,0.04657977629122559,65.12158487224079,65.12158487224079,65.12158203125,518,294,0,518
scene-0329_CAM_FRONT_b7efe50e_84c4e982,scene-0329,G51-B,27.15618339974056,1,381443,0.052321021124208666,0.010668922832206568,65.12158487224079,65.12158487224079,65.12158203125,518,294,0,518
scene-0330_CAM_FRONT_b98e65c9_7531f8e5,scene-0330,G51-B,22.99847402675812,1,452379,0.060302418208479924,0.02237178084271204,65.12158487224079,65.12158487224079,65.12158203125,518,294,0,518
scene-0330_CAM_FRONT_0de7fa32_bad735b9,scene-0330,G51-B,26.761954146532126,1,421866,0.03721891518449105,0.023442511773910997,65.12158487224079,65.12158487224079,65.12158203125,518,294,0,518
scene-0330_CAM_FRONT_c4a291f3_91b4d539,scene-0330,G51-B,30.469565044529265,1,396161,0.0301859779716267,0.013720742249972741,65.12158487224079,65.12158487224079,65.12158203125,518,294,0,518
scene-0330_CAM_FRONT_141a69c7_fa9853c0,scene-0330,G51-B,28.284605317591648,1,456610,0.056626714732020744,0.030906724719558302,65.12158487224079,65.12158487224079,65.12158203125,518,294,0,518
scene-0330_CAM_FRONT_81ddc3fd_e54e8d4a,scene-0330,G51-B,25.54986276303751,1,394361,0.07177558711712795,0.00965953940097176,65.12158487224079,65.12158487224079,65.12158203125,518,294,0,518
scene-0330_CAM_FRONT_3b195d69_d5f7ce1b,scene-0330,G51-B,26.200444820887036,1,321177,0.05619864350429271,0.0060055375443824775,65.12158487224079,65.12158487224079,65.12158203125,518,294,0,518
scene-0330_CAM_FRONT_37254007_a3a83aab,scene-0330,G51-B,26.882270443281932,1,306516,0.06444831034404852,0.008000901512038644,65.12158487224079,65.12158487224079,65.12158203125,518,294,0,518
scene-0331_CAM_FRONT_09361337_72505908,scene-0331,G51-B,17.930966980293114,1,349218,0.05537328506182004,0.04827698519081376,65.12158487224079,65.12158487224079,65.12158203125,518,294,0,518
scene-0331_CAM_FRONT_6c9ad4d2_52801254,scene-0331,G51-B,18.3956875,1,318273,0.034022346568229445,0.040282116796509296,65.12158487224079,65.12158487224079,65.12158203125,518,294,0,518
scene-0331_CAM_FRONT_c0ab1238_6eff2305,scene-0331,G51-B,25.974160075399173,1,344902,0.05122509276040721,0.04584195345061047,65.12158487224079,65.12158487224079,65.12158203125,518,294,0,518
scene-0331_CAM_FRONT_1d374f78_ddbf483c,scene-0331,G51-B,26.724006634767154,1,380556,0.047934612696030054,0.00989519974353721,65.12158487224079,65.12158487224079,65.12158203125,518,294,0,518
scene-0331_CAM_FRONT_c7626771_58976dcd,scene-0331,G51-B,20.1451565926535,1,437684,0.048768322987812196,0.04172322965045978,65.12158487224079,65.12158487224079,65.12158203125,518,294,0,518
scene-0331_CAM_FRONT_f2758f85_9489e07f,scene-0331,G51-B,27.465662642645817,1,315145,0.05613433033703519,0.016501803340439113,65.12158487224079,65.12158487224079,65.12158203125,518,294,0,518
scene-0331_CAM_FRONT_2629f4e9_f7b89f7f,scene-0331,G51-B,39.16195888566693,1,332318,0.0612003084173971,0.0233899967059892,65.12158487224079,65.12158487224079,65.12158203125,518,294,0,518
scene-0332_CAM_FRONT_097c7295_8398a7b0,scene-0332,G51-B,21.041438070575843,1,346841,0.036777226591783396,0.012979317559142823,65.12158487224079,65.12158487224079,65.12158203125,518,294,0,518
scene-0332_CAM_FRONT_d11353f2_e301e136,scene-0332,G51-B,21.762714586759866,1,351513,0.03505900659265082,0.014247639151878959,65.12158487224079,65.12158487224079,65.12158203125,518,294,0,518
scene-0332_CAM_FRONT_fc992f09_ea5943fa,scene-0332,G51-B,25.189183557366636,1,351037,0.04135422409652012,0.004906336981421682,65.12158487224079,65.12158487224079,65.12158203125,518,294,0,518
scene-0332_CAM_FRONT_ad8a760f_ae16009c,scene-0332,G51-B,29.530582456050688,1,384290,0.03780936536049695,0.013456403665090209,65.12158487224079,65.12158487224079,65.12158203125,518,294,0,518
scene-0332_CAM_FRONT_e0760028_8fa01e4b,scene-0332,G51-B,30.968273150083608,1,440971,0.048506389749864987,0.012308567839078315,65.12158487224079,65.12158487224079,65.12158203125,518,294,0,518
scene-0332_CAM_FRONT_5efe5833_26f23947,scene-0332,G51-B,31.119454587637176,1,476681,0.03524716651727555,0.01802835828015413,65.12158487224079,65.12158487224079,65.12158203125,518,294,0,518
scene-0332_CAM_FRONT_2152a131_4f77a18f,scene-0332,G51-B,32.578585772447184,1,486013,0.037748439743422235,0.02604094091618633,65.12158487224079,65.12158487224079,65.12158203125,518,294,0,518
scene-0332_CAM_FRONT_6fd0afc6_7876ea81,scene-0332,G51-B,33.524919679179,1,444755,0.04705975839282228,0.011858356669618741,65.12158487224079,65.12158487224079,65.12158203125,518,294,0,518
scene-0344_CAM_FRONT_418cbb70_66acf00f,scene-0344,G51-B,28.681411998327757,1,267325,0.048055640952513023,0.012580017940533289,64.5614792846793,64.5614792846793,64.56147003173828,518,294,0,518
scene-0344_CAM_FRONT_a893b19c_b416110f,scene-0344,G51-B,32.850501043465755,1,273205,0.05256781424192081,0.014833033484817766,64.5614792846793,64.5614792846793,64.56147003173828,518,294,0,518
scene-0344_CAM_FRONT_88918bab_78045715,scene-0344,G51-B,33.378017568250755,1,274558,0.05518889652953973,0.010599137848253986,64.5614792846793,64.5614792846793,64.56147003173828,518,294,0,518
scene-0344_CAM_FRONT_60321e79_76919271,scene-0344,G51-B,30.36101083718386,1,271417,0.04843004272913021,0.011436422132712511,64.5614792846793,64.5614792846793,64.56147003173828,518,294,0,518
scene-0344_CAM_FRONT_a1914259_4e39dbe3,scene-0344,G51-B,30.65935888749339,1,273428,0.04869439020303967,0.0035077470373784834,64.5614792846793,64.5614792846793,64.56147003173828,518,294,0,518
scene-0344_CAM_FRONT_18e40c60_62fda3b4,scene-0344,G51-B,30.22128655106331,1,273793,0.04958292540788767,0.00544614151211221,64.5614792846793,64.5614792846793,64.56147003173828,518,294,0,518
scene-0344_CAM_FRONT_a684d7f8_1e0daf97,scene-0344,G51-B,30.936517713218052,1,273591,0.051796412939922654,0.012452796132158526,64.5614792846793,64.5614792846793,64.56147003173828,518,294,0,518
scene-0344_CAM_FRONT_fe3e9f5a_72faff2c,scene-0344,G51-B,27.529151348039218,1,275410,0.04588703965693686,0.024923308528638236,64.5614792846793,64.5614792846793,64.56147003173828,518,294,0,518
scene-0345_CAM_FRONT_c525629d_14ab15e6,scene-0345,G51-B,31.60049101463104,1,273503,0.050474134728540676,0.005092929160657078,64.5614792846793,64.5614792846793,64.56147003173828,518,294,0,518
scene-0345_CAM_FRONT_686d05b4_c81a1a2b,scene-0345,G51-B,31.788507908950614,1,272618,0.04193832173332135,0.012008267656101095,64.5614792846793,64.5614792846793,64.56147003173828,518,294,0,518
scene-0345_CAM_FRONT_f2b4bd49_ece036de,scene-0345,G51-B,29.819613218731476,1,326814,0.04835625435005486,0.02685402505559393,64.5614792846793,64.5614792846793,64.56147003173828,518,294,0,518
scene-0345_CAM_FRONT_a29623dd_ad830c77,scene-0345,G51-B,27.904984535559755,1,556104,0.07673052637167199,0.04861628135999543,64.5614792846793,64.5614792846793,64.56147003173828,518,294,0,518
scene-0345_CAM_FRONT_7a80523f_1e4c2634,scene-0345,G51-B,21.571422192527518,1,573154,0.046761235280957436,0.033633595097758456,64.5614792846793,64.5614792846793,64.56147003173828,518,294,0,518
scene-0345_CAM_FRONT_6f86c824_dbdccd9c,scene-0345,G51-B,25.660963108090527,1,494453,0.039309424568718665,0.018177574962090614,64.5614792846793,64.5614792846793,64.56147003173828,518,294,0,518
scene-0345_CAM_FRONT_c9efa9b7_39c9dbd0,scene-0345,G51-B,27.21621271748136,1,630845,0.058204607040689194,0.01505729278871744,64.5614792846793,64.5614792846793,64.56147003173828,518,294,0,518
scene-0346_CAM_FRONT_c35efe5e_3f065eea,scene-0346,G51-B,18.44952633960099,1,303140,0.020873485174567552,0.005770838978518814,64.5614792846793,64.5614792846793,64.56147003173828,518,294,0,518
scene-0346_CAM_FRONT_89bc1e54_86b84392,scene-0346,G51-B,18.96726418711656,1,301977,0.026236438832715425,0.002782147250319865,64.5614792846793,64.5614792846793,64.56147003173828,518,294,0,518
scene-0346_CAM_FRONT_bcba1b4a_d28733ec,scene-0346,G51-B,19.371569680122253,1,300390,0.028072883598496245,0.00755071419962296,64.5614792846793,64.5614792846793,64.56147003173828,518,294,0,518
scene-0346_CAM_FRONT_6c6c2124_eb0fe3d4,scene-0346,G51-B,19.21553334255672,1,298174,0.02566544782164093,0.009717066019691932,64.5614792846793,64.5614792846793,64.56147003173828,518,294,0,518
scene-0346_CAM_FRONT_b7846996_02e898c7,scene-0346,G51-B,25.05922569772943,1,333639,0.06193881741016094,0.02945711345864759,64.5614792846793,64.5614792846793,64.56147003173828,518,294,0,518
scene-0346_CAM_FRONT_d4cc2c00_64d019bf,scene-0346,G51-B,25.57231898907104,1,415260,0.10040751100603096,0.008676139540584856,64.5614792846793,64.5614792846793,64.56147003173828,518,294,0,518
scene-0346_CAM_FRONT_a4a9d612_5e63770f,scene-0346,G51-B,24.97300741117294,1,388381,0.06118540423798269,0.018165238413691526,64.5614792846793,64.5614792846793,64.56147003173828,518,294,0,518
scene-0346_CAM_FRONT_e6c01889_06ff524a,scene-0346,G51-B,26.547836311927846,1,422270,0.09328866738458119,0.02068690348332258,64.5614792846793,64.5614792846793,64.56147003173828,518,294,0,518
scene-0519_CAM_FRONT_4e26b427_72322fb3,scene-0519,G51-B,55.65141398761979,1,453138,0.05606976530230501,0.03507087854897422,65.12158487224079,65.12158487224079,65.12158203125,518,294,0,518
scene-0519_CAM_FRONT_2dece2e8_af034ddd,scene-0519,G51-B,51.9747260711478,1,426526,0.06972948702566661,0.019363054914704695,65.12158487224079,65.12158487224079,65.12158203125,518,294,0,518
scene-0519_CAM_FRONT_006cbdb2_8f1dfb1a,scene-0519,G51-B,50.44269335120295,1,463653,0.05145576418902076,0.00523622356621921,65.12158487224079,65.12158487224079,65.12158203125,518,294,0,518
scene-0519_CAM_FRONT_19714a36_78858e71,scene-0519,G51-B,40.60391333246165,1,464772,0.06359882727279453,0.005060106786772825,65.12158487224079,65.12158487224079,65.12158203125,518,294,0,518
scene-0519_CAM_FRONT_996f330c_a4747e22,scene-0519,G51-B,40.94324992216688,1,496613,0.04610965380388832,0.01317206133554116,65.12158487224079,65.12158487224079,65.12158203125,518,294,0,518
scene-0519_CAM_FRONT_df174fd9_60808987,scene-0519,G51-B,36.93227017792676,1,579134,0.11246571118967563,0.027263171127222464,65.12158487224079,65.12158487224079,65.12158203125,518,294,0,518
scene-0519_CAM_FRONT_e863d03f_4b593e6d,scene-0519,G51-B,32.93483927887071,1,464211,0.04108360617779594,0.021650856092712487,65.12158487224079,65.12158487224079,65.12158203125,518,294,0,518
scene-0519_CAM_FRONT_210ba6d0_423dadf0,scene-0519,G51-B,28.90742464539007,1,452372,0.045582905361072346,0.016861345472056147,65.12158487224079,65.12158487224079,65.12158203125,518,294,0,518
scene-0520_CAM_FRONT_6123a0c0_cd6b4f5e,scene-0520,G51-B,36.06340816787004,1,345963,0.044692323524027966,0.010301721272242268,65.12158487224079,65.12158487224079,65.12158203125,518,294,0,518
scene-0520_CAM_FRONT_f9f8b1d1_d6171d9f,scene-0520,G51-B,32.32761868284082,1,408382,0.05087337448793394,0.009233938943403882,65.12158487224079,65.12158487224079,65.12158203125,518,294,0,518
scene-0520_CAM_FRONT_0017c262_1183fca1,scene-0520,G51-B,28.721303187873836,1,356398,0.043791606883728296,0.013954289880946883,65.12158487224079,65.12158487224079,65.12158203125,518,294,0,518
scene-0520_CAM_FRONT_8acdc76a_38c95aed,scene-0520,G51-B,32.55717604663289,1,351139,0.07689302704534562,0.016014176848930244,65.12158487224079,65.12158487224079,65.12158203125,518,294,0,518
scene-0520_CAM_FRONT_fc7f3434_d0e49a3a,scene-0520,G51-B,33.9529534495549,1,366115,0.08010315884336006,0.017383002633711845,65.12158487224079,65.12158487224079,65.12158203125,518,294,0,518
scene-0520_CAM_FRONT_117674c0_fa7e79db,scene-0520,G51-B,33.47731296182267,1,401512,0.06902965126019778,0.023612558432546036,65.12158487224079,65.12158487224079,65.12158203125,518,294,0,518
scene-0520_CAM_FRONT_c0e2f275_4ea6733a,scene-0520,G51-B,35.82146391047784,1,381022,0.06563913367899499,0.004192581024425177,65.12158487224079,65.12158487224079,65.12158203125,518,294,0,518
scene-0520_CAM_FRONT_f70ce693_a518b89c,scene-0520,G51-B,39.54003577441079,1,370224,0.06198684005121602,0.04710234212908931,65.12158487224079,65.12158487224079,65.12158203125,518,294,0,518
scene-0521_CAM_FRONT_107dd321_516d7cdd,scene-0521,G51-B,38.85951430163446,1,429793,0.05999897114415598,0.02045103365612443,65.12158487224079,65.12158487224079,65.12158203125,518,294,0,518
scene-0521_CAM_FRONT_b5c4e946_78418f83,scene-0521,G51-B,39.09900354456017,1,522910,0.08083014039130343,0.018139920437627254,65.12158487224079,65.12158487224079,65.12158203125,518,294,0,518
scene-0521_CAM_FRONT_51499cd8_ee3ddd9e,scene-0521,G51-B,33.44550408719345,1,576158,0.03941449194625468,0.006546491423354811,65.12158487224079,65.12158487224079,65.12158203125,518,294,0,518
scene-0521_CAM_FRONT_a28e0c7c_67d06eba,scene-0521,G51-B,29.57216494845361,1,543990,0.05624196704027873,0.02417737658559325,65.12158487224079,65.12158487224079,65.12158203125,518,294,0,518
scene-0521_CAM_FRONT_b767ec16_8506f53d,scene-0521,G51-B,31.059791432809487,1,529685,0.04079931905613465,0.015935911193014865,65.12158487224079,65.12158487224079,65.12158203125,518,294,0,518
scene-0521_CAM_FRONT_1adbe193_9274d056,scene-0521,G51-B,29.779449670493204,1,448269,0.058414102160111,0.03897424695295964,65.12158487224079,65.12158487224079,65.12158203125,518,294,0,518
scene-0521_CAM_FRONT_89ae74d5_ae684293,scene-0521,G51-B,25.622447294347424,1,385053,0.04846675237127762,0.004836601893286692,65.12158487224079,65.12158487224079,65.12158203125,518,294,0,518
scene-0521_CAM_FRONT_bf409a3e_fb379ed5,scene-0521,G51-B,23.766680598422496,1,409946,0.0440387390325967,0.014482507591305871,65.12158487224079,65.12158487224079,65.12158203125,518,294,0,518
scene-0522_CAM_FRONT_5ec2ee2d_d7af7925,scene-0522,G51-B,26.398571275684933,1,474030,0.04056627100732402,0.024296123252514755,65.12158487224079,65.12158487224079,65.12158203125,518,294,0,518
scene-0522_CAM_FRONT_7187c0de_7a96a1ac,scene-0522,G51-B,28.049444901315795,1,404413,0.0546654085631606,0.01794772663031767,65.12158487224079,65.12158487224079,65.12158203125,518,294,0,518
scene-0522_CAM_FRONT_ec671ed4_6cd73bca,scene-0522,G51-B,27.550156008749358,1,358035,0.05630319666741723,0.015865014573227552,65.12158487224079,65.12158487224079,65.12158203125,518,294,0,518
scene-0522_CAM_FRONT_ecb9d6d3_75d09898,scene-0522,G51-B,30.73632015306122,1,316836,0.049967322925241975,0.019812678038055247,65.12158487224079,65.12158487224079,65.12158203125,518,294,0,518
scene-0522_CAM_FRONT_c78ad98d_a0cd4d00,scene-0522,G51-B,44.80755122950819,1,334014,0.050056613956878326,0.011873324081938934,65.12158487224079,65.12158487224079,65.12158203125,518,294,0,518
scene-0522_CAM_FRONT_c40d017e_2ba2a8fb,scene-0522,G51-B,28.009909289513683,1,395616,0.046485577901248076,0.023301476083893047,65.12158487224079,65.12158487224079,65.12158203125,518,294,0,518
scene-0522_CAM_FRONT_89c9d0c8_3ee6b750,scene-0522,G51-B,25.4063583159111,1,413888,0.06149650975965337,0.01992625979232902,65.12158487224079,65.12158487224079,65.12158203125,518,294,0,518
scene-0522_CAM_FRONT_f6ccb065_adcbf5d4,scene-0522,G51-B,29.245779482243872,1,365804,0.03578323151550045,0.00880211079017542,65.12158487224079,65.12158487224079,65.12158203125,518,294,0,518
scene-0523_CAM_FRONT_ce03b6f0_17dc38b8,scene-0523,G51-B,24.344436740390048,1,384244,0.031322257405866916,0.03009288782477987,65.12158487224079,65.12158487224079,65.12158203125,518,294,0,518
scene-0523_CAM_FRONT_0c0bc7cd_ae7d650f,scene-0523,G51-B,24.998587873340707,1,308430,0.03357965738192381,0.01876279297085491,65.12158487224079,65.12158487224079,65.12158203125,518,294,0,518
scene-0523_CAM_FRONT_eaa81f61_fa411e11,scene-0523,G51-B,30.013259616640543,1,311585,0.04166385911948023,0.01875317433795028,65.12158487224079,65.12158487224079,65.12158203125,518,294,0,518
scene-0523_CAM_FRONT_4f434664_02617ba1,scene-0523,G51-B,33.74121251006442,1,374085,0.051648479110042445,0.017174033706716354,65.12158487224079,65.12158487224079,65.12158203125,518,294,0,518
scene-0523_CAM_FRONT_b61d51fa_4208e998,scene-0523,G51-B,29.384597905124657,1,403116,0.052070210426625074,0.04695649493762357,65.12158487224079,65.12158487224079,65.12158203125,518,294,0,518
scene-0523_CAM_FRONT_119423a8_bbec622b,scene-0523,G51-B,22.63447713285229,1,470073,0.04327982495085214,0.016434582751449326,65.12158487224079,65.12158487224079,65.12158203125,518,294,0,518
scene-0523_CAM_FRONT_46aa63cc_0a653a0a,scene-0523,G51-B,23.167371553884706,1,428823,0.046619097362511575,0.026385742071346207,65.12158487224079,65.12158487224079,65.12158203125,518,294,0,518
scene-0523_CAM_FRONT_c96330c0_9b22047a,scene-0523,G51-B,27.972351164730593,1,471971,0.060550391668730885,0.013373163128229369,65.12158487224079,65.12158487224079,65.12158203125,518,294,0,518
scene-0524_CAM_FRONT_89c92049_6f52dcbe,scene-0524,G51-B,26.536020386568854,1,432947,0.04388795239530818,0.01558188993423988,65.12158487224079,65.12158487224079,65.12158203125,518,294,0,518
scene-0524_CAM_FRONT_cfa4ed9e_e9026a37,scene-0524,G51-B,26.6313831606724,1,530221,0.05129213605660787,0.020011739982709564,65.12158487224079,65.12158487224079,65.12158203125,518,294,0,518
scene-0524_CAM_FRONT_1c9b06a4_94d4b003,scene-0524,G51-B,24.83108237355025,1,429854,0.04338579449821478,0.017710959240621948,65.12158487224079,65.12158487224079,65.12158203125,518,294,0,518
scene-0524_CAM_FRONT_d7da6ee9_2483f870,scene-0524,G51-B,29.35119791666667,1,417585,0.05614426798652028,0.01898807229377471,65.12158487224079,65.12158487224079,65.12158203125,518,294,0,518
scene-0524_CAM_FRONT_bd55e82c_6b300f08,scene-0524,G51-B,25.55571670937737,1,469392,0.036835290455626835,0.01903500155960918,65.12158487224079,65.12158487224079,65.12158203125,518,294,0,518
scene-0524_CAM_FRONT_b0f8d0ae_047d2592,scene-0524,G51-B,23.71020273061899,1,477520,0.036387450432904256,0.01596966434441088,65.12158487224079,65.12158487224079,65.12158203125,518,294,0,518
scene-0524_CAM_FRONT_77b97456_dfa48a63,scene-0524,G51-B,25.68714118952848,1,496388,0.04024506617173418,0.018909373778517966,65.12158487224079,65.12158487224079,65.12158203125,518,294,0,518
scene-0524_CAM_FRONT_91491728_77a61ed5,scene-0524,G51-B,25.181569833294603,1,497929,0.04643054397078972,0.024097319020283597,65.12158487224079,65.12158487224079,65.12158203125,518,294,0,518
scene-0552_CAM_FRONT_5b905269_509430f5,scene-0552,G51-B,18.851546291493772,1,417148,0.0636947851412677,0.026129763777310328,65.12158487224079,65.12158487224079,65.12158203125,518,294,0,518
scene-0552_CAM_FRONT_fb51300f_c735e5f2,scene-0552,G51-B,16.180405291064982,1,297835,0.06448711177857724,0.027374944903267646,65.12158487224079,65.12158487224079,65.12158203125,518,294,0,518
scene-0552_CAM_FRONT_bc73130b_2e70460e,scene-0552,G51-B,26.27937009729014,1,283122,0.08452759498767737,0.012152773489342721,65.12158487224079,65.12158487224079,65.12158203125,518,294,0,518
scene-0552_CAM_FRONT_f7480019_8b763668,scene-0552,G51-B,26.56824966755319,1,283668,0.07512048074781275,0.017584023206557574,65.12158487224079,65.12158487224079,65.12158203125,518,294,0,518
scene-0552_CAM_FRONT_28d95d22_75bde66b,scene-0552,G51-B,28.186569940476193,1,503987,0.07023689255332943,0.016225222906499522,65.12158487224079,65.12158487224079,65.12158203125,518,294,0,518
scene-0552_CAM_FRONT_bffcf51d_bf6ce332,scene-0552,G51-B,21.374798889726346,1,599231,0.05395570424562468,0.026302962706028478,65.12158487224079,65.12158487224079,65.12158203125,518,294,0,518
scene-0552_CAM_FRONT_7c25767f_5ef15615,scene-0552,G51-B,17.34243822247257,1,453278,0.04417318372338297,0.0268022216757167,65.12158487224079,65.12158487224079,65.12158203125,518,294,0,518
scene-0552_CAM_FRONT_770abd0f_e9df1bab,scene-0552,G51-B,23.55623562331688,1,452185,0.03188605313847992,0.014674347362278697,65.12158487224079,65.12158487224079,65.12158203125,518,294,0,518
scene-0553_CAM_FRONT_8687ba92_2021b6b3,scene-0553,G51-B,24.52411041259765,1,308809,0.024292674151696225,0.027519585865954193,65.12158487224079,65.12158487224079,65.12158203125,518,294,0,518
scene-0553_CAM_FRONT_7315022f_82597244,scene-0553,G51-B,21.011429154380792,1,331586,0.03795694695277141,0.03980098796865361,65.12158487224079,65.12158487224079,65.12158203125,518,294,0,518
scene-0553_CAM_FRONT_8bf071b1_d7bea9a3,scene-0553,G51-B,17.094450176886788,1,339342,0.02563662382693277,0.0179457559228852,65.12158487224079,65.12158487224079,65.12158203125,518,294,0,518
scene-0553_CAM_FRONT_3ffc4360_4ae9c033,scene-0553,G51-B,16.48371010638298,1,299054,0.020810828809594506,0.01943119821575436,65.12158487224079,65.12158487224079,65.12158203125,518,294,0,518
scene-0553_CAM_FRONT_ecd49e3c_a572dd2e,scene-0553,G51-B,15.283625496908124,1,287358,0.023947578490471022,0.010504955131172625,65.12158487224079,65.12158487224079,65.12158203125,518,294,0,518
scene-0553_CAM_FRONT_313a60af_3a064c48,scene-0553,G51-B,14.540717883843907,1,282362,0.022885974635434403,0.014640940426666235,65.12158487224079,65.12158487224079,65.12158203125,518,294,0,518
scene-0553_CAM_FRONT_d3c0bbf9_c143943f,scene-0553,G51-B,20.029032371076237,1,320751,0.01895457558941427,0.015934006683839288,65.12158487224079,65.12158487224079,65.12158203125,518,294,0,518
scene-0553_CAM_FRONT_47188ae2_739b1293,scene-0553,G51-B,22.844768578878757,1,324652,0.023785048734760617,0.020656087673818643,65.12158487224079,65.12158487224079,65.12158203125,518,294,0,518
scene-0554_CAM_FRONT_e0b85d62_35264745,scene-0554,G51-B,24.402848657922164,1,322671,0.019361707107620862,0.009310580518093097,65.12158487224079,65.12158487224079,65.12158203125,518,294,0,518
scene-0554_CAM_FRONT_1144cb46_704f3a80,scene-0554,G51-B,24.573266334818857,1,317700,0.020786770381969077,0.009908931479726345,65.12158487224079,65.12158487224079,65.12158203125,518,294,0,518
scene-0554_CAM_FRONT_551d1fdf_5dbe8245,scene-0554,G51-B,24.1879829765908,1,315763,0.017510761613610093,0.0038848134919001825,65.12158487224079,65.12158487224079,65.12158203125,518,294,0,518
scene-0554_CAM_FRONT_7690202f_52679177,scene-0554,G51-B,24.136590279432802,1,321479,0.018339703482325387,0.00682586151806015,65.12158487224079,65.12158487224079,65.12158203125,518,294,0,518
scene-0554_CAM_FRONT_1263172d_587805aa,scene-0554,G51-B,22.650876413202038,1,325129,0.018343825348513754,0.014084022576411313,65.12158487224079,65.12158487224079,65.12158203125,518,294,0,518
scene-0554_CAM_FRONT_376e84a4_31f09d84,scene-0554,G51-B,22.23217629543222,1,316408,0.01761300166837687,0.015043801987889837,65.12158487224079,65.12158487224079,65.12158203125,518,294,0,518
scene-0554_CAM_FRONT_44428816_6e0fe77b,scene-0554,G51-B,25.701901565995524,1,309850,0.014880926669919692,0.008181445741539235,65.12158487224079,65.12158487224079,65.12158203125,518,294,0,518
scene-0554_CAM_FRONT_1df35500_b61f49a7,scene-0554,G51-B,25.19147705204557,1,305989,0.01528762110465065,0.0022621133169466795,65.12158487224079,65.12158487224079,65.12158203125,518,294,0,518
scene-0555_CAM_FRONT_12a42a64_bf8b54d2,scene-0555,G51-B,23.062649760383387,1,293754,0.020183862832396704,0.018142297804051532,65.12158487224079,65.12158487224079,65.12158203125,518,294,0,518
scene-0555_CAM_FRONT_4b0caf61_f546013d,scene-0555,G51-B,30.109792442519435,1,285016,0.04700069440918275,0.04672508749469932,65.12158487224079,65.12158487224079,65.12158203125,518,294,0,518
scene-0555_CAM_FRONT_c7a8c960_b6aa15f5,scene-0555,G51-B,34.34128109622745,1,289748,0.02316782484164359,0.015807253086920887,65.12158487224079,65.12158487224079,65.12158203125,518,294,0,518
scene-0555_CAM_FRONT_46395439_4967dbb7,scene-0555,G51-B,28.58149259868421,1,311090,0.03508036954620164,0.03118208453243785,65.12158487224079,65.12158487224079,65.12158203125,518,294,0,518
scene-0555_CAM_FRONT_d1a6bacb_577babc0,scene-0555,G51-B,25.66305419455068,1,276118,0.02532514254177598,0.017579844126934988,65.12158487224079,65.12158487224079,65.12158203125,518,294,0,518
scene-0555_CAM_FRONT_48d6941a_e1101eae,scene-0555,G51-B,27.269868506878556,1,336243,0.030452431932884938,0.019290687153445087,65.12158487224079,65.12158487224079,65.12158203125,518,294,0,518
scene-0555_CAM_FRONT_ab76b514_99235b3a,scene-0555,G51-B,24.904773246951226,1,352915,0.01995541920566568,0.011244518877735223,65.12158487224079,65.12158487224079,65.12158203125,518,294,0,518
scene-0555_CAM_FRONT_eeca7e4b_6fc2d998,scene-0555,G51-B,25.695950411952783,1,336783,0.035347967144971015,0.01407048523663947,65.12158487224079,65.12158487224079,65.12158203125,518,294,0,518
scene-0556_CAM_FRONT_17e6f41d_22ab3af7,scene-0556,G51-B,26.756811158100184,1,509959,0.03374580398261928,0.01066123104020945,65.12158487224079,65.12158487224079,65.12158203125,518,294,0,518
scene-0556_CAM_FRONT_e58ab79e_2b9bd710,scene-0556,G51-B,24.405855948464914,1,602706,0.031075673255568148,0.012835289623310467,65.12158487224079,65.12158487224079,65.12158203125,518,294,0,518
scene-0556_CAM_FRONT_93323e6a_54af38c2,scene-0556,G51-B,18.461864127569843,1,659287,0.017553179632028737,0.0149607789167194,65.12158487224079,65.12158487224079,65.12158203125,518,294,0,518
scene-0556_CAM_FRONT_c9bcbb76_81c86fee,scene-0556,G51-B,20.39123772032665,1,633524,0.039505090647679264,0.030738210199732854,65.12158487224079,65.12158487224079,65.12158203125,518,294,0,518
scene-0556_CAM_FRONT_336a6e0b_e0ae88cc,scene-0556,G51-B,20.470639315518465,1,575028,0.03774452790199989,0.027763331209840876,65.12158487224079,65.12158487224079,65.12158203125,518,294,0,518
scene-0556_CAM_FRONT_3e0f93ea_ccfecd57,scene-0556,G51-B,17.83817703029531,1,553380,0.053902483858258465,0.014567986285002884,65.12158487224079,65.12158487224079,65.12158203125,518,294,0,518
scene-0556_CAM_FRONT_51f360a3_809dc18a,scene-0556,G51-B,15.797157073494185,1,505874,0.04092170780052573,0.012834288039231192,65.12158487224079,65.12158487224079,65.12158203125,518,294,0,518
scene-0556_CAM_FRONT_e991851a_15db51ec,scene-0556,G51-B,14.698614419843047,1,413609,0.036516676288713246,0.011308958103636428,65.12158487224079,65.12158487224079,65.12158203125,518,294,0,518
scene-0557_CAM_FRONT_6cb74a87_149a7945,scene-0557,G51-B,22.85722040352752,1,626924,0.02796356605101269,0.016277768376418835,65.12158487224079,65.12158487224079,65.12158203125,518,294,0,518
scene-0557_CAM_FRONT_0fb30231_a9172ca1,scene-0557,G51-B,23.235280017219793,1,606357,0.036752045179747395,0.012635007358442439,65.12158487224079,65.12158487224079,65.12158203125,518,294,0,518
scene-0557_CAM_FRONT_208cac53_f0bd504c,scene-0557,G51-B,23.285429043404456,1,536625,0.02506747209362503,0.020904599700995407,65.12158487224079,65.12158487224079,65.12158203125,518,294,0,518
scene-0557_CAM_FRONT_56a74470_6b4baeae,scene-0557,G51-B,23.962932372905833,1,429498,0.035682850280327916,0.04997811075192374,65.12158487224079,65.12158487224079,65.12158203125,518,294,0,518
scene-0557_CAM_FRONT_f3697fc3_43d1d341,scene-0557,G51-B,34.65410738158899,1,352794,0.027230741510555045,0.017218955359751268,65.12158487224079,65.12158487224079,65.12158203125,518,294,0,518
scene-0557_CAM_FRONT_af4ba275_87a383dc,scene-0557,G51-B,29.63342780429593,1,333335,0.05072206632034382,0.012610494712231706,65.12158487224079,65.12158487224079,65.12158203125,518,294,0,518
scene-0557_CAM_FRONT_1c4e3d00_642083b2,scene-0557,G51-B,30.607190261545046,1,328586,0.05306277176654639,0.005194381804870766,65.12158487224079,65.12158487224079,65.12158203125,518,294,0,518
scene-0557_CAM_FRONT_b4accdca_3e3a8dac,scene-0557,G51-B,27.466399872448978,1,319948,0.036354193580388605,0.009874290759637033,65.12158487224079,65.12158487224079,65.12158203125,518,294,0,518
scene-0558_CAM_FRONT_b4b5e858_1bcca0ca,scene-0558,G51-B,21.669030975877202,1,352679,0.045209393856456614,0.02595260847966727,65.12158487224079,65.12158487224079,65.12158203125,518,294,0,518
scene-0558_CAM_FRONT_5471bd11_354d9848,scene-0558,G51-B,31.520877722537882,1,299708,0.05266447058773904,0.02491997357779505,65.12158487224079,65.12158487224079,65.12158203125,518,294,0,518
scene-0558_CAM_FRONT_eae74c5f_befff2eb,scene-0558,G51-B,31.54188429532577,1,556266,0.0564716486302792,0.024553719716589983,65.12158487224079,65.12158487224079,65.12158203125,518,294,0,518
scene-0558_CAM_FRONT_193eb290_50f3aba5,scene-0558,G51-B,33.36719071502058,1,338252,0.04059862542979209,0.03446863038066539,65.12158487224079,65.12158487224079,65.12158203125,518,294,0,518
scene-0558_CAM_FRONT_c4066c80_17cdd19d,scene-0558,G51-B,30.47864428783383,1,486878,0.02924916217863216,0.01209223674030526,65.12158487224079,65.12158487224079,65.12158203125,518,294,0,518
scene-0558_CAM_FRONT_bce683c6_47e1c528,scene-0558,G51-B,24.40610958677077,1,430948,0.021767832981946622,0.007442687325297495,65.12158487224079,65.12158487224079,65.12158203125,518,294,0,518
scene-0558_CAM_FRONT_85bd28ee_05687786,scene-0558,G51-B,15.639903667163068,1,327380,0.01760653749307939,0.01375556681269579,65.12158487224079,65.12158487224079,65.12158203125,518,294,0,518
scene-0558_CAM_FRONT_80be8bec_74599f5d,scene-0558,G51-B,13.34623371335505,1,199639,0.027433955298216794,0.005213608882816464,65.12158487224079,65.12158487224079,65.12158203125,518,294,0,518
scene-0559_CAM_FRONT_029af235_4ffbb895,scene-0559,G51-B,36.98419730856709,1,334757,0.02621972083531343,0.027318289830820984,65.12158487224079,65.12158487224079,65.12158203125,518,294,0,518
scene-0559_CAM_FRONT_9229caee_d61b0d89,scene-0559,G51-B,34.14167426667659,1,412076,0.04088569494684613,0.03988142852907522,65.12158487224079,65.12158487224079,65.12158203125,518,294,0,518
scene-0559_CAM_FRONT_357116a6_4454f64f,scene-0559,G51-B,33.902002007198234,1,393507,0.042694398788404975,0.017654136673594143,65.12158487224079,65.12158487224079,65.12158203125,518,294,0,518
scene-0559_CAM_FRONT_ba887e56_68df1fb2,scene-0559,G51-B,23.121470955199626,1,388431,0.06764383230124382,0.015340162142758929,65.12158487224079,65.12158487224079,65.12158203125,518,294,0,518
scene-0559_CAM_FRONT_2fdf63c9_83956bb0,scene-0559,G51-B,27.925945763956904,1,426889,0.042231467954740864,0.031685109676286946,65.12158487224079,65.12158487224079,65.12158203125,518,294,0,518
scene-0559_CAM_FRONT_f7d0d2a3_c10534ca,scene-0559,G51-B,24.97898867342597,1,473882,0.04228951803258796,0.01786505347543403,65.12158487224079,65.12158487224079,65.12158203125,518,294,0,518
scene-0559_CAM_FRONT_c6b4dc34_6939d4b4,scene-0559,G51-B,20.999228933891995,1,507188,0.04943132276857698,0.03218363093755087,65.12158487224079,65.12158487224079,65.12158203125,518,294,0,518
scene-0559_CAM_FRONT_c142d321_b83d58a6,scene-0559,G51-B,21.307709703947367,1,461866,0.04179648832434557,0.013758492564817766,65.12158487224079,65.12158487224079,65.12158203125,518,294,0,518
scene-0560_CAM_FRONT_5c558d97_a4060a0e,scene-0560,G51-B,19.023758483125462,1,512675,0.04588754190912114,0.011456180187614148,65.12158487224079,65.12158487224079,65.12158203125,518,294,0,518
scene-0560_CAM_FRONT_ecba6710_99d384fe,scene-0560,G51-B,20.42497824428974,1,428300,0.041471000496491106,0.039496441360469786,65.12158487224079,65.12158487224079,65.12158203125,518,294,0,518
scene-0560_CAM_FRONT_f779f508_91e84099,scene-0560,G51-B,28.511850618904724,1,376645,0.06177160653475955,0.026022668842380293,65.12158487224079,65.12158487224079,65.12158203125,518,294,0,518
scene-0560_CAM_FRONT_65877dfa_354b8f68,scene-0560,G51-B,25.49723739705101,1,357383,0.0437604844463122,0.00774788498168983,65.12158487224079,65.12158487224079,65.12158203125,518,294,0,518
scene-0560_CAM_FRONT_e11f179b_00bf6d20,scene-0560,G51-B,27.717942877069838,1,358979,0.06511998046613465,0.010805629542927107,65.12158487224079,65.12158487224079,65.12158203125,518,294,0,518
scene-0560_CAM_FRONT_3801084b_17c2afd5,scene-0560,G51-B,25.758510044642854,1,331380,0.051741217472187406,0.006792456369901499,65.12158487224079,65.12158487224079,65.12158203125,518,294,0,518
scene-0560_CAM_FRONT_b94fd1ca_697cc6a7,scene-0560,G51-B,25.856245877308705,1,385135,0.04671489704911869,0.011741703826900735,65.12158487224079,65.12158487224079,65.12158203125,518,294,0,518
scene-0560_CAM_FRONT_89c5cbeb_f457a12f,scene-0560,G51-B,20.338685175851253,1,385773,0.04257720954175559,0.02362853308831019,65.12158487224079,65.12158487224079,65.12158203125,518,294,0,518
scene-0561_CAM_FRONT_9eebbe06_25f8552b,scene-0561,G51-B,28.940674651996627,1,354088,0.07141987383946957,0.008870768250529276,65.12158487224079,65.12158487224079,65.12158203125,518,294,0,518
scene-0561_CAM_FRONT_d3087b20_12f0d5cf,scene-0561,G51-B,28.609584434948346,1,352906,0.07428731331444927,0.00962619432500588,65.12158487224079,65.12158487224079,65.12158203125,518,294,0,518
scene-0561_CAM_FRONT_cefdde03_781696f7,scene-0561,G51-B,27.21722986443381,1,344387,0.05336704745294529,0.0057805860899945915,65.12158487224079,65.12158487224079,65.12158203125,518,294,0,518
scene-0561_CAM_FRONT_b9c1ea3e_8a51ed03,scene-0561,G51-B,28.991162455673766,1,326585,0.07019684060606268,0.024188428703876105,65.12158487224079,65.12158487224079,65.12158203125,518,294,0,518
scene-0561_CAM_FRONT_85196a97_778c13dd,scene-0561,G51-B,30.091810412728424,1,324374,0.0714514020447643,0.006528658384891825,65.12158487224079,65.12158487224079,65.12158203125,518,294,0,518
scene-0561_CAM_FRONT_4c9fcbb0_3f3cf325,scene-0561,G51-B,26.57340716019417,1,409018,0.08340503983652159,0.030124183158697436,65.12158487224079,65.12158487224079,65.12158203125,518,294,0,518
scene-0561_CAM_FRONT_e7956e3f_67aad7ad,scene-0561,G51-B,26.637372128499646,1,501010,0.08181631417312629,0.03609054747185736,65.12158487224079,65.12158487224079,65.12158203125,518,294,0,518
scene-0561_CAM_FRONT_33acbf66_79df0c60,scene-0561,G51-B,25.77268346335268,1,510816,0.0867421595785165,0.02791679483189193,65.12158487224079,65.12158487224079,65.12158203125,518,294,0,518
scene-0562_CAM_FRONT_e493c692_c79d5105,scene-0562,G51-B,26.726238789627367,1,409079,0.03770140094028207,0.01204471210906092,65.12158487224079,65.12158487224079,65.12158203125,518,294,0,518
scene-0562_CAM_FRONT_1a4601bb_b6fd3363,scene-0562,G51-B,25.40136455525606,1,481587,0.04798103545783583,0.016737382588076694,65.12158487224079,65.12158487224079,65.12158203125,518,294,0,518
scene-0562_CAM_FRONT_aa4dc9c8_ef8800a2,scene-0562,G51-B,23.94126499720982,1,513980,0.0493194100384704,0.012993614964455731,65.12158487224079,65.12158487224079,65.12158203125,518,294,0,518
scene-0562_CAM_FRONT_8c31c49f_964b2b96,scene-0562,G51-B,27.141194205364293,1,553307,0.054491467122440795,0.021750743912791057,65.12158487224079,65.12158487224079,65.12158203125,518,294,0,518
scene-0562_CAM_FRONT_be83af41_c34e3ca7,scene-0562,G51-B,24.03864554073034,1,590860,0.033056590990192314,0.026171841706389257,65.12158487224079,65.12158487224079,65.12158203125,518,294,0,518
scene-0562_CAM_FRONT_3013736d_1c325d22,scene-0562,G51-B,24.70467162316048,1,514494,0.05041474538944524,0.01733603660401634,65.12158487224079,65.12158487224079,65.12158203125,518,294,0,518
scene-0562_CAM_FRONT_08b2887d_c0fbf404,scene-0562,G51-B,22.410586262719697,1,405924,0.024206438757193416,0.00963979708927351,65.12158487224079,65.12158487224079,65.12158203125,518,294,0,518
scene-0562_CAM_FRONT_cace7b0c_56b65b67,scene-0562,G51-B,17.208760565872744,1,411755,0.02553555462793744,0.008533291825750003,65.12158487224079,65.12158487224079,65.12158203125,518,294,0,518
scene-0563_CAM_FRONT_970f41b6_95f02301,scene-0563,G51-B,11.301805699035812,1,336696,0.0313664679755874,0.012155243780647453,65.12158487224079,65.12158487224079,65.12158203125,518,294,0,518
scene-0563_CAM_FRONT_ac7e7a21_3244a7f0,scene-0563,G51-B,11.703443294336532,1,412087,0.0390739804242588,0.014972374020641317,65.12158487224079,65.12158487224079,65.12158203125,518,294,0,518
scene-0563_CAM_FRONT_d036b91e_069b2210,scene-0563,G51-B,17.65707696143617,1,560209,0.03681957749005482,0.014038453781706537,65.12158487224079,65.12158487224079,65.12158203125,518,294,0,518
scene-0563_CAM_FRONT_cc6d0652_535df957,scene-0563,G51-B,18.036235538336747,1,437817,0.06534853612341252,0.012909541363037453,65.12158487224079,65.12158487224079,65.12158203125,518,294,0,518
scene-0563_CAM_FRONT_8c4f9b0b_0645e15d,scene-0563,G51-B,10.125350804004851,1,498796,0.02949623581193861,0.021717485452420138,65.12158487224079,65.12158487224079,65.12158203125,518,294,0,518
scene-0563_CAM_FRONT_a9bc05c8_119fb420,scene-0563,G51-B,7.364283009719317,1,391264,0.021093485734827833,0.009659402415813097,65.12158487224079,65.12158487224079,65.12158203125,518,294,0,518
scene-0563_CAM_FRONT_31365e10_5e1b0501,scene-0563,G51-B,7.754170843160377,1,378507,0.01926865362576846,0.006549182666461488,65.12158487224079,65.12158487224079,65.12158203125,518,294,0,518
scene-0563_CAM_FRONT_9a1930f3_23483c4b,scene-0563,G51-B,7.677120376955903,1,376559,0.02178412996700363,0.0076503042972018535,65.12158487224079,65.12158487224079,65.12158203125,518,294,0,518
scene-0564_CAM_FRONT_3b86f821_1706522f,scene-0564,G51-B,10.306347284933462,1,269189,0.028473057525339573,0.017062009816898975,65.12158487224079,65.12158487224079,65.12158203125,518,294,0,518
scene-0564_CAM_FRONT_6bfa0827_215d8576,scene-0564,G51-B,7.725663490265999,1,418386,0.058733177485785326,0.020959194863697017,65.12158487224079,65.12158487224079,65.12158203125,518,294,0,518
scene-0564_CAM_FRONT_1afd654c_e92b0dc7,scene-0564,G51-B,7.171548032407409,1,338789,0.02229292864108401,0.007137590244054626,65.12158487224079,65.12158487224079,65.12158203125,518,294,0,518
scene-0564_CAM_FRONT_5eeaeb68_e786b718,scene-0564,G51-B,8.963319745893772,1,386335,0.03545872547091866,0.04972728079434143,65.12158487224079,65.12158487224079,65.12158203125,518,294,0,518
scene-0564_CAM_FRONT_0e6efc71_0fd26c83,scene-0564,G51-B,11.999466134144969,1,109845,0.027473231342976412,0.029883492189853277,65.12158487224079,65.12158487224079,65.12158203125,518,294,0,518
scene-0564_CAM_FRONT_be8a7d17_60295bae,scene-0564,G51-B,16.395423228346452,1,442492,0.05158549678888269,0.020763847461444395,65.12158487224079,65.12158487224079,65.12158203125,518,294,0,518
scene-0564_CAM_FRONT_516b9a77_71054721,scene-0564,G51-B,18.87075116065855,1,390612,0.03951582726311531,0.009295782950797044,65.12158487224079,65.12158487224079,65.12158203125,518,294,0,518
scene-0564_CAM_FRONT_bffaafdc_a0214502,scene-0564,G51-B,23.888292910447763,1,399562,0.04858402076799262,0.013387728673769486,65.12158487224079,65.12158487224079,65.12158203125,518,294,0,518
scene-0565_CAM_FRONT_f0c47597_e7bc8aeb,scene-0565,G51-B,28.52087883364312,1,534102,0.04219350057244875,0.02494530949575775,65.12158487224079,65.12158487224079,65.12158203125,518,294,0,518
scene-0565_CAM_FRONT_4f384135_4c81b06a,scene-0565,G51-B,20.84943699261033,1,438935,0.05137977494398838,0.03634028583805872,65.12158487224079,65.12158487224079,65.12158203125,518,294,0,518
scene-0565_CAM_FRONT_17d4c421_c80365ff,scene-0565,G51-B,23.79879616171404,1,423112,0.0444665873558896,0.03255341836625203,65.12158487224079,65.12158487224079,65.12158203125,518,294,0,518
scene-0565_CAM_FRONT_b727a687_28d07d72,scene-0565,G51-B,27.293659803991957,1,423901,0.05095578005202617,0.02099022664989781,65.12158487224079,65.12158487224079,65.12158203125,518,294,0,518
scene-0565_CAM_FRONT_05527b6d_0de33421,scene-0565,G51-B,27.25260416666666,1,403539,0.052631450981002637,0.03141241554836082,65.12158487224079,65.12158487224079,65.12158203125,518,294,0,518
scene-0565_CAM_FRONT_cffde5b9_f466f4f3,scene-0565,G51-B,25.741339062500003,1,356142,0.02439964143593909,0.007315442695370217,65.12158487224079,65.12158487224079,65.12158203125,518,294,0,518
scene-0565_CAM_FRONT_74367914_7afa9d66,scene-0565,G51-B,18.535659523630347,1,377400,0.018944979594006872,0.009151418984561864,65.12158487224079,65.12158487224079,65.12158203125,518,294,0,518
scene-0565_CAM_FRONT_797b8557_cfebd965,scene-0565,G51-B,13.057355657941596,1,281442,0.02391048958598696,0.0157560573768856,65.12158487224079,65.12158487224079,65.12158203125,518,294,0,518
scene-0625_CAM_FRONT_67d2d740_5bc6ae14,scene-0625,G51-B,29.830368716185742,1,504687,0.08465803710382502,0.01387129278335903,65.12158487224079,65.12158487224079,65.12158203125,518,294,0,518
scene-0625_CAM_FRONT_a08cf86f_84a3ca70,scene-0625,G51-B,29.779186358667697,1,503570,0.0843571792365283,0.008953771393687783,65.12158487224079,65.12158487224079,65.12158203125,518,294,0,518
scene-0625_CAM_FRONT_98fc274c_656ec137,scene-0625,G51-B,33.53792094748858,1,489254,0.10259195720151637,0.0410342936897694,65.12158487224079,65.12158487224079,65.12158203125,518,294,0,518
scene-0625_CAM_FRONT_823fda8d_d48ee866,scene-0625,G51-B,36.516448670814476,1,531179,0.11961065853476827,0.023318423323804013,65.12158487224079,65.12158487224079,65.12158203125,518,294,0,518
scene-0625_CAM_FRONT_668349dd_0466f571,scene-0625,G51-B,31.163932575654297,1,470556,0.07318684712293688,0.019197957169233157,65.12158487224079,65.12158487224079,65.12158203125,518,294,0,518
scene-0625_CAM_FRONT_9fc4f152_f086b86d,scene-0625,G51-B,29.504369934538655,1,389480,0.06236047879913076,0.011633970407189203,65.12158487224079,65.12158487224079,65.12158203125,518,294,0,518
scene-0625_CAM_FRONT_6fde33ad_399de82a,scene-0625,G51-B,32.21499052267847,1,347533,0.07068979776786666,0.02617753952842922,65.12158487224079,65.12158487224079,65.12158203125,518,294,0,518
scene-0625_CAM_FRONT_c6c21506_8d61756d,scene-0625,G51-B,48.20693150226524,1,317416,0.09299176367404227,0.025271966237995776,65.12158487224079,65.12158487224079,65.12158203125,518,294,0,518
scene-0626_CAM_FRONT_57f23d2f_addf60d7,scene-0626,G51-B,33.86609365710462,1,327034,0.062421871050716726,0.022931836810644656,65.12158487224079,65.12158487224079,65.12158203125,518,294,0,518
scene-0626_CAM_FRONT_e912736e_4272663b,scene-0626,G51-B,31.235610949209,1,343870,0.05688542256676987,0.025674402633211676,65.12158487224079,65.12158487224079,65.12158203125,518,294,0,518
scene-0626_CAM_FRONT_a35e04cb_271d30b5,scene-0626,G51-B,22.571717990275523,1,379604,0.06264224122674067,0.021085384242034343,65.12158487224079,65.12158487224079,65.12158203125,518,294,0,518
scene-0626_CAM_FRONT_9e9a96e8_8b823546,scene-0626,G51-B,28.175930972760554,1,371764,0.07202986008184542,0.018104048060836497,65.12158487224079,65.12158487224079,65.12158203125,518,294,0,518
scene-0626_CAM_FRONT_7e3b2e21_1d4e275d,scene-0626,G51-B,24.248886888259406,1,359157,0.0526097120037492,0.01642882008782394,65.12158487224079,65.12158487224079,65.12158203125,518,294,0,518
scene-0626_CAM_FRONT_340a5f3d_bb08ec78,scene-0626,G51-B,21.67434589460784,1,309181,0.03125650412017622,0.03222787900759797,65.12158487224079,65.12158487224079,65.12158203125,518,294,0,518
scene-0626_CAM_FRONT_945de6d3_21658dc6,scene-0626,G51-B,16.7112777789022,1,279513,0.02049379336092283,0.017746743131448254,65.12158487224079,65.12158487224079,65.12158203125,518,294,0,518
scene-0626_CAM_FRONT_73aabbd3_b822fb7e,scene-0626,G51-B,21.94462537650602,1,287769,0.032730330729110246,0.010735249075437903,65.12158487224079,65.12158487224079,65.12158203125,518,294,0,518
scene-0627_CAM_FRONT_0fae8aae_6a692a42,scene-0627,G51-B,24.573192318418453,1,322702,0.055527625625455546,0.049194072541854754,65.12158487224079,65.12158487224079,65.12158203125,518,294,0,518
scene-0627_CAM_FRONT_a027c6b2_35ef5018,scene-0627,G51-B,21.406195536405882,1,309653,0.05007936599609808,0.02997318524915628,65.12158487224079,65.12158487224079,65.12158203125,518,294,0,518
scene-0627_CAM_FRONT_0775bcc7_15431766,scene-0627,G51-B,26.75991007800462,1,340897,0.0460963131028862,0.029519256653724946,65.12158487224079,65.12158487224079,65.12158203125,518,294,0,518
scene-0627_CAM_FRONT_822fba03_907d8111,scene-0627,G51-B,30.306957614037294,1,398609,0.061396673628860476,0.01919400615874631,65.12158487224079,65.12158487224079,65.12158203125,518,294,0,518
scene-0627_CAM_FRONT_221c593d_178c06a2,scene-0627,G51-B,25.77629935930963,1,461677,0.04667251457270716,0.016261736927602216,65.12158487224079,65.12158487224079,65.12158203125,518,294,0,518
scene-0627_CAM_FRONT_9d7f6bb3_fec53f7e,scene-0627,G51-B,24.104174325980388,1,420689,0.04496306488753499,0.008864853530376353,65.12158487224079,65.12158487224079,65.12158203125,518,294,0,518
scene-0627_CAM_FRONT_c8f0119b_5b3ffd92,scene-0627,G51-B,24.0118797412817,1,333217,0.04622552414462744,0.008637242784942444,65.12158487224079,65.12158487224079,65.12158203125,518,294,0,518
scene-0627_CAM_FRONT_976b8171_3f5fd35a,scene-0627,G51-B,29.71733676321139,1,306068,0.04345848391994367,0.0224524293757761,65.12158487224079,65.12158487224079,65.12158203125,518,294,0,518
scene-0629_CAM_FRONT_14384b3c_9e545368,scene-0629,G51-B,24.623477359693887,1,503426,0.08370550952157174,0.023089050031390897,65.12158487224079,65.12158487224079,65.12158203125,518,294,0,518
scene-0629_CAM_FRONT_e8a68d57_d4b3a585,scene-0629,G51-B,29.341008003048778,1,381254,0.07921523105683348,0.02074358581291294,65.12158487224079,65.12158487224079,65.12158203125,518,294,0,518
scene-0629_CAM_FRONT_729eba60_ac004b46,scene-0629,G51-B,26.948695880289787,1,280302,0.060630883859720486,0.024237818838327905,65.12158487224079,65.12158487224079,65.12158203125,518,294,0,518
scene-0629_CAM_FRONT_fac8be41_bdbc78ad,scene-0629,G51-B,24.78749918577384,1,211925,0.0539528954619195,0.02357554584387709,65.12158487224079,65.12158487224079,65.12158203125,518,294,0,518
scene-0629_CAM_FRONT_5cc2771d_c49f9510,scene-0629,G51-B,35.41334123628885,1,261784,0.039558502004754414,0.025606099799162427,65.12158487224079,65.12158487224079,65.12158203125,518,294,0,518
scene-0629_CAM_FRONT_e5880a58_dedec800,scene-0629,G51-B,42.47271612682483,1,258469,0.042822656366588774,0.022839871651346325,65.12158487224079,65.12158487224079,65.12158203125,518,294,0,518
scene-0629_CAM_FRONT_598577bb_5773ef9b,scene-0629,G51-B,32.9351094789357,1,337500,0.04639607056346895,0.034923335290683546,65.12158487224079,65.12158487224079,65.12158203125,518,294,0,518
scene-0629_CAM_FRONT_66a72398_a15bd188,scene-0629,G51-B,25.112767443086003,1,468527,0.09713096093384843,0.11796845684280745,65.12158487224079,65.12158487224079,65.12158203125,518,294,0,518
scene-0630_CAM_FRONT_6a808b09_ae9508b3,scene-0630,G51-B,26.939703893066763,1,398397,0.09571998212574018,0.032256201156117756,65.12158487224079,65.12158487224079,65.12158203125,518,294,0,518
scene-0630_CAM_FRONT_127521ab_cfabe989,scene-0630,G51-B,22.659242448586127,1,387074,0.08120340100056267,0.018460575636637257,65.12158487224079,65.12158487224079,65.12158203125,518,294,0,518
scene-0630_CAM_FRONT_10b3b796_12ef9ffe,scene-0630,G51-B,22.93007283197832,1,340838,0.05016612106071339,0.04210862286086135,65.12158487224079,65.12158487224079,65.12158203125,518,294,0,518
scene-0630_CAM_FRONT_298d59b2_72e83c66,scene-0630,G51-B,24.374014253526642,1,272890,0.04366671310880599,0.01869873239444019,65.12158487224079,65.12158487224079,65.12158203125,518,294,0,518
scene-0630_CAM_FRONT_440a528d_c1a3b338,scene-0630,G51-B,26.5874205930948,1,279281,0.0508335279148846,0.025016288043732262,65.12158487224079,65.12158487224079,65.12158203125,518,294,0,518
scene-0630_CAM_FRONT_b620d468_64701483,scene-0630,G51-B,30.010626301179748,1,353882,0.04658978808028147,0.04453074824719478,65.12158487224079,65.12158487224079,65.12158203125,518,294,0,518
scene-0630_CAM_FRONT_705b8eb6_f311006d,scene-0630,G51-B,26.314005873155875,1,360096,0.04760506361643202,0.03877277268878146,65.12158487224079,65.12158487224079,65.12158203125,518,294,0,518
scene-0630_CAM_FRONT_dbb64a08_6cefb90d,scene-0630,G51-B,29.499179615693926,1,382446,0.07957164862452881,0.012179355965860946,65.12158487224079,65.12158487224079,65.12158203125,518,294,0,518
scene-0632_CAM_FRONT_78c80690_ce0b0c67,scene-0632,G51-B,34.393002717391305,1,244826,0.06487392888604115,0.05355791838708489,65.12158487224079,65.12158487224079,65.12158203125,518,294,0,518
scene-0632_CAM_FRONT_4483f3a6_fe4272b3,scene-0632,G51-B,24.061703964018484,1,363195,0.06197203384566574,0.036690836701838404,65.12158487224079,65.12158487224079,65.12158203125,518,294,0,518
scene-0632_CAM_FRONT_219ea9af_619376b3,scene-0632,G51-B,21.322802361641216,1,375673,0.05456866902237323,0.02699525774618759,65.12158487224079,65.12158487224079,65.12158203125,518,294,0,518
scene-0632_CAM_FRONT_34dbd470_62eaf35b,scene-0632,G51-B,20.546514057750763,1,498927,0.07299078503917977,0.03184813946114375,65.12158487224079,65.12158487224079,65.12158203125,518,294,0,518
scene-0632_CAM_FRONT_64aaf542_c4b8c55c,scene-0632,G51-B,16.20683172738988,1,595445,0.054154271350534966,0.03886362484187733,65.12158487224079,65.12158487224079,65.12158203125,518,294,0,518
scene-0632_CAM_FRONT_d7f6efdc_255cd0f1,scene-0632,G51-B,14.825433172550628,1,587965,0.04616824405379161,0.0438804728438035,65.12158487224079,65.12158487224079,65.12158203125,518,294,0,518
scene-0632_CAM_FRONT_b39f4a38_3b73acef,scene-0632,G51-B,18.958505794701992,1,434047,0.02685870692690573,0.015626515304472184,65.12158487224079,65.12158487224079,65.12158203125,518,294,0,518
scene-0632_CAM_FRONT_705eb635_6ac07a4e,scene-0632,G51-B,26.976345594672328,1,324168,0.05973001530864819,0.030471360078035144,65.12158487224079,65.12158487224079,65.12158203125,518,294,0,518
scene-0633_CAM_FRONT_fe5b1b2e_e762b41b,scene-0633,G51-B,30.24751155444369,1,358547,0.029412455328987175,0.015157079039736631,65.12158487224079,65.12158487224079,65.12158203125,518,294,0,518
scene-0633_CAM_FRONT_9fde5c65_22a2197b,scene-0633,G51-B,29.85744089894481,1,351982,0.03120276053434301,0.00941529273520266,65.12158487224079,65.12158487224079,65.12158203125,518,294,0,518
scene-0633_CAM_FRONT_3cd58b93_f334e3c6,scene-0633,G51-B,32.419010684860986,1,424899,0.04842697941178287,0.036037567856634804,65.12158487224079,65.12158487224079,65.12158203125,518,294,0,518
scene-0633_CAM_FRONT_5406def8_3f2c2941,scene-0633,G51-B,26.906922213753386,1,441892,0.043694301169608485,0.017523545853139498,65.12158487224079,65.12158487224079,65.12158203125,518,294,0,518
scene-0633_CAM_FRONT_21af4cef_3b17af9e,scene-0633,G51-B,26.84775904605263,1,406541,0.04348698176209531,0.023648350815796384,65.12158487224079,65.12158487224079,65.12158203125,518,294,0,518
scene-0633_CAM_FRONT_df2eb0ab_b4568c3c,scene-0633,G51-B,26.977726729314938,1,368606,0.041925102155412786,0.013273819384801135,65.12158487224079,65.12158487224079,65.12158203125,518,294,0,518
scene-0633_CAM_FRONT_c0b82f06_be997411,scene-0633,G51-B,36.2069421098207,1,317208,0.052287573313754665,0.03444937351654208,65.12158487224079,65.12158487224079,65.12158203125,518,294,0,518
scene-0633_CAM_FRONT_4269e4e8_511bbef9,scene-0633,G51-B,40.069264263188074,1,313213,0.059428154353382556,0.02607783641588288,65.12158487224079,65.12158487224079,65.12158203125,518,294,0,518
scene-0634_CAM_FRONT_3bb017b6_cb0da387,scene-0634,G51-B,39.615385724169734,1,240042,0.0330813233637981,0.013514805832932584,65.12158487224079,65.12158487224079,65.12158203125,518,294,0,518
scene-0634_CAM_FRONT_9497e9cc_ac54c36b,scene-0634,G51-B,46.51181706800581,1,318179,0.06880147750655796,0.01480386993217189,65.12158487224079,65.12158487224079,65.12158203125,518,294,0,518
scene-0634_CAM_FRONT_f3b10b3a_7955a19c,scene-0634,G51-B,26.879830513631937,1,386738,0.04359171278526208,0.031539282249911677,65.12158487224079,65.12158487224079,65.12158203125,518,294,0,518
scene-0634_CAM_FRONT_f1ad72cd_f710d323,scene-0634,G51-B,22.20872983870968,1,307573,0.045017080706989177,0.04558546422970737,65.12158487224079,65.12158487224079,65.12158203125,518,294,0,518
scene-0634_CAM_FRONT_f96a3767_475a324f,scene-0634,G51-B,27.82947340536409,1,298580,0.029141390343639495,0.016293374611102366,65.12158487224079,65.12158487224079,65.12158203125,518,294,0,518
scene-0634_CAM_FRONT_d1e063d5_0abca7b8,scene-0634,G51-B,29.430398350643657,1,279915,0.04335793382500874,0.018353289595580708,65.12158487224079,65.12158487224079,65.12158203125,518,294,0,518
scene-0634_CAM_FRONT_3334c156_f1ec5400,scene-0634,G51-B,30.13456389377935,1,244051,0.04318173332585751,0.014527247332934817,65.12158487224079,65.12158487224079,65.12158203125,518,294,0,518
scene-0634_CAM_FRONT_abaa0e0b_583aa03b,scene-0634,G51-B,23.931479542525782,1,193009,0.040823789240034714,0.012426669659085654,65.12158487224079,65.12158487224079,65.12158203125,518,294,0,518
scene-0635_CAM_FRONT_43f05ac3_b0715ea6,scene-0635,G51-B,21.898526026912187,1,151452,0.03467487257181312,0.005860405788945615,65.12158487224079,65.12158487224079,65.12158203125,518,294,0,518
scene-0635_CAM_FRONT_0c81f97d_e5a4fc27,scene-0635,G51-B,20.507491032755812,1,164358,0.03677828023954932,0.0067193134852255,65.12158487224079,65.12158487224079,65.12158203125,518,294,0,518
scene-0635_CAM_FRONT_01076466_c594b596,scene-0635,G51-B,21.11627592297174,1,179306,0.042025719502725156,0.003980662132602024,65.12158487224079,65.12158487224079,65.12158203125,518,294,0,518
scene-0635_CAM_FRONT_39ca468b_3ad79c14,scene-0635,G51-B,20.471250281193758,1,168110,0.041299837069273204,0.006350388095473465,65.12158487224079,65.12158487224079,65.12158203125,518,294,0,518
scene-0635_CAM_FRONT_4c9136c0_e55fea30,scene-0635,G51-B,20.649566766781085,1,172853,0.0380310416615246,0.007665581565392623,65.12158487224079,65.12158487224079,65.12158203125,518,294,0,518
scene-0635_CAM_FRONT_b8d19bb7_135678a1,scene-0635,G51-B,22.30398914425873,1,171456,0.036743971365000405,0.008523560057330895,65.12158487224079,65.12158487224079,65.12158203125,518,294,0,518
scene-0635_CAM_FRONT_e553a1df_741476cb,scene-0635,G51-B,20.742511409344054,1,156381,0.032888579056334244,0.007673761284778004,65.12158487224079,65.12158487224079,65.12158203125,518,294,0,518
scene-0635_CAM_FRONT_7057a04d_b8f4bec2,scene-0635,G51-B,18.795922792638773,1,149503,0.03549097428829917,0.008662802466793214,65.12158487224079,65.12158487224079,65.12158203125,518,294,0,518
scene-0636_CAM_FRONT_3ac231a1_925af658,scene-0636,G51-B,25.799893820786146,1,405746,0.03721177644579665,0.020418221735773352,65.12158487224079,65.12158487224079,65.12158203125,518,294,0,518
scene-0636_CAM_FRONT_f3501361_a1165ef3,scene-0636,G51-B,24.819096285471623,1,449998,0.08042655826663903,0.01714669874449433,65.12158487224079,65.12158487224079,65.12158203125,518,294,0,518
scene-0636_CAM_FRONT_52d62696_d98b25de,scene-0636,G51-B,22.824649119506326,1,636971,0.0781521990184455,0.03507592425129601,65.12158487224079,65.12158487224079,65.12158203125,518,294,0,518
scene-0636_CAM_FRONT_98e1aaf2_52c9f322,scene-0636,G51-B,23.15190826477502,1,614630,0.12107875032711002,0.011794657018432506,65.12158487224079,65.12158487224079,65.12158203125,518,294,0,518
scene-0636_CAM_FRONT_c64a7057_0d28a80a,scene-0636,G51-B,23.275165508319812,1,611884,0.08636203346172966,0.09948937414198995,65.12158487224079,65.12158487224079,65.12158203125,518,294,0,518
scene-0636_CAM_FRONT_73d95c15_01ec0ffb,scene-0636,G51-B,25.337890624999996,1,552300,0.0706281307917489,0.058465204854962226,65.12158487224079,65.12158487224079,65.12158203125,518,294,0,518
scene-0636_CAM_FRONT_0c9652d8_6d6d1ee8,scene-0636,G51-B,33.65138377689695,1,410213,0.03708969336103696,0.015691323445487248,65.12158487224079,65.12158487224079,65.12158203125,518,294,0,518
scene-0636_CAM_FRONT_7c81ac95_378d5e91,scene-0636,G51-B,35.942456317204304,1,419220,0.04589770303579255,0.016357196752461438,65.12158487224079,65.12158487224079,65.12158203125,518,294,0,518
scene-0637_CAM_FRONT_8b77b8e2_26a15512,scene-0637,G51-B,34.916001437651325,1,459128,0.0649305031885723,0.013864390804208832,65.12158487224079,65.12158487224079,65.12158203125,518,294,0,518
scene-0637_CAM_FRONT_34aff80f_b3c0d188,scene-0637,G51-B,43.168657011480796,1,503262,0.07481863247221754,0.03614877923326936,65.12158487224079,65.12158487224079,65.12158203125,518,294,0,518
scene-0637_CAM_FRONT_dcbda46c_d413774b,scene-0637,G51-B,41.76660210533629,1,460477,0.07531861677070628,0.02706089779409276,65.12158487224079,65.12158487224079,65.12158203125,518,294,0,518
scene-0637_CAM_FRONT_c6b4a9f6_a6c7d30b,scene-0637,G51-B,38.697498188883024,1,391492,0.04857742172390189,0.03230093527746074,65.12158487224079,65.12158487224079,65.12158203125,518,294,0,518
scene-0637_CAM_FRONT_c0da6ecb_cae3569b,scene-0637,G51-B,60.25770011780753,1,382255,0.05742974666411982,0.026776703258008922,65.12158487224079,65.12158487224079,65.12158203125,518,294,0,518
scene-0637_CAM_FRONT_5bebe37b_6f1d27de,scene-0637,G51-B,63.349263698630125,1,330847,0.08830520532940067,0.09558353640900266,65.12158487224079,65.12158487224079,65.12158203125,518,294,0,518
scene-0637_CAM_FRONT_6df66081_a6c7ab79,scene-0637,G51-B,59.71989233193275,1,339604,0.08591724561866809,0.07785360186388206,65.12158487224079,65.12158487224079,65.12158203125,518,294,0,518
scene-0637_CAM_FRONT_16af9720_2018466d,scene-0637,G51-B,64.66468418435012,1,312508,0.06405035782474444,0.026963407793965888,65.12158487224079,65.12158487224079,65.12158203125,518,294,0,518
scene-0638_CAM_FRONT_ccd7c315_1646a03c,scene-0638,G51-B,48.202747972705694,1,270079,0.10463751815856392,0.15626123578697676,65.12158487224079,65.12158487224079,65.12158203125,518,294,0,518
scene-0638_CAM_FRONT_e9a4cb5c_148a98a0,scene-0638,G51-B,46.980769802568986,1,190318,0.09406334069653521,0.1601324971591129,65.12158487224079,65.12158487224079,65.12158203125,518,294,0,518
scene-0638_CAM_FRONT_f2efcbf8_23cc2b13,scene-0638,G51-B,35.6864191284693,1,467298,0.07798101805459878,0.07222685156216514,65.12158487224079,65.12158487224079,65.12158203125,518,294,0,518
scene-0638_CAM_FRONT_84af29b7_7e4fbe4a,scene-0638,G51-B,22.40786891679749,1,583585,0.07083125577504257,0.06092175587502523,65.12158487224079,65.12158487224079,65.12158203125,518,294,0,518
scene-0638_CAM_FRONT_0b1c4f84_bbf22539,scene-0638,G51-B,23.9409957050684,1,541363,0.03917441407774014,0.02338582059011285,65.12158487224079,65.12158487224079,65.12158203125,518,294,0,518
scene-0638_CAM_FRONT_bb0f2154_aac566f9,scene-0638,G51-B,25.040408167712684,1,560189,0.05548410667991455,0.013291995713162906,65.12158487224079,65.12158487224079,65.12158203125,518,294,0,518
scene-0638_CAM_FRONT_6918d5fa_457185e7,scene-0638,G51-B,25.850046273001734,1,593661,0.07156332633525153,0.02607002925850704,65.12158487224079,65.12158487224079,65.12158203125,518,294,0,518
scene-0638_CAM_FRONT_171a761e_784b1e9d,scene-0638,G51-B,23.83056072347807,1,613212,0.0431733622399062,0.009585533942100995,65.12158487224079,65.12158487224079,65.12158203125,518,294,0,518
scene-0770_CAM_FRONT_4cecbedd_9935b3e1,scene-0770,G51-B,17.932313410690895,1,410011,0.03135554938803686,0.0037198741446483404,65.12158487224079,65.12158487224079,65.12158203125,518,294,0,518
scene-0770_CAM_FRONT_367b4ca6_2fa2a2c2,scene-0770,G51-B,18.544676639573986,1,391767,0.0348299933061047,0.005263211777126461,65.12158487224079,65.12158487224079,65.12158203125,518,294,0,518
scene-0770_CAM_FRONT_297c5290_5881d820,scene-0770,G51-B,18.26509915865385,1,395937,0.03393737321596291,0.008989140688765909,65.12158487224079,65.12158487224079,65.12158203125,518,294,0,518
scene-0770_CAM_FRONT_bda037b6_e0286a70,scene-0770,G51-B,18.264304822123407,1,417160,0.0366237798922302,0.012195427504934301,65.12158487224079,65.12158487224079,65.12158203125,518,294,0,518
scene-0770_CAM_FRONT_b380e87c_3e2d8c16,scene-0770,G51-B,18.395744783616692,1,403113,0.03063051569915043,0.01089916259213502,65.12158487224079,65.12158487224079,65.12158203125,518,294,0,518
scene-0770_CAM_FRONT_4db81eb6_b687f913,scene-0770,G51-B,18.020491330432492,1,413890,0.04292461607547304,0.008664135425326857,65.12158487224079,65.12158487224079,65.12158203125,518,294,0,518
scene-0770_CAM_FRONT_3fe58fa3_f8685421,scene-0770,G51-B,18.094669437674096,1,387714,0.034441965523049234,0.004693746143513991,65.12158487224079,65.12158487224079,65.12158203125,518,294,0,518
scene-0770_CAM_FRONT_86bbdee8_d09375a2,scene-0770,G51-B,18.07021590030912,1,413167,0.030587111238185027,0.006777768399305524,65.12158487224079,65.12158487224079,65.12158203125,518,294,0,518
scene-0771_CAM_FRONT_5a3a15f4_e3ca1a55,scene-0771,G51-B,18.653778390786076,1,389980,0.03710143168447533,0.010065026499073702,65.12158487224079,65.12158487224079,65.12158203125,518,294,0,518
scene-0771_CAM_FRONT_f10350b3_f9adbe43,scene-0771,G51-B,18.94069818278589,1,392492,0.034270498697800855,0.0056947575563267225,65.12158487224079,65.12158487224079,65.12158203125,518,294,0,518
scene-0771_CAM_FRONT_f283d4f9_00dcc650,scene-0771,G51-B,18.85812599920064,1,415624,0.03015388970144084,0.0032009008735783646,65.12158487224079,65.12158487224079,65.12158203125,518,294,0,518
scene-0771_CAM_FRONT_8b830239_299d190b,scene-0771,G51-B,18.493949227449885,1,406845,0.04137141281935097,0.0032543395691249505,65.12158487224079,65.12158487224079,65.12158203125,518,294,0,518
scene-0771_CAM_FRONT_812bd271_7a827286,scene-0771,G51-B,18.696825333950855,1,411297,0.03666714515184211,0.005680197884358351,65.12158487224079,65.12158487224079,65.12158203125,518,294,0,518
scene-0771_CAM_FRONT_c4cf31f3_17986d8a,scene-0771,G51-B,18.564384925241455,1,399417,0.040453022855287735,0.008036606549945051,65.12158487224079,65.12158487224079,65.12158203125,518,294,0,518
scene-0771_CAM_FRONT_897c1f9d_e019f3b9,scene-0771,G51-B,18.43333906127259,1,412583,0.034589991169233336,0.003033345921705192,65.12158487224079,65.12158487224079,65.12158203125,518,294,0,518
scene-0771_CAM_FRONT_7af51b78_a6047e96,scene-0771,G51-B,18.49850921630859,1,404115,0.035337492352724986,0.004397032491638691,65.12158487224079,65.12158487224079,65.12158203125,518,294,0,518
scene-0775_CAM_FRONT_e836d062_f3730479,scene-0775,G51-B,19.02338561750214,1,397254,0.035425069134801035,0.0047872045005427225,65.12158487224079,65.12158487224079,65.12158203125,518,294,0,518
scene-0775_CAM_FRONT_2dd792df_fb64e7f0,scene-0775,G51-B,14.367932865345065,1,386156,0.038282609280847035,0.02210393520926932,65.12158487224079,65.12158487224079,65.12158203125,518,294,0,518
scene-0775_CAM_FRONT_5448c4ae_779b8b1c,scene-0775,G51-B,16.61252574804857,1,361914,0.03118448852108413,0.009369450878543503,65.12158487224079,65.12158487224079,65.12158203125,518,294,0,518
scene-0775_CAM_FRONT_afac9d74_5dd5ed25,scene-0775,G51-B,18.68286670155503,1,401083,0.04031921767763613,0.017322984086341447,65.12158487224079,65.12158487224079,65.12158203125,518,294,0,518
scene-0775_CAM_FRONT_2f2b214c_22b802fa,scene-0775,G51-B,17.49076934764992,1,382502,0.039649170367328956,0.008084049290105718,65.12158487224079,65.12158487224079,65.12158203125,518,294,0,518
scene-0775_CAM_FRONT_68417c96_b94bc826,scene-0775,G51-B,18.891179574431423,1,377502,0.04319094492561648,0.0033013708231042346,65.12158487224079,65.12158487224079,65.12158203125,518,294,0,518
scene-0775_CAM_FRONT_36a0632f_798e338f,scene-0775,G51-B,18.685920846578163,1,386784,0.04014942386747444,0.006523198867064588,65.12158487224079,65.12158487224079,65.12158203125,518,294,0,518
scene-0775_CAM_FRONT_46502e12_a7207fb3,scene-0775,G51-B,18.849442713326937,1,383487,0.032014792263589165,0.009772701001079964,65.12158487224079,65.12158487224079,65.12158203125,518,294,0,518
scene-0777_CAM_FRONT_bb100390_cbbfb7a9,scene-0777,G51-B,18.764547888751764,1,399360,0.03727461345234451,0.013650979546310936,65.12158487224079,65.12158487224079,65.12158203125,518,294,0,518
scene-0777_CAM_FRONT_9917500e_8df3eafa,scene-0777,G51-B,19.14583387541632,1,398673,0.03596623653491582,0.008149885251851332,65.12158487224079,65.12158487224079,65.12158203125,518,294,0,518
scene-0777_CAM_FRONT_e2f8a076_f5941906,scene-0777,G51-B,19.194002501266468,1,399251,0.032654014612607085,0.002127325719041278,65.12158487224079,65.12158487224079,65.12158203125,518,294,0,518
scene-0777_CAM_FRONT_6386a730_feeca927,scene-0777,G51-B,18.88595509855189,1,394049,0.03271022195927209,0.003083058550024158,65.12158487224079,65.12158487224079,65.12158203125,518,294,0,518
scene-0777_CAM_FRONT_1af66f4f_33c25b7a,scene-0777,G51-B,18.800481797570157,1,396798,0.03808005790282798,0.0034688645497439503,65.12158487224079,65.12158487224079,65.12158203125,518,294,0,518
scene-0777_CAM_FRONT_6e0c8ae1_355b7c5e,scene-0777,G51-B,19.078492030201346,1,387623,0.038477322280721094,0.007340788825815934,65.12158487224079,65.12158487224079,65.12158203125,518,294,0,518
scene-0777_CAM_FRONT_3bb8d513_7582c626,scene-0777,G51-B,18.504997797470978,1,405444,0.03811731528691742,0.0025113742195826366,65.12158487224079,65.12158487224079,65.12158203125,518,294,0,518
scene-0777_CAM_FRONT_326eab70_a8070769,scene-0777,G51-B,18.61524485153257,1,412338,0.0387296744086445,0.003778209433114391,65.12158487224079,65.12158487224079,65.12158203125,518,294,0,518
scene-0778_CAM_FRONT_485c78db_c69a8d12,scene-0778,G51-B,18.696286965372224,1,420378,0.03789320860610257,0.003254109377219219,65.12158487224079,65.12158487224079,65.12158203125,518,294,0,518
scene-0778_CAM_FRONT_7ff89b70_a95743c4,scene-0778,G51-B,18.85052604610306,1,408899,0.027834938886655447,0.014491609259764095,65.12158487224079,65.12158487224079,65.12158203125,518,294,0,518
scene-0778_CAM_FRONT_603c9225_d763ff87,scene-0778,G51-B,13.352486506570715,1,680886,0.02445092630781831,0.015935249530566707,65.12158487224079,65.12158487224079,65.12158203125,518,294,0,518
scene-0778_CAM_FRONT_263b9818_c0ffb6f6,scene-0778,G51-B,6.991402177300545,1,761460,0.009459577262991625,0.00790580116843557,65.12158487224079,65.12158487224079,65.12158203125,518,294,0,518
scene-0778_CAM_FRONT_ab5438b9_2d128c56,scene-0778,G51-B,6.705682663690475,1,761411,0.011347188567599087,0.012811995587299107,65.12158487224079,65.12158487224079,65.12158203125,518,294,0,518
scene-0778_CAM_FRONT_475eb52d_5a326a1f,scene-0778,G51-B,10.160866408076771,1,665594,0.020477435303609903,0.03347784873424194,65.12158487224079,65.12158487224079,65.12158203125,518,294,0,518
scene-0778_CAM_FRONT_ad6cb169_09b1788f,scene-0778,G51-B,21.131730509716228,1,468905,0.02968275315666169,0.010326878883251338,65.12158487224079,65.12158487224079,65.12158203125,518,294,0,518
scene-0778_CAM_FRONT_de508cce_a9e3df9e,scene-0778,G51-B,27.50958827488359,1,502990,0.045947708187532355,0.022061214430604343,65.12158487224079,65.12158487224079,65.12158203125,518,294,0,518
scene-0780_CAM_FRONT_79496091_618d34a8,scene-0780,G51-B,17.65514179122239,1,300661,0.017793518915244277,0.004845044727433166,65.12158487224079,65.12158487224079,65.12158203125,518,294,0,518
scene-0780_CAM_FRONT_a0eba88a_f5a7a188,scene-0780,G51-B,16.371966737689398,1,320666,0.02138509190078275,0.006581852363118096,65.12158487224079,65.12158487224079,65.12158203125,518,294,0,518
scene-0780_CAM_FRONT_5850f2dd_021dac45,scene-0780,G51-B,15.488289988814318,1,318736,0.01812839382418141,0.007385102060216127,65.12158487224079,65.12158487224079,65.12158203125,518,294,0,518
scene-0780_CAM_FRONT_81884f7b_7f6f982e,scene-0780,G51-B,15.923847449204942,1,315285,0.014514405343568626,0.004113100401977978,65.12158487224079,65.12158487224079,65.12158203125,518,294,0,518
scene-0780_CAM_FRONT_4c8b6c42_90493070,scene-0780,G51-B,15.960319492944699,1,330356,0.01691768370291813,0.006025959934886208,65.12158487224079,65.12158487224079,65.12158203125,518,294,0,518
scene-0780_CAM_FRONT_dcc9ee69_e5395428,scene-0780,G51-B,15.77991826526403,1,323478,0.017793382333796348,0.006935120603961393,65.12158487224079,65.12158487224079,65.12158203125,518,294,0,518
scene-0780_CAM_FRONT_32608dba_284234f5,scene-0780,G51-B,16.235371440003284,1,321404,0.019410221685306484,0.010713454618184749,65.12158487224079,65.12158487224079,65.12158203125,518,294,0,518
scene-0780_CAM_FRONT_59c6164e_9c701c34,scene-0780,G51-B,16.341267741533866,1,323264,0.0193064770462279,0.009610574489517932,65.12158487224079,65.12158487224079,65.12158203125,518,294,0,518
scene-0781_CAM_FRONT_87c3788d_d410a7a5,scene-0781,G51-B,16.006670339738516,1,325419,0.017899374368111953,0.004858320928246558,65.12158487224079,65.12158487224079,65.12158203125,518,294,0,518
scene-0781_CAM_FRONT_2a73d806_a30ed498,scene-0781,G51-B,16.282926716412096,1,321666,0.017189621142100764,0.007598517769968165,65.12158487224079,65.12158487224079,65.12158203125,518,294,0,518
scene-0781_CAM_FRONT_102fadd4_8e5cf223,scene-0781,G51-B,15.763414537584467,1,324539,0.017984494411568352,0.007635547854988035,65.12158487224079,65.12158487224079,65.12158203125,518,294,0,518
scene-0781_CAM_FRONT_eb60a132_da7af66a,scene-0781,G51-B,15.201182596637699,1,324414,0.016249732277377138,0.007858059481366926,65.12158487224079,65.12158487224079,65.12158203125,518,294,0,518
scene-0781_CAM_FRONT_1d6c7fdb_146a1aef,scene-0781,G51-B,15.033413575141779,1,319456,0.016408823904241032,0.004885136504432741,65.12158487224079,65.12158487224079,65.12158203125,518,294,0,518
scene-0781_CAM_FRONT_5cba7499_fa4fd842,scene-0781,G51-B,14.707446850024978,1,320186,0.017090331018265514,0.005598234143718385,65.12158487224079,65.12158487224079,65.12158203125,518,294,0,518
scene-0781_CAM_FRONT_9dad24d2_4df2af10,scene-0781,G51-B,15.003761355034065,1,327600,0.016716536720744024,0.005420499307309155,65.12158487224079,65.12158487224079,65.12158203125,518,294,0,518
scene-0781_CAM_FRONT_1f7c7394_d6fdf61d,scene-0781,G51-B,15.587443097933068,1,291801,0.017393120755430758,0.008137326240598887,65.12158487224079,65.12158487224079,65.12158203125,518,294,0,518
scene-0782_CAM_FRONT_9699d6a8_01411f03,scene-0782,G51-B,19.450547600298407,1,275638,0.022093539115475513,0.01165893237166088,65.12158487224079,65.12158487224079,65.12158203125,518,294,0,518
scene-0782_CAM_FRONT_b52f55ca_d2033528,scene-0782,G51-B,25.123160311242092,1,281695,0.018876274707846363,0.008857092551185716,65.12158487224079,65.12158487224079,65.12158203125,518,294,0,518
scene-0782_CAM_FRONT_962eba65_1f9b04c2,scene-0782,G51-B,38.06781627098636,1,310202,0.027718365492513053,0.028126386063492572,65.12158487224079,65.12158487224079,65.12158203125,518,294,0,518
scene-0782_CAM_FRONT_46ad54c9_9ab92b1a,scene-0782,G51-B,59.68506486646383,1,318598,0.049631202719530254,0.029826656436374513,65.12158487224079,65.12158487224079,65.12158203125,518,294,0,518
scene-0782_CAM_FRONT_a5786651_b8c807aa,scene-0782,G51-B,62.45849197990924,1,342080,0.03970613785535182,0.013930460443886355,65.12158487224079,65.12158487224079,65.12158203125,518,294,0,518
scene-0782_CAM_FRONT_d953e426_85328ff7,scene-0782,G51-B,52.917735086150856,1,295861,0.03450534859766119,0.030530424637046905,65.12158487224079,65.12158487224079,65.12158203125,518,294,0,518
scene-0782_CAM_FRONT_a5e20630_95682f83,scene-0782,G51-B,46.786581503378386,1,287089,0.03209112598843156,0.018688490016898818,65.12158487224079,65.12158487224079,65.12158203125,518,294,0,518
scene-0782_CAM_FRONT_e73de93e_a44ce71a,scene-0782,G51-B,40.26018073872323,1,325353,0.014072255903198272,0.007360632946938611,65.12158487224079,65.12158487224079,65.12158203125,518,294,0,518
scene-0783_CAM_FRONT_e8296505_4cba70bd,scene-0783,G51-B,30.01645555683211,1,365112,0.039553012143122235,0.013067373674393666,65.12158487224079,65.12158487224079,65.12158203125,518,294,0,518
scene-0783_CAM_FRONT_b83a101d_8e4a8d5f,scene-0783,G51-B,25.684918374490834,1,402403,0.03951307389835845,0.01717337922520743,65.12158487224079,65.12158487224079,65.12158203125,518,294,0,518
scene-0783_CAM_FRONT_16c5497d_df9cfdd3,scene-0783,G51-B,30.45172205105634,1,385941,0.03495408099874986,0.010620243544185143,65.12158487224079,65.12158487224079,65.12158203125,518,294,0,518
scene-0783_CAM_FRONT_659e4da2_ead6c3fc,scene-0783,G51-B,33.224143525802404,1,486543,0.03781633802018414,0.03582791299455309,65.12158487224079,65.12158487224079,65.12158203125,518,294,0,518
scene-0783_CAM_FRONT_7e3103f3_29ba6159,scene-0783,G51-B,30.631068135245908,1,513183,0.04240645982191893,0.020198589717671377,65.12158487224079,65.12158487224079,65.12158203125,518,294,0,518
scene-0783_CAM_FRONT_d0481d9c_b5b0d31c,scene-0783,G51-B,28.76916328758578,1,512943,0.06734352796460197,0.035858721157086715,65.12158487224079,65.12158487224079,65.12158203125,518,294,0,518
scene-0783_CAM_FRONT_ffdac092_4a0987ae,scene-0783,G51-B,27.73936235816477,1,471631,0.06444094470972761,0.02826026630209982,65.12158487224079,65.12158487224079,65.12158203125,518,294,0,518
scene-0783_CAM_FRONT_19fa5068_37014a00,scene-0783,G51-B,26.901190457945066,1,416459,0.0573008667008712,0.02533479605299916,65.12158487224079,65.12158487224079,65.12158203125,518,294,0,518
scene-0784_CAM_FRONT_abad69b7_d96c132f,scene-0784,G51-B,27.288590274419725,1,333524,0.06980649213818535,0.012622921776776127,65.12158487224079,65.12158487224079,65.12158203125,518,294,0,518
scene-0784_CAM_FRONT_45dde1b2_942c0bdb,scene-0784,G51-B,27.68501833377378,1,329995,0.07030695160496503,0.012552044374771719,65.12158487224079,65.12158487224079,65.12158203125,518,294,0,518
scene-0784_CAM_FRONT_4872c7dd_d05af851,scene-0784,G51-B,27.477063623859358,1,319922,0.06636315653330471,0.006559051578045746,65.12158487224079,65.12158487224079,65.12158203125,518,294,0,518
scene-0784_CAM_FRONT_2efc90b9_5deba036,scene-0784,G51-B,27.718961849750972,1,327585,0.06731850948420526,0.003636877259646425,65.12158487224079,65.12158487224079,65.12158203125,518,294,0,518
scene-0784_CAM_FRONT_c34c1921_023d6155,scene-0784,G51-B,27.34477949766354,1,324804,0.06720106622710187,0.00679863082624417,65.12158487224079,65.12158487224079,65.12158203125,518,294,0,518
scene-0784_CAM_FRONT_4f4e7637_0a2b1d81,scene-0784,G51-B,27.55196103074727,1,320282,0.06652834394319851,0.005564089340032018,65.12158487224079,65.12158487224079,65.12158203125,518,294,0,518
scene-0784_CAM_FRONT_77d878ed_e39400ef,scene-0784,G51-B,28.013015220905178,1,321705,0.066791793321332,0.011911556334436978,65.12158487224079,65.12158487224079,65.12158203125,518,294,0,518
scene-0784_CAM_FRONT_14a0ee8c_d764e9e7,scene-0784,G51-B,27.21071052551269,1,329025,0.06927166045035493,0.010561741275532536,65.12158487224079,65.12158487224079,65.12158203125,518,294,0,518
scene-0794_CAM_FRONT_159f9a70_a13789ea,scene-0794,G51-B,22.502167423604426,1,330363,0.013762961930726902,0.0034295996076022734,64.5614792846793,64.5614792846793,64.56147003173828,518,294,0,518
scene-0794_CAM_FRONT_448fb51a_b5bcd48b,scene-0794,G51-B,22.006613823608863,1,330763,0.016152824570589086,0.00805917543463912,64.5614792846793,64.5614792846793,64.56147003173828,518,294,0,518
scene-0794_CAM_FRONT_3491f516_7505b580,scene-0794,G51-B,21.41346632515417,1,321127,0.015221165336226417,0.0053338168606837984,64.5614792846793,64.5614792846793,64.56147003173828,518,294,0,518
scene-0794_CAM_FRONT_5af88bc8_82dd7acb,scene-0794,G51-B,22.36418935780834,1,324795,0.017724226291373046,0.00404224925554491,64.5614792846793,64.5614792846793,64.56147003173828,518,294,0,518
scene-0794_CAM_FRONT_957dd8ab_51265d17,scene-0794,G51-B,20.935718170773054,1,320529,0.016288457779243704,0.005985060110782303,64.5614792846793,64.5614792846793,64.56147003173828,518,294,0,518
scene-0794_CAM_FRONT_4144d6c9_3ae9a520,scene-0794,G51-B,21.501912904947257,1,328946,0.019661281956368626,0.0035288886087966776,64.5614792846793,64.5614792846793,64.56147003173828,518,294,0,518
scene-0794_CAM_FRONT_05afb6d4_7494f58f,scene-0794,G51-B,23.900929636769476,1,328037,0.022862216003958657,0.011948791785256084,64.5614792846793,64.5614792846793,64.56147003173828,518,294,0,518
scene-0794_CAM_FRONT_e401b2cd_598c2006,scene-0794,G51-B,28.393311310610006,1,358585,0.020598204164484546,0.015272230937248816,64.5614792846793,64.5614792846793,64.56147003173828,518,294,0,518
scene-0795_CAM_FRONT_f8e8dd98_056dd22a,scene-0795,G51-B,31.23614491150443,1,448746,0.025496656105563398,0.01811929194195486,64.5614792846793,64.5614792846793,64.56147003173828,518,294,0,518
scene-0795_CAM_FRONT_9a24e469_98c0d0cc,scene-0795,G51-B,30.388441801376445,1,436300,0.04839863746709927,0.0684744157242594,64.5614792846793,64.5614792846793,64.56147003173828,518,294,0,518
scene-0795_CAM_FRONT_c42d28e3_82db470c,scene-0795,G51-B,31.70118685471976,1,467351,0.07425275603946835,0.039698285017832784,64.5614792846793,64.5614792846793,64.56147003173828,518,294,0,518
scene-0795_CAM_FRONT_9a7d7c46_eaf74971,scene-0795,G51-B,31.92607679504729,1,481830,0.06430496667171748,0.02302885505764977,64.5614792846793,64.5614792846793,64.56147003173828,518,294,0,518
scene-0795_CAM_FRONT_eb22b014_5ded7d74,scene-0795,G51-B,33.86212025928792,1,525533,0.05787650450588133,0.006136378150779141,64.5614792846793,64.5614792846793,64.56147003173828,518,294,0,518
scene-0795_CAM_FRONT_9719fcdf_97c0f9ec,scene-0795,G51-B,32.67124243079584,1,520946,0.047011557729736975,0.023391297467904755,64.5614792846793,64.5614792846793,64.56147003173828,518,294,0,518
scene-0795_CAM_FRONT_f8883f89_b11caa5f,scene-0795,G51-B,31.805793853116406,1,459768,0.06083146466662037,0.026907699847232902,64.5614792846793,64.5614792846793,64.56147003173828,518,294,0,518
scene-0795_CAM_FRONT_56ac73dd_e1c44489,scene-0795,G51-B,29.280917930726805,1,538481,0.05454152365089193,0.01923709185454865,64.5614792846793,64.5614792846793,64.56147003173828,518,294,0,518
scene-0796_CAM_FRONT_c1676a2f_09205171,scene-0796,G51-B,29.40041457841981,1,564795,0.05267911579742757,0.011037655070153692,64.5614792846793,64.5614792846793,64.56147003173828,518,294,0,518
scene-0796_CAM_FRONT_feaef544_3a7aa284,scene-0796,G51-B,29.28010130051591,1,565718,0.06274529273771923,0.013057450233390331,64.5614792846793,64.5614792846793,64.56147003173828,518,294,0,518
scene-0796_CAM_FRONT_f218a2b4_312cd4d3,scene-0796,G51-B,33.64470560303893,1,533965,0.07361001946632806,0.025990527229104596,64.5614792846793,64.5614792846793,64.56147003173828,518,294,0,518
scene-0796_CAM_FRONT_4aaaf68b_4786b3c0,scene-0796,G51-B,29.518234531341967,1,507732,0.062270351543744384,0.03375346626366452,64.5614792846793,64.5614792846793,64.56147003173828,518,294,0,518
scene-0796_CAM_FRONT_4ee219c4_7df1288f,scene-0796,G51-B,28.30751535344252,1,490313,0.05510939420571459,0.039629326765465066,64.5614792846793,64.5614792846793,64.56147003173828,518,294,0,518
scene-0796_CAM_FRONT_264c5f3a_1dba6570,scene-0796,G51-B,30.575945948836406,1,514740,0.05207952300401231,0.019938342692078486,64.5614792846793,64.5614792846793,64.56147003173828,518,294,0,518
scene-0796_CAM_FRONT_3e7ed5cf_26e594c4,scene-0796,G51-B,32.98374084728033,1,561597,0.052777041504766586,0.013580108864165667,64.5614792846793,64.5614792846793,64.56147003173828,518,294,0,518
scene-0796_CAM_FRONT_78e778e7_63c24b51,scene-0796,G51-B,28.912402285862484,1,499721,0.052106609912450086,0.02213981664980557,64.5614792846793,64.5614792846793,64.56147003173828,518,294,0,518
scene-0797_CAM_FRONT_604d12eb_75642377,scene-0797,G51-B,28.617442193223447,1,532918,0.05391894073849235,0.013729885686644069,64.5614792846793,64.5614792846793,64.56147003173828,518,294,0,518
scene-0797_CAM_FRONT_9d77cf89_ec2ce68b,scene-0797,G51-B,25.037024456521742,1,510117,0.053989831086927786,0.00637698670450131,64.5614792846793,64.5614792846793,64.56147003173828,518,294,0,518
scene-0797_CAM_FRONT_ff16605e_0f6b0c88,scene-0797,G51-B,21.57394523907425,1,549684,0.052583540582871624,0.02097462110261796,64.5614792846793,64.5614792846793,64.56147003173828,518,294,0,518
scene-0797_CAM_FRONT_a131cf4a_ccc5e44e,scene-0797,G51-B,18.003668378576673,1,521663,0.031514300523372896,0.013547885237249644,64.5614792846793,64.5614792846793,64.56147003173828,518,294,0,518
scene-0797_CAM_FRONT_95594b53_311d52bc,scene-0797,G51-B,14.315970428719007,1,412394,0.022422278413115393,0.012494041971661242,64.5614792846793,64.5614792846793,64.56147003173828,518,294,0,518
scene-0797_CAM_FRONT_7ce195be_ee7453aa,scene-0797,G51-B,11.643786902844873,1,352327,0.04802409138404906,0.0047471326509529324,64.5614792846793,64.5614792846793,64.56147003173828,518,294,0,518
scene-0797_CAM_FRONT_ef7f5664_5540e9c3,scene-0797,G51-B,11.976009410511361,1,327286,0.03414852812209612,0.007499127279777693,64.5614792846793,64.5614792846793,64.56147003173828,518,294,0,518
scene-0797_CAM_FRONT_e075a437_caf5bbd3,scene-0797,G51-B,11.752053487090679,1,326858,0.030457999434908123,0.005498832038688851,64.5614792846793,64.5614792846793,64.56147003173828,518,294,0,518
scene-0798_CAM_FRONT_154dbc84_745e6a48,scene-0798,G51-B,11.565036830357142,1,348749,0.031150302652101836,0.009817801718450907,64.5614792846793,64.5614792846793,64.56147003173828,518,294,0,518
scene-0798_CAM_FRONT_e39e3e5e_70f8b282,scene-0798,G51-B,19.17122006985921,1,447670,0.03361073281896232,0.021671753832815468,64.5614792846793,64.5614792846793,64.56147003173828,518,294,0,518
scene-0798_CAM_FRONT_a16e2908_4fc4dcd4,scene-0798,G51-B,24.43276404524214,1,531437,0.07630174626637487,0.01473648445587244,64.5614792846793,64.5614792846793,64.56147003173828,518,294,0,518
scene-0798_CAM_FRONT_e49b120c_3e99c588,scene-0798,G51-B,24.263328212082012,1,507229,0.052216222356460396,0.006672498472121767,64.5614792846793,64.5614792846793,64.56147003173828,518,294,0,518
scene-0798_CAM_FRONT_9f5cb220_2b2c6baf,scene-0798,G51-B,23.878237787803354,1,511182,0.05036300575260144,0.020329586481309194,64.5614792846793,64.5614792846793,64.56147003173828,518,294,0,518
scene-0798_CAM_FRONT_6a652407_ef183f50,scene-0798,G51-B,27.450760794310177,1,497569,0.039984540323012574,0.0077779183661895865,64.5614792846793,64.5614792846793,64.56147003173828,518,294,0,518
scene-0798_CAM_FRONT_cee03d13_9be09474,scene-0798,G51-B,26.429039534120726,1,482661,0.03560087311475968,0.006981304584448764,64.5614792846793,64.5614792846793,64.56147003173828,518,294,0,518
scene-0798_CAM_FRONT_fccf8baf_f05b1a3a,scene-0798,G51-B,29.919751534716337,1,554015,0.0510512290814118,0.017502307549422873,64.5614792846793,64.5614792846793,64.56147003173828,518,294,0,518
scene-0799_CAM_FRONT_2eef1a0a_ff99e96d,scene-0799,G51-B,27.594616811209857,1,529736,0.05406942617432997,0.012195123888023464,64.5614792846793,64.5614792846793,64.56147003173828,518,294,0,518
scene-0799_CAM_FRONT_10cca1fc_b4d61616,scene-0799,G51-B,27.92924958881579,1,592755,0.0603121680475418,0.025683133928690545,64.5614792846793,64.5614792846793,64.56147003173828,518,294,0,518
scene-0799_CAM_FRONT_afac870c_acfe7cd9,scene-0799,G51-B,25.73181967634949,1,615802,0.0699099562813772,0.015815411731654738,64.5614792846793,64.5614792846793,64.56147003173828,518,294,0,518
scene-0799_CAM_FRONT_247d0121_614aa888,scene-0799,G51-B,25.295073993389412,1,586546,0.061466402781542584,0.006161757341444894,64.5614792846793,64.5614792846793,64.56147003173828,518,294,0,518
scene-0799_CAM_FRONT_09cb6ba6_abfc8664,scene-0799,G51-B,25.09058470257904,1,610831,0.04878535120758931,0.022959131411300154,64.5614792846793,64.5614792846793,64.56147003173828,518,294,0,518
scene-0799_CAM_FRONT_2cb04989_ed19cd3f,scene-0799,G51-B,28.89378271732234,1,469887,0.04696504162887738,0.02360843605320529,64.5614792846793,64.5614792846793,64.56147003173828,518,294,0,518
scene-0799_CAM_FRONT_5a9ad4e8_323a637e,scene-0799,G51-B,27.6224850890457,1,467941,0.06130086306952043,0.019222584171633323,64.5614792846793,64.5614792846793,64.56147003173828,518,294,0,518
scene-0799_CAM_FRONT_300a5a9b_7293ddbc,scene-0799,G51-B,28.122777881736525,1,454943,0.05842325022723438,0.01681318990298358,64.5614792846793,64.5614792846793,64.56147003173828,518,294,0,518
scene-0800_CAM_FRONT_94cd383e_b4a22db7,scene-0800,G51-B,28.312894907125454,1,513515,0.07741893689617685,0.018166042905598097,64.5614792846793,64.5614792846793,64.56147003173828,518,294,0,518
scene-0800_CAM_FRONT_fa4978c3_4a74ff52,scene-0800,G51-B,28.25306691687092,1,491280,0.05848136024304584,0.013491902735167718,64.5614792846793,64.5614792846793,64.56147003173828,518,294,0,518
scene-0800_CAM_FRONT_a07a94dd_c2557bfc,scene-0800,G51-B,29.36719984852476,1,525516,0.05728894909681115,0.032400946302034085,64.5614792846793,64.5614792846793,64.56147003173828,518,294,0,518
scene-0800_CAM_FRONT_a7753324_83c7c252,scene-0800,G51-B,29.18541695779766,1,540812,0.08384215182869914,0.0116205559007692,64.5614792846793,64.5614792846793,64.56147003173828,518,294,0,518
scene-0800_CAM_FRONT_c31f7047_0f67be8d,scene-0800,G51-B,29.83477083333333,1,570210,0.08324318526969421,0.015354501571859974,64.5614792846793,64.5614792846793,64.56147003173828,518,294,0,518
scene-0800_CAM_FRONT_7ceeb5f1_f744fa72,scene-0800,G51-B,26.872375954198485,1,583517,0.07728214887901341,0.0282131445708632,64.5614792846793,64.5614792846793,64.56147003173828,518,294,0,518
scene-0800_CAM_FRONT_71be574a_fc5f2295,scene-0800,G51-B,25.188279451266297,1,568464,0.07050346108703343,0.03565213679705225,64.5614792846793,64.5614792846793,64.56147003173828,518,294,0,518
scene-0800_CAM_FRONT_0072eb21_43e2717b,scene-0800,G51-B,23.681383018585134,1,540916,0.04890422271437078,0.011826202831421157,64.5614792846793,64.5614792846793,64.56147003173828,518,294,0,518
scene-0802_CAM_FRONT_63e3bc94_145b84c5,scene-0802,G51-B,26.170835011774912,1,596803,0.06575169617317744,0.036349534299095945,64.5614792846793,64.5614792846793,64.56147003173828,518,294,0,518
scene-0802_CAM_FRONT_1739cd69_fbacf779,scene-0802,G51-B,28.91239085116426,1,540122,0.07376460903888393,0.045225004719982954,64.5614792846793,64.5614792846793,64.56147003173828,518,294,0,518
scene-0802_CAM_FRONT_d04424a0_c6a183eb,scene-0802,G51-B,30.69434218659105,1,580300,0.06957914660804487,0.033755920226757816,64.5614792846793,64.5614792846793,64.56147003173828,518,294,0,518
scene-0802_CAM_FRONT_e0372044_76af4456,scene-0802,G51-B,33.57219890333852,1,555383,0.07206490279106426,0.016304755342238055,64.5614792846793,64.5614792846793,64.56147003173828,518,294,0,518
scene-0802_CAM_FRONT_f443bc4e_81c66992,scene-0802,G51-B,32.057020246478864,1,561951,0.07931077112354767,0.0685438468552311,64.5614792846793,64.5614792846793,64.56147003173828,518,294,0,518
scene-0802_CAM_FRONT_2eaa3189_199f19f7,scene-0802,G51-B,26.528521259014425,1,507620,0.056113281587100605,0.02238284905969304,64.5614792846793,64.5614792846793,64.56147003173828,518,294,0,518
scene-0802_CAM_FRONT_95f5d988_f00d1ed5,scene-0802,G51-B,29.721296347690945,1,560773,0.06941037079838575,0.025627186634395293,64.5614792846793,64.5614792846793,64.56147003173828,518,294,0,518
scene-0802_CAM_FRONT_731cf689_38ea2c2f,scene-0802,G51-B,28.479093590561234,1,584593,0.05428061853128252,0.025615010561197714,64.5614792846793,64.5614792846793,64.56147003173828,518,294,0,518
scene-0904_CAM_FRONT_4e04d32a_7d54d3ab,scene-0904,G51-B,35.32238769531251,1,332934,0.0392439834477365,0.018065661629127257,65.12158487224079,65.12158487224079,65.12158203125,518,294,0,518
scene-0904_CAM_FRONT_ad17bfcf_3d83906b,scene-0904,G51-B,33.075864473368526,1,415944,0.055380160322406224,0.023669341977724606,65.12158487224079,65.12158487224079,65.12158203125,518,294,0,518
scene-0904_CAM_FRONT_a80271ef_0d2418d9,scene-0904,G51-B,18.933934872562958,1,439991,0.04544085807354126,0.020714251539867598,65.12158487224079,65.12158487224079,65.12158203125,518,294,0,518
scene-0904_CAM_FRONT_99be6149_93a381ca,scene-0904,G51-B,22.88540897719817,1,352398,0.04902112508494616,0.029832460003239566,65.12158487224079,65.12158487224079,65.12158203125,518,294,0,518
scene-0904_CAM_FRONT_7166e48f_fe515f0e,scene-0904,G51-B,19.438792302824947,1,410536,0.058427158397617474,0.02082984139920581,65.12158487224079,65.12158487224079,65.12158203125,518,294,0,518
scene-0904_CAM_FRONT_424d9df7_d0771d94,scene-0904,G51-B,20.557455067368213,1,375899,0.05520603394979995,0.015687385751578704,65.12158487224079,65.12158487224079,65.12158203125,518,294,0,518
scene-0904_CAM_FRONT_9246f535_666ce192,scene-0904,G51-B,22.671932388589614,1,375769,0.06803819262020872,0.024219058054713544,65.12158487224079,65.12158487224079,65.12158203125,518,294,0,518
scene-0904_CAM_FRONT_f552524e_4585ac4b,scene-0904,G51-B,19.930732421875,1,371131,0.03969681185709506,0.012396435994540968,65.12158487224079,65.12158487224079,65.12158203125,518,294,0,518
scene-0905_CAM_FRONT_bc94beb7_75fc8c40,scene-0905,G51-B,40.92057472637248,1,332494,0.05231442886672921,0.028352598903069084,65.12158487224079,65.12158487224079,65.12158203125,518,294,0,518
scene-0905_CAM_FRONT_8820971b_94657cb3,scene-0905,G51-B,37.60550929105618,1,356023,0.07026770106654112,0.024545796043000286,65.12158487224079,65.12158487224079,65.12158203125,518,294,0,518
scene-0905_CAM_FRONT_01956caa_cbed17f3,scene-0905,G51-B,41.089078852970964,1,391691,0.07349523787204904,0.004768208555260966,65.12158487224079,65.12158487224079,65.12158203125,518,294,0,518
scene-0905_CAM_FRONT_a545bf56_84ba798e,scene-0905,G51-B,38.069178688666206,1,381162,0.05616077821519605,0.01638870757790452,65.12158487224079,65.12158487224079,65.12158203125,518,294,0,518
scene-0905_CAM_FRONT_cc0b96ef_895fb05f,scene-0905,G51-B,41.15842742380743,1,479502,0.07961835955683028,0.02416106879920148,65.12158487224079,65.12158487224079,65.12158203125,518,294,0,518
scene-0905_CAM_FRONT_d7f45d26_9c9cdfaf,scene-0905,G51-B,38.9939311594203,1,550023,0.10050425113846195,0.03355704520149288,65.12158487224079,65.12158487224079,65.12158203125,518,294,0,518
scene-0905_CAM_FRONT_67a2888b_311efa82,scene-0905,G51-B,33.063003367558395,1,554449,0.11075154904327977,0.04572230292083429,65.12158487224079,65.12158487224079,65.12158203125,518,294,0,518
scene-0905_CAM_FRONT_a4b93c94_02f6ae7c,scene-0905,G51-B,32.947794117647064,1,400848,0.05527975568876764,0.014011767024310886,65.12158487224079,65.12158487224079,65.12158203125,518,294,0,518
scene-0906_CAM_FRONT_2fb7b5d1_7380c8cf,scene-0906,G51-B,34.295207540536076,1,406564,0.058061936280592974,0.0162159582809426,65.12158487224079,65.12158487224079,65.12158203125,518,294,0,518
scene-0906_CAM_FRONT_14994efc_27ab30ff,scene-0906,G51-B,38.997254508603575,1,342258,0.0687186674447644,0.037594135880452885,65.12158487224079,65.12158487224079,65.12158203125,518,294,0,518
scene-0906_CAM_FRONT_4739e7db_10bf5ad3,scene-0906,G51-B,40.463341346153854,1,361868,0.08241261308647418,0.04323629027772865,65.12158487224079,65.12158487224079,65.12158203125,518,294,0,518
scene-0906_CAM_FRONT_f5064bc8_0f546bbb,scene-0906,G51-B,38.779751171177864,1,381164,0.07701847248171623,0.024834967636623188,65.12158487224079,65.12158487224079,65.12158203125,518,294,0,518
scene-0906_CAM_FRONT_fe2427d4_8938bdb9,scene-0906,G51-B,37.121262538580254,1,377176,0.06334395266647275,0.032083330473991103,65.12158487224079,65.12158487224079,65.12158203125,518,294,0,518
scene-0906_CAM_FRONT_15bdb200_10fd9395,scene-0906,G51-B,44.12284944720218,1,362068,0.0546913977015413,0.014460406150491076,65.12158487224079,65.12158487224079,65.12158203125,518,294,0,518
scene-0906_CAM_FRONT_5018e6c1_38b44695,scene-0906,G51-B,48.477101293103466,1,374579,0.056683025069180104,0.012541083940313434,65.12158487224079,65.12158487224079,65.12158203125,518,294,0,518
scene-0906_CAM_FRONT_0d0f1e7f_04760450,scene-0906,G51-B,52.665789707977204,1,409758,0.08410807070455073,0.026741758378429813,65.12158487224079,65.12158487224079,65.12158203125,518,294,0,518
scene-0907_CAM_FRONT_e693989d_197990b8,scene-0907,G51-B,26.566648608576635,1,556264,0.048805049204195594,0.019621173608906608,65.12158487224079,65.12158487224079,65.12158203125,518,294,0,518
scene-0907_CAM_FRONT_ce93f225_20d3ca8e,scene-0907,G51-B,25.0063410771822,1,541824,0.03567979638314367,0.025987006066646407,65.12158487224079,65.12158487224079,65.12158203125,518,294,0,518
scene-0907_CAM_FRONT_5052ec00_a4ea60cc,scene-0907,G51-B,24.568425081476033,1,556516,0.03936551569112878,0.019331996360746954,65.12158487224079,65.12158487224079,65.12158203125,518,294,0,518
scene-0907_CAM_FRONT_86a69236_ebd128c8,scene-0907,G51-B,21.20818138464991,1,575269,0.03197062798822614,0.01564821467862798,65.12158487224079,65.12158487224079,65.12158203125,518,294,0,518
scene-0907_CAM_FRONT_10629cde_fa0391dc,scene-0907,G51-B,18.208167004289802,1,525450,0.041201244899155,0.024264544010331096,65.12158487224079,65.12158487224079,65.12158203125,518,294,0,518
scene-0907_CAM_FRONT_ed107801_d20f18ba,scene-0907,G51-B,14.567084948491932,1,412074,0.021314705988680904,0.009326606737341994,65.12158487224079,65.12158487224079,65.12158203125,518,294,0,518
scene-0907_CAM_FRONT_99df68e7_5a1272e9,scene-0907,G51-B,15.075953584558821,1,375709,0.026628807737767435,0.007489910601047548,65.12158487224079,65.12158487224079,65.12158203125,518,294,0,518
scene-0907_CAM_FRONT_30507c77_f224f268,scene-0907,G51-B,15.55396706258766,1,437722,0.02857298918393436,0.00542951151923056,65.12158487224079,65.12158487224079,65.12158203125,518,294,0,518
scene-0908_CAM_FRONT_a4782f7a_10103847,scene-0908,G51-B,14.344115629254595,1,421022,0.028069164913782974,0.005492193050236595,65.12158487224079,65.12158487224079,65.12158203125,518,294,0,518
scene-0908_CAM_FRONT_3de1d789_c11fe9bc,scene-0908,G51-B,15.528552827380949,1,481858,0.02566503005891141,0.007599629090106722,65.12158487224079,65.12158487224079,65.12158203125,518,294,0,518
scene-0908_CAM_FRONT_3894f0cc_b82c2ddc,scene-0908,G51-B,17.671123164533128,1,544608,0.03177233490580589,0.019326799872602402,65.12158487224079,65.12158487224079,65.12158203125,518,294,0,518
scene-0908_CAM_FRONT_7b173aed_3b3703bd,scene-0908,G51-B,20.572581045045837,1,579898,0.0423341634052552,0.028508478351365607,65.12158487224079,65.12158487224079,65.12158203125,518,294,0,518
scene-0908_CAM_FRONT_f2138747_564de1d8,scene-0908,G51-B,25.590576304200546,1,490054,0.05813001893709657,0.01763983877799177,65.12158487224079,65.12158487224079,65.12158203125,518,294,0,518
scene-0908_CAM_FRONT_55f7c299_3b3a21ce,scene-0908,G51-B,38.22780044961114,1,416799,0.059127079902009605,0.03452150798751908,65.12158487224079,65.12158487224079,65.12158203125,518,294,0,518
scene-0908_CAM_FRONT_f2c4526f_e388dd5b,scene-0908,G51-B,31.260176357501564,1,509121,0.08432070932834268,0.05429608252038849,65.12158487224079,65.12158487224079,65.12158203125,518,294,0,518
scene-0908_CAM_FRONT_7000c2cc_30edd77d,scene-0908,G51-B,26.95487303495116,1,535100,0.047249881518302894,0.019059943301378484,65.12158487224079,65.12158487224079,65.12158203125,518,294,0,518
scene-0909_CAM_FRONT_3abf81a7_0084b0b7,scene-0909,G51-B,28.768891962725675,1,388391,0.044094911063131015,0.024639058704956675,65.12158487224079,65.12158487224079,65.12158203125,518,294,0,518
scene-0909_CAM_FRONT_b485d79c_86f3094a,scene-0909,G51-B,27.49236188616071,1,328425,0.05737776790660298,0.023159594260280855,65.12158487224079,65.12158487224079,65.12158203125,518,294,0,518
scene-0909_CAM_FRONT_8b3831ab_352c344b,scene-0909,G51-B,27.03126783675799,1,297913,0.04404482246950714,0.011599293210390903,65.12158487224079,65.12158487224079,65.12158203125,518,294,0,518
scene-0909_CAM_FRONT_6a1d73c7_0f5c4067,scene-0909,G51-B,31.98347614804377,1,325900,0.049526375013892565,0.02485465718058322,65.12158487224079,65.12158487224079,65.12158203125,518,294,0,518
scene-0909_CAM_FRONT_6e9f5f9e_1a175086,scene-0909,G51-B,44.39056423611112,1,305162,0.04795740650657687,0.045141019301696006,65.12158487224079,65.12158487224079,65.12158203125,518,294,0,518
scene-0909_CAM_FRONT_86c585f2_b9382e94,scene-0909,G51-B,37.310893841911756,1,300815,0.03779470764879811,0.00932410621540604,65.12158487224079,65.12158487224079,65.12158203125,518,294,0,518
scene-0909_CAM_FRONT_969ab515_60f5b50b,scene-0909,G51-B,35.33178589876033,1,320829,0.031129473603620283,0.017997707192218118,65.12158487224079,65.12158487224079,65.12158203125,518,294,0,518
scene-0909_CAM_FRONT_0fbeb606_47ae0878,scene-0909,G51-B,32.00029889511873,1,315226,0.031744014310942426,0.016066247686217148,65.12158487224079,65.12158487224079,65.12158203125,518,294,0,518
scene-0910_CAM_FRONT_43da5026_525a91b1,scene-0910,G51-B,32.980221549968675,1,324990,0.03240656327050484,0.026875179344706613,65.12158487224079,65.12158487224079,65.12158203125,518,294,0,518
scene-0910_CAM_FRONT_b7750984_7f72c0bb,scene-0910,G51-B,31.36451707158185,1,365756,0.037474247948919404,0.027270950781705095,65.12158487224079,65.12158487224079,65.12158203125,518,294,0,518
scene-0910_CAM_FRONT_6fc78b00_8119ac63,scene-0910,G51-B,28.99171065008361,1,349160,0.044022384082209376,0.04248404252040811,65.12158487224079,65.12158487224079,65.12158203125,518,294,0,518
scene-0910_CAM_FRONT_e1d7a25b_dcabeaa4,scene-0910,G51-B,33.67768724249559,1,414562,0.06546874437133021,0.03180691526210356,65.12158487224079,65.12158487224079,65.12158203125,518,294,0,518
scene-0910_CAM_FRONT_7af93e67_302c9592,scene-0910,G51-B,35.78304469154737,1,540038,0.09828343553658936,0.017521098308233625,65.12158487224079,65.12158487224079,65.12158203125,518,294,0,518
scene-0910_CAM_FRONT_51d189d9_8e891ad6,scene-0910,G51-B,40.62580413445892,1,576636,0.06753970446926427,0.03092335996937781,65.12158487224079,65.12158487224079,65.12158203125,518,294,0,518
scene-0910_CAM_FRONT_aa9468f8_0562be5d,scene-0910,G51-B,36.31375356463878,1,546137,0.06326554500673742,0.04863013534067308,65.12158487224079,65.12158487224079,65.12158203125,518,294,0,518
scene-0910_CAM_FRONT_4299ad6c_254812b1,scene-0910,G51-B,36.78446283284022,1,404982,0.07359159899857737,0.054911399686924676,65.12158487224079,65.12158487224079,65.12158203125,518,294,0,518
scene-0911_CAM_FRONT_d056b9bd_45df585a,scene-0911,G51-B,38.73449926244227,1,593151,0.05577294068035599,0.03287781435137508,65.12158487224079,65.12158487224079,65.12158203125,518,294,0,518
scene-0911_CAM_FRONT_c0d6f63b_728c7262,scene-0911,G51-B,34.482779141407484,1,584101,0.03197339366704588,0.009392850043717394,65.12158487224079,65.12158487224079,65.12158203125,518,294,0,518
scene-0911_CAM_FRONT_36decc5f_74843887,scene-0911,G51-B,31.185612961998956,1,535032,0.03495862667244998,0.015072511073056112,65.12158487224079,65.12158487224079,65.12158203125,518,294,0,518
scene-0911_CAM_FRONT_51c1eef6_07484c62,scene-0911,G51-B,34.85356326219512,1,546387,0.06179438964889972,0.04419624111370692,65.12158487224079,65.12158487224079,65.12158203125,518,294,0,518
scene-0911_CAM_FRONT_bbd330e5_2ec05dce,scene-0911,G51-B,36.10147176803177,1,557034,0.055990519483649415,0.018613031566236664,65.12158487224079,65.12158487224079,65.12158203125,518,294,0,518
scene-0911_CAM_FRONT_157dcf34_8c72fbe5,scene-0911,G51-B,32.64512478948353,1,469268,0.04387442428401944,0.02377498445646079,65.12158487224079,65.12158487224079,65.12158203125,518,294,0,518
scene-0911_CAM_FRONT_80e281bf_098e9762,scene-0911,G51-B,35.155653314753316,1,501312,0.034604075824861136,0.013820821946849901,65.12158487224079,65.12158487224079,65.12158203125,518,294,0,518
scene-0911_CAM_FRONT_a7cd913c_93780af3,scene-0911,G51-B,35.658341847519736,1,505155,0.04493958908206208,0.025623888860691592,65.12158487224079,65.12158487224079,65.12158203125,518,294,0,518
scene-0912_CAM_FRONT_8487e4c9_56a6c249,scene-0912,G51-B,32.44062451141338,1,375250,0.05397866785797034,0.015293771154650623,65.12158487224079,65.12158487224079,65.12158203125,518,294,0,518
scene-0912_CAM_FRONT_e7afb9a4_60ecb3e1,scene-0912,G51-B,35.89624732408787,1,348992,0.05417438062206248,0.027457988246166593,65.12158487224079,65.12158487224079,65.12158203125,518,294,0,518
scene-0912_CAM_FRONT_44183eea_2f1fd75c,scene-0912,G51-B,32.52188412582529,1,341421,0.0526241657230937,0.028196557553398414,65.12158487224079,65.12158487224079,65.12158203125,518,294,0,518
scene-0912_CAM_FRONT_41ce9907_3acae4c6,scene-0912,G51-B,33.55730179961088,1,316422,0.04600548324705933,0.018780123546140996,65.12158487224079,65.12158487224079,65.12158203125,518,294,0,518
scene-0912_CAM_FRONT_bf066d5f_83d3ee0e,scene-0912,G51-B,37.56029924665178,1,326728,0.07878019768065925,0.03282520794070285,65.12158487224079,65.12158487224079,65.12158203125,518,294,0,518
scene-0912_CAM_FRONT_cbb78ba0_0412bd89,scene-0912,G51-B,34.95600160256411,1,359103,0.07211245639441533,0.015372272126676797,65.12158487224079,65.12158487224079,65.12158203125,518,294,0,518
scene-0912_CAM_FRONT_d35d70df_01653ee2,scene-0912,G51-B,32.9044124584843,1,389236,0.06853802990779867,0.028185280783207395,65.12158487224079,65.12158487224079,65.12158203125,518,294,0,518
scene-0912_CAM_FRONT_2ef0e6bf_66dcc398,scene-0912,G51-B,28.084111517486154,1,389440,0.03260521650613857,0.014275161980579123,65.12158487224079,65.12158487224079,65.12158203125,518,294,0,518
scene-0913_CAM_FRONT_1f048fa2_1e6f6e90,scene-0913,G51-B,39.803025460257146,1,318431,0.05244463356079265,0.027353589233442634,65.12158487224079,65.12158487224079,65.12158203125,518,294,0,518
scene-0913_CAM_FRONT_3ace3074_d2bfb598,scene-0913,G51-B,38.64977660438667,1,306361,0.052380220714227654,0.01680290087663789,65.12158487224079,65.12158487224079,65.12158203125,518,294,0,518
scene-0913_CAM_FRONT_a68a0818_0071536e,scene-0913,G51-B,32.740315619800334,1,325909,0.0509265690282259,0.014314941894442407,65.12158487224079,65.12158487224079,65.12158203125,518,294,0,518
scene-0913_CAM_FRONT_1ad48393_3608204a,scene-0913,G51-B,34.99266955634881,1,273608,0.038529461677868415,0.033265266516230546,65.12158487224079,65.12158487224079,65.12158203125,518,294,0,518
scene-0913_CAM_FRONT_81530763_ce9df8d8,scene-0913,G51-B,44.46407013210481,1,276869,0.04197399108091471,0.02533551733950578,65.12158487224079,65.12158487224079,65.12158203125,518,294,0,518
scene-0913_CAM_FRONT_3b156a67_5e2aad67,scene-0913,G51-B,49.81353356031128,1,276211,0.03365205733777277,0.022169930867529913,65.12158487224079,65.12158487224079,65.12158203125,518,294,0,518
scene-0913_CAM_FRONT_13783448_e60fea72,scene-0913,G51-B,56.34329188997481,1,302815,0.041740641949716384,0.03585019332826803,65.12158487224079,65.12158487224079,65.12158203125,518,294,0,518
scene-0913_CAM_FRONT_72fb4e43_98ce1160,scene-0913,G51-B,53.912212499999995,1,294637,0.03703506019275915,0.008441098055556094,65.12158487224079,65.12158487224079,65.12158203125,518,294,0,518
scene-0914_CAM_FRONT_f8de6e9a_10e6d207,scene-0914,G51-B,40.75291895604395,1,477968,0.06740156285635779,0.02685131888232855,65.12158487224079,65.12158487224079,65.12158203125,518,294,0,518
scene-0914_CAM_FRONT_f9fe6f80_1424390f,scene-0914,G51-B,33.75867325220352,1,491374,0.0823540839580783,0.03181564813657999,65.12158487224079,65.12158487224079,65.12158203125,518,294,0,518
scene-0914_CAM_FRONT_9a99dae6_614cb312,scene-0914,G51-B,26.942009916541643,1,470913,0.06142332438187026,0.05048529986507193,65.12158487224079,65.12158487224079,65.12158203125,518,294,0,518
scene-0914_CAM_FRONT_1c7ffbf1_16767ec4,scene-0914,G51-B,22.166371191356458,1,463382,0.04686280726978587,0.02201154150442766,65.12158487224079,65.12158487224079,65.12158203125,518,294,0,518
scene-0914_CAM_FRONT_6d1c615e_e0513430,scene-0914,G51-B,24.55481228298611,1,389517,0.0550327650254383,0.03207485383059404,65.12158487224079,65.12158487224079,65.12158203125,518,294,0,518
scene-0914_CAM_FRONT_a6389047_67fa7b67,scene-0914,G51-B,21.803541591401743,1,459288,0.04811637706574046,0.011911706478057527,65.12158487224079,65.12158487224079,65.12158203125,518,294,0,518
scene-0914_CAM_FRONT_8a39538c_98605ed7,scene-0914,G51-B,20.48349828079357,1,501298,0.03306635380203926,0.038094138425050626,65.12158487224079,65.12158487224079,65.12158203125,518,294,0,518
scene-0914_CAM_FRONT_b8a345e3_8a3346bb,scene-0914,G51-B,20.155557178499237,1,408557,0.05731930167027599,0.05193721863177313,65.12158487224079,65.12158487224079,65.12158203125,518,294,0,518
scene-0915_CAM_FRONT_7f8368b7_7c7be93d,scene-0915,G51-B,21.355459831620998,1,504450,0.06328395686590538,0.06709378278155506,65.12158487224079,65.12158487224079,65.12158203125,518,294,0,518
scene-0915_CAM_FRONT_a2ef08f7_cce9a021,scene-0915,G51-B,23.45819604305821,1,532884,0.045889271730969794,0.025131780155607155,65.12158487224079,65.12158487224079,65.12158203125,518,294,0,518
scene-0915_CAM_FRONT_6de71c96_005cfc5e,scene-0915,G51-B,31.535720017976374,1,675172,0.047658667909803,0.020285209622087245,65.12158487224079,65.12158487224079,65.12158203125,518,294,0,518
scene-0915_CAM_FRONT_c6cebadf_c943bddd,scene-0915,G51-B,30.431879393337415,1,644271,0.05986203340801932,0.009537140206368325,65.12158487224079,65.12158487224079,65.12158203125,518,294,0,518
scene-0915_CAM_FRONT_d85a67be_246b21c5,scene-0915,G51-B,32.09890043304033,1,661990,0.06551635155134838,0.01891666513336443,65.12158487224079,65.12158487224079,65.12158203125,518,294,0,518
scene-0915_CAM_FRONT_87a927d7_666e8405,scene-0915,G51-B,27.129168725296438,1,579137,0.06002378206530201,0.02092578680925175,65.12158487224079,65.12158487224079,65.12158203125,518,294,0,518
scene-0915_CAM_FRONT_20fac9be_88bbcc1c,scene-0915,G51-B,37.05983422939067,1,675439,0.05302126632079629,0.019113707146543576,65.12158487224079,65.12158487224079,65.12158203125,518,294,0,518
scene-0915_CAM_FRONT_0a8dee95_cdefb1ef,scene-0915,G51-B,27.79884688700769,1,649339,0.06433063189338784,0.029961048162734295,65.12158487224079,65.12158487224079,65.12158203125,518,294,0,518
scene-0916_CAM_FRONT_b5989651_ac8b4d49,scene-0916,G51-B,22.50759055397727,1,507598,0.0660803121937874,0.005628951822115514,64.5614792846793,64.5614792846793,64.56147003173828,518,294,0,518
scene-0916_CAM_FRONT_c1eed312_d8251bbc,scene-0916,G51-B,25.017899305555556,1,412374,0.08006535491090161,0.03832034732344692,64.5614792846793,64.5614792846793,64.56147003173828,518,294,0,518
scene-0916_CAM_FRONT_048a45dd_609d5177,scene-0916,G51-B,21.149532935285052,1,609295,0.06559532507284738,0.025547091312958313,64.5614792846793,64.5614792846793,64.56147003173828,518,294,0,518
scene-0916_CAM_FRONT_b1303058_e174cb43,scene-0916,G51-B,15.82671054826512,1,472435,0.028584251996300214,0.017033713222713888,64.5614792846793,64.5614792846793,64.56147003173828,518,294,0,518
scene-0916_CAM_FRONT_6ff9723a_55c25897,scene-0916,G51-B,20.393013012579242,1,547591,0.05306797144124564,0.039519609302575164,64.5614792846793,64.5614792846793,64.56147003173828,518,294,0,518
scene-0916_CAM_FRONT_44237858_e00dc151,scene-0916,G51-B,20.967048833485823,1,548841,0.0508602598957717,0.024393135077838263,64.5614792846793,64.5614792846793,64.56147003173828,518,294,0,518
scene-0916_CAM_FRONT_e63b83b4_e54b784a,scene-0916,G51-B,23.302325841690553,1,532518,0.04493183275393875,0.021037652262476746,64.5614792846793,64.5614792846793,64.56147003173828,518,294,0,518
scene-0916_CAM_FRONT_a1289b27_9cdbf5ff,scene-0916,G51-B,18.753258208525345,1,480665,0.05676997567147346,0.01371598789190416,64.5614792846793,64.5614792846793,64.56147003173828,518,294,0,518
scene-0917_CAM_FRONT_8c5c08c8_f4b1ff82,scene-0917,G51-B,18.8670673846893,1,402514,0.04770385867784399,0.02313168875692222,64.5614792846793,64.5614792846793,64.56147003173828,518,294,0,518
scene-0917_CAM_FRONT_018ef7dd_99d907c5,scene-0917,G51-B,19.167675082040567,1,503344,0.07640900655225491,0.010049052791198472,64.5614792846793,64.5614792846793,64.56147003173828,518,294,0,518
scene-0917_CAM_FRONT_1dba2c2c_49eb8915,scene-0917,G51-B,15.564542966288593,1,395089,0.07881504105712,0.011268942576893927,64.5614792846793,64.5614792846793,64.56147003173828,518,294,0,518
scene-0917_CAM_FRONT_46285edc_90fbcb8d,scene-0917,G51-B,18.245952481076536,1,331903,0.04743181277373454,0.027059402759022792,64.5614792846793,64.5614792846793,64.56147003173828,518,294,0,518
scene-0917_CAM_FRONT_37fbabc0_5bdba79e,scene-0917,G51-B,24.86507345993953,1,349246,0.05377543813744645,0.05713061358549797,64.5614792846793,64.5614792846793,64.56147003173828,518,294,0,518
scene-0917_CAM_FRONT_19ccc1fa_bf452016,scene-0917,G51-B,23.780473895444565,1,300494,0.02068024644980615,0.010874054063176559,64.5614792846793,64.5614792846793,64.56147003173828,518,294,0,518
scene-0917_CAM_FRONT_5fc28d5d_b34a0291,scene-0917,G51-B,25.88982362899645,1,315283,0.04861677155192057,0.028834362064939424,64.5614792846793,64.5614792846793,64.56147003173828,518,294,0,518
scene-0917_CAM_FRONT_9dc543d8_3ce2de68,scene-0917,G51-B,24.227314851721943,1,410932,0.07091832869473969,0.021690883603062826,64.5614792846793,64.5614792846793,64.56147003173828,518,294,0,518
scene-0919_CAM_FRONT_bd0c2713_9d89067a,scene-0919,G51-B,23.93774148279549,1,593736,0.05141866660025429,0.0263028179275345,64.5614792846793,64.5614792846793,64.56147003173828,518,294,0,518
scene-0919_CAM_FRONT_7110a0d1_9ef03c61,scene-0919,G51-B,20.06654136241353,1,649083,0.07049152729347696,0.029234676755978614,64.5614792846793,64.5614792846793,64.56147003173828,518,294,0,518
scene-0919_CAM_FRONT_67f11693_6d9def1e,scene-0919,G51-B,21.357707182709653,1,490557,0.038827318138694,0.03155404760662154,64.5614792846793,64.5614792846793,64.56147003173828,518,294,0,518
scene-0919_CAM_FRONT_fc92fca5_1e606cc7,scene-0919,G51-B,24.863027098141064,1,585392,0.04859857738568896,0.023995578536117435,64.5614792846793,64.5614792846793,64.56147003173828,518,294,0,518
scene-0919_CAM_FRONT_1752d62f_3beeafdd,scene-0919,G51-B,21.447415105154974,1,548528,0.05639748665390765,0.01943434805526112,64.5614792846793,64.5614792846793,64.56147003173828,518,294,0,518
scene-0919_CAM_FRONT_a79fa282_72b648d5,scene-0919,G51-B,21.28217317257786,1,709147,0.05479130415396671,0.028966267271728314,64.5614792846793,64.5614792846793,64.56147003173828,518,294,0,518
scene-0919_CAM_FRONT_a9ade377_188fe796,scene-0919,G51-B,13.933276928604727,1,598794,0.07768775558568564,0.026607887776526444,64.5614792846793,64.5614792846793,64.56147003173828,518,294,0,518
scene-0919_CAM_FRONT_0acad604_772f1168,scene-0919,G51-B,24.113923953201972,1,422053,0.04196680640525852,0.05092311948537509,64.5614792846793,64.5614792846793,64.56147003173828,518,294,0,518
scene-0920_CAM_FRONT_e8a25125_b4628dfb,scene-0920,G51-B,27.685694051972515,1,393590,0.07025206119715377,0.034258316135067884,64.5614792846793,64.5614792846793,64.56147003173828,518,294,0,518
scene-0920_CAM_FRONT_dca35073_00ec13f2,scene-0920,G51-B,21.650870535714287,1,684927,0.06455616749264914,0.04905543536851515,64.5614792846793,64.5614792846793,64.56147003173828,518,294,0,518
scene-0920_CAM_FRONT_e84b6659_1c0fdeaa,scene-0920,G51-B,18.78907091410878,1,661047,0.03872872067077093,0.03244035128171301,64.5614792846793,64.5614792846793,64.56147003173828,518,294,0,518
scene-0920_CAM_FRONT_f3a8bec1_6511c90b,scene-0920,G51-B,17.385351366599792,1,643598,0.059680427620344645,0.02721623831140158,64.5614792846793,64.5614792846793,64.56147003173828,518,294,0,518
scene-0920_CAM_FRONT_7a38c623_84f28973,scene-0920,G51-B,17.464447426226787,1,621240,0.049103977805756704,0.02464102585734387,64.5614792846793,64.5614792846793,64.56147003173828,518,294,0,518
scene-0920_CAM_FRONT_278d97e2_07edc519,scene-0920,G51-B,17.856212241529644,1,525577,0.05602440156654387,0.033459157449051966,64.5614792846793,64.5614792846793,64.56147003173828,518,294,0,518
scene-0920_CAM_FRONT_79a42b12_d640474c,scene-0920,G51-B,19.8826543109079,1,454903,0.04222099978265881,0.017460419707671614,64.5614792846793,64.5614792846793,64.56147003173828,518,294,0,518
scene-0920_CAM_FRONT_dcdbe656_d7b4858c,scene-0920,G51-B,26.498539719626162,1,570552,0.05677706526848714,0.03433279968080893,64.5614792846793,64.5614792846793,64.56147003173828,518,294,0,518
scene-0921_CAM_FRONT_852e22db_5737334b,scene-0921,G51-B,22.000710227272727,1,406981,0.062323023435856495,0.05695229115837841,64.5614792846793,64.5614792846793,64.56147003173828,518,294,0,518
scene-0921_CAM_FRONT_dce96ecc_4209f80d,scene-0921,G51-B,21.802645119287632,1,397562,0.03745287030779387,0.03390216706537457,64.5614792846793,64.5614792846793,64.56147003173828,518,294,0,518
scene-0921_CAM_FRONT_94fc83c5_b4f20dcf,scene-0921,G51-B,24.94660194174757,1,284458,0.06524818745605243,0.031796978708035155,64.5614792846793,64.5614792846793,64.56147003173828,518,294,0,518
scene-0921_CAM_FRONT_28715cdf_1ce20a30,scene-0921,G51-B,22.684814678554943,1,247976,0.014914482636663395,0.0035630422425084866,64.5614792846793,64.5614792846793,64.56147003173828,518,294,0,518
scene-0921_CAM_FRONT_fc46571b_9c40f85f,scene-0921,G51-B,21.4393400564266,1,249527,0.013719493633608248,0.004913155586163651,64.5614792846793,64.5614792846793,64.56147003173828,518,294,0,518
scene-0921_CAM_FRONT_9742c1ad_05101786,scene-0921,G51-B,23.174886759324835,1,255934,0.03638113029180201,0.04093485589612783,64.5614792846793,64.5614792846793,64.56147003173828,518,294,0,518
scene-0921_CAM_FRONT_8331a249_4fe7d92f,scene-0921,G51-B,25.87398357780613,1,335419,0.07683224230546903,0.009090239503641542,64.5614792846793,64.5614792846793,64.56147003173828,518,294,0,518
scene-0921_CAM_FRONT_a024f1b7_791c46fa,scene-0921,G51-B,17.91858723958334,1,387229,0.06381950422881388,0.04957678776612356,64.5614792846793,64.5614792846793,64.56147003173828,518,294,0,518
scene-0922_CAM_FRONT_73c335a2_54d0e038,scene-0922,G51-B,25.42343409008244,1,553260,0.08933211132301477,0.01625735935153459,64.5614792846793,64.5614792846793,64.56147003173828,518,294,0,518
scene-0922_CAM_FRONT_2fb8e56b_a2b34ea2,scene-0922,G51-B,24.687280077077748,1,593505,0.08969821871946726,0.014221779022464407,64.5614792846793,64.5614792846793,64.56147003173828,518,294,0,518
scene-0922_CAM_FRONT_d659884a_5e3a4619,scene-0922,G51-B,22.405370492524185,1,529853,0.09316220478115866,0.017551374789179015,64.5614792846793,64.5614792846793,64.56147003173828,518,294,0,518
scene-0922_CAM_FRONT_8e2c9989_907f27be,scene-0922,G51-B,22.937278438854765,1,497964,0.09388601169732524,0.020525789589993838,64.5614792846793,64.5614792846793,64.56147003173828,518,294,0,518
scene-0922_CAM_FRONT_90bf8cc6_b7cf1c23,scene-0922,G51-B,19.847372049148603,1,514720,0.08212624124896317,0.018595733639750284,64.5614792846793,64.5614792846793,64.56147003173828,518,294,0,518
scene-0922_CAM_FRONT_b2bb80cb_c3ebdce9,scene-0922,G51-B,21.131374320072528,1,514719,0.09782591010052855,0.015215008535608596,64.5614792846793,64.5614792846793,64.56147003173828,518,294,0,518
scene-0922_CAM_FRONT_85b3158e_af48d5a3,scene-0922,G51-B,22.432030492974807,1,544297,0.07944840432076905,0.053254855082662804,64.5614792846793,64.5614792846793,64.56147003173828,518,294,0,518
scene-0922_CAM_FRONT_5d168d27_b78891c5,scene-0922,G51-B,22.874023437499993,1,558436,0.08502561804249464,0.020965375463000237,64.5614792846793,64.5614792846793,64.56147003173828,518,294,0,518
scene-0923_CAM_FRONT_c07a4800_957eef00,scene-0923,G51-B,23.919797810798553,1,463912,0.07151990910054118,0.015276015559283393,64.5614792846793,64.5614792846793,64.56147003173828,518,294,0,518
scene-0923_CAM_FRONT_9b4c2d1a_2a376dea,scene-0923,G51-B,32.34733102375566,1,497696,0.08990773901003735,0.03510521862849288,64.5614792846793,64.5614792846793,64.56147003173828,518,294,0,518
scene-0923_CAM_FRONT_f96b2fb0_58bb75a7,scene-0923,G51-B,28.282615681233928,1,480871,0.10758326590747869,0.023538744132942963,64.5614792846793,64.5614792846793,64.56147003173828,518,294,0,518
scene-0923_CAM_FRONT_ff9eff43_90314f29,scene-0923,G51-B,27.016804474708167,1,497011,0.10706804853835283,0.027308418283450136,64.5614792846793,64.5614792846793,64.56147003173828,518,294,0,518
scene-0923_CAM_FRONT_84c5a3b5_02e64ee9,scene-0923,G51-B,28.041017836919586,1,479264,0.10748231085905458,0.015030665533794013,64.5614792846793,64.5614792846793,64.56147003173828,518,294,0,518
scene-0923_CAM_FRONT_0bf7d8af_c217c812,scene-0923,G51-B,28.14715550021423,1,488737,0.11654502142671985,0.0201081963064473,64.5614792846793,64.5614792846793,64.56147003173828,518,294,0,518
scene-0923_CAM_FRONT_b6aec949_07562899,scene-0923,G51-B,33.118299480757486,1,471750,0.09663505530184513,0.02616197369213912,64.5614792846793,64.5614792846793,64.56147003173828,518,294,0,518
scene-0923_CAM_FRONT_9a72a012_ddabe094,scene-0923,G51-B,28.211940111885013,1,497291,0.12685388996114222,0.029713717335635558,64.5614792846793,64.5614792846793,64.56147003173828,518,294,0,518
scene-0924_CAM_FRONT_c201dea8_9ed40a1c,scene-0924,G51-B,21.363589791356183,1,638325,0.06872396015568105,0.021867528189950733,64.5614792846793,64.5614792846793,64.56147003173828,518,294,0,518
scene-0924_CAM_FRONT_de7e74c2_d9e3f634,scene-0924,G51-B,22.01146257427377,1,580105,0.052991280701670807,0.015428691217249489,64.5614792846793,64.5614792846793,64.56147003173828,518,294,0,518
scene-0924_CAM_FRONT_6f5980b6_093439cd,scene-0924,G51-B,20.82939067160701,1,555462,0.06218814417367868,0.030744332021957692,64.5614792846793,64.5614792846793,64.56147003173828,518,294,0,518
scene-0924_CAM_FRONT_39eacd41_604687c1,scene-0924,G51-B,17.60065144793291,1,512976,0.04635112431465416,0.020353131602873026,64.5614792846793,64.5614792846793,64.56147003173828,518,294,0,518
scene-0924_CAM_FRONT_77909180_dd3bfc47,scene-0924,G51-B,22.740288276176955,1,556629,0.047672013520817735,0.018345087126163683,64.5614792846793,64.5614792846793,64.56147003173828,518,294,0,518
scene-0924_CAM_FRONT_eb0ce46b_824c67e0,scene-0924,G51-B,18.53202712367958,1,506895,0.04716458505673149,0.018532522449224154,64.5614792846793,64.5614792846793,64.56147003173828,518,294,0,518
scene-0924_CAM_FRONT_cef359e1_70780c59,scene-0924,G51-B,17.29290404709168,1,485974,0.07611553341295396,0.0015488141882728447,64.5614792846793,64.5614792846793,64.56147003173828,518,294,0,518
scene-0924_CAM_FRONT_56ef03aa_00fa4bf2,scene-0924,G51-B,13.980178755552032,1,540993,0.05890128595850275,0.02233097506928922,64.5614792846793,64.5614792846793,64.56147003173828,518,294,0,518
scene-0925_CAM_FRONT_e6fcfc5c_56b595dc,scene-0925,G51-B,13.940951598371596,1,406846,0.05787671150585272,0.014055256527628835,64.5614792846793,64.5614792846793,64.56147003173828,518,294,0,518
scene-0925_CAM_FRONT_50ae7fb9_28993b0f,scene-0925,G51-B,14.529295830548127,1,439246,0.053188890041568015,0.02479350290644747,64.5614792846793,64.5614792846793,64.56147003173828,518,294,0,518
scene-0925_CAM_FRONT_204ed035_1745a8aa,scene-0925,G51-B,14.737494770211123,1,357055,0.049734243282340884,0.009279572970194997,64.5614792846793,64.5614792846793,64.56147003173828,518,294,0,518
scene-0925_CAM_FRONT_5d09f3c4_03479e99,scene-0925,G51-B,11.947563441932623,1,414345,0.038256533803859405,0.018740774826847724,64.5614792846793,64.5614792846793,64.56147003173828,518,294,0,518
scene-0925_CAM_FRONT_66725604_e6b2fa45,scene-0925,G51-B,14.19485867942454,1,434123,0.042752279475783084,0.03322212397071436,64.5614792846793,64.5614792846793,64.56147003173828,518,294,0,518
scene-0925_CAM_FRONT_bbe84595_dd673198,scene-0925,G51-B,19.96484496236809,1,451773,0.0593663726587379,0.0647850664829879,64.5614792846793,64.5614792846793,64.56147003173828,518,294,0,518
scene-0925_CAM_FRONT_0dd58808_a7d435d5,scene-0925,G51-B,22.06612487689927,1,624373,0.05884833462124339,0.024172430813481235,64.5614792846793,64.5614792846793,64.56147003173828,518,294,0,518
scene-0925_CAM_FRONT_be34a4c9_2bdb1731,scene-0925,G51-B,19.719458561376072,1,567880,0.08955698759237984,0.025677635300413757,64.5614792846793,64.5614792846793,64.56147003173828,518,294,0,518
scene-0926_CAM_FRONT_45eda670_78989332,scene-0926,G51-B,16.830162602724915,1,388333,0.04218040080884222,0.020732511976008557,64.5614792846793,64.5614792846793,64.56147003173828,518,294,0,518
scene-0926_CAM_FRONT_7c4bfd7a_d11e40fe,scene-0926,G51-B,16.810570631516068,1,507331,0.04089253974418039,0.028649166898913146,64.5614792846793,64.5614792846793,64.56147003173828,518,294,0,518
scene-0926_CAM_FRONT_8a05f7a2_26d153ce,scene-0926,G51-B,24.202634281405988,1,502960,0.12227960416790906,0.02389063480727362,64.5614792846793,64.5614792846793,64.56147003173828,518,294,0,518
scene-0926_CAM_FRONT_91a161db_1998255a,scene-0926,G51-B,23.379609860248447,1,497677,0.06127433510259861,0.01043823734574341,64.5614792846793,64.5614792846793,64.56147003173828,518,294,0,518
scene-0926_CAM_FRONT_cc8d4c54_6742957c,scene-0926,G51-B,23.991199752202647,1,458962,0.0675316611505341,0.016776226957118945,64.5614792846793,64.5614792846793,64.56147003173828,518,294,0,518
scene-0926_CAM_FRONT_e1f394c2_b703e37c,scene-0926,G51-B,21.205972377232147,1,421255,0.06559161133261693,0.011985200318355343,64.5614792846793,64.5614792846793,64.56147003173828,518,294,0,518
scene-0926_CAM_FRONT_e31dad83_70308748,scene-0926,G51-B,19.66008395029085,1,407565,0.0663493584754864,0.020146255508905846,64.5614792846793,64.5614792846793,64.56147003173828,518,294,0,518
scene-0926_CAM_FRONT_7f10e68a_76e95a17,scene-0926,G51-B,21.74779305479075,1,402959,0.06952061376660224,0.015473737011635433,64.5614792846793,64.5614792846793,64.56147003173828,518,294,0,518
scene-0927_CAM_FRONT_5d785cd9_f4e02ed6,scene-0927,G51-B,22.159518302493968,1,496020,0.10361864133529841,0.021030788972774817,64.5614792846793,64.5614792846793,64.56147003173828,518,294,0,518
scene-0927_CAM_FRONT_3a9bf178_34f1c80e,scene-0927,G51-B,24.039463944059772,1,470403,0.10857422595687316,0.006407222648743585,64.5614792846793,64.5614792846793,64.56147003173828,518,294,0,518
scene-0927_CAM_FRONT_39685006_f6c8351e,scene-0927,G51-B,23.56214190221544,1,532056,0.12696475389536488,0.011382855981669686,64.5614792846793,64.5614792846793,64.56147003173828,518,294,0,518
scene-0927_CAM_FRONT_ceb32049_c485bc17,scene-0927,G51-B,22.898733428030308,1,486642,0.08759226086387284,0.015626166792976588,64.5614792846793,64.5614792846793,64.56147003173828,518,294,0,518
scene-0927_CAM_FRONT_4ef4a5d9_0d9c4c2d,scene-0927,G51-B,21.076492697594503,1,391772,0.056086274917468426,0.016647354539328744,64.5614792846793,64.5614792846793,64.56147003173828,518,294,0,518
scene-0927_CAM_FRONT_b010e143_486730ca,scene-0927,G51-B,21.29030776515151,1,450642,0.07930652585646625,0.042279977938672546,64.5614792846793,64.5614792846793,64.56147003173828,518,294,0,518
scene-0927_CAM_FRONT_699b319a_0c6c611c,scene-0927,G51-B,23.884995858880536,1,508050,0.08981682776324718,0.02281435456516741,64.5614792846793,64.5614792846793,64.56147003173828,518,294,0,518
scene-0927_CAM_FRONT_3ca673f7_89897ce7,scene-0927,G51-B,25.171567408024952,1,531269,0.1304632921247615,0.010548662437974119,64.5614792846793,64.5614792846793,64.56147003173828,518,294,0,518
scene-0928_CAM_FRONT_fd091598_44bce708,scene-0928,G51-B,23.234557615047475,1,538890,0.12123178079940389,0.015750886797854136,64.5614792846793,64.5614792846793,64.56147003173828,518,294,0,518
scene-0928_CAM_FRONT_bd2e11f5_25d279c8,scene-0928,G51-B,24.4725225864176,1,490590,0.07466466025168117,0.039473441995865825,64.5614792846793,64.5614792846793,64.56147003173828,518,294,0,518
scene-0928_CAM_FRONT_7723b0a5_0cb0b2de,scene-0928,G51-B,23.35305835718242,1,510729,0.04909510324903543,0.021988194447441947,64.5614792846793,64.5614792846793,64.56147003173828,518,294,0,518
scene-0928_CAM_FRONT_8dffb9bb_4b1b6413,scene-0928,G51-B,18.570356239233423,1,501902,0.04893921567650161,0.005996369563760262,64.5614792846793,64.5614792846793,64.56147003173828,518,294,0,518
scene-0928_CAM_FRONT_718a63b0_b1e7b23a,scene-0928,G51-B,16.20349799262153,1,409453,0.04101317327683196,0.018830053311211566,64.5614792846793,64.5614792846793,64.56147003173828,518,294,0,518
scene-0928_CAM_FRONT_baf7925d_c3dcf31b,scene-0928,G51-B,19.359053599683545,1,427299,0.061339812977191155,0.021652104776305893,64.5614792846793,64.5614792846793,64.56147003173828,518,294,0,518
scene-0928_CAM_FRONT_20a96478_8a383a92,scene-0928,G51-B,20.31782240881598,1,537454,0.054684156354262825,0.01772408683550479,64.5614792846793,64.5614792846793,64.56147003173828,518,294,0,518
scene-0928_CAM_FRONT_512e7eaa_7e06e46c,scene-0928,G51-B,20.357878766741067,1,587918,0.062126184714071275,0.014422766497117073,64.5614792846793,64.5614792846793,64.56147003173828,518,294,0,518
scene-0929_CAM_FRONT_dad9942e_b34fc5bc,scene-0929,G51-B,18.99339416164193,1,477442,0.06777730781144609,0.030710347541800027,64.5614792846793,64.5614792846793,64.56147003173828,518,294,0,518
scene-0929_CAM_FRONT_cd553502_b5e8f960,scene-0929,G51-B,20.051050169649876,1,412222,0.059590971301385576,0.02205408781391218,64.5614792846793,64.5614792846793,64.56147003173828,518,294,0,518
scene-0929_CAM_FRONT_5220c913_0f77ffe5,scene-0929,G51-B,21.664450848962126,1,403651,0.04813371550808476,0.008847226916365695,64.5614792846793,64.5614792846793,64.56147003173828,518,294,0,518
scene-0929_CAM_FRONT_0305c100_cbaaec20,scene-0929,G51-B,20.872923921400144,1,361306,0.03376960014769592,0.009144174097221928,64.5614792846793,64.5614792846793,64.56147003173828,518,294,0,518
scene-0929_CAM_FRONT_15606151_a84326b4,scene-0929,G51-B,17.858968321917814,1,371290,0.03348768798025681,0.01868390588414669,64.5614792846793,64.5614792846793,64.56147003173828,518,294,0,518
scene-0929_CAM_FRONT_fc03376a_353a0ef8,scene-0929,G51-B,13.898871736645814,1,298270,0.03214764875601239,0.01755003715681281,64.5614792846793,64.5614792846793,64.56147003173828,518,294,0,518
scene-0929_CAM_FRONT_14365b25_b7859e2f,scene-0929,G51-B,15.793976479388297,1,357643,0.04650739891321276,0.03373006874691809,64.5614792846793,64.5614792846793,64.56147003173828,518,294,0,518
scene-0929_CAM_FRONT_c875925c_402da35d,scene-0929,G51-B,17.604052327781982,1,385703,0.05052688831663543,0.012186032184405164,64.5614792846793,64.5614792846793,64.56147003173828,518,294,0,518
scene-0930_CAM_FRONT_e57fa712_36648b9c,scene-0930,G51-B,22.57315561819596,1,443076,0.06457759668194374,0.02697278071586858,64.5614792846793,64.5614792846793,64.56147003173828,518,294,0,518
scene-0930_CAM_FRONT_08e65feb_1770f47c,scene-0930,G51-B,25.931358667017918,1,435599,0.08464070281769365,0.02623792115385809,64.5614792846793,64.5614792846793,64.56147003173828,518,294,0,518
scene-0930_CAM_FRONT_d1c43c49_36f92785,scene-0930,G51-B,25.902496523095074,1,484648,0.10229056566280748,0.02519970623608348,64.5614792846793,64.5614792846793,64.56147003173828,518,294,0,518
scene-0930_CAM_FRONT_89a95522_80fa5404,scene-0930,G51-B,28.553345726228386,1,504915,0.12410142137902369,0.015952635681090576,64.5614792846793,64.5614792846793,64.56147003173828,518,294,0,518
scene-0930_CAM_FRONT_ebdaa986_4f0b05fa,scene-0930,G51-B,26.849334661411067,1,647901,0.07990071787218822,0.02372430163346042,64.5614792846793,64.5614792846793,64.56147003173828,518,294,0,518
scene-0930_CAM_FRONT_e007e23c_39d6e57a,scene-0930,G51-B,24.183359984822204,1,606213,0.05512459514259982,0.016870299665706273,64.5614792846793,64.5614792846793,64.56147003173828,518,294,0,518
scene-0930_CAM_FRONT_db9f6ddd_5a624b8b,scene-0930,G51-B,21.21281567776285,1,501878,0.05828023697247264,0.015555954885791064,64.5614792846793,64.5614792846793,64.56147003173828,518,294,0,518
scene-0930_CAM_FRONT_db9fed7b_5619b8bd,scene-0930,G51-B,20.62437050849303,1,423898,0.07028625883109174,0.01563583917588336,64.5614792846793,64.5614792846793,64.56147003173828,518,294,0,518
scene-0931_CAM_FRONT_b139c133_d9b7405e,scene-0931,G51-B,23.05730077851645,1,445173,0.08207355675268779,0.028480731023678152,64.5614792846793,64.5614792846793,64.56147003173828,518,294,0,518
scene-0931_CAM_FRONT_c46eb104_1a18bb13,scene-0931,G51-B,23.12118378767731,1,666302,0.07789917351581344,0.004382154695760322,64.5614792846793,64.5614792846793,64.56147003173828,518,294,0,518
scene-0931_CAM_FRONT_041205de_8e2f2524,scene-0931,G51-B,20.152810321684257,1,708914,0.061261613044423235,0.04258056421795594,64.5614792846793,64.5614792846793,64.56147003173828,518,294,0,518
scene-0931_CAM_FRONT_20f91bd4_0c8613a6,scene-0931,G51-B,15.107144533383398,1,688679,0.04146015979476836,0.017864073903897645,64.5614792846793,64.5614792846793,64.56147003173828,518,294,0,518
scene-0931_CAM_FRONT_6e454caa_dc9b951f,scene-0931,G51-B,13.239348366477271,1,647233,0.04079120939769387,0.031424436337596125,64.5614792846793,64.5614792846793,64.56147003173828,518,294,0,518
scene-0931_CAM_FRONT_b631c946_bc33d196,scene-0931,G51-B,12.062957871254408,1,633018,0.039127936037818944,0.0036541747858506017,64.5614792846793,64.5614792846793,64.56147003173828,518,294,0,518
scene-0931_CAM_FRONT_35e0c40a_6713ca52,scene-0931,G51-B,13.035526570235147,1,636278,0.03379511708078464,0.032678766119987844,64.5614792846793,64.5614792846793,64.56147003173828,518,294,0,518
scene-0931_CAM_FRONT_7f5e00d5_9fc32f87,scene-0931,G51-B,12.861257798256608,1,497491,0.02862167150401662,0.00432768260529587,64.5614792846793,64.5614792846793,64.56147003173828,518,294,0,518
scene-0962_CAM_FRONT_b2a93b02_2463d4ed,scene-0962,G51-B,27.737485453176333,1,342842,0.032944408761590216,0.022707181501892763,64.5614792846793,64.5614792846793,64.56147003173828,518,294,0,518
scene-0962_CAM_FRONT_754e47c5_c8634c59,scene-0962,G51-B,25.924355775523555,1,374777,0.02030313957541363,0.02178144846511988,64.5614792846793,64.5614792846793,64.56147003173828,518,294,0,518
scene-0962_CAM_FRONT_4911451f_3fb3df6b,scene-0962,G51-B,26.156970909552843,1,379425,0.04391399232816573,0.0331640684140082,64.5614792846793,64.5614792846793,64.56147003173828,518,294,0,518
scene-0962_CAM_FRONT_1b18579e_c189ad95,scene-0962,G51-B,36.204133064516135,1,346289,0.04284943956183085,0.03302469630939637,64.5614792846793,64.5614792846793,64.56147003173828,518,294,0,518
scene-0962_CAM_FRONT_0382fe99_b31c7ca5,scene-0962,G51-B,36.64834512246622,1,378518,0.06369626967556119,0.027136184884169297,64.5614792846793,64.5614792846793,64.56147003173828,518,294,0,518
scene-0962_CAM_FRONT_3139a4dc_d5155238,scene-0962,G51-B,23.071817590882578,1,395034,0.05921167829013596,0.036616712617531834,64.5614792846793,64.5614792846793,64.56147003173828,518,294,0,518
scene-0962_CAM_FRONT_30c32466_01ac1c5f,scene-0962,G51-B,23.867187499999996,1,397539,0.037134439324751245,0.02173272560118149,64.5614792846793,64.5614792846793,64.56147003173828,518,294,0,518
scene-0962_CAM_FRONT_6dee25fd_392894fd,scene-0962,G51-B,31.341724870391708,1,252734,0.02662005289493541,0.022003319279197193,64.5614792846793,64.5614792846793,64.56147003173828,518,294,0,518
scene-0963_CAM_FRONT_637fc435_2894f77b,scene-0963,G51-B,44.91615836031452,1,277736,0.053903537781856636,0.01566909893442315,64.5614792846793,64.5614792846793,64.56147003173828,518,294,0,518
scene-0963_CAM_FRONT_97411da2_12370234,scene-0963,G51-B,57.0606493116259,1,287422,0.05407697396659872,0.02076891235105709,64.5614792846793,64.5614792846793,64.56147003173828,518,294,0,518
scene-0963_CAM_FRONT_98a4bccf_abf6a27f,scene-0963,G51-B,39.10342766970198,1,250148,0.03134411598170983,0.024910095710714043,64.5614792846793,64.5614792846793,64.56147003173828,518,294,0,518
scene-0963_CAM_FRONT_766371d3_bb5af5ca,scene-0963,G51-B,26.721098499240128,1,242700,0.03406653049933217,0.026289987906984443,64.5614792846793,64.5614792846793,64.56147003173828,518,294,0,518
scene-0963_CAM_FRONT_2cafae36_aae7792b,scene-0963,G51-B,23.87385631742932,1,245214,0.04103558016970954,0.033765140176829155,64.5614792846793,64.5614792846793,64.56147003173828,518,294,0,518
scene-0963_CAM_FRONT_be97e44a_09a7c6bd,scene-0963,G51-B,34.4876423395445,1,269225,0.04060538514686751,0.022769542389307295,64.5614792846793,64.5614792846793,64.56147003173828,518,294,0,518
scene-0963_CAM_FRONT_f8814501_be8633f0,scene-0963,G51-B,28.521312684365775,1,285936,0.014888211058711853,0.002672097282990295,64.5614792846793,64.5614792846793,64.56147003173828,518,294,0,518
scene-0963_CAM_FRONT_882aeb15_ce7c4146,scene-0963,G51-B,29.208056640625006,1,259307,0.03264046562010625,0.02945782818186317,64.5614792846793,64.5614792846793,64.56147003173828,518,294,0,518
scene-0966_CAM_FRONT_b5cbf927_70fef2d1,scene-0966,G51-B,22.565959524601062,1,396846,0.0228899681098782,0.011742396118039587,64.5614792846793,64.5614792846793,64.56147003173828,518,294,0,518
scene-0966_CAM_FRONT_d2db7e12_586f3a3f,scene-0966,G51-B,17.188672632759452,1,366427,0.036622387655723454,0.034488547931279354,64.5614792846793,64.5614792846793,64.56147003173828,518,294,0,518
scene-0966_CAM_FRONT_d8cc7ad7_6c5e3539,scene-0966,G51-B,16.439281051316982,1,365963,0.0210561222483987,0.007945212537230285,64.5614792846793,64.5614792846793,64.56147003173828,518,294,0,518
scene-0966_CAM_FRONT_dcfd47c0_1cb428b0,scene-0966,G51-B,18.577072934367035,1,370920,0.015611633105289346,0.006670639945965292,64.5614792846793,64.5614792846793,64.56147003173828,518,294,0,518
scene-0966_CAM_FRONT_9b20ac04_4da9b80e,scene-0966,G51-B,19.160485390825492,1,387947,0.025002339477949498,0.019151570229023442,64.5614792846793,64.5614792846793,64.56147003173828,518,294,0,518
scene-0966_CAM_FRONT_5ad1d812_97b2a78e,scene-0966,G51-B,24.174560546875,1,452389,0.03839693885087314,0.033572623712021535,64.5614792846793,64.5614792846793,64.56147003173828,518,294,0,518
scene-0966_CAM_FRONT_ce4ea8ab_9e5e0d9f,scene-0966,G51-B,30.459648737212284,1,502447,0.03001225026991472,0.009826244934380689,64.5614792846793,64.5614792846793,64.56147003173828,518,294,0,518
scene-0966_CAM_FRONT_dffffefb_3f6ce131,scene-0966,G51-B,33.14931239297944,1,566158,0.0423223399562509,0.033375125923037145,64.5614792846793,64.5614792846793,64.56147003173828,518,294,0,518
scene-0967_CAM_FRONT_23d02c83_feeb907e,scene-0967,G51-B,34.00973571849235,1,568492,0.056544386673321956,0.011955278195362582,64.5614792846793,64.5614792846793,64.56147003173828,518,294,0,518
scene-0967_CAM_FRONT_4d3f8452_ea235f4c,scene-0967,G51-B,30.655689927659022,1,450625,0.03096260802122819,0.012633706737301697,64.5614792846793,64.5614792846793,64.56147003173828,518,294,0,518
scene-0967_CAM_FRONT_dab412ea_e2024bdc,scene-0967,G51-B,27.296634375,1,494856,0.028114206946875386,0.017508082066104477,64.5614792846793,64.5614792846793,64.56147003173828,518,294,0,518
scene-0967_CAM_FRONT_0d3531c4_d493e106,scene-0967,G51-B,22.425176374819106,1,483256,0.03719546057706369,0.010415075686142992,64.5614792846793,64.5614792846793,64.56147003173828,518,294,0,518
scene-0967_CAM_FRONT_817e7e53_218372bb,scene-0967,G51-B,20.213058617506515,1,417917,0.04905686135629406,0.016292680263509336,64.5614792846793,64.5614792846793,64.56147003173828,518,294,0,518
scene-0967_CAM_FRONT_8ccbaa32_d87b0205,scene-0967,G51-B,23.518122929741978,1,449329,0.06952156451965052,0.020139183307482295,64.5614792846793,64.5614792846793,64.56147003173828,518,294,0,518
scene-0967_CAM_FRONT_aaace027_f10cf1a4,scene-0967,G51-B,21.974832897592734,1,433582,0.05670499271159701,0.01877669948285165,64.5614792846793,64.5614792846793,64.56147003173828,518,294,0,518
scene-0967_CAM_FRONT_558df2e9_b656c7df,scene-0967,G51-B,25.574421557562072,1,398467,0.07522006755211308,0.029820231421263846,64.5614792846793,64.5614792846793,64.56147003173828,518,294,0,518
scene-0968_CAM_FRONT_aa298fdc_6c333a63,scene-0968,G51-B,23.64790449421625,1,481101,0.045449091233206396,0.01899008106106977,64.5614792846793,64.5614792846793,64.56147003173828,518,294,0,518
scene-0968_CAM_FRONT_b06d517f_f53d39f4,scene-0968,G51-B,24.209169708029197,1,467048,0.042769779919883844,0.018107952378174502,64.5614792846793,64.5614792846793,64.56147003173828,518,294,0,518
scene-0968_CAM_FRONT_e4dbec5e_c428be7e,scene-0968,G51-B,24.34148068612985,1,467702,0.04933768166778085,0.01649534020494586,64.5614792846793,64.5614792846793,64.56147003173828,518,294,0,518
scene-0968_CAM_FRONT_119c8d25_34c683c2,scene-0968,G51-B,26.930942330309136,1,560675,0.07815478244967178,0.02089535586279727,64.5614792846793,64.5614792846793,64.56147003173828,518,294,0,518
scene-0968_CAM_FRONT_00460925_bfa13689,scene-0968,G51-B,23.040422993321574,1,595227,0.02976403942324435,0.026818216004173705,64.5614792846793,64.5614792846793,64.56147003173828,518,294,0,518
scene-0968_CAM_FRONT_22cc5daf_4c27ebb8,scene-0968,G51-B,21.058158039944008,1,518320,0.09744776063336102,0.030849783029992903,64.5614792846793,64.5614792846793,64.56147003173828,518,294,0,518
scene-0968_CAM_FRONT_5df9f3f1_7f2bc98e,scene-0968,G51-B,20.64174477348115,1,572557,0.03466536511541518,0.012293139863370316,64.5614792846793,64.5614792846793,64.56147003173828,518,294,0,518
scene-0968_CAM_FRONT_184a3de6_927a2dc6,scene-0968,G51-B,19.003480344792514,1,528113,0.02562497835258526,0.010885539182170598,64.5614792846793,64.5614792846793,64.56147003173828,518,294,0,518
scene-0969_CAM_FRONT_923b34d4_ea7c5f51,scene-0969,G51-B,16.30564112311241,1,569350,0.03922748278793531,0.012086241427780909,64.5614792846793,64.5614792846793,64.56147003173828,518,294,0,518
scene-0969_CAM_FRONT_e3a3363b_a04f92ca,scene-0969,G51-B,15.259457085076278,1,554575,0.034313280174336214,0.026613682980561347,64.5614792846793,64.5614792846793,64.56147003173828,518,294,0,518
scene-0969_CAM_FRONT_0fa78a07_10540722,scene-0969,G51-B,19.729169291834676,1,439947,0.031648110137170615,0.016879187061219582,64.5614792846793,64.5614792846793,64.56147003173828,518,294,0,518
scene-0969_CAM_FRONT_89804ee2_863d4849,scene-0969,G51-B,22.49051257621952,1,488301,0.02520673400843254,0.009894325027675196,64.5614792846793,64.5614792846793,64.56147003173828,518,294,0,518
scene-0969_CAM_FRONT_e624c4c4_93d2488a,scene-0969,G51-B,16.682877977613128,1,386361,0.020395479207558243,0.003020757917193796,64.5614792846793,64.5614792846793,64.56147003173828,518,294,0,518
scene-0969_CAM_FRONT_12831494_6c101672,scene-0969,G51-B,27.660473113364375,1,448248,0.03328002291245302,0.03505365328078441,64.5614792846793,64.5614792846793,64.56147003173828,518,294,0,518
scene-0969_CAM_FRONT_d3fc0ca6_75f75895,scene-0969,G51-B,29.020053337597822,1,437750,0.03896921844211687,0.026459098408049893,64.5614792846793,64.5614792846793,64.56147003173828,518,294,0,518
scene-0969_CAM_FRONT_2c16056f_c65d8181,scene-0969,G51-B,29.108089146600573,1,552789,0.02904408084116117,0.02446117336671088,64.5614792846793,64.5614792846793,64.56147003173828,518,294,0,518
scene-0971_CAM_FRONT_45c4bd03_deefc567,scene-0971,G51-B,16.492221516690854,1,695766,0.09510660732757104,0.006126481233195701,64.5614792846793,64.5614792846793,64.56147003173828,518,294,0,518
scene-0971_CAM_FRONT_d95a0f0a_ec55283a,scene-0971,G51-B,16.247580101921272,1,740004,0.04013803117597692,0.011751650638936522,64.5614792846793,64.5614792846793,64.56147003173828,518,294,0,518
scene-0971_CAM_FRONT_0c9100bb_0b91ae54,scene-0971,G51-B,15.862270929783952,1,587302,0.06867227260110198,0.03865260629522242,64.5614792846793,64.5614792846793,64.56147003173828,518,294,0,518
scene-0971_CAM_FRONT_cb99af54_e5164edf,scene-0971,G51-B,25.570105951247886,1,551514,0.03152788392390682,0.018151947917504276,64.5614792846793,64.5614792846793,64.56147003173828,518,294,0,518
scene-0971_CAM_FRONT_d651efd7_bcb4f1b8,scene-0971,G51-B,25.72152795069721,1,474468,0.04038974108044391,0.03328961756598806,64.5614792846793,64.5614792846793,64.56147003173828,518,294,0,518
scene-0971_CAM_FRONT_2c167c01_e63daf85,scene-0971,G51-B,28.22853866549455,1,509446,0.03014576923503709,0.0060755775083107975,64.5614792846793,64.5614792846793,64.56147003173828,518,294,0,518
scene-0971_CAM_FRONT_ed00752c_dd3e8360,scene-0971,G51-B,33.62878838009528,1,485744,0.05275630399497411,0.012467704843864263,64.5614792846793,64.5614792846793,64.56147003173828,518,294,0,518
scene-0971_CAM_FRONT_11a83de0_b6fdaedd,scene-0971,G51-B,24.725880889118013,1,450772,0.03510429640166435,0.022187568239130158,64.5614792846793,64.5614792846793,64.56147003173828,518,294,0,518
scene-0972_CAM_FRONT_e80bfd61_c8151359,scene-0972,G51-B,19.418021498631393,1,476325,0.046593987711394114,0.04116178550577628,64.5614792846793,64.5614792846793,64.56147003173828,518,294,0,518
scene-0972_CAM_FRONT_6cd9c11f_dbaed053,scene-0972,G51-B,17.880815615664677,1,481226,0.030430002184093752,0.01327171567099129,64.5614792846793,64.5614792846793,64.56147003173828,518,294,0,518
scene-0972_CAM_FRONT_01c42b37_24d36d6c,scene-0972,G51-B,23.57416801948052,1,425590,0.03288040226621014,0.02351904739841238,64.5614792846793,64.5614792846793,64.56147003173828,518,294,0,518
scene-0972_CAM_FRONT_68d1a328_53bc14f0,scene-0972,G51-B,29.550537109375,1,407319,0.02654412608018708,0.013073981047336097,64.5614792846793,64.5614792846793,64.56147003173828,518,294,0,518
scene-0972_CAM_FRONT_1241c106_98f5dd32,scene-0972,G51-B,26.4579066664143,1,475277,0.04833187259276661,0.02146285391281726,64.5614792846793,64.5614792846793,64.56147003173828,518,294,0,518
scene-0972_CAM_FRONT_7d8ff417_32acb4d3,scene-0972,G51-B,24.00617995300073,1,621844,0.04205538881824511,0.034032085081972925,64.5614792846793,64.5614792846793,64.56147003173828,518,294,0,518
scene-0972_CAM_FRONT_4f5b8cae_82c379e1,scene-0972,G51-B,23.664179206942,1,574553,0.050964662177828135,0.06935090001524671,64.5614792846793,64.5614792846793,64.56147003173828,518,294,0,518
scene-0972_CAM_FRONT_6b179cb7_0c381dc5,scene-0972,G51-B,27.105593359916785,1,546293,0.028015984799142135,0.024778018077946416,64.5614792846793,64.5614792846793,64.56147003173828,518,294,0,518
scene-1059_CAM_FRONT_cb4504ed_fff51b00,scene-1059,G51-B,21.26930292259084,1,347855,0.04201507539071736,0.035708714783519536,64.5614792846793,64.5614792846793,64.56147003173828,518,294,0,518
scene-1059_CAM_FRONT_97d92ade_bdea805e,scene-1059,G51-B,17.005447815164437,1,312178,0.0482427719928229,0.034482597135457205,64.5614792846793,64.5614792846793,64.56147003173828,518,294,0,518
scene-1059_CAM_FRONT_a945d7d0_3aeb1dd2,scene-1059,G51-B,17.674542228001364,1,368549,0.048877308636678496,0.036836159629470164,64.5614792846793,64.5614792846793,64.56147003173828,518,294,0,518
scene-1059_CAM_FRONT_3f8c45e9_2ff6e2f9,scene-1059,G51-B,16.210855992436098,1,452253,0.06599377474940749,0.06634862454944786,64.5614792846793,64.5614792846793,64.56147003173828,518,294,0,518
scene-1059_CAM_FRONT_eb82a835_82f21b3a,scene-1059,G51-B,12.598119267403574,1,479573,0.07590373066770484,0.030148777316189722,64.5614792846793,64.5614792846793,64.56147003173828,518,294,0,518
scene-1059_CAM_FRONT_f8ac246e_31c4135d,scene-1059,G51-B,11.87702649993821,1,386029,0.07512131306537695,0.020516424618324505,64.5614792846793,64.5614792846793,64.56147003173828,518,294,0,518
scene-1059_CAM_FRONT_49e0e239_7dfdfced,scene-1059,G51-B,15.646681479357802,1,421493,0.10428421196381432,0.02003541460402196,64.5614792846793,64.5614792846793,64.56147003173828,518,294,0,518
scene-1059_CAM_FRONT_171e5846_5253c29c,scene-1059,G51-B,21.567895382182673,1,468878,0.08612650541633426,0.051403841788713114,64.5614792846793,64.5614792846793,64.56147003173828,518,294,0,518
scene-1060_CAM_FRONT_e74b8ce0_ffced1bc,scene-1060,G51-B,25.604482323232315,1,405316,0.07985406598187206,0.05597278797410477,64.5614792846793,64.5614792846793,64.56147003173828,518,294,0,518
scene-1060_CAM_FRONT_ce3718b3_6a572eb7,scene-1060,G51-B,27.629270408813046,1,413038,0.09261862605137727,0.07179085973260614,64.5614792846793,64.5614792846793,64.56147003173828,518,294,0,518
scene-1060_CAM_FRONT_2f51a63b_2fd7d4c5,scene-1060,G51-B,25.498024086307492,1,413654,0.08301217931535243,0.047777384331827835,64.5614792846793,64.5614792846793,64.56147003173828,518,294,0,518
scene-1060_CAM_FRONT_d6297a6f_8df260af,scene-1060,G51-B,26.892238984048113,1,432492,0.11082202100580174,0.04069528125186277,64.5614792846793,64.5614792846793,64.56147003173828,518,294,0,518
scene-1060_CAM_FRONT_e0e5ebc1_84eb0d49,scene-1060,G51-B,27.526461105275438,1,354594,0.09473417323514877,0.09967529045245158,64.5614792846793,64.5614792846793,64.56147003173828,518,294,0,518
scene-1060_CAM_FRONT_263f230e_fb43e7b6,scene-1060,G51-B,25.347045549332698,1,478136,0.07945373570887426,0.0527914684789428,64.5614792846793,64.5614792846793,64.56147003173828,518,294,0,518
scene-1060_CAM_FRONT_5510e4b6_0b0e7d27,scene-1060,G51-B,25.81012637216714,1,415723,0.05589925651731287,0.036145113188571165,64.5614792846793,64.5614792846793,64.56147003173828,518,294,0,518
scene-1060_CAM_FRONT_3f9e2573_2deffe9a,scene-1060,G51-B,27.66074874729143,1,472112,0.0744294968806094,0.031373667281409445,64.5614792846793,64.5614792846793,64.56147003173828,518,294,0,518
scene-1061_CAM_FRONT_79f64892_331fa27d,scene-1061,G51-B,20.004176300915542,1,426418,0.08103529518675945,0.04144565058562741,64.5614792846793,64.5614792846793,64.56147003173828,518,294,0,518
scene-1061_CAM_FRONT_3eada6f4_9fa6e5f9,scene-1061,G51-B,25.96455218301435,1,520243,0.1612176955598854,0.12435664584993678,64.5614792846793,64.5614792846793,64.56147003173828,518,294,0,518
scene-1061_CAM_FRONT_f8de8186_f267aa43,scene-1061,G51-B,23.526852195074788,1,467513,0.08569095395299664,0.05446413694484875,64.5614792846793,64.5614792846793,64.56147003173828,518,294,0,518
scene-1061_CAM_FRONT_50e62add_8a75ea80,scene-1061,G51-B,23.67974888685176,1,556312,0.07439588029427058,0.03748529605081422,64.5614792846793,64.5614792846793,64.56147003173828,518,294,0,518
scene-1061_CAM_FRONT_bb4f3cfb_50f1c83c,scene-1061,G51-B,26.566239840246638,1,454870,0.07447530293688964,0.011513568350550393,64.5614792846793,64.5614792846793,64.56147003173828,518,294,0,518
scene-1061_CAM_FRONT_50e79730_01cf2593,scene-1061,G51-B,27.859497980530236,1,531855,0.06374892945045829,0.015186967656518507,64.5614792846793,64.5614792846793,64.56147003173828,518,294,0,518
scene-1061_CAM_FRONT_a08ae80f_1f7bbb7a,scene-1061,G51-B,27.717299378033978,1,491713,0.07486872654863497,0.026346889236403163,64.5614792846793,64.5614792846793,64.56147003173828,518,294,0,518
scene-1061_CAM_FRONT_c3d70d9f_92e329cf,scene-1061,G51-B,26.845449942129637,1,400993,0.0622253765608316,0.039240975937210286,64.5614792846793,64.5614792846793,64.56147003173828,518,294,0,518
scene-1062_CAM_FRONT_61789996_6b9a3650,scene-1062,G51-B,17.581128991168473,1,384252,0.05653358771525796,0.01311133253693149,64.5614792846793,64.5614792846793,64.56147003173828,518,294,0,518
scene-1062_CAM_FRONT_c6d18bda_e1b741c0,scene-1062,G51-B,22.018558031892116,1,468261,0.06978915515856166,0.011446734631028426,64.5614792846793,64.5614792846793,64.56147003173828,518,294,0,518
scene-1062_CAM_FRONT_cd1b9e25_4eed0329,scene-1062,G51-B,26.784125672190516,1,392875,0.06428437161207601,0.0226697352021768,64.5614792846793,64.5614792846793,64.56147003173828,518,294,0,518
scene-1062_CAM_FRONT_6582e6af_17d12b97,scene-1062,G51-B,27.7720867756226,1,451356,0.062383372552891725,0.023088037018658816,64.5614792846793,64.5614792846793,64.56147003173828,518,294,0,518
scene-1062_CAM_FRONT_e9550049_9a12dd12,scene-1062,G51-B,23.582647063605624,1,464564,0.07264528877118304,0.033004783936634814,64.5614792846793,64.5614792846793,64.56147003173828,518,294,0,518
scene-1062_CAM_FRONT_1d0ccce7_1a776100,scene-1062,G51-B,23.734709821428567,1,394499,0.044353117463301395,0.01733374082468028,64.5614792846793,64.5614792846793,64.56147003173828,518,294,0,518
scene-1062_CAM_FRONT_d1e5fd1c_62a84ee7,scene-1062,G51-B,23.478831722861838,1,372358,0.05208060250720048,0.027347247573310404,64.5614792846793,64.5614792846793,64.56147003173828,518,294,0,518
scene-1062_CAM_FRONT_2e849ae0_4f371688,scene-1062,G51-B,23.773646558834304,1,323851,0.04176180768489246,0.010485882746679536,64.5614792846793,64.5614792846793,64.56147003173828,518,294,0,518
scene-1063_CAM_FRONT_42c25025_7feaed03,scene-1063,G51-B,30.115878262362635,1,336118,0.06400193040645186,0.038221827060003495,64.5614792846793,64.5614792846793,64.56147003173828,518,294,0,518
scene-1063_CAM_FRONT_291a44ae_b615d1af,scene-1063,G51-B,21.1345403148055,1,357731,0.0445966486927869,0.02542296224588443,64.5614792846793,64.5614792846793,64.56147003173828,518,294,0,518
scene-1063_CAM_FRONT_01c3289b_e44b9739,scene-1063,G51-B,27.207470942088094,1,444644,0.046924457008920895,0.042979128202392795,64.5614792846793,64.5614792846793,64.56147003173828,518,294,0,518
scene-1063_CAM_FRONT_4c1be72a_23ef1630,scene-1063,G51-B,31.810160564131532,1,499899,0.04987263299263667,0.00888938863717324,64.5614792846793,64.5614792846793,64.56147003173828,518,294,0,518
scene-1063_CAM_FRONT_f291dbf1_65b000c4,scene-1063,G51-B,31.02637400072674,1,436583,0.05068892822728799,0.03441202455278584,64.5614792846793,64.5614792846793,64.56147003173828,518,294,0,518
scene-1063_CAM_FRONT_46cf544f_b8849fcd,scene-1063,G51-B,29.65132828325456,1,408097,0.06057868471988437,0.03146077077133175,64.5614792846793,64.5614792846793,64.56147003173828,518,294,0,518
scene-1063_CAM_FRONT_b44e59e4_49d97125,scene-1063,G51-B,24.031840414577367,1,335569,0.0283089168476236,0.013593666826365494,64.5614792846793,64.5614792846793,64.56147003173828,518,294,0,518
scene-1063_CAM_FRONT_8190acd9_4b367031,scene-1063,G51-B,28.805673076923078,1,413430,0.046908109455962244,0.02542041391757658,64.5614792846793,64.5614792846793,64.56147003173828,518,294,0,518
scene-1064_CAM_FRONT_b62a484b_a354f386,scene-1064,G51-B,27.26184069738168,1,350638,0.051510662580163125,0.03614772678843801,64.5614792846793,64.5614792846793,64.56147003173828,518,294,0,518
scene-1064_CAM_FRONT_6a26b824_c8241756,scene-1064,G51-B,28.99139890282131,1,397806,0.04059968091986166,0.02071686656568325,64.5614792846793,64.5614792846793,64.56147003173828,518,294,0,518
scene-1064_CAM_FRONT_6f5c95dd_f722e39f,scene-1064,G51-B,21.19422586930456,1,422768,0.03118137565261514,0.012536735535334954,64.5614792846793,64.5614792846793,64.56147003173828,518,294,0,518
scene-1064_CAM_FRONT_b8057780_cce69223,scene-1064,G51-B,16.91159278759058,1,347116,0.017033446634161953,0.009656091187266333,64.5614792846793,64.5614792846793,64.56147003173828,518,294,0,518
scene-1064_CAM_FRONT_b1b4b2f5_3e8da1f9,scene-1064,G51-B,16.699497270499112,1,304936,0.030221558923932745,0.028520266387188496,64.5614792846793,64.5614792846793,64.56147003173828,518,294,0,518
scene-1064_CAM_FRONT_aef5b6d3_1fcc8d01,scene-1064,G51-B,24.09125364915074,1,435436,0.10226755388467224,0.09469768494329037,64.5614792846793,64.5614792846793,64.56147003173828,518,294,0,518
scene-1064_CAM_FRONT_d049eb8f_f0890b4c,scene-1064,G51-B,24.15155834101147,1,416093,0.044878076163541,0.015755918455839988,64.5614792846793,64.5614792846793,64.56147003173828,518,294,0,518
scene-1064_CAM_FRONT_23a90ef5_9435f311,scene-1064,G51-B,28.315974331713242,1,419326,0.05740117343397633,0.016927845313324794,64.5614792846793,64.5614792846793,64.56147003173828,518,294,0,518
scene-1065_CAM_FRONT_dc2def2a_cc4e11ce,scene-1065,G51-B,23.365548936533216,1,429004,0.058081483728736005,0.03267572546333412,64.5614792846793,64.5614792846793,64.56147003173828,518,294,0,518
scene-1065_CAM_FRONT_32e623d9_f7a93963,scene-1065,G51-B,25.836020949898273,1,352584,0.034551331184028866,0.019117760362596988,64.5614792846793,64.5614792846793,64.56147003173828,518,294,0,518
scene-1065_CAM_FRONT_0acd18a2_f3fc850f,scene-1065,G51-B,29.99740396409456,1,470305,0.06444485629263985,0.03125297828833703,64.5614792846793,64.5614792846793,64.56147003173828,518,294,0,518
scene-1065_CAM_FRONT_d9288fbf_62c42fb6,scene-1065,G51-B,31.604508869908013,1,409975,0.03860304591587349,0.0099947464037649,64.5614792846793,64.5614792846793,64.56147003173828,518,294,0,518
scene-1065_CAM_FRONT_eb921f24_90c191b4,scene-1065,G51-B,29.739204245780588,1,446009,0.06516226375045076,0.02928788268128135,64.5614792846793,64.5614792846793,64.56147003173828,518,294,0,518
scene-1065_CAM_FRONT_41664d45_0b356d12,scene-1065,G51-B,27.317215380139647,1,348932,0.05481555789475845,0.03680302468681085,64.5614792846793,64.5614792846793,64.56147003173828,518,294,0,518
scene-1065_CAM_FRONT_6b2940c6_4cf91043,scene-1065,G51-B,28.681441417378913,1,384416,0.04719865574711335,0.04996035315117072,64.5614792846793,64.5614792846793,64.56147003173828,518,294,0,518
scene-1065_CAM_FRONT_f03bb2a5_0888060b,scene-1065,G51-B,31.668623611693206,1,412101,0.048499217291975594,0.04457438521320141,64.5614792846793,64.5614792846793,64.56147003173828,518,294,0,518
scene-1066_CAM_FRONT_21bb21c8_d15d80fd,scene-1066,G51-B,27.866491755937016,1,360759,0.03280733302801053,0.02832386804353674,64.5614792846793,64.5614792846793,64.56147003173828,518,294,0,518
scene-1066_CAM_FRONT_fc6ff393_99a4c956,scene-1066,G51-B,25.64546651176671,1,339141,0.031000719685358114,0.020700580189619722,64.5614792846793,64.5614792846793,64.56147003173828,518,294,0,518
scene-1066_CAM_FRONT_f0ad08f0_259ea3f1,scene-1066,G51-B,25.874114742123986,1,401353,0.03773293905838582,0.005742857195984939,64.5614792846793,64.5614792846793,64.56147003173828,518,294,0,518
scene-1066_CAM_FRONT_43b92f49_a36ddb26,scene-1066,G51-B,28.89630142405064,1,355048,0.03965834515587363,0.03573568447793202,64.5614792846793,64.5614792846793,64.56147003173828,518,294,0,518
scene-1066_CAM_FRONT_118f9c10_d23b0449,scene-1066,G51-B,31.619733876560336,1,404375,0.04561708581853319,0.026545391772876688,64.5614792846793,64.5614792846793,64.56147003173828,518,294,0,518
scene-1066_CAM_FRONT_33f8c4af_84324196,scene-1066,G51-B,30.350472967544988,1,432074,0.05928539390005039,0.04200155119173239,64.5614792846793,64.5614792846793,64.56147003173828,518,294,0,518
scene-1066_CAM_FRONT_e6082479_54d5b307,scene-1066,G51-B,27.760136973875177,1,421670,0.07210078764913908,0.04092184145473524,64.5614792846793,64.5614792846793,64.56147003173828,518,294,0,518
scene-1066_CAM_FRONT_f153f6d0_887e6f18,scene-1066,G51-B,23.64012103999427,1,351381,0.05009768121061953,0.02932097240299329,64.5614792846793,64.5614792846793,64.56147003173828,518,294,0,518
scene-1067_CAM_FRONT_b6a9d120_243788e0,scene-1067,G51-B,27.182346421557305,1,326109,0.045625198055979865,0.019378600202087592,64.5614792846793,64.5614792846793,64.56147003173828,518,294,0,518
scene-1067_CAM_FRONT_5f816fe1_6e1f02cb,scene-1067,G51-B,21.097635823109414,1,350474,0.044499702094184634,0.03215604098566082,64.5614792846793,64.5614792846793,64.56147003173828,518,294,0,518
scene-1067_CAM_FRONT_dd29902d_f975cc2c,scene-1067,G51-B,22.312892184826012,1,378621,0.045244685189662626,0.03379867059942083,64.5614792846793,64.5614792846793,64.56147003173828,518,294,0,518
scene-1067_CAM_FRONT_f9cb1bb0_c30d133f,scene-1067,G51-B,25.590570652173913,1,363949,0.03915334089595479,0.030652649723578087,64.5614792846793,64.5614792846793,64.56147003173828,518,294,0,518
scene-1067_CAM_FRONT_5cd3757b_165cc8e6,scene-1067,G51-B,22.813069012493347,1,281468,0.06017941786828107,0.041069722678805515,64.5614792846793,64.5614792846793,64.56147003173828,518,294,0,518
scene-1067_CAM_FRONT_08461b5c_c6749814,scene-1067,G51-B,19.326632380976918,1,434429,0.05214695792140933,0.0049714429652208455,64.5614792846793,64.5614792846793,64.56147003173828,518,294,0,518
scene-1067_CAM_FRONT_c80fdd92_e604c860,scene-1067,G51-B,16.55439161406472,1,289958,0.04856918111324626,0.017001877983175453,64.5614792846793,64.5614792846793,64.56147003173828,518,294,0,518
scene-1067_CAM_FRONT_589b79f6_ff729b4a,scene-1067,G51-B,17.524052067344588,1,296158,0.0266381154061055,0.01086816851865513,64.5614792846793,64.5614792846793,64.56147003173828,518,294,0,518
scene-1068_CAM_FRONT_2920a331_f634fd06,scene-1068,G51-B,17.548002005912164,1,323106,0.06256424835315588,0.025327717783790085,64.5614792846793,64.5614792846793,64.56147003173828,518,294,0,518
scene-1068_CAM_FRONT_23529e9b_7b0c6e14,scene-1068,G51-B,17.673332479508197,1,370326,0.0870669962776418,0.008504677545125973,64.5614792846793,64.5614792846793,64.56147003173828,518,294,0,518
scene-1068_CAM_FRONT_419069c2_e004cf11,scene-1068,G51-B,20.052561519005298,1,334527,0.040609370551957014,0.018301189977875245,64.5614792846793,64.5614792846793,64.56147003173828,518,294,0,518
scene-1068_CAM_FRONT_7bfe5634_8418f22e,scene-1068,G51-B,20.996916749846438,1,322926,0.021045290584414733,0.009880999566366356,64.5614792846793,64.5614792846793,64.56147003173828,518,294,0,518
scene-1068_CAM_FRONT_6a32a4b2_7c690197,scene-1068,G51-B,22.9140421059237,1,314917,0.031422372496994644,0.010665546902013242,64.5614792846793,64.5614792846793,64.56147003173828,518,294,0,518
scene-1068_CAM_FRONT_44963cfa_fcec74d8,scene-1068,G51-B,21.305835493995634,1,326403,0.03212996196011586,0.01325591216290475,64.5614792846793,64.5614792846793,64.56147003173828,518,294,0,518
scene-1068_CAM_FRONT_f409a006_c3cfb27e,scene-1068,G51-B,25.42572782417149,1,319880,0.03190845602737391,0.010832881395375691,64.5614792846793,64.5614792846793,64.56147003173828,518,294,0,518
scene-1068_CAM_FRONT_cd4fdfb5_f22f8f2f,scene-1068,G51-B,24.757839554475233,1,328414,0.028226954943061155,0.0168430982748407,64.5614792846793,64.5614792846793,64.56147003173828,518,294,0,518
scene-1069_CAM_FRONT_b58985f7_ae52c4af,scene-1069,G51-B,18.780767067683882,1,320508,0.032375939020546696,0.026796908951965695,64.5614792846793,64.5614792846793,64.56147003173828,518,294,0,518
scene-1069_CAM_FRONT_c7200859_ae8a5000,scene-1069,G51-B,23.749971712475304,1,311279,0.048379578430033376,0.03131198144717386,64.5614792846793,64.5614792846793,64.56147003173828,518,294,0,518
scene-1069_CAM_FRONT_f4550267_e75cb39a,scene-1069,G51-B,28.837666829427086,1,445222,0.04407584266612585,0.04075832090855979,64.5614792846793,64.5614792846793,64.56147003173828,518,294,0,518
scene-1069_CAM_FRONT_3af22799_f161848f,scene-1069,G51-B,29.83201247997865,1,416403,0.040412400913494295,0.03286737445989087,64.5614792846793,64.5614792846793,64.56147003173828,518,294,0,518
scene-1069_CAM_FRONT_cd422c2f_e7e97dc4,scene-1069,G51-B,28.1645511884904,1,464131,0.056921741055526276,0.035105699966365256,64.5614792846793,64.5614792846793,64.56147003173828,518,294,0,518
scene-1069_CAM_FRONT_3e8bbbf0_24dc629e,scene-1069,G51-B,25.37649297775288,1,448110,0.056310435244191215,0.03508551274593336,64.5614792846793,64.5614792846793,64.56147003173828,518,294,0,518
scene-1069_CAM_FRONT_205bbed2_93001674,scene-1069,G51-B,28.925952432022168,1,441881,0.05180429331983172,0.013506657321736188,64.5614792846793,64.5614792846793,64.56147003173828,518,294,0,518
scene-1069_CAM_FRONT_99d838dd_5ba9f3b3,scene-1069,G51-B,27.81327345698254,1,505824,0.051195979544206294,0.036449622789003544,64.5614792846793,64.5614792846793,64.56147003173828,518,294,0,518
scene-1070_CAM_FRONT_23779301_bb88fe0c,scene-1070,G51-B,26.515051269531252,1,432828,0.04834507203016436,0.04325331524865537,64.5614792846793,64.5614792846793,64.56147003173828,518,294,0,518
scene-1070_CAM_FRONT_55b96b9a_11a46849,scene-1070,G51-B,26.64049518504532,1,305062,0.03410382424394309,0.02092138711493429,64.5614792846793,64.5614792846793,64.56147003173828,518,294,0,518
scene-1070_CAM_FRONT_1efc1f89_bb05f4d6,scene-1070,G51-B,29.50696241129508,1,479252,0.05116309482971282,0.03134923301975839,64.5614792846793,64.5614792846793,64.56147003173828,518,294,0,518
scene-1070_CAM_FRONT_c97eef4c_bc33987f,scene-1070,G51-B,30.923742857601443,1,347345,0.030610630639596792,0.02186148819918702,64.5614792846793,64.5614792846793,64.56147003173828,518,294,0,518
scene-1070_CAM_FRONT_918b8f22_c8c58d10,scene-1070,G51-B,31.758173242591326,1,414044,0.047844788210062994,0.03560372202364701,64.5614792846793,64.5614792846793,64.56147003173828,518,294,0,518
scene-1070_CAM_FRONT_22312396_f9c8bf23,scene-1070,G51-B,31.267508450805526,1,477236,0.04622533648152238,0.02129650576423241,64.5614792846793,64.5614792846793,64.56147003173828,518,294,0,518
scene-1070_CAM_FRONT_52e868a4_5e080253,scene-1070,G51-B,29.63287450396826,1,500877,0.052349774171788876,0.011169226678971161,64.5614792846793,64.5614792846793,64.56147003173828,518,294,0,518
scene-1070_CAM_FRONT_f4f8526c_3c8e6743,scene-1070,G51-B,26.070314640410956,1,321646,0.023710525656027936,0.013336218480473562,64.5614792846793,64.5614792846793,64.56147003173828,518,294,0,518
scene-1071_CAM_FRONT_7e351605_e4f3ba86,scene-1071,G51-B,29.061786397835263,1,427548,0.05802771227199077,0.05747017904710201,64.5614792846793,64.5614792846793,64.56147003173828,518,294,0,518
scene-1071_CAM_FRONT_4afe649e_8ff61927,scene-1071,G51-B,27.661997715557636,1,431566,0.038593991465361466,0.0224474516975411,64.5614792846793,64.5614792846793,64.56147003173828,518,294,0,518
scene-1071_CAM_FRONT_d73837c9_b4128199,scene-1071,G51-B,27.01239072194021,1,447459,0.0404551514287852,0.03290986786475316,64.5614792846793,64.5614792846793,64.56147003173828,518,294,0,518
scene-1071_CAM_FRONT_f4a78e35_665d9302,scene-1071,G51-B,26.90918352145261,1,428006,0.03467837064870283,0.012882840733714374,64.5614792846793,64.5614792846793,64.56147003173828,518,294,0,518
scene-1071_CAM_FRONT_8cd233f6_f5fcaa58,scene-1071,G51-B,26.925919721983988,1,503168,0.05931270581133741,0.03848748072607825,64.5614792846793,64.5614792846793,64.56147003173828,518,294,0,518
scene-1071_CAM_FRONT_8e6c7f7a_8542f5f6,scene-1071,G51-B,25.111885217023676,1,443451,0.049424411075754016,0.037290973126519446,64.5614792846793,64.5614792846793,64.56147003173828,518,294,0,518
scene-1071_CAM_FRONT_9abd85fd_4ab3ec11,scene-1071,G51-B,25.750564732142863,1,419514,0.03826985007038752,0.019391886633168078,64.5614792846793,64.5614792846793,64.56147003173828,518,294,0,518
scene-1071_CAM_FRONT_a542b5d6_58ac8c22,scene-1071,G51-B,23.43545137878347,1,484903,0.06289276120967813,0.013858742135573771,64.5614792846793,64.5614792846793,64.56147003173828,518,294,0,518
scene-1072_CAM_FRONT_f9ad282e_b6b30633,scene-1072,G51-B,26.15680803571428,1,421380,0.04291672552544834,0.020278549184743477,64.5614792846793,64.5614792846793,64.56147003173828,518,294,0,518
scene-1072_CAM_FRONT_99a58537_1229d8b0,scene-1072,G51-B,26.827080000761722,1,453052,0.0401652897014122,0.012095079260848789,64.5614792846793,64.5614792846793,64.56147003173828,518,294,0,518
scene-1072_CAM_FRONT_08cf9365_aa84c2a1,scene-1072,G51-B,26.97436733128835,1,462235,0.032937848789417856,0.016715824353206076,64.5614792846793,64.5614792846793,64.56147003173828,518,294,0,518
scene-1072_CAM_FRONT_031c0539_8a655468,scene-1072,G51-B,26.082993388900952,1,436730,0.047123643476171484,0.031162386987083204,64.5614792846793,64.5614792846793,64.56147003173828,518,294,0,518
scene-1072_CAM_FRONT_e780de70_53123cc5,scene-1072,G51-B,26.44341204102122,1,390267,0.040482622329112594,0.030556986980299794,64.5614792846793,64.5614792846793,64.56147003173828,518,294,0,518
scene-1072_CAM_FRONT_c81faf62_0ad9191b,scene-1072,G51-B,23.99493230803221,1,414630,0.03834253145098221,0.022283962024061365,64.5614792846793,64.5614792846793,64.56147003173828,518,294,0,518
scene-1072_CAM_FRONT_8c88fa56_7e7a4ea0,scene-1072,G51-B,26.457667811698034,1,446425,0.049959227767209846,0.005289519231926816,64.5614792846793,64.5614792846793,64.56147003173828,518,294,0,518
scene-1072_CAM_FRONT_a1bbde13_7d9d7658,scene-1072,G51-B,22.45887287524054,1,496625,0.041128730121788415,0.020716472274727754,64.5614792846793,64.5614792846793,64.56147003173828,518,294,0,518
scene-1073_CAM_FRONT_127c5ddf_ca68f036,scene-1073,G51-B,9.863378815911192,1,449077,0.08045490618563944,0.007957938115086787,64.5614792846793,64.5614792846793,64.56147003173828,518,294,0,518
scene-1073_CAM_FRONT_29ac0fcf_b0415129,scene-1073,G51-B,10.287118828654402,1,421227,0.07993253611753204,0.020755909639388292,64.5614792846793,64.5614792846793,64.56147003173828,518,294,0,518
scene-1073_CAM_FRONT_9bccf886_e44d74c6,scene-1073,G51-B,10.015998966492603,1,446767,0.07836232604909377,0.0049524635562859035,64.5614792846793,64.5614792846793,64.56147003173828,518,294,0,518
scene-1073_CAM_FRONT_b85450b2_40fb1386,scene-1073,G51-B,10.822616485778445,1,463784,0.0621817238969784,0.013101028801113457,64.5614792846793,64.5614792846793,64.56147003173828,518,294,0,518
scene-1073_CAM_FRONT_3fa66f73_0f3fbd16,scene-1073,G51-B,11.899187957488737,1,455957,0.05954860999315503,0.018269711207505788,64.5614792846793,64.5614792846793,64.56147003173828,518,294,0,518
scene-1073_CAM_FRONT_1bfa473e_df9df601,scene-1073,G51-B,18.269029405381943,1,430920,0.0393644824130166,0.02865027692636688,64.5614792846793,64.5614792846793,64.56147003173828,518,294,0,518
scene-1073_CAM_FRONT_bcb9325f_6906b7b4,scene-1073,G51-B,26.6803027158444,1,298145,0.031537004458358275,0.016377154862026153,64.5614792846793,64.5614792846793,64.56147003173828,518,294,0,518
scene-1073_CAM_FRONT_f9b33fd3_f0ee73d4,scene-1073,G51-B,29.991416247714806,1,273754,0.029750187382830973,0.026334464447766822,64.5614792846793,64.5614792846793,64.56147003173828,518,294,0,518
