clip_id,variant,frame,n_valid,s_frame,mad_log,moge_mask_fraction,lingbot_conf_fraction
scene-0003_CAM_FRONT_fd842039_f56a5440,G51-B,0,64987,15.662474582619865,0.03644624453862155,0.9365889212827988,0.4277900349328921
scene-0003_CAM_FRONT_fd842039_f56a5440,G51-B,1,64224,15.7762889657308,0.03615078988072362,0.9367071152785439,0.4226223307855961
scene-0003_CAM_FRONT_fd842039_f56a5440,G51-B,2,63586,15.625320892575044,0.03239939290342542,0.9372455545924934,0.41828198460851523
scene-0003_CAM_FRONT_fd842039_f56a5440,G51-B,3,63238,15.496644596535518,0.03222694107566415,0.9356696346492265,0.4160494313555538
scene-0003_CAM_FRONT_fd842039_f56a5440,G51-B,4,63222,16.01687141971614,0.03901289727162216,0.935603971318257,0.41639088067659497
scene-0003_CAM_FRONT_f286cdae_21b99feb,G51-B,0,66175,18.6649394660596,0.01992084193404109,0.9343891996953222,0.4386901478738213
scene-0003_CAM_FRONT_f286cdae_21b99feb,G51-B,1,66575,18.710591051026338,0.01925669646231576,0.9332466577364537,0.44121161978304835
scene-0003_CAM_FRONT_f286cdae_21b99feb,G51-B,2,67811,19.142134232954554,0.020075612439780954,0.9306398234969664,0.447738554881412
scene-0003_CAM_FRONT_f286cdae_21b99feb,G51-B,3,65190,19.5496868407173,0.023569702157795636,0.9275996112730807,0.43101410448349226
scene-0003_CAM_FRONT_f286cdae_21b99feb,G51-B,4,65680,19.846536663385823,0.02837554777226181,0.921545452157697,0.434763480681848
scene-0003_CAM_FRONT_cd908fdc_6180726f,G51-B,0,69225,18.00890332209781,0.016546932450921314,0.9212893651669162,0.46033278176135317
scene-0003_CAM_FRONT_cd908fdc_6180726f,G51-B,1,68798,18.298058837117214,0.014541075220740662,0.9191093425787303,0.45614346124550204
scene-0003_CAM_FRONT_cd908fdc_6180726f,G51-B,2,69382,18.34904938811189,0.013027624906760238,0.9135148267801328,0.4594791584587503
scene-0003_CAM_FRONT_cd908fdc_6180726f,G51-B,3,66964,18.23637305160411,0.01408547413636585,0.9079465763139233,0.43970792950384785
scene-0003_CAM_FRONT_cd908fdc_6180726f,G51-B,4,67112,18.64149035253559,0.013846488444250848,0.9047487720957109,0.4406797468021958
scene-0003_CAM_FRONT_1ac0914c_e617edf7,G51-B,0,62477,16.881052541208785,0.01032159403712507,0.8994694402857668,0.41024479289785415
scene-0003_CAM_FRONT_1ac0914c_e617edf7,G51-B,1,61509,17.271677238440436,0.01253508873074427,0.8978081580122397,0.403888582460011
scene-0003_CAM_FRONT_1ac0914c_e617edf7,G51-B,2,55703,17.29788261925795,0.01722408926686514,0.8965474220576262,0.36576445249914635
scene-0003_CAM_FRONT_1ac0914c_e617edf7,G51-B,3,63160,17.80627662708484,0.013893678816889077,0.8958842224148347,0.4147295984030678
scene-0003_CAM_FRONT_1ac0914c_e617edf7,G51-B,4,63948,17.83537880466903,0.015911751914089667,0.891760565229953,0.4199038688834607
scene-0003_CAM_FRONT_7c0aa537_5e4e25f8,G51-B,0,61465,18.311559785980148,0.021327903320853103,0.8917933968954377,0.40359966380374546
scene-0003_CAM_FRONT_7c0aa537_5e4e25f8,G51-B,1,63291,18.278224734042556,0.018891727605922615,0.8863564730911669,0.4155897880387676
scene-0003_CAM_FRONT_7c0aa537_5e4e25f8,G51-B,2,61354,18.264834379685155,0.0261848053607745,0.8830470412103065,0.40463057809996583
scene-0003_CAM_FRONT_7c0aa537_5e4e25f8,G51-B,3,63010,18.974274501853575,0.027657525395548,0.8832571638694088,0.4152352060515326
scene-0003_CAM_FRONT_7c0aa537_5e4e25f8,G51-B,4,66456,18.90292063531029,0.037422462364606224,0.8889370419982665,0.43719959026081473
scene-0003_CAM_FRONT_c1ab33c3_57a79294,G51-B,0,74382,21.104986441609324,0.045441228075526086,0.8938749244871694,0.4886074120767998
scene-0003_CAM_FRONT_c1ab33c3_57a79294,G51-B,1,68004,20.661598131100263,0.04177002195462465,0.8857786357786358,0.45087069576865496
scene-0003_CAM_FRONT_c1ab33c3_57a79294,G51-B,2,64974,20.435743197156803,0.03409718449500865,0.8764675754471672,0.4266409266409266
scene-0003_CAM_FRONT_c1ab33c3_57a79294,G51-B,3,63312,20.565950087767924,0.02940909806713088,0.869408767367951,0.4157539463661913
scene-0003_CAM_FRONT_c1ab33c3_57a79294,G51-B,4,61825,20.358828505170315,0.025287678844710726,0.8595986657211147,0.40596354371864574
scene-0003_CAM_FRONT_3be45164_1b5a6659,G51-B,0,72101,25.358211117327365,0.04027558818393917,0.8577929241194547,0.47571770020749615
scene-0003_CAM_FRONT_3be45164_1b5a6659,G51-B,1,72292,24.371496775793652,0.02395812806958153,0.8618312189740761,0.47720825782050275
scene-0003_CAM_FRONT_3be45164_1b5a6659,G51-B,2,70876,25.02934097189557,0.04045739432241402,0.8643526908833031,0.46708953851810997
scene-0003_CAM_FRONT_3be45164_1b5a6659,G51-B,3,69212,25.49861462550607,0.03854158904677818,0.8667625351298821,0.4579623355133559
scene-0003_CAM_FRONT_3be45164_1b5a6659,G51-B,4,69400,26.777444067741087,0.053774574272925646,0.8668807291256271,0.4568985895516508
scene-0003_CAM_FRONT_b214d0d4_20684b77,G51-B,0,100074,22.990260163307845,0.055555561410355114,0.8776363827384236,0.6851968586662465
scene-0003_CAM_FRONT_b214d0d4_20684b77,G51-B,1,99797,23.27894214989059,0.04518643887592377,0.8812478659417435,0.6820187534473249
scene-0003_CAM_FRONT_b214d0d4_20684b77,G51-B,2,103560,23.794454331563706,0.0832735334905359,0.8881884800252147,0.7083431828329787
scene-0003_CAM_FRONT_b214d0d4_20684b77,G51-B,3,101731,23.591961239575447,0.08759062023834119,0.8955296404275996,0.6893008168518373
scene-0003_CAM_FRONT_b214d0d4_20684b77,G51-B,4,103446,23.47901714513557,0.0831729323224113,0.9027460405011425,0.7024728810443096
scene-0012_CAM_FRONT_88a090c5_20a871df,G51-B,0,117961,22.153811674388802,0.08068289350265134,0.9633795603183358,0.7811638168781025
scene-0012_CAM_FRONT_88a090c5_20a871df,G51-B,1,122381,22.98603267946105,0.07752950699800065,0.9593609644630052,0.8110078008037191
scene-0012_CAM_FRONT_88a090c5_20a871df,G51-B,2,114603,22.397099204881652,0.08203034541544918,0.9523481207154677,0.7602697449636225
scene-0012_CAM_FRONT_88a090c5_20a871df,G51-B,3,109144,23.083984374999996,0.11370258402682665,0.9448887663173378,0.7244766632521734
scene-0012_CAM_FRONT_88a090c5_20a871df,G51-B,4,107696,24.14709931238819,0.1417187197267442,0.9343891996953222,0.7141478212906784
scene-0012_CAM_FRONT_c51b9abd_745713b3,G51-B,0,112502,24.082016225961542,0.1275070112010397,0.9195295878969348,0.7452262758385207
scene-0012_CAM_FRONT_c51b9abd_745713b3,G51-B,1,109056,25.59877846596597,0.10171812897864352,0.9095224962571902,0.7257111338743992
scene-0012_CAM_FRONT_c51b9abd_745713b3,G51-B,2,109687,25.496023470188288,0.09790514481037205,0.9014393402148504,0.736781971475849
scene-0012_CAM_FRONT_c51b9abd_745713b3,G51-B,3,104933,25.792252549411266,0.10783907819421801,0.8873020250571271,0.7056903842618129
scene-0012_CAM_FRONT_c51b9abd_745713b3,G51-B,4,103665,24.803987771739127,0.08429402914913053,0.8918656265595041,0.6849276390092717
scene-0012_CAM_FRONT_d34f2eec_5254163f,G51-B,0,101221,23.361565462945045,0.06276288640194583,0.9063246920389778,0.6734562550889082
scene-0012_CAM_FRONT_d34f2eec_5254163f,G51-B,1,102688,23.656022451456312,0.06517610585733369,0.8993775116224095,0.6809878391511045
scene-0012_CAM_FRONT_d34f2eec_5254163f,G51-B,2,105647,22.533318118772648,0.03789847700951787,0.8948073437869356,0.7045347096367505
scene-0012_CAM_FRONT_d34f2eec_5254163f,G51-B,3,105344,21.77766209636084,0.03141447477925152,0.8732041078979854,0.703996270322801
scene-0012_CAM_FRONT_d34f2eec_5254163f,G51-B,4,90176,22.68796880564459,0.05396635227380897,0.8601502377012581,0.5970504031728522
scene-0012_CAM_FRONT_62697033_a2d86049,G51-B,0,96930,26.543672382776226,0.10902639312465001,0.8479237254747459,0.6494169096209913
scene-0012_CAM_FRONT_62697033_a2d86049,G51-B,1,99914,25.634768333911232,0.06874315434177825,0.8508063457043049,0.67310823943477
scene-0012_CAM_FRONT_62697033_a2d86049,G51-B,2,92054,25.805900847381647,0.09014204433541217,0.839866834764794,0.6274853570771938
scene-0012_CAM_FRONT_62697033_a2d86049,G51-B,3,82888,27.389657463031423,0.07552393086328002,0.8426969243295774,0.5553344890079583
scene-0012_CAM_FRONT_62697033_a2d86049,G51-B,4,76760,27.42247461288151,0.11532179960336175,0.8412982953799281,0.515503112441888
scene-0012_CAM_FRONT_114d8a1f_b76ef036,G51-B,0,89849,29.64387236445783,0.10018708082805494,0.8467746171827805,0.6093425787303338
scene-0012_CAM_FRONT_114d8a1f_b76ef036,G51-B,1,93458,29.64227866801533,0.12096029668865693,0.8510230346965041,0.6398891602973236
scene-0012_CAM_FRONT_114d8a1f_b76ef036,G51-B,2,101886,28.524731445312494,0.0619441332347046,0.8507735140388202,0.6951842513067003
scene-0012_CAM_FRONT_114d8a1f_b76ef036,G51-B,3,97070,28.24071853266269,0.11296595419066224,0.8438066346229611,0.6520040448611877
scene-0012_CAM_FRONT_114d8a1f_b76ef036,G51-B,4,98570,27.96935583043982,0.09313324035040749,0.8266159745751582,0.6697200115567462
scene-0012_CAM_FRONT_5e8e7172_56a8812e,G51-B,0,90391,26.600408428284176,0.050520127840004925,0.8010138418301683,0.6051138602159011
scene-0012_CAM_FRONT_5e8e7172_56a8812e,G51-B,1,83790,25.829885202687937,0.05782232091207051,0.7658379954298322,0.5556693719959026
scene-0012_CAM_FRONT_5e8e7172_56a8812e,G51-B,2,67867,25.7803163785461,0.054177311510587245,0.7413324403120322,0.4462282982691146
scene-0012_CAM_FRONT_5e8e7172_56a8812e,G51-B,3,57420,26.523660473882607,0.045110812555750446,0.7601449846347805,0.3770388464266015
scene-0012_CAM_FRONT_5e8e7172_56a8812e,G51-B,4,61688,27.767853904738885,0.04329882678392849,0.7736059674835185,0.40549733406876265
scene-0012_CAM_FRONT_2e8bed7f_45a4f3c2,G51-B,0,95506,24.564839882425737,0.07063615728174666,0.7739474168045597,0.6408741102618654
scene-0012_CAM_FRONT_2e8bed7f_45a4f3c2,G51-B,1,98436,24.283057703321877,0.08171617014340948,0.774498988784703,0.6656817167021248
scene-0012_CAM_FRONT_2e8bed7f_45a4f3c2,G51-B,2,97088,24.108000661470253,0.048071144899325846,0.7742297691277283,0.658222362303995
scene-0012_CAM_FRONT_2e8bed7f_45a4f3c2,G51-B,3,97163,24.26984414859694,0.03790909150857846,0.7780448086570536,0.661820712841121
scene-0012_CAM_FRONT_2e8bed7f_45a4f3c2,G51-B,4,92978,25.322974609374995,0.0330649171809676,0.796975546975547,0.6301184566490688
scene-0012_CAM_FRONT_ba3778e1_feedde26,G51-B,0,94754,23.030704465562437,0.037584858416478406,0.8331429096735219,0.62566648280934
scene-0012_CAM_FRONT_ba3778e1_feedde26,G51-B,1,85731,23.705675035112353,0.05096634095935482,0.86388648123342,0.5647177790034933
scene-0012_CAM_FRONT_ba3778e1_feedde26,G51-B,2,69296,22.875812906453223,0.061085831466148655,0.863045990597011,0.45551309326819533
scene-0012_CAM_FRONT_ba3778e1_feedde26,G51-B,3,70602,23.065245031749768,0.05837053306537232,0.8776298164053266,0.4647650566017913
scene-0012_CAM_FRONT_ba3778e1_feedde26,G51-B,4,70470,24.477293436232262,0.06733200847035925,0.8790612770204607,0.4641281222913876
scene-0013_CAM_FRONT_b9c60cfa_31815eed,G51-B,0,73736,22.44521718002393,0.047355829079994693,0.8851023034696504,0.4863682924907415
scene-0013_CAM_FRONT_b9c60cfa_31815eed,G51-B,1,78545,22.382800683340538,0.04954155139133265,0.892351535208678,0.5191277283114017
scene-0013_CAM_FRONT_b9c60cfa_31815eed,G51-B,2,76423,22.940517167504566,0.052597488239711776,0.9064363197016259,0.5077154413889108
scene-0013_CAM_FRONT_b9c60cfa_31815eed,G51-B,3,75757,23.340075790360782,0.05884118642025182,0.9195886848948074,0.5058506027893783
scene-0013_CAM_FRONT_b9c60cfa_31815eed,G51-B,4,71487,24.24488938515774,0.058890023702853345,0.910494313555538,0.4792897854122344
scene-0013_CAM_FRONT_b2329c1f_e30a3a96,G51-B,0,70653,24.480485475142718,0.04294942878236396,0.9145917054080319,0.46724713051243666
scene-0013_CAM_FRONT_b2329c1f_e30a3a96,G51-B,1,69679,23.95029283139944,0.04943849495919839,0.9164893756730491,0.4635371523126625
scene-0013_CAM_FRONT_b2329c1f_e30a3a96,G51-B,2,71610,24.63556863892892,0.07849549989677818,0.9155963543718646,0.47447666325217347
scene-0013_CAM_FRONT_b2329c1f_e30a3a96,G51-B,3,70782,25.457591236888106,0.08877718560227921,0.9062458960418144,0.46556614923961864
scene-0013_CAM_FRONT_b2329c1f_e30a3a96,G51-B,4,71200,24.55606328616352,0.08378062710018774,0.896921703044152,0.4675754471672839
scene-0013_CAM_FRONT_61361625_a32eb5c0,G51-B,0,74874,21.708897134229716,0.06855460329935359,0.8908347122632837,0.4951474798413574
scene-0013_CAM_FRONT_61361625_a32eb5c0,G51-B,1,75831,21.59048529963551,0.06675998703525021,0.8907756152654112,0.5038741365271977
scene-0013_CAM_FRONT_61361625_a32eb5c0,G51-B,2,77700,21.221848147697795,0.05361206908517002,0.8888188480025214,0.5178604260236913
scene-0013_CAM_FRONT_61361625_a32eb5c0,G51-B,3,84205,21.71015665775052,0.07894880704947616,0.8947088487904814,0.5630367977306753
scene-0013_CAM_FRONT_61361625_a32eb5c0,G51-B,4,79325,21.95546298556857,0.08987636780690522,0.8873479893888058,0.5365810416830825
scene-0013_CAM_FRONT_4635c393_6b506fcb,G51-B,0,83490,20.75737559405394,0.04871424589014861,0.8962256717358759,0.5512633624878522
scene-0013_CAM_FRONT_4635c393_6b506fcb,G51-B,1,89824,20.249175449587266,0.06436515653496122,0.9159640690252935,0.5915084180390303
scene-0013_CAM_FRONT_4635c393_6b506fcb,G51-B,2,75507,21.23953716016548,0.08469065639481732,0.9062261970425236,0.4960011031439603
scene-0013_CAM_FRONT_4635c393_6b506fcb,G51-B,3,83232,21.363543918107588,0.08103205187453555,0.91289759146902,0.5469033173114806
scene-0013_CAM_FRONT_4635c393_6b506fcb,G51-B,4,80836,21.0522846338878,0.08399363809840299,0.9023520605153258,0.5308289338901584
scene-0013_CAM_FRONT_da5566fe_9a7dc9c8,G51-B,0,89586,23.339676607572116,0.07549336386779326,0.8817272082578205,0.6016599690069078
scene-0013_CAM_FRONT_da5566fe_9a7dc9c8,G51-B,1,88256,23.485908277107004,0.09821785614700085,0.8626388779450004,0.593215664644236
scene-0013_CAM_FRONT_da5566fe_9a7dc9c8,G51-B,2,88845,22.33873472003155,0.06903062558735007,0.8520079846610459,0.602480760644026
scene-0013_CAM_FRONT_da5566fe_9a7dc9c8,G51-B,3,85501,22.77667257302405,0.06460220558714447,0.8342526199669057,0.5800698657841515
scene-0013_CAM_FRONT_da5566fe_9a7dc9c8,G51-B,4,87108,23.205359672484143,0.05285384009753935,0.827482730543955,0.5846137682872377
scene-0013_CAM_FRONT_7184209f_867689f9,G51-B,0,79323,24.494482946908597,0.04434785867699498,0.8183423948730071,0.536390618023271
scene-0013_CAM_FRONT_7184209f_867689f9,G51-B,1,87996,24.159563924677904,0.053690162177889356,0.8264715152470254,0.6097759567147322
scene-0013_CAM_FRONT_7184209f_867689f9,G51-B,2,83491,23.32609455334191,0.06553961036538114,0.8174625062380164,0.5767932655687757
scene-0013_CAM_FRONT_7184209f_867689f9,G51-B,3,69197,23.681228780864203,0.06272938255216687,0.8127413127413128,0.46836340713891733
scene-0013_CAM_FRONT_7184209f_867689f9,G51-B,4,62337,23.37893153317151,0.060736046731294735,0.8213826070968928,0.4200483282115935
scene-0013_CAM_FRONT_2c1f8867_d82980cf,G51-B,0,80372,26.141322687436034,0.053142648398688985,0.8295905234680745,0.540245055551178
scene-0013_CAM_FRONT_2c1f8867_d82980cf,G51-B,1,83069,27.22711969191028,0.06407462908972628,0.8365377038846427,0.5548814120242692
scene-0013_CAM_FRONT_2c1f8867_d82980cf,G51-B,2,79325,27.638543931159425,0.0545814619741849,0.8334777926614662,0.5232645181624773
scene-0013_CAM_FRONT_2c1f8867_d82980cf,G51-B,3,71107,28.269161339962114,0.05148330133315371,0.8361174585664382,0.46772647282851365
scene-0013_CAM_FRONT_2c1f8867_d82980cf,G51-B,4,72652,29.008005969929243,0.04326980971318872,0.8299122737898248,0.4853702098600058
scene-0013_CAM_FRONT_1f0a495a_51f7ea7d,G51-B,0,74947,23.70050588594812,0.03558926363105108,0.8383434454863026,0.5036114832033199
scene-0013_CAM_FRONT_1f0a495a_51f7ea7d,G51-B,1,77387,23.362575280306395,0.02931323687603138,0.8452446615711922,0.5125285635489717
scene-0013_CAM_FRONT_1f0a495a_51f7ea7d,G51-B,2,76676,23.777829226501307,0.028812235270481157,0.8490137367688388,0.5041367898510756
scene-0013_CAM_FRONT_1f0a495a_51f7ea7d,G51-B,3,71623,24.23164547748448,0.03496637229216848,0.8443253749376198,0.47077981771859323
scene-0013_CAM_FRONT_1f0a495a_51f7ea7d,G51-B,4,68950,24.97033056358382,0.04005222017087817,0.8353229322617077,0.4528931263625141
scene-0014_CAM_FRONT_43cfc03b_3fa89fab,G51-B,0,66790,10.100516744665862,0.020739278930006266,0.8521918419877603,0.44260368239960074
scene-0014_CAM_FRONT_43cfc03b_3fa89fab,G51-B,1,65581,10.088961874743225,0.020395338784785277,0.8520473826596275,0.43457305702203664
scene-0014_CAM_FRONT_43cfc03b_3fa89fab,G51-B,2,64927,10.1118289867653,0.020078873543147857,0.8521196123236939,0.4302721088435374
scene-0014_CAM_FRONT_43cfc03b_3fa89fab,G51-B,3,64916,10.208985159387552,0.018293315735548932,0.8515483413442597,0.4302918078428283
scene-0014_CAM_FRONT_43cfc03b_3fa89fab,G51-B,4,65084,10.047747805993058,0.020149709461253495,0.8506093557113965,0.431526278465054
scene-0014_CAM_FRONT_96237b21_2da9ed79,G51-B,0,67819,11.600734384814697,0.03706086583797985,0.8479828224726184,0.4489992908360255
scene-0014_CAM_FRONT_96237b21_2da9ed79,G51-B,1,64086,11.943691769161742,0.04697696728785927,0.8418301683607806,0.42419825072886297
scene-0014_CAM_FRONT_96237b21_2da9ed79,G51-B,2,60431,11.71321542405765,0.05655147281796591,0.8343839466288446,0.39825466866283193
scene-0014_CAM_FRONT_96237b21_2da9ed79,G51-B,3,57168,11.473451830328909,0.02892190758693025,0.8266553725737399,0.375659916476243
scene-0014_CAM_FRONT_96237b21_2da9ed79,G51-B,4,52022,11.651739830029273,0.02969498766869849,0.8193667428361306,0.3417973366952959
scene-0014_CAM_FRONT_d703cae6_6a53a53e,G51-B,0,64440,16.948576729695915,0.03066522423166318,0.8137459617051453,0.44859874451711185
scene-0014_CAM_FRONT_d703cae6_6a53a53e,G51-B,1,62809,17.069435771956318,0.03480081482328545,0.8155779686391931,0.4424132587397894
scene-0014_CAM_FRONT_d703cae6_6a53a53e,G51-B,2,61594,17.42735377405774,0.028980390642652232,0.8209426627793974,0.4362606046279516
scene-0014_CAM_FRONT_d703cae6_6a53a53e,G51-B,3,60725,17.423005756578945,0.03574764796577501,0.8202466314711213,0.4292149292149292
scene-0014_CAM_FRONT_d703cae6_6a53a53e,G51-B,4,57688,17.36376740432483,0.033069229140684886,0.8226958737162818,0.40554329840044123
scene-0014_CAM_FRONT_65e61ba2_907c55da,G51-B,0,76453,21.55425276186579,0.017121783173017047,0.8277716492002206,0.5383079872875791
scene-0014_CAM_FRONT_65e61ba2_907c55da,G51-B,1,72133,22.551029641370178,0.03504580103382926,0.832407480366664,0.48874530507183567
scene-0014_CAM_FRONT_65e61ba2_907c55da,G51-B,2,73608,22.052657054136972,0.04265522959757306,0.8386060988101804,0.5024295432458697
scene-0014_CAM_FRONT_65e61ba2_907c55da,G51-B,3,74306,22.507419013278387,0.045992244235951496,0.8476545058177711,0.5162516744149397
scene-0014_CAM_FRONT_65e61ba2_907c55da,G51-B,4,71691,22.927229020979023,0.04211748807665794,0.8630262915977202,0.5044585401728259
scene-0014_CAM_FRONT_23e22334_ce60545b,G51-B,0,74967,25.159477780857358,0.024000781262770055,0.8775116224095816,0.5167047513986289
scene-0014_CAM_FRONT_23e22334_ce60545b,G51-B,1,75064,26.188558686585928,0.026681831812480183,0.9003427625876606,0.5158773934284139
scene-0014_CAM_FRONT_23e22334_ce60545b,G51-B,2,81124,27.35067781583414,0.041371234368094534,0.9164762430068553,0.5387150999395898
scene-0014_CAM_FRONT_23e22334_ce60545b,G51-B,3,84868,27.977174378350206,0.04268670809712072,0.9584876421611116,0.565479473642739
scene-0014_CAM_FRONT_23e22334_ce60545b,G51-B,4,87837,25.82961970557851,0.04160113656922171,0.9643645102828776,0.5842985842985843
scene-0014_CAM_FRONT_e8953eb6_303119a4,G51-B,0,114056,24.538294245352255,0.04489828873345458,0.9765516245108082,0.7554500564704646
scene-0014_CAM_FRONT_e8953eb6_303119a4,G51-B,1,123463,24.95948623104465,0.07310041272084256,0.9822643343051506,0.8195309011635542
scene-0014_CAM_FRONT_e8953eb6_303119a4,G51-B,2,124501,26.0662632181187,0.10989047463844459,0.9842473669004281,0.8218553830798728
scene-0014_CAM_FRONT_e8953eb6_303119a4,G51-B,3,124076,26.739619531888806,0.12020893601829141,0.9894479027132088,0.8202334988049274
scene-0014_CAM_FRONT_e8953eb6_303119a4,G51-B,4,123602,26.11408695325039,0.10366186785447118,0.9918511806266909,0.8168978015916791
scene-0014_CAM_FRONT_2c0c09db_1c6d9929,G51-B,0,120783,24.905953151986186,0.10877300497370257,0.9917264202978489,0.80105323982875
scene-0014_CAM_FRONT_2c0c09db_1c6d9929,G51-B,1,125487,25.22286341580098,0.12765744671525203,0.9933286055735036,0.8383631444855935
scene-0014_CAM_FRONT_2c0c09db_1c6d9929,G51-B,2,126615,25.149394711856004,0.11605010096357704,0.9965855067895885,0.8478514958106795
scene-0014_CAM_FRONT_2c0c09db_1c6d9929,G51-B,3,123774,23.529381174012162,0.09939666239942713,0.9975310587555486,0.8318296430541329
scene-0014_CAM_FRONT_2c0c09db_1c6d9929,G51-B,4,124893,22.377347695707073,0.08333646316325449,0.9989559530375857,0.825808315604234
scene-0014_CAM_FRONT_5a42a9de_d0501e05,G51-B,0,117411,20.59990802225413,0.0743546444478631,0.9953838678328474,0.7799293462558768
scene-0014_CAM_FRONT_5a42a9de_d0501e05,G51-B,1,108257,22.076568339398115,0.10857967043925232,0.9859086491739553,0.7259803535313739
scene-0014_CAM_FRONT_5a42a9de_d0501e05,G51-B,2,101966,22.587442106066785,0.08999793664950251,0.9580148661781315,0.6870157329341002
scene-0014_CAM_FRONT_5a42a9de_d0501e05,G51-B,3,97749,23.22990890688259,0.10646270511915334,0.9548039292937253,0.6561474010453602
scene-0014_CAM_FRONT_5a42a9de_d0501e05,G51-B,4,83289,23.120403770434606,0.06820704372350095,0.9403842618128332,0.5561749796443674
scene-0015_CAM_FRONT_234b0f37_f405bf53,G51-B,0,79659,26.163116852886404,0.07258473793760079,0.9377905602395399,0.5266199143750164
scene-0015_CAM_FRONT_234b0f37_f405bf53,G51-B,1,85584,26.111315841194973,0.08804884191156925,0.9454863026291598,0.5686444461954666
scene-0015_CAM_FRONT_234b0f37_f405bf53,G51-B,2,89101,25.463969076043334,0.10418136970177372,0.9485068158537546,0.5928151183253224
scene-0015_CAM_FRONT_234b0f37_f405bf53,G51-B,3,96964,25.283180395365754,0.09791352210622906,0.9521970950542379,0.6434546791689649
scene-0015_CAM_FRONT_234b0f37_f405bf53,G51-B,4,88831,25.20682358029438,0.08511848515302356,0.9435558006986579,0.5899390644288603
scene-0015_CAM_FRONT_061805d6_dca60e24,G51-B,0,94992,27.97085364779135,0.12402480802905647,0.9356696346492265,0.6366650907467234
scene-0015_CAM_FRONT_061805d6_dca60e24,G51-B,1,99754,28.672820669485937,0.15248975237754236,0.9331481627399995,0.663501694113939
scene-0015_CAM_FRONT_061805d6_dca60e24,G51-B,2,105394,27.942050026824038,0.12250679262615094,0.9360701809681401,0.7042457909804849
scene-0015_CAM_FRONT_061805d6_dca60e24,G51-B,3,109700,28.499340838224494,0.09539783765023335,0.9362737372941454,0.7337286265857694
scene-0015_CAM_FRONT_061805d6_dca60e24,G51-B,4,103926,28.03121272662214,0.1004205098743629,0.9373834475875292,0.6901019094896645
scene-0015_CAM_FRONT_e18b1aef_c99f5e4f,G51-B,0,98432,25.22771697245426,0.11842687077440117,0.9320647177790035,0.651721692538019
scene-0015_CAM_FRONT_e18b1aef_c99f5e4f,G51-B,1,104752,24.893243996772977,0.10201645399265646,0.9271793659548762,0.6942058676752554
scene-0015_CAM_FRONT_e18b1aef_c99f5e4f,G51-B,2,103112,24.301595966467698,0.09516345365337586,0.9213550284978856,0.684277572032674
scene-0015_CAM_FRONT_e18b1aef_c99f5e4f,G51-B,3,101832,24.444422293456288,0.09752308255508835,0.9201533895411447,0.6762863446536916
scene-0015_CAM_FRONT_e18b1aef_c99f5e4f,G51-B,4,98889,23.801572982874294,0.06555143802529395,0.9247104247104247,0.6590694192735009
scene-0015_CAM_FRONT_54f30ff0_07ccc904,G51-B,0,94695,18.180671862519972,0.048035950831534,0.9311454311454311,0.6362514117616158
scene-0015_CAM_FRONT_54f30ff0_07ccc904,G51-B,1,100942,18.467314495037552,0.04322453564683992,0.9382042392246474,0.6778622645969584
scene-0015_CAM_FRONT_54f30ff0_07ccc904,G51-B,2,101974,19.236372884114584,0.061450856840878476,0.9380729125627085,0.6735481837522654
scene-0015_CAM_FRONT_54f30ff0_07ccc904,G51-B,3,102894,19.58185174047526,0.06864220163188395,0.9376986315761826,0.6805478948336091
scene-0015_CAM_FRONT_54f30ff0_07ccc904,G51-B,4,99992,20.117866614105505,0.10598999829436861,0.9368450082735797,0.6618798098389935
scene-0015_CAM_FRONT_985f2f38_2c63d07c,G51-B,0,103666,19.29333304295489,0.10551188639728437,0.9386507498752397,0.6851574606676647
scene-0015_CAM_FRONT_985f2f38_2c63d07c,G51-B,1,105318,19.379293601606147,0.13073484958820547,0.9417106610984162,0.6941270716780921
scene-0015_CAM_FRONT_985f2f38_2c63d07c,G51-B,2,106676,19.549495515695064,0.08980198223973224,0.9400887768234707,0.7032017440180706
scene-0015_CAM_FRONT_985f2f38_2c63d07c,G51-B,3,105348,19.5506448146158,0.07218080991696829,0.9382633362225199,0.6931683870459381
scene-0015_CAM_FRONT_985f2f38_2c63d07c,G51-B,4,99346,19.730933082083087,0.08920682224463361,0.93716675859533,0.6528248364983059
scene-0015_CAM_FRONT_d6b547f2_c9b7e76f,G51-B,0,98303,19.555555083786228,0.11441397401619602,0.9349670370078533,0.6531465868200562
scene-0015_CAM_FRONT_d6b547f2_c9b7e76f,G51-B,1,96695,19.21308800949191,0.0869585061509155,0.9273829222808815,0.6437173324928427
scene-0015_CAM_FRONT_d6b547f2_c9b7e76f,G51-B,2,95430,19.568477307335804,0.07570880141415692,0.9167126309983453,0.6417408662306622
scene-0015_CAM_FRONT_d6b547f2_c9b7e76f,G51-B,3,90917,19.491565233655624,0.05226475150472876,0.9104417828907625,0.6038990885929661
scene-0015_CAM_FRONT_d6b547f2_c9b7e76f,G51-B,4,94826,20.638869160353533,0.05238898765937949,0.9131996427914795,0.63359861319045
scene-0015_CAM_FRONT_9a59cb6d_948b555d,G51-B,0,95800,18.511661631803417,0.01396224794501899,0.9132127754576734,0.6438223938223938
scene-0015_CAM_FRONT_9a59cb6d_948b555d,G51-B,1,92439,19.272108702845795,0.04814101570055174,0.9055235994011505,0.6276363827384236
scene-0015_CAM_FRONT_9a59cb6d_948b555d,G51-B,2,95876,19.405297156922277,0.032305959984586075,0.9015772332098863,0.6572768103380349
scene-0015_CAM_FRONT_9a59cb6d_948b555d,G51-B,3,104310,19.474289107235816,0.030228828650690875,0.9120374018333202,0.7035694586714994
scene-0015_CAM_FRONT_9a59cb6d_948b555d,G51-B,4,110783,19.51238169060052,0.055852715812153786,0.9206589971896094,0.7450030205132246
scene-0015_CAM_FRONT_42605be9_8a96bc21,G51-B,0,99490,17.459525772034734,0.06052155086501143,0.9252357313581804,0.6668505239933812
scene-0015_CAM_FRONT_42605be9_8a96bc21,G51-B,1,83759,17.690792905581635,0.09256873084035044,0.9024965198434586,0.5688217371890841
scene-0015_CAM_FRONT_42605be9_8a96bc21,G51-B,2,79631,17.19654597580343,0.03386682458648771,0.8776889134031991,0.5326346754918183
scene-0015_CAM_FRONT_42605be9_8a96bc21,G51-B,3,70579,17.823205404509284,0.051791911432989224,0.8720746986053108,0.46897407611693326
scene-0015_CAM_FRONT_42605be9_8a96bc21,G51-B,4,69687,17.998205082677742,0.05593381544772935,0.8751214771622935,0.4583891471646574
scene-0016_CAM_FRONT_fbd3aa20_581b3ac0,G51-B,0,92056,22.242533967391307,0.06021959663576171,0.9253867570194101,0.6044703595724004
scene-0016_CAM_FRONT_fbd3aa20_581b3ac0,G51-B,1,97501,23.024379514298353,0.06590357908152988,0.928886612560082,0.6406639876027631
scene-0016_CAM_FRONT_fbd3aa20_581b3ac0,G51-B,2,101510,22.487195819467548,0.06770667697990684,0.9283744385785202,0.6665484726709217
scene-0016_CAM_FRONT_fbd3aa20_581b3ac0,G51-B,3,101601,24.267050796714173,0.08967640204974803,0.9270086412943556,0.6671460089827437
scene-0016_CAM_FRONT_fbd3aa20_581b3ac0,G51-B,4,102685,23.62191218078932,0.05994797089189863,0.948697239513566,0.6750650066976598
scene-0016_CAM_FRONT_9234bbf8_30b94629,G51-B,0,111597,17.858255231338333,0.04591505142754304,0.9843392955637854,0.7390342237281012
scene-0016_CAM_FRONT_9234bbf8_30b94629,G51-B,1,121362,18.99391820113315,0.07352403035248112,0.9880230084311717,0.8018805977989651
scene-0016_CAM_FRONT_9234bbf8_30b94629,G51-B,2,116184,18.44357574607524,0.058830450059748074,0.9906758070023376,0.7703490662674336
scene-0016_CAM_FRONT_9234bbf8_30b94629,G51-B,3,113994,18.983449967824967,0.06798790582478031,0.9884498200824732,0.7600005253066477
scene-0016_CAM_FRONT_9234bbf8_30b94629,G51-B,4,111636,19.201599038946842,0.061356503515548555,0.982106742310824,0.7405576130065926
scene-0016_CAM_FRONT_7ac3bb7f_1fe2834e,G51-B,0,117055,21.276342588948367,0.05723374884141785,0.9772476558190843,0.7717870932156646
scene-0016_CAM_FRONT_7ac3bb7f_1fe2834e,G51-B,1,117334,21.141193181818185,0.0628720991895475,0.9752383578914191,0.7714128122291387
scene-0016_CAM_FRONT_7ac3bb7f_1fe2834e,G51-B,2,112807,21.47337614022882,0.04920229293599565,0.9788892390933207,0.7412602106479658
scene-0016_CAM_FRONT_7ac3bb7f_1fe2834e,G51-B,3,106841,21.69286877962086,0.035607898941913074,0.9837286265857694,0.7016258240748037
scene-0016_CAM_FRONT_7ac3bb7f_1fe2834e,G51-B,4,93110,22.42511341654384,0.0425611253034297,0.9783573661124682,0.6113978409896778
scene-0016_CAM_FRONT_4d53a5c4_48de6a86,G51-B,0,101150,28.83483418075867,0.05851195704104817,0.9828487379507788,0.6645785727418381
scene-0016_CAM_FRONT_4d53a5c4_48de6a86,G51-B,1,96116,28.240149872448985,0.052816674958050314,0.9834791059280855,0.6313135292727129
scene-0016_CAM_FRONT_4d53a5c4_48de6a86,G51-B,2,97473,28.281703756313124,0.05933744332857227,0.9829800646127177,0.6404932629422425
scene-0016_CAM_FRONT_4d53a5c4_48de6a86,G51-B,3,94654,28.02985571712428,0.04817266102682316,0.9834068762640191,0.6220221679405353
scene-0016_CAM_FRONT_4d53a5c4_48de6a86,G51-B,4,87844,28.035123758086876,0.050327370194737764,0.9826583142909674,0.578211593517716
scene-0016_CAM_FRONT_381fe530_49ae81f8,G51-B,0,100576,27.90403978388999,0.05414991570156169,0.9844706222257242,0.664105796758858
scene-0016_CAM_FRONT_381fe530_49ae81f8,G51-B,1,109353,27.788266458021912,0.04406503758903746,0.9857970215113072,0.7239907546029996
scene-0016_CAM_FRONT_381fe530_49ae81f8,G51-B,2,111832,27.86581704952267,0.04930910199399419,0.9871628187954719,0.7369461298032727
scene-0016_CAM_FRONT_381fe530_49ae81f8,G51-B,3,111829,27.909465046672082,0.06532986870573154,0.9860005778373125,0.7349893625403829
scene-0016_CAM_FRONT_381fe530_49ae81f8,G51-B,4,114126,27.214706383110446,0.05372614229965689,0.9871168544637933,0.7495469230163108
scene-0016_CAM_FRONT_52c853ea_856952a1,G51-B,0,111086,24.911706725163235,0.051989657556856805,0.9883907230846006,0.7294276784072703
scene-0016_CAM_FRONT_52c853ea_856952a1,G51-B,1,117154,25.207829868679166,0.046910554713864405,0.9877931867727786,0.7692721876395345
scene-0016_CAM_FRONT_52c853ea_856952a1,G51-B,2,117764,25.867455699717283,0.048330765281824783,0.9875961967798702,0.7735665694849369
scene-0016_CAM_FRONT_52c853ea_856952a1,G51-B,3,114307,25.34170924429657,0.044679226950897544,0.9877012581094213,0.7508864549680876
scene-0016_CAM_FRONT_52c853ea_856952a1,G51-B,4,115586,25.194305928994734,0.04837720641957688,0.9884235547500854,0.7594489533265043
scene-0016_CAM_FRONT_921505c4_a78c3609,G51-B,0,115185,21.40559712570372,0.05268507089370633,0.9901701993538728,0.757570982060778
scene-0016_CAM_FRONT_921505c4_a78c3609,G51-B,1,114245,20.592206230665127,0.04413416108934909,0.993880177553647,0.7510309142962204
scene-0016_CAM_FRONT_921505c4_a78c3609,G51-B,2,111235,20.803134175755034,0.0548403085417668,0.9958238121503428,0.7317915583221706
scene-0016_CAM_FRONT_921505c4_a78c3609,G51-B,3,107762,20.919630408653845,0.07344780239730953,0.9986145037165446,0.7081396265069735
scene-0016_CAM_FRONT_921505c4_a78c3609,G51-B,4,105258,20.813230051577666,0.0737359014467247,0.9998358416725763,0.6921440390828146
scene-0016_CAM_FRONT_ebbbaf52_9cdae13a,G51-B,0,113267,21.298046874999997,0.032307232828301835,0.9998489743387703,0.7440706012134584
scene-0016_CAM_FRONT_ebbbaf52_9cdae13a,G51-B,1,115293,21.597627421586715,0.05681054122761342,0.997005752107793,0.7583392430331206
scene-0016_CAM_FRONT_ebbbaf52_9cdae13a,G51-B,2,113714,21.600334699763806,0.059716340439264215,0.9920153389541144,0.7504202453182045
scene-0016_CAM_FRONT_ebbbaf52_9cdae13a,G51-B,3,108846,21.185852870411818,0.0443087394092887,0.9863026291597721,0.7237674992777033
scene-0016_CAM_FRONT_ebbbaf52_9cdae13a,G51-B,4,102377,21.06164897468236,0.0347762460039962,0.9786594174349277,0.6840214850418932
scene-0017_CAM_FRONT_134c7f63_4b4c3bc5,G51-B,0,108151,30.49360641891891,0.05339678783656465,0.9041446694507919,0.7448848265174796
scene-0017_CAM_FRONT_134c7f63_4b4c3bc5,G51-B,1,115019,30.360617432918847,0.0364732170236981,0.8924434638720353,0.7704672602631786
scene-0017_CAM_FRONT_134c7f63_4b4c3bc5,G51-B,2,113298,30.67493944509688,0.03782026798616411,0.9001589052609461,0.7538019068631313
scene-0017_CAM_FRONT_134c7f63_4b4c3bc5,G51-B,3,112104,30.592716352426926,0.04915130893206321,0.9246710267118431,0.7500393979985817
scene-0017_CAM_FRONT_134c7f63_4b4c3bc5,G51-B,4,124688,30.551614705451343,0.05613665107119781,0.9495180311506842,0.8415018517059334
scene-0017_CAM_FRONT_0966ed2d_3adeaa8b,G51-B,0,125652,22.30999337206678,0.06096215271764738,0.9765778898431959,0.8344233446274263
scene-0017_CAM_FRONT_0966ed2d_3adeaa8b,G51-B,1,124310,22.47881021748813,0.03436498073526839,0.9667480891970688,0.8280080371917107
scene-0017_CAM_FRONT_0966ed2d_3adeaa8b,G51-B,2,118668,21.7489698279859,0.017005673343606142,0.944612980327266,0.7942373860741208
scene-0017_CAM_FRONT_0966ed2d_3adeaa8b,G51-B,3,110104,21.919343377976194,0.027199849727558068,0.9131799437921887,0.7418446142935939
scene-0017_CAM_FRONT_0966ed2d_3adeaa8b,G51-B,4,95160,22.4238937762605,0.02563235628280336,0.8722257242665405,0.6511635542247787
scene-0017_CAM_FRONT_6413a3e2_ef661945,G51-B,0,89679,27.280201441398866,0.041615750723492884,0.8072190266067817,0.5907532897328815
scene-0017_CAM_FRONT_6413a3e2_ef661945,G51-B,1,89750,26.568962684044468,0.05149411113671398,0.7913875975100465,0.5918761326924592
scene-0017_CAM_FRONT_6413a3e2_ef661945,G51-B,2,90986,26.9016351744186,0.04639358716727937,0.8046450240327792,0.6003598350537126
scene-0017_CAM_FRONT_6413a3e2_ef661945,G51-B,3,93041,25.739997126283146,0.033751725427233925,0.8138510230346965,0.6139061802327108
scene-0017_CAM_FRONT_6413a3e2_ef661945,G51-B,4,94763,25.225196781015043,0.0279476167185293,0.8183095632075224,0.6258569064691514
scene-0017_CAM_FRONT_f274b48b_b4bff2b0,G51-B,0,101175,22.780360791949416,0.01799440901031346,0.8238646810075382,0.667953667953668
scene-0017_CAM_FRONT_f274b48b_b4bff2b0,G51-B,1,100381,23.68094142533147,0.026961263843735317,0.821612428755286,0.6655569563732829
scene-0017_CAM_FRONT_f274b48b_b4bff2b0,G51-B,2,100846,24.067077603311436,0.028265623470227208,0.8286121398366296,0.6720379271399679
scene-0017_CAM_FRONT_f274b48b_b4bff2b0,G51-B,3,98861,22.853187892054358,0.02736016984253098,0.8221771334016232,0.6650119507262364
scene-0017_CAM_FRONT_f274b48b_b4bff2b0,G51-B,4,97161,23.851809895833334,0.027147607005022056,0.8275221285425367,0.6656291860373493
scene-0017_CAM_FRONT_3425c661_2a271f85,G51-B,0,88197,19.2993889989241,0.01624252466252818,0.8403593097470649,0.5950148399127991
scene-0017_CAM_FRONT_3425c661_2a271f85,G51-B,1,97273,19.072837238690884,0.01686002114134677,0.8525135923095106,0.6544598534394452
scene-0017_CAM_FRONT_3425c661_2a271f85,G51-B,2,95481,19.70243901687056,0.016907510417162097,0.8472539594988575,0.6388122816694245
scene-0017_CAM_FRONT_3425c661_2a271f85,G51-B,3,91781,20.176967151795424,0.012667408577998085,0.8466826885194232,0.6105507840201718
scene-0017_CAM_FRONT_3425c661_2a271f85,G51-B,4,86781,20.235542791811838,0.018609363252274136,0.8423686076747301,0.5765503112441888
scene-0017_CAM_FRONT_9a476217_ce130b56,G51-B,0,88184,17.441800578639153,0.03634657514638939,0.8331166443411341,0.5911210043863105
scene-0017_CAM_FRONT_9a476217_ce130b56,G51-B,1,84185,17.59493950968909,0.03087047469738824,0.8257820502718461,0.5630105323982875
scene-0017_CAM_FRONT_9a476217_ce130b56,G51-B,2,74758,17.743809881907307,0.02075079958485615,0.8272923068841436,0.49764268641819664
scene-0017_CAM_FRONT_9a476217_ce130b56,G51-B,3,68057,18.150857596062618,0.02537044858662485,0.8385798334777926,0.45157985974312503
scene-0017_CAM_FRONT_9a476217_ce130b56,G51-B,4,69839,17.927305563902245,0.024475894460051162,0.8373716281879547,0.46820581514459064
scene-0017_CAM_FRONT_789b705c_65afa213,G51-B,0,73204,15.163554771595805,0.02467304560315564,0.8403593097470649,0.49763612008509966
scene-0017_CAM_FRONT_789b705c_65afa213,G51-B,1,74636,15.124003349980223,0.02193885765488579,0.8578191894518425,0.5063299451054553
scene-0017_CAM_FRONT_789b705c_65afa213,G51-B,2,77367,15.032934766672252,0.02326339835609037,0.8684763480681849,0.5282811966485436
scene-0017_CAM_FRONT_789b705c_65afa213,G51-B,3,74396,15.138087585171968,0.012289275567446634,0.867609592099388,0.5030993092217582
scene-0017_CAM_FRONT_789b705c_65afa213,G51-B,4,74591,15.537442906413126,0.010861532632614246,0.8753315998213957,0.5012410369553226
scene-0017_CAM_FRONT_fe04ede8_d995c004,G51-B,0,74862,12.885015642095187,0.03854700188488458,0.884189583169175,0.5025411709085178
scene-0017_CAM_FRONT_fe04ede8_d995c004,G51-B,1,72075,12.656070971970479,0.04397482574926004,0.8912286922491004,0.4828815696162635
scene-0017_CAM_FRONT_fe04ede8_d995c004,G51-B,2,70289,12.845459767713907,0.035642867020512004,0.8910514012554829,0.470083786410317
scene-0017_CAM_FRONT_fe04ede8_d995c004,G51-B,3,68705,12.75432839517291,0.045173706503784494,0.8901780789535891,0.46097628240485383
scene-0017_CAM_FRONT_fe04ede8_d995c004,G51-B,4,67851,12.485854316985181,0.04081110389227849,0.8882278780237964,0.45701021721429885
scene-0018_CAM_FRONT_f0e47975_248f5231,G51-B,0,94270,14.387598006272398,0.029183682785379084,0.9088461639482047,0.6464292280618811
scene-0018_CAM_FRONT_f0e47975_248f5231,G51-B,1,96044,14.503818212646076,0.03404602547073843,0.9089183936122711,0.655569563732829
scene-0018_CAM_FRONT_f0e47975_248f5231,G51-B,2,92671,14.992175854450593,0.029121072448548002,0.901491870879626,0.6340516901741392
scene-0018_CAM_FRONT_f0e47975_248f5231,G51-B,3,89662,15.050168003883892,0.04454178213894555,0.9050245580857825,0.6107083760144985
scene-0018_CAM_FRONT_f0e47975_248f5231,G51-B,4,91835,14.895859745455747,0.04619511050536573,0.9180390302839282,0.617255010112153
scene-0018_CAM_FRONT_06cc9133_1cc4743f,G51-B,0,82920,15.33019072200665,0.022012315772104163,0.916994983321514,0.5463517453313371
scene-0018_CAM_FRONT_06cc9133_1cc4743f,G51-B,1,85284,15.309786565318133,0.02964978774752658,0.9212959315000131,0.56283324140467
scene-0018_CAM_FRONT_06cc9133_1cc4743f,G51-B,2,80972,15.72864794274669,0.030271456161363952,0.9215257531584062,0.5333898037979671
scene-0018_CAM_FRONT_06cc9133_1cc4743f,G51-B,3,77693,15.307187893246642,0.033624643852906644,0.9159509363590996,0.512364405221548
scene-0018_CAM_FRONT_06cc9133_1cc4743f,G51-B,4,70674,15.284384052405196,0.02376075575875758,0.9142633887531847,0.46630814487957345
scene-0018_CAM_FRONT_72f030bd_b66b4277,G51-B,0,82938,16.495391683853857,0.031224137683161457,0.9152549050508234,0.5528327160980222
scene-0018_CAM_FRONT_72f030bd_b66b4277,G51-B,1,84780,16.428705723207475,0.027868061354025864,0.9164762430068553,0.5659982139573976
scene-0018_CAM_FRONT_72f030bd_b66b4277,G51-B,2,87263,16.596588652012713,0.03732822834273408,0.9120374018333202,0.5833989966643028
scene-0018_CAM_FRONT_72f030bd_b66b4277,G51-B,3,91910,16.895689429306405,0.04704800176546953,0.9075460299950096,0.6166377748010401
scene-0018_CAM_FRONT_72f030bd_b66b4277,G51-B,4,93157,17.071867401386886,0.03409868389013404,0.90472907309642,0.623256638562761
scene-0018_CAM_FRONT_6611e3ee_81f15cce,G51-B,0,94797,14.595283671586712,0.034171214960778684,0.89812990833399,0.6306831612954062
scene-0018_CAM_FRONT_6611e3ee_81f15cce,G51-B,1,105110,15.6898246284965,0.02938210539102548,0.8991411236309196,0.7021970950542379
scene-0018_CAM_FRONT_6611e3ee_81f15cce,G51-B,2,115053,15.8667118550929,0.027687215598559245,0.9175202899692696,0.7763572610511386
scene-0018_CAM_FRONT_6611e3ee_81f15cce,G51-B,3,114852,16.13847998903509,0.022053282765215343,0.9282628109158721,0.771629501221338
scene-0018_CAM_FRONT_6611e3ee_81f15cce,G51-B,4,107317,16.029803205088715,0.029905047554914077,0.9122343918262286,0.7183831061382082
scene-0018_CAM_FRONT_dbffcc96_b1736070,G51-B,0,109215,16.87170001971609,0.044622834929463284,0.9058256507236099,0.7225724266540593
scene-0018_CAM_FRONT_dbffcc96_b1736070,G51-B,1,108785,16.74054597553454,0.028809388748595843,0.9147492974023587,0.7161636855514406
scene-0018_CAM_FRONT_dbffcc96_b1736070,G51-B,2,105432,16.19873395149786,0.024476919836529998,0.9248089197068788,0.6932012187114228
scene-0018_CAM_FRONT_dbffcc96_b1736070,G51-B,3,100429,15.887550219830201,0.021612570683534837,0.932235442439524,0.6623985501536522
scene-0018_CAM_FRONT_dbffcc96_b1736070,G51-B,4,94460,15.840540310295063,0.03428670614187013,0.93920888818848,0.620380584666299
scene-0018_CAM_FRONT_3c23cd7c_bb99cbc0,G51-B,0,112442,13.44542204727948,0.03688560349855163,0.9577259475218659,0.7385548814120243
scene-0018_CAM_FRONT_3c23cd7c_bb99cbc0,G51-B,1,127642,13.518045379784692,0.04011927824937045,0.9759015575342106,0.8390854411262575
scene-0018_CAM_FRONT_3c23cd7c_bb99cbc0,G51-B,2,145788,14.49720344630617,0.04746815073389432,0.9995600556825046,0.9573451002022431
scene-0018_CAM_FRONT_3c23cd7c_bb99cbc0,G51-B,3,138134,13.691137099847557,0.037186940572878635,1.0,0.9070338560134479
scene-0018_CAM_FRONT_3c23cd7c_bb99cbc0,G51-B,4,124297,13.097968715943765,0.03308530926590425,1.0,0.8161755049510152
scene-0018_CAM_FRONT_cf5c4b43_f540699e,G51-B,0,136154,12.01701512455516,0.05606637062104669,0.9999934336669031,0.894039082814593
scene-0018_CAM_FRONT_cf5c4b43_f540699e,G51-B,1,134913,12.163493281857978,0.07519976626564073,1.0,0.8858836971081869
scene-0018_CAM_FRONT_cf5c4b43_f540699e,G51-B,2,120926,12.397173814370602,0.05254488894027176,1.0,0.7940403960812125
scene-0018_CAM_FRONT_cf5c4b43_f540699e,G51-B,3,119008,12.611421672168758,0.03310875214756859,1.0,0.7814461692012712
scene-0018_CAM_FRONT_cf5c4b43_f540699e,G51-B,4,117386,13.255588071922316,0.046326674130227286,1.0,0.7707955769180259
scene-0018_CAM_FRONT_ba22ee94_59e1ec03,G51-B,0,129636,14.49802362351191,0.03194220527741076,1.0,0.8512331573556063
scene-0018_CAM_FRONT_ba22ee94_59e1ec03,G51-B,1,137939,15.270103363700075,0.04235877350930828,1.0,0.9057534210595435
scene-0018_CAM_FRONT_ba22ee94_59e1ec03,G51-B,2,123114,14.738308783039646,0.04038750724570317,1.0,0.8084075328973288
scene-0018_CAM_FRONT_ba22ee94_59e1ec03,G51-B,3,114887,13.83865268562959,0.02540571722590146,1.0,0.7543863105087595
scene-0018_CAM_FRONT_ba22ee94_59e1ec03,G51-B,4,101197,12.680413286375353,0.04130797109045092,1.0,0.6644932104115777
scene-0035_CAM_FRONT_d62b0f9d_020154f4,G51-B,0,108088,38.93635316161267,0.0939106847871447,0.9664197725422216,0.730891970687889
scene-0035_CAM_FRONT_d62b0f9d_020154f4,G51-B,1,106684,37.68042171822742,0.10735257782321739,0.9581987235048459,0.7151787355868988
scene-0035_CAM_FRONT_d62b0f9d_020154f4,G51-B,2,100233,37.12129214870203,0.09798523983541774,0.9492159798282247,0.6680455966170252
scene-0035_CAM_FRONT_d62b0f9d_020154f4,G51-B,3,93421,36.189277356041536,0.08873295307817619,0.9487694691776325,0.6252331048249415
scene-0035_CAM_FRONT_d62b0f9d_020154f4,G51-B,4,98455,35.41104049437298,0.09296492069863582,0.9559202059202059,0.6601200325690122
scene-0035_CAM_FRONT_a3d2c3ca_40ead2f4,G51-B,0,108670,36.84142714763374,0.08847163728618224,0.9632810653218816,0.725251490557613
scene-0035_CAM_FRONT_a3d2c3ca_40ead2f4,G51-B,1,107855,37.40100847630719,0.10652028104512556,0.9746802195781787,0.7166758595330024
scene-0035_CAM_FRONT_a3d2c3ca_40ead2f4,G51-B,2,106145,36.50497886782788,0.06017428586421092,0.9652443989178683,0.7099191027762456
scene-0035_CAM_FRONT_a3d2c3ca_40ead2f4,G51-B,3,98714,37.03789168217186,0.08501089742876555,0.9782720037822079,0.6534289391432249
scene-0035_CAM_FRONT_a3d2c3ca_40ead2f4,G51-B,4,96086,37.43178722760289,0.07302113797683418,0.9794933417382397,0.6350169411393901
scene-0035_CAM_FRONT_cc71e504_57267f4d,G51-B,0,103025,36.10752362611183,0.07393499347613552,0.9828618706169726,0.6855711396527723
scene-0035_CAM_FRONT_cc71e504_57267f4d,G51-B,1,108425,37.045977858653224,0.0829888066433675,0.9842933312321067,0.720438368397552
scene-0035_CAM_FRONT_cc71e504_57267f4d,G51-B,2,111744,36.998372183213576,0.07750884698029736,0.9897302550363775,0.7398287500328317
scene-0035_CAM_FRONT_cc71e504_57267f4d,G51-B,3,111262,36.8790966697698,0.04975009645469175,0.9930922175820135,0.7359086491739553
scene-0035_CAM_FRONT_cc71e504_57267f4d,G51-B,4,115667,37.44903660778336,0.04843588874604521,0.9946747038583773,0.7653192551151735
scene-0035_CAM_FRONT_af571c22_5dda1ef8,G51-B,0,112158,33.38593820004481,0.07278583046401677,0.9877866204396817,0.7431316155805952
scene-0035_CAM_FRONT_af571c22_5dda1ef8,G51-B,1,118652,32.81719342854132,0.0698981100545284,0.99724870643238,0.783035221810732
scene-0035_CAM_FRONT_af571c22_5dda1ef8,G51-B,2,117950,32.10543689225219,0.06241282988781416,0.9956399548236283,0.7789969269561107
scene-0035_CAM_FRONT_af571c22_5dda1ef8,G51-B,3,119823,32.83017006599873,0.04923678829878675,0.9981811257321461,0.7931802064455126
scene-0035_CAM_FRONT_af571c22_5dda1ef8,G51-B,4,114037,32.57848450377747,0.04892140595589911,0.9963556851311953,0.7544322748404381
scene-0035_CAM_FRONT_7b86bda4_50a05815,G51-B,0,107141,36.244954718246866,0.05635835450385107,0.9951015155096787,0.7102474194310929
scene-0035_CAM_FRONT_7b86bda4_50a05815,G51-B,1,105592,34.86069763713496,0.0444535954052494,0.9933286055735036,0.7007722007722008
scene-0035_CAM_FRONT_7b86bda4_50a05815,G51-B,2,101207,34.121546378968254,0.038302059228974894,0.9933811362382791,0.6698579045517821
scene-0035_CAM_FRONT_7b86bda4_50a05815,G51-B,3,95670,33.45680314781022,0.022226349770259723,0.993630656895963,0.6337824705171644
scene-0035_CAM_FRONT_7b86bda4_50a05815,G51-B,4,95192,33.23137019230768,0.017885774207043514,0.9908924959945368,0.6309392482861871
scene-0035_CAM_FRONT_25a5a54c_c0e4b101,G51-B,0,105738,33.65430831015808,0.0711802747412329,0.9864930528195834,0.7032083103511675
scene-0035_CAM_FRONT_25a5a54c_c0e4b101,G51-B,1,109249,32.78914741847826,0.051956695909524786,0.9864470884879049,0.7277335644682583
scene-0035_CAM_FRONT_25a5a54c_c0e4b101,G51-B,2,104523,33.47354707098062,0.04246872864829676,0.9910566543219604,0.6968586662464213
scene-0035_CAM_FRONT_25a5a54c_c0e4b101,G51-B,3,94017,33.02295696924604,0.045729059494536095,0.9969072571113388,0.6195663593622778
scene-0035_CAM_FRONT_25a5a54c_c0e4b101,G51-B,4,91408,32.70159173044219,0.02629519319293827,0.9971239461035379,0.6025595566411893
scene-0035_CAM_FRONT_08078980_82e2c7a4,G51-B,0,92313,35.347071611696215,0.03196773855998991,0.9945236781971476,0.6150684211908701
scene-0035_CAM_FRONT_08078980_82e2c7a4,G51-B,1,99733,35.84946152888447,0.03862862891700747,0.9817784256559767,0.6686825309274289
scene-0035_CAM_FRONT_08078980_82e2c7a4,G51-B,2,96114,37.33368022423664,0.03809670671018539,0.9674375541722481,0.6403619362803036
scene-0035_CAM_FRONT_08078980_82e2c7a4,G51-B,3,98851,37.676629103380684,0.03349085459954271,0.9648963832637302,0.6614070338560134
scene-0035_CAM_FRONT_08078980_82e2c7a4,G51-B,4,101799,39.35907080500618,0.03634326555594791,0.9672142988469519,0.685131195335277
scene-0035_CAM_FRONT_ba5d4c21_2f598ed4,G51-B,0,99543,31.780830610595842,0.055261198085384766,0.972730018648386,0.6671657079820346
scene-0035_CAM_FRONT_ba5d4c21_2f598ed4,G51-B,1,113693,33.32385923672567,0.05274749611668739,0.9877275234418091,0.762613925879232
scene-0035_CAM_FRONT_ba5d4c21_2f598ed4,G51-B,2,108314,33.76062387442698,0.06406409896831011,0.9853176791952302,0.7251135975625772
scene-0035_CAM_FRONT_ba5d4c21_2f598ed4,G51-B,3,101777,33.67378517433448,0.05789082597575712,0.9904262863446537,0.6768707482993197
scene-0035_CAM_FRONT_ba5d4c21_2f598ed4,G51-B,4,95844,33.87823426982049,0.03810274376855238,0.9898812806976073,0.6476374333517191
scene-0036_CAM_FRONT_e1b5c775_856ccc62,G51-B,0,104761,24.505657327586214,0.06226430655397586,0.9128319281380506,0.6964646862606046
scene-0036_CAM_FRONT_e1b5c775_856ccc62,G51-B,1,108155,24.077510892427878,0.045395963586075894,0.9264964673127939,0.7257964962046595
scene-0036_CAM_FRONT_e1b5c775_856ccc62,G51-B,2,109539,24.021955364671168,0.04153055775297876,0.9332991884012292,0.7396383263730203
scene-0036_CAM_FRONT_e1b5c775_856ccc62,G51-B,3,110845,25.50075042881646,0.036865693540952815,0.9631300396606519,0.7494746933522444
scene-0036_CAM_FRONT_e1b5c775_856ccc62,G51-B,4,109861,24.992633928571433,0.025961956484636062,0.9671814671814671,0.7428689622567174
scene-0036_CAM_FRONT_e63b5804_7bd9965f,G51-B,0,109463,24.256408091846765,0.02480493907530379,0.9536351220024689,0.7494484280198566
scene-0036_CAM_FRONT_e63b5804_7bd9965f,G51-B,1,116863,24.521585341631354,0.045335905774330776,0.9475940955532792,0.8063916686365666
scene-0036_CAM_FRONT_e63b5804_7bd9965f,G51-B,2,125522,24.84905870512144,0.04298049685994543,0.9473117432301106,0.8653573398471358
scene-0036_CAM_FRONT_e63b5804_7bd9965f,G51-B,3,127265,25.5395866387126,0.047292969393146755,0.9455913639587109,0.8730399495705619
scene-0036_CAM_FRONT_e63b5804_7bd9965f,G51-B,4,128674,25.948960627753312,0.056262850599264835,0.9474562025582434,0.8611942846636724
scene-0036_CAM_FRONT_978a0782_96d66c41,G51-B,0,129560,24.331498579545457,0.07632242009120671,0.9491240511648675,0.8743926141885325
scene-0036_CAM_FRONT_978a0782_96d66c41,G51-B,1,131081,23.629606325590974,0.045187753279726905,0.948099703201744,0.8860478554356105
scene-0036_CAM_FRONT_978a0782_96d66c41,G51-B,2,126889,23.860218394886374,0.03316537488592264,0.9423869934074016,0.8615488666509075
scene-0036_CAM_FRONT_978a0782_96d66c41,G51-B,3,118161,25.18456783601014,0.02829457361229304,0.9445801486617813,0.7967916896488325
scene-0036_CAM_FRONT_978a0782_96d66c41,G51-B,4,112797,25.778165667808214,0.057760871800613955,0.9445735823286844,0.7506697659758884
scene-0036_CAM_FRONT_6f8d7a92_ca08ecf4,G51-B,0,111489,26.68750446683819,0.07327822880522294,0.9474496362251464,0.7358561185091798
scene-0036_CAM_FRONT_6f8d7a92_ca08ecf4,G51-B,1,122878,25.198154642981233,0.05017057700489547,0.9497544191421743,0.8116053371155412
scene-0036_CAM_FRONT_6f8d7a92_ca08ecf4,G51-B,2,122372,25.04922825811359,0.030508395565522983,0.949064954166995,0.8092545898668347
scene-0036_CAM_FRONT_6f8d7a92_ca08ecf4,G51-B,3,121912,25.306458938953487,0.03349197609756227,0.9514879310797678,0.8062669083077246
scene-0036_CAM_FRONT_6f8d7a92_ca08ecf4,G51-B,4,111695,25.41603064903846,0.020271980439249493,0.9496427914795261,0.7414900323063588
scene-0036_CAM_FRONT_f8d77275_07a6e4ff,G51-B,0,118211,25.95711346465191,0.047500792988222074,0.9431421217135503,0.7838691461140441
scene-0036_CAM_FRONT_f8d77275_07a6e4ff,G51-B,1,121344,26.55459334582598,0.06355591346212419,0.9394912405116487,0.8073437869356237
scene-0036_CAM_FRONT_f8d77275_07a6e4ff,G51-B,2,123580,26.901600159862266,0.06949439209319053,0.9360570483019462,0.8246854726446563
scene-0036_CAM_FRONT_f8d77275_07a6e4ff,G51-B,3,117712,26.49010958811917,0.04285583570359286,0.925997425997426,0.7914269955086282
scene-0036_CAM_FRONT_f8d77275_07a6e4ff,G51-B,4,116572,26.752144223532362,0.03263005652756101,0.9191356079111181,0.7941782890762482
scene-0036_CAM_FRONT_139bce92_50082a94,G51-B,0,110448,25.73594784197462,0.039142366229947045,0.9016034985422741,0.7513592309510677
scene-0036_CAM_FRONT_139bce92_50082a94,G51-B,1,105851,25.675508775556217,0.026799440467470514,0.8877682347070102,0.7173850235074725
scene-0036_CAM_FRONT_139bce92_50082a94,G51-B,2,96549,26.543620697148814,0.0637237077513979,0.879146639350721,0.6458119927507683
scene-0036_CAM_FRONT_139bce92_50082a94,G51-B,3,89776,26.739409348060338,0.04368937127387551,0.8809261156199931,0.5991253644314869
scene-0036_CAM_FRONT_139bce92_50082a94,G51-B,4,92317,26.54834830530071,0.027486994198639536,0.889954823628293,0.6164407848081317
scene-0036_CAM_FRONT_53b7ed3f_989191ea,G51-B,0,90405,28.13846000455788,0.05636982021749848,0.8797704409949307,0.6164867491398104
scene-0036_CAM_FRONT_53b7ed3f_989191ea,G51-B,1,97393,28.857338408119652,0.05581696009199799,0.8939668531505266,0.665537257373992
scene-0036_CAM_FRONT_53b7ed3f_989191ea,G51-B,2,98017,28.303889362454967,0.06028941413650468,0.885023507472487,0.672642029784887
scene-0036_CAM_FRONT_53b7ed3f_989191ea,G51-B,3,91507,28.471540478752015,0.05403555328135701,0.8620413416331784,0.6330470412103065
scene-0036_CAM_FRONT_53b7ed3f_989191ea,G51-B,4,90111,27.498041440595436,0.04297603428300789,0.836971081869041,0.6033343839466289
scene-0036_CAM_FRONT_fdd2da37_95b0c6a3,G51-B,0,82383,31.954763104838705,0.04125162542191685,0.8049799070207233,0.5544808657053555
scene-0036_CAM_FRONT_fdd2da37_95b0c6a3,G51-B,1,77396,32.90173743117462,0.03714859158794126,0.7856683213826071,0.5260617760617761
scene-0036_CAM_FRONT_fdd2da37_95b0c6a3,G51-B,2,81467,34.11336588541667,0.045123468310425796,0.7912365718488168,0.5554461166706065
scene-0036_CAM_FRONT_fdd2da37_95b0c6a3,G51-B,3,77119,33.536353495705846,0.04469944782458457,0.7875725579807212,0.5338428807816563
scene-0036_CAM_FRONT_fdd2da37_95b0c6a3,G51-B,4,73173,34.174853567625114,0.029493076571849297,0.7800803719171067,0.5144262338139889
scene-0038_CAM_FRONT_0f39f34f_e15862d8,G51-B,0,76859,24.817579823369574,0.08301158577268986,0.9064691513671106,0.5113203582591338
scene-0038_CAM_FRONT_0f39f34f_e15862d8,G51-B,1,91202,25.167903301366845,0.09297073872460104,0.9107635332125128,0.6028878732960365
scene-0038_CAM_FRONT_0f39f34f_e15862d8,G51-B,2,87715,25.373819864048336,0.06183521885543808,0.9039936437895622,0.5820135003808473
scene-0038_CAM_FRONT_0f39f34f_e15862d8,G51-B,3,88193,25.11903727578475,0.036610306798950276,0.8916161059018202,0.5917119743650356
scene-0038_CAM_FRONT_0f39f34f_e15862d8,G51-B,4,87414,25.2255077070207,0.036396847435537616,0.8836577101883224,0.6007800803719171
scene-0038_CAM_FRONT_86958f43_aa7d1414,G51-B,0,88441,25.03673846608833,0.04537973231913606,0.880466472303207,0.6145168492107268
scene-0038_CAM_FRONT_86958f43_aa7d1414,G51-B,1,83592,25.84689637158055,0.0666199008347459,0.8625009849499645,0.5990859664329052
scene-0038_CAM_FRONT_86958f43_aa7d1414,G51-B,2,86651,25.2179478913835,0.0527904509149546,0.8868029837417593,0.6143132928847215
scene-0038_CAM_FRONT_86958f43_aa7d1414,G51-B,3,81170,25.22331864104596,0.034603740077433276,0.8904801302760487,0.5584075328973288
scene-0038_CAM_FRONT_86958f43_aa7d1414,G51-B,4,82292,25.547112396408842,0.037580382459365236,0.9001129409292674,0.5477175426155018
scene-0038_CAM_FRONT_70b93dd3_d65e5cdd,G51-B,0,76663,25.47261284722222,0.03377912956533091,0.9327870144196675,0.5089170803456518
scene-0038_CAM_FRONT_70b93dd3_d65e5cdd,G51-B,1,80654,27.09777510501817,0.03792545912322898,0.9248745830378483,0.5382160586242218
scene-0038_CAM_FRONT_70b93dd3_d65e5cdd,G51-B,2,80383,26.707494005585993,0.05021009563664425,0.9355711396527723,0.5391419115908912
scene-0038_CAM_FRONT_70b93dd3_d65e5cdd,G51-B,3,86852,27.039352404050042,0.055997578162534145,0.9600766947705723,0.5814225304021222
scene-0038_CAM_FRONT_70b93dd3_d65e5cdd,G51-B,4,80444,25.764059471899223,0.031670136629734724,0.9453024453024453,0.5380912982953799
scene-0038_CAM_FRONT_abe76951_b3537c46,G51-B,0,72863,33.762846816588784,0.03773121029944093,0.9599847661072151,0.4867491398103643
scene-0038_CAM_FRONT_abe76951_b3537c46,G51-B,1,77185,34.18509063890434,0.02692861312975836,0.9446523783258477,0.5269679300291545
scene-0038_CAM_FRONT_abe76951_b3537c46,G51-B,2,78599,36.957936549831075,0.06308820375710278,0.9495639954823628,0.525227851758464
scene-0038_CAM_FRONT_abe76951_b3537c46,G51-B,3,74320,38.923724249015095,0.0477579526127383,0.9441599033435768,0.49240275260683425
scene-0038_CAM_FRONT_abe76951_b3537c46,G51-B,4,85698,38.96493400531424,0.03759017865704117,0.9759869198644708,0.5780146035248076
scene-0038_CAM_FRONT_398ab542_ead06ddf,G51-B,0,86135,39.483408938172026,0.03127157301132932,0.9934336669030547,0.5729322617077719
scene-0038_CAM_FRONT_398ab542_ead06ddf,G51-B,1,75180,41.6532604955265,0.028584557494785612,0.9784755601082131,0.49714364510282877
scene-0038_CAM_FRONT_398ab542_ead06ddf,G51-B,2,79176,44.72292579892533,0.03431930981306164,0.9841160402384892,0.5272240170199354
scene-0038_CAM_FRONT_398ab542_ead06ddf,G51-B,3,74230,43.9747043918919,0.03276764969231394,0.9912011136500932,0.49738003309431883
scene-0038_CAM_FRONT_398ab542_ead06ddf,G51-B,4,78702,43.71687488855207,0.037497637895565816,0.9949307908491581,0.5190554986473354
scene-0038_CAM_FRONT_378dd188_740e48ba,G51-B,0,87786,29.061389853997508,0.03338729432638843,0.9979316050744622,0.5807790297586216
scene-0038_CAM_FRONT_378dd188_740e48ba,G51-B,1,94127,30.866880858230807,0.036488110836274235,1.0,0.6253053344890079
scene-0038_CAM_FRONT_378dd188_740e48ba,G51-B,2,93927,31.761522411852965,0.04786061289583987,0.9902949596827147,0.6213130039660651
scene-0038_CAM_FRONT_378dd188_740e48ba,G51-B,3,93155,32.023828125,0.038245457469864075,0.9517965487353243,0.6119559793029181
scene-0038_CAM_FRONT_378dd188_740e48ba,G51-B,4,90292,33.123960845968305,0.039844168631875565,0.9048669660914559,0.5930055419851338
scene-0038_CAM_FRONT_6060fa4c_50d37bba,G51-B,0,84597,24.97000222879129,0.05628115341248874,0.8560331468494734,0.5685065532004308
scene-0038_CAM_FRONT_6060fa4c_50d37bba,G51-B,1,82453,25.300466180501175,0.032871212590039,0.8235626296850787,0.558381267564941
scene-0038_CAM_FRONT_6060fa4c_50d37bba,G51-B,2,81392,25.400856182604997,0.029000496637518358,0.8035484464055893,0.5613426837916634
scene-0038_CAM_FRONT_6060fa4c_50d37bba,G51-B,3,78533,24.838529731897335,0.023250499403115743,0.7674467470385837,0.5469492816431591
scene-0038_CAM_FRONT_6060fa4c_50d37bba,G51-B,4,79895,25.292957917359946,0.018454810486738804,0.7362632311611903,0.5595369421900034
scene-0038_CAM_FRONT_124b2bf9_57a80885,G51-B,0,79131,30.372080541435608,0.022004260266042408,0.7209702413784046,0.5482362829301605
scene-0038_CAM_FRONT_124b2bf9_57a80885,G51-B,1,78290,29.255932815675813,0.019716843564636655,0.7342670658997189,0.5387347989388805
scene-0038_CAM_FRONT_124b2bf9_57a80885,G51-B,2,79116,28.959160769797116,0.012818577817061527,0.7364864864864865,0.5331140178078954
scene-0038_CAM_FRONT_124b2bf9_57a80885,G51-B,3,76720,31.042013548093113,0.031019772102284682,0.7369789614687574,0.5149318414624537
scene-0038_CAM_FRONT_124b2bf9_57a80885,G51-B,4,77178,30.4152417020809,0.024393491325135574,0.7564284401019095,0.520066713944265
scene-0039_CAM_FRONT_15c59626_7c8ce823,G51-B,0,100065,32.881155427631576,0.04920222771320493,0.9720733853386915,0.6603695532266961
scene-0039_CAM_FRONT_15c59626_7c8ce823,G51-B,1,100429,33.95195492511522,0.06965501682997788,0.9698014340871484,0.6649528537283639
scene-0039_CAM_FRONT_15c59626_7c8ce823,G51-B,2,98151,35.24176735728076,0.06800550330768607,0.9691776324429385,0.647762193680561
scene-0039_CAM_FRONT_15c59626_7c8ce823,G51-B,3,95970,35.63842878218884,0.07871674101907322,0.9693220917710713,0.6336380111890316
scene-0039_CAM_FRONT_15c59626_7c8ce823,G51-B,4,89001,35.449765159970234,0.06174651533669451,0.9680022588185854,0.5857563102461062
scene-0039_CAM_FRONT_d7f3a1ff_17dd14b1,G51-B,0,112489,37.484054121506006,0.10241100898265776,0.9674703858377328,0.7618653639061802
scene-0039_CAM_FRONT_d7f3a1ff_17dd14b1,G51-B,1,116746,35.98577724358975,0.10819635014148132,0.9609697160717569,0.8008825151682295
scene-0039_CAM_FRONT_d7f3a1ff_17dd14b1,G51-B,2,123461,34.19917983343711,0.042534887450942804,0.9494851994851995,0.8505896567121057
scene-0039_CAM_FRONT_d7f3a1ff_17dd14b1,G51-B,3,120401,37.08242845729229,0.04836480185648684,0.933568408058204,0.827857011530481
scene-0039_CAM_FRONT_d7f3a1ff_17dd14b1,G51-B,4,118653,36.762999922791856,0.053166762555570735,0.9337850970504031,0.8000485908649174
scene-0039_CAM_FRONT_9397c89e_3357eff7,G51-B,0,110023,35.58538332612456,0.08648922823031624,0.9538255456622804,0.7381346360938198
scene-0039_CAM_FRONT_9397c89e_3357eff7,G51-B,1,109269,34.784485774253746,0.09822998293757346,0.9571481102093347,0.7366440784808131
scene-0039_CAM_FRONT_9397c89e_3357eff7,G51-B,2,108329,35.26704145551801,0.11009026538652877,0.957463294197988,0.7312399863420271
scene-0039_CAM_FRONT_9397c89e_3357eff7,G51-B,3,96584,34.91111989649223,0.08712383080467423,0.9428663357234786,0.6559044467207733
scene-0039_CAM_FRONT_9397c89e_3357eff7,G51-B,4,99290,34.85965433206643,0.08781427500658623,0.9230228771045098,0.689924618496047
scene-0039_CAM_FRONT_23cd0004_b024c299,G51-B,0,100740,34.514551899063484,0.08691961682609906,0.907257111338744,0.7023349880492737
scene-0039_CAM_FRONT_23cd0004_b024c299,G51-B,1,99105,34.572726337045175,0.09230151999177494,0.9064231870354319,0.6979683765398051
scene-0039_CAM_FRONT_23cd0004_b024c299,G51-B,2,101165,32.69308624098223,0.10295620790237825,0.926365140650855,0.6979552438736112
scene-0039_CAM_FRONT_23cd0004_b024c299,G51-B,3,105086,32.73268805707303,0.07059525839462544,0.9631497386599427,0.7117117117117117
scene-0039_CAM_FRONT_23cd0004_b024c299,G51-B,4,95980,34.346192056424776,0.13047421932786918,0.9584942084942085,0.6444658944658944
scene-0039_CAM_FRONT_edc5f9bd_3c693de8,G51-B,0,117803,36.62316354913381,0.12566026500108585,0.963123473327555,0.800337509521183
scene-0039_CAM_FRONT_edc5f9bd_3c693de8,G51-B,1,125302,36.060984563253015,0.11834002973658242,0.9457752212854253,0.8523953983137657
scene-0039_CAM_FRONT_edc5f9bd_3c693de8,G51-B,2,123196,37.87206266318537,0.1302320306791811,0.9397079295038478,0.841541249704515
scene-0039_CAM_FRONT_edc5f9bd_3c693de8,G51-B,3,118393,36.26189630681819,0.11075656790152788,0.9264373703149213,0.8200627741444068
scene-0039_CAM_FRONT_edc5f9bd_3c693de8,G51-B,4,112556,34.95281816465258,0.06876148413740824,0.9110590182018753,0.7825296141622672
scene-0039_CAM_FRONT_02b68afc_4b247d4d,G51-B,0,104737,29.726991150442483,0.09369030160498015,0.9100806345704305,0.7106348330838127
scene-0039_CAM_FRONT_02b68afc_4b247d4d,G51-B,1,117663,29.96971219346049,0.05879919698174296,0.9505358127807108,0.7925695374674967
scene-0039_CAM_FRONT_02b68afc_4b247d4d,G51-B,2,111596,30.363848252544187,0.09769971880244577,0.9569051558847477,0.7463294197988075
scene-0039_CAM_FRONT_02b68afc_4b247d4d,G51-B,3,108762,30.11557854268959,0.08619988033798887,0.95892102014551,0.7239513566044178
scene-0039_CAM_FRONT_02b68afc_4b247d4d,G51-B,4,110913,30.089526135163684,0.0722568376308832,0.95374018333202,0.7402883933496178
scene-0039_CAM_FRONT_793bebc8_af15c54e,G51-B,0,93176,31.49267440425832,0.057574725291139384,0.9514682320804769,0.6176686890972605
scene-0039_CAM_FRONT_793bebc8_af15c54e,G51-B,1,101058,31.489901468877257,0.06431980150283145,0.9508247314369763,0.6674743256375909
scene-0039_CAM_FRONT_793bebc8_af15c54e,G51-B,2,104052,32.57716197996918,0.07761233754596497,0.9557560475927823,0.6903120321487668
scene-0039_CAM_FRONT_793bebc8_af15c54e,G51-B,3,98021,32.96867823162731,0.05594434597426101,0.9636619126415045,0.6456937987550232
scene-0039_CAM_FRONT_793bebc8_af15c54e,G51-B,4,97078,32.85352832137053,0.07766503322932716,0.9668071861949413,0.6404472986105639
scene-0039_CAM_FRONT_0f96fbf0_c1b68aa9,G51-B,0,105118,28.266918988676743,0.0695508262094926,0.9720471200063037,0.695814619284007
scene-0039_CAM_FRONT_0f96fbf0_c1b68aa9,G51-B,1,104563,28.979874570657504,0.06054020065303556,0.9780027841252331,0.6975546975546976
scene-0039_CAM_FRONT_0f96fbf0_c1b68aa9,G51-B,2,92587,28.838102962781587,0.05216524447834647,0.9676345441651564,0.6188571953878076
scene-0039_CAM_FRONT_0f96fbf0_c1b68aa9,G51-B,3,91359,28.92926541395698,0.06395313966398941,0.9625456360150237,0.6120610406324692
scene-0039_CAM_FRONT_0f96fbf0_c1b68aa9,G51-B,4,92773,28.7945504342999,0.0696832625723327,0.9637275759724739,0.6263559477845192
scene-0092_CAM_FRONT_8e46878c_774f588f,G51-B,0,135323,39.271075021404116,0.06960752326982789,0.9290442045544086,0.9011307225592939
scene-0092_CAM_FRONT_8e46878c_774f588f,G51-B,1,135963,39.5429230628655,0.06473565655870583,0.9348422766790113,0.9036784598009088
scene-0092_CAM_FRONT_8e46878c_774f588f,G51-B,2,134802,40.06003926863456,0.05770209298856743,0.930081685183726,0.8968626060462795
scene-0092_CAM_FRONT_8e46878c_774f588f,G51-B,3,135101,40.091824055665995,0.05967976320220236,0.931762666456544,0.8981561736663778
scene-0092_CAM_FRONT_8e46878c_774f588f,G51-B,4,136808,41.211645419675094,0.06819745579264103,0.9451054553095369,0.9093255062642818
scene-0092_CAM_FRONT_8d966583_1259283e,G51-B,0,139573,38.99141130663431,0.07251179810057051,0.9606413994169096,0.9233249284269692
scene-0092_CAM_FRONT_8d966583_1259283e,G51-B,1,138516,37.69762314228959,0.0509319579278904,0.9562025582433745,0.9201796548735324
scene-0092_CAM_FRONT_8d966583_1259283e,G51-B,2,142110,39.36648413161994,0.04830649201132897,0.983301814934468,0.9479683765398051
scene-0092_CAM_FRONT_8d966583_1259283e,G51-B,3,140844,40.1241800144881,0.04520584733139521,0.9786528511018306,0.93645759462086
scene-0092_CAM_FRONT_8d966583_1259283e,G51-B,4,139403,40.1044703549849,0.027927031424653137,0.9723885693273449,0.9293856538754498
scene-0092_CAM_FRONT_38bde806_9c2cb01f,G51-B,0,137840,41.5976718541944,0.06034814774119579,0.9633861266514328,0.9341856433693169
scene-0092_CAM_FRONT_38bde806_9c2cb01f,G51-B,1,134154,42.0293730345912,0.06113417696484946,0.9455060016284506,0.9101725632337877
scene-0092_CAM_FRONT_38bde806_9c2cb01f,G51-B,2,129774,41.95021023671096,0.07845029711397089,0.9208559871825178,0.8805321356341764
scene-0092_CAM_FRONT_38bde806_9c2cb01f,G51-B,3,128909,41.03753255208333,0.06710798688281283,0.9097917159141649,0.8749835841672576
scene-0092_CAM_FRONT_38bde806_9c2cb01f,G51-B,4,129930,39.067150911114766,0.0595981036833817,0.9110721508680693,0.8742875528589814
scene-0092_CAM_FRONT_1ecb668f_75023dda,G51-B,0,131701,35.77285457761577,0.05069753444919467,0.9110064875370998,0.8793698946760171
scene-0092_CAM_FRONT_1ecb668f_75023dda,G51-B,1,130164,37.69342184168443,0.07160692709345717,0.9140598324271794,0.8802563496441047
scene-0092_CAM_FRONT_1ecb668f_75023dda,G51-B,2,132241,39.29145178841786,0.09363560803536952,0.9159640690252935,0.8845244661571192
scene-0092_CAM_FRONT_1ecb668f_75023dda,G51-B,3,132921,39.905090807629854,0.09854344356544109,0.91807842828251,0.8853715231266251
scene-0092_CAM_FRONT_1ecb668f_75023dda,G51-B,4,132963,38.755836138071395,0.06891861507145647,0.9205211041945736,0.8850957371365534
scene-0092_CAM_FRONT_38c0c7b3_c3ab884d,G51-B,0,133692,40.09027257984032,0.07440732449964038,0.924191684395766,0.8978672550101121
scene-0092_CAM_FRONT_38c0c7b3_c3ab884d,G51-B,1,133674,40.57159526719488,0.06875857864683188,0.9254261550179917,0.8976111680193313
scene-0092_CAM_FRONT_38c0c7b3_c3ab884d,G51-B,2,132966,41.83276483050846,0.07785330000483115,0.9263191763191764,0.8952275891051401
scene-0092_CAM_FRONT_38c0c7b3_c3ab884d,G51-B,3,133683,42.2807630864846,0.07846151743777696,0.9293002915451894,0.900526619914375
scene-0092_CAM_FRONT_38c0c7b3_c3ab884d,G51-B,4,133631,42.037635633680544,0.07611431960822168,0.9325309274288867,0.9020368765266724
scene-0092_CAM_FRONT_e568b88d_c10dfcf7,G51-B,0,134350,40.7804575435451,0.07356080903715845,0.9363525332913089,0.9101003335697213
scene-0092_CAM_FRONT_e568b88d_c10dfcf7,G51-B,1,135793,40.8332943328795,0.0778129619741299,0.9466485435873191,0.9141386284243427
scene-0092_CAM_FRONT_e568b88d_c10dfcf7,G51-B,2,136482,40.1757581967213,0.06581194296969994,0.9548892916239855,0.9224975704567542
scene-0092_CAM_FRONT_e568b88d_c10dfcf7,G51-B,3,138509,39.55743300542741,0.06365614672121822,0.9683634071389173,0.9339426890447299
scene-0092_CAM_FRONT_e568b88d_c10dfcf7,G51-B,4,138042,39.614128940615835,0.06503704582603365,0.9714889816930633,0.934520526357261
scene-0092_CAM_FRONT_e6c7e16f_248b69fa,G51-B,0,138320,39.5782208588957,0.06960304932106798,0.9740892495994536,0.9421243400835237
scene-0092_CAM_FRONT_e6c7e16f_248b69fa,G51-B,1,135871,42.61259710451977,0.07206780636446908,0.9680679221495548,0.9283219079137447
scene-0092_CAM_FRONT_e6c7e16f_248b69fa,G51-B,2,136543,44.0959160497981,0.06388366994888672,0.9597418117826281,0.9350327003388228
scene-0092_CAM_FRONT_e6c7e16f_248b69fa,G51-B,3,133574,43.28677206650418,0.07260020532132283,0.9477648202137998,0.9160822630210386
scene-0092_CAM_FRONT_e6c7e16f_248b69fa,G51-B,4,132167,43.01010016879885,0.08026721587479324,0.9333648517321986,0.9079006119822446
scene-0092_CAM_FRONT_4996d203_f6dc7d8e,G51-B,0,126622,43.92844662944929,0.08553546109734667,0.9037900874635568,0.8800856249835841
scene-0092_CAM_FRONT_4996d203_f6dc7d8e,G51-B,1,125250,43.79563129274315,0.0805398022363304,0.8985961179838731,0.8756073858114675
scene-0092_CAM_FRONT_4996d203_f6dc7d8e,G51-B,2,126439,45.433181024199044,0.10264851999771629,0.8976965303495916,0.8739067055393586
scene-0092_CAM_FRONT_4996d203_f6dc7d8e,G51-B,3,126442,45.79051453170555,0.09416176614790173,0.8983071993276075,0.8743860478554356
scene-0092_CAM_FRONT_4996d203_f6dc7d8e,G51-B,4,129387,45.306869124303624,0.0949532911601283,0.8998305886060988,0.8726722349171329
scene-0093_CAM_FRONT_6e0955c2_88c4bf6c,G51-B,0,66596,23.55804645721926,0.03446105978182934,0.5968665458461376,0.4474824678906312
scene-0093_CAM_FRONT_6e0955c2_88c4bf6c,G51-B,1,64334,23.058657094594604,0.052992931150571465,0.5953168912352585,0.43615554329840045
scene-0093_CAM_FRONT_6e0955c2_88c4bf6c,G51-B,2,70926,23.295169424677763,0.066808258493388,0.6060134478501825,0.48633546082525675
scene-0093_CAM_FRONT_6e0955c2_88c4bf6c,G51-B,3,70470,22.09875954198473,0.04571961017024906,0.6194941296982114,0.4864864864864865
scene-0093_CAM_FRONT_6e0955c2_88c4bf6c,G51-B,4,79416,22.85588891806723,0.048577574916774724,0.6412352585821973,0.5554789483360912
scene-0093_CAM_FRONT_6dab8a84_5c279586,G51-B,0,71002,24.423565438200495,0.03477158013699988,0.6476702650172038,0.4828093399521971
scene-0093_CAM_FRONT_6dab8a84_5c279586,G51-B,1,81304,24.55882501099062,0.03379202351238919,0.6800554198513382,0.552248312452394
scene-0093_CAM_FRONT_6dab8a84_5c279586,G51-B,2,79009,26.229670653638816,0.045266853009898966,0.6899902818270165,0.5281236046542169
scene-0093_CAM_FRONT_6dab8a84_5c279586,G51-B,3,59345,26.516957016283527,0.030423738035304737,0.6361463504320647,0.3924565965382292
scene-0093_CAM_FRONT_6dab8a84_5c279586,G51-B,4,58178,26.992552886933467,0.04216098797943979,0.6350103748062932,0.3820161269140861
scene-0093_CAM_FRONT_561cf9ac_85249094,G51-B,0,56165,34.124640213815795,0.03947614314115899,0.640801880597799,0.3687980983899351
scene-0093_CAM_FRONT_561cf9ac_85249094,G51-B,1,56365,34.29103016439206,0.04653074015977232,0.6609539568723242,0.37027552333674785
scene-0093_CAM_FRONT_561cf9ac_85249094,G51-B,2,59854,34.126355582332494,0.04896319475656652,0.6828132797520553,0.3951684921072676
scene-0093_CAM_FRONT_561cf9ac_85249094,G51-B,3,59908,35.13229876332939,0.058760608536761794,0.7002074961258635,0.39570693142121716
scene-0093_CAM_FRONT_561cf9ac_85249094,G51-B,4,57946,35.894477812927505,0.06210866451573249,0.7032017440180706,0.3879061277020461
scene-0093_CAM_FRONT_938d0ee9_636c9024,G51-B,0,70487,53.103934512273895,0.05395448636423872,0.7091968061355817,0.4750807658970924
scene-0093_CAM_FRONT_938d0ee9_636c9024,G51-B,1,65631,55.28635977849512,0.04833540761448907,0.70758805452683,0.4309550074856197
scene-0093_CAM_FRONT_938d0ee9_636c9024,G51-B,2,61963,55.937315568932945,0.05552210568009475,0.7067606965566149,0.4068696976860242
scene-0093_CAM_FRONT_938d0ee9_636c9024,G51-B,3,63424,56.647684733072914,0.05740840472255515,0.7170370078533344,0.41646311034066136
scene-0093_CAM_FRONT_938d0ee9_636c9024,G51-B,4,64736,56.07224287974682,0.059655731750197116,0.733420008930213,0.42507813936385364
scene-0093_CAM_FRONT_f9438d42_4a4ea75e,G51-B,0,68293,59.85672641257994,0.06386805047782218,0.7425012476032884,0.44843458618968823
scene-0093_CAM_FRONT_f9438d42_4a4ea75e,G51-B,1,66495,64.67081710605149,0.06751912656689552,0.7408859296614398,0.4366283192813805
scene-0093_CAM_FRONT_f9438d42_4a4ea75e,G51-B,2,66351,66.25765395104011,0.07966513554173105,0.7468415937803693,0.4359322879731043
scene-0093_CAM_FRONT_f9438d42_4a4ea75e,G51-B,3,65736,64.31032168098669,0.07794805079409084,0.7476952170829722,0.4321369474430699
scene-0093_CAM_FRONT_f9438d42_4a4ea75e,G51-B,4,67541,66.02716998844595,0.07818894580410074,0.7616946392456596,0.443536101699367
scene-0093_CAM_FRONT_08303db5_267340cf,G51-B,0,70407,58.36364510105448,0.059958286350912715,0.7751030914296221,0.46552018490794
scene-0093_CAM_FRONT_08303db5_267340cf,G51-B,1,69444,60.72716346153849,0.07210472553126213,0.7783402936464161,0.4576077535261209
scene-0093_CAM_FRONT_08303db5_267340cf,G51-B,2,68952,59.34152689873415,0.058910862390479046,0.7893060699183149,0.45357602500459643
scene-0093_CAM_FRONT_08303db5_267340cf,G51-B,3,69898,59.352739887852834,0.07858070459904698,0.7941979880755391,0.4597812097812098
scene-0093_CAM_FRONT_08303db5_267340cf,G51-B,4,70345,61.06839677526595,0.049077246508378636,0.7908163265306123,0.4657500065663331
scene-0093_CAM_FRONT_9c345815_f7a001c4,G51-B,0,73697,45.43763711049427,0.0507153288699973,0.7942439524072177,0.5891314054579361
scene-0093_CAM_FRONT_9c345815_f7a001c4,G51-B,1,76277,49.60748756665298,0.05452957131796898,0.7959774643448113,0.6299411656554513
scene-0093_CAM_FRONT_9c345815_f7a001c4,G51-B,2,96220,48.3760863535503,0.052523978478711264,0.8082827725684869,0.6800619861844351
scene-0093_CAM_FRONT_9c345815_f7a001c4,G51-B,3,100078,51.97240917734187,0.0773674197104246,0.8231292517006803,0.6903842618128332
scene-0093_CAM_FRONT_9c345815_f7a001c4,G51-B,4,105712,47.96054878670473,0.05000841914822174,0.8332808026685578,0.7335053712604733
scene-0094_CAM_FRONT_19ffc60b_16c4a3ea,G51-B,0,110803,38.40436232825066,0.05831388341890387,0.8571494234759541,0.7745252541170908
scene-0094_CAM_FRONT_19ffc60b_16c4a3ea,G51-B,1,109893,39.02485629180602,0.0761239665110991,0.8491844614293594,0.7725684868542011
scene-0094_CAM_FRONT_19ffc60b_16c4a3ea,G51-B,2,105399,39.653361459796365,0.07938637014503991,0.8211330864392089,0.7573345940692879
scene-0094_CAM_FRONT_19ffc60b_16c4a3ea,G51-B,3,105552,38.18603641795866,0.06335385300430318,0.8206143461245502,0.7502363879914901
scene-0094_CAM_FRONT_19ffc60b_16c4a3ea,G51-B,4,107292,37.89477743167203,0.06162676264422662,0.8358416725763664,0.762613925879232
scene-0094_CAM_FRONT_442d1845_ac83bf9a,G51-B,0,109248,37.42243377827678,0.060531490851099434,0.8508851417014682,0.7479447377406561
scene-0094_CAM_FRONT_442d1845_ac83bf9a,G51-B,1,112569,39.47710482154552,0.08862214594609386,0.8677146534289392,0.7628109158721403
scene-0094_CAM_FRONT_442d1845_ac83bf9a,G51-B,2,113445,39.46633771929825,0.09000644240286881,0.8662437948152234,0.7663239040790061
scene-0094_CAM_FRONT_442d1845_ac83bf9a,G51-B,3,111725,40.60941992811501,0.11955488825737515,0.8579505161137814,0.752882620229559
scene-0094_CAM_FRONT_442d1845_ac83bf9a,G51-B,4,110565,40.99115182976974,0.10464852540913894,0.8518372600005253,0.7493105350248207
scene-0094_CAM_FRONT_6a85b137_a2751129,G51-B,0,103539,37.57160766961651,0.06470645086062854,0.8454679168964884,0.7014813647466709
scene-0094_CAM_FRONT_6a85b137_a2751129,G51-B,1,98952,38.2453375462392,0.07382317018472295,0.8413705250439945,0.6694179602342868
scene-0094_CAM_FRONT_6a85b137_a2751129,G51-B,2,88742,38.407264451658335,0.06792385759649155,0.8170488272529088,0.6126191789457096
scene-0094_CAM_FRONT_6a85b137_a2751129,G51-B,3,85093,38.76025059688847,0.051463823029012534,0.8057941323247446,0.5823221180364038
scene-0094_CAM_FRONT_6a85b137_a2751129,G51-B,4,81333,37.94785195079523,0.062023220780523136,0.7878089459722113,0.5620715467654244
scene-0094_CAM_FRONT_7dfa2547_9e527ac1,G51-B,0,96497,37.928081327639745,0.05135479360905304,0.7779463136605994,0.6843629343629344
scene-0094_CAM_FRONT_7dfa2547_9e527ac1,G51-B,1,98072,38.582973718048635,0.05505111158717635,0.7790100596223045,0.6923738607412077
scene-0094_CAM_FRONT_7dfa2547_9e527ac1,G51-B,2,97816,39.53878991720874,0.0698054942935129,0.7792004832821159,0.6916843957660285
scene-0094_CAM_FRONT_7dfa2547_9e527ac1,G51-B,3,96534,38.28085683847404,0.04302189575267512,0.7770861240248995,0.6867793449426103
scene-0094_CAM_FRONT_7dfa2547_9e527ac1,G51-B,4,95213,38.3956787756963,0.043344126542664174,0.7793318099440548,0.6664893756730491
scene-0094_CAM_FRONT_15222be3_7604c6ea,G51-B,0,97441,35.304618426067066,0.04582046488726599,0.7653258214482704,0.684165944370026
scene-0094_CAM_FRONT_15222be3_7604c6ea,G51-B,1,91894,34.48780993367024,0.04116701223070085,0.7452262758385207,0.642968770519791
scene-0094_CAM_FRONT_15222be3_7604c6ea,G51-B,2,88010,35.28377982626875,0.04470498414819568,0.7326451816247734,0.5950082735797021
scene-0094_CAM_FRONT_15222be3_7604c6ea,G51-B,3,85918,35.20820630081302,0.03821247156767282,0.7216925380190686,0.5732211803640375
scene-0094_CAM_FRONT_15222be3_7604c6ea,G51-B,4,84183,35.0555037313433,0.030607258692631145,0.7120137630341712,0.5662280356157907
scene-0094_CAM_FRONT_d00b9230_8b17a8d9,G51-B,0,81480,35.31070791490486,0.029691700529022924,0.7075486565282484,0.5517164394715415
scene-0094_CAM_FRONT_d00b9230_8b17a8d9,G51-B,1,80621,36.34608970730919,0.03266364428586588,0.7009691907651091,0.5412234391826228
scene-0094_CAM_FRONT_d00b9230_8b17a8d9,G51-B,2,76215,35.90615421775055,0.034142664187796434,0.6893139495180312,0.5052530664775563
scene-0094_CAM_FRONT_d00b9230_8b17a8d9,G51-B,3,75879,35.93148406701708,0.03410368523296725,0.6878102592388307,0.5064481391012003
scene-0094_CAM_FRONT_d00b9230_8b17a8d9,G51-B,4,73483,35.688996991459625,0.03637219564631389,0.6903317311480577,0.4905576130065926
scene-0094_CAM_FRONT_723ad933_3164b1a6,G51-B,0,62319,34.55502254404921,0.04445676579563518,0.6909555327922675,0.41579991069786987
scene-0094_CAM_FRONT_723ad933_3164b1a6,G51-B,1,62340,33.965520166341854,0.03816151183467098,0.689340214850419,0.42161111548866653
scene-0094_CAM_FRONT_723ad933_3164b1a6,G51-B,2,62478,34.39644044452888,0.03170621502550497,0.6879021879021879,0.4180455966170252
scene-0094_CAM_FRONT_723ad933_3164b1a6,G51-B,3,61276,33.72445700354611,0.026788916017737252,0.686208073963176,0.4075328973288157
scene-0094_CAM_FRONT_723ad933_3164b1a6,G51-B,4,60699,34.49881435623369,0.03718943120011664,0.6860242166364615,0.405694324061671
scene-0094_CAM_FRONT_68c0cfc0_8887f956,G51-B,0,56336,28.196408704188478,0.03613995776405243,0.6855974049851601,0.37000630367977305
scene-0094_CAM_FRONT_68c0cfc0_8887f956,G51-B,1,55981,27.910315040650403,0.030014774217871576,0.6867465132771255,0.3675898931000972
scene-0094_CAM_FRONT_68c0cfc0_8887f956,G51-B,2,55825,27.90315857573376,0.03294856623865927,0.6866151866151866,0.36711055078402016
scene-0094_CAM_FRONT_68c0cfc0_8887f956,G51-B,3,56074,27.879461348684206,0.027144669537046306,0.6868647072728705,0.3682268274105009
scene-0094_CAM_FRONT_68c0cfc0_8887f956,G51-B,4,57898,28.103284542139377,0.024216192864433328,0.6881779738922597,0.3801775536469414
scene-0095_CAM_FRONT_78be3bd5_d773c946,G51-B,0,64692,23.272220141267123,0.017829797554581805,0.683804796049694,0.4249862107004964
scene-0095_CAM_FRONT_78be3bd5_d773c946,G51-B,1,63831,23.01689321019771,0.01604701581212975,0.6836472040553673,0.4191618732435059
scene-0095_CAM_FRONT_78be3bd5_d773c946,G51-B,2,63751,22.92585929695304,0.017010477681189684,0.6838770257137604,0.41868909726052583
scene-0095_CAM_FRONT_78be3bd5_d773c946,G51-B,3,63051,22.556669053234508,0.01604713157300086,0.6840083523756993,0.41402700076169463
scene-0095_CAM_FRONT_78be3bd5_d773c946,G51-B,4,63297,22.99132108724451,0.014735698048542911,0.6838441940482757,0.4156751503690279
scene-0095_CAM_FRONT_71b80d68_da3ef456,G51-B,0,62148,25.236549338360852,0.015859086399637734,0.6840543167073779,0.4080844693089591
scene-0095_CAM_FRONT_71b80d68_da3ef456,G51-B,1,61612,25.657897986322194,0.015171472575974176,0.6837522653849184,0.4045649147689964
scene-0095_CAM_FRONT_71b80d68_da3ef456,G51-B,2,61554,25.66667899408284,0.015533487290773529,0.6837982297165971,0.4042168991148583
scene-0095_CAM_FRONT_71b80d68_da3ef456,G51-B,3,60812,25.415253643497756,0.01366338784105281,0.6836406377222704,0.3993184146245371
scene-0095_CAM_FRONT_71b80d68_da3ef456,G51-B,4,60809,25.36070593009932,0.015301150553733489,0.6840214850418932,0.3993052819583432
scene-0095_CAM_FRONT_98592cf2_e6bf9e3d,G51-B,0,61097,23.356186810661764,0.014746563068715801,0.6841199800383474,0.40119638589026346
scene-0095_CAM_FRONT_98592cf2_e6bf9e3d,G51-B,1,62094,23.713720287369924,0.01700173320160303,0.6838507603813726,0.4077627189872088
scene-0095_CAM_FRONT_98592cf2_e6bf9e3d,G51-B,2,62252,23.64966243362214,0.015878150149625014,0.6838507603813726,0.4087673679510414
scene-0095_CAM_FRONT_98592cf2_e6bf9e3d,G51-B,3,60894,23.70055515078561,0.01482400800069028,0.6840149187087963,0.4001063745961705
scene-0095_CAM_FRONT_98592cf2_e6bf9e3d,G51-B,4,60607,23.47361748840942,0.016371362233733144,0.6839558217109237,0.3979657500065663
scene-0095_CAM_FRONT_18b3ef8c_2d800e7c,G51-B,0,61148,25.66123299870466,0.014949217498357426,0.6837850970504031,0.4015247025451107
scene-0095_CAM_FRONT_18b3ef8c_2d800e7c,G51-B,1,60292,25.92450637437811,0.015338643724963186,0.6837719643842093,0.3958973550810285
scene-0095_CAM_FRONT_18b3ef8c_2d800e7c,G51-B,2,60505,26.160799904415395,0.015668697125065023,0.6836537703884643,0.3972959840306779
scene-0095_CAM_FRONT_18b3ef8c_2d800e7c,G51-B,3,61274,26.074728656759913,0.014572698775926929,0.6837653980511124,0.40234549418222887
scene-0095_CAM_FRONT_18b3ef8c_2d800e7c,G51-B,4,59904,26.225438370293965,0.015758503605670438,0.6839164237123421,0.39334961783941375
scene-0095_CAM_FRONT_99ccc70f_cac56fc7,G51-B,0,61493,24.20586239140926,0.015555279167607239,0.684165944370026,0.4037835211304599
scene-0095_CAM_FRONT_99ccc70f_cac56fc7,G51-B,1,60951,24.070725469228808,0.015029469449659771,0.6840411840411841,0.4002311349250125
scene-0095_CAM_FRONT_99ccc70f_cac56fc7,G51-B,2,60764,23.936531126968497,0.015504576403291948,0.6837522653849184,0.39899666430278674
scene-0095_CAM_FRONT_99ccc70f_cac56fc7,G51-B,3,60871,24.196111703113413,0.015204195220585692,0.6839295563785359,0.39977805794132326
scene-0095_CAM_FRONT_99ccc70f_cac56fc7,G51-B,4,60694,24.039709004790943,0.0160354876585187,0.6839886533764085,0.3985370209860006
scene-0095_CAM_FRONT_1f40bab1_b90fba92,G51-B,0,61595,24.156836803630814,0.014494074285376524,0.6839032910461482,0.404610879100675
scene-0095_CAM_FRONT_1f40bab1_b90fba92,G51-B,1,61032,24.027782361728736,0.016240422936606436,0.6840083523756993,0.40090746723399784
scene-0095_CAM_FRONT_1f40bab1_b90fba92,G51-B,2,61736,24.30371907552084,0.015056254996277607,0.6840608830404749,0.40557613006592597
scene-0095_CAM_FRONT_1f40bab1_b90fba92,G51-B,3,61648,24.341200657894742,0.014713648335269003,0.6838967247130513,0.40486039975835897
scene-0095_CAM_FRONT_1f40bab1_b90fba92,G51-B,4,60042,23.896590638601737,0.013292191452151325,0.6836537703884643,0.3942557718067922
scene-0095_CAM_FRONT_a9549839_70271815,G51-B,0,61814,26.130971943701724,0.012801487997587735,0.6836537703884643,0.40589131405457934
scene-0095_CAM_FRONT_a9549839_70271815,G51-B,1,62512,26.56722902312992,0.017809381426250548,0.6836537703884643,0.41048118088934415
scene-0095_CAM_FRONT_a9549839_70271815,G51-B,2,61153,26.38915264423077,0.016802959810163998,0.6837325663856276,0.4016363302077588
scene-0095_CAM_FRONT_a9549839_70271815,G51-B,3,60231,26.470216199333702,0.018596068037674662,0.6836669030546582,0.39550337509521183
scene-0095_CAM_FRONT_a9549839_70271815,G51-B,4,60590,26.466766606341775,0.013860151023558975,0.6836669030546582,0.397886954009403
scene-0096_CAM_FRONT_f9475d1f_73a3e6b8,G51-B,0,64497,35.62193864115169,0.02323885918576618,0.6754392876841856,0.45050954744832294
scene-0096_CAM_FRONT_f9475d1f_73a3e6b8,G51-B,1,64311,35.771376863532105,0.024751785541562654,0.6743033120584141,0.45485645995850077
scene-0096_CAM_FRONT_f9475d1f_73a3e6b8,G51-B,2,64567,36.86677020582329,0.020777347445347427,0.675511517348252,0.46167231371313006
scene-0096_CAM_FRONT_f9475d1f_73a3e6b8,G51-B,3,64035,37.32979324080158,0.029518177390814415,0.6748154860399759,0.4453024453024453
scene-0096_CAM_FRONT_f9475d1f_73a3e6b8,G51-B,4,64757,37.87933636761761,0.03429194527551882,0.6702584508706958,0.4525713760407638
scene-0096_CAM_FRONT_67cc592a_fd27366f,G51-B,0,67080,29.5594262295082,0.0381868134868395,0.6660165996900691,0.46862606046279515
scene-0096_CAM_FRONT_67cc592a_fd27366f,G51-B,1,67519,29.28149971461187,0.03133260170483565,0.6654912930423135,0.46998529141386286
scene-0096_CAM_FRONT_67cc592a_fd27366f,G51-B,2,64759,30.145827560956302,0.02605885370788741,0.6701599558742416,0.45136317075092586
scene-0096_CAM_FRONT_67cc592a_fd27366f,G51-B,3,69566,30.73042794655293,0.023510922712292937,0.7019278753972632,0.4785543561053765
scene-0096_CAM_FRONT_67cc592a_fd27366f,G51-B,4,63449,31.65958558384775,0.037769649213275525,0.6812176608094975,0.4302392771780527
scene-0096_CAM_FRONT_3ba93f95_112aa7a7,G51-B,0,59119,37.020105698529406,0.054506456068054376,0.6601922622330786,0.40409213878601635
scene-0096_CAM_FRONT_3ba93f95_112aa7a7,G51-B,1,59076,35.068562203479175,0.034932755416362316,0.660021537572558,0.3998305886060988
scene-0096_CAM_FRONT_3ba93f95_112aa7a7,G51-B,2,55554,34.882478430134675,0.03840550904958162,0.6651367110550784,0.3788445880282615
scene-0096_CAM_FRONT_3ba93f95_112aa7a7,G51-B,3,60812,36.11243007153338,0.04504692569715463,0.6908570377958133,0.42617471699104353
scene-0096_CAM_FRONT_3ba93f95_112aa7a7,G51-B,4,64759,35.90078037660703,0.045400672733437286,0.7201822814067712,0.46949281643159196
scene-0096_CAM_FRONT_5edf36a0_7c7ce7a9,G51-B,0,69602,29.760535625620655,0.03884737656452364,0.7437685498909988,0.49139153730990465
scene-0096_CAM_FRONT_5edf36a0_7c7ce7a9,G51-B,1,61974,31.731145423228355,0.049378788669316886,0.7007131037743283,0.4139153730990466
scene-0096_CAM_FRONT_5edf36a0_7c7ce7a9,G51-B,2,63307,31.232230000709826,0.04363624735737748,0.7097483781157251,0.4241457200640874
scene-0096_CAM_FRONT_5edf36a0_7c7ce7a9,G51-B,3,64049,32.94943954825616,0.03869283791632494,0.7039306069918315,0.42998975652036875
scene-0096_CAM_FRONT_5edf36a0_7c7ce7a9,G51-B,4,61718,31.03608369883042,0.040730130983354984,0.7010611194284664,0.41348199511464817
scene-0096_CAM_FRONT_9a2209d8_296e524f,G51-B,0,62244,30.33677002470008,0.04720736723628782,0.6927481417277336,0.409660389252226
scene-0096_CAM_FRONT_9a2209d8_296e524f,G51-B,1,62468,29.764410265065376,0.040367120122961175,0.6786567909016888,0.41730360097707037
scene-0096_CAM_FRONT_9a2209d8_296e524f,G51-B,2,63604,29.825399395509493,0.05132068514482446,0.6805872928321908,0.4303968691723794
scene-0096_CAM_FRONT_9a2209d8_296e524f,G51-B,3,67002,29.223112507807627,0.049585008984653456,0.6950463583116644,0.4482113308643921
scene-0096_CAM_FRONT_9a2209d8_296e524f,G51-B,4,64248,29.49554538157108,0.05291391234088172,0.6881188768943871,0.4218869014787382
scene-0096_CAM_FRONT_e8038e0f_d6e16562,G51-B,0,65292,26.395898437499998,0.03956271205946771,0.6816641714600898,0.4290573372206025
scene-0096_CAM_FRONT_e8038e0f_d6e16562,G51-B,1,66849,26.509363795128582,0.059787869522760495,0.6882830352218108,0.4404236598114149
scene-0096_CAM_FRONT_e8038e0f_d6e16562,G51-B,2,66528,26.437132053465632,0.0435423083361115,0.7160651905549865,0.4506474404433588
scene-0096_CAM_FRONT_e8038e0f_d6e16562,G51-B,3,66643,26.141204893012585,0.047699500018464125,0.7257373992067869,0.44974128647598033
scene-0096_CAM_FRONT_e8038e0f_d6e16562,G51-B,4,67292,27.825937016467716,0.04886854114590977,0.7222835079977937,0.45942662779397475
scene-0096_CAM_FRONT_3c1ab7d8_3fd8074c,G51-B,0,62609,27.40262327546998,0.03923955732681206,0.7180744884826518,0.41181414650802406
scene-0096_CAM_FRONT_3c1ab7d8_3fd8074c,G51-B,1,61275,28.02684839221015,0.05599563814969066,0.7279371207942636,0.40358653113755155
scene-0096_CAM_FRONT_3c1ab7d8_3fd8074c,G51-B,2,65178,28.586690140845068,0.04947191880636215,0.7491529430304941,0.43531505266199144
scene-0096_CAM_FRONT_3c1ab7d8_3fd8074c,G51-B,3,64816,28.23931040098437,0.05095725341159718,0.7619704252357313,0.4343104036981588
scene-0096_CAM_FRONT_3c1ab7d8_3fd8074c,G51-B,4,64001,28.21836695177802,0.05098412959848275,0.7741050087988863,0.42700207496125864
scene-0097_CAM_FRONT_1c81b06c_1dd5d04e,G51-B,0,46939,9.461764893075356,0.019712699595509253,0.815591101305387,0.3082171092375174
scene-0097_CAM_FRONT_1c81b06c_1dd5d04e,G51-B,1,45604,9.398925003732085,0.01855587741341247,0.8160967089538518,0.2994510545530954
scene-0097_CAM_FRONT_1c81b06c_1dd5d04e,G51-B,2,45059,9.385458242900237,0.018147993763206305,0.8157486932997137,0.29587240301526013
scene-0097_CAM_FRONT_1c81b06c_1dd5d04e,G51-B,3,44521,9.396218039772727,0.01619378837861829,0.8159456832926221,0.29233971580910356
scene-0097_CAM_FRONT_1c81b06c_1dd5d04e,G51-B,4,44448,9.404409345975232,0.017038734026095348,0.8149213353294986,0.29186037349302657
scene-0097_CAM_FRONT_9577cf1a_6bf8421a,G51-B,0,44514,9.379032309538395,0.017449647656286205,0.8159850812912037,0.2922937514774249
scene-0097_CAM_FRONT_9577cf1a_6bf8421a,G51-B,1,43215,9.36752259497549,0.017388830852444137,0.8161229742862396,0.28376408478449294
scene-0097_CAM_FRONT_9577cf1a_6bf8421a,G51-B,2,43299,9.355020248153536,0.01814278413004633,0.816792740262128,0.2843156567646364
scene-0097_CAM_FRONT_9577cf1a_6bf8421a,G51-B,3,43110,9.388404454462103,0.018917893143688858,0.8152430856512489,0.2830746198093137
scene-0097_CAM_FRONT_9577cf1a_6bf8421a,G51-B,4,42954,9.30180535143358,0.018252677618797897,0.8153809786462848,0.2820502718461902
scene-0097_CAM_FRONT_5c6f3a7e_98a8d1c3,G51-B,0,42506,10.077815872302155,0.01749834142753115,0.8151642896540856,0.2791085546187587
scene-0097_CAM_FRONT_5c6f3a7e_98a8d1c3,G51-B,1,41515,9.965186658548598,0.01763031775988466,0.8150132639928558,0.2726013185196859
scene-0097_CAM_FRONT_5c6f3a7e_98a8d1c3,G51-B,2,41550,10.143445880812616,0.01815214849249336,0.8157683922990046,0.27283114017807897
scene-0097_CAM_FRONT_5c6f3a7e_98a8d1c3,G51-B,3,40543,10.265816785411962,0.0179005974177735,0.813785359703727,0.266218842749455
scene-0097_CAM_FRONT_5c6f3a7e_98a8d1c3,G51-B,4,39524,9.97516362133667,0.019016503309745136,0.8114543114543115,0.2595277493236677
scene-0097_CAM_FRONT_8ef17257_50584518,G51-B,0,54305,17.63860583956437,0.021925829041268052,0.8109815354713313,0.3565847188296168
scene-0097_CAM_FRONT_8ef17257_50584518,G51-B,1,50378,18.146607389502762,0.0228461069910455,0.8133913797179103,0.33081842775720327
scene-0097_CAM_FRONT_8ef17257_50584518,G51-B,2,48595,18.612639593607735,0.028782204868244676,0.8148491056654322,0.31924198250728864
scene-0097_CAM_FRONT_8ef17257_50584518,G51-B,3,48339,18.69412956154684,0.022417677563038474,0.8156239329708718,0.3175741339006645
scene-0097_CAM_FRONT_8ef17257_50584518,G51-B,4,48385,18.738122061128532,0.017500550955644734,0.8148885036640139,0.3177120268957004
scene-0097_CAM_FRONT_92c817e6_fb879538,G51-B,0,55687,26.17943548387096,0.025985846457520445,0.8176594962309248,0.36700548945446904
scene-0097_CAM_FRONT_92c817e6_fb879538,G51-B,1,54517,26.426309689661796,0.01873419431277723,0.8164972552727655,0.3613387439918052
scene-0097_CAM_FRONT_92c817e6_fb879538,G51-B,2,55474,25.984211629993755,0.02231816619487259,0.8141333753578651,0.37135240196464686
scene-0097_CAM_FRONT_92c817e6_fb879538,G51-B,3,61414,26.071486609464376,0.02110609030958366,0.8248102329734983,0.4207706248522575
scene-0097_CAM_FRONT_92c817e6_fb879538,G51-B,4,57131,25.548355541455162,0.02327459682253874,0.8177842565597667,0.382508601896357
scene-0097_CAM_FRONT_f5193e87_185dd9f6,G51-B,0,58269,37.12957662953794,0.02698719538472627,0.8048879783573661,0.38292228088146457
scene-0097_CAM_FRONT_f5193e87_185dd9f6,G51-B,1,59415,38.016983356881646,0.031969615675276675,0.8037388700654007,0.3924894282037139
scene-0097_CAM_FRONT_f5193e87_185dd9f6,G51-B,2,56042,38.95191688144329,0.0480122269677119,0.8050718356840806,0.37292832190791375
scene-0097_CAM_FRONT_f5193e87_185dd9f6,G51-B,3,54057,40.11871017616192,0.04228781679604765,0.8034696504084259,0.35627610117406033
scene-0097_CAM_FRONT_f5193e87_185dd9f6,G51-B,4,53881,41.932808073654385,0.05668779419944414,0.8030297060909306,0.3538596905943845
scene-0097_CAM_FRONT_50c37d32_3c4da98d,G51-B,0,56983,38.07000693044354,0.03170274915398785,0.8009875764977806,0.3747800278412523
scene-0097_CAM_FRONT_50c37d32_3c4da98d,G51-B,1,56820,39.23660273941894,0.050364014895053044,0.8003178105218921,0.3754432274840438
scene-0097_CAM_FRONT_50c37d32_3c4da98d,G51-B,2,58802,37.89505509166248,0.04192150518107818,0.8018346334672866,0.39333648517321984
scene-0097_CAM_FRONT_50c37d32_3c4da98d,G51-B,3,61164,39.904555060434504,0.0584169336340179,0.8085913902240432,0.4139482047645313
scene-0097_CAM_FRONT_50c37d32_3c4da98d,G51-B,4,63599,40.63665842181467,0.05173219315065092,0.8152036876526673,0.4348488430121083
scene-0098_CAM_FRONT_c292d90b_4dfb0052,G51-B,0,65935,42.301067496299034,0.06560742571201539,0.7613663225908124,0.4337128673863368
scene-0098_CAM_FRONT_c292d90b_4dfb0052,G51-B,1,63536,42.18321167883212,0.06707906445048462,0.7549904131536784,0.41920783757518454
scene-0098_CAM_FRONT_c292d90b_4dfb0052,G51-B,2,64443,41.83068818099272,0.05812783994109871,0.7484043810574423,0.4253604916870223
scene-0098_CAM_FRONT_c292d90b_4dfb0052,G51-B,3,67757,42.48018622982664,0.032252677657620854,0.746395083129777,0.44936043915635754
scene-0098_CAM_FRONT_c292d90b_4dfb0052,G51-B,4,64773,41.527565328234544,0.03736526404540674,0.7421335329498595,0.425879232001681
scene-0098_CAM_FRONT_947147c6_808fabcc,G51-B,0,67024,36.749375713470315,0.03405957801381332,0.7537296771990649,0.44071914480077745
scene-0098_CAM_FRONT_947147c6_808fabcc,G51-B,1,67404,37.51326650943396,0.03517199835683993,0.7590943713392693,0.44320778504451974
scene-0098_CAM_FRONT_947147c6_808fabcc,G51-B,2,68225,37.2424122293148,0.03639466480918374,0.7634872481811257,0.45069997110813437
scene-0098_CAM_FRONT_947147c6_808fabcc,G51-B,3,68510,37.74415157125701,0.03154505048110989,0.7649581067948414,0.451468232080477
scene-0098_CAM_FRONT_947147c6_808fabcc,G51-B,4,69962,38.792046013779526,0.027401564308528803,0.7635332125128044,0.46092375174007827
scene-0098_CAM_FRONT_ffb68ec5_3307d121,G51-B,0,67760,33.76610404591215,0.026988875447301552,0.7656016074383422,0.44768602421663645
scene-0098_CAM_FRONT_ffb68ec5_3307d121,G51-B,1,67814,33.01322963265656,0.019731615157203564,0.7642949071520501,0.4481850655320043
scene-0098_CAM_FRONT_ffb68ec5_3307d121,G51-B,2,69471,33.36110326250753,0.022421235709504383,0.7635332125128044,0.4573779318677278
scene-0098_CAM_FRONT_ffb68ec5_3307d121,G51-B,3,68203,32.753067974452556,0.017187468259195704,0.7536246158695138,0.44809313686864705
scene-0098_CAM_FRONT_ffb68ec5_3307d121,G51-B,4,62404,33.466089855918995,0.02876530200030314,0.7411091849867361,0.41024479289785415
scene-0098_CAM_FRONT_8a0af59b_45731d09,G51-B,0,71915,35.64491338315217,0.04751754282433085,0.7490478817009429,0.47305833530323327
scene-0098_CAM_FRONT_8a0af59b_45731d09,G51-B,1,80045,36.343657688121894,0.05032487896867188,0.7442216268746881,0.535202111732724
scene-0098_CAM_FRONT_8a0af59b_45731d09,G51-B,2,74192,36.59526495375894,0.052907663625570756,0.7443660862028209,0.49774774774774777
scene-0098_CAM_FRONT_8a0af59b_45731d09,G51-B,3,73852,35.21146438953488,0.055503357697439526,0.7466446037874609,0.49690725711133876
scene-0098_CAM_FRONT_8a0af59b_45731d09,G51-B,4,76568,36.75244058284148,0.06955000039847548,0.737379507787671,0.5034341922097024
scene-0098_CAM_FRONT_19689911_e4437a15,G51-B,0,71451,33.678768659529545,0.08158922994422335,0.74363722322906,0.46991306174979647
scene-0098_CAM_FRONT_19689911_e4437a15,G51-B,1,75863,33.60886836231202,0.06355340615645799,0.7310429963491188,0.49855540671867205
scene-0098_CAM_FRONT_19689911_e4437a15,G51-B,2,80188,32.16660871478874,0.03910622218617643,0.7157303075670423,0.5289312636251412
scene-0098_CAM_FRONT_19689911_e4437a15,G51-B,3,79787,32.28430182627593,0.060063676079010975,0.7110419457358232,0.5305334489007958
scene-0098_CAM_FRONT_19689911_e4437a15,G51-B,4,78576,31.93483582017089,0.05282740048332313,0.6978830142095448,0.5367714653428939
scene-0098_CAM_FRONT_7760d89f_7fbf9f16,G51-B,0,60429,34.66422648417921,0.041006738213996474,0.6838638930475666,0.4170081159877078
scene-0098_CAM_FRONT_7760d89f_7fbf9f16,G51-B,1,63993,33.621385366496085,0.051987501094866495,0.6672642029784887,0.4488154335093111
scene-0098_CAM_FRONT_7760d89f_7fbf9f16,G51-B,2,57113,32.972732891613916,0.048908675426728276,0.6316090142620755,0.38613978409896776
scene-0098_CAM_FRONT_7760d89f_7fbf9f16,G51-B,3,55880,33.24955889568237,0.045906279839730946,0.6288445880282615,0.36795104142042917
scene-0098_CAM_FRONT_7760d89f_7fbf9f16,G51-B,4,56320,33.87706891286645,0.048116867645324524,0.6317337745909174,0.3776101174060358
scene-0098_CAM_FRONT_885aeed2_50d86a5c,G51-B,0,64002,53.26800881410256,0.0550903134909182,0.6575985606597852,0.4268641819662228
scene-0098_CAM_FRONT_885aeed2_50d86a5c,G51-B,1,60379,51.926980126728104,0.06219315854834928,0.6455099414283088,0.3964817587266567
scene-0098_CAM_FRONT_885aeed2_50d86a5c,G51-B,2,61365,52.32287676996288,0.06123563208984617,0.6505988495784414,0.40349460247419433
scene-0098_CAM_FRONT_885aeed2_50d86a5c,G51-B,3,62374,51.9292576255981,0.06555729329497972,0.6685118062669083,0.411584324849631
scene-0098_CAM_FRONT_885aeed2_50d86a5c,G51-B,4,61770,52.480935392581884,0.05900359672001354,0.6754983846820581,0.41560948703805844
scene-0099_CAM_FRONT_b9db8044_9d0e1d79,G51-B,0,120078,30.50371049760698,0.08131408772574189,0.9267591206366717,0.7989257479053398
scene-0099_CAM_FRONT_b9db8044_9d0e1d79,G51-B,1,123085,31.533498907878602,0.09324331848635925,0.9231739027657395,0.8201941008063457
scene-0099_CAM_FRONT_b9db8044_9d0e1d79,G51-B,2,121250,30.20459873699046,0.07422163465089127,0.9234431224227143,0.8068972762850314
scene-0099_CAM_FRONT_b9db8044_9d0e1d79,G51-B,3,120673,29.976673158640224,0.0684231175357084,0.9251306700286293,0.796844220313608
scene-0099_CAM_FRONT_b9db8044_9d0e1d79,G51-B,4,119574,29.37094462486745,0.053802167622470254,0.9266540593071205,0.7869750216688992
scene-0099_CAM_FRONT_fe944294_9faf87fc,G51-B,0,115345,23.973537955314494,0.047648425275048645,0.9256428440101909,0.7574527880650329
scene-0099_CAM_FRONT_fe944294_9faf87fc,G51-B,1,107698,22.66787987978283,0.03860198704345441,0.9184855409345205,0.7074370288656003
scene-0099_CAM_FRONT_fe944294_9faf87fc,G51-B,2,110041,23.216587391561518,0.031695410993715534,0.9181375252803824,0.7227497176476768
scene-0099_CAM_FRONT_fe944294_9faf87fc,G51-B,3,113627,24.21152941966685,0.029257145068505963,0.9219985291413862,0.7463556851311953
scene-0099_CAM_FRONT_fe944294_9faf87fc,G51-B,4,112959,25.038365620037055,0.039511469469609484,0.9189780159167914,0.7420547369526961
scene-0099_CAM_FRONT_34dc0f07_2de4836c,G51-B,0,120972,25.58269013554217,0.019062133639432988,0.9217161768182176,0.8029509100937673
scene-0099_CAM_FRONT_34dc0f07_2de4836c,G51-B,1,118604,24.907462169650476,0.02571497181934923,0.9207771911853545,0.7840792687731464
scene-0099_CAM_FRONT_34dc0f07_2de4836c,G51-B,2,119054,25.474562012846427,0.02994679253119803,0.9230031781052189,0.7882685892889975
scene-0099_CAM_FRONT_34dc0f07_2de4836c,G51-B,3,118408,25.178244932953135,0.04552390128798778,0.9259580279988443,0.7817088225251491
scene-0099_CAM_FRONT_34dc0f07_2de4836c,G51-B,4,112830,24.85328637789575,0.05965192845374867,0.9290967352191842,0.7413981036430016
scene-0099_CAM_FRONT_a9b8176b_d9151176,G51-B,0,114099,30.758387653374246,0.045501499681887214,0.9323799017676568,0.7500196989992909
scene-0099_CAM_FRONT_a9b8176b_d9151176,G51-B,1,117429,31.69217582370924,0.03975204171040092,0.9342119087017047,0.7843156567646363
scene-0099_CAM_FRONT_a9b8176b_d9151176,G51-B,2,118849,32.87474825013206,0.019233614430458346,0.9391957555222862,0.7911643421847504
scene-0099_CAM_FRONT_a9b8176b_d9151176,G51-B,3,120565,34.06246036499436,0.017759847046805444,0.9415924671026712,0.8032266960838389
scene-0099_CAM_FRONT_a9b8176b_d9151176,G51-B,4,121026,33.48565533015115,0.022215529340026574,0.9463858902634413,0.8037520027315945
scene-0099_CAM_FRONT_cb39369c_eaf2f8cf,G51-B,0,124388,44.9119564669088,0.01394320444170094,0.9484739841882699,0.8457305702203661
scene-0099_CAM_FRONT_cb39369c_eaf2f8cf,G51-B,1,122953,45.70402873411017,0.029171765955217754,0.9477713865468967,0.8264386835815407
scene-0099_CAM_FRONT_cb39369c_eaf2f8cf,G51-B,2,123915,45.26797023667935,0.05126107515846945,0.9547382659627558,0.8224200877262102
scene-0099_CAM_FRONT_cb39369c_eaf2f8cf,G51-B,3,123550,47.104205852321584,0.03964684718014233,0.9528011976991568,0.8279226748614503
scene-0099_CAM_FRONT_cb39369c_eaf2f8cf,G51-B,4,123089,48.24750135672937,0.04763782145734785,0.9524137840464371,0.8252567436240905
scene-0099_CAM_FRONT_0e8782aa_c7686b76,G51-B,0,126422,40.44648192166783,0.0483078234264378,0.958559871825178,0.8516665353400047
scene-0099_CAM_FRONT_0e8782aa_c7686b76,G51-B,1,123604,39.94715620975531,0.053678081582743564,0.9551716439471541,0.8231423843668741
scene-0099_CAM_FRONT_0e8782aa_c7686b76,G51-B,2,122416,40.84221779640814,0.049782000667091264,0.9478370498778662,0.8187823391905025
scene-0099_CAM_FRONT_0e8782aa_c7686b76,G51-B,3,122611,40.90053553027902,0.043818192278073376,0.9514222677487983,0.8145207890105849
scene-0099_CAM_FRONT_0e8782aa_c7686b76,G51-B,4,122885,41.74868229534227,0.0442689515378456,0.9536088566700811,0.8134439103826859
scene-0099_CAM_FRONT_56f2d967_3a56f761,G51-B,0,126145,47.252630928853755,0.048598102322130465,0.9561697265778898,0.8392561657867781
scene-0099_CAM_FRONT_56f2d967_3a56f761,G51-B,1,122987,47.61891299460433,0.0432868086711955,0.9487629028445355,0.8112113571297245
scene-0099_CAM_FRONT_56f2d967_3a56f761,G51-B,2,123653,49.9844176374895,0.0667479154356414,0.9579295038478712,0.813785359703727
scene-0099_CAM_FRONT_56f2d967_3a56f761,G51-B,3,121766,49.392540721273946,0.07631578687895679,0.9564652115672524,0.8001667848606624
scene-0099_CAM_FRONT_56f2d967_3a56f761,G51-B,4,119908,50.94049564971171,0.06243568919224085,0.9558808079216242,0.789397998581672
scene-0100_CAM_FRONT_028a3f3a_57913445,G51-B,0,74880,17.503383841565864,0.027457526697784118,0.928755285898143,0.4916870222992672
scene-0100_CAM_FRONT_028a3f3a_57913445,G51-B,1,74461,17.315233866373696,0.026301194142039463,0.9289654085572453,0.4889357287316471
scene-0100_CAM_FRONT_028a3f3a_57913445,G51-B,2,74355,17.342407917340335,0.02507110466344553,0.9290573372206026,0.48823969742337087
scene-0100_CAM_FRONT_028a3f3a_57913445,G51-B,3,74323,17.42032331905977,0.029184409537653444,0.9288603472276942,0.4882002994247892
scene-0100_CAM_FRONT_028a3f3a_57913445,G51-B,4,74705,17.26733982120775,0.029199538748095222,0.9288800462269851,0.49056417933968954
scene-0100_CAM_FRONT_6e80e8ce_70fce5a2,G51-B,0,74016,17.557302379394162,0.023673605864033886,0.9290836025529903,0.4862303994957056
scene-0100_CAM_FRONT_6e80e8ce_70fce5a2,G51-B,1,73871,17.3400369341995,0.028410207473084093,0.9290442045544086,0.4852323168649699
scene-0100_CAM_FRONT_6e80e8ce_70fce5a2,G51-B,2,73841,17.537720462328767,0.03052122884220365,0.9290113728889239,0.484864602211541
scene-0100_CAM_FRONT_6e80e8ce_70fce5a2,G51-B,3,74300,17.269837454212457,0.029149267522175615,0.9289719748903422,0.4881937330916923
scene-0100_CAM_FRONT_6e80e8ce_70fce5a2,G51-B,4,73851,17.395107281230434,0.025801745522511688,0.9289719748903422,0.48494339820870436
scene-0100_CAM_FRONT_52908013_d09b065a,G51-B,0,74867,17.440351972162244,0.02827065567839071,0.9289457095579544,0.49164762430068554
scene-0100_CAM_FRONT_52908013_d09b065a,G51-B,1,74560,17.166401000305438,0.026098287427267053,0.9289260105586636,0.4895857957082447
scene-0100_CAM_FRONT_52908013_d09b065a,G51-B,2,74571,17.27035855622271,0.027252882737079265,0.9289325768917606,0.48965802537231107
scene-0100_CAM_FRONT_52908013_d09b065a,G51-B,3,74293,17.352033689096498,0.029572436996887497,0.929004806555827,0.48783258477136027
scene-0100_CAM_FRONT_52908013_d09b065a,G51-B,4,74454,17.145027179513605,0.02580113376327975,0.9290770362198933,0.4888897643999685
scene-0100_CAM_FRONT_b32fbd9e_de52afcc,G51-B,0,74986,16.922173150510208,0.02268105079277527,0.9291361332177659,0.4923830536075434
scene-0100_CAM_FRONT_b32fbd9e_de52afcc,G51-B,1,74457,17.035784141418723,0.028272618992930543,0.9291033015522812,0.48890946339925934
scene-0100_CAM_FRONT_b32fbd9e_de52afcc,G51-B,2,74584,17.178339626131613,0.02668506557307082,0.9290376382213117,0.48974338770257136
scene-0100_CAM_FRONT_b32fbd9e_de52afcc,G51-B,3,74267,17.170297915904097,0.026785344033116054,0.9291886638825414,0.48766186011083973
scene-0100_CAM_FRONT_b32fbd9e_de52afcc,G51-B,4,73589,16.930523871792914,0.02534245246044531,0.9290442045544086,0.4832098862711108
scene-0100_CAM_FRONT_7586016d_79a822a6,G51-B,0,73924,17.237166747189043,0.0212912027300578,0.9289719748903422,0.4854424395240722
scene-0100_CAM_FRONT_7586016d_79a822a6,G51-B,1,73390,17.489421844482425,0.025285988820768157,0.9290179392220208,0.4819031859848186
scene-0100_CAM_FRONT_7586016d_79a822a6,G51-B,2,73482,17.475606850259574,0.02698917301350856,0.9291558322170567,0.48250728862973763
scene-0100_CAM_FRONT_7586016d_79a822a6,G51-B,3,73627,17.38215877283442,0.02846080209912305,0.9290573372206026,0.4834594069287947
scene-0100_CAM_FRONT_7586016d_79a822a6,G51-B,4,73780,17.29489274676217,0.02422143318880221,0.92899824022273,0.48458881622146927
scene-0100_CAM_FRONT_9cae0163_94b913a2,G51-B,0,74198,17.724165273406772,0.026488283687058578,0.9290376382213117,0.48734667612218635
scene-0100_CAM_FRONT_9cae0163_94b913a2,G51-B,1,73732,17.714159129318976,0.026414166215005475,0.9290113728889239,0.48426706589971896
scene-0100_CAM_FRONT_9cae0163_94b913a2,G51-B,2,73604,17.655186592558984,0.022236210742430318,0.9291033015522812,0.4833740445985344
scene-0100_CAM_FRONT_9cae0163_94b913a2,G51-B,3,73250,17.672420353084416,0.022178649320522492,0.9291886638825414,0.48110865968008826
scene-0100_CAM_FRONT_9cae0163_94b913a2,G51-B,4,73496,17.794775598404257,0.02673633315527102,0.9291230005515719,0.4827108449557429
scene-0100_CAM_FRONT_aa126aad_44049613,G51-B,0,71929,18.510412267736484,0.027482817188436925,0.9291755312163475,0.4723097733301815
scene-0100_CAM_FRONT_aa126aad_44049613,G51-B,1,71770,18.35534126142298,0.02485979273478134,0.9291230005515719,0.4712657263677672
scene-0100_CAM_FRONT_aa126aad_44049613,G51-B,2,71860,18.223054592893565,0.02825159997036497,0.9290901688860873,0.47185669634649224
scene-0100_CAM_FRONT_aa126aad_44049613,G51-B,3,72300,18.441330623947817,0.026908310175733696,0.9291558322170567,0.4747458829091482
scene-0100_CAM_FRONT_aa126aad_44049613,G51-B,4,72025,18.29208362018096,0.028979622549920148,0.9289785412234391,0.47294014130748824
scene-0100_CAM_FRONT_7613f642_3e743a8c,G51-B,0,73230,18.248833610495197,0.03053720949924199,0.9288143828960156,0.48085257268930737
scene-0100_CAM_FRONT_7613f642_3e743a8c,G51-B,1,72113,18.0339601995114,0.03048399278162206,0.9288209492291125,0.47351797862001943
scene-0100_CAM_FRONT_7613f642_3e743a8c,G51-B,2,72078,18.075724185330913,0.030200967521616384,0.9288275155622094,0.47328815696162635
scene-0100_CAM_FRONT_7613f642_3e743a8c,G51-B,3,70877,17.86460156747295,0.026061476250451854,0.9289325768917606,0.465401990912195
scene-0100_CAM_FRONT_7613f642_3e743a8c,G51-B,4,71733,18.00150989350819,0.03093697207243773,0.9289063115593728,0.4710227720431802
scene-0101_CAM_FRONT_d5324133_901cfd30,G51-B,0,69628,19.250960394246682,0.027566492266944964,0.9282299792503874,0.4572006408741103
scene-0101_CAM_FRONT_d5324133_901cfd30,G51-B,1,68900,18.833851391355832,0.024839640699549248,0.9283810049116171,0.45242035037953404
scene-0101_CAM_FRONT_d5324133_901cfd30,G51-B,2,68585,18.988755776848592,0.029783898934558017,0.9285517295721377,0.45035195545399626
scene-0101_CAM_FRONT_d5324133_901cfd30,G51-B,3,68611,19.085078842683725,0.03395430475540362,0.9285845612376225,0.45052268011451685
scene-0101_CAM_FRONT_d5324133_901cfd30,G51-B,4,68820,19.061869651589248,0.026899108764404378,0.9286896225671736,0.4518950437317784
scene-0101_CAM_FRONT_5c9d217c_7693424b,G51-B,0,69063,19.856441915760872,0.024882501953088276,0.9288997452262758,0.45349066267433613
scene-0101_CAM_FRONT_5c9d217c_7693424b,G51-B,1,68154,19.80315715933286,0.024177848929343604,0.9292149292149292,0.44752186588921283
scene-0101_CAM_FRONT_5c9d217c_7693424b,G51-B,2,67839,19.900318704873644,0.024500482583639904,0.9290770362198933,0.44545347096367505
scene-0101_CAM_FRONT_5c9d217c_7693424b,G51-B,3,67454,19.843138535334354,0.02711573799660627,0.928157749586321,0.4429254327213511
scene-0101_CAM_FRONT_5c9d217c_7693424b,G51-B,4,66866,20.0123580707856,0.021600073405288356,0.927074304625325,0.43906442886034724
scene-0101_CAM_FRONT_48ea4572_47fce09b,G51-B,0,70103,23.06324404761905,0.020482524093702104,0.9263782733170488,0.46038531242612873
scene-0101_CAM_FRONT_48ea4572_47fce09b,G51-B,1,72103,22.903091242283953,0.02582025594999493,0.9250518740314658,0.4734917132876317
scene-0101_CAM_FRONT_48ea4572_47fce09b,G51-B,2,71009,22.569582928015567,0.030913466209621987,0.9238896330733065,0.4662687468809918
scene-0101_CAM_FRONT_48ea4572_47fce09b,G51-B,3,69044,23.856955858960763,0.02816857201895373,0.9222414834659732,0.4533659023454942
scene-0101_CAM_FRONT_48ea4572_47fce09b,G51-B,4,64076,23.8352844854798,0.023300846893371308,0.9194967562314501,0.4207443595198697
scene-0101_CAM_FRONT_eaad6827_9ce5d3ae,G51-B,0,104519,72.16344387372527,0.026168845232448668,0.9149988180600426,0.6882108055577444
scene-0101_CAM_FRONT_eaad6827_9ce5d3ae,G51-B,1,103282,73.95445567198935,0.02852114258102656,0.9123263204895858,0.6803312058414099
scene-0101_CAM_FRONT_eaad6827_9ce5d3ae,G51-B,2,102148,73.8342762508229,0.021327490644210023,0.9119717385023507,0.6726354634517899
scene-0101_CAM_FRONT_eaad6827_9ce5d3ae,G51-B,3,96013,74.49171849648458,0.01964549711765251,0.8884117353505109,0.6332177658708271
scene-0101_CAM_FRONT_eaad6827_9ce5d3ae,G51-B,4,93652,75.21020945340501,0.013005370877009703,0.886231712762325,0.6187455677251595
scene-0101_CAM_FRONT_59a27b7f_b2fecdf1,G51-B,0,90200,97.39130619891013,0.010749181030226929,0.8793961600084049,0.5960260552097287
scene-0101_CAM_FRONT_59a27b7f_b2fecdf1,G51-B,1,84941,98.66848121198964,0.018185389633629256,0.8657513198329525,0.5606203871509994
scene-0101_CAM_FRONT_59a27b7f_b2fecdf1,G51-B,2,83254,99.70711706064954,0.021118483897039297,0.8621726682951173,0.5500026265332387
scene-0101_CAM_FRONT_59a27b7f_b2fecdf1,G51-B,3,82362,100.62040689810641,0.03861881960068114,0.8663882541433562,0.5437120794263651
scene-0101_CAM_FRONT_59a27b7f_b2fecdf1,G51-B,4,78304,98.4316017568408,0.045141729070232284,0.8668413311270454,0.5169083077246343
scene-0101_CAM_FRONT_dac52a02_2cdbffa3,G51-B,0,73217,86.19826722756413,0.05777561737382175,0.8725803062537757,0.484621647886954
scene-0101_CAM_FRONT_dac52a02_2cdbffa3,G51-B,1,70103,80.61369276742303,0.04542945603004789,0.8642738948861398,0.46288708533606493
scene-0101_CAM_FRONT_dac52a02_2cdbffa3,G51-B,2,69235,82.76244233112813,0.052392390138180644,0.8593819767289155,0.4689215454521577
scene-0101_CAM_FRONT_dac52a02_2cdbffa3,G51-B,3,62630,82.57651022304827,0.04749283619221645,0.8297021511307225,0.4163383500118194
scene-0101_CAM_FRONT_dac52a02_2cdbffa3,G51-B,4,57573,79.7953222427903,0.0430570920420994,0.8272200772200772,0.3781222913875975
scene-0101_CAM_FRONT_e2c7c91b_05e8bcef,G51-B,0,64738,92.67618721131639,0.059282458180577535,0.851272555354188,0.42542615501799175
scene-0101_CAM_FRONT_e2c7c91b_05e8bcef,G51-B,1,67223,91.85279827353394,0.045295599246101936,0.8666640401334279,0.44245922307146796
scene-0101_CAM_FRONT_e2c7c91b_05e8bcef,G51-B,2,69135,93.65220774291497,0.057308694902323154,0.881418590602264,0.4573057022036614
scene-0101_CAM_FRONT_e2c7c91b_05e8bcef,G51-B,3,67455,93.55491241532602,0.05154299270746954,0.8821146219105402,0.4474299372258556
scene-0101_CAM_FRONT_e2c7c91b_05e8bcef,G51-B,4,65302,90.59975125579601,0.05239906159133678,0.8735783888845113,0.4289785412234392
scene-0101_CAM_FRONT_b43de5e5_21971c1e,G51-B,0,63004,72.36266942771086,0.033893742484856215,0.8706892023218554,0.41405326609408244
scene-0101_CAM_FRONT_b43de5e5_21971c1e,G51-B,1,63862,70.97982782815201,0.029529900850282065,0.8711094476400599,0.4205605021931553
scene-0101_CAM_FRONT_b43de5e5_21971c1e,G51-B,2,64697,69.86403413058663,0.026805805879385858,0.8848199511464817,0.43008825151682295
scene-0101_CAM_FRONT_b43de5e5_21971c1e,G51-B,3,66613,67.87618038475051,0.023626613558334064,0.8923778005410659,0.4422622330785596
scene-0101_CAM_FRONT_b43de5e5_21971c1e,G51-B,4,66013,70.17675848925849,0.028032215969144403,0.9026475455046884,0.4362803036272424
scene-0102_CAM_FRONT_806011e8_ded4f73c,G51-B,0,70940,46.443085798980505,0.07973305439738976,0.7708612402489954,0.46603235888950173
scene-0102_CAM_FRONT_806011e8_ded4f73c,G51-B,1,71516,45.31405821134492,0.08059226504374228,0.762009823234313,0.46978173508785753
scene-0102_CAM_FRONT_806011e8_ded4f73c,G51-B,2,70563,41.755487982809846,0.05970547903440426,0.7458041131510519,0.46335329498594807
scene-0102_CAM_FRONT_806011e8_ded4f73c,G51-B,3,71337,39.9569712510105,0.05671905640105335,0.7271228954902424,0.46871798912615237
scene-0102_CAM_FRONT_806011e8_ded4f73c,G51-B,4,67120,40.08639359698683,0.03819593725882964,0.7111404407322774,0.44105402778872166
scene-0102_CAM_FRONT_bf5592d0_d5d6c0c4,G51-B,0,62186,38.804107716625204,0.04577405109120325,0.6832203924040658,0.40865574028839335
scene-0102_CAM_FRONT_bf5592d0_d5d6c0c4,G51-B,1,62546,37.889116872710616,0.03847466475272876,0.6529430304940509,0.411938906836866
scene-0102_CAM_FRONT_bf5592d0_d5d6c0c4,G51-B,2,57671,36.70071823655713,0.03566816085916624,0.6202755233367478,0.3807553909594726
scene-0102_CAM_FRONT_bf5592d0_d5d6c0c4,G51-B,3,53958,35.98224615136431,0.021331644275408568,0.6076287657920311,0.3550219315525438
scene-0102_CAM_FRONT_bf5592d0_d5d6c0c4,G51-B,4,49041,34.149296734907345,0.02005024416391432,0.6161190344863814,0.3220195414072965
scene-0102_CAM_FRONT_b9237446_7f11a83e,G51-B,0,53982,33.43487909117476,0.017832200009338717,0.6328434848843012,0.3545294565702729
scene-0102_CAM_FRONT_b9237446_7f11a83e,G51-B,1,56587,34.13936781609194,0.019959447378020023,0.6302957476426864,0.37156909095684604
scene-0102_CAM_FRONT_b9237446_7f11a83e,G51-B,2,60486,33.49776815428648,0.018853250729367055,0.6566398760276311,0.39717122370183594
scene-0102_CAM_FRONT_b9237446_7f11a83e,G51-B,3,60022,33.1235681077454,0.010491922018570854,0.671801539148478,0.3941244451448533
scene-0102_CAM_FRONT_b9237446_7f11a83e,G51-B,4,59107,32.94763607243745,0.013289388293797,0.678164315919418,0.38811625036114833
scene-0102_CAM_FRONT_32dbf459_1c79e219,G51-B,0,65322,35.44813114978135,0.03144802474812769,0.6868844062721614,0.4290573372206025
scene-0102_CAM_FRONT_32dbf459_1c79e219,G51-B,1,64955,36.060905049960816,0.037379630784384776,0.6929057337220602,0.42651616631208467
scene-0102_CAM_FRONT_32dbf459_1c79e219,G51-B,2,65004,36.946506832534844,0.02502175368698767,0.6991371838310614,0.42685761563312585
scene-0102_CAM_FRONT_32dbf459_1c79e219,G51-B,3,60546,36.73619492909497,0.01337303451908789,0.7040422346544796,0.3975717700207496
scene-0102_CAM_FRONT_32dbf459_1c79e219,G51-B,4,58699,37.7338017086331,0.017334779055334426,0.7127885903396107,0.3854371864575946
scene-0102_CAM_FRONT_2eb164aa_cb8f79c8,G51-B,0,64855,30.416453789406155,0.011296579139553842,0.7236755706143462,0.42594489533265045
scene-0102_CAM_FRONT_2eb164aa_cb8f79c8,G51-B,1,67484,30.302907196969688,0.01562751289518083,0.7355475008536233,0.44379218869014786
scene-0102_CAM_FRONT_2eb164aa_cb8f79c8,G51-B,2,69258,29.502243501106186,0.011199022922344204,0.7467233997846243,0.4572925695374675
scene-0102_CAM_FRONT_2eb164aa_cb8f79c8,G51-B,3,65509,29.01159667968749,0.011145052145309364,0.7534210595435086,0.4321303811099729
scene-0102_CAM_FRONT_2eb164aa_cb8f79c8,G51-B,4,72177,30.268329523187465,0.014694786833338913,0.7463294197988075,0.4829866309458146
scene-0102_CAM_FRONT_f4186246_3c7b830b,G51-B,0,72410,33.516593104596936,0.03162187842516628,0.7317127623250073,0.4868476348068185
scene-0102_CAM_FRONT_f4186246_3c7b830b,G51-B,1,77130,36.79609637825904,0.03120389641242638,0.7066753342263546,0.5408819898615816
scene-0102_CAM_FRONT_f4186246_3c7b830b,G51-B,2,77982,37.60710299744899,0.027227871099526624,0.6936345966958212,0.5258319544033829
scene-0102_CAM_FRONT_f4186246_3c7b830b,G51-B,3,72674,37.03600477598914,0.023997878158642072,0.6806069918314817,0.4790862290862291
scene-0102_CAM_FRONT_f4186246_3c7b830b,G51-B,4,70436,37.06630995444801,0.022713953533390674,0.7051125469492816,0.46251280434953906
scene-0102_CAM_FRONT_8b06ab55_e26feac8,G51-B,0,69570,38.28694710809581,0.015221635049588178,0.708546739158984,0.45695112021642637
scene-0102_CAM_FRONT_8b06ab55_e26feac8,G51-B,1,69917,38.258080760542164,0.015815116792322392,0.7271163291571455,0.45915084180390303
scene-0102_CAM_FRONT_8b06ab55_e26feac8,G51-B,2,67724,37.911833419067214,0.02095532885985696,0.7376027631129672,0.44469834265752634
scene-0102_CAM_FRONT_8b06ab55_e26feac8,G51-B,3,65962,40.113828125,0.014365257279249422,0.7528103905654926,0.4331284637407086
scene-0102_CAM_FRONT_8b06ab55_e26feac8,G51-B,4,60275,38.42278580891521,0.024483211342896993,0.7691539936437896,0.3957857274183805
scene-0102_CAM_FRONT_9a95f1a1_7844c7bf,G51-B,0,62721,42.774957247938545,0.03164428116964357,0.7843878864287027,0.4119783048354477
scene-0102_CAM_FRONT_9a95f1a1_7844c7bf,G51-B,1,62987,40.688261643339764,0.025408614088938464,0.8055840096656424,0.4137577811047199
scene-0102_CAM_FRONT_9a95f1a1_7844c7bf,G51-B,2,74644,40.95659911754003,0.026752947575307884,0.8687521340582565,0.4901373676883881
scene-0102_CAM_FRONT_9a95f1a1_7844c7bf,G51-B,3,66255,41.49618649097815,0.021852080252243944,0.8512528563548972,0.43506553200430753
scene-0102_CAM_FRONT_9a95f1a1_7844c7bf,G51-B,4,68164,42.80810971467391,0.016033071130695742,0.8564074278359992,0.4475875292201823
scene-0103_CAM_FRONT_3e8750f3_747aa46b,G51-B,0,122710,32.884711890699776,0.021802156474944212,0.9193391642371235,0.8466235915215508
scene-0103_CAM_FRONT_3e8750f3_747aa46b,G51-B,1,122769,33.73171202956989,0.021246778306757363,0.9201796548735324,0.8515614740104536
scene-0103_CAM_FRONT_3e8750f3_747aa46b,G51-B,2,122571,35.414389006662624,0.026386245766393923,0.9207837575184514,0.8533409502797258
scene-0103_CAM_FRONT_3e8750f3_747aa46b,G51-B,3,124646,36.4054496843076,0.028123900533007173,0.9284532345756835,0.8643395582171093
scene-0103_CAM_FRONT_3e8750f3_747aa46b,G51-B,4,128966,35.56294498381876,0.026341698091158383,0.9374819425839834,0.8696057573608594
scene-0103_CAM_FRONT_f4f86af4_a98fba72,G51-B,0,129692,31.823028399493253,0.020511514370877393,0.942938565387545,0.8809392482861871
scene-0103_CAM_FRONT_f4f86af4_a98fba72,G51-B,1,128202,31.112246117656063,0.02418038997924099,0.9350458330050166,0.8614044073227747
scene-0103_CAM_FRONT_f4f86af4_a98fba72,G51-B,2,127212,32.193040157823404,0.034169901102314215,0.9353413179943793,0.8503532687206157
scene-0103_CAM_FRONT_f4f86af4_a98fba72,G51-B,3,123128,32.11821414262821,0.029745025951158688,0.9140007354293068,0.8189990281827016
scene-0103_CAM_FRONT_f4f86af4_a98fba72,G51-B,4,120389,33.81445423158639,0.04615021271099806,0.9118010138418302,0.8049799070207233
scene-0103_CAM_FRONT_b6b0d9f2_f753d3f8,G51-B,0,127835,35.84883214718353,0.04094563883732372,0.9178157749586321,0.8616013973156831
scene-0103_CAM_FRONT_b6b0d9f2_f753d3f8,G51-B,1,129908,36.473641419491535,0.048452828595428876,0.929838730859139,0.8759751004648964
scene-0103_CAM_FRONT_b6b0d9f2_f753d3f8,G51-B,2,128673,36.114288674520324,0.044866879701229045,0.9300357208520473,0.8643789562156909
scene-0103_CAM_FRONT_b6b0d9f2_f753d3f8,G51-B,3,128984,36.66221658123028,0.04991320393207932,0.9295629448690673,0.8683909857379245
scene-0103_CAM_FRONT_b6b0d9f2_f753d3f8,G51-B,4,128042,36.208526504548644,0.051956657386597715,0.9298715625246238,0.8612599479946419
scene-0103_CAM_FRONT_b22fa0b3_9ee40201,G51-B,0,121616,31.796809895833324,0.037439564423464855,0.9281314842539332,0.8120978120978121
scene-0103_CAM_FRONT_b22fa0b3_9ee40201,G51-B,1,121316,31.419225610255573,0.030983547503921294,0.9256822420087726,0.8134898747143645
scene-0103_CAM_FRONT_b22fa0b3_9ee40201,G51-B,2,121042,31.143806079826728,0.034028638228600805,0.9243427100569958,0.8090247682084417
scene-0103_CAM_FRONT_b22fa0b3_9ee40201,G51-B,3,121371,32.0653451294567,0.03404240642433631,0.9237189084127859,0.8121700417618785
scene-0103_CAM_FRONT_b22fa0b3_9ee40201,G51-B,4,121967,31.981673436542007,0.038314416607222235,0.9225632337877235,0.8129054710687363
scene-0103_CAM_FRONT_5b03af7a_0af0feb5,G51-B,0,123714,30.968880519093076,0.03986631291369647,0.9222283507997794,0.8219801434087148
scene-0103_CAM_FRONT_5b03af7a_0af0feb5,G51-B,1,123011,31.87254247572815,0.039686455874562654,0.9218146718146718,0.8192945131720641
scene-0103_CAM_FRONT_5b03af7a_0af0feb5,G51-B,2,122782,32.49614988161332,0.033681317154260704,0.9210858088409108,0.8189005331862474
scene-0103_CAM_FRONT_5b03af7a_0af0feb5,G51-B,3,122519,32.52184580738434,0.030699124287515644,0.9216045491555696,0.815466340976545
scene-0103_CAM_FRONT_5b03af7a_0af0feb5,G51-B,4,122822,32.222587630123606,0.03071660667061682,0.920954482178972,0.8188020381897932
scene-0103_CAM_FRONT_61d9340c_6d9984d0,G51-B,0,124771,29.474390364433578,0.026354177931957157,0.9206983951881911,0.8362684842276679
scene-0103_CAM_FRONT_61d9340c_6d9984d0,G51-B,1,124771,29.141190294715443,0.03009533722132396,0.9191093425787303,0.8358219735770757
scene-0103_CAM_FRONT_61d9340c_6d9984d0,G51-B,2,125204,28.97545504688361,0.031130780275287817,0.918669398261235,0.8355264885877131
scene-0103_CAM_FRONT_61d9340c_6d9984d0,G51-B,3,124535,29.12358961028958,0.039652147308544716,0.915314002048696,0.8285399101725632
scene-0103_CAM_FRONT_61d9340c_6d9984d0,G51-B,4,124101,29.393814381209822,0.04275742450213471,0.9149068893966853,0.8301946261129934
scene-0103_CAM_FRONT_38a28a3a_1c9a906c,G51-B,0,125092,27.15186491935484,0.03981559094743359,0.918321382607097,0.8370170462007197
scene-0103_CAM_FRONT_38a28a3a_1c9a906c,G51-B,1,125778,27.756249277957494,0.036095513869152995,0.9167717279962178,0.8391117064586452
scene-0103_CAM_FRONT_38a28a3a_1c9a906c,G51-B,2,125186,27.152527299801456,0.04787287105270366,0.9164434113413705,0.8327554960208021
scene-0103_CAM_FRONT_38a28a3a_1c9a906c,G51-B,3,124923,28.104451794403893,0.039889211020087245,0.9174283613059123,0.8285530428387571
scene-0103_CAM_FRONT_38a28a3a_1c9a906c,G51-B,4,124010,28.65909069189602,0.024431623418093018,0.9167651616631208,0.8207325401202952
scene-0103_CAM_FRONT_a771effa_281b9226,G51-B,0,125133,29.30210383858268,0.02585458729792789,0.9172642029784887,0.8456320752239119
scene-0103_CAM_FRONT_a771effa_281b9226,G51-B,1,126037,29.284126475739495,0.026886566296862036,0.9178748719565046,0.852953536627006
scene-0103_CAM_FRONT_a771effa_281b9226,G51-B,2,125968,29.54547112736097,0.02461343776622149,0.9168439576602841,0.842618128332414
scene-0103_CAM_FRONT_a771effa_281b9226,G51-B,3,124062,28.909697061191626,0.025527465046368603,0.9206327318572216,0.8252567436240905
scene-0103_CAM_FRONT_a771effa_281b9226,G51-B,4,124971,31.24855061181125,0.030075952093436165,0.9170934783179682,0.8310876474141781
scene-0104_CAM_FRONT_f1b7b463_17d84afe,G51-B,0,125052,27.41049422836939,0.018658471290585954,0.9288078165629186,0.835178472933575
scene-0104_CAM_FRONT_f1b7b463_17d84afe,G51-B,1,123892,28.040329861111115,0.03849189349198556,0.9285845612376225,0.8279358075276443
scene-0104_CAM_FRONT_f1b7b463_17d84afe,G51-B,2,124355,27.824844083511202,0.026485270218022716,0.9273632232815906,0.8268523625666483
scene-0104_CAM_FRONT_f1b7b463_17d84afe,G51-B,3,124514,28.04774867466517,0.025780912118350763,0.9265292989782785,0.8249021616368555
scene-0104_CAM_FRONT_f1b7b463_17d84afe,G51-B,4,122927,27.756814924263878,0.01877885181563599,0.9259842933312321,0.8175413022351797
scene-0104_CAM_FRONT_d597cf64_115f9017,G51-B,0,124536,30.861270155536538,0.03408820701460691,0.9261024873269771,0.8637748535707719
scene-0104_CAM_FRONT_d597cf64_115f9017,G51-B,1,126943,31.277534617637215,0.03557565295212095,0.9255968796785123,0.8612271163291572
scene-0104_CAM_FRONT_d597cf64_115f9017,G51-B,2,122619,31.269588906826574,0.02944105157872734,0.923712342079689,0.8569589998161427
scene-0104_CAM_FRONT_d597cf64_115f9017,G51-B,3,122697,32.40208450789303,0.029992033736176094,0.92491398103643,0.8614175399889685
scene-0104_CAM_FRONT_d597cf64_115f9017,G51-B,4,127343,32.20353982300885,0.03426939842362309,0.9268116513014473,0.8576812964568067
scene-0104_CAM_FRONT_45266b13_bfc227cc,G51-B,0,125416,30.115076254275944,0.04555452152970196,0.9271399679562945,0.8443713392692984
scene-0104_CAM_FRONT_45266b13_bfc227cc,G51-B,1,121331,29.381724191542293,0.028746090489897735,0.9287946838967247,0.8134570430488798
scene-0104_CAM_FRONT_45266b13_bfc227cc,G51-B,2,124606,30.185068449945444,0.0419007098000459,0.926601528642345,0.8322433220392405
scene-0104_CAM_FRONT_45266b13_bfc227cc,G51-B,3,125076,30.742754609465734,0.02056297783737482,0.9303049405090221,0.8347582276153704
scene-0104_CAM_FRONT_45266b13_bfc227cc,G51-B,4,126233,31.430584555727116,0.034417686131997804,0.9277243716019227,0.8337732776508286
scene-0104_CAM_FRONT_6252789d_9d2eedd2,G51-B,0,127446,38.88438335003341,0.05841693224452538,0.9248942820371392,0.8841764505029811
scene-0104_CAM_FRONT_6252789d_9d2eedd2,G51-B,1,126707,38.91466661564032,0.06371037962270787,0.9216439471541512,0.8804402069708193
scene-0104_CAM_FRONT_6252789d_9d2eedd2,G51-B,2,127802,39.56654624277454,0.04360349905607874,0.9174020959735245,0.8761655241247078
scene-0104_CAM_FRONT_6252789d_9d2eedd2,G51-B,3,127691,39.358448364008176,0.06027389208341738,0.9169687179891262,0.8746027368476348
scene-0104_CAM_FRONT_6252789d_9d2eedd2,G51-B,4,128757,39.73431310938452,0.0459076220490493,0.9176253512988207,0.8732369395634701
scene-0104_CAM_FRONT_620c129c_4c8a92a8,G51-B,0,129218,36.2818134469697,0.03648155173796441,0.9225435347884328,0.8820029942478922
scene-0104_CAM_FRONT_620c129c_4c8a92a8,G51-B,1,128803,37.10879836309523,0.023915475591678614,0.9231016731016731,0.878306148714312
scene-0104_CAM_FRONT_620c129c_4c8a92a8,G51-B,2,128898,37.0448587280204,0.026028915912709838,0.919273500906154,0.8741627925301395
scene-0104_CAM_FRONT_620c129c_4c8a92a8,G51-B,3,129198,38.75821208112874,0.026485418411873685,0.9174217949728154,0.8698684106847372
scene-0104_CAM_FRONT_620c129c_4c8a92a8,G51-B,4,128876,37.8288180838558,0.026207037419373247,0.9156029207049615,0.8637814199038689
scene-0104_CAM_FRONT_b6060b7c_d58ef648,G51-B,0,128777,37.13015837330137,0.03465926424513688,0.9110852835342631,0.8557704935255955
scene-0104_CAM_FRONT_b6060b7c_d58ef648,G51-B,1,127858,38.52740445523648,0.047255327536011915,0.9060686050481969,0.848028786804297
scene-0104_CAM_FRONT_b6060b7c_d58ef648,G51-B,2,127631,37.26784726231717,0.03452168659870081,0.9016494628739526,0.841416489375673
scene-0104_CAM_FRONT_b6060b7c_d58ef648,G51-B,3,125350,36.19047995174632,0.02198974149564603,0.8901124156226197,0.8236545583484359
scene-0104_CAM_FRONT_b6060b7c_d58ef648,G51-B,4,123146,37.479873191946844,0.02577607306261709,0.8815893152627846,0.8089131405457936
scene-0104_CAM_FRONT_c1522345_4207bb5a,G51-B,0,120542,34.207561141304346,0.03240777268909678,0.871450896961101,0.7918735061592205
scene-0104_CAM_FRONT_c1522345_4207bb5a,G51-B,1,118003,33.95452239046392,0.03345676132551523,0.862448454285189,0.7750702597641373
scene-0104_CAM_FRONT_c1522345_4207bb5a,G51-B,2,115340,32.63040703545781,0.030677042522510023,0.8561644735114123,0.7581422530402122
scene-0104_CAM_FRONT_c1522345_4207bb5a,G51-B,3,108786,33.61931682271733,0.0431822495010874,0.825434034617708,0.714804454600373
scene-0104_CAM_FRONT_c1522345_4207bb5a,G51-B,4,101384,33.485333659816675,0.03499385950636302,0.7981246552675124,0.666870222992672
scene-0105_CAM_FRONT_8d56b71c_dc3e689e,G51-B,0,62085,53.53397501871257,0.04842321294679408,0.650296798255982,0.4138431434349802
scene-0105_CAM_FRONT_8d56b71c_dc3e689e,G51-B,1,62285,50.94837181969027,0.0550194783238096,0.6507170435741865,0.4126743361437239
scene-0105_CAM_FRONT_8d56b71c_dc3e689e,G51-B,2,63625,48.60904407751093,0.05472248474175245,0.6608160638772884,0.4288209492291125
scene-0105_CAM_FRONT_8d56b71c_dc3e689e,G51-B,3,65981,50.56780400166984,0.05327183214005515,0.6726026317863053,0.4523546870485646
scene-0105_CAM_FRONT_8d56b71c_dc3e689e,G51-B,4,70561,50.663213477121054,0.047912487685636496,0.6950266593123736,0.4914506343077772
scene-0105_CAM_FRONT_f644a6fc_cef8438a,G51-B,0,66003,37.76970775118906,0.04288911657736305,0.6870354319333911,0.44131011477950255
scene-0105_CAM_FRONT_f644a6fc_cef8438a,G51-B,1,65523,37.191546577162754,0.03202603231912882,0.6809090431539411,0.43913009219131666
scene-0105_CAM_FRONT_f644a6fc_cef8438a,G51-B,2,67150,37.052414190573764,0.03396906984356285,0.7368542011399154,0.4537927139967956
scene-0105_CAM_FRONT_f644a6fc_cef8438a,G51-B,3,63944,36.02650692457073,0.022895104348407358,0.7357444908465317,0.42575447167283903
scene-0105_CAM_FRONT_f644a6fc_cef8438a,G51-B,4,60937,37.76522803458009,0.02852332493180576,0.7319097523179156,0.40015890526094605
scene-0105_CAM_FRONT_70189da8_113bdf92,G51-B,0,63720,53.125147993519434,0.04766789933155269,0.7333937435978253,0.4189780159167914
scene-0105_CAM_FRONT_70189da8_113bdf92,G51-B,1,63672,53.77730515069169,0.05045132468589508,0.7467233997846243,0.4183936122711633
scene-0105_CAM_FRONT_70189da8_113bdf92,G51-B,2,65148,53.2879971590909,0.049289491415292375,0.76610064875371,0.42839413757781103
scene-0105_CAM_FRONT_70189da8_113bdf92,G51-B,3,63468,53.12750849833014,0.05239505372214781,0.778950962624432,0.416752028996927
scene-0105_CAM_FRONT_70189da8_113bdf92,G51-B,4,63002,52.59287740613117,0.04568414252451247,0.78291046148189,0.41373808210542906
scene-0105_CAM_FRONT_43d141ef_a0d6bf47,G51-B,0,63128,39.261958089069594,0.042369013980009695,0.7876841856433693,0.41627268668084993
scene-0105_CAM_FRONT_43d141ef_a0d6bf47,G51-B,1,63839,39.209684382194936,0.049888634987764746,0.7916371181677304,0.4213221968324009
scene-0105_CAM_FRONT_43d141ef_a0d6bf47,G51-B,2,65864,37.86882131301088,0.045285994840123855,0.7947692590549733,0.4354463793239303
scene-0105_CAM_FRONT_43d141ef_a0d6bf47,G51-B,3,64959,37.690874615197664,0.053165635823446245,0.7935741864313293,0.4282168465841935
scene-0105_CAM_FRONT_43d141ef_a0d6bf47,G51-B,4,61520,38.13981689453124,0.046018590386952773,0.7973760932944607,0.4039608121240774
scene-0105_CAM_FRONT_49ea7c2d_9d2797d7,G51-B,0,63902,32.38900389443436,0.04074662854863731,0.8034827830746198,0.4197988075539096
scene-0105_CAM_FRONT_49ea7c2d_9d2797d7,G51-B,1,64408,32.78196179596909,0.047892350358192504,0.8006132955112547,0.42428361305912327
scene-0105_CAM_FRONT_49ea7c2d_9d2797d7,G51-B,2,63613,31.423850344852102,0.03971265926908174,0.7996940088776824,0.4185774695978778
scene-0105_CAM_FRONT_49ea7c2d_9d2797d7,G51-B,3,65076,31.62798713235293,0.02927077798779254,0.801775536469414,0.4283744385785202
scene-0105_CAM_FRONT_49ea7c2d_9d2797d7,G51-B,4,63587,31.659984365581668,0.03321984259313382,0.8045596617025188,0.41753342263546345
scene-0105_CAM_FRONT_c3c95f1b_f144de57,G51-B,0,61447,28.898083148819108,0.03789344247586879,0.7986236965828802,0.4034814698080004
scene-0105_CAM_FRONT_c3c95f1b_f144de57,G51-B,1,62863,29.399558463617765,0.04030850546764375,0.8085388595592677,0.412779397473275
scene-0105_CAM_FRONT_c3c95f1b_f144de57,G51-B,2,64963,29.999963811307897,0.052877186338962545,0.8151051926562131,0.42656869697686023
scene-0105_CAM_FRONT_c3c95f1b_f144de57,G51-B,3,64701,29.040578994002182,0.04355506016313404,0.8130039660651905,0.42549838468205814
scene-0105_CAM_FRONT_c3c95f1b_f144de57,G51-B,4,62073,29.749140489287782,0.036826532700864334,0.8147965750006566,0.40891839361227117
scene-0105_CAM_FRONT_d948e055_9c763119,G51-B,0,62532,28.853167459239128,0.030080122174534818,0.8134504767157829,0.4111706458645234
scene-0105_CAM_FRONT_d948e055_9c763119,G51-B,1,61703,28.809237351190482,0.03696590040841308,0.818355527539201,0.4053069104089512
scene-0105_CAM_FRONT_d948e055_9c763119,G51-B,2,61856,28.549960452483276,0.03752956657277684,0.8235494970188848,0.40616710004465106
scene-0105_CAM_FRONT_d948e055_9c763119,G51-B,3,61414,28.59760479309851,0.029943387931825605,0.8280408688571954,0.40326478081580125
scene-0105_CAM_FRONT_d948e055_9c763119,G51-B,4,60722,28.63230765347335,0.03580754514483764,0.8415018517059334,0.398720878312715
scene-0106_CAM_FRONT_04ebf635_cd6b9c46,G51-B,0,63836,31.70293627106741,0.056399265641379426,0.9053725737399206,0.42002862921230266
scene-0106_CAM_FRONT_04ebf635_cd6b9c46,G51-B,1,61786,31.382548367710914,0.06056503073026631,0.9072768103380349,0.4057140230609618
scene-0106_CAM_FRONT_04ebf635_cd6b9c46,G51-B,2,59372,29.757588295118346,0.06460075311324043,0.9075394636619126,0.39010584928952274
scene-0106_CAM_FRONT_04ebf635_cd6b9c46,G51-B,3,61551,29.88164138056093,0.06403467959348941,0.9171000446510651,0.40889212827988336
scene-0106_CAM_FRONT_04ebf635_cd6b9c46,G51-B,4,64023,28.90052906680265,0.06840921459921834,0.9132259081238673,0.4271334016231975
scene-0106_CAM_FRONT_3865cf60_a7ef3c78,G51-B,0,64984,30.797232685592338,0.06101119383629894,0.9288603472276942,0.42909016888608725
scene-0106_CAM_FRONT_3865cf60_a7ef3c78,G51-B,1,71911,29.342452706253287,0.04753693872452747,0.935617103984451,0.4748115462401177
scene-0106_CAM_FRONT_3865cf60_a7ef3c78,G51-B,2,66628,30.33221497060471,0.0547964649948276,0.9231542037664486,0.43750164158327426
scene-0106_CAM_FRONT_3865cf60_a7ef3c78,G51-B,3,66254,30.128759180690246,0.06021621971534752,0.9224450397919786,0.4350458330050167
scene-0106_CAM_FRONT_3865cf60_a7ef3c78,G51-B,4,68962,30.186966597998822,0.0635831822028401,0.9324980957634019,0.45282746303154464
scene-0106_CAM_FRONT_01bbf47b_53f457e6,G51-B,0,68612,33.265082176695486,0.05759073986780505,0.9384340608830405,0.4505292464476138
scene-0106_CAM_FRONT_01bbf47b_53f457e6,G51-B,1,64938,33.38963143268036,0.05624931016221435,0.9349998686733381,0.4264045386494366
scene-0106_CAM_FRONT_01bbf47b_53f457e6,G51-B,2,71462,34.461884469696976,0.062421250700453346,0.9546726026317863,0.469243295773908
scene-0106_CAM_FRONT_01bbf47b_53f457e6,G51-B,3,64773,33.258635360562536,0.05230124057731844,0.9335355763927192,0.4253210936884406
scene-0106_CAM_FRONT_01bbf47b_53f457e6,G51-B,4,70495,33.87919085837887,0.06190579355394954,0.9474102382265648,0.46289365166916185
scene-0106_CAM_FRONT_277ab77d_ec97abd9,G51-B,0,101071,58.64027202560241,0.07289518653094618,0.9440417093478318,0.6645129094108686
scene-0106_CAM_FRONT_277ab77d_ec97abd9,G51-B,1,105439,58.74476112315144,0.07099218814447905,0.9516783547395792,0.693063325716387
scene-0106_CAM_FRONT_277ab77d_ec97abd9,G51-B,2,101284,59.25574574216807,0.07665995699696593,0.9487760355107294,0.6652811703832112
scene-0106_CAM_FRONT_277ab77d_ec97abd9,G51-B,3,100261,61.32087687048502,0.08513231114241382,0.9478370498778662,0.6586754392876842
scene-0106_CAM_FRONT_277ab77d_ec97abd9,G51-B,4,100972,63.53492274569401,0.06640328545188368,0.9510479867622724,0.6637643474378169
scene-0106_CAM_FRONT_42bcae21_16a1238a,G51-B,0,100652,61.47650312160694,0.04796619573915617,0.9449609959814042,0.7327896409529062
scene-0106_CAM_FRONT_42bcae21_16a1238a,G51-B,1,101186,62.285873899889985,0.071191255377133,0.9454731699629659,0.7285806214377643
scene-0106_CAM_FRONT_42bcae21_16a1238a,G51-B,2,99202,62.05199932795699,0.08321163258030095,0.9418222887610642,0.6866480182806713
scene-0106_CAM_FRONT_42bcae21_16a1238a,G51-B,3,97801,62.556509695290885,0.05183303026230668,0.9421965697475901,0.6890775615265411
scene-0106_CAM_FRONT_42bcae21_16a1238a,G51-B,4,96060,63.35723224081186,0.05070332920161302,0.9377511622409581,0.6892679851863526
scene-0106_CAM_FRONT_6f601010_16333de9,G51-B,0,98559,61.3661990351132,0.049814373486797514,0.9426562130643763,0.7472290074330891
scene-0106_CAM_FRONT_6f601010_16333de9,G51-B,1,96927,60.38167034646739,0.04194212485703286,0.9388871378667297,0.752521471909227
scene-0106_CAM_FRONT_6f601010_16333de9,G51-B,2,92797,63.24632661628882,0.03834848623067888,0.9283744385785202,0.7256389042103328
scene-0106_CAM_FRONT_6f601010_16333de9,G51-B,3,91833,65.63064498703545,0.052034651769222506,0.9224253407926878,0.7011530480918235
scene-0106_CAM_FRONT_6f601010_16333de9,G51-B,4,89286,64.89740060068651,0.05240889072197419,0.9151301447219815,0.6533041788143829
scene-0106_CAM_FRONT_a8cef1a6_77a603db,G51-B,0,91687,73.93812929764243,0.05128793729494863,0.9339558217109237,0.7983741759251963
scene-0106_CAM_FRONT_a8cef1a6_77a603db,G51-B,1,88450,73.56663896276592,0.061052852445993455,0.938132009560581,0.783166548472671
scene-0106_CAM_FRONT_a8cef1a6_77a603db,G51-B,2,87034,74.43081644335143,0.05030250301173744,0.9393861791820975,0.7816825571927613
scene-0106_CAM_FRONT_a8cef1a6_77a603db,G51-B,3,81188,73.76875611945171,0.04533095054192593,0.9128187954718567,0.7492645706931421
scene-0106_CAM_FRONT_a8cef1a6_77a603db,G51-B,4,81133,76.60802544082485,0.05578949285395218,0.9158918393612271,0.7455020618285925
scene-0106_CAM_FRONT_e333147a_b4ee26d8,G51-B,0,79438,61.97086883341275,0.03154467194590538,0.9190108475822761,0.6254891918157224
scene-0106_CAM_FRONT_e333147a_b4ee26d8,G51-B,1,78279,62.78106119092375,0.04464761558523467,0.9184461429359388,0.5514143881490821
scene-0106_CAM_FRONT_e333147a_b4ee26d8,G51-B,2,74042,62.087613636363635,0.044215877772830314,0.9111837785307173,0.503007380558401
scene-0106_CAM_FRONT_e333147a_b4ee26d8,G51-B,3,75931,62.18881009615384,0.03455828861566612,0.9177238462952748,0.5142555091534683
scene-0106_CAM_FRONT_e333147a_b4ee26d8,G51-B,4,76257,60.19218840948774,0.03602442594262545,0.927080870958422,0.5168032463950831
scene-0107_CAM_FRONT_ad890583_4d4ba963,G51-B,0,69892,46.11148586637297,0.021584929875025916,0.9192012712420876,0.46067423108239436
scene-0107_CAM_FRONT_ad890583_4d4ba963,G51-B,1,69303,47.271020547253656,0.02409103798079526,0.9243558427231897,0.4562813542405379
scene-0107_CAM_FRONT_ad890583_4d4ba963,G51-B,2,69025,47.94362297750593,0.02601440022449708,0.9261747169910435,0.45764715152470253
scene-0107_CAM_FRONT_ad890583_4d4ba963,G51-B,3,66993,48.688964518012014,0.024688501323081535,0.9175268563023665,0.4412772831140178
scene-0107_CAM_FRONT_ad890583_4d4ba963,G51-B,4,67803,47.40300026260503,0.03872898892805399,0.9151038793895937,0.44628739526698713
scene-0107_CAM_FRONT_9a8659f4_9c9f22a5,G51-B,0,103084,61.13425637834474,0.05053001720114603,0.9194573582328684,0.7226906206498043
scene-0107_CAM_FRONT_9a8659f4_9c9f22a5,G51-B,1,102799,61.05348595417449,0.03921647450384658,0.9221364221364221,0.7118890027053293
scene-0107_CAM_FRONT_9a8659f4_9c9f22a5,G51-B,2,101757,59.93322865425161,0.015141814203661674,0.9197003125574554,0.7108909200745935
scene-0107_CAM_FRONT_9a8659f4_9c9f22a5,G51-B,3,99016,62.088106572481564,0.018676321423490183,0.9085572452919392,0.6856565019830326
scene-0107_CAM_FRONT_9a8659f4_9c9f22a5,G51-B,4,100368,60.23760135135133,0.016702374236448048,0.9158524413626454,0.6788537808945972
scene-0107_CAM_FRONT_05e312ea_f06ba08d,G51-B,0,100779,57.60359318592055,0.017385106713166287,0.912175294828356,0.670961048512069
scene-0107_CAM_FRONT_05e312ea_f06ba08d,G51-B,1,99696,58.236667097107436,0.027042114020250363,0.9054645024032779,0.6567580700233762
scene-0107_CAM_FRONT_05e312ea_f06ba08d,G51-B,2,94726,58.640676867219895,0.03167727850842805,0.8861726157644525,0.6230465159036588
scene-0107_CAM_FRONT_05e312ea_f06ba08d,G51-B,3,95370,60.285392003249804,0.04667896605566213,0.8958776560817377,0.6333490925327661
scene-0107_CAM_FRONT_05e312ea_f06ba08d,G51-B,4,93717,59.34636878188775,0.04270194861673282,0.9096144249205473,0.6217201166180758
scene-0107_CAM_FRONT_3212edb0_95be92f4,G51-B,0,91424,60.19872494103776,0.05254740192593221,0.8856013447850183,0.6024347963123473
scene-0107_CAM_FRONT_3212edb0_95be92f4,G51-B,1,85509,62.277786030682776,0.06511382543712863,0.8766776981062695,0.5649344679956925
scene-0107_CAM_FRONT_3212edb0_95be92f4,G51-B,2,83209,62.19479030678849,0.06467759115581284,0.8790481443542668,0.5510335408294592
scene-0107_CAM_FRONT_3212edb0_95be92f4,G51-B,3,82677,60.218502206762416,0.0538126310314091,0.8833162608672813,0.5504163055183463
scene-0107_CAM_FRONT_3212edb0_95be92f4,G51-B,4,81585,61.308664132882875,0.05243256785386485,0.8844785018254406,0.5384524466157119
scene-0107_CAM_FRONT_9578a444_3fa862e6,G51-B,0,88653,65.56261652542373,0.07233251137761698,0.8793567620098233,0.6657211147007065
scene-0107_CAM_FRONT_9578a444_3fa862e6,G51-B,1,89584,65.53565433146399,0.05902053928795903,0.8797835736611247,0.6759251963333596
scene-0107_CAM_FRONT_9578a444_3fa862e6,G51-B,2,91528,65.65003906249997,0.0671271010264376,0.8852927271294618,0.6851377616683739
scene-0107_CAM_FRONT_9578a444_3fa862e6,G51-B,3,92426,66.35663236707242,0.0751646743006198,0.8882607096892812,0.6906272161374202
scene-0107_CAM_FRONT_9578a444_3fa862e6,G51-B,4,94122,64.97419223237601,0.07481748078408001,0.8947351141228692,0.7045215769705566
scene-0107_CAM_FRONT_0edf95e4_efd5303b,G51-B,0,91259,41.22962611193478,0.06892664807654869,0.8999422162687469,0.6029601029601029
scene-0107_CAM_FRONT_0edf95e4_efd5303b,G51-B,1,96766,40.57976593875503,0.06518307312255556,0.9074606676647493,0.6389501746644604
scene-0107_CAM_FRONT_0edf95e4_efd5303b,G51-B,2,102487,40.48175632544105,0.08217008257920533,0.9161150946865233,0.6782365455834843
scene-0107_CAM_FRONT_0edf95e4_efd5303b,G51-B,3,104122,40.60961943441638,0.08747670155539833,0.9223465447955244,0.6923935597404985
scene-0107_CAM_FRONT_0edf95e4_efd5303b,G51-B,4,106508,41.13180344242558,0.09509487324091026,0.93104036981588,0.7129790139994222
scene-0107_CAM_FRONT_8f0808f0_adaf88de,G51-B,0,115518,23.69649480712166,0.08446960019919603,0.9564520789010585,0.7744727234523153
scene-0107_CAM_FRONT_8f0808f0_adaf88de,G51-B,1,126205,24.20679782329598,0.08080878385404633,0.9761839098573792,0.8528878732960365
scene-0107_CAM_FRONT_8f0808f0_adaf88de,G51-B,2,129435,24.19803503787879,0.09033100521273951,0.9905247813411079,0.8571953878076327
scene-0107_CAM_FRONT_8f0808f0_adaf88de,G51-B,3,126769,23.693537777998415,0.099577911077946,0.993039686917238,0.8344693089591049
scene-0107_CAM_FRONT_8f0808f0_adaf88de,G51-B,4,125525,24.536833005284727,0.1073860439179577,0.9914965986394558,0.8300829984503454
scene-0107_CAM_FRONT_f1d02276_1ed7231f,G51-B,0,123349,27.56966145833333,0.12722611912903803,0.9894807343786935,0.8153678459800909
scene-0107_CAM_FRONT_f1d02276_1ed7231f,G51-B,1,117607,27.209461586901767,0.1155140887481374,0.9867557061434612,0.780645076563444
scene-0107_CAM_FRONT_f1d02276_1ed7231f,G51-B,2,108117,26.409799333756336,0.04636134355048549,0.9807278123604655,0.7221390486696609
scene-0107_CAM_FRONT_f1d02276_1ed7231f,G51-B,3,94472,26.78005642361111,0.0486043980024653,0.9394255771806792,0.6333096945341843
scene-0107_CAM_FRONT_f1d02276_1ed7231f,G51-B,4,84652,26.416690986244316,0.04745243281402023,0.910139731568303,0.5629120374018333
scene-0108_CAM_FRONT_339ead96_3203d9ab,G51-B,0,60787,25.61847795758928,0.060423950749834976,0.594896645917054,0.3991476899640165
scene-0108_CAM_FRONT_339ead96_3203d9ab,G51-B,1,59641,26.073363095238097,0.06891424956042291,0.5905300344075854,0.39162267223491715
scene-0108_CAM_FRONT_339ead96_3203d9ab,G51-B,2,60737,25.11187827885391,0.0671629308884576,0.5897880387676306,0.3988193733091692
scene-0108_CAM_FRONT_339ead96_3203d9ab,G51-B,3,61540,25.671300654788663,0.0751210493412584,0.5924474036718934,0.40409213878601635
scene-0108_CAM_FRONT_339ead96_3203d9ab,G51-B,4,60064,25.158108895285093,0.08121937450259886,0.6004254983846821,0.394400231134925
scene-0108_CAM_FRONT_ac36a852_d96d796d,G51-B,0,70614,30.615002779150192,0.1194281824592951,0.6027434139679038,0.4636750453076984
scene-0108_CAM_FRONT_ac36a852_d96d796d,G51-B,1,76402,29.78254631339242,0.1306041537942877,0.6059871825177947,0.501680981272818
scene-0108_CAM_FRONT_ac36a852_d96d796d,G51-B,2,78696,29.414541457286436,0.12416150534156323,0.6132429805899193,0.5168360780605679
scene-0108_CAM_FRONT_ac36a852_d96d796d,G51-B,3,78142,28.57585419804217,0.09529213582217544,0.6112008509967694,0.5136514065085493
scene-0108_CAM_FRONT_ac36a852_d96d796d,G51-B,4,75171,28.692816547490555,0.08973159750325799,0.5953234575683555,0.4937882488902897
scene-0108_CAM_FRONT_b6e313eb_151d7b90,G51-B,0,58138,31.555545506101385,0.07589586095555756,0.5766553725737399,0.3817534735902083
scene-0108_CAM_FRONT_b6e313eb_151d7b90,G51-B,1,56313,32.01117309277577,0.04952849821181671,0.55694324061671,0.36976991568828305
scene-0108_CAM_FRONT_b6e313eb_151d7b90,G51-B,2,54519,30.71229277820122,0.04195430146972612,0.543849972421401,0.3579899141123631
scene-0108_CAM_FRONT_b6e313eb_151d7b90,G51-B,3,52652,31.21596288943189,0.03640722051345824,0.5374346649856854,0.34573057022036613
scene-0108_CAM_FRONT_b6e313eb_151d7b90,G51-B,4,53097,31.88381931536555,0.039649139487924145,0.5358390460431277,0.34865258844850683
scene-0108_CAM_FRONT_fcc71bcf_be8d80ab,G51-B,0,51259,29.111259036355985,0.04797686815941571,0.5315577968639194,0.3365836682163213
scene-0108_CAM_FRONT_fcc71bcf_be8d80ab,G51-B,1,50976,29.38098512256351,0.045282638345711446,0.5313739395372048,0.33472539594988576
scene-0108_CAM_FRONT_fcc71bcf_be8d80ab,G51-B,2,51051,29.14692661278938,0.04198053386623535,0.5304809182360203,0.33521787093215666
scene-0108_CAM_FRONT_fcc71bcf_be8d80ab,G51-B,3,51413,28.625246731303687,0.03388051802287251,0.5290231922884984,0.33759488351325084
scene-0108_CAM_FRONT_fcc71bcf_be8d80ab,G51-B,4,56040,26.69143785934837,0.02015086312042058,0.5405668058729283,0.3687783993906443
scene-0108_CAM_FRONT_22dcaf42_d504f7d2,G51-B,0,58889,37.39529987523763,0.02772902198480587,0.5274472723452315,0.386835815407244
scene-0108_CAM_FRONT_22dcaf42_d504f7d2,G51-B,1,53395,38.38025183277654,0.03595414990743606,0.5368371286738634,0.3506093557113965
scene-0108_CAM_FRONT_22dcaf42_d504f7d2,G51-B,2,49867,38.25973550563465,0.02558478244089679,0.5523402411157513,0.3274433325453734
scene-0108_CAM_FRONT_22dcaf42_d504f7d2,G51-B,3,49073,38.10507507873425,0.03167698864964308,0.5722690620649804,0.3224266540593071
scene-0108_CAM_FRONT_22dcaf42_d504f7d2,G51-B,4,50537,39.21364273266766,0.04410469468111122,0.6008326110366927,0.3318427757203267
scene-0108_CAM_FRONT_049dbeaf_36cc659c,G51-B,0,61161,37.501945544954715,0.0445494073496282,0.6128358679379088,0.40532004307514513
scene-0108_CAM_FRONT_049dbeaf_36cc659c,G51-B,1,60442,39.444943657063206,0.038351058503479196,0.6201179313424211,0.4053463084075329
scene-0108_CAM_FRONT_049dbeaf_36cc659c,G51-B,2,60342,40.022608901515156,0.05052215547702987,0.6310968402805137,0.40482756809287423
scene-0108_CAM_FRONT_049dbeaf_36cc659c,G51-B,3,57555,38.5972620630699,0.036802990099816135,0.6272489690857038,0.37818138838547
scene-0108_CAM_FRONT_049dbeaf_36cc659c,G51-B,4,59898,37.962044161045526,0.04222731676007241,0.6056194678643658,0.39334961783941375
scene-0108_CAM_FRONT_a42f9468_0e62201c,G51-B,0,62799,27.402091928829293,0.0529364352528745,0.582046332046332,0.41586557402883934
scene-0108_CAM_FRONT_a42f9468_0e62201c,G51-B,1,64990,27.40687178532756,0.056833077244148544,0.5668912352585822,0.43547921098941506
scene-0108_CAM_FRONT_a42f9468_0e62201c,G51-B,2,69256,27.720636324307815,0.05267687984493197,0.594666824258661,0.4637078769731831
scene-0108_CAM_FRONT_a42f9468_0e62201c,G51-B,3,72807,27.66722838859247,0.04734663757845414,0.6170580201192446,0.48274367662122764
scene-0108_CAM_FRONT_a42f9468_0e62201c,G51-B,4,63945,27.903472871842855,0.05192099721215726,0.5743505896567122,0.4242113833950569
scene-0109_CAM_FRONT_4d0d0697_b38d8cf8,G51-B,0,74021,28.88160170664206,0.03755860414854428,0.5913442597116066,0.48656528248364983
scene-0109_CAM_FRONT_4d0d0697_b38d8cf8,G51-B,1,73770,30.10898522696291,0.03633599474402471,0.5926049956662202,0.48517321986709744
scene-0109_CAM_FRONT_4d0d0697_b38d8cf8,G51-B,2,74097,31.29427443024863,0.034493480185407766,0.5937803692905733,0.4886205447429937
scene-0109_CAM_FRONT_4d0d0697_b38d8cf8,G51-B,3,75333,30.41688244892168,0.025149610266467448,0.6014498463478055,0.4981614267328553
scene-0109_CAM_FRONT_4d0d0697_b38d8cf8,G51-B,4,78263,31.227252469931283,0.01942120336451536,0.6217923462821422,0.5173613847083235
scene-0109_CAM_FRONT_d71c3cf6_1183d8d6,G51-B,0,73013,29.30011450165863,0.0323109110406814,0.6126191789457096,0.48764216111154884
scene-0109_CAM_FRONT_d71c3cf6_1183d8d6,G51-B,1,68561,29.419647631479627,0.035284865962744494,0.6028156436319702,0.45869119848711687
scene-0109_CAM_FRONT_d71c3cf6_1183d8d6,G51-B,2,65131,29.564306532836646,0.03143189204379837,0.5922241483465973,0.4350917973366953
scene-0109_CAM_FRONT_d71c3cf6_1183d8d6,G51-B,3,65385,29.43160116792929,0.027021314456421308,0.5918367346938775,0.4296877051979093
scene-0109_CAM_FRONT_d71c3cf6_1183d8d6,G51-B,4,65121,30.169591276718666,0.0333100138007576,0.5909634123919838,0.43614897696530347
scene-0109_CAM_FRONT_03f6a362_3ed3c3b3,G51-B,0,63279,31.522644680966902,0.06319190314889545,0.5900112940929267,0.4155109920416043
scene-0109_CAM_FRONT_03f6a362_3ed3c3b3,G51-B,1,64193,31.73587845203487,0.0859268205160384,0.5966367241877446,0.42151262049221233
scene-0109_CAM_FRONT_03f6a362_3ed3c3b3,G51-B,2,63788,28.959889230058103,0.07976926827793718,0.6025004596433168,0.41885325558794945
scene-0109_CAM_FRONT_03f6a362_3ed3c3b3,G51-B,3,63801,28.368834046454772,0.07205643096374814,0.5950936359099624,0.41893861791820974
scene-0109_CAM_FRONT_03f6a362_3ed3c3b3,G51-B,4,63743,28.852742905662772,0.06253052627983413,0.5955532792267486,0.4185577705985869
scene-0109_CAM_FRONT_58472a34_ecc7ca46,G51-B,0,74254,29.726956373440743,0.08959481059773644,0.5972670921650514,0.49206130328579306
scene-0109_CAM_FRONT_58472a34_ecc7ca46,G51-B,1,73776,29.860487840185293,0.08718863254664955,0.5915149843721272,0.48925091272030047
scene-0109_CAM_FRONT_58472a34_ecc7ca46,G51-B,2,76472,29.92212568146418,0.06751911521749077,0.5954482178971975,0.5084902686943503
scene-0109_CAM_FRONT_58472a34_ecc7ca46,G51-B,3,77650,30.97221364758861,0.04378901464854623,0.5952512279042891,0.520178341606913
scene-0109_CAM_FRONT_58472a34_ecc7ca46,G51-B,4,77076,30.703669555234026,0.05569549504865634,0.592618128332414,0.5154243164447246
scene-0109_CAM_FRONT_494438a3_e47ae596,G51-B,0,78373,30.320498213808754,0.07270396365055021,0.5960982848737951,0.5292267486145037
scene-0109_CAM_FRONT_494438a3_e47ae596,G51-B,1,80408,32.23593187581805,0.07269618601833638,0.6226394032516481,0.5453996270322801
scene-0109_CAM_FRONT_494438a3_e47ae596,G51-B,2,78277,31.36380593267996,0.06969824600762031,0.6248719565046096,0.5292004832821159
scene-0109_CAM_FRONT_494438a3_e47ae596,G51-B,3,75973,33.02826988478624,0.0405972102072214,0.6204331153310745,0.5124563338849053
scene-0109_CAM_FRONT_494438a3_e47ae596,G51-B,4,74309,31.74867177995742,0.038010098594905894,0.6323641425682242,0.49182491529430306
scene-0109_CAM_FRONT_3b5b12f9_2e137fee,G51-B,0,82066,23.19529040999057,0.04102805651256114,0.6460943450739369,0.5521432511228429
scene-0109_CAM_FRONT_3b5b12f9_2e137fee,G51-B,1,83771,22.461927940351533,0.03253640327650276,0.6442557718067922,0.5685328185328186
scene-0109_CAM_FRONT_3b5b12f9_2e137fee,G51-B,2,88497,22.698827162078885,0.031142459098995268,0.6488193733091693,0.6151931815197121
scene-0109_CAM_FRONT_3b5b12f9_2e137fee,G51-B,3,85162,24.31611283936651,0.04971997825644925,0.662057100832611,0.5897946051007276
scene-0109_CAM_FRONT_3b5b12f9_2e137fee,G51-B,4,78207,24.071541049701565,0.044240927422653176,0.6307159929608909,0.5452223360386625
scene-0109_CAM_FRONT_8855fe65_f41444b8,G51-B,0,82177,20.563648191673067,0.03625186031160066,0.6607175688808342,0.5831954403382975
scene-0109_CAM_FRONT_8855fe65_f41444b8,G51-B,1,94147,20.430622841519572,0.04755866120551078,0.7233472539594988,0.6715914164893757
scene-0109_CAM_FRONT_8855fe65_f41444b8,G51-B,2,105518,21.826003773219814,0.04702125980394167,0.7697777952879994,0.7318112573214614
scene-0109_CAM_FRONT_8855fe65_f41444b8,G51-B,3,110681,20.87898418414088,0.037522808748922554,0.8023927717805269,0.7742035037953405
scene-0109_CAM_FRONT_8855fe65_f41444b8,G51-B,4,110337,21.29506014933628,0.0308880963279643,0.8184474562025582,0.7535655188716414
scene-0109_CAM_FRONT_92eb4f29_daf998de,G51-B,0,103368,32.15046977428486,0.04011582846855566,0.7855763927192498,0.7070627478790744
scene-0109_CAM_FRONT_92eb4f29_daf998de,G51-B,1,84464,33.61549305133658,0.05666247176215866,0.7042392246473879,0.5910553410553411
scene-0109_CAM_FRONT_92eb4f29_daf998de,G51-B,2,73416,33.955660434995096,0.06974882517398973,0.6555564310666352,0.5048853518241273
scene-0109_CAM_FRONT_92eb4f29_daf998de,G51-B,3,76124,34.24256137225419,0.0679005541608606,0.6665353400047278,0.5194297796338613
scene-0109_CAM_FRONT_92eb4f29_daf998de,G51-B,4,80789,35.343291800147846,0.0605885598444984,0.6846058886875214,0.5572912562708481
scene-0110_CAM_FRONT_80c91574_ae99f920,G51-B,0,92926,31.52654367469879,0.05635984347776457,0.7236164736164736,0.6240052005358128
scene-0110_CAM_FRONT_80c91574_ae99f920,G51-B,1,93444,31.707107671883737,0.06640237484899592,0.7193220917710713,0.6386021590103222
scene-0110_CAM_FRONT_80c91574_ae99f920,G51-B,2,94793,31.915320369977355,0.07124086794520013,0.7273395844824416,0.6485370209860005
scene-0110_CAM_FRONT_80c91574_ae99f920,G51-B,3,101591,32.18320487493778,0.04970482387602804,0.7555616841331128,0.6860176503033646
scene-0110_CAM_FRONT_80c91574_ae99f920,G51-B,4,90963,32.16486845515812,0.07271592805021987,0.7312071546765424,0.614602211540987
scene-0110_CAM_FRONT_76c84559_29264103,G51-B,0,96730,34.64766725352113,0.06856577951920473,0.7392574790533974,0.6802261445118588
scene-0110_CAM_FRONT_76c84559_29264103,G51-B,1,99996,36.283733471919305,0.07808843181509229,0.7457384498200825,0.7454035668321383
scene-0110_CAM_FRONT_76c84559_29264103,G51-B,2,102099,36.03432002832438,0.053569307229765606,0.7541367898510756,0.7851233157355606
scene-0110_CAM_FRONT_76c84559_29264103,G51-B,3,104636,37.4983543417367,0.06771784188785945,0.769350983636698,0.7980918236020277
scene-0110_CAM_FRONT_76c84559_29264103,G51-B,4,106368,38.510258055949016,0.08179006156636537,0.778346859979513,0.7702637039371734
scene-0110_CAM_FRONT_d15bdc17_48d75ea2,G51-B,0,107328,37.55034425497202,0.09634616018909203,0.7788524676279779,0.7192301631077141
scene-0110_CAM_FRONT_d15bdc17_48d75ea2,G51-B,1,107142,37.79752876569038,0.08526386013093146,0.7783796916449978,0.7178512331573557
scene-0110_CAM_FRONT_d15bdc17_48d75ea2,G51-B,2,109555,37.00166875748951,0.07242082825492213,0.7962729493341738,0.7358101541775011
scene-0110_CAM_FRONT_d15bdc17_48d75ea2,G51-B,3,109415,37.65781024205203,0.06587496432244677,0.8081711449058387,0.7371299871299871
scene-0110_CAM_FRONT_d15bdc17_48d75ea2,G51-B,4,107287,36.143029198417345,0.059238803787682315,0.8089985028760539,0.7282063404512384
scene-0110_CAM_FRONT_f809c883_77673232,G51-B,0,113261,37.620419632481116,0.057716153589620234,0.805984555984556,0.7632377275234418
scene-0110_CAM_FRONT_f809c883_77673232,G51-B,1,113719,37.539288843457946,0.0607859599370868,0.8092874215323195,0.7664289654085572
scene-0110_CAM_FRONT_f809c883_77673232,G51-B,2,111351,38.890084172435515,0.07490580892710064,0.8014734851469545,0.7418052162950122
scene-0110_CAM_FRONT_f809c883_77673232,G51-B,3,110989,37.58802353370058,0.07244155663536223,0.81259685341318,0.7427573345940693
scene-0110_CAM_FRONT_f809c883_77673232,G51-B,4,112434,37.937365912402846,0.08315950937338457,0.8228140677120269,0.7562774144406798
scene-0110_CAM_FRONT_5697c1f2_9f184af2,G51-B,0,108706,35.60943541790601,0.0848286873852988,0.8341803903028393,0.7252055262259344
scene-0110_CAM_FRONT_5697c1f2_9f184af2,G51-B,1,110467,35.05842904515109,0.09552139459969489,0.8412588973813464,0.7366178131484254
scene-0110_CAM_FRONT_5697c1f2_9f184af2,G51-B,2,112508,34.4256052927928,0.08791289034460048,0.8352769679300291,0.7500853623302602
scene-0110_CAM_FRONT_5697c1f2_9f184af2,G51-B,3,105382,34.89309959705676,0.08765049844592943,0.8167139442649647,0.6983951881911066
scene-0110_CAM_FRONT_5697c1f2_9f184af2,G51-B,4,98702,36.056938405797105,0.07530858732936152,0.7823785885010375,0.6552806450765635
scene-0110_CAM_FRONT_0ebd7d84_e0a1a4a5,G51-B,0,99232,36.02149803321679,0.06894932635645246,0.7700929792766528,0.6644538124129961
scene-0110_CAM_FRONT_0ebd7d84_e0a1a4a5,G51-B,1,97090,35.48573862827448,0.05428130601087733,0.7620295222336039,0.6484713576550312
scene-0110_CAM_FRONT_0ebd7d84_e0a1a4a5,G51-B,2,91898,38.055107121303564,0.05453072332843778,0.7504005463189136,0.6212867386336774
scene-0110_CAM_FRONT_0ebd7d84_e0a1a4a5,G51-B,3,73765,37.694553544323014,0.0803438221761299,0.6966813752528038,0.49637538413048615
scene-0110_CAM_FRONT_0ebd7d84_e0a1a4a5,G51-B,4,73579,38.33671315511068,0.05630976986787406,0.6804953641688336,0.4888634990675807
scene-0110_CAM_FRONT_d9e20967_cbfdfa1a,G51-B,0,85474,37.925813840882,0.06972581245391751,0.6811322984792373,0.580010768786279
scene-0110_CAM_FRONT_d9e20967_cbfdfa1a,G51-B,1,87431,36.55629249262779,0.08677068845599578,0.6923147637433352,0.6028484752974549
scene-0110_CAM_FRONT_d9e20967_cbfdfa1a,G51-B,2,87743,35.87059690241228,0.05311832565320351,0.7011661807580175,0.6050810285504163
scene-0110_CAM_FRONT_d9e20967_cbfdfa1a,G51-B,3,90882,37.67138874481327,0.04994126874828453,0.7183765398051112,0.6436516691618732
scene-0110_CAM_FRONT_d9e20967_cbfdfa1a,G51-B,4,95281,36.61291115752757,0.06129463733942453,0.7413981036430016,0.6700220628792057
scene-0110_CAM_FRONT_f5402402_741bbef6,G51-B,0,94173,33.14587991553095,0.06654416943771357,0.7599611273080661,0.6261064271268353
scene-0110_CAM_FRONT_f5402402_741bbef6,G51-B,1,106119,32.413422331680586,0.055951054130698896,0.8075867412602107,0.7071481102093347
scene-0110_CAM_FRONT_f5402402_741bbef6,G51-B,2,99990,34.57808761961723,0.07880891067766616,0.7899430042287185,0.6674480603052032
scene-0110_CAM_FRONT_f5402402_741bbef6,G51-B,3,100346,33.961979483861136,0.08381371885661637,0.7918406744937357,0.667237937646101
scene-0110_CAM_FRONT_f5402402_741bbef6,G51-B,4,96921,34.954356527093594,0.0939237597458713,0.7929044204554409,0.6546765424316445
scene-0221_CAM_FRONT_79070dca_daeec522,G51-B,0,99709,24.186406982005963,0.030649655932002418,0.9536219893362751,0.6552937777427573
scene-0221_CAM_FRONT_79070dca_daeec522,G51-B,1,101013,23.292554313753854,0.04748402583142708,0.9536482546686629,0.6634425971160665
scene-0221_CAM_FRONT_79070dca_daeec522,G51-B,2,97088,23.384421134421135,0.04035253503074543,0.95374018333202,0.6375121477162293
scene-0221_CAM_FRONT_79070dca_daeec522,G51-B,3,101489,25.293309665197768,0.05937239940080952,0.952302156383789,0.6665025083392431
scene-0221_CAM_FRONT_79070dca_daeec522,G51-B,4,104474,23.451888297872344,0.04841966256698882,0.9507262364405221,0.6861424106322066
scene-0221_CAM_FRONT_8e21bcb6_99ca4527,G51-B,0,119568,19.228379866803277,0.04045696921539155,0.9509429254327213,0.7866073070154703
scene-0221_CAM_FRONT_8e21bcb6_99ca4527,G51-B,1,125116,18.98044252429328,0.04807973789077313,0.9496953221443017,0.8223675570614346
scene-0221_CAM_FRONT_8e21bcb6_99ca4527,G51-B,2,131484,19.260657336097953,0.03836703629634908,0.9529456570272897,0.8642541958868489
scene-0221_CAM_FRONT_8e21bcb6_99ca4527,G51-B,3,139724,19.409689234628516,0.03260174212092615,0.9878128857720695,0.9193522969033173
scene-0221_CAM_FRONT_8e21bcb6_99ca4527,G51-B,4,144121,19.99093829314721,0.04256079487861664,1.0,0.9463464922648596
scene-0221_CAM_FRONT_27db2832_524b696f,G51-B,0,132660,15.742188600352113,0.030484517445255044,1.0,0.871089748640769
scene-0221_CAM_FRONT_27db2832_524b696f,G51-B,1,132729,15.353765148751624,0.03153995643175955,1.0,0.8715428256244583
scene-0221_CAM_FRONT_27db2832_524b696f,G51-B,2,128495,16.096550686196405,0.03221128969182541,1.0,0.8437409712919917
scene-0221_CAM_FRONT_27db2832_524b696f,G51-B,3,130538,15.826836140950517,0.03354647888655671,1.0,0.857155989809051
scene-0221_CAM_FRONT_27db2832_524b696f,G51-B,4,130246,16.01999116479473,0.0341045300893863,0.9999934336669031,0.855238620544743
scene-0221_CAM_FRONT_bb9c0abe_5dd954d0,G51-B,0,143643,14.90070676055893,0.037093044391996344,0.9999671683345153,0.9432077850445197
scene-0221_CAM_FRONT_bb9c0abe_5dd954d0,G51-B,1,143639,14.951409076227389,0.038249558121107086,0.9999803010007091,0.9431815197121319
scene-0221_CAM_FRONT_bb9c0abe_5dd954d0,G51-B,2,140677,15.066521655291698,0.036477815895521015,1.0,0.9237320410789799
scene-0221_CAM_FRONT_bb9c0abe_5dd954d0,G51-B,3,138710,15.14361631016043,0.037773078468669175,1.0,0.9108160638772884
scene-0221_CAM_FRONT_bb9c0abe_5dd954d0,G51-B,4,136138,15.583495271266141,0.032200449920516405,0.9999934336669031,0.8939274551519449
scene-0221_CAM_FRONT_af0f72a7_959c87c7,G51-B,0,115587,13.739242481848512,0.04839741161428979,1.0,0.7589827436766212
scene-0221_CAM_FRONT_af0f72a7_959c87c7,G51-B,1,120581,14.069916176226792,0.03292228230133443,0.9990872796995246,0.7917750111627663
scene-0221_CAM_FRONT_af0f72a7_959c87c7,G51-B,2,114009,14.653119240389683,0.020313324895778972,0.9914046699760986,0.7486210700496415
scene-0221_CAM_FRONT_af0f72a7_959c87c7,G51-B,3,110365,14.819052269345237,0.017534027114190387,0.9817718593228797,0.7246933522443727
scene-0221_CAM_FRONT_af0f72a7_959c87c7,G51-B,4,112003,14.682015531047645,0.015175333315802675,0.9518359467339059,0.7354621385233631
scene-0221_CAM_FRONT_fa48d104_e9ae8c38,G51-B,0,105639,17.70298472030387,0.01798652251607802,0.93920888818848,0.693660862028209
scene-0221_CAM_FRONT_fa48d104_e9ae8c38,G51-B,1,98652,17.29035894848535,0.020889205287600632,0.9342381740340924,0.647886954009403
scene-0221_CAM_FRONT_fa48d104_e9ae8c38,G51-B,2,95596,17.463750076480665,0.044281400459233344,0.9375541722480498,0.627826806398235
scene-0221_CAM_FRONT_fa48d104_e9ae8c38,G51-B,3,87708,17.31429544697258,0.0372387782057797,0.940180705486828,0.576044703595724
scene-0221_CAM_FRONT_fa48d104_e9ae8c38,G51-B,4,83385,16.937027310924368,0.054668235323445113,0.9322748404381057,0.5478948336091193
scene-0221_CAM_FRONT_2d65df53_1244ad3a,G51-B,0,91944,16.975581264952154,0.06737068671951407,0.9345402253565519,0.6158235494970189
scene-0221_CAM_FRONT_2d65df53_1244ad3a,G51-B,1,89407,17.275760641486812,0.06208897828234328,0.9391694901898984,0.59322879731043
scene-0221_CAM_FRONT_2d65df53_1244ad3a,G51-B,2,85830,17.519869054638367,0.06525634145149817,0.9423475954088198,0.5721311690699445
scene-0221_CAM_FRONT_2d65df53_1244ad3a,G51-B,3,89322,17.219916930379743,0.0572722492220874,0.9370026002679064,0.5972736584981483
scene-0221_CAM_FRONT_2d65df53_1244ad3a,G51-B,4,87543,16.988413416353385,0.06291198089955552,0.9374228455861109,0.5860255299030809
scene-0268_CAM_FRONT_30e55a3e_01a7d01c,G51-B,0,68262,39.18198627398721,0.014000193530604665,0.8088803088803089,0.46325479998949387
scene-0268_CAM_FRONT_30e55a3e_01a7d01c,G51-B,1,69007,42.5084689000343,0.027342529869675225,0.8236611246815329,0.45718750820791637
scene-0268_CAM_FRONT_30e55a3e_01a7d01c,G51-B,2,67405,42.25996506382041,0.030992129372010346,0.8436424762955376,0.45702334988049276
scene-0268_CAM_FRONT_30e55a3e_01a7d01c,G51-B,3,66753,41.98365593905472,0.037230249412033345,0.8611351876657999,0.4398983531636593
scene-0268_CAM_FRONT_30e55a3e_01a7d01c,G51-B,4,75687,40.99575892857141,0.03188046150348267,0.9078809129829538,0.5034013605442177
scene-0268_CAM_FRONT_a2fada92_3bf56ebb,G51-B,0,77855,33.816904863481234,0.032998290649349116,0.9239946944028576,0.5164683634071389
scene-0268_CAM_FRONT_a2fada92_3bf56ebb,G51-B,1,69838,34.305303361411305,0.036368585354109584,0.9252094660257926,0.46332702965356026
scene-0268_CAM_FRONT_a2fada92_3bf56ebb,G51-B,2,76670,34.20199742268041,0.04119473750681313,0.9295498122028735,0.5034538912089932
scene-0268_CAM_FRONT_a2fada92_3bf56ebb,G51-B,3,74558,32.26537207733812,0.02451654917057411,0.928643658235495,0.4895989283744386
scene-0268_CAM_FRONT_a2fada92_3bf56ebb,G51-B,4,71871,31.975399156187954,0.03746333125540513,0.9277112389357287,0.47204055367320674
scene-0268_CAM_FRONT_296fcfbf_dc2b67cd,G51-B,0,83419,43.00717480325769,0.06389647067051785,0.9261747169910435,0.5495626822157434
scene-0268_CAM_FRONT_296fcfbf_dc2b67cd,G51-B,1,84351,43.740665625,0.06725646009419117,0.9271202689570036,0.5565755259632811
scene-0268_CAM_FRONT_296fcfbf_dc2b67cd,G51-B,2,78308,41.68092876876563,0.04477245659788909,0.925281695689859,0.5169608383894099
scene-0268_CAM_FRONT_296fcfbf_dc2b67cd,G51-B,3,78762,42.359623253254206,0.0477173965810882,0.9255837470123185,0.5209466025792556
scene-0268_CAM_FRONT_296fcfbf_dc2b67cd,G51-B,4,79073,42.663266006097565,0.03830147205243417,0.9284138365771019,0.5230806608357629
scene-0268_CAM_FRONT_e1dffaba_3c18f85f,G51-B,0,75513,34.515710368377476,0.027455237504851127,0.9278622645969584,0.49936963202269324
scene-0268_CAM_FRONT_e1dffaba_3c18f85f,G51-B,1,75568,35.50040030559278,0.021880862376529198,0.9267656869697686,0.49957318834869857
scene-0268_CAM_FRONT_e1dffaba_3c18f85f,G51-B,2,76172,34.4359375,0.02031610778531112,0.9268707482993197,0.5052005358127807
scene-0268_CAM_FRONT_e1dffaba_3c18f85f,G51-B,3,73106,33.433477722772274,0.02184475317503498,0.9262469466551099,0.48473984188269903
scene-0268_CAM_FRONT_e1dffaba_3c18f85f,G51-B,4,70465,33.019667245370385,0.029090889496794503,0.9266737583064114,0.4628411210043863
scene-0268_CAM_FRONT_08d95280_4094ae46,G51-B,0,66732,30.015931146876834,0.02133014910777753,0.9258595330023901,0.43822393822393824
scene-0268_CAM_FRONT_08d95280_4094ae46,G51-B,1,64883,30.37966187667336,0.031899242620740065,0.9256034460116093,0.4260565229952985
scene-0268_CAM_FRONT_08d95280_4094ae46,G51-B,2,67399,30.628459135957566,0.036552376195789105,0.9249533790350117,0.4427350090615397
scene-0268_CAM_FRONT_08d95280_4094ae46,G51-B,3,62155,30.695528301520792,0.029373907917064734,0.9215717174900848,0.4081566989730255
scene-0268_CAM_FRONT_08d95280_4094ae46,G51-B,4,65983,31.03448362056428,0.026384666936746015,0.9257150736742573,0.4332663567357445
scene-0268_CAM_FRONT_df25b3ec_755ef1d0,G51-B,0,63783,29.262024577402133,0.027171442550778302,0.9253013946891497,0.4188204239224647
scene-0268_CAM_FRONT_df25b3ec_755ef1d0,G51-B,1,65143,29.973936121323522,0.02686945901002158,0.923823969742337,0.4277506369343104
scene-0268_CAM_FRONT_df25b3ec_755ef1d0,G51-B,2,67524,29.675902039618993,0.028102475791477177,0.9246644603787461,0.44338507603813726
scene-0268_CAM_FRONT_df25b3ec_755ef1d0,G51-B,3,64888,29.688102113688643,0.02901314016751888,0.9235350510860715,0.42607622199458933
scene-0268_CAM_FRONT_df25b3ec_755ef1d0,G51-B,4,63855,29.77848713411709,0.04236085214995633,0.9225960654532083,0.4192931999054448
scene-0268_CAM_FRONT_4f9ad42b_adcff599,G51-B,0,58462,25.09527302023418,0.027048681788307993,0.9222808814645549,0.38388096551361856
scene-0268_CAM_FRONT_4f9ad42b_adcff599,G51-B,1,58925,25.28991665215877,0.03249616669428601,0.9230622751030915,0.3869211777375043
scene-0268_CAM_FRONT_4f9ad42b_adcff599,G51-B,2,58349,24.86605557528409,0.035007576529189954,0.9230031781052189,0.38313896987366375
scene-0268_CAM_FRONT_4f9ad42b_adcff599,G51-B,3,58586,24.934547645672144,0.02877962303418169,0.9231476374333517,0.3846951908176398
scene-0268_CAM_FRONT_4f9ad42b_adcff599,G51-B,4,57173,24.865380065199112,0.024610831181654635,0.9228324534446983,0.37541696215165604
scene-0269_CAM_FRONT_adce54dc_18f10858,G51-B,0,88114,20.858715970092025,0.0933533459829321,0.8071467969427153,0.582177658708271
scene-0269_CAM_FRONT_adce54dc_18f10858,G51-B,1,88577,19.799901484604103,0.04443700182550181,0.8579899141123631,0.5856906469151367
scene-0269_CAM_FRONT_adce54dc_18f10858,G51-B,2,101198,19.601419874892613,0.026326469001975994,0.9427415753946367,0.6716570798203452
scene-0269_CAM_FRONT_adce54dc_18f10858,G51-B,3,107533,20.57072390515852,0.019266456659521758,0.9555196596012923,0.7169122475244925
scene-0269_CAM_FRONT_adce54dc_18f10858,G51-B,4,117130,21.11353899376833,0.022105677953657255,0.9769981351614004,0.7806056785648623
scene-0269_CAM_FRONT_2d72c60d_14d8b492,G51-B,0,120876,20.764638939544653,0.03786293773120408,0.9821527066425025,0.7961941533370105
scene-0269_CAM_FRONT_2d72c60d_14d8b492,G51-B,1,117710,21.21573138009541,0.02834657792723627,0.978968035090484,0.7849854227405247
scene-0269_CAM_FRONT_2d72c60d_14d8b492,G51-B,2,109413,20.520475363429593,0.022789575408655338,0.9742008772621018,0.7240826832663567
scene-0269_CAM_FRONT_2d72c60d_14d8b492,G51-B,3,98947,20.861386187539534,0.01942778348808183,0.974292805925459,0.6510584928952275
scene-0269_CAM_FRONT_2d72c60d_14d8b492,G51-B,4,102668,20.371604511970535,0.01940516148397675,0.9717188033514564,0.6773435242822998
scene-0269_CAM_FRONT_5973a055_0c97832d,G51-B,0,116332,22.704478444829427,0.040095628307313724,0.9657303075670423,0.771629501221338
scene-0269_CAM_FRONT_5973a055_0c97832d,G51-B,1,120163,22.24920203064202,0.03988842805179171,0.9661111548866651,0.8014997504793423
scene-0269_CAM_FRONT_5973a055_0c97832d,G51-B,2,116806,23.197632031667556,0.04240160742215182,0.9673587581750847,0.7783205946471252
scene-0269_CAM_FRONT_5973a055_0c97832d,G51-B,3,111047,23.195505242598696,0.04371789722483532,0.9659863945578231,0.7365652824836498
scene-0269_CAM_FRONT_5973a055_0c97832d,G51-B,4,102722,24.112943515497562,0.02758035039004314,0.9577587791873506,0.6826688204239225
scene-0269_CAM_FRONT_ca37a1ae_a4be46a1,G51-B,0,103778,27.079461348684205,0.03189797983135412,0.9471935492343656,0.6823799017676568
scene-0269_CAM_FRONT_ca37a1ae_a4be46a1,G51-B,1,99978,27.481321546766505,0.03716555219399087,0.9474693352244372,0.6568631313529273
scene-0269_CAM_FRONT_ca37a1ae_a4be46a1,G51-B,2,99038,26.791818866292946,0.043746093873165304,0.9523809523809523,0.6519449478633152
scene-0269_CAM_FRONT_ca37a1ae_a4be46a1,G51-B,3,102072,27.68665668587022,0.027030545699281427,0.9594463267932656,0.6711317731725895
scene-0269_CAM_FRONT_ca37a1ae_a4be46a1,G51-B,4,105135,28.524930394961057,0.028657698667124087,0.9678118351587739,0.6918945184251307
scene-0269_CAM_FRONT_d02a787e_6e90bc36,G51-B,0,109841,26.162827893650334,0.019632892134648472,0.9691513671105508,0.7224345336590234
scene-0269_CAM_FRONT_d02a787e_6e90bc36,G51-B,1,111611,26.882794122451646,0.024338327867405418,0.9744897959183674,0.7337548919181572
scene-0269_CAM_FRONT_d02a787e_6e90bc36,G51-B,2,109720,27.14324663216929,0.05269797519552366,0.9717779003493289,0.7228088146455494
scene-0269_CAM_FRONT_d02a787e_6e90bc36,G51-B,3,106415,27.189802669511078,0.04058078562021805,0.9722769416646968,0.6994786331521026
scene-0269_CAM_FRONT_d02a787e_6e90bc36,G51-B,4,104198,26.98297964242789,0.033488624720466875,0.9692038977753263,0.6843104036981588
scene-0269_CAM_FRONT_5512cfa9_21e50bd8,G51-B,0,114611,23.733292096755896,0.03656308557289689,0.9632810653218816,0.7626598902109106
scene-0269_CAM_FRONT_5512cfa9_21e50bd8,G51-B,1,118185,24.82213345864662,0.035221215279415574,0.9639311322984793,0.7864956793528222
scene-0269_CAM_FRONT_5512cfa9_21e50bd8,G51-B,2,116836,25.765488075863786,0.030753680051783583,0.9640624589604181,0.7857668163790613
scene-0269_CAM_FRONT_5512cfa9_21e50bd8,G51-B,3,118370,27.234784350613165,0.04231860381053143,0.9604378430909043,0.7879862369658288
scene-0269_CAM_FRONT_5512cfa9_21e50bd8,G51-B,4,121160,29.075442828341018,0.046684361221464465,0.9530113203582591,0.8119599191027762
scene-0269_CAM_FRONT_459ac79b_44a799dc,G51-B,0,103192,24.78035348360656,0.04112117109467217,0.9450791899771491,0.6932143513776167
scene-0269_CAM_FRONT_459ac79b_44a799dc,G51-B,1,106260,26.013663001640584,0.02972964024003666,0.9393139495180312,0.7155595829065217
scene-0269_CAM_FRONT_459ac79b_44a799dc,G51-B,2,105574,25.811908949607325,0.01930428008005247,0.9330693667428361,0.7050206182859244
scene-0269_CAM_FRONT_459ac79b_44a799dc,G51-B,3,105708,26.44035500919118,0.04237543080818673,0.9201402568749507,0.6993867044887453
scene-0269_CAM_FRONT_459ac79b_44a799dc,G51-B,4,99541,26.521944019116557,0.05059391656933432,0.9085506789588422,0.6574147033330707
scene-0269_CAM_FRONT_addc85df_8cf0dfa0,G51-B,0,104265,26.780746783088233,0.04318826693213529,0.9017610905366007,0.6907454101331653
scene-0269_CAM_FRONT_addc85df_8cf0dfa0,G51-B,1,101287,26.809859437393033,0.042277448647610516,0.8998699866046804,0.6650973130564968
scene-0269_CAM_FRONT_addc85df_8cf0dfa0,G51-B,2,106038,26.281583368490832,0.05961044644529245,0.8958645234155438,0.6963267932655688
scene-0269_CAM_FRONT_addc85df_8cf0dfa0,G51-B,3,100557,27.115592322509627,0.06344704640941146,0.8902503086176555,0.6602973235626297
scene-0269_CAM_FRONT_addc85df_8cf0dfa0,G51-B,4,103746,26.393616415113446,0.047537095989996336,0.881425156935361,0.6812898904735639
scene-0270_CAM_FRONT_51f37263_af4baa28,G51-B,0,101847,22.13416635408852,0.027169112761348035,0.9385128568802038,0.6753079610222468
scene-0270_CAM_FRONT_51f37263_af4baa28,G51-B,1,112051,22.79132632565613,0.028573959586895903,0.9473708402279831,0.7447994641872193
scene-0270_CAM_FRONT_51f37263_af4baa28,G51-B,2,114313,23.265406207308747,0.026123709664640504,0.9534381320095606,0.7669871037217976
scene-0270_CAM_FRONT_51f37263_af4baa28,G51-B,3,118354,25.535587973576252,0.04131617666859544,0.9573713655346309,0.7877038846426602
scene-0270_CAM_FRONT_51f37263_af4baa28,G51-B,4,113849,26.73078201718494,0.038667005630319995,0.9577587791873506,0.7602697449636225
scene-0270_CAM_FRONT_8d74da14_6a02dd6b,G51-B,0,106309,20.91020063920455,0.03289408893853096,0.9532017440180706,0.7176673758306411
scene-0270_CAM_FRONT_8d74da14_6a02dd6b,G51-B,1,106494,20.35919577205882,0.02877473808626041,0.9455979302918078,0.7219945893415282
scene-0270_CAM_FRONT_8d74da14_6a02dd6b,G51-B,2,93274,22.217611223259226,0.0503563389198427,0.9390118981955716,0.6231844088986946
scene-0270_CAM_FRONT_8d74da14_6a02dd6b,G51-B,3,96456,22.524636008522727,0.03927969756863492,0.9356762009823234,0.6497320936096447
scene-0270_CAM_FRONT_8d74da14_6a02dd6b,G51-B,4,88307,22.942913507268486,0.06313027288340045,0.9232855304283876,0.5958159325506265
scene-0270_CAM_FRONT_d492d47f_2f207084,G51-B,0,91513,23.698262208143507,0.05564422275794456,0.9134885614477452,0.6166246421348462
scene-0270_CAM_FRONT_d492d47f_2f207084,G51-B,1,85536,24.330491990118183,0.081110922475506,0.9003887269193391,0.5808184277572033
scene-0270_CAM_FRONT_d492d47f_2f207084,G51-B,2,82285,23.633634700040957,0.08357725896506718,0.8881162503611483,0.5552425603446012
scene-0270_CAM_FRONT_d492d47f_2f207084,G51-B,3,77821,23.08842501513317,0.057056498529149735,0.8771242087568618,0.524748509442387
scene-0270_CAM_FRONT_d492d47f_2f207084,G51-B,4,72466,23.582361157906554,0.03573366114486132,0.8691592467102671,0.4866769101462979
scene-0270_CAM_FRONT_71a74ae0_91bb8353,G51-B,0,66048,26.05477627840908,0.04039047259988804,0.8678853780894598,0.4336931683870459
scene-0270_CAM_FRONT_71a74ae0_91bb8353,G51-B,1,65500,27.8281805062167,0.07387100398289714,0.8784309090431539,0.4300948178499199
scene-0270_CAM_FRONT_71a74ae0_91bb8353,G51-B,2,63023,27.94392421602788,0.06654827051975776,0.8872888923909332,0.4145129094108686
scene-0270_CAM_FRONT_71a74ae0_91bb8353,G51-B,3,63376,28.061212186073053,0.07479454952081332,0.8915832742363354,0.41662726866808497
scene-0270_CAM_FRONT_71a74ae0_91bb8353,G51-B,4,62753,28.461375239086404,0.06966833578093157,0.8958316917500591,0.41216216216216217
scene-0270_CAM_FRONT_adebba60_12a72195,G51-B,0,57784,21.545932904411757,0.062485286167944576,0.8985764189845823,0.37942899167388966
scene-0270_CAM_FRONT_adebba60_12a72195,G51-B,1,59393,21.01519680427864,0.060057795022933735,0.90040842591863,0.3899942216268747
scene-0270_CAM_FRONT_adebba60_12a72195,G51-B,2,58680,21.438531296091444,0.05612290954773358,0.9031137551545715,0.38531242612875266
scene-0270_CAM_FRONT_adebba60_12a72195,G51-B,3,58651,20.64958253380848,0.05001095607602668,0.9046502770992567,0.38512200246894124
scene-0270_CAM_FRONT_adebba60_12a72195,G51-B,4,58056,21.125892857142855,0.04925454481672853,0.901005962230452,0.38121503427625875
scene-0270_CAM_FRONT_12a0035c_b70d3599,G51-B,0,59993,20.186924097170515,0.028445171688723292,0.9013014472198145,0.3939340214850419
scene-0270_CAM_FRONT_12a0035c_b70d3599,G51-B,1,59946,20.406543340066545,0.03254413694339009,0.9007892732382529,0.39362540382948547
scene-0270_CAM_FRONT_12a0035c_b70d3599,G51-B,2,59924,20.99117187500001,0.045862810599020865,0.9007892732382529,0.3934809445013527
scene-0270_CAM_FRONT_12a0035c_b70d3599,G51-B,3,61420,20.91537811850312,0.0424442976016306,0.9012751818874268,0.4033041788143829
scene-0270_CAM_FRONT_12a0035c_b70d3599,G51-B,4,60477,20.50232348285979,0.028365006803395154,0.9010584928952275,0.397525805689071
scene-0270_CAM_FRONT_c1348c56_5bbe677b,G51-B,0,59019,21.435172474041536,0.03589044935593799,0.901012528563549,0.38753841304861714
scene-0270_CAM_FRONT_c1348c56_5bbe677b,G51-B,1,55914,22.018923134157504,0.04837013876331242,0.8975586373545558,0.3671499487826018
scene-0270_CAM_FRONT_c1348c56_5bbe677b,G51-B,2,54461,22.09878189557074,0.055795398791852246,0.8987011793134242,0.35760906679274024
scene-0270_CAM_FRONT_c1348c56_5bbe677b,G51-B,3,54381,22.345585633404102,0.065994197587107,0.9035405668058729,0.3570837601449846
scene-0270_CAM_FRONT_c1348c56_5bbe677b,G51-B,4,55376,22.39375260031435,0.06616453171052905,0.9061408347122633,0.36361726157644525
scene-0270_CAM_FRONT_8b2da12c_6de2f8b9,G51-B,0,60527,19.882725108753554,0.03401217697410441,0.9058584823890946,0.3974404433588107
scene-0270_CAM_FRONT_8b2da12c_6de2f8b9,G51-B,1,59395,20.185213210328804,0.03900242018847644,0.9081698316392194,0.3900073542930686
scene-0270_CAM_FRONT_8b2da12c_6de2f8b9,G51-B,2,60362,20.644574622657878,0.049721164325400524,0.9097720169148741,0.39635699839781474
scene-0270_CAM_FRONT_8b2da12c_6de2f8b9,G51-B,3,57702,20.951499127327136,0.044502456658968015,0.9102382265647572,0.3788905523599401
scene-0270_CAM_FRONT_8b2da12c_6de2f8b9,G51-B,4,57763,20.894131776732177,0.04358368708527527,0.9106059412181862,0.3792910986788538
scene-0271_CAM_FRONT_c28c950a_08dfcb4b,G51-B,0,109434,13.20386831160072,0.0385903059926469,0.989073621726683,0.7270178341606913
scene-0271_CAM_FRONT_c28c950a_08dfcb4b,G51-B,1,109188,13.389826909559513,0.04022891868411538,0.9857379245134347,0.7256454705434298
scene-0271_CAM_FRONT_c28c950a_08dfcb4b,G51-B,2,109692,13.191047919026047,0.03675869516970587,0.9790205657552596,0.7314501090011294
scene-0271_CAM_FRONT_c28c950a_08dfcb4b,G51-B,3,102998,13.030968336763971,0.032247559677674786,0.969354923436556,0.6858928899745226
scene-0271_CAM_FRONT_c28c950a_08dfcb4b,G51-B,4,96674,13.356551795642037,0.027629119379248168,0.9605429044204554,0.6441704094765319
scene-0271_CAM_FRONT_b8c2c0c9_9f5b95a0,G51-B,0,107583,18.067050836579323,0.06263914767537404,0.957220339873401,0.7126178656790901
scene-0271_CAM_FRONT_b8c2c0c9_9f5b95a0,G51-B,1,102148,19.001252264492752,0.03900119058074902,0.9559399049194968,0.6762009823234313
scene-0271_CAM_FRONT_b8c2c0c9_9f5b95a0,G51-B,2,97790,19.87787042381267,0.04904498472698293,0.9634583563154991,0.6445840884616395
scene-0271_CAM_FRONT_b8c2c0c9_9f5b95a0,G51-B,3,94130,19.62192735677887,0.05646027886002414,0.9649817455939905,0.6208861923147637
scene-0271_CAM_FRONT_b8c2c0c9_9f5b95a0,G51-B,4,92397,19.953144543464663,0.07040516811655317,0.964325112284296,0.6118049536416883
scene-0271_CAM_FRONT_cbbd3332_b0361d86,G51-B,0,110207,21.60444007709632,0.04978710828030675,0.9682977438079479,0.7377275234418091
scene-0271_CAM_FRONT_cbbd3332_b0361d86,G51-B,1,109844,21.89182868573154,0.04699413380277773,0.9751201638956741,0.7349433982087044
scene-0271_CAM_FRONT_cbbd3332_b0361d86,G51-B,2,104154,22.72314789448967,0.06219210819614007,0.9814632416673233,0.6927547080608305
scene-0271_CAM_FRONT_cbbd3332_b0361d86,G51-B,3,102389,23.421501203914673,0.06284846251472098,0.9906889396685316,0.6785845612376225
scene-0271_CAM_FRONT_cbbd3332_b0361d86,G51-B,4,106511,23.505515238601234,0.07059892585423055,0.9941165655451369,0.7046726026317863
scene-0271_CAM_FRONT_a0069939_c5910605,G51-B,0,106586,20.584341105382965,0.05265394294105752,0.9936634885614477,0.702426916712631
scene-0271_CAM_FRONT_a0069939_c5910605,G51-B,1,111038,21.0705452920143,0.06014658786327254,0.9941493972106217,0.7317784256559767
scene-0271_CAM_FRONT_a0069939_c5910605,G51-B,2,105511,20.907620709084608,0.04949004359922693,0.994464581199275,0.6952039503059911
scene-0271_CAM_FRONT_a0069939_c5910605,G51-B,3,104029,20.59084556398417,0.04388265716069162,0.9982861870616972,0.6842250413678985
scene-0271_CAM_FRONT_a0069939_c5910605,G51-B,4,104363,21.306015452538634,0.06425796286349783,0.9962243584692564,0.6897144958369448
scene-0271_CAM_FRONT_618875a2_309dffee,G51-B,0,92035,17.91385626306847,0.05920614682435765,0.9955414598271741,0.6077009954560975
scene-0271_CAM_FRONT_618875a2_309dffee,G51-B,1,102952,18.456112388517276,0.08734963949683117,0.9973406350957371,0.6802327108449557
scene-0271_CAM_FRONT_618875a2_309dffee,G51-B,2,105051,18.10890238690163,0.08684337750182669,0.9981285950673706,0.6944685209991333
scene-0271_CAM_FRONT_618875a2_309dffee,G51-B,3,105684,17.920364091981135,0.08636687431020817,0.998089197068789,0.6963399259317626
scene-0271_CAM_FRONT_618875a2_309dffee,G51-B,4,108505,18.364095164564613,0.06271686986589975,0.9994943923515353,0.7141346886244846
scene-0271_CAM_FRONT_8e86bdba_84d3fc36,G51-B,0,105309,15.04939364108579,0.05368700441847363,0.9997636120085099,0.6924132587397893
scene-0271_CAM_FRONT_8e86bdba_84d3fc36,G51-B,1,107042,14.984667880532971,0.05465844313267376,0.9999212040028367,0.7037598823313109
scene-0271_CAM_FRONT_8e86bdba_84d3fc36,G51-B,2,100458,15.289362345950707,0.05543561435142452,0.9980497990702072,0.6607307015470281
scene-0271_CAM_FRONT_8e86bdba_84d3fc36,G51-B,3,96661,14.861136228459365,0.04069489500291956,0.9987917947101621,0.63587713077509
scene-0271_CAM_FRONT_8e86bdba_84d3fc36,G51-B,4,96683,15.086362591911769,0.04099543520059479,0.9987523967115803,0.6362579780947127
scene-0271_CAM_FRONT_8c9d04f0_4a4e46db,G51-B,0,76182,12.249745301064536,0.028650668403547686,0.9986604680482232,0.5007616946392457
scene-0271_CAM_FRONT_8c9d04f0_4a4e46db,G51-B,1,75025,12.479231227165968,0.028742264293563746,0.9986013710503506,0.49315131457988604
scene-0271_CAM_FRONT_8c9d04f0_4a4e46db,G51-B,2,73043,12.514803951733734,0.024771197534659617,0.998798361043259,0.4799858167205106
scene-0271_CAM_FRONT_8c9d04f0_4a4e46db,G51-B,3,73445,12.408855581974638,0.02420471495925014,0.9986998660468048,0.4827174112888399
scene-0271_CAM_FRONT_8c9d04f0_4a4e46db,G51-B,4,73365,12.371955120679939,0.023327953041136773,0.9987458303784834,0.4822315026396659
scene-0272_CAM_FRONT_e261f474_e7683144,G51-B,0,78723,12.541827178533476,0.030129524944170427,0.9988246263756467,0.5174073490400021
scene-0272_CAM_FRONT_e261f474_e7683144,G51-B,1,77825,12.571683967255977,0.029390856873125593,0.9987589630446774,0.5114845165865574
scene-0272_CAM_FRONT_e261f474_e7683144,G51-B,2,77406,12.539846450172814,0.029191058325912955,0.9987786620439681,0.5087332230189373
scene-0272_CAM_FRONT_e261f474_e7683144,G51-B,3,76717,12.280330179663606,0.025670086374276035,0.998680167047514,0.5042549838468205
scene-0272_CAM_FRONT_e261f474_e7683144,G51-B,4,77367,12.236633931868536,0.033896035135573044,0.9986998660468048,0.5085034013605442
scene-0272_CAM_FRONT_a4fa9d49_77d239a5,G51-B,0,76970,11.835624082681019,0.027141188573779118,0.9987326977122896,0.5059293987865416
scene-0272_CAM_FRONT_a4fa9d49_77d239a5,G51-B,1,77498,11.831412994604316,0.026257017669009564,0.9985948047172537,0.5093307593307593
scene-0272_CAM_FRONT_a4fa9d49_77d239a5,G51-B,2,73281,12.702206151794089,0.02557086984743151,0.9987655293777743,0.48169962965881336
scene-0272_CAM_FRONT_a4fa9d49_77d239a5,G51-B,3,74079,12.741600585937501,0.024192316646778345,0.9988837233735193,0.4868673338061093
scene-0272_CAM_FRONT_a4fa9d49_77d239a5,G51-B,4,70152,12.840078230384442,0.02409902432588007,0.9986342027158354,0.46133743072518585
scene-0272_CAM_FRONT_fdb723ef_a77fe48a,G51-B,0,92933,18.096333481396318,0.037508909340779883,0.9988246263756467,0.6135844299109605
scene-0272_CAM_FRONT_fdb723ef_a77fe48a,G51-B,1,91989,17.90554897678805,0.041042310152816786,0.9988640243742285,0.6096774617182781
scene-0272_CAM_FRONT_fdb723ef_a77fe48a,G51-B,2,88368,17.80679983352054,0.042253366568841155,0.9980038347385286,0.5836550836550837
scene-0272_CAM_FRONT_fdb723ef_a77fe48a,G51-B,3,86952,18.527538178733025,0.03770444054100519,0.9945762088619231,0.5783035221810732
scene-0272_CAM_FRONT_fdb723ef_a77fe48a,G51-B,4,81319,17.100911458333332,0.035912606176219164,0.9871759514616657,0.5401990912194994
scene-0272_CAM_FRONT_160faaad_9a9f3586,G51-B,0,102426,22.339895635673624,0.06117088889413225,0.9843524282299793,0.6767591206366717
scene-0272_CAM_FRONT_160faaad_9a9f3586,G51-B,1,104725,22.45272051502534,0.05793694905203939,0.9853964751923936,0.6953746749665117
scene-0272_CAM_FRONT_160faaad_9a9f3586,G51-B,2,102491,23.327477785943344,0.060991414600155114,0.9846938775510204,0.6870354319333911
scene-0272_CAM_FRONT_160faaad_9a9f3586,G51-B,3,105450,22.903463224085357,0.061502344255925046,0.982572951960707,0.7058742415885273
scene-0272_CAM_FRONT_160faaad_9a9f3586,G51-B,4,93393,22.672492024216243,0.0743726220939176,0.97164657368739,0.6288905523599401
scene-0272_CAM_FRONT_deafcf11_fb2a7007,G51-B,0,106115,19.49411596760798,0.038562104320722934,0.9638063719696373,0.7196832400914034
scene-0272_CAM_FRONT_deafcf11_fb2a7007,G51-B,1,104409,19.775993987183757,0.06093862778241421,0.9550206182859244,0.7122961153573398
scene-0272_CAM_FRONT_deafcf11_fb2a7007,G51-B,2,97194,19.450583598428146,0.054844730361161,0.9434113413705251,0.6657999106978699
scene-0272_CAM_FRONT_deafcf11_fb2a7007,G51-B,3,95531,19.316569767441855,0.04467437993315926,0.9325571927612744,0.6608160638772884
scene-0272_CAM_FRONT_deafcf11_fb2a7007,G51-B,4,90466,19.064649861249173,0.033114220291387,0.9266080949754419,0.6105639166863657
scene-0272_CAM_FRONT_f05e9433_5f52fc66,G51-B,0,101583,24.946958017077804,0.048508738414964725,0.9241719853964752,0.6937462243584692
scene-0272_CAM_FRONT_f05e9433_5f52fc66,G51-B,1,96308,25.11158665136635,0.04498781945926189,0.9227602237806319,0.6598442465789405
scene-0272_CAM_FRONT_f05e9433_5f52fc66,G51-B,2,91300,26.104425350522813,0.06607893120291064,0.9192341029075723,0.6255154571481102
scene-0272_CAM_FRONT_f05e9433_5f52fc66,G51-B,3,87412,27.34818461403917,0.06971983235614299,0.9074278359992646,0.6081081081081081
scene-0272_CAM_FRONT_f05e9433_5f52fc66,G51-B,4,98342,27.330183949237238,0.10513425223976358,0.9005200535812781,0.6788669135607911
scene-0272_CAM_FRONT_03e1fa4e_f1d9fc82,G51-B,0,85622,21.59723347479424,0.05728750870968402,0.8859296614398655,0.5843970792950385
scene-0272_CAM_FRONT_03e1fa4e_f1d9fc82,G51-B,1,83957,22.773979860553776,0.06009817636002568,0.9264702019804061,0.577968639193129
scene-0272_CAM_FRONT_03e1fa4e_f1d9fc82,G51-B,2,96989,22.321280537706112,0.03993020872582065,0.9512384104220839,0.6712959315000131
scene-0272_CAM_FRONT_03e1fa4e_f1d9fc82,G51-B,3,90358,22.723467119463216,0.038973334725417086,0.9544362146402963,0.6214705959603919
scene-0272_CAM_FRONT_03e1fa4e_f1d9fc82,G51-B,4,84609,23.857512534687185,0.04116601090208505,0.9793817140755916,0.5615922044493473
scene-0273_CAM_FRONT_1d477a7c_8ae5eb1e,G51-B,0,109884,26.25784323770492,0.07262567245153151,0.9697357707561789,0.7577220077220077
scene-0273_CAM_FRONT_1d477a7c_8ae5eb1e,G51-B,1,114542,25.202431955645164,0.06978999467315816,0.9576996821894781,0.7822078638405169
scene-0273_CAM_FRONT_1d477a7c_8ae5eb1e,G51-B,2,104121,26.80561527190623,0.09969434761278162,0.939333648517322,0.7165904972027421
scene-0273_CAM_FRONT_1d477a7c_8ae5eb1e,G51-B,3,104209,25.88293478560406,0.06189243523983157,0.931526278465054,0.7000433377984399
scene-0273_CAM_FRONT_1d477a7c_8ae5eb1e,G51-B,4,106074,28.087119752134733,0.08583309744914058,0.9497347201428834,0.715165602920705
scene-0273_CAM_FRONT_5eb775d7_11d08474,G51-B,0,103186,26.425729189058462,0.08529041512741342,0.9690660047802905,0.6899311848291441
scene-0273_CAM_FRONT_5eb775d7_11d08474,G51-B,1,116204,26.685169406575778,0.07601463404399422,0.9863879914900323,0.7757662910724136
scene-0273_CAM_FRONT_5eb775d7_11d08474,G51-B,2,125549,26.635971679687504,0.06516636439990187,0.9889225960654532,0.8362159535628924
scene-0273_CAM_FRONT_5eb775d7_11d08474,G51-B,3,123130,25.629713220164604,0.06815717011665368,0.9895660967089539,0.8217765870827095
scene-0273_CAM_FRONT_5eb775d7_11d08474,G51-B,4,122695,26.472992631312003,0.0625432178622658,0.9814632416673233,0.8270953168912353
scene-0273_CAM_FRONT_1c9469a9_e42c4028,G51-B,0,116765,24.066725610333073,0.08375525807512041,0.9829997636120085,0.7815709295301132
scene-0273_CAM_FRONT_1c9469a9_e42c4028,G51-B,1,119488,24.68613137520441,0.07966458327406123,0.9940968665458462,0.7914926588395976
scene-0273_CAM_FRONT_1c9469a9_e42c4028,G51-B,2,119288,24.58732348045532,0.07255394403348525,0.9895857957082447,0.7983085125942269
scene-0273_CAM_FRONT_1c9469a9_e42c4028,G51-B,3,113320,24.127882050304876,0.06310418931044826,0.9826189162923857,0.7673154203766449
scene-0273_CAM_FRONT_1c9469a9_e42c4028,G51-B,4,119613,24.754643192997687,0.07793221410990059,0.985225750531873,0.7976781446169201
scene-0273_CAM_FRONT_e1e84a1a_b87c4fce,G51-B,0,123610,20.6194860466703,0.042087097342068835,0.9871628187954719,0.8198526514853045
scene-0273_CAM_FRONT_e1e84a1a_b87c4fce,G51-B,1,125758,20.520604410145662,0.036610140841229155,0.9880361410973656,0.8420731226853676
scene-0273_CAM_FRONT_e1e84a1a_b87c4fce,G51-B,2,122365,20.701212219015797,0.03684032853754404,0.9764005988495784,0.8185262521997216
scene-0273_CAM_FRONT_e1e84a1a_b87c4fce,G51-B,3,122702,21.44412040573328,0.049800057725461144,0.9593084337982297,0.8357234785806215
scene-0273_CAM_FRONT_e1e84a1a_b87c4fce,G51-B,4,122383,22.53536108290252,0.06046532848102526,0.9496953221443017,0.8306871010952643
scene-0273_CAM_FRONT_49ceba17_ac2d1e89,G51-B,0,127364,23.050091619919556,0.06142640698523061,0.9452564809707666,0.8689097260525832
scene-0273_CAM_FRONT_49ceba17_ac2d1e89,G51-B,1,127231,22.92849018895349,0.05808811556714444,0.9411984871168545,0.8761852231239986
scene-0273_CAM_FRONT_49ceba17_ac2d1e89,G51-B,2,124513,23.194784628378383,0.051960940591039506,0.9356565019830326,0.8582853991017256
scene-0273_CAM_FRONT_49ceba17_ac2d1e89,G51-B,3,120520,23.35146817294034,0.06819224342541519,0.9346387203530061,0.8220064087411026
scene-0273_CAM_FRONT_49ceba17_ac2d1e89,G51-B,4,119850,23.53564570406325,0.0791021904751823,0.9273960549470753,0.8102198408320858
scene-0273_CAM_FRONT_0791e7e8_8d5c8d68,G51-B,0,121508,26.16231731226235,0.04918297251259518,0.9193063325716387,0.8061881123105613
scene-0273_CAM_FRONT_0791e7e8_8d5c8d68,G51-B,1,119653,25.612879404642616,0.04025500663185033,0.9334108160638773,0.7993853912221259
scene-0273_CAM_FRONT_0791e7e8_8d5c8d68,G51-B,2,125213,25.911083036256063,0.019578994359440216,0.9547973629606282,0.8349683502744727
scene-0273_CAM_FRONT_0791e7e8_8d5c8d68,G51-B,3,123272,25.98543640670554,0.03920347021630288,0.9599519344417303,0.8179287158878996
scene-0273_CAM_FRONT_0791e7e8_8d5c8d68,G51-B,4,119088,24.575096816360436,0.03661487133174579,0.9554014656055473,0.7866270060147611
scene-0273_CAM_FRONT_e0668ad6_2bdf0127,G51-B,0,121556,23.874083914974626,0.03935800225237185,0.9424066924066924,0.8148294066661413
scene-0273_CAM_FRONT_e0668ad6_2bdf0127,G51-B,1,116082,25.249527084243883,0.04443972155070153,0.9373834475875292,0.791571454836761
scene-0273_CAM_FRONT_e0668ad6_2bdf0127,G51-B,2,110009,24.807498454770208,0.04858141965398399,0.9369106716045491,0.7575512830614871
scene-0273_CAM_FRONT_e0668ad6_2bdf0127,G51-B,3,107903,24.908324630462722,0.04822768804623623,0.932005620781131,0.7446615711921835
scene-0273_CAM_FRONT_e0668ad6_2bdf0127,G51-B,4,102868,25.205726667466415,0.056141331081943635,0.9274682846111417,0.7065571402306097
scene-0274_CAM_FRONT_040a956b_6d32f67b,G51-B,0,113392,20.563665984139362,0.049126856414606124,0.9363853649567935,0.7677553646941402
scene-0274_CAM_FRONT_040a956b_6d32f67b,G51-B,1,112607,20.681477988922843,0.03781867051387833,0.9346715520184908,0.7786095133033909
scene-0274_CAM_FRONT_040a956b_6d32f67b,G51-B,2,115449,20.34759805911001,0.026034994274927836,0.9353544506605731,0.7949793817140756
scene-0274_CAM_FRONT_040a956b_6d32f67b,G51-B,3,113226,20.771685193822552,0.03270712144405574,0.9380663462296115,0.7716820318861135
scene-0274_CAM_FRONT_040a956b_6d32f67b,G51-B,4,117794,21.452290852864582,0.046031979028377634,0.9311060331468495,0.7950384787119481
scene-0274_CAM_FRONT_d6f9027a_34cf97ab,G51-B,0,105733,20.674420589652954,0.037380933859675114,0.9232461324298059,0.7074567278648911
scene-0274_CAM_FRONT_d6f9027a_34cf97ab,G51-B,1,105288,20.466128739216057,0.037064680937680894,0.9172051059806162,0.7112849000604102
scene-0274_CAM_FRONT_d6f9027a_34cf97ab,G51-B,2,97019,20.55557286600195,0.02417376428508966,0.9151235783888845,0.6494169096209913
scene-0274_CAM_FRONT_d6f9027a_34cf97ab,G51-B,3,86923,20.987667410714284,0.020985938764870316,0.9115252278517585,0.580733065426943
scene-0274_CAM_FRONT_d6f9027a_34cf97ab,G51-B,4,90501,20.934375785965795,0.01590970895154431,0.9072439786725501,0.6095461350563391
scene-0274_CAM_FRONT_9bd318b5_728f711f,G51-B,0,102035,26.41807395573566,0.016945206261257617,0.901137288892391,0.6956832926220682
scene-0274_CAM_FRONT_9bd318b5_728f711f,G51-B,1,98424,28.071719915375795,0.027954831696710203,0.8994760066188637,0.6596866545846137
scene-0274_CAM_FRONT_9bd318b5_728f711f,G51-B,2,101979,27.884614838782923,0.06160385926579304,0.9005200535812781,0.683450214062459
scene-0274_CAM_FRONT_9bd318b5_728f711f,G51-B,3,105256,27.81244414323165,0.06150706069080436,0.9054710687363748,0.7032214430173613
scene-0274_CAM_FRONT_9bd318b5_728f711f,G51-B,4,103611,27.647377232142862,0.06512419939345504,0.9108948598744517,0.6973642738948861
scene-0274_CAM_FRONT_4ea42d9d_144689dc,G51-B,0,112246,23.93365135368664,0.040287987556820504,0.9210858088409108,0.7715375725579807
scene-0274_CAM_FRONT_4ea42d9d_144689dc,G51-B,1,114269,24.353256140612576,0.04523781695775542,0.929116434218475,0.7856420560502193
scene-0274_CAM_FRONT_4ea42d9d_144689dc,G51-B,2,119996,24.928941399618,0.06151511417531519,0.940653481469808,0.8271806792214955
scene-0274_CAM_FRONT_4ea42d9d_144689dc,G51-B,3,121702,24.617542830433454,0.045532296609434475,0.9515601607438342,0.8311598770782445
scene-0274_CAM_FRONT_4ea42d9d_144689dc,G51-B,4,122872,26.104202093554868,0.040718728914479474,0.9498003834738529,0.8421847503480157
scene-0274_CAM_FRONT_d813d750_8491dd8f,G51-B,0,115853,21.139937405159323,0.04445304459063237,0.9335881070574948,0.7977241089485988
scene-0274_CAM_FRONT_d813d750_8491dd8f,G51-B,1,109407,21.62267052533223,0.031913557205788035,0.9178617392903107,0.7645050298111523
scene-0274_CAM_FRONT_d813d750_8491dd8f,G51-B,2,99196,21.25321702501232,0.04052982210134015,0.9042103327817613,0.6811716964778189
scene-0274_CAM_FRONT_d813d750_8491dd8f,G51-B,3,93761,20.21681841681985,0.02281588823462366,0.8928965408557246,0.6394295169805374
scene-0274_CAM_FRONT_d813d750_8491dd8f,G51-B,4,89778,20.545915210520043,0.03191163006380737,0.8884511333490925,0.5895122527775589
scene-0274_CAM_FRONT_d90f206c_864f2bd6,G51-B,0,115255,23.164172954051114,0.0240205765094621,0.899449741286476,0.779318677277861
scene-0274_CAM_FRONT_d90f206c_864f2bd6,G51-B,1,121827,24.287412038438248,0.022154465152887326,0.9160953956872324,0.8281721955191343
scene-0274_CAM_FRONT_d90f206c_864f2bd6,G51-B,2,120437,25.709441951864214,0.021199033467933504,0.925032175032175,0.8190318598481864
scene-0274_CAM_FRONT_d90f206c_864f2bd6,G51-B,3,122971,26.11082187255285,0.02462809359097129,0.9404499251438027,0.8420731226853676
scene-0274_CAM_FRONT_d90f206c_864f2bd6,G51-B,4,126634,27.49380476707609,0.030177763119615397,0.9629527486670344,0.8573332808026686
scene-0274_CAM_FRONT_1734a670_783bf5ef,G51-B,0,124761,20.65135477047494,0.029445910333596448,0.9778845901294881,0.826274525254117
scene-0274_CAM_FRONT_1734a670_783bf5ef,G51-B,1,123697,19.932239898444248,0.02701137652770269,0.9704712000630368,0.817876185223124
scene-0274_CAM_FRONT_1734a670_783bf5ef,G51-B,2,121373,20.306825343358838,0.021945871174609444,0.9609368844062721,0.8040671867202479
scene-0274_CAM_FRONT_1734a670_783bf5ef,G51-B,3,117896,19.953300120082343,0.02919572474848331,0.9491109184986736,0.7824442518320069
scene-0274_CAM_FRONT_1734a670_783bf5ef,G51-B,4,114726,20.314414828431378,0.0336639473774476,0.9252291650250833,0.761175898931001
scene-0274_CAM_FRONT_f5a8490b_a6f13e65,G51-B,0,104820,30.252016691927256,0.018378033549714567,0.8949189714495837,0.694370026002679
scene-0274_CAM_FRONT_f5a8490b_a6f13e65,G51-B,1,94946,31.069086322869957,0.039584525383706604,0.8330838126756495,0.6312347332755496
scene-0274_CAM_FRONT_f5a8490b_a6f13e65,G51-B,2,83394,29.539355813825086,0.021194547351129245,0.7651485304546529,0.5533711554119718
scene-0274_CAM_FRONT_f5a8490b_a6f13e65,G51-B,3,81924,29.661519542378915,0.01716920191310156,0.7683200693404775,0.5455243873611221
scene-0274_CAM_FRONT_f5a8490b_a6f13e65,G51-B,4,79643,29.158297172452414,0.02758962639476259,0.7698762902844536,0.5321225015102566
scene-0275_CAM_FRONT_8fb167b9_ad7080dc,G51-B,0,85298,25.899521512901657,0.02044351292186808,0.7693838153021827,0.5638313240354057
scene-0275_CAM_FRONT_8fb167b9_ad7080dc,G51-B,1,89946,25.87921297175786,0.011808577774732099,0.7698434586189689,0.5996835027447273
scene-0275_CAM_FRONT_8fb167b9_ad7080dc,G51-B,2,92117,26.119148763020842,0.025331935690879437,0.7788984319596565,0.6160730701547028
scene-0275_CAM_FRONT_8fb167b9_ad7080dc,G51-B,3,95620,26.917405704488775,0.024824750891004443,0.7836524571218448,0.6434612455020619
scene-0275_CAM_FRONT_8fb167b9_ad7080dc,G51-B,4,95307,26.519345523389564,0.022031831646813327,0.7909345205263573,0.6443214351377616
scene-0275_CAM_FRONT_96af1a7d_4ffdd341,G51-B,0,85679,19.30771636264867,0.01054439233662885,0.7934428597693903,0.5727155727155727
scene-0275_CAM_FRONT_96af1a7d_4ffdd341,G51-B,1,90875,19.292140423758052,0.008922804101719528,0.7944540750663199,0.6117786883093006
scene-0275_CAM_FRONT_96af1a7d_4ffdd341,G51-B,2,98597,19.757956162434326,0.021612970155174605,0.8041788143828961,0.6586491739552964
scene-0275_CAM_FRONT_96af1a7d_4ffdd341,G51-B,3,93683,19.41344077853122,0.01973208238131008,0.8042641767131563,0.6266645654400756
scene-0275_CAM_FRONT_96af1a7d_4ffdd341,G51-B,4,85299,20.206083674513817,0.018264508406890645,0.8012567961547553,0.5736020276836603
scene-0275_CAM_FRONT_ffec010a_4523fb98,G51-B,0,87797,20.30970540364583,0.02878839814985401,0.8017164394715415,0.587456990518215
scene-0275_CAM_FRONT_ffec010a_4523fb98,G51-B,1,75915,19.02654983634663,0.012887460436002307,0.7997793712079426,0.5040054631891366
scene-0275_CAM_FRONT_ffec010a_4523fb98,G51-B,2,74458,19.010083695532572,0.0187030032740374,0.7964239749954035,0.49308565124891657
scene-0275_CAM_FRONT_ffec010a_4523fb98,G51-B,3,67834,19.012396118917067,0.016018585984424627,0.8041591153836052,0.4471672839019778
scene-0275_CAM_FRONT_ffec010a_4523fb98,G51-B,4,61495,19.261665216069847,0.023192739077542157,0.8083287369001655,0.4042300317810522
scene-0275_CAM_FRONT_6e75580f_cf4d6609,G51-B,0,64390,17.527049153645827,0.01733841022269389,0.8181060068815171,0.42295064744044336
scene-0275_CAM_FRONT_6e75580f_cf4d6609,G51-B,1,63425,17.626734707139555,0.020277763565126783,0.8205618154597747,0.4172642029784887
scene-0275_CAM_FRONT_6e75580f_cf4d6609,G51-B,2,63263,18.65038439692283,0.021435033466753683,0.8264189845822499,0.41594437002600265
scene-0275_CAM_FRONT_6e75580f_cf4d6609,G51-B,3,63039,18.704178722993827,0.024925376440451785,0.8278701441966748,0.41438158274892967
scene-0275_CAM_FRONT_6e75580f_cf4d6609,G51-B,4,62956,18.63966468105456,0.013592831437886366,0.8266685052399338,0.4148346597326189
scene-0275_CAM_FRONT_5bea7ebf_33c965ec,G51-B,0,61986,20.224201614541027,0.017179410530515415,0.8258542799359125,0.407020723347254
scene-0275_CAM_FRONT_5bea7ebf_33c965ec,G51-B,1,58346,20.209396540296925,0.020838506596818185,0.8198460851522076,0.3831192708743729
scene-0275_CAM_FRONT_5bea7ebf_33c965ec,G51-B,2,55640,20.5464273397708,0.01646180407265585,0.82280750137893,0.36535077351403883
scene-0275_CAM_FRONT_5bea7ebf_33c965ec,G51-B,3,55937,20.85650840766635,0.015067730877497354,0.827843878864287,0.3673009744438316
scene-0275_CAM_FRONT_5bea7ebf_33c965ec,G51-B,4,56718,20.881861396335466,0.01914779766466257,0.8305689070995194,0.3724292805925459
scene-0275_CAM_FRONT_54847140_1aaff367,G51-B,0,59966,18.235237190315313,0.009759624761335628,0.8309169227536575,0.3951684921072676
scene-0275_CAM_FRONT_54847140_1aaff367,G51-B,1,59490,18.135426128423703,0.012041265292828562,0.8310548157486933,0.39171460089827437
scene-0275_CAM_FRONT_54847140_1aaff367,G51-B,2,59387,17.35808460502693,0.018223610792658107,0.8332085730044914,0.39070995193444175
scene-0275_CAM_FRONT_54847140_1aaff367,G51-B,3,58278,17.579160911602212,0.015211423502160537,0.8245541459827174,0.38395319517768495
scene-0275_CAM_FRONT_54847140_1aaff367,G51-B,4,59041,17.26450394610969,0.013572500602391457,0.8277519502009298,0.3888516796680062
scene-0275_CAM_FRONT_28d072da_e32db3f8,G51-B,0,58850,16.191408610271903,0.015318215836352511,0.8275286948756336,0.3864287027552334
scene-0275_CAM_FRONT_28d072da_e32db3f8,G51-B,1,58147,16.18172929447853,0.0193932531363763,0.8273448375489192,0.38181257058808077
scene-0275_CAM_FRONT_28d072da_e32db3f8,G51-B,2,58021,16.532008256861776,0.017132666016557163,0.8275155622094398,0.38098521261786567
scene-0275_CAM_FRONT_28d072da_e32db3f8,G51-B,3,57722,16.411268655815302,0.01464350993727992,0.827732251201639,0.379021879021879
scene-0275_CAM_FRONT_28d072da_e32db3f8,G51-B,4,58088,16.52074336927637,0.014107605896259923,0.8275221285425367,0.381425156935361
scene-0275_CAM_FRONT_38f030fc_91d55da9,G51-B,0,60063,16.632880704365085,0.01208147597547704,0.8274564652115672,0.39563470175715076
scene-0275_CAM_FRONT_38f030fc_91d55da9,G51-B,1,59778,16.364056536259543,0.013286668470458896,0.8276403225382817,0.3936319701625824
scene-0275_CAM_FRONT_38f030fc_91d55da9,G51-B,2,59079,16.5154527610233,0.015035109517358869,0.8275943582066031,0.3890092716623329
scene-0275_CAM_FRONT_38f030fc_91d55da9,G51-B,3,58871,16.66009364197046,0.01174389745134663,0.8274301998791794,0.3876500407112652
scene-0275_CAM_FRONT_38f030fc_91d55da9,G51-B,4,59018,16.52663500236742,0.015740638605824975,0.827489296877052,0.3885890263441284
scene-0276_CAM_FRONT_3502d36d_f38ef511,G51-B,0,57520,17.941328595632534,0.008834835795680451,0.8270296535602658,0.3776954797362961
scene-0276_CAM_FRONT_3502d36d_f38ef511,G51-B,1,57009,17.60185974417999,0.013521593821637534,0.8271675465553017,0.374340083523757
scene-0276_CAM_FRONT_3502d36d_f38ef511,G51-B,2,56701,17.89421824919872,0.008488971157408542,0.827016520894072,0.3723176529298978
scene-0276_CAM_FRONT_3502d36d_f38ef511,G51-B,3,54536,17.12547245168329,0.007758691528322537,0.8193930081685183,0.3581015417750112
scene-0276_CAM_FRONT_3502d36d_f38ef511,G51-B,4,54462,17.128609975179035,0.007365959185544613,0.8222362303994957,0.3576156331258372
scene-0276_CAM_FRONT_291e7331_333b8e10,G51-B,0,68578,20.535187107922862,0.015960370613601782,0.8265109132456071,0.450739369106716
scene-0276_CAM_FRONT_291e7331_333b8e10,G51-B,1,67872,20.681196361940305,0.022027197161085255,0.8293147374780028,0.4462545636015024
scene-0276_CAM_FRONT_291e7331_333b8e10,G51-B,2,67746,21.654074444227774,0.026916369108786586,0.8435177159666956,0.4448428019856591
scene-0276_CAM_FRONT_291e7331_333b8e10,G51-B,3,68318,23.75017452082184,0.05001753051803215,0.8573004491371838,0.44859874451711185
scene-0276_CAM_FRONT_291e7331_333b8e10,G51-B,4,68598,23.326970745691845,0.05057538640461767,0.8548906048906049,0.45043731778425655
scene-0276_CAM_FRONT_5099c824_c62b6ac8,G51-B,0,87159,25.668670936344732,0.047226751530997646,0.8774853570771938,0.580851259422688
scene-0276_CAM_FRONT_5099c824_c62b6ac8,G51-B,1,86132,24.806689279359425,0.034052125586325976,0.8763099834528406,0.5750531872980853
scene-0276_CAM_FRONT_5099c824_c62b6ac8,G51-B,2,87544,25.781265460092353,0.04749513766735558,0.9003493289207575,0.5811007800803719
scene-0276_CAM_FRONT_5099c824_c62b6ac8,G51-B,3,87458,25.668333490210845,0.026346365646931158,0.9127399994746933,0.5813109027394742
scene-0276_CAM_FRONT_5099c824_c62b6ac8,G51-B,4,84881,26.29447761579819,0.02512609770425067,0.9260630893283954,0.5628201087384761
scene-0276_CAM_FRONT_19eea651_4070ae6b,G51-B,0,82709,28.361731180689485,0.046384751147640735,0.9379678512331574,0.5435741864313293
scene-0276_CAM_FRONT_19eea651_4070ae6b,G51-B,1,81028,29.468532475490193,0.06726490418685604,0.9538912089932499,0.5334423344627426
scene-0276_CAM_FRONT_19eea651_4070ae6b,G51-B,2,91507,27.64437587535014,0.033542873577263155,0.9662293488824101,0.6045557219026607
scene-0276_CAM_FRONT_19eea651_4070ae6b,G51-B,3,92390,28.395836570735952,0.03937204374246739,0.9654545215769705,0.6095133033908544
scene-0276_CAM_FRONT_19eea651_4070ae6b,G51-B,4,91370,28.34569001677853,0.03792160958813162,0.9485659128516272,0.6139455782312925
scene-0276_CAM_FRONT_9075f9ff_6c662b12,G51-B,0,101737,25.846307416334216,0.056029834544467416,0.9442715310062249,0.6990715205000919
scene-0276_CAM_FRONT_9075f9ff_6c662b12,G51-B,1,111348,26.33488707983193,0.054956953898657845,0.9529784886927745,0.7628109158721403
scene-0276_CAM_FRONT_9075f9ff_6c662b12,G51-B,2,109338,25.771548202614387,0.0507863751571469,0.9459590786121398,0.7497110813437344
scene-0276_CAM_FRONT_9075f9ff_6c662b12,G51-B,3,100221,26.19080491239049,0.0498136778761924,0.9504832821159351,0.6843563680298375
scene-0276_CAM_FRONT_9075f9ff_6c662b12,G51-B,4,95570,26.536537170410163,0.04904112403731142,0.9421703044152023,0.638405169017414
scene-0276_CAM_FRONT_7ff6ab92_afb43016,G51-B,0,101858,25.250612311142593,0.04622394396478047,0.9397735928348173,0.6856630683161296
scene-0276_CAM_FRONT_7ff6ab92_afb43016,G51-B,1,107275,26.17005807422718,0.059218972504699874,0.9509626244320122,0.726689517505844
scene-0276_CAM_FRONT_7ff6ab92_afb43016,G51-B,2,113016,26.746216274587987,0.06696119050733751,0.9552701389436083,0.7771714863551599
scene-0276_CAM_FRONT_7ff6ab92_afb43016,G51-B,3,111025,27.79128912350338,0.07704666518529102,0.9591705408031939,0.7598691986447088
scene-0276_CAM_FRONT_7ff6ab92_afb43016,G51-B,4,107807,28.541062772855675,0.0800327426356735,0.9603196490951593,0.7324678906311559
scene-0276_CAM_FRONT_46a4a199_28285c36,G51-B,0,93193,21.95521779747948,0.04601516601343025,0.9616197830483545,0.6193759357024663
scene-0276_CAM_FRONT_46a4a199_28285c36,G51-B,1,97563,21.435618241983594,0.04069257950187355,0.9574895595303758,0.6440456491476899
scene-0276_CAM_FRONT_46a4a199_28285c36,G51-B,2,96044,22.092249162323164,0.05743491313150151,0.9612455020618286,0.6307488246263756
scene-0276_CAM_FRONT_46a4a199_28285c36,G51-B,3,85206,21.991741510826774,0.05502598722789731,0.9521117327239776,0.5595041105245186
scene-0276_CAM_FRONT_46a4a199_28285c36,G51-B,4,86932,21.63410989958033,0.05216515479755546,0.964206918288551,0.5708244687836525
scene-0276_CAM_FRONT_ff6114d5_fef6223e,G51-B,0,94140,26.87482661033163,0.061251871927544554,0.9716203083550022,0.6190870170462007
scene-0276_CAM_FRONT_ff6114d5_fef6223e,G51-B,1,96242,28.663000122729503,0.06170981127207442,0.9693746224358469,0.6331061382081791
scene-0276_CAM_FRONT_ff6114d5_fef6223e,G51-B,2,93655,28.93942081766918,0.054541972995354016,0.966964778189268,0.61569222283508
scene-0276_CAM_FRONT_ff6114d5_fef6223e,G51-B,3,92482,31.198447439567424,0.050090156821194,0.9656712105691697,0.6081803377721745
scene-0276_CAM_FRONT_ff6114d5_fef6223e,G51-B,4,87038,31.240839742668193,0.057179387956176386,0.9636487799753106,0.5718028524150973
scene-0277_CAM_FRONT_7e2fd590_e3dbf6e9,G51-B,0,99363,28.078691542356264,0.07913988987991116,0.944744306989205,0.6789851075565362
scene-0277_CAM_FRONT_7e2fd590_e3dbf6e9,G51-B,1,98414,29.038243503435293,0.08041119510608108,0.9354398129908335,0.6738699340740157
scene-0277_CAM_FRONT_7e2fd590_e3dbf6e9,G51-B,2,99358,30.563958286705464,0.08696685048931929,0.9272844272844273,0.6753670580201192
scene-0277_CAM_FRONT_7e2fd590_e3dbf6e9,G51-B,3,98892,28.997312110124764,0.08118181304066896,0.927317258949912,0.6581369999737346
scene-0277_CAM_FRONT_7e2fd590_e3dbf6e9,G51-B,4,97195,28.870786620174204,0.0664700465416237,0.9263979723163397,0.6410054369238043
scene-0277_CAM_FRONT_2dc6dfa0_6382c18e,G51-B,0,110425,31.02961082559681,0.056120730200505786,0.9401741391537309,0.7398024847004439
scene-0277_CAM_FRONT_2dc6dfa0_6382c18e,G51-B,1,112359,31.404077042748927,0.0689586218916225,0.949307908491582,0.7556930107950516
scene-0277_CAM_FRONT_2dc6dfa0_6382c18e,G51-B,2,111990,31.187213253116344,0.06487061614324197,0.9504832821159351,0.7633821868515746
scene-0277_CAM_FRONT_2dc6dfa0_6382c18e,G51-B,3,108323,32.48272316110779,0.06746850453861963,0.9459131142804612,0.7321658393086965
scene-0277_CAM_FRONT_2dc6dfa0_6382c18e,G51-B,4,103886,30.846013163990126,0.04091453603793038,0.9294578835395162,0.722493630656896
scene-0277_CAM_FRONT_a593f1a2_2a07391a,G51-B,0,94951,25.90891249243341,0.06252566515195834,0.9047816037611957,0.6633441021196124
scene-0277_CAM_FRONT_a593f1a2_2a07391a,G51-B,1,99902,26.87303323041417,0.060208377664596524,0.8870328054001524,0.7185800961311165
scene-0277_CAM_FRONT_a593f1a2_2a07391a,G51-B,2,98362,25.821097263868076,0.03415487488258129,0.883841567515037,0.704830194626113
scene-0277_CAM_FRONT_a593f1a2_2a07391a,G51-B,3,93660,26.97463925071702,0.06483102442139499,0.9015509678774984,0.663271872455546
scene-0277_CAM_FRONT_a593f1a2_2a07391a,G51-B,4,90190,27.238463541666675,0.06521004809690578,0.9091744806030521,0.6217004176187849
scene-0277_CAM_FRONT_21146650_fae2bb46,G51-B,0,88537,23.581996000820343,0.04616756499943486,0.9299240931893993,0.5957240038872692
scene-0277_CAM_FRONT_21146650_fae2bb46,G51-B,1,94724,24.30925770184135,0.04794649862792921,0.9559661702518846,0.6406639876027631
scene-0277_CAM_FRONT_21146650_fae2bb46,G51-B,2,89471,24.916209989381073,0.06606238586474555,0.948349223859428,0.6065781524965198
scene-0277_CAM_FRONT_21146650_fae2bb46,G51-B,3,86118,24.64099727585818,0.05557550119349863,0.9476006618863761,0.586977648202138
scene-0277_CAM_FRONT_21146650_fae2bb46,G51-B,4,82717,24.371427877138405,0.04690196515299583,0.9551585112809603,0.5640480130276049
scene-0277_CAM_FRONT_d5cb5a4a_13af3da0,G51-B,0,90896,26.222697513204228,0.06438464613028616,0.9522955900506921,0.6192577417067213
scene-0277_CAM_FRONT_d5cb5a4a_13af3da0,G51-B,1,94033,26.433386087017354,0.06053874874625764,0.9409424001260736,0.6353583904604313
scene-0277_CAM_FRONT_d5cb5a4a_13af3da0,G51-B,2,97724,27.11852043838863,0.08087081336430679,0.9349604706747564,0.6575460299950096
scene-0277_CAM_FRONT_d5cb5a4a_13af3da0,G51-B,3,102295,26.739859114977307,0.07526507686110673,0.9338967247130513,0.6911065584534972
scene-0277_CAM_FRONT_d5cb5a4a_13af3da0,G51-B,4,99735,26.932793562856467,0.06902486656171414,0.9288078165629186,0.6742310823943477
scene-0277_CAM_FRONT_aae0304d_f1cfa142,G51-B,0,102530,25.082035418890076,0.0555013816647858,0.9197331442229402,0.6998988784703071
scene-0277_CAM_FRONT_aae0304d_f1cfa142,G51-B,1,103315,25.34783277150145,0.06282297580827345,0.9116040238489218,0.7166561605337115
scene-0277_CAM_FRONT_aae0304d_f1cfa142,G51-B,2,102398,24.630159537310973,0.060447994995337595,0.9048210017597773,0.7104641084232921
scene-0277_CAM_FRONT_aae0304d_f1cfa142,G51-B,3,100866,26.16664478291317,0.07754739649269293,0.9214403908281459,0.6926693457305703
scene-0277_CAM_FRONT_aae0304d_f1cfa142,G51-B,4,104925,27.144966605659963,0.06806506962215808,0.94077824179865,0.7052898379428991
scene-0277_CAM_FRONT_37c8d31c_47972c33,G51-B,0,101669,24.71430544537625,0.05817279094152639,0.9428794683896725,0.6817495337903501
scene-0277_CAM_FRONT_37c8d31c_47972c33,G51-B,1,101601,24.807095914273646,0.0587698448865992,0.94329314737478,0.6792280618811231
scene-0277_CAM_FRONT_37c8d31c_47972c33,G51-B,2,104086,25.613194861778844,0.06288258441336314,0.9521182990570746,0.691618732435059
scene-0277_CAM_FRONT_37c8d31c_47972c33,G51-B,3,102903,25.319393906963466,0.056157654759215525,0.945460037296772,0.6854069813253487
scene-0277_CAM_FRONT_37c8d31c_47972c33,G51-B,4,100149,25.33530466928905,0.041095172980116335,0.9424132587397893,0.666738896330733
scene-0277_CAM_FRONT_a5d38151_49409214,G51-B,0,96145,26.887379774780946,0.059465007950722626,0.9406140834712263,0.6351417014682321
scene-0277_CAM_FRONT_a5d38151_49409214,G51-B,1,100420,28.2484952176781,0.05794201639333263,0.9466419772542222,0.6684855409345205
scene-0277_CAM_FRONT_a5d38151_49409214,G51-B,2,101864,27.818748843163867,0.05148922406628342,0.9566490688939668,0.6729309484411525
scene-0277_CAM_FRONT_a5d38151_49409214,G51-B,3,96058,28.350720055483027,0.04140985474518133,0.9602539857641899,0.6348330838126757
scene-0277_CAM_FRONT_a5d38151_49409214,G51-B,4,94799,29.607694917459842,0.04921784980964805,0.9624208756861818,0.6254760591495285
scene-0278_CAM_FRONT_f4b5b6fc_b462e734,G51-B,0,97388,31.747681857389306,0.06285483674924852,0.9619874977017834,0.64632416673233
scene-0278_CAM_FRONT_f4b5b6fc_b462e734,G51-B,1,98251,31.488276537997585,0.07657717737338388,0.9651721692538019,0.6527920048328212
scene-0278_CAM_FRONT_f4b5b6fc_b462e734,G51-B,2,103681,30.80919681280258,0.08545099803999445,0.9645352349433982,0.6974890342237281
scene-0278_CAM_FRONT_f4b5b6fc_b462e734,G51-B,3,98165,28.571642704671014,0.05242172701745673,0.9676214114989625,0.6598245475796496
scene-0278_CAM_FRONT_f4b5b6fc_b462e734,G51-B,4,100878,29.013550129861482,0.053631900846366376,0.9654545215769705,0.6783284742468416
scene-0278_CAM_FRONT_c75fae3b_943884d0,G51-B,0,90995,20.699209112870065,0.04679515151136737,0.9624208756861818,0.5989612061040632
scene-0278_CAM_FRONT_c75fae3b_943884d0,G51-B,1,92446,21.078479026331905,0.045064945351870334,0.958553305492081,0.6094082420613033
scene-0278_CAM_FRONT_c75fae3b_943884d0,G51-B,2,88634,21.34426767464062,0.04399567273318561,0.9563535839046043,0.5822630210385312
scene-0278_CAM_FRONT_c75fae3b_943884d0,G51-B,3,88551,21.70049161243268,0.04728254651714758,0.9548761589577917,0.581566989730255
scene-0278_CAM_FRONT_c75fae3b_943884d0,G51-B,4,86309,21.930018299549545,0.04282130365324388,0.9547054342972711,0.5684211908701705
scene-0278_CAM_FRONT_c1255d99_29b8d47b,G51-B,0,75927,18.603116676616462,0.05601073292138947,0.9532345756835553,0.49955348934940774
scene-0278_CAM_FRONT_c1255d99_29b8d47b,G51-B,1,73713,18.592893145161288,0.0481283567166213,0.9509429254327213,0.48619100149712396
scene-0278_CAM_FRONT_c1255d99_29b8d47b,G51-B,2,72875,19.07988437291944,0.05533031684028478,0.9483032595277493,0.4806949806949807
scene-0278_CAM_FRONT_c1255d99_29b8d47b,G51-B,3,72523,19.03838507683723,0.05447561733366646,0.9484871168544637,0.47901399942216266
scene-0278_CAM_FRONT_c1255d99_29b8d47b,G51-B,4,73446,18.777111583021615,0.05222366265964595,0.9489861581698317,0.48467417855172956
scene-0278_CAM_FRONT_4c687bbe_2e24381c,G51-B,0,74549,22.37933374658003,0.048813944243460305,0.9473248758963044,0.4917920836288183
scene-0278_CAM_FRONT_4c687bbe_2e24381c,G51-B,1,76861,22.58299057463546,0.05972545676062868,0.9489598928374439,0.5070588080792162
scene-0278_CAM_FRONT_4c687bbe_2e24381c,G51-B,2,78455,22.629443864359587,0.05546731475552802,0.9550862816168939,0.5181559110130539
scene-0278_CAM_FRONT_4c687bbe_2e24381c,G51-B,3,77784,23.646482855058366,0.07290129259207423,0.9581002285083918,0.5154177501116277
scene-0278_CAM_FRONT_4c687bbe_2e24381c,G51-B,4,79493,23.032329527903624,0.048930806207128086,0.9604903737556799,0.5264688887137867
scene-0278_CAM_FRONT_2996dec1_42b6df35,G51-B,0,87896,27.40235475972379,0.04643752467968887,0.963707876973183,0.5864195098888977
scene-0278_CAM_FRONT_2996dec1_42b6df35,G51-B,1,78475,27.357830363147272,0.05155514637717307,0.9603853124261288,0.5201980406062039
scene-0278_CAM_FRONT_2996dec1_42b6df35,G51-B,2,76073,27.068704044117645,0.05060807113061294,0.9629330496677435,0.5034867228744779
scene-0278_CAM_FRONT_2996dec1_42b6df35,G51-B,3,75938,27.416960954157783,0.046374026747311836,0.9668728495259108,0.5039332335250702
scene-0278_CAM_FRONT_2996dec1_42b6df35,G51-B,4,75870,27.13299785808436,0.03248541003257732,0.970694455388333,0.5061132561132561
scene-0278_CAM_FRONT_fa5cd3e2_8cfc29cd,G51-B,0,101892,23.539217104665937,0.03614017097777844,0.9694928164315919,0.6809484411525227
scene-0278_CAM_FRONT_fa5cd3e2_8cfc29cd,G51-B,1,104679,23.6759063930206,0.01600043010211838,0.9655661492396186,0.7027092690357997
scene-0278_CAM_FRONT_fa5cd3e2_8cfc29cd,G51-B,2,105179,25.01380313605356,0.04553356244863993,0.9659601292254354,0.6968127019147428
scene-0278_CAM_FRONT_fa5cd3e2_8cfc29cd,G51-B,3,104866,25.866389868322514,0.05244518276506227,0.9656515115698789,0.6944816536653271
scene-0278_CAM_FRONT_fa5cd3e2_8cfc29cd,G51-B,4,105351,25.978826992753625,0.053850072257643156,0.9659929608909201,0.6942190003414493
scene-0278_CAM_FRONT_ef1a273c_6e727bcf,G51-B,0,115018,26.022180442836987,0.05629438358235217,0.9653428939143225,0.7613269245922307
scene-0278_CAM_FRONT_ef1a273c_6e727bcf,G51-B,1,113471,26.417285720737,0.05236935360188877,0.9640033619625457,0.75227851758464
scene-0278_CAM_FRONT_ef1a273c_6e727bcf,G51-B,2,112802,27.022285983306187,0.06034211769241016,0.9662162162162162,0.7416344916344917
scene-0278_CAM_FRONT_ef1a273c_6e727bcf,G51-B,3,112275,25.808108280350293,0.07320249462179884,0.968639193128989,0.7383907230846006
scene-0278_CAM_FRONT_ef1a273c_6e727bcf,G51-B,4,112791,27.809980647935785,0.07728829848092378,0.9767289155044258,0.7406232763375621
scene-0278_CAM_FRONT_096d7f57_6664e576,G51-B,0,124124,24.5964780710907,0.11506851417351394,0.9827239776219368,0.8150395293252436
scene-0278_CAM_FRONT_096d7f57_6664e576,G51-B,1,134579,25.868374255952382,0.14339530023720526,0.9879245134347175,0.884439103826859
scene-0278_CAM_FRONT_096d7f57_6664e576,G51-B,2,131921,27.559661065329635,0.21319856335967957,0.9918183489612061,0.8711685446379324
scene-0278_CAM_FRONT_096d7f57_6664e576,G51-B,3,120634,25.815940877989885,0.15007056919382467,0.958671499487826,0.7986302629159772
scene-0278_CAM_FRONT_096d7f57_6664e576,G51-B,4,109160,25.80209824624194,0.08679361915837758,0.9364904262863446,0.7213576550311244
scene-0329_CAM_FRONT_269601cc_7d47b230,G51-B,0,87218,22.058731247349442,0.02365216919506996,0.7133270296535603,0.5815341580647703
scene-0329_CAM_FRONT_269601cc_7d47b230,G51-B,1,86721,21.79316005542687,0.03146076258005559,0.7138195046358312,0.57689176056523
scene-0329_CAM_FRONT_269601cc_7d47b230,G51-B,2,86416,22.57289490482823,0.027572031951090814,0.7177264728285137,0.5772791742179497
scene-0329_CAM_FRONT_269601cc_7d47b230,G51-B,3,88022,22.183569118601625,0.027514664164312697,0.7209045780474352,0.5907926877314632
scene-0329_CAM_FRONT_269601cc_7d47b230,G51-B,4,87894,22.62078043265039,0.026135121706118536,0.7238659942741575,0.5916397447009691
scene-0329_CAM_FRONT_0d03e6ff_deb3daf1,G51-B,0,73290,16.591346424549553,0.021490478397197865,0.7304979907020723,0.48299319727891155
scene-0329_CAM_FRONT_0d03e6ff_deb3daf1,G51-B,1,72927,16.69492158543366,0.02613205421191722,0.7389291623985501,0.4805767866992357
scene-0329_CAM_FRONT_0d03e6ff_deb3daf1,G51-B,2,71550,16.829764524647892,0.024384217064662872,0.7420087726210175,0.47244766632521734
scene-0329_CAM_FRONT_0d03e6ff_deb3daf1,G51-B,3,74895,17.01027534693455,0.02551431415149752,0.7485291413862842,0.49445801486617813
scene-0329_CAM_FRONT_0d03e6ff_deb3daf1,G51-B,4,76659,16.90474653513418,0.03707372519593877,0.7581356867071153,0.5068880834186956
scene-0329_CAM_FRONT_3a58d50a_a11122da,G51-B,0,56421,11.498986708379425,0.011441309161041247,0.7684054316707378,0.3714771622934888
scene-0329_CAM_FRONT_3a58d50a_a11122da,G51-B,1,56094,11.25478515625,0.018690205516237457,0.773914585139075,0.3688900270532924
scene-0329_CAM_FRONT_3a58d50a_a11122da,G51-B,2,56914,11.217093610359829,0.01441280054003058,0.7693312846374071,0.37514774249468125
scene-0329_CAM_FRONT_3a58d50a_a11122da,G51-B,3,58281,11.320728466988859,0.018948503764926183,0.7590615396737845,0.38414361883749637
scene-0329_CAM_FRONT_3a58d50a_a11122da,G51-B,4,61091,10.875191584371684,0.020264843413493328,0.738581146744412,0.40413810311769494
scene-0329_CAM_FRONT_63e40c4a_1463c5e3,G51-B,0,82835,18.749078017519352,0.021553841147854413,0.7196504084259187,0.562340766422399
scene-0329_CAM_FRONT_63e40c4a_1463c5e3,G51-B,1,75817,19.04010623346561,0.013607782152611936,0.7073122685367583,0.5130538701967273
scene-0329_CAM_FRONT_63e40c4a_1463c5e3,G51-B,2,69708,19.104452054794518,0.017971186233738168,0.6977188558821212,0.47234917132876314
scene-0329_CAM_FRONT_63e40c4a_1463c5e3,G51-B,3,68466,19.477312168857928,0.01922651891240168,0.6948690673180469,0.46756231450109004
scene-0329_CAM_FRONT_63e40c4a_1463c5e3,G51-B,4,68678,20.422890009842522,0.02970143589495322,0.7086846321540199,0.4651853019199958
scene-0329_CAM_FRONT_9f7efc90_305eabe9,G51-B,0,66682,23.7614453125,0.051786493517126164,0.6988023008431171,0.43789562156909095
scene-0329_CAM_FRONT_9f7efc90_305eabe9,G51-B,1,64546,24.861272717198585,0.05659352854814381,0.7005949097785833,0.42429674572531717
scene-0329_CAM_FRONT_9f7efc90_305eabe9,G51-B,2,63770,26.551694153085986,0.06546435446584242,0.7175426155017992,0.4188138575893678
scene-0329_CAM_FRONT_9f7efc90_305eabe9,G51-B,3,62453,26.956783795248867,0.07111487366584068,0.7431775799122738,0.4109408242061303
scene-0329_CAM_FRONT_9f7efc90_305eabe9,G51-B,4,66378,26.383956154942975,0.0783892451187651,0.7645838258083156,0.44080450713103775
scene-0329_CAM_FRONT_2a881484_d2695a82,G51-B,0,71946,21.370594148473728,0.055405052185722115,0.7963123473327555,0.48149607333280803
scene-0329_CAM_FRONT_2a881484_d2695a82,G51-B,1,75160,22.88708215472343,0.08936867651296221,0.8205815144590655,0.5049575814881937
scene-0329_CAM_FRONT_2a881484_d2695a82,G51-B,2,75524,22.998469090202178,0.07634348470910113,0.8043167073779318,0.5041170908517847
scene-0329_CAM_FRONT_2a881484_d2695a82,G51-B,3,77066,22.852169403248592,0.06696068675903222,0.7895949885745804,0.5139994221626875
scene-0329_CAM_FRONT_2a881484_d2695a82,G51-B,4,74380,24.75537069580277,0.05793502064048517,0.7779266146613085,0.49222546161321673
scene-0329_CAM_FRONT_b7efe50e_84c4e982,G51-B,0,76942,26.696402853260874,0.06629754952700617,0.7498358416725763,0.5166719197331442
scene-0329_CAM_FRONT_b7efe50e_84c4e982,G51-B,1,79419,27.488009432603697,0.06737089466811019,0.7232224936306569,0.53495259107504
scene-0329_CAM_FRONT_b7efe50e_84c4e982,G51-B,2,76423,26.974312646331942,0.03781749350272445,0.6808762114884563,0.5174598797047777
scene-0329_CAM_FRONT_b7efe50e_84c4e982,G51-B,3,74826,27.401350897168562,0.049287664452617896,0.6804559661702518,0.5047474588290914
scene-0329_CAM_FRONT_b7efe50e_84c4e982,G51-B,4,73833,27.211783892395765,0.04311126493681927,0.6832926220681322,0.5042221521813358
scene-0330_CAM_FRONT_b98e65c9_7531f8e5,G51-B,0,82232,23.243446663634423,0.0510117483764152,0.6957423896199406,0.5666154492685105
scene-0330_CAM_FRONT_b98e65c9_7531f8e5,G51-B,1,88229,22.868393590328463,0.06276203250932788,0.6916975284322223,0.6127833372731332
scene-0330_CAM_FRONT_b98e65c9_7531f8e5,G51-B,2,94604,23.756248748999205,0.06956051444228217,0.7059267722533029,0.6533567094791585
scene-0330_CAM_FRONT_b98e65c9_7531f8e5,G51-B,3,96008,23.34013550938467,0.05855710926244995,0.7400651380243217,0.6500275785990072
scene-0330_CAM_FRONT_b98e65c9_7531f8e5,G51-B,4,91306,22.229932723911254,0.04497851861382385,0.7304257610380059,0.6112730806608357
scene-0330_CAM_FRONT_0de7fa32_bad735b9,G51-B,0,93587,26.661848404255316,0.04187176571420759,0.7291650250833924,0.6359427941060594
scene-0330_CAM_FRONT_0de7fa32_bad735b9,G51-B,1,87714,26.151541444005574,0.029071688095581694,0.7045281433036535,0.6104785543561054
scene-0330_CAM_FRONT_0de7fa32_bad735b9,G51-B,2,84881,26.468189592189162,0.03157175491959707,0.694258398340031,0.5975888424868017
scene-0330_CAM_FRONT_0de7fa32_bad735b9,G51-B,3,80125,26.966115172030356,0.034179967418345836,0.6651104457226906,0.5749743913009219
scene-0330_CAM_FRONT_0de7fa32_bad735b9,G51-B,4,75559,28.00707913445611,0.026587542567223732,0.6339663278438789,0.5512633624878522
scene-0330_CAM_FRONT_c4a291f3_91b4d539,G51-B,0,76219,30.300854765386575,0.025163069820826944,0.6232960365613427,0.531597194862501
scene-0330_CAM_FRONT_c4a291f3_91b4d539,G51-B,1,74705,30.186331581858408,0.022186247588325436,0.6341501851705933,0.5102894439629133
scene-0330_CAM_FRONT_c4a291f3_91b4d539,G51-B,2,77338,30.53300962223806,0.02459238897293048,0.6497189609434507,0.5242626007932131
scene-0330_CAM_FRONT_c4a291f3_91b4d539,G51-B,3,81862,30.456716229838715,0.03715863225878846,0.6708756861818086,0.5662477346150816
scene-0330_CAM_FRONT_c4a291f3_91b4d539,G51-B,4,86037,31.382651150560932,0.04271062267843373,0.6947114753237202,0.592972710319649
scene-0330_CAM_FRONT_141a69c7_fa9853c0,G51-B,0,86651,26.69612439505859,0.04712746802528445,0.7118824363722323,0.577016520894072
scene-0330_CAM_FRONT_141a69c7_fa9853c0,G51-B,1,93057,28.35330266146858,0.0481876603489364,0.7272804874845691,0.627583852073648
scene-0330_CAM_FRONT_141a69c7_fa9853c0,G51-B,2,93253,28.314129186925985,0.057921283806781076,0.7355081028550416,0.6267893257689177
scene-0330_CAM_FRONT_141a69c7_fa9853c0,G51-B,3,92507,29.01911825440529,0.06186301062979771,0.7342998975652036,0.6230268169043679
scene-0330_CAM_FRONT_141a69c7_fa9853c0,G51-B,4,91142,29.081144788681957,0.04651275269246935,0.7350550258713524,0.6179773067528169
scene-0330_CAM_FRONT_81ddc3fd_e54e8d4a,G51-B,0,84712,25.95238531885759,0.07146553653142251,0.7315289049982927,0.5645798860084574
scene-0330_CAM_FRONT_81ddc3fd_e54e8d4a,G51-B,1,81049,25.53811370704976,0.07054583317187069,0.7230386363039424,0.5375200273159457
scene-0330_CAM_FRONT_81ddc3fd_e54e8d4a,G51-B,2,74451,25.487503175813,0.06385870873373412,0.7044165156410055,0.4913258739789352
scene-0330_CAM_FRONT_81ddc3fd_e54e8d4a,G51-B,3,76575,25.182946843806715,0.073652496503811,0.7110550784020172,0.5047999894938671
scene-0330_CAM_FRONT_81ddc3fd_e54e8d4a,G51-B,4,77574,25.617218158471843,0.07605949887738794,0.7120071967010743,0.513933758831718
scene-0330_CAM_FRONT_3b195d69_d5f7ce1b,G51-B,0,65454,26.16163033693415,0.053683828713864123,0.709518556457332,0.4306923541617419
scene-0330_CAM_FRONT_3b195d69_d5f7ce1b,G51-B,1,64673,26.06285342261904,0.05612416320253821,0.7072466052057889,0.42567567567567566
scene-0330_CAM_FRONT_3b195d69_d5f7ce1b,G51-B,2,63695,26.518367089317778,0.05871128690193439,0.705795445591364,0.4188729545872403
scene-0330_CAM_FRONT_3b195d69_d5f7ce1b,G51-B,3,64439,26.186239631006867,0.05745607333846481,0.7049877866204397,0.4240143934021485
scene-0330_CAM_FRONT_3b195d69_d5f7ce1b,G51-B,4,62916,26.13760086561032,0.056146725944111964,0.6984542851889791,0.4137906127702046
scene-0330_CAM_FRONT_37254007_a3a83aab,G51-B,0,61779,26.916859261569876,0.05963313675663695,0.7004373177842566,0.4058584823890946
scene-0330_CAM_FRONT_37254007_a3a83aab,G51-B,1,61651,26.52144277597402,0.06458068262826089,0.7001287001287001,0.40509022141675205
scene-0330_CAM_FRONT_37254007_a3a83aab,G51-B,2,60954,26.98011909471067,0.06066084489412216,0.7002534604575421,0.4003755942531453
scene-0330_CAM_FRONT_37254007_a3a83aab,G51-B,3,61104,27.18249157891757,0.06957311620564721,0.7004832821159351,0.4013014472198146
scene-0330_CAM_FRONT_37254007_a3a83aab,G51-B,4,61028,26.92669489187996,0.0663303290447681,0.7005883434454863,0.4008089722375437
scene-0331_CAM_FRONT_09361337_72505908,G51-B,0,75012,16.69839938499173,0.02146353645788457,0.7150868069235417,0.49728153809786463
scene-0331_CAM_FRONT_09361337_72505908,G51-B,1,94883,18.959730201264655,0.054087803102293996,0.808151445906548,0.6305780999658551
scene-0331_CAM_FRONT_09361337_72505908,G51-B,2,83450,19.07413509896171,0.05762955423867244,0.8085651248916556,0.5553607543403462
scene-0331_CAM_FRONT_09361337_72505908,G51-B,3,48177,17.813041489065977,0.015666026046753156,0.7206090930580726,0.3210148924434639
scene-0331_CAM_FRONT_09361337_72505908,G51-B,4,47696,18.085005326704543,0.022908197388435525,0.6983623565256218,0.31318782339190504
scene-0331_CAM_FRONT_6c9ad4d2_52801254,G51-B,0,60381,18.508839194045173,0.009457002316928254,0.6996559241457201,0.39717122370183594
scene-0331_CAM_FRONT_6c9ad4d2_52801254,G51-B,1,86735,18.766089961425426,0.03653537039806132,0.7615961442492055,0.5803193864418354
scene-0331_CAM_FRONT_6c9ad4d2_52801254,G51-B,2,76609,19.985886494824843,0.07466654513119497,0.7856354897171224,0.5129947731988548
scene-0331_CAM_FRONT_6c9ad4d2_52801254,G51-B,3,45941,18.315053875526683,0.02533825333005746,0.6979092795419326,0.30166390880676597
scene-0331_CAM_FRONT_6c9ad4d2_52801254,G51-B,4,48607,17.67120050979873,0.01944755906105211,0.697751687547606,0.31916975284322224
scene-0331_CAM_FRONT_c0ab1238_6eff2305,G51-B,0,66481,23.992130400902827,0.020847406707247274,0.6976991568828304,0.43657578861660495
scene-0331_CAM_FRONT_c0ab1238_6eff2305,G51-B,1,71850,26.908377072241034,0.042637790371677475,0.6976006618863761,0.4726906206498043
scene-0331_CAM_FRONT_c0ab1238_6eff2305,G51-B,2,71456,26.8695949172326,0.03843022410861363,0.6939694796837654,0.47027421007012843
scene-0331_CAM_FRONT_c0ab1238_6eff2305,G51-B,3,69512,26.806133479335127,0.0381252581511482,0.6896619651721693,0.45727287053817667
scene-0331_CAM_FRONT_c0ab1238_6eff2305,G51-B,4,65603,25.238158578355907,0.02985520879629311,0.6931092900480655,0.43155254379744173
scene-0331_CAM_FRONT_1d374f78_ddbf483c,G51-B,0,77068,26.763038542412307,0.05239344600441154,0.707121844876947,0.5146757544716728
scene-0331_CAM_FRONT_1d374f78_ddbf483c,G51-B,1,73443,26.598715934544547,0.04553983378914639,0.7070233498804928,0.4880230084311717
scene-0331_CAM_FRONT_1d374f78_ddbf483c,G51-B,2,73870,26.56233373772217,0.0330046314888941,0.7084745094949176,0.4896974233708928
scene-0331_CAM_FRONT_1d374f78_ddbf483c,G51-B,3,76804,27.25066066890019,0.05175790673703862,0.7115672523835789,0.5134806818480288
scene-0331_CAM_FRONT_1d374f78_ddbf483c,G51-B,4,79371,26.53630524601635,0.05465097927945006,0.7342867648990098,0.5296141622672235
scene-0331_CAM_FRONT_c7626771_58976dcd,G51-B,0,94259,19.22539474497363,0.04492330812928369,0.7649449741286476,0.6461665747380033
scene-0331_CAM_FRONT_c7626771_58976dcd,G51-B,1,98462,19.4815671866631,0.045955506535498625,0.7787539726315237,0.6682754182754183
scene-0331_CAM_FRONT_c7626771_58976dcd,G51-B,2,89089,19.849571480901375,0.03491031357005969,0.7340832085730045,0.6019423213300764
scene-0331_CAM_FRONT_c7626771_58976dcd,G51-B,3,77755,20.804732291038025,0.026691885322857267,0.6799306595224962,0.5291413862842435
scene-0331_CAM_FRONT_c7626771_58976dcd,G51-B,4,78119,21.484370108015035,0.04647914905491124,0.6559044467207733,0.5477766396133743
scene-0331_CAM_FRONT_f2758f85_9489e07f,G51-B,0,73662,27.515136231929215,0.06412391385622751,0.6266579991069787,0.5124366348856145
scene-0331_CAM_FRONT_f2758f85_9489e07f,G51-B,1,63258,28.047349007170435,0.049267506939105976,0.6083313634334042,0.44431092900480657
scene-0331_CAM_FRONT_f2758f85_9489e07f,G51-B,2,63345,27.860318961758843,0.04551428388774692,0.6121858009613111,0.45626822157434405
scene-0331_CAM_FRONT_f2758f85_9489e07f,G51-B,3,60185,27.1557675632481,0.05557463190535916,0.6093885430620124,0.43863105087594884
scene-0331_CAM_FRONT_f2758f85_9489e07f,G51-B,4,54695,26.80810342573222,0.053982914311216934,0.6049168702229927,0.37934362934362936
scene-0331_CAM_FRONT_2629f4e9_f7b89f7f,G51-B,0,63834,38.97892146915585,0.04189289588819767,0.6040238489218082,0.419155306910409
scene-0331_CAM_FRONT_2629f4e9_f7b89f7f,G51-B,1,65816,38.548091747974965,0.06650159585198168,0.6159154781603762,0.43223544243952405
scene-0331_CAM_FRONT_2629f4e9_f7b89f7f,G51-B,2,66513,38.03089808558559,0.06674421664652197,0.6289562156909095,0.4374359782523048
scene-0331_CAM_FRONT_2629f4e9_f7b89f7f,G51-B,3,67699,40.195206516472865,0.06249938539097144,0.6306240642975337,0.44513828697502167
scene-0331_CAM_FRONT_2629f4e9_f7b89f7f,G51-B,4,68456,40.378733011444915,0.06653924010752665,0.6328828828828829,0.4503125574554146
scene-0332_CAM_FRONT_097c7295_8398a7b0,G51-B,0,70762,21.588865578665562,0.035139083636229085,0.7689110393192026,0.46464686260604626
scene-0332_CAM_FRONT_097c7295_8398a7b0,G51-B,1,69477,20.916231729358763,0.036828703690949816,0.7676043390329105,0.4563076195729257
scene-0332_CAM_FRONT_097c7295_8398a7b0,G51-B,2,69252,20.80574228843669,0.033986526551157414,0.7681033803482783,0.4550468836183122
scene-0332_CAM_FRONT_097c7295_8398a7b0,G51-B,3,68586,20.94294649308423,0.03273388326591231,0.7654768471095001,0.45110051742704804
scene-0332_CAM_FRONT_097c7295_8398a7b0,G51-B,4,68764,21.030966449873098,0.036459245535163776,0.7650631681243926,0.45166522207338533
scene-0332_CAM_FRONT_d11353f2_e301e136,G51-B,0,69965,21.31642131266067,0.0354451292177691,0.7656869697686024,0.46075959341265466
scene-0332_CAM_FRONT_d11353f2_e301e136,G51-B,1,70219,21.628386079304487,0.03248747435779631,0.7652207601187193,0.46108134373440496
scene-0332_CAM_FRONT_d11353f2_e301e136,G51-B,2,70455,21.640553854076316,0.03390219490260016,0.7649646731279385,0.46284768733748327
scene-0332_CAM_FRONT_d11353f2_e301e136,G51-B,3,70717,21.95327781529433,0.03388908194683671,0.7645247288104431,0.46457463294197987
scene-0332_CAM_FRONT_d11353f2_e301e136,G51-B,4,70157,22.22466835634168,0.03258149181563308,0.7643080398182439,0.46080555774433324
scene-0332_CAM_FRONT_fc992f09_ea5943fa,G51-B,0,70867,25.119240911721384,0.0410130125930368,0.7640322538281722,0.46538229191290414
scene-0332_CAM_FRONT_fc992f09_ea5943fa,G51-B,1,71037,25.187474656682525,0.041237764978451,0.7632377275234418,0.46646573687390014
scene-0332_CAM_FRONT_fc992f09_ea5943fa,G51-B,2,70339,25.068058478436352,0.03299339285460068,0.7567698894229506,0.4618693037060384
scene-0332_CAM_FRONT_fc992f09_ea5943fa,G51-B,3,70269,25.37465866101875,0.047579645625660305,0.7563168124392614,0.4614490583878339
scene-0332_CAM_FRONT_fc992f09_ea5943fa,G51-B,4,68525,25.355662897614316,0.04599353053544819,0.7582341817035695,0.44995797546817956
scene-0332_CAM_FRONT_ad8a760f_ae16009c,G51-B,0,74776,30.215763595564944,0.04225993864844613,0.7623250072229664,0.4972684054316707
scene-0332_CAM_FRONT_ad8a760f_ae16009c,G51-B,1,76550,29.354435599541013,0.04140136442819431,0.7657329341002811,0.5105586636198881
scene-0332_CAM_FRONT_ad8a760f_ae16009c,G51-B,2,77779,29.734420687134506,0.03848656149745944,0.7692327896409529,0.5207430462532503
scene-0332_CAM_FRONT_ad8a760f_ae16009c,G51-B,3,76975,29.63204470383016,0.03454458485588496,0.7674533133716808,0.5186286869960339
scene-0332_CAM_FRONT_ad8a760f_ae16009c,G51-B,4,78210,29.020391902096662,0.02673546357966261,0.7659496230924803,0.5325230478291703
scene-0332_CAM_FRONT_e0760028_8fa01e4b,G51-B,0,87012,30.625565178074563,0.03984756737208328,0.7634215848501563,0.6021984083208572
scene-0332_CAM_FRONT_e0760028_8fa01e4b,G51-B,1,88197,30.491229118184837,0.05401818714946893,0.7510571796286082,0.6058755548551467
scene-0332_CAM_FRONT_e0760028_8fa01e4b,G51-B,2,87516,31.48005561125966,0.04790878078234995,0.7518714049326294,0.6061841725107031
scene-0332_CAM_FRONT_e0760028_8fa01e4b,G51-B,3,90950,31.26008352239462,0.045799949436918785,0.7550954744832296,0.6321080555774433
scene-0332_CAM_FRONT_e0760028_8fa01e4b,G51-B,4,87296,31.17053041543026,0.05424038010180032,0.7587069576865495,0.5934914506343077
scene-0332_CAM_FRONT_5efe5833_26f23947,G51-B,0,95247,30.686565020161293,0.03308375771367533,0.7587529220182282,0.6533435768129646
scene-0332_CAM_FRONT_5efe5833_26f23947,G51-B,1,95894,31.298026137594793,0.03924978497829934,0.7565728994300422,0.6474601423581016
scene-0332_CAM_FRONT_5efe5833_26f23947,G51-B,2,97950,30.299961998578652,0.024833091566051957,0.7639797231633967,0.667710713629081
scene-0332_CAM_FRONT_5efe5833_26f23947,G51-B,3,94302,31.455894435630107,0.02868146581858566,0.7611233682662254,0.6433036535077351
scene-0332_CAM_FRONT_5efe5833_26f23947,G51-B,4,93288,31.870262413251815,0.02152141914061456,0.7782680639823497,0.6404079006119823
scene-0332_CAM_FRONT_2152a131_4f77a18f,G51-B,0,99104,31.05762795840992,0.03430557251279942,0.7857077193811888,0.6758267013369054
scene-0332_CAM_FRONT_2152a131_4f77a18f,G51-B,1,99925,32.33995260053831,0.04287244313479066,0.7946116670606467,0.6856433693168387
scene-0332_CAM_FRONT_2152a131_4f77a18f,G51-B,2,100954,33.33372913707385,0.03947098871053756,0.7923725474745883,0.6956898589551651
scene-0332_CAM_FRONT_2152a131_4f77a18f,G51-B,3,92786,32.543382122730115,0.02085034127687546,0.7853794027263415,0.6214114989625193
scene-0332_CAM_FRONT_2152a131_4f77a18f,G51-B,4,93244,33.347709372166804,0.017324076103661934,0.7759698473984188,0.6230399495705619
scene-0332_CAM_FRONT_6fd0afc6_7876ea81,G51-B,0,89361,33.87543822533849,0.033677267142445455,0.7625745278806503,0.5882186851574607
scene-0332_CAM_FRONT_6fd0afc6_7876ea81,G51-B,1,98020,33.3433617714724,0.05132201544680459,0.7629225435347884,0.6580844693089591
scene-0332_CAM_FRONT_6fd0afc6_7876ea81,G51-B,2,89471,33.299144686544345,0.060739570633826734,0.7609657762718988,0.6002613400572584
scene-0332_CAM_FRONT_6fd0afc6_7876ea81,G51-B,3,83567,34.141819473140494,0.0682281770014459,0.7548459538255456,0.5551834633467286
scene-0332_CAM_FRONT_6fd0afc6_7876ea81,G51-B,4,84336,33.067472971331384,0.034184428076373674,0.7657001024347964,0.5634964410474614
scene-0344_CAM_FRONT_418cbb70_66acf00f,G51-B,0,55144,28.117786944724884,0.041059972019032775,0.9452367819714759,0.3620938722979539
scene-0344_CAM_FRONT_418cbb70_66acf00f,G51-B,1,53494,28.635548818407965,0.0496970297563335,0.9452433483045728,0.3512594226879941
scene-0344_CAM_FRONT_418cbb70_66acf00f,G51-B,2,53022,28.987293936353222,0.052410178374600935,0.9452039503059911,0.34816011346623593
scene-0344_CAM_FRONT_418cbb70_66acf00f,G51-B,3,52995,28.631899605065204,0.04659981986088235,0.9451842513067003,0.3479828224726184
scene-0344_CAM_FRONT_418cbb70_66acf00f,G51-B,4,52670,29.16792059899846,0.04297426993298492,0.9452433483045728,0.34584876421611116
scene-0344_CAM_FRONT_a893b19c_b416110f,G51-B,0,54906,32.22189350328948,0.04833112333191858,0.9452039503059911,0.36053108502088094
scene-0344_CAM_FRONT_a893b19c_b416110f,G51-B,1,54880,32.87115705044432,0.05739731071267107,0.9452367819714759,0.36036036036036034
scene-0344_CAM_FRONT_a893b19c_b416110f,G51-B,2,54499,33.563138924139885,0.054212070727310824,0.9452367819714759,0.3578585874504242
scene-0344_CAM_FRONT_a893b19c_b416110f,G51-B,3,54444,33.234570102712134,0.046873322971107356,0.9452564809707666,0.3574974391300922
scene-0344_CAM_FRONT_a893b19c_b416110f,G51-B,4,54476,32.474713339793276,0.05199330325668661,0.945230215638379,0.35770756178919444
scene-0344_CAM_FRONT_88918bab_78045715,G51-B,0,55260,33.1110032851726,0.05479994831473789,0.9452564809707666,0.3628555669371996
scene-0344_CAM_FRONT_88918bab_78045715,G51-B,1,54962,33.53927207204093,0.05678572656296321,0.9452564809707666,0.3608987996743099
scene-0344_CAM_FRONT_88918bab_78045715,G51-B,2,54817,34.0116662289916,0.05531275690347481,0.9452367819714759,0.3599466813752528
scene-0344_CAM_FRONT_88918bab_78045715,G51-B,3,54749,33.276009063641105,0.05320312115839254,0.9452433483045728,0.3595001707246605
scene-0344_CAM_FRONT_88918bab_78045715,G51-B,4,54770,33.02710202158086,0.05389776954325676,0.9452696136369606,0.35963806371969637
scene-0344_CAM_FRONT_60321e79_76919271,G51-B,0,54639,31.06347038172467,0.0492327653989979,0.9452696136369606,0.35877787408399653
scene-0344_CAM_FRONT_60321e79_76919271,G51-B,1,54321,30.30116806402439,0.048971662653272574,0.9452630473038637,0.3566897801591679
scene-0344_CAM_FRONT_60321e79_76919271,G51-B,2,54208,30.056001005116954,0.045450515285033966,0.9452761799700575,0.3559477845192131
scene-0344_CAM_FRONT_60321e79_76919271,G51-B,3,54069,30.302177500650355,0.044367468986497904,0.9452499146376697,0.3550350642187377
scene-0344_CAM_FRONT_60321e79_76919271,G51-B,4,54180,30.211808989319618,0.05101275320968135,0.9452630473038637,0.3557639271924986
scene-0344_CAM_FRONT_a1914259_4e39dbe3,G51-B,0,55070,30.730039360687012,0.04767113877547935,0.945230215638379,0.36160796364877995
scene-0344_CAM_FRONT_a1914259_4e39dbe3,G51-B,1,54801,30.479745732241128,0.046891101726472595,0.9452367819714759,0.3598416200457017
scene-0344_CAM_FRONT_a1914259_4e39dbe3,G51-B,2,54617,30.66723422346445,0.04942868252083965,0.9452039503059911,0.35863341475586374
scene-0344_CAM_FRONT_a1914259_4e39dbe3,G51-B,3,54421,30.64685946593113,0.047275959970213055,0.9452696136369606,0.3573464134688624
scene-0344_CAM_FRONT_a1914259_4e39dbe3,G51-B,4,54519,30.80230343980345,0.052248873612814606,0.9452433483045728,0.3579899141123631
scene-0344_CAM_FRONT_18e40c60_62fda3b4,G51-B,0,55154,30.34160299511002,0.04955085289189132,0.9452433483045728,0.3621595356289234
scene-0344_CAM_FRONT_18e40c60_62fda3b4,G51-B,1,54967,30.26093230650523,0.04980612684263397,0.9452630473038637,0.3609316313397946
scene-0344_CAM_FRONT_18e40c60_62fda3b4,G51-B,2,54709,30.407316241755453,0.04989047986112061,0.9452761799700575,0.3592375174007827
scene-0344_CAM_FRONT_18e40c60_62fda3b4,G51-B,3,54478,30.148474604221633,0.04761618642255594,0.9452696136369606,0.35772069445538834
scene-0344_CAM_FRONT_18e40c60_62fda3b4,G51-B,4,54485,29.940164378612707,0.05042282523969943,0.9452433483045728,0.3577666587870669
scene-0344_CAM_FRONT_a684d7f8_1e0daf97,G51-B,0,55215,31.35603102933188,0.05065647782464966,0.9452499146376697,0.36256008194783707
scene-0344_CAM_FRONT_a684d7f8_1e0daf97,G51-B,1,54857,30.55910729606653,0.05098763424860353,0.9452564809707666,0.36020933469913063
scene-0344_CAM_FRONT_a684d7f8_1e0daf97,G51-B,2,54566,30.752660483008544,0.04618377088288672,0.9452630473038637,0.35829853176791954
scene-0344_CAM_FRONT_a684d7f8_1e0daf97,G51-B,3,54448,31.493000336927217,0.05254199590879338,0.9452630473038637,0.35752370446248
scene-0344_CAM_FRONT_a684d7f8_1e0daf97,G51-B,4,54505,30.64073784722223,0.05194223429130851,0.9452564809707666,0.35789798544900586
scene-0344_CAM_FRONT_fe3e9f5a_72faff2c,G51-B,0,53802,28.79547270853251,0.046668719620452936,0.945230215638379,0.3532818532818533
scene-0344_CAM_FRONT_fe3e9f5a_72faff2c,G51-B,1,53630,28.069985029940113,0.04623311236496819,0.9452367819714759,0.35215244398917867
scene-0344_CAM_FRONT_fe3e9f5a_72faff2c,G51-B,2,55413,27.013469176011437,0.04427321286317598,0.945217082972185,0.36386021590103224
scene-0344_CAM_FRONT_fe3e9f5a_72faff2c,G51-B,3,55694,27.024494680851063,0.05032435615696129,0.9452499146376697,0.3659154781603761
scene-0344_CAM_FRONT_fe3e9f5a_72faff2c,G51-B,4,56871,27.294780611242132,0.03621502117967301,0.9452630473038637,0.3734733275549602
scene-0345_CAM_FRONT_c525629d_14ab15e6,G51-B,0,55218,31.35672545241287,0.0504560875905149,0.945230215638379,0.3625797809471279
scene-0345_CAM_FRONT_c525629d_14ab15e6,G51-B,1,54749,31.71636008341825,0.04939126435189056,0.9452433483045728,0.3595001707246605
scene-0345_CAM_FRONT_c525629d_14ab15e6,G51-B,2,54558,31.728347646310418,0.04955259294705883,0.9452499146376697,0.358246001103144
scene-0345_CAM_FRONT_c525629d_14ab15e6,G51-B,3,54501,31.47169226957383,0.0505146791615001,0.9452630473038637,0.35787172011661805
scene-0345_CAM_FRONT_c525629d_14ab15e6,G51-B,4,54477,31.753864482561106,0.05136524286054778,0.9452433483045728,0.35771412812229136
scene-0345_CAM_FRONT_686d05b4_c81a1a2b,G51-B,0,56153,32.00836804695243,0.04008822246386723,0.9452236493052819,0.3687193023927718
scene-0345_CAM_FRONT_686d05b4_c81a1a2b,G51-B,1,55498,32.22372703797624,0.04135049594469997,0.9449478633152103,0.3644183542142726
scene-0345_CAM_FRONT_686d05b4_c81a1a2b,G51-B,2,54554,31.957150700777905,0.04762013460007619,0.9439169490189898,0.35821973577075616
scene-0345_CAM_FRONT_686d05b4_c81a1a2b,G51-B,3,53698,31.84256779310784,0.0415136913504317,0.9436280303627242,0.352598954639771
scene-0345_CAM_FRONT_686d05b4_c81a1a2b,G51-B,4,52715,31.1105725508028,0.03586786148796106,0.9436477293620151,0.3461442492054737
scene-0345_CAM_FRONT_f2b4bd49_ece036de,G51-B,0,61454,31.23615373883928,0.04371810769237272,0.94509888897644,0.40464371076615974
scene-0345_CAM_FRONT_f2b4bd49_ece036de,G51-B,1,64816,30.86454587915962,0.051231888670922654,0.9473314422294015,0.42735009061539675
scene-0345_CAM_FRONT_f2b4bd49_ece036de,G51-B,2,66534,29.948065532901417,0.04212120856388446,0.9468061355816458,0.43870328054001523
scene-0345_CAM_FRONT_f2b4bd49_ece036de,G51-B,3,65400,29.696115860849055,0.03636729477367462,0.9447246079899141,0.43178236545583487
scene-0345_CAM_FRONT_f2b4bd49_ece036de,G51-B,4,68610,28.993363287427517,0.03500687240947631,0.9446852099913324,0.4524860137105035
scene-0345_CAM_FRONT_a29623dd_ad830c77,G51-B,0,96540,27.65221523527161,0.07893245644570257,0.9441205053449951,0.6358377327765082
scene-0345_CAM_FRONT_a29623dd_ad830c77,G51-B,1,104607,27.58095973182427,0.077734192252231,0.9423804270743046,0.6898983531636593
scene-0345_CAM_FRONT_a29623dd_ad830c77,G51-B,2,108140,26.087309412802423,0.04238099093854153,0.9513172064192472,0.7141543876237754
scene-0345_CAM_FRONT_a29623dd_ad830c77,G51-B,3,120331,28.923008330265088,0.06703157988040953,0.996762797783206,0.7960956583405563
scene-0345_CAM_FRONT_a29623dd_ad830c77,G51-B,4,126486,30.132416625839877,0.06833937388608313,1.0,0.8305492081002285
scene-0345_CAM_FRONT_7a80523f_1e4c2634,G51-B,0,121188,23.16750562142273,0.06197784258776129,1.0,0.797684710950017
scene-0345_CAM_FRONT_7a80523f_1e4c2634,G51-B,1,125968,21.813124701812978,0.05565704698370899,0.9781144117878812,0.8304572794368713
scene-0345_CAM_FRONT_7a80523f_1e4c2634,G51-B,2,116457,21.231084873412136,0.03649254872934682,0.9305150631681244,0.7668623433929557
scene-0345_CAM_FRONT_7a80523f_1e4c2634,G51-B,3,109273,21.058343349358974,0.037715766284378116,0.9048735324245528,0.7198933627505056
scene-0345_CAM_FRONT_7a80523f_1e4c2634,G51-B,4,100268,21.61909570892062,0.03683340217326925,0.894767945788354,0.6616302891813096
scene-0345_CAM_FRONT_6f86c824_dbdccd9c,G51-B,0,97400,25.549508808464406,0.03884662475886125,0.8949715021143593,0.6406902529351509
scene-0345_CAM_FRONT_6f86c824_dbdccd9c,G51-B,1,103159,25.07490871263587,0.03496454668221105,0.8964554933942689,0.6782037139179996
scene-0345_CAM_FRONT_6f86c824_dbdccd9c,G51-B,2,101196,25.452248652429038,0.025398140365511912,0.901137288892391,0.6645260420770625
scene-0345_CAM_FRONT_6f86c824_dbdccd9c,G51-B,3,96686,26.472641416139247,0.04861745439309595,0.9117878811756363,0.6349578441415176
scene-0345_CAM_FRONT_6f86c824_dbdccd9c,G51-B,4,96012,25.869611709578447,0.04370381782597721,0.9159378036929058,0.6322984792372548
scene-0345_CAM_FRONT_c9efa9b7_39c9dbd0,G51-B,0,117886,26.82765605254844,0.04678622714439462,0.9255509153468338,0.8017230058046385
scene-0345_CAM_FRONT_c9efa9b7_39c9dbd0,G51-B,1,124629,27.671425288865557,0.06242891758495617,0.9487300711790507,0.8576550311244189
scene-0345_CAM_FRONT_c9efa9b7_39c9dbd0,G51-B,2,128500,27.752225581239973,0.05942313147544831,0.9659272975599507,0.8752396711580385
scene-0345_CAM_FRONT_c9efa9b7_39c9dbd0,G51-B,3,131033,26.792673829570685,0.046794041511575735,0.9650605415911538,0.8959104877472225
scene-0345_CAM_FRONT_c9efa9b7_39c9dbd0,G51-B,4,128797,27.0790917522831,0.08263581752600402,0.9564783442334462,0.8896330733065427
scene-0346_CAM_FRONT_c35efe5e_3f065eea,G51-B,0,61233,18.609161332140236,0.022717100443867544,0.9084390512961942,0.4053069104089512
scene-0346_CAM_FRONT_c35efe5e_3f065eea,G51-B,1,60866,18.338615348747183,0.018823567903230032,0.9084127859638064,0.40302182649121426
scene-0346_CAM_FRONT_c35efe5e_3f065eea,G51-B,2,60499,18.559467867396027,0.021710968790610075,0.9084784492947758,0.40050692091508416
scene-0346_CAM_FRONT_c35efe5e_3f065eea,G51-B,3,60333,18.362156249999998,0.02047813900505835,0.9084915819609697,0.39960076694770574
scene-0346_CAM_FRONT_c35efe5e_3f065eea,G51-B,4,60209,18.440296652788177,0.01976818049383633,0.9084259186300002,0.39849105665432194
scene-0346_CAM_FRONT_89bc1e54_86b84392,G51-B,0,61386,19.023824605855857,0.029321205184530852,0.9084259186300002,0.4063640900375594
scene-0346_CAM_FRONT_89bc1e54_86b84392,G51-B,1,60368,18.93200159859736,0.023954164896743402,0.9083077246342552,0.39968612927796604
scene-0346_CAM_FRONT_89bc1e54_86b84392,G51-B,2,60331,18.903884726699875,0.025451266895069047,0.9082354949701889,0.3992330522942768
scene-0346_CAM_FRONT_89bc1e54_86b84392,G51-B,3,60139,18.965449635575453,0.02721690342553096,0.9083077246342552,0.3979460510072755
scene-0346_CAM_FRONT_89bc1e54_86b84392,G51-B,4,59753,19.042557646224573,0.02695802372357914,0.9081829643054132,0.39537204843327295
scene-0346_CAM_FRONT_bcba1b4a_d28733ec,G51-B,0,60964,19.665276604729733,0.032607812935660174,0.9081107346413468,0.4035799648044546
scene-0346_CAM_FRONT_bcba1b4a_d28733ec,G51-B,1,59770,19.268762831837282,0.030055566702531955,0.9083996532976125,0.3955624720930843
scene-0346_CAM_FRONT_bcba1b4a_d28733ec,G51-B,2,59961,19.405118090837423,0.02342097805015264,0.9083471226328369,0.39677067738292227
scene-0346_CAM_FRONT_bcba1b4a_d28733ec,G51-B,3,59654,19.269523511786847,0.027600829993364773,0.90834055629974,0.3946628844588028
scene-0346_CAM_FRONT_bcba1b4a_d28733ec,G51-B,4,60041,19.336705326460482,0.025551647643765385,0.9084062196307094,0.3972106217004176
scene-0346_CAM_FRONT_6c6c2124_eb0fe3d4,G51-B,0,60839,19.17338124771564,0.025392169809547394,0.9085900769574239,0.4031137551545715
scene-0346_CAM_FRONT_6c6c2124_eb0fe3d4,G51-B,1,60478,19.610411352040817,0.025338745905343574,0.9084062196307094,0.4009009009009009
scene-0346_CAM_FRONT_6c6c2124_eb0fe3d4,G51-B,2,59887,19.15120791707277,0.02687679271662713,0.9084456176292911,0.39695453470963676
scene-0346_CAM_FRONT_6c6c2124_eb0fe3d4,G51-B,3,59758,19.202626689189188,0.021368027851476956,0.9072242796732592,0.3963372993985239
scene-0346_CAM_FRONT_6c6c2124_eb0fe3d4,G51-B,4,57212,19.078184267241372,0.02282774407673127,0.9020434428597693,0.37998712998712997
scene-0346_CAM_FRONT_b7846996_02e898c7,G51-B,0,67355,25.153872188879685,0.04486915617415166,0.9006316812439261,0.4455060016284506
scene-0346_CAM_FRONT_b7846996_02e898c7,G51-B,1,68641,24.916891337672112,0.036515276752140835,0.9021944685209992,0.45219052872114096
scene-0346_CAM_FRONT_b7846996_02e898c7,G51-B,2,65776,24.345730720172682,0.04493278431929748,0.9088395976151078,0.43191369211777375
scene-0346_CAM_FRONT_b7846996_02e898c7,G51-B,3,65467,26.591739041349417,0.08539215158761237,0.9187678932576891,0.42990439419010845
scene-0346_CAM_FRONT_b7846996_02e898c7,G51-B,4,66400,25.57221182439483,0.08662469105706472,0.9403514301473486,0.43601108397026767
scene-0346_CAM_FRONT_d4cc2c00_64d019bf,G51-B,0,84166,25.375620649058142,0.1092698866749442,0.9457686549523284,0.5588015128831455
scene-0346_CAM_FRONT_d4cc2c00_64d019bf,G51-B,1,88138,25.951081256169797,0.10426206855505749,0.94941953615423,0.5878575368371287
scene-0346_CAM_FRONT_d4cc2c00_64d019bf,G51-B,2,81496,25.363652869787142,0.08927177141057907,0.9473314422294015,0.5451369737084023
scene-0346_CAM_FRONT_d4cc2c00_64d019bf,G51-B,3,80627,25.658871120876732,0.09935627442664074,0.9428532030572847,0.5424841751372363
scene-0346_CAM_FRONT_d4cc2c00_64d019bf,G51-B,4,80833,25.448735234582962,0.10278136442343966,0.9428860347227694,0.5405142752081528
scene-0346_CAM_FRONT_a4a9d612_5e63770f,G51-B,0,77708,25.215273100754317,0.06366473076082557,0.947751687547606,0.5142620754865653
scene-0346_CAM_FRONT_a4a9d612_5e63770f,G51-B,1,76810,24.826970626787418,0.05805137973569585,0.9483886218580097,0.5086675596879678
scene-0346_CAM_FRONT_a4a9d612_5e63770f,G51-B,2,78868,25.908261973228825,0.06663240920211488,0.9434244740367189,0.5210516639088068
scene-0346_CAM_FRONT_a4a9d612_5e63770f,G51-B,3,78318,24.668548161165454,0.06708393481133124,0.9409555327922675,0.5187731463241667
scene-0346_CAM_FRONT_a4a9d612_5e63770f,G51-B,4,76677,24.736513589810922,0.050868995721705446,0.9406666141360019,0.5079452630473039
scene-0346_CAM_FRONT_e6c01889_06ff524a,G51-B,0,88125,26.665151554674456,0.08240591368247152,0.9394781078454548,0.604266803246395
scene-0346_CAM_FRONT_e6c01889_06ff524a,G51-B,1,92664,26.456937739950316,0.08419232913168662,0.9383158668872955,0.6457397630867019
scene-0346_CAM_FRONT_e6c01889_06ff524a,G51-B,2,86871,26.5366472791798,0.08563244446268303,0.9392351535208678,0.6038071599296089
scene-0346_CAM_FRONT_e6c01889_06ff524a,G51-B,3,77765,25.867660737597916,0.105085751715575,0.9273894886139784,0.5317613531899246
scene-0346_CAM_FRONT_e6c01889_06ff524a,G51-B,4,76845,27.58477311854402,0.12887865376404273,0.9393993118482914,0.5242166364615344
scene-0519_CAM_FRONT_4e26b427_72322fb3,G51-B,0,84913,54.39591521280674,0.03511253479641141,0.8376277151787356,0.5745935439812991
scene-0519_CAM_FRONT_4e26b427_72322fb3,G51-B,1,86848,53.5341551272455,0.0315284819656676,0.8279620728600321,0.5810154177501117
scene-0519_CAM_FRONT_4e26b427_72322fb3,G51-B,2,92947,55.888794757033274,0.04176566913939439,0.862803036272424,0.6117458566438159
scene-0519_CAM_FRONT_4e26b427_72322fb3,G51-B,3,96684,57.645723998091604,0.05473515736074974,0.8552780185433246,0.636231712762325
scene-0519_CAM_FRONT_4e26b427_72322fb3,G51-B,4,91746,58.83293849069606,0.0645045753392206,0.8600057783731253,0.6053765135397788
scene-0519_CAM_FRONT_2dece2e8_af034ddd,G51-B,0,88193,52.46186825750469,0.06503287607889963,0.8633808735849552,0.5793869671420692
scene-0519_CAM_FRONT_2dece2e8_af034ddd,G51-B,1,85082,52.03291005790535,0.06932043383212672,0.8579636487799753,0.5586767525543036
scene-0519_CAM_FRONT_2dece2e8_af034ddd,G51-B,2,83627,53.033057369402975,0.07177683953072567,0.8470569695059491,0.549739973209361
scene-0519_CAM_FRONT_2dece2e8_af034ddd,G51-B,3,82426,52.43340218550106,0.07119189294895878,0.8549562682215743,0.5412497045150106
scene-0519_CAM_FRONT_2dece2e8_af034ddd,G51-B,4,87198,50.13069097222222,0.05226348528806213,0.8621464029627295,0.5725711133874399
scene-0519_CAM_FRONT_006cbdb2_8f1dfb1a,G51-B,0,95317,50.86807273626916,0.05424607107511781,0.8587975730832874,0.6269994484280199
scene-0519_CAM_FRONT_006cbdb2_8f1dfb1a,G51-B,1,92412,50.285737261966055,0.06583589861905748,0.8608594016757282,0.6069589998161427
scene-0519_CAM_FRONT_006cbdb2_8f1dfb1a,G51-B,2,92417,50.694729372751816,0.05315817461792527,0.8573267144695716,0.6070180968140152
scene-0519_CAM_FRONT_006cbdb2_8f1dfb1a,G51-B,3,92424,50.28150826446282,0.033528444438763794,0.8635975625771544,0.606919601817561
scene-0519_CAM_FRONT_006cbdb2_8f1dfb1a,G51-B,4,91083,50.20229412295477,0.05820202227816473,0.8612008509967694,0.598146980800042
scene-0519_CAM_FRONT_19714a36_78858e71,G51-B,0,92339,40.438518871573834,0.053603830402802366,0.8576944291230005,0.6075959341265463
scene-0519_CAM_FRONT_19714a36_78858e71,G51-B,1,93792,40.67825186965812,0.0680051778398314,0.8564665248338718,0.6189753893835527
scene-0519_CAM_FRONT_19714a36_78858e71,G51-B,2,93546,40.55252470128676,0.06136728325409879,0.8602684316970032,0.6146613085388596
scene-0519_CAM_FRONT_19714a36_78858e71,G51-B,3,93156,40.441974614395875,0.06732603785369395,0.8598481863787987,0.613045990597011
scene-0519_CAM_FRONT_19714a36_78858e71,G51-B,4,91939,40.993693916944906,0.06732494453688442,0.8623499592887348,0.6067751424894282
scene-0519_CAM_FRONT_996f330c_a4747e22,G51-B,0,95238,40.65697594026548,0.04795571446830005,0.8632429805899193,0.6393507209833741
scene-0519_CAM_FRONT_996f330c_a4747e22,G51-B,1,94000,41.41952568950178,0.03595043654699559,0.865685656501983,0.6316418459275602
scene-0519_CAM_FRONT_996f330c_a4747e22,G51-B,2,98776,41.718083587204866,0.05072558747419653,0.8679182097549445,0.6665878706695033
scene-0519_CAM_FRONT_996f330c_a4747e22,G51-B,3,100830,40.317221940255216,0.04000380620760602,0.8764084784492948,0.6814474824678907
scene-0519_CAM_FRONT_996f330c_a4747e22,G51-B,4,107769,40.54326823990107,0.04303806920685238,0.8896724713051244,0.7331573556063352
scene-0519_CAM_FRONT_df174fd9_60808987,G51-B,0,103336,35.92102109002384,0.046048779522568584,0.9066070443621465,0.7044099493079085
scene-0519_CAM_FRONT_df174fd9_60808987,G51-B,1,115145,36.859745177120935,0.05940021751108171,0.9417631917631918,0.7883342526199669
scene-0519_CAM_FRONT_df174fd9_60808987,G51-B,2,123030,38.039929552023125,0.11811632650172577,0.9760460168623434,0.8090707325401203
scene-0519_CAM_FRONT_df174fd9_60808987,G51-B,3,119424,38.53040121743635,0.12499644132688204,0.9688099177895096,0.7881241299608647
scene-0519_CAM_FRONT_df174fd9_60808987,G51-B,4,118199,38.459576365268326,0.12878318154043678,0.954712000630368,0.7834751661282273
scene-0519_CAM_FRONT_e863d03f_4b593e6d,G51-B,0,110282,33.129521765787864,0.04967195629496679,0.933450214062459,0.7483124523940851
scene-0519_CAM_FRONT_e863d03f_4b593e6d,G51-B,1,103183,32.537379847703065,0.03012029931007687,0.897282851364484,0.7117314107110025
scene-0519_CAM_FRONT_e863d03f_4b593e6d,G51-B,2,87922,33.446680631038646,0.027316095310708333,0.8470504031728522,0.6106230136842382
scene-0519_CAM_FRONT_e863d03f_4b593e6d,G51-B,3,80548,34.06210280724579,0.05009300391323679,0.8106335198171933,0.5392141412549576
scene-0519_CAM_FRONT_e863d03f_4b593e6d,G51-B,4,82276,31.999275128865975,0.04189241709238689,0.8055314790008667,0.5402516218842749
scene-0519_CAM_FRONT_210ba6d0_423dadf0,G51-B,0,93337,28.925290323672805,0.04351692099306215,0.7777558900007879,0.6202229926719722
scene-0519_CAM_FRONT_210ba6d0_423dadf0,G51-B,1,93595,29.62909194980425,0.06406432318062816,0.7488574580411315,0.6239198382055525
scene-0519_CAM_FRONT_210ba6d0_423dadf0,G51-B,2,92828,28.109790558510632,0.049131703124804194,0.7431316155805952,0.6249113545031912
scene-0519_CAM_FRONT_210ba6d0_423dadf0,G51-B,3,87331,29.032133947328933,0.030698683177518227,0.73114805767867,0.586984214535235
scene-0519_CAM_FRONT_210ba6d0_423dadf0,G51-B,4,85281,29.032667485367888,0.032454461451063565,0.7251464292280618,0.5752698762902845
scene-0520_CAM_FRONT_6123a0c0_cd6b4f5e,G51-B,0,73224,36.293661383637556,0.02643171706964398,0.7100569957712815,0.48284217161768184
scene-0520_CAM_FRONT_6123a0c0_cd6b4f5e,G51-B,1,71106,35.41671094880607,0.049793932505303395,0.692091508418039,0.4685866624642135
scene-0520_CAM_FRONT_6123a0c0_cd6b4f5e,G51-B,2,69244,36.3601147217608,0.04877094536521742,0.697738554881412,0.4572925695374675
scene-0520_CAM_FRONT_6123a0c0_cd6b4f5e,G51-B,3,68308,36.34172125333778,0.04751627806096703,0.7077587791873506,0.4553752002731595
scene-0520_CAM_FRONT_6123a0c0_cd6b4f5e,G51-B,4,64081,35.844069272445815,0.043719729865214774,0.7021708297218501,0.4229769127728311
scene-0520_CAM_FRONT_f9f8b1d1_d6171d9f,G51-B,0,76679,31.980473660433688,0.04807363066324832,0.7066490688939668,0.5105980616184698
scene-0520_CAM_FRONT_f9f8b1d1_d6171d9f,G51-B,1,82401,32.01895126110406,0.04848172546747209,0.7109303180731752,0.5520578887925827
scene-0520_CAM_FRONT_f9f8b1d1_d6171d9f,G51-B,2,81554,32.6425220750552,0.04572222638910417,0.709873138444567,0.5466931946523783
scene-0520_CAM_FRONT_f9f8b1d1_d6171d9f,G51-B,3,82658,32.68434935521688,0.04502688818134337,0.7133861266514328,0.5474154912930423
scene-0520_CAM_FRONT_f9f8b1d1_d6171d9f,G51-B,4,85090,32.3959081846178,0.06435252012582238,0.7220799516717884,0.5657158616342289
scene-0520_CAM_FRONT_0017c262_1183fca1,G51-B,0,74318,29.5240737299638,0.044301042407079994,0.7273527171486355,0.491470333307068
scene-0520_CAM_FRONT_0017c262_1183fca1,G51-B,1,77052,28.447467432452484,0.03436399873515561,0.7271951251543088,0.512495731883487
scene-0520_CAM_FRONT_0017c262_1183fca1,G51-B,2,71101,28.485506477322524,0.04426737300374972,0.7186260604627952,0.47336695295878967
scene-0520_CAM_FRONT_0017c262_1183fca1,G51-B,3,68466,28.508573157611625,0.04080368529476863,0.7095579544559136,0.45786384051690177
scene-0520_CAM_FRONT_0017c262_1183fca1,G51-B,4,65461,28.734928898285446,0.046194949074714664,0.6994917658182964,0.43514432800147085
scene-0520_CAM_FRONT_8acdc76a_38c95aed,G51-B,0,70368,33.15048643867924,0.07659152151869875,0.68897250019699,0.4640427599611273
scene-0520_CAM_FRONT_8acdc76a_38c95aed,G51-B,1,71269,33.11890471980413,0.07210866822257644,0.6838638930475666,0.47030704173561316
scene-0520_CAM_FRONT_8acdc76a_38c95aed,G51-B,2,71207,32.722687334217504,0.08415110110989765,0.6817298347910593,0.47030047540251624
scene-0520_CAM_FRONT_8acdc76a_38c95aed,G51-B,3,70025,32.07237603557504,0.07135315611093507,0.6829905707456728,0.4638523363013159
scene-0520_CAM_FRONT_8acdc76a_38c95aed,G51-B,4,68270,31.89883609693877,0.07442054671561582,0.6830496677435453,0.4542195256480971
scene-0520_CAM_FRONT_fc7f3434_d0e49a3a,G51-B,0,74518,33.810156250000006,0.07364038201309775,0.6886310508759488,0.4963556851311953
scene-0520_CAM_FRONT_fc7f3434_d0e49a3a,G51-B,1,75905,35.02018811103353,0.08417387999209236,0.6876723662437948,0.5008995876342816
scene-0520_CAM_FRONT_fc7f3434_d0e49a3a,G51-B,2,72281,34.02013992936644,0.07738279375732171,0.6838376277151788,0.47783862579780945
scene-0520_CAM_FRONT_fc7f3434_d0e49a3a,G51-B,3,71435,33.89747970661037,0.07747927886840067,0.6902529351508944,0.4729992383053608
scene-0520_CAM_FRONT_fc7f3434_d0e49a3a,G51-B,4,71976,33.17886673151751,0.09348725306602601,0.7002534604575421,0.4787250807658971
scene-0520_CAM_FRONT_117674c0_fa7e79db,G51-B,0,76627,33.879622906608326,0.06488744730372265,0.708789693483571,0.5055879494655005
scene-0520_CAM_FRONT_117674c0_fa7e79db,G51-B,1,77001,34.55600860727813,0.07149671605580021,0.7099453681086334,0.5119310272371497
scene-0520_CAM_FRONT_117674c0_fa7e79db,G51-B,2,82239,33.79495640538675,0.07812832899595445,0.7149883119270874,0.5469558479762562
scene-0520_CAM_FRONT_117674c0_fa7e79db,G51-B,3,82962,33.00698147273219,0.06601350371150261,0.7268996401649462,0.558020119244609
scene-0520_CAM_FRONT_117674c0_fa7e79db,G51-B,4,82683,32.26919924164714,0.057911210897219956,0.7311874556772516,0.5476912772831141
scene-0520_CAM_FRONT_c0e2f275_4ea6733a,G51-B,0,75153,35.84535361842106,0.058213304351014905,0.746263756467838,0.49408373387965226
scene-0520_CAM_FRONT_c0e2f275_4ea6733a,G51-B,1,77724,35.69281112938596,0.0653176099760151,0.755285898143041,0.5150500354581987
scene-0520_CAM_FRONT_c0e2f275_4ea6733a,G51-B,2,77635,36.09470235020662,0.05941032267275004,0.753736243532162,0.5146823208047698
scene-0520_CAM_FRONT_c0e2f275_4ea6733a,G51-B,3,77645,35.723658442688816,0.07491991179880308,0.7596393769863158,0.5225619205211042
scene-0520_CAM_FRONT_c0e2f275_4ea6733a,G51-B,4,72865,35.71094257964889,0.06474058799921778,0.7645050298111523,0.49141780264229246
scene-0520_CAM_FRONT_f70ce693_a518b89c,G51-B,0,74660,39.977076682220044,0.050835103741202925,0.7607293882804087,0.5174795787040685
scene-0520_CAM_FRONT_f70ce693_a518b89c,G51-B,1,73308,39.541359761398766,0.059662657086413384,0.7514051952827463,0.5124497675518084
scene-0520_CAM_FRONT_f70ce693_a518b89c,G51-B,2,73836,41.37709803841103,0.06021464356448747,0.748187692065243,0.49664460378746095
scene-0520_CAM_FRONT_f70ce693_a518b89c,G51-B,3,73126,40.204112049905255,0.057445007919624924,0.7509718172983479,0.48616473616473616
scene-0520_CAM_FRONT_f70ce693_a518b89c,G51-B,4,75294,36.01595073125404,0.035354066411285245,0.7618719302392771,0.5036640138680955
scene-0521_CAM_FRONT_107dd321_516d7cdd,G51-B,0,83703,40.04949039152299,0.051653593509260354,0.7683135030073805,0.5560239539831376
scene-0521_CAM_FRONT_107dd321_516d7cdd,G51-B,1,84998,39.02649863460184,0.05767555407767477,0.7751818874267854,0.5686116145299819
scene-0521_CAM_FRONT_107dd321_516d7cdd,G51-B,2,87776,38.55810768389501,0.06367660318113022,0.7914269955086282,0.588652063141859
scene-0521_CAM_FRONT_107dd321_516d7cdd,G51-B,3,85792,37.61465171089386,0.04751507599497384,0.7904092138786016,0.5758214482704279
scene-0521_CAM_FRONT_107dd321_516d7cdd,G51-B,4,87524,38.493770121347204,0.06566050959988678,0.8179287158878996,0.5808315604233971
scene-0521_CAM_FRONT_b5c4e946_78418f83,G51-B,0,100470,40.33464574435631,0.08061493066420011,0.8328145930186747,0.6739355974049852
scene-0521_CAM_FRONT_b5c4e946_78418f83,G51-B,1,103121,39.10406992553548,0.05929658931025905,0.8394465894465895,0.6911196911196911
scene-0521_CAM_FRONT_b5c4e946_78418f83,G51-B,2,103315,39.033681601405625,0.06729388639682554,0.8427757203267408,0.6925117537362435
scene-0521_CAM_FRONT_b5c4e946_78418f83,G51-B,3,105553,39.29397708785248,0.09269177980767385,0.8618771833057547,0.6959065479473643
scene-0521_CAM_FRONT_b5c4e946_78418f83,G51-B,4,110451,38.10362465867717,0.08679981420142324,0.8764938407795551,0.7298150920599901
scene-0521_CAM_FRONT_51499cd8_ee3ddd9e,G51-B,0,118128,33.1162810349066,0.048047424237584124,0.8800265279857117,0.7893060699183149
scene-0521_CAM_FRONT_51499cd8_ee3ddd9e,G51-B,1,116146,33.34240746359225,0.03671729142477109,0.8780894597221128,0.7791479526173404
scene-0521_CAM_FRONT_51499cd8_ee3ddd9e,G51-B,2,116034,33.43992232543241,0.02991458541875125,0.8798755023244819,0.7831008851417015
scene-0521_CAM_FRONT_51499cd8_ee3ddd9e,G51-B,3,114171,33.79584161292742,0.040566943756297213,0.8818782339190503,0.7702177396054947
scene-0521_CAM_FRONT_51499cd8_ee3ddd9e,G51-B,4,111679,33.40881002824859,0.04793830025676593,0.8692183437081397,0.7400126073595461
scene-0521_CAM_FRONT_a28e0c7c_67d06eba,G51-B,0,113449,30.84827993697478,0.06089230426792325,0.8694612980327266,0.7561723531111286
scene-0521_CAM_FRONT_a28e0c7c_67d06eba,G51-B,1,112697,29.560633445945946,0.06459485289733102,0.8671171171171171,0.7619572925695375
scene-0521_CAM_FRONT_a28e0c7c_67d06eba,G51-B,2,107364,29.263039311961478,0.0632540679361866,0.8510624326950857,0.7066622015601608
scene-0521_CAM_FRONT_a28e0c7c_67d06eba,G51-B,3,105065,28.76504555626599,0.045481454089958184,0.8473524544953116,0.6923738607412077
scene-0521_CAM_FRONT_a28e0c7c_67d06eba,G51-B,4,105415,30.142915651343507,0.04784167317489585,0.8403527434139679,0.6945801486617813
scene-0521_CAM_FRONT_b767ec16_8506f53d,G51-B,0,112434,30.744863740208878,0.036127942394405865,0.8377918735061592,0.7446221731936018
scene-0521_CAM_FRONT_b767ec16_8506f53d,G51-B,1,110336,30.965496113578684,0.039369642175161035,0.8312649384077956,0.7297756940614083
scene-0521_CAM_FRONT_b767ec16_8506f53d,G51-B,2,105919,30.203936928740692,0.030971863602838212,0.822919129041578,0.6990780868331888
scene-0521_CAM_FRONT_b767ec16_8506f53d,G51-B,3,101148,31.286020489926745,0.026744715726641166,0.815722427967326,0.669148740577312
scene-0521_CAM_FRONT_b767ec16_8506f53d,G51-B,4,99848,31.660414289070896,0.026030248254241384,0.8103249021616369,0.659292674598797
scene-0521_CAM_FRONT_1adbe193_9274d056,G51-B,0,93413,28.763797996076235,0.04984436111618962,0.8034105534105535,0.6165983768024584
scene-0521_CAM_FRONT_1adbe193_9274d056,G51-B,1,91602,29.2624166360744,0.0495075335160593,0.8065295616316025,0.6058624221889528
scene-0521_CAM_FRONT_1adbe193_9274d056,G51-B,2,87754,29.54038003832839,0.05574719944616979,0.805866361988811,0.580726499093846
scene-0521_CAM_FRONT_1adbe193_9274d056,G51-B,3,87519,30.834821944316086,0.05908691930358323,0.806949806949807,0.5773776692144039
scene-0521_CAM_FRONT_1adbe193_9274d056,G51-B,4,87981,32.01679948496659,0.07994849049696828,0.8002915451895044,0.579531426470202
scene-0521_CAM_FRONT_89ae74d5_ae684293,G51-B,0,79686,25.575933119829962,0.041114407131007225,0.793364063772227,0.5238817534735902
scene-0521_CAM_FRONT_89ae74d5_ae684293,G51-B,1,78900,25.5805129017472,0.05125366498250594,0.7900349328920757,0.5192853203057285
scene-0521_CAM_FRONT_89ae74d5_ae684293,G51-B,2,78036,25.727452010737448,0.050920745597510475,0.7894176975809629,0.5129553752002731
scene-0521_CAM_FRONT_89ae74d5_ae684293,G51-B,3,73648,25.427868303571426,0.0477162392516548,0.7873755679878129,0.4837351929188664
scene-0521_CAM_FRONT_89ae74d5_ae684293,G51-B,4,74783,25.777343749999993,0.05025052365812588,0.7834423344627426,0.4911945473169963
scene-0521_CAM_FRONT_bf409a3e_fb379ed5,G51-B,0,71480,23.51645234493192,0.04971703402049066,0.77835342631261,0.46936148976965303
scene-0521_CAM_FRONT_bf409a3e_fb379ed5,G51-B,1,84082,23.95406155873495,0.06373110000054805,0.7771320883565781,0.552130118456649
scene-0521_CAM_FRONT_bf409a3e_fb379ed5,G51-B,2,83443,24.503759731068648,0.06161262868968631,0.7756677960759594,0.5480721246027368
scene-0521_CAM_FRONT_bf409a3e_fb379ed5,G51-B,3,83696,24.010825679866414,0.040975982756368934,0.7725619205211042,0.5497793712079426
scene-0521_CAM_FRONT_bf409a3e_fb379ed5,G51-B,4,87245,23.617951434159053,0.022048523625968208,0.7725553541880072,0.5733131090273947
scene-0522_CAM_FRONT_5ec2ee2d_d7af7925,G51-B,0,94834,26.0382447281504,0.037310366154972296,0.7650434691251018,0.6271307750899587
scene-0522_CAM_FRONT_5ec2ee2d_d7af7925,G51-B,1,95588,26.28316528011794,0.04560665166839528,0.753125574554146,0.6319504635831167
scene-0522_CAM_FRONT_5ec2ee2d_d7af7925,G51-B,2,97166,25.925928428041995,0.02693185207645077,0.7440968665458462,0.6418984582249888
scene-0522_CAM_FRONT_5ec2ee2d_d7af7925,G51-B,3,93672,26.78669301806954,0.03621905497264866,0.7300120820528984,0.6197961810206708
scene-0522_CAM_FRONT_5ec2ee2d_d7af7925,G51-B,4,92770,27.709343072023216,0.03316169718183337,0.717319360176503,0.616046804822315
scene-0522_CAM_FRONT_7187c0de_7a96a1ac,G51-B,0,80928,28.089537801621848,0.04392458384686515,0.6957949202847162,0.536036036036036
scene-0522_CAM_FRONT_7187c0de_7a96a1ac,G51-B,1,84697,28.529232838114766,0.0495950227877926,0.6841134137052505,0.5622357050928479
scene-0522_CAM_FRONT_7187c0de_7a96a1ac,G51-B,2,82343,28.65897731998575,0.0628090909170993,0.6681440916134793,0.55285898143041
scene-0522_CAM_FRONT_7187c0de_7a96a1ac,G51-B,3,79561,27.890374733982984,0.05822525096682574,0.6564625850340136,0.5290494576208862
scene-0522_CAM_FRONT_7187c0de_7a96a1ac,G51-B,4,76884,27.25186885786194,0.056307717590454276,0.636474667086912,0.5139994221626875
scene-0522_CAM_FRONT_ec671ed4_6cd73bca,G51-B,0,82044,26.74137591019418,0.05418908085224605,0.6433496178394138,0.5544611667060647
scene-0522_CAM_FRONT_ec671ed4_6cd73bca,G51-B,1,77650,27.607888471477796,0.05409043939928404,0.6244451448533082,0.5308092348908675
scene-0522_CAM_FRONT_ec671ed4_6cd73bca,G51-B,2,69423,27.901017303361055,0.061167454544790445,0.6054618758700392,0.47368870328054
scene-0522_CAM_FRONT_ec671ed4_6cd73bca,G51-B,3,64788,27.714823555206795,0.05288828108072474,0.5940824206130328,0.4270480392929373
scene-0522_CAM_FRONT_ec671ed4_6cd73bca,G51-B,4,64130,27.91598061615566,0.04886468438215452,0.5902805137499015,0.42111864050639564
scene-0522_CAM_FRONT_ecb9d6d3_75d09898,G51-B,0,61159,30.992452525811213,0.06889781441247855,0.5752436109578967,0.40159036587608016
scene-0522_CAM_FRONT_ecb9d6d3_75d09898,G51-B,1,64867,29.745809314320393,0.04833880798850654,0.5903987077456465,0.4259383289995535
scene-0522_CAM_FRONT_ecb9d6d3_75d09898,G51-B,2,65153,30.562615906428945,0.048503881652332215,0.5986591547816038,0.42781630026527984
scene-0522_CAM_FRONT_ecb9d6d3_75d09898,G51-B,3,64745,31.578334342930454,0.05206309653031305,0.5908123867307541,0.42532766002153755
scene-0522_CAM_FRONT_ecb9d6d3_75d09898,G51-B,4,60912,30.981209840355056,0.033027160445203485,0.5732146140309405,0.4015969322091771
scene-0522_CAM_FRONT_c78ad98d_a0cd4d00,G51-B,0,65548,43.92310331795033,0.047660701648183146,0.5754734326162898,0.43058072649909385
scene-0522_CAM_FRONT_c78ad98d_a0cd4d00,G51-B,1,65412,45.37748497596154,0.04178327275164184,0.5711856171039844,0.429602342867649
scene-0522_CAM_FRONT_c78ad98d_a0cd4d00,G51-B,2,65329,45.35639602227917,0.05859155528000892,0.5661886376172091,0.42908360255299033
scene-0522_CAM_FRONT_c78ad98d_a0cd4d00,G51-B,3,69275,44.76249647821187,0.049040351916936675,0.5771412812229139,0.4553686339400625
scene-0522_CAM_FRONT_c78ad98d_a0cd4d00,G51-B,4,68450,44.776821822479,0.047843226632172664,0.561388648123342,0.4511333490925328
scene-0522_CAM_FRONT_c40d017e_2ba2a8fb,G51-B,0,73745,26.941359383150754,0.046659085064870265,0.5907138917342999,0.49238961994064034
scene-0522_CAM_FRONT_c40d017e_2ba2a8fb,G51-B,1,86133,27.69570290443252,0.03980074315327897,0.6591482152706643,0.5765240459118011
scene-0522_CAM_FRONT_c40d017e_2ba2a8fb,G51-B,2,79346,27.742770636408082,0.04119218183643758,0.6196254563601502,0.531229480209072
scene-0522_CAM_FRONT_c40d017e_2ba2a8fb,G51-B,3,78102,28.460301310994936,0.0437491271015622,0.6119953773014998,0.5205197909279542
scene-0522_CAM_FRONT_c40d017e_2ba2a8fb,G51-B,4,78290,28.80264945652174,0.04092821585960027,0.6124287552858981,0.5228968035090484
scene-0522_CAM_FRONT_89c9d0c8_3ee6b750,G51-B,0,80677,24.727876667633417,0.030629698084990054,0.6240905628660731,0.5386954009402989
scene-0522_CAM_FRONT_89c9d0c8_3ee6b750,G51-B,1,83138,25.492059918347735,0.05881561468360741,0.6413337535786515,0.5554658156698973
scene-0522_CAM_FRONT_89c9d0c8_3ee6b750,G51-B,2,82765,26.288535663928396,0.07455449603020448,0.6494037769547973,0.5590772988732172
scene-0522_CAM_FRONT_89c9d0c8_3ee6b750,G51-B,3,82445,25.806998133429683,0.08056793023854825,0.6517413915373099,0.5549208100228509
scene-0522_CAM_FRONT_89c9d0c8_3ee6b750,G51-B,4,84863,25.538991926377587,0.07070517322269287,0.6603629868935992,0.5736282930160481
scene-0522_CAM_FRONT_f6ccb065_adcbf5d4,G51-B,0,78821,29.65771572037702,0.054691869649738045,0.6386809550074857,0.5182084416778294
scene-0522_CAM_FRONT_f6ccb065_adcbf5d4,G51-B,1,71862,28.905611946695768,0.05583215192626012,0.5933798229716597,0.4719157933443648
scene-0522_CAM_FRONT_f6ccb065_adcbf5d4,G51-B,2,68762,29.041863355991943,0.0430996899901992,0.5871089748640769,0.4516586557402884
scene-0522_CAM_FRONT_f6ccb065_adcbf5d4,G51-B,3,70853,29.163464912280713,0.022601390272480426,0.5807133664276521,0.4654282562445828
scene-0522_CAM_FRONT_f6ccb065_adcbf5d4,G51-B,4,75506,29.304707687338503,0.01921513998791835,0.5926049956662202,0.49780027841252333
scene-0523_CAM_FRONT_ce03b6f0_17dc38b8,G51-B,0,81374,23.42507204610951,0.0167066740496844,0.6048446405589263,0.5469952459748378
scene-0523_CAM_FRONT_ce03b6f0_17dc38b8,G51-B,1,81184,23.33745016718107,0.027786556173399868,0.618811231056129,0.5477109762824048
scene-0523_CAM_FRONT_ce03b6f0_17dc38b8,G51-B,2,78169,24.455642593833776,0.018237167865541082,0.6117786883093006,0.5299227799227799
scene-0523_CAM_FRONT_ce03b6f0_17dc38b8,G51-B,3,74504,24.987505526781195,0.013677946329125446,0.5990071704357418,0.5014051952827463
scene-0523_CAM_FRONT_ce03b6f0_17dc38b8,G51-B,4,69013,24.9861336672593,0.015263922487444681,0.5846072019541407,0.47273658498148297
scene-0523_CAM_FRONT_0c0bc7cd_ae7d650f,G51-B,0,65022,24.269647127579535,0.020946337990009,0.5828408583510625,0.4280592545898668
scene-0523_CAM_FRONT_0c0bc7cd_ae7d650f,G51-B,1,63716,25.190076723654705,0.01995359160758503,0.5908846163948205,0.4228849841094739
scene-0523_CAM_FRONT_0c0bc7cd_ae7d650f,G51-B,2,60567,25.41428820234304,0.028992684224461218,0.5938460326215428,0.3979788826727602
scene-0523_CAM_FRONT_0c0bc7cd_ae7d650f,G51-B,3,59139,24.888240112073053,0.03438864188098112,0.5914493210411578,0.39013211462191055
scene-0523_CAM_FRONT_0c0bc7cd_ae7d650f,G51-B,4,59986,25.604891280206107,0.05507267475393007,0.5934257873033383,0.3938880571533633
scene-0523_CAM_FRONT_eaa81f61_fa411e11,G51-B,0,63106,29.20744407748668,0.04838648920666877,0.5974115514931841,0.41437501641583274
scene-0523_CAM_FRONT_eaa81f61_fa411e11,G51-B,1,63367,29.37311173108328,0.04425817803475507,0.5995456097496914,0.4160888293541355
scene-0523_CAM_FRONT_eaa81f61_fa411e11,G51-B,2,62567,29.620735245358084,0.03975399488790421,0.5945092322643343,0.4108357628765792
scene-0523_CAM_FRONT_eaa81f61_fa411e11,G51-B,3,62370,30.205067724973375,0.027682247447525343,0.5892036351220025,0.40954219525648095
scene-0523_CAM_FRONT_eaa81f61_fa411e11,G51-B,4,60175,30.723039722151572,0.02175002948842053,0.5784020171775274,0.3951422267748798
scene-0523_CAM_FRONT_4f434664_02617ba1,G51-B,0,74552,34.01350231941683,0.06560892614616076,0.5900506920915084,0.4984766107215087
scene-0523_CAM_FRONT_4f434664_02617ba1,G51-B,1,74593,33.84771084815757,0.04967223475557336,0.5877918735061592,0.4990019173692643
scene-0523_CAM_FRONT_4f434664_02617ba1,G51-B,2,76229,33.568333298564745,0.047737588687585486,0.5967155201849079,0.512620492212329
scene-0523_CAM_FRONT_4f434664_02617ba1,G51-B,3,75412,32.97075844750615,0.04746798041490341,0.6019751529955611,0.5121411498962519
scene-0523_CAM_FRONT_4f434664_02617ba1,G51-B,4,73299,34.752061957010184,0.04151144849518129,0.600799779371208,0.4998555406718672
scene-0523_CAM_FRONT_b61d51fa_4208e998,G51-B,0,81152,27.585436950376888,0.022474868565052875,0.6222585559320253,0.5593990491949675
scene-0523_CAM_FRONT_b61d51fa_4208e998,G51-B,1,81210,29.02800192357851,0.03540176003781914,0.6263559477845192,0.5542050797152838
scene-0523_CAM_FRONT_b61d51fa_4208e998,G51-B,2,80848,30.976110458374013,0.04478787497360592,0.63359861319045,0.5498187692065243
scene-0523_CAM_FRONT_b61d51fa_4208e998,G51-B,3,81367,31.446685204802257,0.07030746830369061,0.6441310114779503,0.5591692275365745
scene-0523_CAM_FRONT_b61d51fa_4208e998,G51-B,4,78539,29.605364422829993,0.04597495618437497,0.6291400730176241,0.5433968954377117
scene-0523_CAM_FRONT_119423a8_bbec622b,G51-B,0,84487,22.53220961564533,0.043540571121553295,0.6497583589420324,0.651137288892391
scene-0523_CAM_FRONT_119423a8_bbec622b,G51-B,1,84109,22.17056015114379,0.04649783647590411,0.6448336091193234,0.680928742153232
scene-0523_CAM_FRONT_119423a8_bbec622b,G51-B,2,91774,22.225251934039083,0.03504155650494423,0.693772489690857,0.7878155123053082
scene-0523_CAM_FRONT_119423a8_bbec622b,G51-B,3,100600,22.58275666502532,0.04212582839380041,0.7529745488929163,0.8280146035248076
scene-0523_CAM_FRONT_119423a8_bbec622b,G51-B,4,109103,23.217078790238837,0.03485803430761658,0.7927599611273081,0.8554553095369422
scene-0523_CAM_FRONT_46aa63cc_0a653a0a,G51-B,0,114337,23.20917909743202,0.03973420149499729,0.8294394978068448,0.7831271504740892
scene-0523_CAM_FRONT_46aa63cc_0a653a0a,G51-B,1,100932,22.502784084164293,0.037739384123653075,0.7880453339637014,0.6940088776823471
scene-0523_CAM_FRONT_46aa63cc_0a653a0a,G51-B,2,78113,23.06833299462231,0.05203490820810108,0.7245554592493368,0.5339151104457227
scene-0523_CAM_FRONT_46aa63cc_0a653a0a,G51-B,3,64832,23.040574596774196,0.0603094547701315,0.6657670790323852,0.45324770834974915
scene-0523_CAM_FRONT_46aa63cc_0a653a0a,G51-B,4,70609,24.384589515410088,0.04215863799071462,0.6684264439366481,0.4805833530323326
scene-0523_CAM_FRONT_c96330c0_9b22047a,G51-B,0,85458,28.523920117876962,0.0696165125501611,0.6925642844010191,0.5903133454153863
scene-0523_CAM_FRONT_c96330c0_9b22047a,G51-B,1,95331,28.267141241776315,0.07144398287614218,0.7245948572479185,0.6785911275707194
scene-0523_CAM_FRONT_c96330c0_9b22047a,G51-B,2,100256,28.33989795918368,0.05940536989054568,0.7572886297376094,0.6862409056286607
scene-0523_CAM_FRONT_c96330c0_9b22047a,G51-B,3,98621,27.655882930276377,0.052013495894647654,0.7627977832059465,0.6779673259265095
scene-0523_CAM_FRONT_c96330c0_9b22047a,G51-B,4,92305,27.607787403980456,0.05047899079880258,0.7710844955742915,0.6252856354897172
scene-0524_CAM_FRONT_89c92049_6f52dcbe,G51-B,0,85001,26.81368542268786,0.04501049375353183,0.7555551178000157,0.5690252935150895
scene-0524_CAM_FRONT_89c92049_6f52dcbe,G51-B,1,84312,26.81492755429964,0.04996918925338889,0.7447338008562499,0.5699774118141465
scene-0524_CAM_FRONT_89c92049_6f52dcbe,G51-B,2,87388,26.890703165084656,0.03382341038372405,0.7690620649804323,0.5868003572085205
scene-0524_CAM_FRONT_89c92049_6f52dcbe,G51-B,3,88059,25.785959385942967,0.039473088158666236,0.7738029574764269,0.592506500669766
scene-0524_CAM_FRONT_89c92049_6f52dcbe,G51-B,4,88187,26.503703460933394,0.04197968873649138,0.7713143172326846,0.595146166574738
scene-0524_CAM_FRONT_cfa4ed9e_e9026a37,G51-B,0,99828,26.182486078620823,0.061838815899479815,0.7801197699156883,0.6796942715310063
scene-0524_CAM_FRONT_cfa4ed9e_e9026a37,G51-B,1,105080,27.56567405027298,0.05324558921533096,0.7813805058703018,0.7286922491004124
scene-0524_CAM_FRONT_cfa4ed9e_e9026a37,G51-B,2,108484,27.127464321976536,0.05805432966571655,0.8087752475507578,0.7483124523940851
scene-0524_CAM_FRONT_cfa4ed9e_e9026a37,G51-B,3,110603,26.373922296562217,0.044014565351132795,0.8192879468389672,0.7691802589761774
scene-0524_CAM_FRONT_cfa4ed9e_e9026a37,G51-B,4,106226,26.3264039497897,0.04125985588397585,0.811270454127597,0.734385259895464
scene-0524_CAM_FRONT_1c9b06a4_94d4b003,G51-B,0,93508,24.380127606489737,0.04693349603825858,0.8034039870774564,0.6501589052609461
scene-0524_CAM_FRONT_1c9b06a4_94d4b003,G51-B,1,97007,24.312055471550185,0.044601829853515795,0.7936661150946865,0.6989795918367347
scene-0524_CAM_FRONT_1c9b06a4_94d4b003,G51-B,2,91149,25.406702428430943,0.042583927970800683,0.7714719092270113,0.6691290415780212
scene-0524_CAM_FRONT_1c9b06a4_94d4b003,G51-B,3,78533,24.906043561256,0.032735576289466994,0.7181138864812334,0.5732671446957162
scene-0524_CAM_FRONT_1c9b06a4_94d4b003,G51-B,4,69657,25.22931315104166,0.03838369127481078,0.6641583274236336,0.4870971554645024
scene-0524_CAM_FRONT_d7da6ee9_2483f870,G51-B,0,72342,29.701552698640867,0.03380102469085777,0.657027289680351,0.4818966196517217
scene-0524_CAM_FRONT_d7da6ee9_2483f870,G51-B,1,79985,29.877497371188216,0.05590646857001369,0.6692341029075723,0.541321934179077
scene-0524_CAM_FRONT_d7da6ee9_2483f870,G51-B,2,85033,29.793908470112676,0.06282144206349027,0.6843038373650618,0.5824403120321487
scene-0524_CAM_FRONT_d7da6ee9_2483f870,G51-B,3,87339,28.392251687206574,0.04710174259763278,0.6954469046305781,0.6055603708664933
scene-0524_CAM_FRONT_d7da6ee9_2483f870,G51-B,4,92886,29.20075457736783,0.0643971288301286,0.7358758175084705,0.6334410211961232
scene-0524_CAM_FRONT_bd55e82c_6b300f08,G51-B,0,92142,24.821661550268605,0.027377393727115784,0.7438867438867439,0.610642712683529
scene-0524_CAM_FRONT_bd55e82c_6b300f08,G51-B,1,95369,26.119519433941278,0.04276784479847029,0.7498030100070916,0.6313529272712947
scene-0524_CAM_FRONT_bd55e82c_6b300f08,G51-B,2,95856,26.046813280453623,0.04338982961776683,0.7454232658314291,0.6412418249152944
scene-0524_CAM_FRONT_bd55e82c_6b300f08,G51-B,3,94609,25.948491081305306,0.04235218585860023,0.7332821159351771,0.6349053134767421
scene-0524_CAM_FRONT_bd55e82c_6b300f08,G51-B,4,91416,25.484143689859376,0.02382035543522143,0.7128411210043863,0.6190673180469098
scene-0524_CAM_FRONT_b0f8d0ae_047d2592,G51-B,0,93609,23.378737660697883,0.030489550513184582,0.7116526147138392,0.618082368082368
scene-0524_CAM_FRONT_b0f8d0ae_047d2592,G51-B,1,98485,23.55428993336026,0.029342445180796428,0.7337483255850603,0.6544270217739605
scene-0524_CAM_FRONT_b0f8d0ae_047d2592,G51-B,2,104061,23.604679404145077,0.037057891843431,0.7760420770624852,0.6977254222152182
scene-0524_CAM_FRONT_b0f8d0ae_047d2592,G51-B,3,90140,24.479011990376648,0.030322166965080832,0.7243781682557193,0.6030585979565571
scene-0524_CAM_FRONT_b0f8d0ae_047d2592,G51-B,4,91225,23.819261840345327,0.038787355151610026,0.7300974443831587,0.6150355895253854
scene-0524_CAM_FRONT_77b97456_dfa48a63,G51-B,0,96959,24.859186907222764,0.028897713732759733,0.7386271110760907,0.6514590392141413
scene-0524_CAM_FRONT_77b97456_dfa48a63,G51-B,1,97638,25.933737281976743,0.04315489828968966,0.7489428203713918,0.6571914480077745
scene-0524_CAM_FRONT_77b97456_dfa48a63,G51-B,2,99456,25.735406315376576,0.04140553474683184,0.7622199458934152,0.6854201139915426
scene-0524_CAM_FRONT_77b97456_dfa48a63,G51-B,3,101637,26.235652608082706,0.039665494368253285,0.7680508496835028,0.7030966826885194
scene-0524_CAM_FRONT_77b97456_dfa48a63,G51-B,4,100698,26.066547439759034,0.03343038585727487,0.773303916161059,0.7122632836918551
scene-0524_CAM_FRONT_91491728_77a61ed5,G51-B,0,100161,24.691673710904475,0.04955246929560708,0.7779003493289207,0.7066096708953852
scene-0524_CAM_FRONT_91491728_77a61ed5,G51-B,1,100600,25.30759423033453,0.06528179874375373,0.7771452210227721,0.7433680035720852
scene-0524_CAM_FRONT_91491728_77a61ed5,G51-B,2,99530,25.21603204863974,0.03279973716227791,0.775464239749954,0.7466643027867518
scene-0524_CAM_FRONT_91491728_77a61ed5,G51-B,3,99036,24.739265625,0.03748316161983567,0.7723123998634203,0.7238988259396423
scene-0524_CAM_FRONT_91491728_77a61ed5,G51-B,4,98602,26.399001272101145,0.048987014955172103,0.7779331809944054,0.6717096104851207
scene-0552_CAM_FRONT_5b905269_509430f5,G51-B,0,75145,19.833642945253757,0.05456395842194217,0.9017807895358916,0.4966971344522365
scene-0552_CAM_FRONT_5b905269_509430f5,G51-B,1,76866,19.262758799762594,0.06668266542505896,0.8890683686602054,0.5109986079373835
scene-0552_CAM_FRONT_5b905269_509430f5,G51-B,2,80815,18.78614480958231,0.056230729101699684,0.8978738213432091,0.5351101830693668
scene-0552_CAM_FRONT_5b905269_509430f5,G51-B,3,87399,18.38142604349095,0.04467623925235298,0.8943148688046647,0.5768392299004544
scene-0552_CAM_FRONT_5b905269_509430f5,G51-B,4,96923,18.762910318283346,0.058933343501708535,0.8944330628004097,0.6393901189819557
scene-0552_CAM_FRONT_fb51300f_c735e5f2,G51-B,0,78112,16.168597530904787,0.05768775796771308,0.8958513907493499,0.5129094108685945
scene-0552_CAM_FRONT_fb51300f_c735e5f2,G51-B,1,67230,15.506031405974749,0.05249080206341672,0.8951619257741706,0.44145457410763533
scene-0552_CAM_FRONT_fb51300f_c735e5f2,G51-B,2,52751,16.21311546928694,0.06856460163790778,0.8901321146219106,0.3463806371969637
scene-0552_CAM_FRONT_fb51300f_c735e5f2,G51-B,3,49849,16.79189811218148,0.06907666869983142,0.8922202085467391,0.32732513854962836
scene-0552_CAM_FRONT_fb51300f_c735e5f2,G51-B,4,49893,16.59614942211425,0.06323896046272726,0.8869080450713104,0.3276140572058939
scene-0552_CAM_FRONT_bc73130b_2e70460e,G51-B,0,57148,26.262809213671126,0.08609354608892228,0.8883723373519292,0.3752659364904263
scene-0552_CAM_FRONT_bc73130b_2e70460e,G51-B,1,56087,25.974753857508908,0.07941155269949451,0.8912549575814882,0.36832532240695504
scene-0552_CAM_FRONT_bc73130b_2e70460e,G51-B,2,56623,26.904948503719567,0.09141161005889575,0.900651380243217,0.3719565046095658
scene-0552_CAM_FRONT_bc73130b_2e70460e,G51-B,3,56364,26.356913453826756,0.08688948123329232,0.8989506999711081,0.3707089013211462
scene-0552_CAM_FRONT_bc73130b_2e70460e,G51-B,4,56900,26.094083417565134,0.07844792009354773,0.899082026633047,0.37501641583274237
scene-0552_CAM_FRONT_f7480019_8b763668,G51-B,0,57213,27.01551506156552,0.07815958366279885,0.9013342788852993,0.37590943713392694
scene-0552_CAM_FRONT_f7480019_8b763668,G51-B,1,57084,26.82528659611993,0.07866345152498666,0.8987077456465211,0.37573871247340634
scene-0552_CAM_FRONT_f7480019_8b763668,G51-B,2,57481,26.67883414019017,0.07406662707494327,0.8992790166259554,0.3789562156909096
scene-0552_CAM_FRONT_f7480019_8b763668,G51-B,3,56488,26.817995325605782,0.07574616437770976,0.8962322380689728,0.3713852336301316
scene-0552_CAM_FRONT_f7480019_8b763668,G51-B,4,55402,25.709504245609992,0.06932160463551895,0.8944593281327975,0.36471383920363515
scene-0552_CAM_FRONT_28d95d22_75bde66b,G51-B,0,97097,28.965095939217036,0.0906421175553036,0.8979657500065663,0.6682163212775458
scene-0552_CAM_FRONT_28d95d22_75bde66b,G51-B,1,109066,28.579003819751993,0.056972032742246936,0.9003427625876606,0.7518714049326294
scene-0552_CAM_FRONT_28d95d22_75bde66b,G51-B,2,103411,27.676391057091884,0.06871182772205664,0.9063772227037533,0.7085795708244688
scene-0552_CAM_FRONT_28d95d22_75bde66b,G51-B,3,93154,27.980494878762546,0.06709695983906738,0.9181178262810916,0.6347477214824153
scene-0552_CAM_FRONT_28d95d22_75bde66b,G51-B,4,101259,28.06191460453283,0.07477474521702154,0.9280789535891577,0.6875016415832742
scene-0552_CAM_FRONT_bffcf51d_bf6ce332,G51-B,0,116864,20.40703929375804,0.025315570822250777,0.9361292779660126,0.7813279752055262
scene-0552_CAM_FRONT_bffcf51d_bf6ce332,G51-B,1,122401,21.776977625088094,0.05320187467132831,0.9543245869776482,0.8299648044546004
scene-0552_CAM_FRONT_bffcf51d_bf6ce332,G51-B,2,124849,21.767367863254506,0.05756907723895299,0.9583300501667849,0.8444764005988495
scene-0552_CAM_FRONT_bffcf51d_bf6ce332,G51-B,3,122116,21.698059082031246,0.07485448140518591,0.9681401518136212,0.8151577233209887
scene-0552_CAM_FRONT_bffcf51d_bf6ce332,G51-B,4,113001,21.898077214805827,0.06503201776814915,0.9534840963412392,0.7487852283770651
scene-0552_CAM_FRONT_7c25767f_5ef15615,G51-B,0,105968,17.687755446260955,0.04761262317045811,0.8885430620124498,0.6959525122790429
scene-0552_CAM_FRONT_7c25767f_5ef15615,G51-B,1,95468,16.976555765086204,0.04617553302554045,0.8384485068158537,0.6269469177632443
scene-0552_CAM_FRONT_7c25767f_5ef15615,G51-B,2,88254,16.724911077235774,0.03542923396551689,0.7975993486197568,0.5796890184645287
scene-0552_CAM_FRONT_7c25767f_5ef15615,G51-B,3,84687,17.332381114130435,0.02438940315095106,0.7732776508286713,0.5568775772857405
scene-0552_CAM_FRONT_7c25767f_5ef15615,G51-B,4,78901,18.011646818430087,0.018497752672875567,0.7605586636198881,0.5180902476820844
scene-0552_CAM_FRONT_770abd0f_e9df1bab,G51-B,0,91966,23.364844096913853,0.03788994003776125,0.7568946497517927,0.6061053765135398
scene-0552_CAM_FRONT_770abd0f_e9df1bab,G51-B,1,92616,23.31716616334033,0.03077170136497598,0.7524623749113545,0.6108265700102434
scene-0552_CAM_FRONT_770abd0f_e9df1bab,G51-B,2,94323,24.13275237581623,0.038460939942016825,0.7538610038610039,0.6248653901715127
scene-0552_CAM_FRONT_770abd0f_e9df1bab,G51-B,3,86948,23.99234954431175,0.02803505839072007,0.7472618390985738,0.5738384156751504
scene-0552_CAM_FRONT_770abd0f_e9df1bab,G51-B,4,86332,23.39775854929852,0.022140568791968684,0.7534604575420902,0.5689136658524414
scene-0553_CAM_FRONT_8687ba92_2021b6b3,G51-B,0,62024,23.168356747930677,0.014493909288546547,0.7068197935544874,0.4184855409345205
scene-0553_CAM_FRONT_8687ba92_2021b6b3,G51-B,1,62272,24.277409828399477,0.013231559935759973,0.7073976308670186,0.4196674808919707
scene-0553_CAM_FRONT_8687ba92_2021b6b3,G51-B,2,61240,24.936764660109564,0.013881018516916255,0.706747563890421,0.4119060751713813
scene-0553_CAM_FRONT_8687ba92_2021b6b3,G51-B,3,61496,24.676618497738342,0.01612888120541167,0.706747563890421,0.4136789851075565
scene-0553_CAM_FRONT_8687ba92_2021b6b3,G51-B,4,61777,24.939694826095305,0.012790465005097396,0.706635936227773,0.41627268668084993
scene-0553_CAM_FRONT_7315022f_82597244,G51-B,0,64374,22.419349888392855,0.011355425893991855,0.7065702728968035,0.4378299582381215
scene-0553_CAM_FRONT_7315022f_82597244,G51-B,1,64437,21.60334217449121,0.015486188749124885,0.7072269062064981,0.43548577732251204
scene-0553_CAM_FRONT_7315022f_82597244,G51-B,2,66708,21.223157633609123,0.018436162471264117,0.7068000945551965,0.45135660441782893
scene-0553_CAM_FRONT_7315022f_82597244,G51-B,3,66822,20.3500218837535,0.01948766262576318,0.7083891471646574,0.4503388227878024
scene-0553_CAM_FRONT_7315022f_82597244,G51-B,4,69245,20.101871947911015,0.022333825087298198,0.7062944869067318,0.47039240406587346
scene-0553_CAM_FRONT_8bf071b1_d7bea9a3,G51-B,0,70654,17.20930713305043,0.028181513255529422,0.7073713655346309,0.47694560449662493
scene-0553_CAM_FRONT_8bf071b1_d7bea9a3,G51-B,1,71361,17.034403976462194,0.0213833308961342,0.7074435951986973,0.48061618469781736
scene-0553_CAM_FRONT_8bf071b1_d7bea9a3,G51-B,2,67539,16.705097074237695,0.01822898430370845,0.7108974864076905,0.4537270506658262
scene-0553_CAM_FRONT_8bf071b1_d7bea9a3,G51-B,3,66465,17.16079731695639,0.021992181784846743,0.7111929713970531,0.4459919102776246
scene-0553_CAM_FRONT_8bf071b1_d7bea9a3,G51-B,4,63323,17.660794123661507,0.02181279773745537,0.7078507078507078,0.42626664565440076
scene-0553_CAM_FRONT_3ffc4360_4ae9c033,G51-B,0,60729,17.174904921187682,0.016830929471823186,0.7070167835473958,0.40674493735718226
scene-0553_CAM_FRONT_3ffc4360_4ae9c033,G51-B,1,60008,16.376340148269485,0.017428618676993413,0.7066556352270638,0.4019580805295091
scene-0553_CAM_FRONT_3ffc4360_4ae9c033,G51-B,2,59777,16.39523920575693,0.020446291273047645,0.7076471515247026,0.401964646862606
scene-0553_CAM_FRONT_3ffc4360_4ae9c033,G51-B,3,59206,16.45385448042169,0.014281294878147888,0.7085073411604024,0.39568066608882935
scene-0553_CAM_FRONT_3ffc4360_4ae9c033,G51-B,4,59334,16.271950054585155,0.018006941643782914,0.7090523468074489,0.3944921597982822
scene-0553_CAM_FRONT_ecd49e3c_a572dd2e,G51-B,0,58441,15.40834808727115,0.025339269350229454,0.7087568618180863,0.3865862947495601
scene-0553_CAM_FRONT_ecd49e3c_a572dd2e,G51-B,1,56862,15.246300457937586,0.02103312321274875,0.7088290914821527,0.37602763112967197
scene-0553_CAM_FRONT_ecd49e3c_a572dd2e,G51-B,2,57180,15.474027941561847,0.023320055994866085,0.7091705408031939,0.3782010873847609
scene-0553_CAM_FRONT_ecd49e3c_a572dd2e,G51-B,3,57495,15.247206802299372,0.0204814242357525,0.707463294197988,0.3798492369920941
scene-0553_CAM_FRONT_ecd49e3c_a572dd2e,G51-B,4,57380,15.011909236833553,0.024308063576841565,0.7087699944842802,0.37906784335355764
scene-0553_CAM_FRONT_313a60af_3a064c48,G51-B,0,57732,14.727987320696718,0.026011715202197472,0.7088947548131221,0.381306962939616
scene-0553_CAM_FRONT_313a60af_3a064c48,G51-B,1,57381,14.823578381147543,0.018840404079519146,0.7087568618180863,0.37863446536915923
scene-0553_CAM_FRONT_313a60af_3a064c48,G51-B,2,56433,14.58107325332699,0.018325060974703433,0.7089472854778978,0.3717923462821422
scene-0553_CAM_FRONT_313a60af_3a064c48,G51-B,3,55119,14.450991498161763,0.015293558275856434,0.7088881884800252,0.3629737609329446
scene-0553_CAM_FRONT_313a60af_3a064c48,G51-B,4,55697,14.219563703380834,0.01865533853465884,0.7086977648202138,0.36699235678827513
scene-0553_CAM_FRONT_d3c0bbf9_c143943f,G51-B,0,64542,19.613960305507746,0.017765374072917783,0.7084942084942085,0.4396225671735876
scene-0553_CAM_FRONT_d3c0bbf9_c143943f,G51-B,1,64064,19.8922756333652,0.018689414566995133,0.707831008851417,0.4354332466577365
scene-0553_CAM_FRONT_d3c0bbf9_c143943f,G51-B,2,64191,20.10454312593145,0.009664160720713078,0.7072925695374674,0.4381057442281932
scene-0553_CAM_FRONT_d3c0bbf9_c143943f,G51-B,3,63801,20.016453463511972,0.012595042764928621,0.7084482441625298,0.43437606702912823
scene-0553_CAM_FRONT_d3c0bbf9_c143943f,G51-B,4,64153,20.593107403449295,0.017559591929803275,0.7075289575289575,0.4383355658865863
scene-0553_CAM_FRONT_47188ae2_739b1293,G51-B,0,65070,22.603939016847313,0.02521291696841188,0.7071940745410134,0.4417434927639009
scene-0553_CAM_FRONT_47188ae2_739b1293,G51-B,1,65242,22.4993171875,0.015330220214817114,0.7081855908386521,0.44155963543718646
scene-0553_CAM_FRONT_47188ae2_739b1293,G51-B,2,64964,22.486103856286345,0.012282479819641923,0.7072531715388858,0.44190765109132457
scene-0553_CAM_FRONT_47188ae2_739b1293,G51-B,3,64515,23.408059042008198,0.014356445641393378,0.7076208861923148,0.4380006828986421
scene-0553_CAM_FRONT_47188ae2_739b1293,G51-B,4,64861,23.573034782217427,0.01745816115558263,0.7064061145693799,0.44268904472986104
scene-0554_CAM_FRONT_e0b85d62_35264745,G51-B,0,65139,24.059971822423766,0.02031372931956721,0.7067803955559058,0.4468127019147427
scene-0554_CAM_FRONT_e0b85d62_35264745,G51-B,1,64268,24.361807250976565,0.019080042940740727,0.706622803561579,0.4405681191395477
scene-0554_CAM_FRONT_e0b85d62_35264745,G51-B,2,64317,24.66446550652579,0.019918889354873848,0.7070693142121713,0.44112625745278805
scene-0554_CAM_FRONT_e0b85d62_35264745,G51-B,3,64454,24.674618651055408,0.017147481812718857,0.7066490688939668,0.44178945709557954
scene-0554_CAM_FRONT_e0b85d62_35264745,G51-B,4,64493,24.393946715383084,0.019260632658216537,0.7068394925537783,0.4433259790402648
scene-0554_CAM_FRONT_1144cb46_704f3a80,G51-B,0,63415,24.756336581829895,0.020844187903834133,0.706990518215008,0.43182832978751345
scene-0554_CAM_FRONT_1144cb46_704f3a80,G51-B,1,64038,24.33144215664273,0.02250957607502957,0.7062288235757623,0.43714705959603917
scene-0554_CAM_FRONT_1144cb46_704f3a80,G51-B,2,62918,24.258820172882665,0.018763219729212022,0.7066819005594516,0.4272975599506212
scene-0554_CAM_FRONT_1144cb46_704f3a80,G51-B,3,62977,24.675266032472422,0.019553121031905984,0.7071546765424317,0.4279541932603157
scene-0554_CAM_FRONT_1144cb46_704f3a80,G51-B,4,64352,24.881444403129844,0.019789477266590305,0.7068526252199722,0.4405090221416752
scene-0554_CAM_FRONT_551d1fdf_5dbe8245,G51-B,0,63586,24.269517826460483,0.018276165115517884,0.7065768392299004,0.43340424973078034
scene-0554_CAM_FRONT_551d1fdf_5dbe8245,G51-B,1,63026,24.026687327823694,0.016492735819690685,0.7064914768996402,0.4287881175636278
scene-0554_CAM_FRONT_551d1fdf_5dbe8245,G51-B,2,63071,24.16394001102401,0.019023629724264968,0.7062485225750532,0.42922149554802613
scene-0554_CAM_FRONT_551d1fdf_5dbe8245,G51-B,3,63251,24.192203024547048,0.018542030053258607,0.7067869618890027,0.4297730675281696
scene-0554_CAM_FRONT_551d1fdf_5dbe8245,G51-B,4,62829,24.29182582410972,0.016930731846716895,0.7069182885509416,0.4273763559477845
scene-0554_CAM_FRONT_7690202f_52679177,G51-B,0,64875,24.33014242107393,0.01848169375673958,0.7061959919102776,0.4432406167100045
scene-0554_CAM_FRONT_7690202f_52679177,G51-B,1,63988,24.20094053000524,0.018168706720574024,0.706379849236992,0.43540041499225174
scene-0554_CAM_FRONT_7690202f_52679177,G51-B,2,64195,23.860762191199175,0.018421871316179672,0.7062747879074409,0.4378627899036062
scene-0554_CAM_FRONT_7690202f_52679177,G51-B,3,63681,24.056169551899778,0.01836292351181612,0.7064849105665432,0.4339492553778268
scene-0554_CAM_FRONT_7690202f_52679177,G51-B,4,64740,24.241592610275998,0.02008877675810905,0.7059596039187875,0.44372652535917845
scene-0554_CAM_FRONT_1263172d_587805aa,G51-B,0,65440,23.09716465530537,0.013050585689810656,0.7068066608882936,0.4482441625298768
scene-0554_CAM_FRONT_1263172d_587805aa,G51-B,1,65110,22.665365063098744,0.015549367392202695,0.7074238961994064,0.4446720773251385
scene-0554_CAM_FRONT_1263172d_587805aa,G51-B,2,65530,22.876105414496525,0.014369149816015003,0.7064849105665432,0.4477648202137998
scene-0554_CAM_FRONT_1263172d_587805aa,G51-B,3,63733,22.171392942497103,0.017548556447201324,0.7066425025608699,0.4323996007669477
scene-0554_CAM_FRONT_1263172d_587805aa,G51-B,4,65316,22.483034591561108,0.016219158053308202,0.7060712315814357,0.4440088776823471
scene-0554_CAM_FRONT_376e84a4_31f09d84,G51-B,0,64413,22.10581892051782,0.0181425993571791,0.7059727365849815,0.4382896015549077
scene-0554_CAM_FRONT_376e84a4_31f09d84,G51-B,1,63230,22.06283379041571,0.013510572164935342,0.7071152785438499,0.4290704698867964
scene-0554_CAM_FRONT_376e84a4_31f09d84,G51-B,2,62340,22.020961275266703,0.012841426664794264,0.7060121345835632,0.42194599847661074
scene-0554_CAM_FRONT_376e84a4_31f09d84,G51-B,3,63048,22.16122691381156,0.015637547594172796,0.705913639587109,0.4278622645969585
scene-0554_CAM_FRONT_376e84a4_31f09d84,G51-B,4,63377,22.92569416799363,0.01366726817196362,0.7068000945551965,0.4302261445118588
scene-0554_CAM_FRONT_44428816_6e0fe77b,G51-B,0,62948,25.923296829622455,0.016224568274461948,0.7065243085651249,0.4257282063404512
scene-0554_CAM_FRONT_44428816_6e0fe77b,G51-B,1,61830,25.88104382541972,0.014196737654758262,0.7063010532398287,0.41786830562340765
scene-0554_CAM_FRONT_44428816_6e0fe77b,G51-B,2,62103,25.665646417246318,0.011953040254745417,0.706025267249757,0.4193522969033173
scene-0554_CAM_FRONT_44428816_6e0fe77b,G51-B,3,61587,25.331393376911695,0.014533649068464438,0.7063470175715074,0.41440128174822055
scene-0554_CAM_FRONT_44428816_6e0fe77b,G51-B,4,61382,25.69147414261328,0.013433227133735404,0.7068920232185538,0.4134951277808421
scene-0554_CAM_FRONT_1df35500_b61f49a7,G51-B,0,62253,25.168847749167465,0.013426479255493895,0.7068197935544874,0.422392509127203
scene-0554_CAM_FRONT_1df35500_b61f49a7,G51-B,1,61858,25.17070582162229,0.014913779229445812,0.7066293698946761,0.4177369789614688
scene-0554_CAM_FRONT_1df35500_b61f49a7,G51-B,2,60703,25.155734564585437,0.016310497169936156,0.7064980432327371,0.4101659969006908
scene-0554_CAM_FRONT_1df35500_b61f49a7,G51-B,3,60749,25.172948883161503,0.01760892830596239,0.7069248548840386,0.4105271452210228
scene-0554_CAM_FRONT_1df35500_b61f49a7,G51-B,4,60426,25.3089936023622,0.014689402692523279,0.706038399915951,0.40847188296167886
scene-0555_CAM_FRONT_12a42a64_bf8b54d2,G51-B,0,60571,23.226914682539686,0.017844928099049806,0.7067081658918394,0.40964069025293515
scene-0555_CAM_FRONT_12a42a64_bf8b54d2,G51-B,1,60857,23.648183416996613,0.015923027596981942,0.7067409975573241,0.4124576471515247
scene-0555_CAM_FRONT_12a42a64_bf8b54d2,G51-B,2,59748,22.8630967027559,0.014474510606423019,0.7059596039187875,0.4035536994720668
scene-0555_CAM_FRONT_12a42a64_bf8b54d2,G51-B,3,56847,23.203510777533598,0.013688031944740331,0.7001680981272818,0.38289601554907676
scene-0555_CAM_FRONT_12a42a64_bf8b54d2,G51-B,4,55731,22.398371826664427,0.011658117710402927,0.6979486775405143,0.37450424185118064
scene-0555_CAM_FRONT_4b0caf61_f546013d,G51-B,0,62477,30.908740086858,0.013801881243237446,0.692931999054448,0.4227930554461167
scene-0555_CAM_FRONT_4b0caf61_f546013d,G51-B,1,56608,30.625533879499024,0.02742818697543492,0.671315630499304,0.3770257137604076
scene-0555_CAM_FRONT_4b0caf61_f546013d,G51-B,2,58082,30.769264831255875,0.02540621150722222,0.6793068578782865,0.39354004149922517
scene-0555_CAM_FRONT_4b0caf61_f546013d,G51-B,3,55636,28.59460992388758,0.02788007625976352,0.6740209597352455,0.3697042523573136
scene-0555_CAM_FRONT_4b0caf61_f546013d,G51-B,4,52213,27.53937653980809,0.02275731455197727,0.6617222178446668,0.3492041604286502
scene-0555_CAM_FRONT_c7a8c960_b6aa15f5,G51-B,0,53013,34.46907811118478,0.012262038068522774,0.652936464160954,0.35788485278281196
scene-0555_CAM_FRONT_c7a8c960_b6aa15f5,G51-B,1,58222,34.913654787029934,0.020778172239916293,0.6829577390801881,0.39279804585927036
scene-0555_CAM_FRONT_c7a8c960_b6aa15f5,G51-B,2,56314,35.0745534548067,0.018931085447853935,0.6710989415071048,0.38872691933916426
scene-0555_CAM_FRONT_c7a8c960_b6aa15f5,G51-B,3,58934,33.54405313485804,0.01993106154942792,0.6953812412996087,0.41602973235626295
scene-0555_CAM_FRONT_c7a8c960_b6aa15f5,G51-B,4,63265,34.23978209605415,0.026503477274187226,0.7249822709006383,0.45270926903579967
scene-0555_CAM_FRONT_46395439_4967dbb7,G51-B,0,66286,27.259360145811918,0.018746086645426985,0.7553843931394951,0.4620597273658498
scene-0555_CAM_FRONT_46395439_4967dbb7,G51-B,1,60881,28.154774345595023,0.018115534358690955,0.7298610563916687,0.4000538439313949
scene-0555_CAM_FRONT_46395439_4967dbb7,G51-B,2,60865,29.33309910587819,0.026668240315279146,0.7268536758332677,0.39965986394557823
scene-0555_CAM_FRONT_46395439_4967dbb7,G51-B,3,61588,29.13250026019982,0.028990397568241066,0.7306030520316235,0.4044664197725422
scene-0555_CAM_FRONT_46395439_4967dbb7,G51-B,4,61470,29.68629807692308,0.03432334376837076,0.7242665405930712,0.4036324954692302
scene-0555_CAM_FRONT_d1a6bacb_577babc0,G51-B,0,56254,25.02315874073216,0.021374323999667544,0.7160848895542773,0.36944159903343576
scene-0555_CAM_FRONT_d1a6bacb_577babc0,G51-B,1,56853,25.92950083312374,0.017534496363406316,0.7182386468100754,0.3733157355606335
scene-0555_CAM_FRONT_d1a6bacb_577babc0,G51-B,2,55654,25.979125651619356,0.020783493578213186,0.7103196490951593,0.36544270217739605
scene-0555_CAM_FRONT_d1a6bacb_577babc0,G51-B,3,53520,25.242385961162682,0.0225673893471392,0.7109631497386599,0.3514301473485147
scene-0555_CAM_FRONT_d1a6bacb_577babc0,G51-B,4,53837,26.166864884076993,0.019743350251829384,0.7099191027762456,0.3535116749402464
scene-0555_CAM_FRONT_48d6941a_e1101eae,G51-B,0,66900,26.806886051542524,0.029115112647426944,0.7115738187166759,0.447259212565335
scene-0555_CAM_FRONT_48d6941a_e1101eae,G51-B,1,66282,27.305929173197487,0.019475082304106772,0.7125784676805085,0.4430042287185144
scene-0555_CAM_FRONT_48d6941a_e1101eae,G51-B,2,68033,28.290475078351008,0.018580932031657227,0.7086911984871168,0.45444278097339325
scene-0555_CAM_FRONT_48d6941a_e1101eae,G51-B,3,68950,27.134041251717022,0.030264217197200738,0.713596249310535,0.46006356210437843
scene-0555_CAM_FRONT_48d6941a_e1101eae,G51-B,4,66078,26.89499121265378,0.02096979742354277,0.6957358232868437,0.4338901583799543
scene-0555_CAM_FRONT_ab76b514_99235b3a,G51-B,0,70858,24.579320752745943,0.02522106390977874,0.6979421112074173,0.46680061986184435
scene-0555_CAM_FRONT_ab76b514_99235b3a,G51-B,1,71266,24.929890061006613,0.013160500759977323,0.6870748299319728,0.4770900638247577
scene-0555_CAM_FRONT_ab76b514_99235b3a,G51-B,2,69473,24.67716625733965,0.01889546098888406,0.6819596564494523,0.4662884458802826
scene-0555_CAM_FRONT_ab76b514_99235b3a,G51-B,3,70373,24.877927264267992,0.016187875492934545,0.6891629238568014,0.4826320489585796
scene-0555_CAM_FRONT_ab76b514_99235b3a,G51-B,4,70945,25.391462843095635,0.016726194172521858,0.6927087437291519,0.4859611798387309
scene-0555_CAM_FRONT_eeca7e4b_6fc2d998,G51-B,0,68372,26.08181049449233,0.02170718817088879,0.6977648202137998,0.44911748483177055
scene-0555_CAM_FRONT_eeca7e4b_6fc2d998,G51-B,1,67132,25.19817295178483,0.02580702533431478,0.6887689438709846,0.4408373387965225
scene-0555_CAM_FRONT_eeca7e4b_6fc2d998,G51-B,2,65634,25.939422155787526,0.02947331340880699,0.694612980327266,0.431046936148977
scene-0555_CAM_FRONT_eeca7e4b_6fc2d998,G51-B,3,67332,25.740693123109875,0.04527519492492127,0.7112980327266042,0.4439103826858929
scene-0555_CAM_FRONT_eeca7e4b_6fc2d998,G51-B,4,68313,25.241189525738797,0.041682585540195216,0.7199261944159904,0.45303101935754997
scene-0556_CAM_FRONT_17e6f41d_22ab3af7,G51-B,0,102695,26.86758804321289,0.03828975844303262,0.8746618338455073,0.6801276495154046
scene-0556_CAM_FRONT_17e6f41d_22ab3af7,G51-B,1,99456,27.40403426995797,0.043574616028871915,0.874103695532267,0.6588921282798834
scene-0556_CAM_FRONT_17e6f41d_22ab3af7,G51-B,2,100356,26.721327014218016,0.03398442889780773,0.8746093031807317,0.6644538124129961
scene-0556_CAM_FRONT_17e6f41d_22ab3af7,G51-B,3,99945,26.677267516074135,0.030056926992305222,0.8710109526436057,0.6644472460798991
scene-0556_CAM_FRONT_17e6f41d_22ab3af7,G51-B,4,107507,26.602079754840723,0.018018731161357326,0.868331888740052,0.7155464502403278
scene-0556_CAM_FRONT_e58ab79e_2b9bd710,G51-B,0,108696,25.08752563302425,0.03792075904941816,0.8685485777322512,0.7199852914138628
scene-0556_CAM_FRONT_e58ab79e_2b9bd710,G51-B,1,109484,24.266864649053623,0.029841008862136364,0.8840254248417514,0.721889528011977
scene-0556_CAM_FRONT_e58ab79e_2b9bd710,G51-B,2,122202,24.421270734054247,0.029095839048103755,0.9172051059806162,0.803830798728758
scene-0556_CAM_FRONT_e58ab79e_2b9bd710,G51-B,3,126958,24.41874453989516,0.0201230398679344,0.9555984555984556,0.8336485173219867
scene-0556_CAM_FRONT_e58ab79e_2b9bd710,G51-B,4,135366,24.197876312844354,0.023180931259950688,0.9832295852704016,0.8888582460011032
scene-0556_CAM_FRONT_93323e6a_54af38c2,G51-B,0,146704,18.07799067228336,0.01138920281964828,0.9989953510361673,0.9635043206471778
scene-0556_CAM_FRONT_93323e6a_54af38c2,G51-B,1,138094,18.140696022727273,0.011355588985398679,0.9455191342946445,0.9080056733117957
scene-0556_CAM_FRONT_93323e6a_54af38c2,G51-B,2,130066,18.518667416504538,0.011825693911578172,0.8913206209124577,0.8572544848055053
scene-0556_CAM_FRONT_93323e6a_54af38c2,G51-B,3,120898,18.784911743347077,0.013098089956873116,0.8947810784545478,0.7961087910067501
scene-0556_CAM_FRONT_93323e6a_54af38c2,G51-B,4,123525,18.624440662896454,0.013836699213095383,0.900296798255982,0.812590287080083
scene-0556_CAM_FRONT_c9bcbb76_81c86fee,G51-B,0,126392,19.538055555555555,0.021454198985304762,0.9053003440758542,0.8310482494155964
scene-0556_CAM_FRONT_c9bcbb76_81c86fee,G51-B,1,128552,19.648205559229858,0.028377794945426915,0.9112034775300082,0.8460326215428257
scene-0556_CAM_FRONT_c9bcbb76_81c86fee,G51-B,2,128222,20.39412447833863,0.027664912742817682,0.9115252278517585,0.8437475376250887
scene-0556_CAM_FRONT_c9bcbb76_81c86fee,G51-B,3,126696,20.539624239491157,0.02394344220753908,0.9061408347122633,0.8347779266146613
scene-0556_CAM_FRONT_c9bcbb76_81c86fee,G51-B,4,123662,21.24105537887168,0.014567079132207228,0.901367110550784,0.8144288603472277
scene-0556_CAM_FRONT_336a6e0b_e0ae88cc,G51-B,0,125633,19.577465345330744,0.02515772841369257,0.8990097969689806,0.830371917106611
scene-0556_CAM_FRONT_336a6e0b_e0ae88cc,G51-B,1,124660,20.668117621168182,0.03925255804348349,0.8896921703044152,0.8258739789352034
scene-0556_CAM_FRONT_336a6e0b_e0ae88cc,G51-B,2,116860,20.594810314321403,0.036314359950381014,0.8736637512147716,0.7781827016520894
scene-0556_CAM_FRONT_336a6e0b_e0ae88cc,G51-B,3,109544,21.291773805573985,0.04094230640093599,0.8468993775116224,0.7305308223675571
scene-0556_CAM_FRONT_336a6e0b_e0ae88cc,G51-B,4,98331,20.863039962437394,0.03188865685465325,0.804172248049799,0.6487077456465211
scene-0556_CAM_FRONT_3e0f93ea_ccfecd57,G51-B,0,108873,17.65205263380759,0.05776054674418285,0.814625850340136,0.7404459853439446
scene-0556_CAM_FRONT_3e0f93ea_ccfecd57,G51-B,1,111704,17.78775570946885,0.0484800658511928,0.8353885955926772,0.7640125548288813
scene-0556_CAM_FRONT_3e0f93ea_ccfecd57,G51-B,2,112149,18.14570637119114,0.05187492721296838,0.8508785753683713,0.7713208835657815
scene-0556_CAM_FRONT_3e0f93ea_ccfecd57,G51-B,3,112936,18.189629071568927,0.0613675637373321,0.8627833372731332,0.7679457883539517
scene-0556_CAM_FRONT_3e0f93ea_ccfecd57,G51-B,4,107718,17.542731084243375,0.040351175292561825,0.8568802038189793,0.7335579019252488
scene-0556_CAM_FRONT_51f360a3_809dc18a,G51-B,0,108459,16.094258195663397,0.037701962190654914,0.8458487642161111,0.7393297087174638
scene-0556_CAM_FRONT_51f360a3_809dc18a,G51-B,1,100830,15.817359324893104,0.04202784383567271,0.8289141911590892,0.6881714075591626
scene-0556_CAM_FRONT_51f360a3_809dc18a,G51-B,2,100060,15.856180160984847,0.03888940451592093,0.820758805452683,0.6805150631681244
scene-0556_CAM_FRONT_51f360a3_809dc18a,G51-B,3,98143,15.464309449586901,0.03988782245495459,0.8209098311139127,0.662904157802117
scene-0556_CAM_FRONT_51f360a3_809dc18a,G51-B,4,98382,15.754179485103629,0.04279632461466232,0.8198592178184015,0.6640729650933732
scene-0556_CAM_FRONT_e991851a_15db51ec,G51-B,0,83978,14.482944127200337,0.03790631950156764,0.8192682478396764,0.5650723609907283
scene-0556_CAM_FRONT_e991851a_15db51ec,G51-B,1,82753,14.612080762340767,0.036161851012755264,0.8189464975179261,0.5546450240327792
scene-0556_CAM_FRONT_e991851a_15db51ec,G51-B,2,83185,14.792655797538611,0.031870538274165305,0.8184146245370735,0.5562800409739185
scene-0556_CAM_FRONT_e991851a_15db51ec,G51-B,3,81486,14.971657687343555,0.03674980873158984,0.8186575788616605,0.5420639298190318
scene-0556_CAM_FRONT_e991851a_15db51ec,G51-B,4,82207,14.659571533203126,0.034553439102493755,0.8187757728574055,0.5473826596275576
scene-0557_CAM_FRONT_6cb74a87_149a7945,G51-B,0,122524,23.591331845238095,0.017855835800465458,1.0,0.8064376329682452
scene-0557_CAM_FRONT_6cb74a87_149a7945,G51-B,1,126425,22.76558655686167,0.021482778141769465,1.0,0.832893389015838
scene-0557_CAM_FRONT_6cb74a87_149a7945,G51-B,2,126349,22.53051698314379,0.023255500168086307,1.0,0.8307593307593307
scene-0557_CAM_FRONT_6cb74a87_149a7945,G51-B,3,126229,22.66221566751701,0.024778928167832337,1.0,0.8310613820817903
scene-0557_CAM_FRONT_6cb74a87_149a7945,G51-B,4,125397,23.033479790261378,0.027773832117909514,1.0,0.8256244582775195
scene-0557_CAM_FRONT_0fb30231_a9172ca1,G51-B,0,124063,22.81613998238766,0.02736395507901035,1.0,0.8161164079531427
scene-0557_CAM_FRONT_0fb30231_a9172ca1,G51-B,1,123887,22.797091228744573,0.03154197401635228,1.0,0.815952249625719
scene-0557_CAM_FRONT_0fb30231_a9172ca1,G51-B,2,121736,22.95501640095937,0.030456893110349048,1.0,0.8007446221731936
scene-0557_CAM_FRONT_0fb30231_a9172ca1,G51-B,3,120170,23.403558033821035,0.01718472422772943,1.0,0.7911709085178473
scene-0557_CAM_FRONT_0fb30231_a9172ca1,G51-B,4,116501,23.477223824654498,0.027983518437314725,1.0,0.7660415517558374
scene-0557_CAM_FRONT_208cac53_f0bd504c,G51-B,0,115961,24.3162260011536,0.05183048577929883,1.0,0.7645378614766369
scene-0557_CAM_FRONT_208cac53_f0bd504c,G51-B,1,112841,23.662190608047016,0.0247003458396855,1.0,0.7444974128647598
scene-0557_CAM_FRONT_208cac53_f0bd504c,G51-B,2,108069,23.204335409208436,0.024605174505662575,1.0,0.7138129383027342
scene-0557_CAM_FRONT_208cac53_f0bd504c,G51-B,3,102538,22.963619537090278,0.013730286685326831,1.0,0.6770874372915189
scene-0557_CAM_FRONT_208cac53_f0bd504c,G51-B,4,97216,23.0906669679752,0.02319709721873764,1.0,0.6426404538649436
scene-0557_CAM_FRONT_56a74470_6b4baeae,G51-B,0,95036,23.248332331730772,0.012957555672901577,1.0,0.6276166837391327
scene-0557_CAM_FRONT_56a74470_6b4baeae,G51-B,1,90924,23.177498797048756,0.009622046222454106,1.0,0.6017912956688467
scene-0557_CAM_FRONT_56a74470_6b4baeae,G51-B,2,86246,24.015141587243406,0.009542406239723134,1.0,0.5697935544874321
scene-0557_CAM_FRONT_56a74470_6b4baeae,G51-B,3,81568,24.98140208438129,0.009941685056869431,1.0,0.5375594253145274
scene-0557_CAM_FRONT_56a74470_6b4baeae,G51-B,4,75724,26.484867433716865,0.014071570372412134,1.0,0.49862763638273844
scene-0557_CAM_FRONT_f3697fc3_43d1d341,G51-B,0,74877,34.37577283815611,0.020438305240748633,1.0,0.49207443595198697
scene-0557_CAM_FRONT_f3697fc3_43d1d341,G51-B,1,69390,33.87555197010869,0.017475285020774667,1.0,0.4561894255771807
scene-0557_CAM_FRONT_f3697fc3_43d1d341,G51-B,2,68744,34.82354098647388,0.015540085089739586,1.0,0.45177028340293646
scene-0557_CAM_FRONT_f3697fc3_43d1d341,G51-B,3,69610,34.71925604259733,0.023932564474483442,1.0,0.45708244687836525
scene-0557_CAM_FRONT_f3697fc3_43d1d341,G51-B,4,70173,35.69760218043785,0.03572357828382433,1.0,0.4607792924119455
scene-0557_CAM_FRONT_af4ba275_87a383dc,G51-B,0,68452,29.215402521423858,0.04289483800627503,1.0,0.4494786331521025
scene-0557_CAM_FRONT_af4ba275_87a383dc,G51-B,1,67243,30.342262113764047,0.0514144445962148,1.0,0.44153993643789563
scene-0557_CAM_FRONT_af4ba275_87a383dc,G51-B,2,65974,29.580389747191,0.05401892206889092,1.0,0.433207259737872
scene-0557_CAM_FRONT_af4ba275_87a383dc,G51-B,3,65844,29.473196225315416,0.05144758569331498,1.0,0.4323536364352691
scene-0557_CAM_FRONT_af4ba275_87a383dc,G51-B,4,65822,29.708585709691263,0.05129227082097243,1.0,0.4322091771071363
scene-0557_CAM_FRONT_1c4e3d00_642083b2,G51-B,0,66828,30.657393377446613,0.05484351762238271,1.0,0.4388149082026633
scene-0557_CAM_FRONT_1c4e3d00_642083b2,G51-B,1,66113,30.89285224780702,0.049821939497527,1.0,0.4341199800383474
scene-0557_CAM_FRONT_1c4e3d00_642083b2,G51-B,2,65610,30.44409975343052,0.05174846044760373,1.0,0.43081711449058385
scene-0557_CAM_FRONT_1c4e3d00_642083b2,G51-B,3,64748,30.563022424473868,0.05326362912347804,1.0,0.425156935361017
scene-0557_CAM_FRONT_1c4e3d00_642083b2,G51-B,4,65287,30.487702011873342,0.05509070038241104,1.0,0.4287749848974339
scene-0557_CAM_FRONT_b4accdca_3e3a8dac,G51-B,0,63643,27.7517025560224,0.04766763776843774,1.0,0.4184921072676175
scene-0557_CAM_FRONT_b4accdca_3e3a8dac,G51-B,1,64652,27.269029101270544,0.036032722351180047,1.0,0.4247366900428125
scene-0557_CAM_FRONT_b4accdca_3e3a8dac,G51-B,2,65483,27.815685254614372,0.030021751190465462,1.0,0.4299831901872718
scene-0557_CAM_FRONT_b4accdca_3e3a8dac,G51-B,3,63766,27.111257868705035,0.032402029087138295,1.0,0.41870879625981666
scene-0557_CAM_FRONT_b4accdca_3e3a8dac,G51-B,4,62404,27.447205767593637,0.037276952781374106,1.0,0.4097654505817771
scene-0558_CAM_FRONT_b4b5e858_1bcca0ca,G51-B,0,56254,22.82900810854207,0.037143806566592996,1.0,0.3693825020355633
scene-0558_CAM_FRONT_b4b5e858_1bcca0ca,G51-B,1,69483,21.828473552967772,0.03636602011361667,1.0,0.45657683922990044
scene-0558_CAM_FRONT_b4b5e858_1bcca0ca,G51-B,2,79700,21.38705116928808,0.03604190012775721,1.0,0.5233367478265437
scene-0558_CAM_FRONT_b4b5e858_1bcca0ca,G51-B,3,77982,21.2386511061544,0.05634423542123601,1.0,0.5120557875659917
scene-0558_CAM_FRONT_b4b5e858_1bcca0ca,G51-B,4,69260,21.47531550480769,0.04625136898282589,1.0,0.4547842302944344
scene-0558_CAM_FRONT_5471bd11_354d9848,G51-B,0,64506,31.736843081947743,0.054815297658125095,1.0,0.4235678827515562
scene-0558_CAM_FRONT_5471bd11_354d9848,G51-B,1,61349,32.51359528186274,0.04155548048522428,1.0,0.40283796916449977
scene-0558_CAM_FRONT_5471bd11_354d9848,G51-B,2,60095,32.13741329030922,0.04911877034517431,1.0,0.39460378746093033
scene-0558_CAM_FRONT_5471bd11_354d9848,G51-B,3,57588,30.730323932926826,0.05022239996362177,1.0,0.37814199038688834
scene-0558_CAM_FRONT_5471bd11_354d9848,G51-B,4,56170,30.503365323198775,0.042033170617641336,1.0,0.36883093005541984
scene-0558_CAM_FRONT_eae74c5f_befff2eb,G51-B,0,107083,32.5295721825133,0.04303559795498213,1.0,0.7035234943398209
scene-0558_CAM_FRONT_eae74c5f_befff2eb,G51-B,1,109853,31.749619791666667,0.03218570898153983,1.0,0.7219026606781709
scene-0558_CAM_FRONT_eae74c5f_befff2eb,G51-B,2,115351,31.725866723649094,0.04368398000252727,0.9951212145089696,0.7590812386730754
scene-0558_CAM_FRONT_eae74c5f_befff2eb,G51-B,3,114993,31.34820267341041,0.047973197861578054,0.9636159483098259,0.7567107924250781
scene-0558_CAM_FRONT_eae74c5f_befff2eb,G51-B,4,108986,30.176172631292356,0.038793093981627225,0.9227011267827594,0.7157762718987208
scene-0558_CAM_FRONT_193eb290_50f3aba5,G51-B,0,62067,34.4820734559651,0.038654736957225655,0.8786804297008378,0.40755259632810653
scene-0558_CAM_FRONT_193eb290_50f3aba5,G51-B,1,64928,35.24525800483588,0.03615933273660876,0.8481141491345573,0.42633887531846715
scene-0558_CAM_FRONT_193eb290_50f3aba5,G51-B,2,65036,32.69178403983261,0.02787230430165688,0.8572479184724082,0.4270480392929373
scene-0558_CAM_FRONT_193eb290_50f3aba5,G51-B,3,72541,33.684821347755246,0.031373468909754454,0.8598941507104773,0.476328369185512
scene-0558_CAM_FRONT_193eb290_50f3aba5,G51-B,4,73680,32.05124069381882,0.02808611998483812,0.8589354660783233,0.4838074225829328
scene-0558_CAM_FRONT_c4066c80_17cdd19d,G51-B,0,94939,30.11295726102942,0.034972079398238876,0.855960917185407,0.6248456911722218
scene-0558_CAM_FRONT_c4066c80_17cdd19d,G51-B,1,98010,30.490304295942725,0.037954362844867084,0.8579111181151997,0.6452866861030127
scene-0558_CAM_FRONT_c4066c80_17cdd19d,G51-B,2,99515,30.894349774970966,0.023839596179316747,0.855836156856565,0.6556155280645076
scene-0558_CAM_FRONT_c4066c80_17cdd19d,G51-B,3,98678,30.962188995636254,0.025086283327330428,0.8549825335539621,0.6497649252751293
scene-0558_CAM_FRONT_c4066c80_17cdd19d,G51-B,4,95736,30.096784319196434,0.018342843046665003,0.8483702361253381,0.6309917789509626
scene-0558_CAM_FRONT_bce683c6_47e1c528,G51-B,0,80097,24.50169235354224,0.01577331017757233,0.8493354870905891,0.5276902266698185
scene-0558_CAM_FRONT_bce683c6_47e1c528,G51-B,1,81889,24.351456438908805,0.021315369733434064,0.8451199012423503,0.5404157802116986
scene-0558_CAM_FRONT_bce683c6_47e1c528,G51-B,2,87900,24.175465851745773,0.016110270398335125,0.8401885850865443,0.5808578257557849
scene-0558_CAM_FRONT_bce683c6_47e1c528,G51-B,3,90071,24.705854148487493,0.019975814311155915,0.8381595881595881,0.5962558768681218
scene-0558_CAM_FRONT_bce683c6_47e1c528,G51-B,4,90991,24.562160640018476,0.03325209503792648,0.8377984398392562,0.6029666692931999
scene-0558_CAM_FRONT_85bd28ee_05687786,G51-B,0,59021,15.884462432310466,0.0239071924145704,0.8390985737924513,0.3893244556509863
scene-0558_CAM_FRONT_85bd28ee_05687786,G51-B,1,61804,15.955154815151998,0.023124741062146015,0.8429333123210674,0.4090234549418223
scene-0558_CAM_FRONT_85bd28ee_05687786,G51-B,2,64960,15.556273024112519,0.015454658164756996,0.8477398681480314,0.42884721456150027
scene-0558_CAM_FRONT_85bd28ee_05687786,G51-B,3,69517,15.365219160783836,0.011172826555577497,0.8548118088934415,0.4616985790455178
scene-0558_CAM_FRONT_85bd28ee_05687786,G51-B,4,72078,15.717556914592759,0.012172750833129742,0.8626651432773882,0.4780618811231056
scene-0558_CAM_FRONT_80be8bec_74599f5d,G51-B,0,46424,13.35179197943864,0.03209836255691334,0.8654689675097839,0.30689070995193446
scene-0558_CAM_FRONT_80be8bec_74599f5d,G51-B,1,41888,13.324104234527686,0.02231244765555762,0.8602684316970032,0.2775851653402674
scene-0558_CAM_FRONT_80be8bec_74599f5d,G51-B,2,41791,13.402946256426734,0.023459637206759698,0.8586925117537363,0.2759961127308066
scene-0558_CAM_FRONT_80be8bec_74599f5d,G51-B,3,40335,13.218437890137329,0.030413711410235855,0.8553962125390697,0.2664486644078481
scene-0558_CAM_FRONT_80be8bec_74599f5d,G51-B,4,29201,13.41051732191885,0.03407184308503819,0.851876657999107,0.19289916738896332
scene-0559_CAM_FRONT_029af235_4ffbb895,G51-B,0,71630,38.033411010197575,0.007396131947134954,0.8805649672996612,0.47395135660441784
scene-0559_CAM_FRONT_029af235_4ffbb895,G51-B,1,69352,35.32108575085325,0.013730117474092474,0.8837233735192919,0.4601751897670265
scene-0559_CAM_FRONT_029af235_4ffbb895,G51-B,2,65669,36.37415984623017,0.014271680254876351,0.8876500407112652,0.43425787303338326
scene-0559_CAM_FRONT_029af235_4ffbb895,G51-B,3,64050,36.905953201593135,0.008947851017325315,0.8908281459301868,0.43357497439130094
scene-0559_CAM_FRONT_029af235_4ffbb895,G51-B,4,64056,37.887889161985015,0.015170974529737924,0.8925550915346834,0.43675307961022247
scene-0559_CAM_FRONT_9229caee_d61b0d89,G51-B,0,80142,32.22067786334241,0.009907002902648454,0.8962322380689728,0.532792267486145
scene-0559_CAM_FRONT_9229caee_d61b0d89,G51-B,1,81622,33.625750632111256,0.03815411051373796,0.8838481338481339,0.5400808972237544
scene-0559_CAM_FRONT_9229caee_d61b0d89,G51-B,2,87579,34.73420715332031,0.05472294448119186,0.884189583169175,0.5778964095290626
scene-0559_CAM_FRONT_9229caee_d61b0d89,G51-B,3,83801,34.604246937865014,0.03469496805229122,0.8817272082578205,0.5515719801434087
scene-0559_CAM_FRONT_9229caee_d61b0d89,G51-B,4,78932,36.36343285090557,0.033687462657330025,0.8805584009665642,0.5194691776324429
scene-0559_CAM_FRONT_357116a6_4454f64f,G51-B,0,76384,33.62530479478777,0.035170102887204235,0.876986315761826,0.5019895989283745
scene-0559_CAM_FRONT_357116a6_4454f64f,G51-B,1,77265,35.04115594660194,0.05284210578763027,0.8722716885982192,0.5076235127255535
scene-0559_CAM_FRONT_357116a6_4454f64f,G51-B,2,78655,33.96509736679605,0.04531225927251459,0.8735783888845113,0.5170330680534763
scene-0559_CAM_FRONT_357116a6_4454f64f,G51-B,3,79434,33.225962195010936,0.043301401301171216,0.8693496703700785,0.5222861345310325
scene-0559_CAM_FRONT_357116a6_4454f64f,G51-B,4,81769,33.98589797247023,0.04015085243303629,0.86592861082657,0.5375397263152365
scene-0559_CAM_FRONT_ba887e56_68df1fb2,G51-B,0,77910,23.410611634178657,0.05671001297254796,0.8623499592887348,0.5120886192314764
scene-0559_CAM_FRONT_ba887e56_68df1fb2,G51-B,1,79838,23.002759144360706,0.10965627531905486,0.8604719880230084,0.5250768260972343
scene-0559_CAM_FRONT_ba887e56_68df1fb2,G51-B,2,79331,22.41336675160944,0.08511146451071916,0.8553699472066819,0.5209925669109342
scene-0559_CAM_FRONT_ba887e56_68df1fb2,G51-B,3,77111,23.23395023895234,0.06321490752441772,0.8563089328395451,0.5064415727681034
scene-0559_CAM_FRONT_ba887e56_68df1fb2,G51-B,4,74241,23.263693676132633,0.05412998912071432,0.8505896567121057,0.48749113545031914
scene-0559_CAM_FRONT_2fdf63c9_83956bb0,G51-B,0,82724,28.328139529091388,0.034970042204071516,0.845146166574738,0.5572255929398786
scene-0559_CAM_FRONT_2fdf63c9_83956bb0,G51-B,1,84713,29.382725545804792,0.031109812284977778,0.8438985632863184,0.5722624957318835
scene-0559_CAM_FRONT_2fdf63c9_83956bb0,G51-B,2,85015,28.3143528293919,0.03982963960953434,0.841173535051086,0.5748890289706616
scene-0559_CAM_FRONT_2fdf63c9_83956bb0,G51-B,3,85029,27.162003928283653,0.03688722298263247,0.8382449504898485,0.5753880702860295
scene-0559_CAM_FRONT_2fdf63c9_83956bb0,G51-B,4,89408,26.93171907183316,0.02727117000679602,0.8370104798676227,0.6055735035326872
scene-0559_CAM_FRONT_f7d0d2a3_c10534ca,G51-B,0,91525,24.62402602785146,0.01957905435198537,0.8331100780080372,0.615560896173141
scene-0559_CAM_FRONT_f7d0d2a3_c10534ca,G51-B,1,95735,25.86364790162455,0.04881862902522416,0.8243374569905182,0.6360215901032228
scene-0559_CAM_FRONT_f7d0d2a3_c10534ca,G51-B,2,94043,24.69103603078359,0.040551278074755004,0.8251385496283455,0.62770861240249
scene-0559_CAM_FRONT_f7d0d2a3_c10534ca,G51-B,3,98667,25.231358708966198,0.05060873357632767,0.8355855855855856,0.6580122396448927
scene-0559_CAM_FRONT_f7d0d2a3_c10534ca,G51-B,4,93912,25.261632278633307,0.051940310355137465,0.8269311585638116,0.6457594620859927
scene-0559_CAM_FRONT_c6b4dc34_6939d4b4,G51-B,0,94093,19.969946262782564,0.02932325300942562,0.841416489375673,0.6829774380794789
scene-0559_CAM_FRONT_c6b4dc34_6939d4b4,G51-B,1,98405,20.925209180843186,0.0478049230688975,0.8581409397735928,0.7232684579623355
scene-0559_CAM_FRONT_c6b4dc34_6939d4b4,G51-B,2,109549,21.448499530579397,0.04428833814200317,0.8928243111916582,0.8026422924382108
scene-0559_CAM_FRONT_c6b4dc34_6939d4b4,G51-B,3,102015,21.04739213947991,0.03729097689109828,0.8764413101147795,0.7380033094318809
scene-0559_CAM_FRONT_c6b4dc34_6939d4b4,G51-B,4,103126,22.01826506809012,0.044526708482805155,0.8739132718724556,0.7103524807606441
scene-0559_CAM_FRONT_c142d321_b83d58a6,G51-B,0,84760,20.789156045899855,0.054160658711384535,0.8627111076090668,0.5715533317574134
scene-0559_CAM_FRONT_c142d321_b83d58a6,G51-B,1,92483,21.551611609285033,0.04247284708169907,0.8850629054710687,0.6309852126178657
scene-0559_CAM_FRONT_c142d321_b83d58a6,G51-B,2,94816,21.480744485294117,0.03550228271547162,0.8915635752370447,0.6435137761668374
scene-0559_CAM_FRONT_c142d321_b83d58a6,G51-B,3,91970,21.43451332605985,0.0354805600884176,0.8907624825992173,0.624228455861109
scene-0559_CAM_FRONT_c142d321_b83d58a6,G51-B,4,97837,21.063951333992087,0.0362652015038849,0.9065873453628556,0.6478081580122397
scene-0560_CAM_FRONT_5c558d97_a4060a0e,G51-B,0,98804,18.623791084933096,0.03578206110613302,0.9144735114122869,0.6547028077640322
scene-0560_CAM_FRONT_5c558d97_a4060a0e,G51-B,1,99349,19.251476387779554,0.04344314355306356,0.907624825992173,0.6595618942557718
scene-0560_CAM_FRONT_5c558d97_a4060a0e,G51-B,2,102330,18.970038930976422,0.053364215452157415,0.9051558847477215,0.6859454206392982
scene-0560_CAM_FRONT_5c558d97_a4060a0e,G51-B,3,105216,19.154345980332515,0.04220163162698354,0.9022732645181625,0.708435111496336
scene-0560_CAM_FRONT_5c558d97_a4060a0e,G51-B,4,106976,19.082054063919532,0.044118324469260006,0.8921414125495758,0.7212985580332519
scene-0560_CAM_FRONT_ecba6710_99d384fe,G51-B,0,104077,21.64137174970947,0.024931273355515593,0.8816090142620755,0.6985330811861424
scene-0560_CAM_FRONT_ecba6710_99d384fe,G51-B,1,96342,21.106476698806247,0.01572741149900514,0.8759488351325087,0.6410251359230951
scene-0560_CAM_FRONT_ecba6710_99d384fe,G51-B,2,88328,19.85728156429597,0.013974839758425173,0.8639127465658077,0.5888687521340582
scene-0560_CAM_FRONT_ecba6710_99d384fe,G51-B,3,72266,19.416636497914734,0.023473882052813533,0.8660993354870906,0.47452262758385205
scene-0560_CAM_FRONT_ecba6710_99d384fe,G51-B,4,67287,20.318711093127487,0.033768295940577175,0.8740839965329761,0.4418288550941612
scene-0560_CAM_FRONT_f779f508_91e84099,G51-B,0,73932,27.508723704515923,0.033225425128457164,0.8846557928190582,0.48570509284795
scene-0560_CAM_FRONT_f779f508_91e84099,G51-B,1,79479,28.736149809797112,0.05272107577211127,0.8885955926772253,0.5237569931447482
scene-0560_CAM_FRONT_f779f508_91e84099,G51-B,2,74866,28.075518334133076,0.06798727032476037,0.8826990255561684,0.4925275129356762
scene-0560_CAM_FRONT_f779f508_91e84099,G51-B,3,73406,28.912123426258994,0.061482040765900026,0.8862054474299372,0.48300632994510545
scene-0560_CAM_FRONT_f779f508_91e84099,G51-B,4,74962,29.68779633620689,0.06454385938763485,0.8924434638720353,0.49279673259265094
scene-0560_CAM_FRONT_65877dfa_354b8f68,G51-B,0,71925,25.539653310161118,0.04112012482027838,0.8922793055446117,0.4723360386625693
scene-0560_CAM_FRONT_65877dfa_354b8f68,G51-B,1,71113,25.80276700949367,0.042085387511044736,0.8884642660152864,0.4671026711843038
scene-0560_CAM_FRONT_65877dfa_354b8f68,G51-B,2,71555,25.309309657792507,0.033863262312756603,0.8878273317048827,0.46987366375121475
scene-0560_CAM_FRONT_65877dfa_354b8f68,G51-B,3,71742,25.583231452767166,0.04871154960561075,0.8876434743781683,0.4712394610353794
scene-0560_CAM_FRONT_65877dfa_354b8f68,G51-B,4,71048,25.257244897959183,0.0580149175048843,0.8877419693746225,0.46655766553725736
scene-0560_CAM_FRONT_e11f179b_00bf6d20,G51-B,0,73526,27.832460098448678,0.07268896270451641,0.887906127702046,0.4845625508890815
scene-0560_CAM_FRONT_e11f179b_00bf6d20,G51-B,1,72856,27.803309413085312,0.07921603351836115,0.8879717910330155,0.4800777453838678
scene-0560_CAM_FRONT_e11f179b_00bf6d20,G51-B,2,71812,28.175947765170513,0.06668055684107199,0.8876500407112652,0.4729467076405852
scene-0560_CAM_FRONT_e11f179b_00bf6d20,G51-B,3,68861,27.68255917388614,0.05667874206808632,0.8874924487169386,0.45234812071546765
scene-0560_CAM_FRONT_e11f179b_00bf6d20,G51-B,4,71924,27.24788439472174,0.05331703457579384,0.887308591390224,0.4728876106427127
scene-0560_CAM_FRONT_3801084b_17c2afd5,G51-B,0,65785,25.64439901262762,0.0483563287107045,0.8873808210542904,0.4319662227825493
scene-0560_CAM_FRONT_3801084b_17c2afd5,G51-B,1,67456,25.708548586460452,0.05441529188310801,0.8873282903895149,0.442938565387545
scene-0560_CAM_FRONT_3801084b_17c2afd5,G51-B,2,66754,25.81575520833333,0.05380721314959147,0.8876500407112652,0.4383552648858771
scene-0560_CAM_FRONT_3801084b_17c2afd5,G51-B,3,64938,25.62501415307972,0.04862392334689947,0.8879389593675308,0.4264439366480183
scene-0560_CAM_FRONT_3801084b_17c2afd5,G51-B,4,66447,26.104945182211242,0.05306114680807861,0.8873348567226118,0.43639849762298744
scene-0560_CAM_FRONT_b94fd1ca_697cc6a7,G51-B,0,76695,25.61836577868852,0.03880863741790508,0.8874399180521629,0.5048853518241273
scene-0560_CAM_FRONT_b94fd1ca_697cc6a7,G51-B,1,76607,25.76330678960604,0.051589279242170605,0.8871116013973157,0.5041236571848817
scene-0560_CAM_FRONT_b94fd1ca_697cc6a7,G51-B,2,73146,25.544867590754393,0.055472709783731755,0.8870984687311217,0.480301000709164
scene-0560_CAM_FRONT_b94fd1ca_697cc6a7,G51-B,3,75467,25.73759536384977,0.040016281882592875,0.8870262390670554,0.496513277125522
scene-0560_CAM_FRONT_b94fd1ca_697cc6a7,G51-B,4,83220,26.403017573311978,0.029820865078432846,0.886954009402989,0.5486368292490742
scene-0560_CAM_FRONT_89c5cbeb_f457a12f,G51-B,0,75895,20.482809271694208,0.03620207431588973,0.8920494838862186,0.4994090300212749
scene-0560_CAM_FRONT_89c5cbeb_f457a12f,G51-B,1,83041,20.909057960403,0.04345943779098693,0.8963044677330392,0.5460628266750716
scene-0560_CAM_FRONT_89c5cbeb_f457a12f,G51-B,2,81987,19.484976632254472,0.03166180841624211,0.8958316917500591,0.5393454679168965
scene-0560_CAM_FRONT_89c5cbeb_f457a12f,G51-B,3,75795,20.364031375895255,0.04891483565822741,0.8972171880335146,0.49896251937068264
scene-0560_CAM_FRONT_89c5cbeb_f457a12f,G51-B,4,69055,20.581928008557195,0.042218421780014115,0.8878207653717858,0.45343813200956057
scene-0561_CAM_FRONT_9eebbe06_25f8552b,G51-B,0,71603,29.022953089609285,0.07166108386231551,0.8887203530060673,0.4701822814067712
scene-0561_CAM_FRONT_9eebbe06_25f8552b,G51-B,1,70879,29.303167229729727,0.07752526970212648,0.8887794500039398,0.4654282562445828
scene-0561_CAM_FRONT_9eebbe06_25f8552b,G51-B,2,71656,28.557243220520903,0.07123207325747827,0.8887794500039398,0.4708454810495627
scene-0561_CAM_FRONT_9eebbe06_25f8552b,G51-B,3,70412,29.052144048455048,0.07156482078885373,0.8886809550074857,0.46239461035379403
scene-0561_CAM_FRONT_9eebbe06_25f8552b,G51-B,4,69538,28.763262834315494,0.06460345392555578,0.8885758936779345,0.4566096708953852
scene-0561_CAM_FRONT_d3087b20_12f0d5cf,G51-B,0,70348,28.766847161868547,0.06928929861451794,0.8887334856722612,0.46193496703700787
scene-0561_CAM_FRONT_d3087b20_12f0d5cf,G51-B,1,72167,28.917023173618222,0.07280332849417359,0.8888976439996848,0.4738922596065453
scene-0561_CAM_FRONT_d3087b20_12f0d5cf,G51-B,2,71182,28.738116894812677,0.08088034314431347,0.8886809550074857,0.4674572531715389
scene-0561_CAM_FRONT_d3087b20_12f0d5cf,G51-B,3,68522,28.148336015838655,0.06868513404419163,0.8888648123342001,0.44993827646888873
scene-0561_CAM_FRONT_d3087b20_12f0d5cf,G51-B,4,70687,28.44029856220656,0.07870658711398093,0.8886481233420009,0.46415438762377537
scene-0561_CAM_FRONT_cefdde03_781696f7,G51-B,0,67397,27.032832458941613,0.04904515165127998,0.8884314343498017,0.4425511517348252
scene-0561_CAM_FRONT_cefdde03_781696f7,G51-B,1,69614,27.394014298215893,0.04244992291745597,0.8883001076878628,0.4571218448769469
scene-0561_CAM_FRONT_cefdde03_781696f7,G51-B,2,69676,27.07389777808832,0.05032963138947699,0.8890618023271084,0.4578704068499987
scene-0561_CAM_FRONT_cefdde03_781696f7,G51-B,3,68707,27.20497203181583,0.06574940084692571,0.8886218580096131,0.45133690541853805
scene-0561_CAM_FRONT_cefdde03_781696f7,G51-B,4,68993,27.412490999423962,0.06416139860258774,0.8887006540067764,0.45303101935754997
scene-0561_CAM_FRONT_b9c1ea3e_8a51ed03,G51-B,0,66246,27.647259661259536,0.06359600767109108,0.8888516796680062,0.43499330234024114
scene-0561_CAM_FRONT_b9c1ea3e_8a51ed03,G51-B,1,66241,29.394000127106338,0.07127483666064771,0.8890683686602054,0.4349604706747564
scene-0561_CAM_FRONT_b9c1ea3e_8a51ed03,G51-B,2,64255,29.41625796742209,0.06736946428818724,0.8891405983242718,0.42191973314422293
scene-0561_CAM_FRONT_b9c1ea3e_8a51ed03,G51-B,3,64908,29.128246410472975,0.0703691567720437,0.8893310219840832,0.42620754865652827
scene-0561_CAM_FRONT_b9c1ea3e_8a51ed03,G51-B,4,64935,29.45163937832447,0.06957774334531708,0.8891602973235626,0.4263848396501458
scene-0561_CAM_FRONT_85196a97_778c13dd,G51-B,0,65474,30.25883841944946,0.07138659715569351,0.8889107766658787,0.42992409318939934
scene-0561_CAM_FRONT_85196a97_778c13dd,G51-B,1,65071,29.716151264337846,0.06564554881405682,0.888871378667297,0.42727786095133036
scene-0561_CAM_FRONT_85196a97_778c13dd,G51-B,2,65073,30.17876980633803,0.07424803508683775,0.8889698736637512,0.4272909936175242
scene-0561_CAM_FRONT_85196a97_778c13dd,G51-B,3,64826,30.102918738698012,0.07331848649169359,0.8891077666587871,0.42566910934257873
scene-0561_CAM_FRONT_85196a97_778c13dd,G51-B,4,63930,30.213228314836442,0.07211274540698365,0.8875187140493263,0.41978567488771573
scene-0561_CAM_FRONT_4c9fcbb0_3f3cf325,G51-B,0,82282,26.243386944317145,0.07725051526954729,0.8858311664434113,0.545412759698474
scene-0561_CAM_FRONT_4c9fcbb0_3f3cf325,G51-B,1,77231,25.62799652777778,0.07216268679622218,0.8814645549339427,0.5090221416752029
scene-0561_CAM_FRONT_4c9fcbb0_3f3cf325,G51-B,2,81945,26.491544869724365,0.08797133876678398,0.8838612665143277,0.5435676200982323
scene-0561_CAM_FRONT_4c9fcbb0_3f3cf325,G51-B,3,83101,28.037661227493086,0.08993533140873389,0.8869999737346677,0.5543429727103196
scene-0561_CAM_FRONT_4c9fcbb0_3f3cf325,G51-B,4,84459,26.99091667528974,0.09331551951929518,0.9007498752396712,0.5582105429044204
scene-0561_CAM_FRONT_e7956e3f_67aad7ad,G51-B,0,91958,25.586802049676894,0.09418536634682972,0.9070207233472539,0.6168807291256271
scene-0561_CAM_FRONT_e7956e3f_67aad7ad,G51-B,1,95802,27.080165345893136,0.09224250597365669,0.9151629763874661,0.6407559162661204
scene-0561_CAM_FRONT_e7956e3f_67aad7ad,G51-B,2,100330,25.63867721627165,0.06727801071347672,0.92491398103643,0.6680718619494129
scene-0561_CAM_FRONT_e7956e3f_67aad7ad,G51-B,3,101516,26.821935473326345,0.06893435348700461,0.9275733459406929,0.6775930449399837
scene-0561_CAM_FRONT_e7956e3f_67aad7ad,G51-B,4,111404,28.166051682692306,0.06777279155863214,0.9389265358653114,0.7436043915635753
scene-0561_CAM_FRONT_33acbf66_79df0c60,G51-B,0,120871,25.46756734476461,0.07648209153635399,0.9927770335933601,0.8022877104509758
scene-0561_CAM_FRONT_33acbf66_79df0c60,G51-B,1,113748,26.00655715811966,0.07301926222892274,0.9962112258030625,0.7500393979985817
scene-0561_CAM_FRONT_33acbf66_79df0c60,G51-B,2,99282,26.564819437240665,0.08024304166859997,0.99410999921204,0.6536915924671026
scene-0561_CAM_FRONT_33acbf66_79df0c60,G51-B,3,90143,24.52512203381913,0.09705777613937006,0.9868476348068185,0.5995259107504005
scene-0561_CAM_FRONT_33acbf66_79df0c60,G51-B,4,86772,26.222828765772878,0.07001025242916192,0.9462479972684055,0.5732474456964253
scene-0562_CAM_FRONT_e493c692_c79d5105,G51-B,0,79661,26.670146995064027,0.044868662724245834,0.8148294066661413,0.5232054211646049
scene-0562_CAM_FRONT_e493c692_c79d5105,G51-B,1,80257,26.26737944198457,0.037540869073082295,0.8112310561290154,0.5271452210227721
scene-0562_CAM_FRONT_e493c692_c79d5105,G51-B,2,83310,26.868208874458865,0.02969225657085728,0.8198460851522076,0.5472316339663278
scene-0562_CAM_FRONT_e493c692_c79d5105,G51-B,3,82490,27.263566666666673,0.044147536810459354,0.8234707010217215,0.5426877314632417
scene-0562_CAM_FRONT_e493c692_c79d5105,G51-B,4,83361,26.697295102012294,0.03008469914073464,0.834942084942085,0.5499435295353663
scene-0562_CAM_FRONT_1a4601bb_b6fd3363,G51-B,0,83774,25.305537236201303,0.058557110187445804,0.8335106243269509,0.5552294276784072
scene-0562_CAM_FRONT_1a4601bb_b6fd3363,G51-B,1,88407,25.339910416666672,0.040559970483685426,0.8421125206839493,0.5887111601397316
scene-0562_CAM_FRONT_1a4601bb_b6fd3363,G51-B,2,99206,25.857458025887944,0.04209992371770288,0.8710043863105088,0.6652877367163081
scene-0562_CAM_FRONT_1a4601bb_b6fd3363,G51-B,3,104402,24.90325360872236,0.03359588580639117,0.8867964174086623,0.7062288235757623
scene-0562_CAM_FRONT_1a4601bb_b6fd3363,G51-B,4,105798,26.103941429846238,0.06628899486971829,0.9015509678774984,0.7162096498831193
scene-0562_CAM_FRONT_aa4dc9c8_ef8800a2,G51-B,0,111740,23.901074218750004,0.04450486097002271,0.9049260630893284,0.7457581488193733
scene-0562_CAM_FRONT_aa4dc9c8_ef8800a2,G51-B,1,106252,24.11448731478291,0.04340172188854807,0.8926338875318467,0.7137735403041525
scene-0562_CAM_FRONT_aa4dc9c8_ef8800a2,G51-B,2,105106,24.0638302278752,0.04181910483973539,0.8996795629448691,0.7054868279358075
scene-0562_CAM_FRONT_aa4dc9c8_ef8800a2,G51-B,3,97765,23.38851346796808,0.04981132370423591,0.8991345572978227,0.6523454941822289
scene-0562_CAM_FRONT_aa4dc9c8_ef8800a2,G51-B,4,93117,24.297809646118715,0.06246551732101402,0.899206786961889,0.625771544138891
scene-0562_CAM_FRONT_8c31c49f_964b2b96,G51-B,0,111239,28.299919401174677,0.07792677700673734,0.90088120190161,0.7611430672655163
scene-0562_CAM_FRONT_8c31c49f_964b2b96,G51-B,1,111930,27.76040694962686,0.06487474491222112,0.9170409476531926,0.7601646836340714
scene-0562_CAM_FRONT_8c31c49f_964b2b96,G51-B,2,112465,27.399837820870534,0.059513269246930456,0.9198841698841699,0.7664683634071389
scene-0562_CAM_FRONT_8c31c49f_964b2b96,G51-B,3,111200,26.596790323075034,0.03538495969464317,0.9304822315026396,0.7530533448900796
scene-0562_CAM_FRONT_8c31c49f_964b2b96,G51-B,4,106473,26.95735160383598,0.04523667383474406,0.9354398129908335,0.722007722007722
scene-0562_CAM_FRONT_be83af41_c34e3ca7,G51-B,0,111446,22.88739305977484,0.022582570762335052,0.9438775510204082,0.758299845034539
scene-0562_CAM_FRONT_be83af41_c34e3ca7,G51-B,1,120033,24.015340147453085,0.026814051556179663,0.9716925380190686,0.8132928847214561
scene-0562_CAM_FRONT_be83af41_c34e3ca7,G51-B,2,124389,23.79001824766874,0.021744099075755585,0.9933286055735036,0.819320778504452
scene-0562_CAM_FRONT_be83af41_c34e3ca7,G51-B,3,117674,24.73975973751059,0.03015333781424201,0.9873335434559924,0.7772043180206446
scene-0562_CAM_FRONT_be83af41_c34e3ca7,G51-B,4,117318,24.33969029017857,0.013409917615364808,0.9796903317311481,0.776193102723715
scene-0562_CAM_FRONT_3013736d_1c325d22,G51-B,0,116634,24.784554503916453,0.04840511239399259,0.971278859033961,0.7693772489690857
scene-0562_CAM_FRONT_3013736d_1c325d22,G51-B,1,112112,24.662352868037132,0.06880433857373935,0.9555787565991648,0.7435190292333149
scene-0562_CAM_FRONT_3013736d_1c325d22,G51-B,2,106788,25.0400353493346,0.07237256257586644,0.9369566359362278,0.7098994037769548
scene-0562_CAM_FRONT_3013736d_1c325d22,G51-B,3,96427,25.50355129851597,0.05489619154609171,0.9052215480786909,0.6464029627294934
scene-0562_CAM_FRONT_3013736d_1c325d22,G51-B,4,82533,24.197301303771358,0.02037830628674886,0.8587450424185118,0.553213563417645
scene-0562_CAM_FRONT_08b2887d_c0fbf404,G51-B,0,76088,22.538961563307492,0.024002889901540314,0.8301486617813149,0.5006172353111129
scene-0562_CAM_FRONT_08b2887d_c0fbf404,G51-B,1,81093,22.1561620213964,0.02124472527193344,0.8306411367635858,0.5325296141622672
scene-0562_CAM_FRONT_08b2887d_c0fbf404,G51-B,2,81887,22.53930252514954,0.021856073791364672,0.8326176030257663,0.5376973183095632
scene-0562_CAM_FRONT_08b2887d_c0fbf404,G51-B,3,84001,22.17171391752578,0.024831613916641793,0.8369513828697502,0.5515785464765056
scene-0562_CAM_FRONT_08b2887d_c0fbf404,G51-B,4,82855,22.690980113636368,0.02541619042188925,0.8382383841567514,0.544092926745988
scene-0562_CAM_FRONT_cace7b0c_56b65b67,G51-B,0,78334,16.95253426955522,0.02546831621798451,0.8412457647151524,0.5147348514695453
scene-0562_CAM_FRONT_cace7b0c_56b65b67,G51-B,1,82333,17.206201840753423,0.0356149784755222,0.8456846058886875,0.5417093478317968
scene-0562_CAM_FRONT_cace7b0c_56b65b67,G51-B,2,83558,17.28439560377529,0.02797328162990209,0.849105665432196,0.5501733511937593
scene-0562_CAM_FRONT_cace7b0c_56b65b67,G51-B,3,83253,17.17379534175275,0.01866032154729691,0.8496506710792425,0.5475139862894965
scene-0562_CAM_FRONT_cace7b0c_56b65b67,G51-B,4,84277,17.39547858205782,0.01836281843880405,0.8512528563548972,0.5537914007301762
scene-0563_CAM_FRONT_970f41b6_95f02301,G51-B,0,65805,11.46551053406762,0.03684975588990547,0.8753775641530743,0.4320975494444882
scene-0563_CAM_FRONT_970f41b6_95f02301,G51-B,1,71607,11.501139405410541,0.041077921958732944,0.8759357024663147,0.4701954140729651
scene-0563_CAM_FRONT_970f41b6_95f02301,G51-B,2,65265,11.242618921344645,0.028281702658012442,0.8762180547894833,0.4285517295721377
scene-0563_CAM_FRONT_970f41b6_95f02301,G51-B,3,62999,11.176599528794204,0.02685642335585703,0.8755876868121766,0.4136724187744596
scene-0563_CAM_FRONT_970f41b6_95f02301,G51-B,4,71020,11.199478750665598,0.02769529824697492,0.8762311874556773,0.4663409765450582
scene-0563_CAM_FRONT_ac7e7a21_3244a7f0,G51-B,0,86723,11.784118709226469,0.04801607449886092,0.8736112205499961,0.5706143461245502
scene-0563_CAM_FRONT_ac7e7a21_3244a7f0,G51-B,1,87687,11.921343180728668,0.05831046283533148,0.8740642975336853,0.5769836892285872
scene-0563_CAM_FRONT_ac7e7a21_3244a7f0,G51-B,2,86097,11.87911567338016,0.04115701135545846,0.8784571743755417,0.5666548472670921
scene-0563_CAM_FRONT_ac7e7a21_3244a7f0,G51-B,3,77186,11.619675705046653,0.03431149763385677,0.8734470622225724,0.5078664670501405
scene-0563_CAM_FRONT_ac7e7a21_3244a7f0,G51-B,4,74394,11.44874666765403,0.022687823414772934,0.8722191579334436,0.4902030310193575
scene-0563_CAM_FRONT_d036b91e_069b2210,G51-B,0,109417,17.347584111425032,0.03348732553650846,0.8867898510755654,0.7291978567488772
scene-0563_CAM_FRONT_d036b91e_069b2210,G51-B,1,112441,17.538520757299263,0.026376231144785933,0.9208231555170331,0.7469860531085021
scene-0563_CAM_FRONT_d036b91e_069b2210,G51-B,2,114885,17.933253009420795,0.038069949362056654,0.9327344837548919,0.7623250072229664
scene-0563_CAM_FRONT_d036b91e_069b2210,G51-B,3,113618,17.799848104678166,0.04982948547675825,0.9354463793239304,0.7545439025030862
scene-0563_CAM_FRONT_d036b91e_069b2210,G51-B,4,109848,18.010944484047474,0.039571215509870195,0.9345861896882305,0.7295590050692091
scene-0563_CAM_FRONT_cc6d0652_535df957,G51-B,0,85103,17.852690695611237,0.05452150623818186,0.931637906127702,0.5651183253224069
scene-0563_CAM_FRONT_cc6d0652_535df957,G51-B,1,82524,18.020670012060645,0.05974562574025177,0.9263717069839519,0.5487550232448192
scene-0563_CAM_FRONT_cc6d0652_535df957,G51-B,2,88972,18.279147570427515,0.07094499344429184,0.9234431224227143,0.590096656423187
scene-0563_CAM_FRONT_cc6d0652_535df957,G51-B,3,88490,17.817368887554245,0.06656240054564644,0.9170672129855804,0.5874110261865364
scene-0563_CAM_FRONT_cc6d0652_535df957,G51-B,4,92728,18.41079540652468,0.08066661146043974,0.9107635332125128,0.6150027578599007
scene-0563_CAM_FRONT_8c4f9b0b_0645e15d,G51-B,0,91776,9.784993489583336,0.036001913954698095,0.9050508234181703,0.6103866256927482
scene-0563_CAM_FRONT_8c4f9b0b_0645e15d,G51-B,1,95829,9.878664779199573,0.028149712873159594,0.8967509783836315,0.6371838310613821
scene-0563_CAM_FRONT_8c4f9b0b_0645e15d,G51-B,2,101362,9.902876793786797,0.01842695366363256,0.8904604312767578,0.6704488745305072
scene-0563_CAM_FRONT_8c4f9b0b_0645e15d,G51-B,3,104577,10.176240251598326,0.01455194649009961,0.8914913455729783,0.6911131247865941
scene-0563_CAM_FRONT_8c4f9b0b_0645e15d,G51-B,4,105252,10.37551605504587,0.016118941654764463,0.891878759225698,0.6947180416568172
scene-0563_CAM_FRONT_a9bc05c8_119fb420,G51-B,0,75956,7.411876439716619,0.017999209595428445,0.8909594725921256,0.49978987734089775
scene-0563_CAM_FRONT_a9bc05c8_119fb420,G51-B,1,78231,7.416507870644452,0.017873248157857402,0.8900598849578442,0.5147348514695453
scene-0563_CAM_FRONT_a9bc05c8_119fb420,G51-B,2,79400,7.409925832755032,0.01797498051183899,0.8900467522916502,0.5223189661965172
scene-0563_CAM_FRONT_a9bc05c8_119fb420,G51-B,3,78783,7.293722829511089,0.01799117672052497,0.8902371759514617,0.5183529010059622
scene-0563_CAM_FRONT_a9bc05c8_119fb420,G51-B,4,78894,7.24855328958474,0.019216818487541976,0.8899679562944869,0.5190686313135293
scene-0563_CAM_FRONT_31365e10_5e1b0501,G51-B,0,76312,7.758351293103447,0.01743916075776286,0.8901058492895227,0.5018582722664355
scene-0563_CAM_FRONT_31365e10_5e1b0501,G51-B,1,76486,7.664657845075487,0.018559675123579922,0.8901715126204922,0.5029548498936254
scene-0563_CAM_FRONT_31365e10_5e1b0501,G51-B,2,75135,7.783447088839608,0.018400630877040136,0.8900401859585533,0.4940180705486828
scene-0563_CAM_FRONT_31365e10_5e1b0501,G51-B,3,75016,7.811860642498204,0.019456875584452193,0.8900007879599716,0.49323011057704935
scene-0563_CAM_FRONT_31365e10_5e1b0501,G51-B,4,75558,7.726725028894025,0.019009478315004547,0.890204344285977,0.4969138234444357
scene-0563_CAM_FRONT_9a1930f3_23483c4b,G51-B,0,75304,7.773575910433071,0.019962426160101243,0.8902437422845586,0.4952065768392299
scene-0563_CAM_FRONT_9a1930f3_23483c4b,G51-B,1,75260,7.607856802232478,0.02155979818476572,0.8900664512909411,0.49479289785412234
scene-0563_CAM_FRONT_9a1930f3_23483c4b,G51-B,2,75881,7.670343761065863,0.020905739300168147,0.8901386809550075,0.4989296877051979
scene-0563_CAM_FRONT_9a1930f3_23483c4b,G51-B,3,75011,7.6179425883681775,0.021803432326245265,0.8900467522916502,0.4932104115777585
scene-0563_CAM_FRONT_9a1930f3_23483c4b,G51-B,4,75103,7.674325309992707,0.02043657591075565,0.8901649462873953,0.493755417224805
scene-0564_CAM_FRONT_3b86f821_1706522f,G51-B,0,55794,10.425076938388044,0.021103577626758963,0.8901124156226197,0.36658524413626453
scene-0564_CAM_FRONT_3b86f821_1706522f,G51-B,1,57750,10.539747936320756,0.02515880841833651,0.8896396396396397,0.3799608646547422
scene-0564_CAM_FRONT_3b86f821_1706522f,G51-B,2,56124,10.329832901231146,0.02542305419455637,0.8890815013263993,0.36934310403698156
scene-0564_CAM_FRONT_3b86f821_1706522f,G51-B,3,53229,10.207323166797579,0.022981633045312755,0.8882213116906994,0.3498673600714417
scene-0564_CAM_FRONT_3b86f821_1706522f,G51-B,4,46292,10.03262987012987,0.011302706735284884,0.8862776770940036,0.304178814382896
scene-0564_CAM_FRONT_6bfa0827_215d8576,G51-B,0,81759,7.970150156917734,0.06031489499800746,0.8854568854568855,0.538570640611457
scene-0564_CAM_FRONT_6bfa0827_215d8576,G51-B,1,81426,7.785248161764706,0.05872928013447487,0.8846492264859612,0.5361279646993933
scene-0564_CAM_FRONT_6bfa0827_215d8576,G51-B,2,80249,7.479472948157269,0.04401208987063199,0.8853846557928191,0.5284190896435794
scene-0564_CAM_FRONT_6bfa0827_215d8576,G51-B,3,84907,7.648415418718091,0.04235219533847201,0.8873808210542904,0.5585782575578494
scene-0564_CAM_FRONT_6bfa0827_215d8576,G51-B,4,90045,7.757577359068628,0.05152736434298655,0.8898563286318388,0.5939248286187062
scene-0564_CAM_FRONT_1afd654c_e92b0dc7,G51-B,0,61722,7.200399600265776,0.02079471785194842,0.8915635752370447,0.40532004307514513
scene-0564_CAM_FRONT_1afd654c_e92b0dc7,G51-B,1,72780,7.1008620996019705,0.01998389934458722,0.8927586478606887,0.477897722795682
scene-0564_CAM_FRONT_1afd654c_e92b0dc7,G51-B,2,71469,7.217017650244914,0.019795560161072645,0.8922596065453209,0.46928926010558664
scene-0564_CAM_FRONT_1afd654c_e92b0dc7,G51-B,3,67523,7.1023519367514965,0.02051948954532179,0.8923384025424842,0.44337850970504034
scene-0564_CAM_FRONT_1afd654c_e92b0dc7,G51-B,4,65295,7.197412618759314,0.020538677604447608,0.8920560502193156,0.4287487195650461
scene-0564_CAM_FRONT_5eeaeb68_e786b718,G51-B,0,85609,9.061169309377888,0.011444370518434166,0.8919509888897644,0.5639363853649568
scene-0564_CAM_FRONT_5eeaeb68_e786b718,G51-B,1,84736,9.209473114730045,0.014266826015937317,0.8933824495048985,0.5591232632048958
scene-0564_CAM_FRONT_5eeaeb68_e786b718,G51-B,2,79551,9.003642719897524,0.011317282510996396,0.8978541223439183,0.5242035037953405
scene-0564_CAM_FRONT_5eeaeb68_e786b718,G51-B,3,72477,8.444077774070324,0.014336125874796046,0.9007170435741865,0.4772213904866966
scene-0564_CAM_FRONT_5eeaeb68_e786b718,G51-B,4,63962,8.075212826607919,0.02245272976787338,0.9023914585139075,0.42061959919102776
scene-0564_CAM_FRONT_0e6efc71_0fd26c83,G51-B,0,47677,12.492194842575188,0.012143008952991696,0.9060029417172274,0.31367373204107896
scene-0564_CAM_FRONT_0e6efc71_0fd26c83,G51-B,1,22272,11.844544063742545,0.008934240802861648,0.904013342788853,0.14637669739710557
scene-0564_CAM_FRONT_0e6efc71_0fd26c83,G51-B,2,13272,11.84818668703545,0.010697596934602815,0.9046305780999658,0.08716807186194941
scene-0564_CAM_FRONT_0e6efc71_0fd26c83,G51-B,3,12822,11.774015962978368,0.011988139305755263,0.9028904998292754,0.08419352296903318
scene-0564_CAM_FRONT_0e6efc71_0fd26c83,G51-B,4,13802,11.379198802305435,0.009899432973106581,0.8978672550101121,0.0906285294040396
scene-0564_CAM_FRONT_be8a7d17_60295bae,G51-B,0,102719,16.0416490398764,0.06637958573899994,0.8904801302760487,0.6779016625955402
scene-0564_CAM_FRONT_be8a7d17_60295bae,G51-B,1,91513,16.243269320733532,0.03993320876347051,0.8786475980353531,0.6033803482783074
scene-0564_CAM_FRONT_be8a7d17_60295bae,G51-B,2,81499,16.694899383078734,0.04609193708977122,0.8752396711580385,0.5366598376802458
scene-0564_CAM_FRONT_be8a7d17_60295bae,G51-B,3,84971,16.988166262265363,0.05668524250277951,0.8712342079689018,0.5585322932261708
scene-0564_CAM_FRONT_be8a7d17_60295bae,G51-B,4,81790,16.278743367665413,0.043656580929839484,0.8654558348435899,0.5375200273159457
scene-0564_CAM_FRONT_516b9a77_71054721,G51-B,0,75769,18.94549197036302,0.03683045477652236,0.8647992015338954,0.4975835894203241
scene-0564_CAM_FRONT_516b9a77_71054721,G51-B,1,78597,19.023005349969097,0.044063162112480736,0.8569524334830457,0.5161269140860978
scene-0564_CAM_FRONT_516b9a77_71054721,G51-B,2,79598,18.93533775252525,0.03840578308895348,0.8604719880230084,0.5228442728442728
scene-0564_CAM_FRONT_516b9a77_71054721,G51-B,3,78255,18.52800080868762,0.025256651411641684,0.8612993459932236,0.5138483965014577
scene-0564_CAM_FRONT_516b9a77_71054721,G51-B,4,78393,18.910084890899864,0.050580084622647625,0.8928308775247551,0.5147939484674179
scene-0564_CAM_FRONT_bffaafdc_a0214502,G51-B,0,76950,24.14906413260603,0.03948089597780169,0.9257873033383237,0.5053252961416227
scene-0564_CAM_FRONT_bffaafdc_a0214502,G51-B,1,82446,24.288850038850047,0.0583181111081168,0.966478869540094,0.5416699498332151
scene-0564_CAM_FRONT_bffaafdc_a0214502,G51-B,2,82679,23.908847070844683,0.056982174677592035,0.9824219262994773,0.5432130381109973
scene-0564_CAM_FRONT_bffaafdc_a0214502,G51-B,3,78467,24.107171336206893,0.04644802891799493,0.9957778478186642,0.5156475717700207
scene-0564_CAM_FRONT_bffaafdc_a0214502,G51-B,4,79020,23.37707400806808,0.047427397655598336,1.0,0.5192918866388254
scene-0565_CAM_FRONT_f0c47597_e7bc8aeb,G51-B,0,117987,29.474232152739354,0.04767672786506383,1.0,0.7748929687705198
scene-0565_CAM_FRONT_f0c47597_e7bc8aeb,G51-B,1,110518,29.151183513733702,0.034837371961895514,1.0,0.7257570982060778
scene-0565_CAM_FRONT_f0c47597_e7bc8aeb,G51-B,2,113341,28.038947125527425,0.032175595641962484,0.9906364090037559,0.7451474798413574
scene-0565_CAM_FRONT_f0c47597_e7bc8aeb,G51-B,3,101234,28.837128477420148,0.04442326597813162,0.9380335145641268,0.6666535340004728
scene-0565_CAM_FRONT_f0c47597_e7bc8aeb,G51-B,4,91022,27.557154605263165,0.04174983407086996,0.8874464843852599,0.5985540934520527
scene-0565_CAM_FRONT_4f384135_4c81b06a,G51-B,0,81771,19.754146375783083,0.03950810100095481,0.8866125600819479,0.5376907519764662
scene-0565_CAM_FRONT_4f384135_4c81b06a,G51-B,1,86211,20.1941720545977,0.046222509047081584,0.884183016836078,0.5661229742862396
scene-0565_CAM_FRONT_4f384135_4c81b06a,G51-B,2,91281,21.573133852515845,0.04072631970756113,0.8806765949623092,0.5995850077482731
scene-0565_CAM_FRONT_4f384135_4c81b06a,G51-B,3,91087,21.634257430159053,0.046834135708846425,0.8734667612218633,0.5981404144669451
scene-0565_CAM_FRONT_4f384135_4c81b06a,G51-B,4,88585,21.100484194122885,0.041479812952953665,0.8681677304126284,0.581678617392903
scene-0565_CAM_FRONT_17d4c421_c80365ff,G51-B,0,89452,22.624004458370145,0.03750884014968858,0.8645890788747932,0.5874110261865364
scene-0565_CAM_FRONT_17d4c421_c80365ff,G51-B,1,87663,24.111647208190025,0.03858324645800071,0.8626126126126126,0.5756244582775195
scene-0565_CAM_FRONT_17d4c421_c80365ff,G51-B,2,86212,24.947429312449145,0.04967966312053251,0.8590011294092926,0.5660967089538518
scene-0565_CAM_FRONT_17d4c421_c80365ff,G51-B,3,81710,23.738541425763174,0.026428144017021538,0.8569655661492396,0.5365350773514039
scene-0565_CAM_FRONT_17d4c421_c80365ff,G51-B,4,78075,24.344249549278846,0.042638530060378876,0.8559280855199223,0.5127452525411709
scene-0565_CAM_FRONT_b727a687_28d07d72,G51-B,0,85400,26.38917838874681,0.04409264438716498,0.8535773382712158,0.5611522601318519
scene-0565_CAM_FRONT_b727a687_28d07d72,G51-B,1,85391,27.3755403514839,0.046499321500056645,0.8518241273343314,0.5672589499120111
scene-0565_CAM_FRONT_b727a687_28d07d72,G51-B,2,86073,27.670366391146747,0.053961845875338366,0.8480222204712,0.5746395083129777
scene-0565_CAM_FRONT_b727a687_28d07d72,G51-B,3,84684,27.494033067421512,0.04774625949309197,0.8411078717201166,0.5749875239671158
scene-0565_CAM_FRONT_b727a687_28d07d72,G51-B,4,82353,28.12455762987013,0.04949282425958401,0.8245410133165235,0.5616906994458015
scene-0565_CAM_FRONT_05527b6d_0de33421,G51-B,0,83677,27.420338114754095,0.053727282828087475,0.8057613006592599,0.5585716912247525
scene-0565_CAM_FRONT_05527b6d_0de33421,G51-B,1,84390,28.061747736307414,0.05248173853590954,0.8045662280356158,0.564625850340136
scene-0565_CAM_FRONT_05527b6d_0de33421,G51-B,2,79282,25.592993261329678,0.029716837786194494,0.7934297271031965,0.5313214088724293
scene-0565_CAM_FRONT_05527b6d_0de33421,G51-B,3,81132,27.548027663934427,0.03423765844867055,0.7874083996532976,0.537717017308854
scene-0565_CAM_FRONT_05527b6d_0de33421,G51-B,4,75058,27.344656769390582,0.053016241589846524,0.7670790323851548,0.4974391300921913
scene-0565_CAM_FRONT_cffde5b9_f466f4f3,G51-B,0,69353,25.472010416666667,0.022459457504426794,0.7581882173718908,0.4567015995587424
scene-0565_CAM_FRONT_cffde5b9_f466f4f3,G51-B,1,69863,25.7725846069869,0.02176219168022353,0.7571047724108949,0.46297901399942215
scene-0565_CAM_FRONT_cffde5b9_f466f4f3,G51-B,2,70675,25.556217866323912,0.02210878536930494,0.7552661991437501,0.4659535628923384
scene-0565_CAM_FRONT_cffde5b9_f466f4f3,G51-B,3,72923,25.988700198262848,0.02240247853607258,0.7548131221600609,0.49182491529430306
scene-0565_CAM_FRONT_cffde5b9_f466f4f3,G51-B,4,73328,25.837812688935916,0.03155863559968064,0.7512541696215166,0.49514091350826045
scene-0565_CAM_FRONT_74367914_7afa9d66,G51-B,0,71421,18.76424523014275,0.01625375342244162,0.7673613847083235,0.47263152365193184
scene-0565_CAM_FRONT_74367914_7afa9d66,G51-B,1,74442,18.660863284304146,0.014670947947810875,0.7825755784939459,0.49880492737635596
scene-0565_CAM_FRONT_74367914_7afa9d66,G51-B,2,76196,18.454046414292854,0.020068818576849612,0.7944409424001261,0.5121280172300581
scene-0565_CAM_FRONT_74367914_7afa9d66,G51-B,3,76808,18.570836251449,0.021041876909832613,0.8036009770703648,0.5190489323142384
scene-0565_CAM_FRONT_74367914_7afa9d66,G51-B,4,78533,18.274613561202273,0.014848230603093704,0.8154729073096421,0.5354188007249232
scene-0565_CAM_FRONT_797b8557_cfebd965,G51-B,0,52453,12.787614576887375,0.019424540356177022,0.8223347253959499,0.3498476610721509
scene-0565_CAM_FRONT_797b8557_cfebd965,G51-B,1,50605,12.87846859777314,0.022661882916860332,0.8319084390512962,0.33802826149764925
scene-0565_CAM_FRONT_797b8557_cfebd965,G51-B,2,53040,13.016139043328218,0.02258748907966157,0.8400178604260237,0.35598061618469784
scene-0565_CAM_FRONT_797b8557_cfebd965,G51-B,3,61124,13.353438701923075,0.020451413341329827,0.8466432905208415,0.40859664329052087
scene-0565_CAM_FRONT_797b8557_cfebd965,G51-B,4,64220,13.19347014250579,0.019880348145572935,0.857398944133638,0.43100097181729835
scene-0625_CAM_FRONT_67d2d740_5bc6ae14,G51-B,0,98990,30.145453504170877,0.0751811629027841,0.8478711948099703,0.654262863446537
scene-0625_CAM_FRONT_67d2d740_5bc6ae14,G51-B,1,100847,29.81489119938732,0.08239008786492485,0.8438066346229611,0.6654715940430226
scene-0625_CAM_FRONT_67d2d740_5bc6ae14,G51-B,2,100663,29.20763023685652,0.0819974454564445,0.8421125206839493,0.6655175583747013
scene-0625_CAM_FRONT_67d2d740_5bc6ae14,G51-B,3,101964,29.863873998586232,0.08783697070690488,0.8381070574948126,0.6732592650959998
scene-0625_CAM_FRONT_67d2d740_5bc6ae14,G51-B,4,102223,30.453897545264624,0.08354241279624786,0.8348698552780185,0.6762600793213038
scene-0625_CAM_FRONT_a08cf86f_84a3ca70,G51-B,0,106095,29.62726063829787,0.07479658237134945,0.8280408688571954,0.6985199485199485
scene-0625_CAM_FRONT_a08cf86f_84a3ca70,G51-B,1,104146,30.13011935874554,0.08353035419540156,0.8232605783626192,0.6869041052714522
scene-0625_CAM_FRONT_a08cf86f_84a3ca70,G51-B,2,101493,29.956198173656794,0.08866151756244234,0.8174296745725317,0.6728258871116014
scene-0625_CAM_FRONT_a08cf86f_84a3ca70,G51-B,3,95268,29.708652085302454,0.08499747029975113,0.805498647335382,0.6284571743755417
scene-0625_CAM_FRONT_a08cf86f_84a3ca70,G51-B,4,96568,29.361158768261074,0.07697101347385349,0.8031413337535787,0.6392259606545321
scene-0625_CAM_FRONT_98fc274c_656ec137,G51-B,0,102332,31.507729973591545,0.0688108536586931,0.8031938644183542,0.6763848396501457
scene-0625_CAM_FRONT_98fc274c_656ec137,G51-B,1,99046,32.84684196322216,0.10065092774950046,0.8055774433325453,0.6532516481496073
scene-0625_CAM_FRONT_98fc274c_656ec137,G51-B,2,100812,34.750679877573305,0.12451706475011504,0.799378824889029,0.6623591521550706
scene-0625_CAM_FRONT_98fc274c_656ec137,G51-B,3,94725,34.89036542068597,0.11458661766706957,0.791794710162057,0.6221075302707956
scene-0625_CAM_FRONT_98fc274c_656ec137,G51-B,4,92339,34.83418824364522,0.11863698977967774,0.7887938959367531,0.6064927901662596
scene-0625_CAM_FRONT_823fda8d_d48ee866,G51-B,0,106980,36.23279103708792,0.11703001087130804,0.7840858351062433,0.7046003729677199
scene-0625_CAM_FRONT_823fda8d_d48ee866,G51-B,1,108704,37.884928854466864,0.12637477937137742,0.7821225015102566,0.7173521918419877
scene-0625_CAM_FRONT_823fda8d_d48ee866,G51-B,2,106481,36.23756230828221,0.12312705801885171,0.7787868042970084,0.7029193916949019
scene-0625_CAM_FRONT_823fda8d_d48ee866,G51-B,3,105843,37.02915703311456,0.11624341384419878,0.7772568486854201,0.6986381425156936
scene-0625_CAM_FRONT_823fda8d_d48ee866,G51-B,4,103171,35.35062059629436,0.11163984056113163,0.7700404486118771,0.6828001470858613
scene-0625_CAM_FRONT_668349dd_0466f571,G51-B,0,95908,32.422322234399175,0.07765816618714916,0.7565663330969453,0.6346492264859612
scene-0625_CAM_FRONT_668349dd_0466f571,G51-B,1,96383,30.903500632131735,0.0706706336220817,0.7457515824862764,0.6380505870301789
scene-0625_CAM_FRONT_668349dd_0466f571,G51-B,2,96700,31.09839510008061,0.08174983089972088,0.7316996296588133,0.6386415570089039
scene-0625_CAM_FRONT_668349dd_0466f571,G51-B,3,93137,30.972122743328107,0.0787952596880448,0.7245882909148216,0.6156396921703045
scene-0625_CAM_FRONT_668349dd_0466f571,G51-B,4,88428,30.747766162702423,0.06016935378441546,0.7181138864812334,0.5879757308328737
scene-0625_CAM_FRONT_9fc4f152_f086b86d,G51-B,0,82539,28.947132506983237,0.058368322649739124,0.7155398839072309,0.5434231607700996
scene-0625_CAM_FRONT_9fc4f152_f086b86d,G51-B,1,79312,29.486942423574373,0.06517525153800485,0.7122895490242429,0.522824573844982
scene-0625_CAM_FRONT_9fc4f152_f086b86d,G51-B,2,79838,29.657131989031566,0.06407617856667458,0.7037795813306017,0.5262259343891997
scene-0625_CAM_FRONT_9fc4f152_f086b86d,G51-B,3,77878,29.849150485436883,0.06377206298505955,0.6854004149922517,0.5133230898537021
scene-0625_CAM_FRONT_9fc4f152_f086b86d,G51-B,4,69913,29.894077993143462,0.06322506326208455,0.6714666561605337,0.46347148898169305
scene-0625_CAM_FRONT_6fde33ad_399de82a,G51-B,0,77781,31.40807556240929,0.08712444770795624,0.6695361542300318,0.5291282536180495
scene-0625_CAM_FRONT_6fde33ad_399de82a,G51-B,1,75783,31.49973657941437,0.05121144595288296,0.6606584718829617,0.5099939589735508
scene-0625_CAM_FRONT_6fde33ad_399de82a,G51-B,2,71350,32.71385154955826,0.060613474444027426,0.6353124261287526,0.48517321986709744
scene-0625_CAM_FRONT_6fde33ad_399de82a,G51-B,3,64049,33.71900691330344,0.0662114535346201,0.6020999133244032,0.4242245160612508
scene-0625_CAM_FRONT_6fde33ad_399de82a,G51-B,4,58570,32.392838416826464,0.07727155296249588,0.5883631444855935,0.3864090037559425
scene-0625_CAM_FRONT_c6c21506_8d61756d,G51-B,0,62652,49.579600046641815,0.08918493672272154,0.6020211173272397,0.4138168781025924
scene-0625_CAM_FRONT_c6c21506_8d61756d,G51-B,1,62707,49.11552459839357,0.10101669897690879,0.6063548971712237,0.41578677803167596
scene-0625_CAM_FRONT_c6c21506_8d61756d,G51-B,2,64120,48.872546723055095,0.09841546792490052,0.6116604943135555,0.4268116513014472
scene-0625_CAM_FRONT_c6c21506_8d61756d,G51-B,3,63487,46.721005265883974,0.08277079158280953,0.6065190554986474,0.42044887453050717
scene-0625_CAM_FRONT_c6c21506_8d61756d,G51-B,4,64450,46.791438114530244,0.08762586990749366,0.6053371155411972,0.4232133007643212
scene-0626_CAM_FRONT_57f23d2f_addf60d7,G51-B,0,63914,33.51406421045431,0.06362694307898598,0.5968993775116224,0.42034381320095604
scene-0626_CAM_FRONT_57f23d2f_addf60d7,G51-B,1,59417,32.708554088840984,0.05890815601576094,0.5880151288314553,0.39176713156304993
scene-0626_CAM_FRONT_57f23d2f_addf60d7,G51-B,2,66170,34.88882635390428,0.06116229199257184,0.5896829774380795,0.43795471856696344
scene-0626_CAM_FRONT_57f23d2f_addf60d7,G51-B,3,68488,34.41548760315879,0.05682232831468492,0.5705224174611929,0.4600898274367662
scene-0626_CAM_FRONT_57f23d2f_addf60d7,G51-B,4,69045,33.38603336173682,0.0542346714274875,0.5766619389068368,0.4679365954876159
scene-0626_CAM_FRONT_e912736e_4272663b,G51-B,0,64116,30.5715112188981,0.047574213110606056,0.6354306201244977,0.42100701284374753
scene-0626_CAM_FRONT_e912736e_4272663b,G51-B,1,63818,31.800902853631893,0.053703673150066855,0.6152719775168755,0.4218278044808657
scene-0626_CAM_FRONT_e912736e_4272663b,G51-B,2,74397,32.57340485074628,0.05578380574696906,0.6011477950253461,0.4971699104352166
scene-0626_CAM_FRONT_e912736e_4272663b,G51-B,3,71755,30.654912892273206,0.05840459543126997,0.6015089433456781,0.4796378010663725
scene-0626_CAM_FRONT_e912736e_4272663b,G51-B,4,69784,30.615968145718227,0.05933198398847561,0.5969387755102041,0.4686063614635043
scene-0626_CAM_FRONT_a35e04cb_271d30b5,G51-B,0,76367,23.12311507936508,0.05980266252561117,0.6160665038216059,0.5130998345284059
scene-0626_CAM_FRONT_a35e04cb_271d30b5,G51-B,1,76305,22.182840954296328,0.056278038304077516,0.6248522575053187,0.5192524886402438
scene-0626_CAM_FRONT_a35e04cb_271d30b5,G51-B,2,74479,22.003959760273972,0.05181523974757951,0.6311296719459984,0.5070785070785071
scene-0626_CAM_FRONT_a35e04cb_271d30b5,G51-B,3,75096,22.50088478031015,0.06317303090560822,0.6385758936779345,0.5155950411052452
scene-0626_CAM_FRONT_a35e04cb_271d30b5,G51-B,4,77357,23.16949467462547,0.05412785248313989,0.6590103222756284,0.5336327581225541
scene-0626_CAM_FRONT_9e9a96e8_8b823546,G51-B,0,75918,28.112366969814246,0.10478284155683859,0.6476177343524282,0.4987458303784834
scene-0626_CAM_FRONT_9e9a96e8_8b823546,G51-B,1,76202,28.285423771575726,0.08322070663319803,0.6018963569983978,0.501799175268563
scene-0626_CAM_FRONT_9e9a96e8_8b823546,G51-B,2,73677,27.537086183531226,0.06549314976390708,0.5989086754392877,0.48387308591390227
scene-0626_CAM_FRONT_9e9a96e8_8b823546,G51-B,3,72041,27.898291586971208,0.06989687246334197,0.5949294775825388,0.4731633966327844
scene-0626_CAM_FRONT_9e9a96e8_8b823546,G51-B,4,73926,29.078687985033262,0.05593145264815291,0.6015680403435506,0.48709058913140546
scene-0626_CAM_FRONT_7e3b2e21_1d4e275d,G51-B,0,74771,23.900404105157204,0.061246777847506095,0.6090011294092926,0.4991726420297849
scene-0626_CAM_FRONT_7e3b2e21_1d4e275d,G51-B,1,73051,25.003900190667007,0.05268898543488776,0.6160271058230242,0.4927573345940693
scene-0626_CAM_FRONT_7e3b2e21_1d4e275d,G51-B,2,72316,24.057981626280956,0.057845301502026825,0.6209452893126363,0.48740577312005884
scene-0626_CAM_FRONT_7e3b2e21_1d4e275d,G51-B,3,70252,24.30515698356808,0.04809135278709653,0.618095500748562,0.46995902608147505
scene-0626_CAM_FRONT_7e3b2e21_1d4e275d,G51-B,4,68767,23.97166466346154,0.0401946704695586,0.6094739053922728,0.46098284873795076
scene-0626_CAM_FRONT_340a5f3d_bb08ec78,G51-B,0,62301,20.35047866659886,0.016842297394983774,0.602598954639771,0.4116696871798913
scene-0626_CAM_FRONT_340a5f3d_bb08ec78,G51-B,1,61640,21.99376145255546,0.023979831826828057,0.5928676489900979,0.40780211698579044
scene-0626_CAM_FRONT_340a5f3d_bb08ec78,G51-B,2,61235,21.22406643540112,0.016075763373487817,0.5931959656449453,0.40624589604181444
scene-0626_CAM_FRONT_340a5f3d_bb08ec78,G51-B,3,61524,22.250064247532894,0.02193257956944694,0.5958224988837234,0.4058978803876763
scene-0626_CAM_FRONT_340a5f3d_bb08ec78,G51-B,4,62481,21.891602979862117,0.016795210519903403,0.5972605258319544,0.41407296509337327
scene-0626_CAM_FRONT_945de6d3_21658dc6,G51-B,0,55888,16.599266323056916,0.01840798299286761,0.5980156541381031,0.3680823680823681
scene-0626_CAM_FRONT_945de6d3_21658dc6,G51-B,1,56687,17.30622405810983,0.016064643693568748,0.5964463005279331,0.37343392955637855
scene-0626_CAM_FRONT_945de6d3_21658dc6,G51-B,2,56212,16.773873321280995,0.015997721586413105,0.5943450739369107,0.3702426916712631
scene-0626_CAM_FRONT_945de6d3_21658dc6,G51-B,3,56264,16.585239536411407,0.012857347475771608,0.5919811940220103,0.3708796259816668
scene-0626_CAM_FRONT_945de6d3_21658dc6,G51-B,4,54462,16.449464093288178,0.015252473789903354,0.5861108922333412,0.35844955742914925
scene-0626_CAM_FRONT_73aabbd3_b822fb7e,G51-B,0,57807,21.91550888389548,0.02402195170860022,0.5835171906600478,0.3812938302734221
scene-0626_CAM_FRONT_73aabbd3_b822fb7e,G51-B,1,57148,21.773383826335877,0.030971496216784633,0.5828671236834502,0.37794500039398
scene-0626_CAM_FRONT_73aabbd3_b822fb7e,G51-B,2,58477,22.426944317805038,0.03233488943496443,0.5906219630709426,0.3893244556509863
scene-0626_CAM_FRONT_73aabbd3_b822fb7e,G51-B,3,57428,21.80956650523879,0.03667755092482716,0.5982980064612717,0.38315210253985765
scene-0626_CAM_FRONT_73aabbd3_b822fb7e,G51-B,4,56909,21.89282587152476,0.03960168832783051,0.5984096341239198,0.37368345021406246
scene-0627_CAM_FRONT_0fae8aae_6a692a42,G51-B,0,71007,26.577444779995332,0.04715617691307017,0.6367307540776929,0.4719748903422373
scene-0627_CAM_FRONT_0fae8aae_6a692a42,G51-B,1,64432,26.20977786238189,0.06396183610781048,0.5928348173246133,0.4246513277125522
scene-0627_CAM_FRONT_0fae8aae_6a692a42,G51-B,2,64525,24.606981264810422,0.05598639731318755,0.5936424762955376,0.42685761563312585
scene-0627_CAM_FRONT_0fae8aae_6a692a42,G51-B,3,60621,23.80769074268831,0.04119448478591803,0.5875292201822814,0.4002639665904972
scene-0627_CAM_FRONT_0fae8aae_6a692a42,G51-B,4,62117,23.55722132423371,0.030345576935086438,0.5814093977359284,0.41080293121109446
scene-0627_CAM_FRONT_a027c6b2_35ef5018,G51-B,0,66842,21.723739012673747,0.038393163571537325,0.583261103669267,0.46391799963228536
scene-0627_CAM_FRONT_a027c6b2_35ef5018,G51-B,1,65564,21.879214991408933,0.04699366156054818,0.5800436004517637,0.45540146560554723
scene-0627_CAM_FRONT_a027c6b2_35ef5018,G51-B,2,59426,21.581332517035776,0.05816939728317738,0.5434625587686812,0.41379717910330155
scene-0627_CAM_FRONT_a027c6b2_35ef5018,G51-B,3,56689,20.129499573775572,0.057789616300372604,0.5480786909358338,0.4023717595146167
scene-0627_CAM_FRONT_a027c6b2_35ef5018,G51-B,4,61132,21.422872306474673,0.0445225715881592,0.5740945026659312,0.4286633572347858
scene-0627_CAM_FRONT_0775bcc7_15431766,G51-B,0,67228,26.155908502684053,0.04571556684528666,0.584699130617498,0.46119953773015
scene-0627_CAM_FRONT_0775bcc7_15431766,G51-B,1,66836,25.91889704134981,0.04206397579771415,0.5833267670002363,0.47154151235783887
scene-0627_CAM_FRONT_0775bcc7_15431766,G51-B,2,70341,27.416642516743956,0.04648870695470997,0.6061316418459276,0.49106978698815434
scene-0627_CAM_FRONT_0775bcc7_15431766,G51-B,3,65989,26.571489334106438,0.043690923227396095,0.6158432484963097,0.4635174533133717
scene-0627_CAM_FRONT_0775bcc7_15431766,G51-B,4,70503,28.043609992356537,0.04738241444395186,0.6191198487116855,0.4743387702571376
scene-0627_CAM_FRONT_822fba03_907d8111,G51-B,0,79274,29.629271768667298,0.0573772089061384,0.6253250334882988,0.604634517899824
scene-0627_CAM_FRONT_822fba03_907d8111,G51-B,1,80860,30.389719061720697,0.05148451195535886,0.626736795104142,0.5616972657788984
scene-0627_CAM_FRONT_822fba03_907d8111,G51-B,2,79314,31.01575391238869,0.05637843610250193,0.6207286003204371,0.5438171407559163
scene-0627_CAM_FRONT_822fba03_907d8111,G51-B,3,79041,30.875136700023972,0.07073128540141882,0.6195532266960838,0.5389908859296615
scene-0627_CAM_FRONT_822fba03_907d8111,G51-B,4,80120,29.675120249760997,0.05699616138627661,0.6230596485698526,0.5609552701389436
scene-0627_CAM_FRONT_221c593d_178c06a2,G51-B,0,85999,25.279038324725974,0.04705998488600427,0.6297113439970583,0.6571848816746776
scene-0627_CAM_FRONT_221c593d_178c06a2,G51-B,1,90875,25.99171677134396,0.04472420525958931,0.6323969742337089,0.6771596669555853
scene-0627_CAM_FRONT_221c593d_178c06a2,G51-B,2,94330,26.30399767287234,0.05338439718236754,0.6461731410711002,0.7378851154361359
scene-0627_CAM_FRONT_221c593d_178c06a2,G51-B,3,95118,26.37152015999572,0.055380166658291596,0.6520434428597693,0.7412733433141596
scene-0627_CAM_FRONT_221c593d_178c06a2,G51-B,4,95355,25.578761267650027,0.023741131764691392,0.6589971896094345,0.7375174007827069
scene-0627_CAM_FRONT_9d7f6bb3_fec53f7e,G51-B,0,92503,24.152305543329422,0.03333564327239813,0.6508418039030284,0.6346951908176398
scene-0627_CAM_FRONT_9d7f6bb3_fec53f7e,G51-B,1,88269,23.93608316642389,0.04104920841706683,0.6349775431408085,0.6075302707955769
scene-0627_CAM_FRONT_9d7f6bb3_fec53f7e,G51-B,2,83697,24.013357375103215,0.03606294023237666,0.6197173850235075,0.5875029548498937
scene-0627_CAM_FRONT_9d7f6bb3_fec53f7e,G51-B,3,80377,24.53944624652456,0.05326035699808784,0.5964922648596118,0.5679090168886087
scene-0627_CAM_FRONT_9d7f6bb3_fec53f7e,G51-B,4,75843,24.02127293577981,0.0734532601396376,0.5752501772909936,0.5447232947232947
scene-0627_CAM_FRONT_c8f0119b_5b3ffd92,G51-B,0,71350,23.891741799934717,0.052481234414544,0.5405208415412497,0.47663042050797155
scene-0627_CAM_FRONT_c8f0119b_5b3ffd92,G51-B,1,66556,23.873966776877133,0.05082301711199255,0.5211567252383579,0.4447508733223019
scene-0627_CAM_FRONT_c8f0119b_5b3ffd92,G51-B,2,67715,23.762316193825527,0.04169268723565356,0.5342631260998608,0.4573647992015339
scene-0627_CAM_FRONT_c8f0119b_5b3ffd92,G51-B,3,65618,24.355011737992612,0.044759879985979634,0.5309274288866126,0.4489139285057652
scene-0627_CAM_FRONT_c8f0119b_5b3ffd92,G51-B,4,61978,24.079001913265316,0.036718779782521915,0.5187206156593912,0.42096104851206895
scene-0627_CAM_FRONT_976b8171_3f5fd35a,G51-B,0,60601,29.689181141206486,0.03239955170767095,0.4998555406718672,0.4016954272056313
scene-0627_CAM_FRONT_976b8171_3f5fd35a,G51-B,1,61489,29.53662167434601,0.03522404891896391,0.4993630656895963,0.41047461455624723
scene-0627_CAM_FRONT_976b8171_3f5fd35a,G51-B,2,59990,29.70026531286721,0.04666411631478695,0.4925866099335487,0.4027000761694639
scene-0627_CAM_FRONT_976b8171_3f5fd35a,G51-B,3,63063,28.99375864214602,0.04938735995358989,0.5121674152286397,0.42461192971397055
scene-0627_CAM_FRONT_976b8171_3f5fd35a,G51-B,4,60925,31.041374169685998,0.04046666939534482,0.5248995351036168,0.40135397788459015
scene-0629_CAM_FRONT_14384b3c_9e545368,G51-B,0,106766,23.86899601519653,0.06746144464145076,0.7697843616210963,0.7390407900611983
scene-0629_CAM_FRONT_14384b3c_9e545368,G51-B,1,106840,24.877566628119627,0.08156223001182061,0.7641176161584324,0.7294408110734641
scene-0629_CAM_FRONT_14384b3c_9e545368,G51-B,2,101519,24.78194805342815,0.07192770856466169,0.7389094633992593,0.7034315656764636
scene-0629_CAM_FRONT_14384b3c_9e545368,G51-B,3,97712,25.52207605116515,0.10232036874679107,0.7213445223649305,0.6852165576655372
scene-0629_CAM_FRONT_14384b3c_9e545368,G51-B,4,90589,24.221681953306266,0.10292765194207609,0.6832466577364537,0.6523586268484227
scene-0629_CAM_FRONT_e8a68d57_d4b3a585,G51-B,0,87757,28.552340834888067,0.0963119093037017,0.6812767578073701,0.6146153442071809
scene-0629_CAM_FRONT_e8a68d57_d4b3a585,G51-B,1,83543,28.986746489377186,0.0905955486972565,0.6703241142016653,0.6033540829459196
scene-0629_CAM_FRONT_e8a68d57_d4b3a585,G51-B,2,79231,29.586008059458095,0.09332400873793789,0.652929897827857,0.549024242901794
scene-0629_CAM_FRONT_e8a68d57_d4b3a585,G51-B,3,70097,29.546332097457633,0.06195341866135973,0.6147532372022168,0.4931119165813043
scene-0629_CAM_FRONT_e8a68d57_d4b3a585,G51-B,4,60626,30.359217980926992,0.05883895155974206,0.5817639797231634,0.4361752422976913
scene-0629_CAM_FRONT_729eba60_ac004b46,G51-B,0,59447,26.8463945129108,0.06519631761033429,0.5806805347621674,0.4017807895358916
scene-0629_CAM_FRONT_729eba60_ac004b46,G51-B,1,58716,27.657758793892185,0.06060912499993898,0.5887045938066346,0.3920232185538308
scene-0629_CAM_FRONT_729eba60_ac004b46,G51-B,2,55456,27.82432437270852,0.050690377346578774,0.5800042024531821,0.3643067265516245
scene-0629_CAM_FRONT_729eba60_ac004b46,G51-B,3,53503,26.60597199037707,0.060357584168515555,0.5810351167494024,0.3514564126809025
scene-0629_CAM_FRONT_729eba60_ac004b46,G51-B,4,53180,26.07878649635037,0.05353093163304301,0.5797349827962073,0.3493880177553647
scene-0629_CAM_FRONT_fac8be41_bdbc78ad,G51-B,0,45849,25.158047129686228,0.049117743894345534,0.5770559188926536,0.30105980616184697
scene-0629_CAM_FRONT_fac8be41_bdbc78ad,G51-B,1,45012,24.887272135416662,0.05450606288994386,0.5725973787198277,0.29556378535970373
scene-0629_CAM_FRONT_fac8be41_bdbc78ad,G51-B,2,44297,24.993745177469126,0.05076767509334035,0.5725908123867307,0.2908688571953878
scene-0629_CAM_FRONT_fac8be41_bdbc78ad,G51-B,3,40590,24.974707982728074,0.05110557783211056,0.5677842565597667,0.2665274604050114
scene-0629_CAM_FRONT_fac8be41_bdbc78ad,G51-B,4,36177,23.587553338353416,0.046726418612428766,0.571842250413679,0.23755023244819162
scene-0629_CAM_FRONT_5cc2771d_c49f9510,G51-B,0,50297,33.80144224839665,0.024259153772505204,0.5892824311191658,0.33031282010873847
scene-0629_CAM_FRONT_5cc2771d_c49f9510,G51-B,1,62666,36.45170328245406,0.04055570961334931,0.6115488666509075,0.4132718724555459
scene-0629_CAM_FRONT_5cc2771d_c49f9510,G51-B,2,55640,35.79340765449437,0.04387340147877694,0.6136369605757361,0.36752422976912774
scene-0629_CAM_FRONT_5cc2771d_c49f9510,G51-B,3,48134,35.161706590466935,0.029367541932143748,0.5999724214009928,0.3163856276101174
scene-0629_CAM_FRONT_5cc2771d_c49f9510,G51-B,4,45047,35.78808520379414,0.028890371566253847,0.5867149948782602,0.2957936070180968
scene-0629_CAM_FRONT_e5880a58_dedec800,G51-B,0,55050,43.67075931078768,0.04263786470519859,0.5984358994563076,0.3892128279883382
scene-0629_CAM_FRONT_e5880a58_dedec800,G51-B,1,50741,41.744291935663405,0.03711902585279958,0.5968796785123316,0.37149686129277965
scene-0629_CAM_FRONT_e5880a58_dedec800,G51-B,2,47927,41.61272467990808,0.04642384605201677,0.6090273947416804,0.3674585664381583
scene-0629_CAM_FRONT_e5880a58_dedec800,G51-B,3,49636,42.091503992901494,0.039519269008043034,0.6295734510020224,0.39891130197252644
scene-0629_CAM_FRONT_e5880a58_dedec800,G51-B,4,55115,43.88747940383465,0.046714931705742035,0.6394098179812465,0.46122580306253774
scene-0629_CAM_FRONT_598577bb_5773ef9b,G51-B,0,59787,31.596151176292405,0.04157213555851502,0.6391405983242718,0.40740813699997375
scene-0629_CAM_FRONT_598577bb_5773ef9b,G51-B,1,63912,32.686898682652455,0.03603550140266698,0.6585047146271636,0.4371339269298453
scene-0629_CAM_FRONT_598577bb_5773ef9b,G51-B,2,68401,32.692915482954554,0.03457147840588881,0.6721955191342947,0.4747590155753421
scene-0629_CAM_FRONT_598577bb_5773ef9b,G51-B,3,71939,33.79725411611784,0.03515550408826229,0.6942452656738372,0.4902818270165209
scene-0629_CAM_FRONT_598577bb_5773ef9b,G51-B,4,73461,35.0257157668801,0.04833948888948081,0.7125587686812177,0.49168045596617027
scene-0629_CAM_FRONT_66a72398_a15bd188,G51-B,0,76471,22.851596597852655,0.05483764515151002,0.7400454390250308,0.5185236256664828
scene-0629_CAM_FRONT_66a72398_a15bd188,G51-B,1,84253,23.45960487739872,0.0807071824656087,0.7584049063640901,0.5850865442702178
scene-0629_CAM_FRONT_66a72398_a15bd188,G51-B,2,92639,24.188178530865844,0.07754263133872907,0.7848015654138103,0.6339137971791033
scene-0629_CAM_FRONT_66a72398_a15bd188,G51-B,3,109728,31.012502548939647,0.11802208961161353,0.8241864313292885,0.7492908360255299
scene-0629_CAM_FRONT_66a72398_a15bd188,G51-B,4,105436,28.18295662608868,0.11502843437384347,0.8151642896540856,0.7142266172878418
scene-0630_CAM_FRONT_6a808b09_ae9508b3,G51-B,0,78927,25.734092620481924,0.06505811605689038,0.7378522837706512,0.5182872376749927
scene-0630_CAM_FRONT_6a808b09_ae9508b3,G51-B,1,81506,27.060763509825314,0.09428394854732591,0.7389028970661624,0.5367714653428939
scene-0630_CAM_FRONT_6a808b09_ae9508b3,G51-B,2,79826,26.904748781222615,0.10422574690677244,0.7331507892732383,0.5279266146613085
scene-0630_CAM_FRONT_6a808b09_ae9508b3,G51-B,3,76631,27.91874468938822,0.09419606047650886,0.7236821369474431,0.5150959997898773
scene-0630_CAM_FRONT_6a808b09_ae9508b3,G51-B,4,81507,28.207780934343432,0.1018752162848302,0.714206918288551,0.5546778556982639
scene-0630_CAM_FRONT_127521ab_cfabe989,G51-B,0,86195,21.91436559554025,0.08885249325078215,0.6971344522364931,0.5793410028103906
scene-0630_CAM_FRONT_127521ab_cfabe989,G51-B,1,79022,22.467458361185386,0.09232955308960156,0.6756625430094818,0.5441060594121818
scene-0630_CAM_FRONT_127521ab_cfabe989,G51-B,2,79375,22.754705715673573,0.09540291271928059,0.6721758201350038,0.5481968849315788
scene-0630_CAM_FRONT_127521ab_cfabe989,G51-B,3,74597,22.775025201612902,0.06290884821482923,0.6454311454311454,0.5329301604811809
scene-0630_CAM_FRONT_127521ab_cfabe989,G51-B,4,67885,23.167759289745998,0.060270166197018415,0.6123499592887348,0.4646074646074646
scene-0630_CAM_FRONT_10b3b796_12ef9ffe,G51-B,0,69706,21.650162406589672,0.04603709281772117,0.6015811730097445,0.47021511307225594
scene-0630_CAM_FRONT_10b3b796_12ef9ffe,G51-B,1,68977,22.451278332433887,0.03190059476233209,0.6082000367714654,0.4691710661098416
scene-0630_CAM_FRONT_10b3b796_12ef9ffe,G51-B,2,67692,22.630646181778168,0.038578749596390294,0.6148976965303496,0.4555984555984556
scene-0630_CAM_FRONT_10b3b796_12ef9ffe,G51-B,3,68076,23.69887939001848,0.039070614559316263,0.6228823575762351,0.4564849105665432
scene-0630_CAM_FRONT_10b3b796_12ef9ffe,G51-B,4,66387,24.40056610107422,0.05515081835254909,0.6327515562209439,0.4393796128490006
scene-0630_CAM_FRONT_298d59b2_72e83c66,G51-B,0,57634,25.055217227523855,0.04369552084457551,0.612934362934363,0.3784440417093478
scene-0630_CAM_FRONT_298d59b2_72e83c66,G51-B,1,54401,24.15309686930264,0.048331408566701484,0.5991450634307777,0.35721508680692354
scene-0630_CAM_FRONT_298d59b2_72e83c66,G51-B,2,54891,24.79153240515564,0.03548053677218954,0.59959157408137,0.36043259002442674
scene-0630_CAM_FRONT_298d59b2_72e83c66,G51-B,3,53484,24.148781639183582,0.04126109098427966,0.5990006041026449,0.3511937593570247
scene-0630_CAM_FRONT_298d59b2_72e83c66,G51-B,4,52480,23.817874073670442,0.04275817493239509,0.5921125206839493,0.34460116092769155
scene-0630_CAM_FRONT_440a528d_c1a3b338,G51-B,0,55376,27.03652541701859,0.047485736562222325,0.5785005121739816,0.36361726157644525
scene-0630_CAM_FRONT_440a528d_c1a3b338,G51-B,1,55990,27.252390160891085,0.05112410734427675,0.5858219735770757,0.3676489900979697
scene-0630_CAM_FRONT_440a528d_c1a3b338,G51-B,2,55914,26.963443329162875,0.05801601114174848,0.5884682058151446,0.3671499487826018
scene-0630_CAM_FRONT_440a528d_c1a3b338,G51-B,3,54642,25.413699513561323,0.045754731155242645,0.5814750610668978,0.35879757308328736
scene-0630_CAM_FRONT_440a528d_c1a3b338,G51-B,4,57359,26.495492957746475,0.0425884345880716,0.600543692380427,0.37682872376749926
scene-0630_CAM_FRONT_b620d468_64701483,G51-B,0,67826,28.43042378893875,0.03543508502515147,0.6073661124681533,0.44735114122869224
scene-0630_CAM_FRONT_b620d468_64701483,G51-B,1,69534,28.826420657081755,0.03577772872592844,0.6102027683660337,0.4630446773303916
scene-0630_CAM_FRONT_b620d468_64701483,G51-B,2,68834,31.82547593390803,0.05005966209626456,0.604266803246395,0.46749665117012057
scene-0630_CAM_FRONT_b620d468_64701483,G51-B,3,73370,30.68299877343292,0.03793274050914608,0.6306700286292123,0.49855540671867205
scene-0630_CAM_FRONT_b620d468_64701483,G51-B,4,74318,31.22201750434891,0.03493975010088146,0.6302432169779109,0.5169805373887006
scene-0630_CAM_FRONT_705b8eb6_f311006d,G51-B,0,78282,25.085730147688363,0.03737857781537657,0.6892351535208678,0.5289312636251412
scene-0630_CAM_FRONT_705b8eb6_f311006d,G51-B,1,69682,25.876657516891886,0.028686018949301006,0.6203083550022326,0.4806424500302051
scene-0630_CAM_FRONT_705b8eb6_f311006d,G51-B,2,72459,27.057419851036265,0.042194845226879885,0.6508483702361253,0.4960798991411236
scene-0630_CAM_FRONT_705b8eb6_f311006d,G51-B,3,70416,27.06803791302993,0.05066381326121561,0.6323510099020303,0.4845756835552754
scene-0630_CAM_FRONT_705b8eb6_f311006d,G51-B,4,69257,28.0257858791021,0.07952766551464086,0.6337824705171644,0.4737543666115095
scene-0630_CAM_FRONT_dbb64a08_6cefb90d,G51-B,0,77917,30.05426857529949,0.07374116274895925,0.6509271662332887,0.527631129671946
scene-0630_CAM_FRONT_dbb64a08_6cefb90d,G51-B,1,73904,29.668588615023467,0.08132543226327948,0.6147992015338954,0.49682189478107847
scene-0630_CAM_FRONT_dbb64a08_6cefb90d,G51-B,2,78653,29.021845028772383,0.07735813103331557,0.6532253828172195,0.5294762692721876
scene-0630_CAM_FRONT_dbb64a08_6cefb90d,G51-B,3,75997,29.212151054590578,0.07881954772475597,0.64836629632548,0.5197383972894177
scene-0630_CAM_FRONT_dbb64a08_6cefb90d,G51-B,4,75975,29.466638570182496,0.0712649842522155,0.6539082814593019,0.5321028025109658
scene-0632_CAM_FRONT_78c80690_ce0b0c67,G51-B,0,51403,34.345748933901916,0.04898175341954136,0.7613137919260369,0.33752922018228143
scene-0632_CAM_FRONT_78c80690_ce0b0c67,G51-B,1,49652,32.453044911541014,0.05493725527322857,0.7632968245213143,0.3260315709295301
scene-0632_CAM_FRONT_78c80690_ce0b0c67,G51-B,2,48759,37.03093672887106,0.07337589435838732,0.7684907940009981,0.32016783547395794
scene-0632_CAM_FRONT_78c80690_ce0b0c67,G51-B,3,47966,33.147007777689375,0.07560756644202904,0.7652273264518162,0.3149607333280803
scene-0632_CAM_FRONT_78c80690_ce0b0c67,G51-B,4,47046,36.79358009400406,0.062095683210378505,0.7650894334567804,0.30891970687889053
scene-0632_CAM_FRONT_4483f3a6_fe4272b3,G51-B,0,76119,23.618843090120663,0.0696535409126735,0.752403277913482,0.5049904131536784
scene-0632_CAM_FRONT_4483f3a6_fe4272b3,G51-B,1,78000,23.406200830419586,0.04566216294257197,0.7276876001365797,0.5201717752738161
scene-0632_CAM_FRONT_4483f3a6_fe4272b3,G51-B,2,78950,23.312882374593833,0.052484557045560765,0.7034906626743361,0.5317547868568276
scene-0632_CAM_FRONT_4483f3a6_fe4272b3,G51-B,3,68501,25.429655612244904,0.048622366306177334,0.671545452157697,0.45310981535471334
scene-0632_CAM_FRONT_4483f3a6_fe4272b3,G51-B,4,61625,25.05297640002167,0.04535581083225937,0.6540593071205316,0.4062196307094266
scene-0632_CAM_FRONT_219ea9af_619376b3,G51-B,0,71535,22.255376006036204,0.028120698687566836,0.6339925931762667,0.49112888398602683
scene-0632_CAM_FRONT_219ea9af_619376b3,G51-B,1,75390,21.554662032973912,0.03996821056407773,0.6487208783127151,0.5565164289654085
scene-0632_CAM_FRONT_219ea9af_619376b3,G51-B,2,79992,21.1779512090928,0.050849486835971014,0.6774551519449479,0.582762062353899
scene-0632_CAM_FRONT_219ea9af_619376b3,G51-B,3,77124,20.947295519770414,0.05260694666584764,0.6922097024137841,0.5602132744989888
scene-0632_CAM_FRONT_219ea9af_619376b3,G51-B,4,71632,20.555301898612186,0.06263643914322015,0.6930370603839991,0.5238029574764269
scene-0632_CAM_FRONT_34dbd470_62eaf35b,G51-B,0,92798,20.027978433835845,0.05447406888201134,0.6937527906915663,0.6952433483045728
scene-0632_CAM_FRONT_34dbd470_62eaf35b,G51-B,1,102254,19.9484140848002,0.05428903196269852,0.7393559740498516,0.7737307278123605
scene-0632_CAM_FRONT_34dbd470_62eaf35b,G51-B,2,102217,21.413841070130818,0.07249640369887267,0.7309182360202768,0.7611168019331285
scene-0632_CAM_FRONT_34dbd470_62eaf35b,G51-B,3,101222,20.917906426917135,0.07145400193366358,0.7438604785543561,0.7488246263756467
scene-0632_CAM_FRONT_34dbd470_62eaf35b,G51-B,4,100436,21.484036749301673,0.09191384778902711,0.7455414598271741,0.7194928164315919
scene-0632_CAM_FRONT_64aaf542_c4b8c55c,G51-B,0,103898,16.92231868935502,0.10288606999427885,0.7478134110787172,0.6833451527329079
scene-0632_CAM_FRONT_64aaf542_c4b8c55c,G51-B,1,107086,17.045493969753597,0.07289855042104065,0.7705132245948573,0.7066556352270638
scene-0632_CAM_FRONT_64aaf542_c4b8c55c,G51-B,2,112828,16.340959165687426,0.04479596774107231,0.8185590838652063,0.7453773014997505
scene-0632_CAM_FRONT_64aaf542_c4b8c55c,G51-B,3,124483,15.333774384599561,0.02286235138041004,0.8881884800252147,0.8179746802195782
scene-0632_CAM_FRONT_64aaf542_c4b8c55c,G51-B,4,147150,15.973296158943226,0.02135252711600466,0.9896842907046989,0.966603629868936
scene-0632_CAM_FRONT_d7f6efdc_255cd0f1,G51-B,0,133065,13.756213459747514,0.028959871459821596,0.9113019725264623,0.8772686680849946
scene-0632_CAM_FRONT_d7f6efdc_255cd0f1,G51-B,1,117218,14.662838757780083,0.0376476553406635,0.8209689281117852,0.779673259265096
scene-0632_CAM_FRONT_d7f6efdc_255cd0f1,G51-B,2,117047,14.98388797397172,0.029012988241503113,0.8189005331862474,0.7804218212381477
scene-0632_CAM_FRONT_d7f6efdc_255cd0f1,G51-B,3,112799,15.392708242023144,0.02676767257493129,0.8040474877209571,0.7486604680482232
scene-0632_CAM_FRONT_d7f6efdc_255cd0f1,G51-B,4,107836,15.570694198187551,0.029349080122478055,0.7779988443253749,0.7254681795498122
scene-0632_CAM_FRONT_b39f4a38_3b73acef,G51-B,0,99211,18.32962404025545,0.0241155133256159,0.7416082263021039,0.6625561421479789
scene-0632_CAM_FRONT_b39f4a38_3b73acef,G51-B,1,87724,18.93771764612163,0.028267620574798924,0.68897250019699,0.5887111601397316
scene-0632_CAM_FRONT_b39f4a38_3b73acef,G51-B,2,85844,19.049434889273716,0.016291224078319955,0.6890184645286687,0.5800042024531821
scene-0632_CAM_FRONT_b39f4a38_3b73acef,G51-B,3,83421,19.17224533535048,0.013023533040203983,0.677199064954167,0.5636343340424973
scene-0632_CAM_FRONT_b39f4a38_3b73acef,G51-B,4,77847,18.9683335554371,0.024389089396263053,0.6485961179838731,0.5354844640558927
scene-0632_CAM_FRONT_705eb635_6ac07a4e,G51-B,0,69465,25.807577900502874,0.05799458423632986,0.5945880282614977,0.5000459643316786
scene-0632_CAM_FRONT_705eb635_6ac07a4e,G51-B,1,62692,27.438713754150847,0.05416762362484162,0.5716386940876736,0.47211278333727313
scene-0632_CAM_FRONT_705eb635_6ac07a4e,G51-B,2,63873,26.738360332312205,0.05334816471008885,0.5815013263992855,0.42949071520500093
scene-0632_CAM_FRONT_705eb635_6ac07a4e,G51-B,3,63117,26.970720287785596,0.05221005511249288,0.5861240248995351,0.41786173929031073
scene-0632_CAM_FRONT_705eb635_6ac07a4e,G51-B,4,65021,28.31403254995921,0.06163824527753414,0.6004386310508759,0.43340424973078034
scene-0633_CAM_FRONT_fe5b1b2e_e762b41b,G51-B,0,66171,30.464664406446534,0.03099970514196304,0.6117918209754944,0.44848055052136687
scene-0633_CAM_FRONT_fe5b1b2e_e762b41b,G51-B,1,67857,30.266927083333332,0.03218885175808506,0.6199143750164159,0.46358311664434115
scene-0633_CAM_FRONT_fe5b1b2e_e762b41b,G51-B,2,73884,29.421300441738293,0.017095125305595094,0.6352007984661046,0.5114516849210726
scene-0633_CAM_FRONT_fe5b1b2e_e762b41b,G51-B,3,75264,30.79354301626124,0.021654860547131616,0.6414585139074935,0.5278346859979514
scene-0633_CAM_FRONT_fe5b1b2e_e762b41b,G51-B,4,75371,30.344659378839058,0.028483209974603962,0.6535011688072913,0.5275523336747826
scene-0633_CAM_FRONT_9fde5c65_22a2197b,G51-B,0,77481,29.328495919881313,0.027828469634059605,0.6653468337141807,0.5707522391195861
scene-0633_CAM_FRONT_9fde5c65_22a2197b,G51-B,1,68713,30.024403865461842,0.024278724245607286,0.6312675649410343,0.5452420350379534
scene-0633_CAM_FRONT_9fde5c65_22a2197b,G51-B,2,70353,29.91245417371686,0.03345908585374069,0.6406639876027631,0.5929989756520369
scene-0633_CAM_FRONT_9fde5c65_22a2197b,G51-B,3,67324,29.769600931269675,0.03647210783588051,0.6436582354949701,0.5479013999422163
scene-0633_CAM_FRONT_9fde5c65_22a2197b,G51-B,4,68111,30.132599814690035,0.032765704226320747,0.6669227536574476,0.5140847844929478
scene-0633_CAM_FRONT_3cd58b93_f334e3c6,G51-B,0,78036,30.472367661609503,0.020484386268454724,0.7021314317232684,0.5495429832164526
scene-0633_CAM_FRONT_3cd58b93_f334e3c6,G51-B,1,77578,31.889293656367048,0.038940506505360295,0.6899114858298532,0.5425498384682058
scene-0633_CAM_FRONT_3cd58b93_f334e3c6,G51-B,2,85810,32.27204733455881,0.044892494081048895,0.7132547999894938,0.5937541039581856
scene-0633_CAM_FRONT_3cd58b93_f334e3c6,G51-B,3,88526,33.19424593792986,0.03440867157428795,0.739671158038505,0.6059280855199223
scene-0633_CAM_FRONT_3cd58b93_f334e3c6,G51-B,4,94949,33.848025068917984,0.04009370761853104,0.7685958553305492,0.6424697292044231
scene-0633_CAM_FRONT_5406def8_3f2c2941,G51-B,0,80011,27.552618382573478,0.04981946407549165,0.7514971239461036,0.5301197699156883
scene-0633_CAM_FRONT_5406def8_3f2c2941,G51-B,1,88564,27.115552983228763,0.04186391907233156,0.7517335119375935,0.5930777716492002
scene-0633_CAM_FRONT_5406def8_3f2c2941,G51-B,2,90181,26.126409983477373,0.037850330187939374,0.7398221836997347,0.6021393113229848
scene-0633_CAM_FRONT_5406def8_3f2c2941,G51-B,3,88635,26.78034618078445,0.03268295047317071,0.725133296561868,0.6018569589998162
scene-0633_CAM_FRONT_5406def8_3f2c2941,G51-B,4,94501,27.04368946836679,0.05498536653615993,0.7337417592519634,0.6506316812439261
scene-0633_CAM_FRONT_21af4cef_3b17af9e,G51-B,0,88746,25.596526707755515,0.04500950006164128,0.7140230609618364,0.6027302813017099
scene-0633_CAM_FRONT_21af4cef_3b17af9e,G51-B,1,81898,26.956972509398494,0.03951103017928825,0.6917040947653192,0.5602723714968613
scene-0633_CAM_FRONT_21af4cef_3b17af9e,G51-B,2,77183,26.62512698335913,0.04197702889271415,0.6695624195624196,0.5251950200929792
scene-0633_CAM_FRONT_21af4cef_3b17af9e,G51-B,3,80747,27.38359775641025,0.0383445197266985,0.6736598114149135,0.5577180679221495
scene-0633_CAM_FRONT_21af4cef_3b17af9e,G51-B,4,77967,27.154665710342826,0.036808634740237434,0.6702453182045018,0.5422018228140677
scene-0633_CAM_FRONT_df2eb0ab_b4568c3c,G51-B,0,74252,26.348896295013855,0.03435022248304387,0.6699104352165577,0.5020946602579256
scene-0633_CAM_FRONT_df2eb0ab_b4568c3c,G51-B,1,78715,27.190688087227013,0.04206757590481747,0.7002862921230268,0.5510138418301683
scene-0633_CAM_FRONT_df2eb0ab_b4568c3c,G51-B,2,72342,27.40006701185402,0.043087772633061405,0.6755903133454154,0.49404433588107055
scene-0633_CAM_FRONT_df2eb0ab_b4568c3c,G51-B,3,69968,26.973083707288072,0.04689861883263724,0.6659969006907782,0.4749231739027657
scene-0633_CAM_FRONT_df2eb0ab_b4568c3c,G51-B,4,73329,27.115779361534422,0.04088039588209558,0.6899114858298532,0.501910802931211
scene-0633_CAM_FRONT_c0b82f06_be997411,G51-B,0,72361,37.35422610556348,0.04787019486564681,0.6842053423686076,0.5070194100806346
scene-0633_CAM_FRONT_c0b82f06_be997411,G51-B,1,65416,36.685502110977076,0.04388458435226994,0.6731739027657395,0.4618561710398445
scene-0633_CAM_FRONT_c0b82f06_be997411,G51-B,2,61032,34.17473209589762,0.043630123968145584,0.6699629658813332,0.42925432721351087
scene-0633_CAM_FRONT_c0b82f06_be997411,G51-B,3,60529,35.3809814453125,0.05027297860451929,0.6770677382922281,0.40882646494891395
scene-0633_CAM_FRONT_c0b82f06_be997411,G51-B,4,57870,37.32590219665271,0.045234988704137,0.6685183726000052,0.3901583799542983
scene-0633_CAM_FRONT_4269e4e8_511bbef9,G51-B,0,60525,39.39460726983533,0.054618875915806164,0.6719722638089985,0.39918052162950124
scene-0633_CAM_FRONT_4269e4e8_511bbef9,G51-B,1,62923,38.910765255905496,0.049447420154585586,0.6778228665983768,0.4151038793895937
scene-0633_CAM_FRONT_4269e4e8_511bbef9,G51-B,2,65036,41.06179318026046,0.05777774969159033,0.6879153205683818,0.4288078165629186
scene-0633_CAM_FRONT_4269e4e8_511bbef9,G51-B,3,62513,40.155529019466464,0.0589301426914024,0.6900690778241798,0.41372494943923516
scene-0633_CAM_FRONT_4269e4e8_511bbef9,G51-B,4,62216,41.77869591346155,0.044029039456902286,0.6940876736795104,0.41427652141937854
scene-0634_CAM_FRONT_3bb017b6_cb0da387,G51-B,0,51225,39.251800470233746,0.033058781296048334,0.6905681191395477,0.33636041289102514
scene-0634_CAM_FRONT_3bb017b6_cb0da387,G51-B,1,48716,39.64822789634147,0.03418140828453309,0.6876264019121162,0.3198854831507893
scene-0634_CAM_FRONT_3bb017b6_cb0da387,G51-B,2,48788,40.56240472560975,0.024689315893385633,0.6846715520184908,0.32035825913376936
scene-0634_CAM_FRONT_3bb017b6_cb0da387,G51-B,3,45817,39.02149368668058,0.02426815476142874,0.6796614398655215,0.3008496835027447
scene-0634_CAM_FRONT_3bb017b6_cb0da387,G51-B,4,45496,39.902313066465254,0.036116859211223096,0.6715651511569879,0.29874189057862527
scene-0634_CAM_FRONT_9497e9cc_ac54c36b,G51-B,0,64226,45.527511503067494,0.059767782877489406,0.6711317731725895,0.4326162897591469
scene-0634_CAM_FRONT_9497e9cc_ac54c36b,G51-B,1,63665,47.04070752258515,0.08892788838518673,0.676233813988916,0.4298781288577207
scene-0634_CAM_FRONT_9497e9cc_ac54c36b,G51-B,2,62277,46.99019597457625,0.10292338554305847,0.681526278465054,0.42067869618890025
scene-0634_CAM_FRONT_9497e9cc_ac54c36b,G51-B,3,65636,47.448758335918114,0.05129101922288282,0.6801867465132772,0.4482572951960707
scene-0634_CAM_FRONT_9497e9cc_ac54c36b,G51-B,4,62375,46.20386486757623,0.054881699500271,0.6724581724581724,0.43391642371234207
scene-0634_CAM_FRONT_f3b10b3a_7955a19c,G51-B,0,65114,28.35844680059524,0.024130932003607164,0.6749665117012056,0.4379153205683818
scene-0634_CAM_FRONT_f3b10b3a_7955a19c,G51-B,1,71005,26.56823397981517,0.02051895176456897,0.681637906127702,0.4848120715467654
scene-0634_CAM_FRONT_f3b10b3a_7955a19c,G51-B,2,75996,25.970686341971,0.023879732873081316,0.7010020224305938,0.5256874950752501
scene-0634_CAM_FRONT_f3b10b3a_7955a19c,G51-B,3,81721,26.821816999875434,0.035776731361857994,0.7303272660415517,0.5570351692800672
scene-0634_CAM_FRONT_f3b10b3a_7955a19c,G51-B,4,92902,27.774143906890366,0.060253001055971644,0.7257702308722717,0.6383986026843169
scene-0634_CAM_FRONT_f1ad72cd_f710d323,G51-B,0,79904,20.554982457774468,0.02530814322031505,0.7094988574580411,0.5340661361069524
scene-0634_CAM_FRONT_f1ad72cd_f710d323,G51-B,1,66227,22.024366854265406,0.018094273362066815,0.6455887374254721,0.435728731647099
scene-0634_CAM_FRONT_f1ad72cd_f710d323,G51-B,2,57609,22.93911748434801,0.03714779716910854,0.620137630341712,0.3782798833819242
scene-0634_CAM_FRONT_f1ad72cd_f710d323,G51-B,3,52308,23.23643782432845,0.027555288828440494,0.5972670921650514,0.3434717516350169
scene-0634_CAM_FRONT_f1ad72cd_f710d323,G51-B,4,51525,23.059436058145014,0.026978521494111174,0.6015746066766475,0.3383303128201087
scene-0634_CAM_FRONT_f96a3767_475a324f,G51-B,0,57865,27.70448978163494,0.03020815633944096,0.6046476505660179,0.38007249231739026
scene-0634_CAM_FRONT_f96a3767_475a324f,G51-B,1,61245,28.60867815096953,0.034945987717745375,0.6183778530717307,0.4075460299950096
scene-0634_CAM_FRONT_f96a3767_475a324f,G51-B,2,60105,27.901957532912416,0.028906375928321015,0.6167428361305912,0.4017676568696977
scene-0634_CAM_FRONT_f96a3767_475a324f,G51-B,3,59963,27.21211118464593,0.022971979138092014,0.6156659575026922,0.40326478081580125
scene-0634_CAM_FRONT_f96a3767_475a324f,G51-B,4,59402,28.04292279411765,0.02057622924558311,0.615449268510493,0.39759803535313737
scene-0634_CAM_FRONT_d1e063d5_0abca7b8,G51-B,0,56746,29.408787516490772,0.034757003371526096,0.6215428256244583,0.3782076537178578
scene-0634_CAM_FRONT_d1e063d5_0abca7b8,G51-B,1,56963,29.389494009527866,0.043628919410484635,0.6290678433535576,0.3824363722322906
scene-0634_CAM_FRONT_d1e063d5_0abca7b8,G51-B,2,53722,28.43731407752403,0.03755501876044587,0.6332440312032149,0.3604916870222993
scene-0634_CAM_FRONT_d1e063d5_0abca7b8,G51-B,3,57421,29.897311798964637,0.03829226028004662,0.6426995508628162,0.3826924592230715
scene-0634_CAM_FRONT_d1e063d5_0abca7b8,G51-B,4,55063,29.908722643097644,0.048264944222199624,0.6328106532188165,0.36156199931710137
scene-0634_CAM_FRONT_3334c156_f1ec5400,G51-B,0,46438,29.76119282932946,0.04104090756294676,0.6397250019698999,0.3049273763559478
scene-0634_CAM_FRONT_3334c156_f1ec5400,G51-B,1,50035,30.391942350642097,0.03878725846884912,0.6429096735219184,0.32854647650566016
scene-0634_CAM_FRONT_3334c156_f1ec5400,G51-B,2,50907,30.851056134259263,0.04639414656333152,0.6446169201271242,0.3342723189661965
scene-0634_CAM_FRONT_3334c156_f1ec5400,G51-B,3,48785,30.00146484375001,0.039908879220366344,0.6470792950384787,0.32035825913376936
scene-0634_CAM_FRONT_3334c156_f1ec5400,G51-B,4,47886,29.65640180281883,0.04554476842709798,0.6470333307068001,0.31443542668032465
scene-0634_CAM_FRONT_abaa0e0b_583aa03b,G51-B,0,39261,24.247469951923083,0.037909339367192096,0.6479263520079847,0.2578008037191711
scene-0634_CAM_FRONT_abaa0e0b_583aa03b,G51-B,1,36673,23.448620594070967,0.042578604439464485,0.6497255272765476,0.24080713366427653
scene-0634_CAM_FRONT_abaa0e0b_583aa03b,G51-B,2,38468,23.893339164814066,0.03898665808926971,0.6535536994720669,0.25262653323877815
scene-0634_CAM_FRONT_abaa0e0b_583aa03b,G51-B,3,41221,24.225016711229948,0.04477954171942322,0.6562787277072991,0.27067081658918396
scene-0634_CAM_FRONT_abaa0e0b_583aa03b,G51-B,4,37386,23.790888946030968,0.03866180692487253,0.6582420613032858,0.24548892916239856
scene-0635_CAM_FRONT_43f05ac3_b0715ea6,G51-B,0,32272,21.91964910194718,0.03579681185854966,0.6582617603025767,0.21190870170462006
scene-0635_CAM_FRONT_43f05ac3_b0715ea6,G51-B,1,31075,21.982941566154974,0.03470811821968134,0.6567186720247945,0.2040488009875765
scene-0635_CAM_FRONT_43f05ac3_b0715ea6,G51-B,2,29059,21.811428436555897,0.035684335561354974,0.6563509573713655,0.1908110734641347
scene-0635_CAM_FRONT_43f05ac3_b0715ea6,G51-B,3,29810,22.066834043985644,0.033738343005671245,0.6561211357129725,0.19574238961994064
scene-0635_CAM_FRONT_43f05ac3_b0715ea6,G51-B,4,29236,21.701666061046506,0.031550399137187934,0.6561933653770389,0.191973314422294
scene-0635_CAM_FRONT_0c81f97d_e5a4fc27,G51-B,0,33919,20.753501198508527,0.037982745695470665,0.6548210017597773,0.22272345231528906
scene-0635_CAM_FRONT_0c81f97d_e5a4fc27,G51-B,1,33606,20.43670334507042,0.03540915333222694,0.6548800987576497,0.22066819005594515
scene-0635_CAM_FRONT_0c81f97d_e5a4fc27,G51-B,2,31496,20.43174823519283,0.034651652927489396,0.6549917264202979,0.20681322722139048
scene-0635_CAM_FRONT_0c81f97d_e5a4fc27,G51-B,3,33394,20.591994435190795,0.036135848227117684,0.6548800987576497,0.21927612743939273
scene-0635_CAM_FRONT_0c81f97d_e5a4fc27,G51-B,4,31943,20.37481358824162,0.0365885179947667,0.654860399758359,0.20974837811572505
scene-0635_CAM_FRONT_01076466_c594b596,G51-B,0,36945,21.13758276181849,0.04307113219427139,0.6552478134110787,0.24259317626664564
scene-0635_CAM_FRONT_01076466_c594b596,G51-B,1,34518,21.165826017504287,0.04271156131789344,0.6551164867491398,0.2266566858403593
scene-0635_CAM_FRONT_01076466_c594b596,G51-B,2,36392,21.22430916914455,0.04033566632336161,0.6552543797441757,0.23896199406403487
scene-0635_CAM_FRONT_01076466_c594b596,G51-B,3,36305,21.049150999322492,0.0400388296859262,0.6552937777427573,0.23839072308460063
scene-0635_CAM_FRONT_01076466_c594b596,G51-B,4,35146,20.98880459172505,0.04336872580772555,0.6551821500801093,0.23078034302524097
scene-0635_CAM_FRONT_39ca468b_3ad79c14,G51-B,0,34144,20.341089246912173,0.04125791724797434,0.6553791400730177,0.22420087726210175
scene-0635_CAM_FRONT_39ca468b_3ad79c14,G51-B,1,33559,20.513354006555154,0.04482741558186909,0.6553594410737268,0.22035957240038873
scene-0635_CAM_FRONT_39ca468b_3ad79c14,G51-B,2,32996,20.605509887248168,0.04353171058046379,0.6552609460772726,0.21666272686680849
scene-0635_CAM_FRONT_39ca468b_3ad79c14,G51-B,3,34434,20.308402952554065,0.03804727391272289,0.6555892627321199,0.2261051138602159
scene-0635_CAM_FRONT_39ca468b_3ad79c14,G51-B,4,32977,20.617341058414308,0.039451333415714274,0.6557140230609618,0.21653796653796653
scene-0635_CAM_FRONT_4c9136c0_e55fea30,G51-B,0,35566,20.692511466622456,0.038172852310321304,0.6557402883933496,0.23353820292595803
scene-0635_CAM_FRONT_4c9136c0_e55fea30,G51-B,1,34664,20.431346587020986,0.03881776341695109,0.655812518057416,0.22761537047251332
scene-0635_CAM_FRONT_4c9136c0_e55fea30,G51-B,2,34018,20.84769261136968,0.03737471361525535,0.6560160743834214,0.22337351929188665
scene-0635_CAM_FRONT_4c9136c0_e55fea30,G51-B,3,35429,20.513690565191393,0.040136895515973325,0.6562196307094267,0.2326386152916765
scene-0635_CAM_FRONT_4c9136c0_e55fea30,G51-B,4,33176,20.78383997931799,0.0356276552619601,0.6563115593727838,0.21784466682425865
scene-0635_CAM_FRONT_b8d19bb7_135678a1,G51-B,0,37295,22.19505554583625,0.036994607766499765,0.6565676463635647,0.2448913928505765
scene-0635_CAM_FRONT_b8d19bb7_135678a1,G51-B,1,33861,22.11887460182338,0.034422685782581564,0.6565873453628556,0.22234260499566622
scene-0635_CAM_FRONT_b8d19bb7_135678a1,G51-B,2,33919,22.18173434822194,0.036392328501706483,0.6567449373571822,0.22272345231528906
scene-0635_CAM_FRONT_b8d19bb7_135678a1,G51-B,3,33107,22.60266028426018,0.03374496624412693,0.6566989730255036,0.21739158984056944
scene-0635_CAM_FRONT_b8d19bb7_135678a1,G51-B,4,33274,22.483131182969675,0.035708923459914166,0.6567777690226669,0.21848816746775931
scene-0635_CAM_FRONT_e553a1df_741476cb,G51-B,0,31107,20.447713036894275,0.03368042471853183,0.6566858403593098,0.20425892364667875
scene-0635_CAM_FRONT_e553a1df_741476cb,G51-B,1,31725,20.904400837150956,0.034616263735816055,0.6568696976860242,0.20831691750059098
scene-0635_CAM_FRONT_e553a1df_741476cb,G51-B,2,31480,20.77967550810119,0.031632063489254625,0.6567974680219578,0.20670816589183935
scene-0635_CAM_FRONT_e553a1df_741476cb,G51-B,3,30857,20.76203702665111,0.030624420051895918,0.6566924066924067,0.20261734037244242
scene-0635_CAM_FRONT_e553a1df_741476cb,G51-B,4,31212,20.847112685800123,0.03133808142318206,0.6568565650198304,0.20494838862185802
scene-0635_CAM_FRONT_7057a04d_b8f4bec2,G51-B,0,29698,18.562468194855658,0.03471351432297243,0.6568368660205395,0.19500696031308276
scene-0635_CAM_FRONT_7057a04d_b8f4bec2,G51-B,1,29768,18.68642248707834,0.03221348920986711,0.6565873453628556,0.19546660362986892
scene-0635_CAM_FRONT_7057a04d_b8f4bec2,G51-B,2,30785,19.00104145816653,0.038088500924363444,0.6565742126966617,0.20214456438946235
scene-0635_CAM_FRONT_7057a04d_b8f4bec2,G51-B,3,29887,18.81298828125,0.034714123492729954,0.656528248364983,0.19624799726840544
scene-0635_CAM_FRONT_7057a04d_b8f4bec2,G51-B,4,29365,18.950119075278813,0.035066365214459605,0.6566070443621465,0.19282037139179997
scene-0636_CAM_FRONT_3ac231a1_925af658,G51-B,0,79789,24.852063998453207,0.02476877845876846,0.6947049089906233,0.5363512200246894
scene-0636_CAM_FRONT_3ac231a1_925af658,G51-B,1,81463,25.849052097486418,0.033199166943457925,0.7006605731095527,0.5471659706353584
scene-0636_CAM_FRONT_3ac231a1_925af658,G51-B,2,82031,25.613454965444724,0.03339294373668933,0.7088750558138314,0.5530822367557061
scene-0636_CAM_FRONT_3ac231a1_925af658,G51-B,3,81218,26.106423785070135,0.04154520046169208,0.7314041446694508,0.5587292832190791
scene-0636_CAM_FRONT_3ac231a1_925af658,G51-B,4,81245,26.384739131172005,0.029587147755885557,0.7474522627583852,0.5953694219000342
scene-0636_CAM_FRONT_f3501361_a1165ef3,G51-B,0,82559,25.026995101576375,0.06789366748878622,0.7609132456071231,0.6155149318414624
scene-0636_CAM_FRONT_f3501361_a1165ef3,G51-B,1,93227,25.03849514342775,0.07140281486862987,0.7857471173797704,0.7436109578966722
scene-0636_CAM_FRONT_f3501361_a1165ef3,G51-B,2,87281,25.347480688202243,0.09150625102572585,0.8028064507656344,0.6972132482336564
scene-0636_CAM_FRONT_f3501361_a1165ef3,G51-B,3,93660,24.300350238922668,0.06681530264411495,0.8238712473406351,0.737622462112258
scene-0636_CAM_FRONT_f3501361_a1165ef3,G51-B,4,93271,24.30626545754328,0.08070263231684294,0.8352047382659628,0.6803706038399916
scene-0636_CAM_FRONT_52d62696_d98b25de,G51-B,0,114394,21.510817656885536,0.05730214433833347,0.8422175820135004,0.765975888424868
scene-0636_CAM_FRONT_52d62696_d98b25de,G51-B,1,124756,22.921976296596437,0.0682058709885669,0.8918524938933102,0.8306345704304888
scene-0636_CAM_FRONT_52d62696_d98b25de,G51-B,2,125849,23.26605989375499,0.09148092861350099,0.9017676568696977,0.837581750847057
scene-0636_CAM_FRONT_52d62696_d98b25de,G51-B,3,135251,23.470353225954476,0.09007599779589937,0.9312439261418853,0.8972762850313871
scene-0636_CAM_FRONT_52d62696_d98b25de,G51-B,4,136721,23.783607127568498,0.06910549096172769,0.9408307724634255,0.9054185380715993
scene-0636_CAM_FRONT_98e1aaf2_52c9f322,G51-B,0,121516,23.390438134829616,0.11958396317741826,0.9436936936936937,0.797927665274604
scene-0636_CAM_FRONT_98e1aaf2_52c9f322,G51-B,1,124343,22.900982158083227,0.12611544512853934,0.9476794578835395,0.8170553935860059
scene-0636_CAM_FRONT_98e1aaf2_52c9f322,G51-B,2,124007,22.847910487288143,0.12144792216592348,0.9491962808289339,0.8149672996611772
scene-0636_CAM_FRONT_98e1aaf2_52c9f322,G51-B,3,120366,23.15507435864326,0.11296387282198883,0.9478830142095448,0.7904617445433771
scene-0636_CAM_FRONT_98e1aaf2_52c9f322,G51-B,4,124398,23.556127629103965,0.11566188207204497,0.9472460798991411,0.8170816589183936
scene-0636_CAM_FRONT_c64a7057_0d28a80a,G51-B,0,126273,23.72762117790132,0.08248546722327443,0.9513040737530534,0.8294329314737477
scene-0636_CAM_FRONT_c64a7057_0d28a80a,G51-B,1,127609,25.067904841972883,0.08400496841863925,0.9580936621752948,0.838409108817272
scene-0636_CAM_FRONT_c64a7057_0d28a80a,G51-B,2,120715,24.187361225328946,0.07799167910297289,0.9619218343708139,0.792766527460405
scene-0636_CAM_FRONT_c64a7057_0d28a80a,G51-B,3,121434,24.1368019701087,0.07276938849763792,0.9618233393743598,0.7974614556247209
scene-0636_CAM_FRONT_c64a7057_0d28a80a,G51-B,4,115853,19.00641151484865,0.06344749192193744,0.9567803955559058,0.7609066792740262
scene-0636_CAM_FRONT_73d95c15_01ec0ffb,G51-B,0,124143,23.236379241479,0.08862533327847544,0.9433259790402647,0.817751424894282
scene-0636_CAM_FRONT_73d95c15_01ec0ffb,G51-B,1,122354,24.39073718514596,0.10444096623311605,0.905930712053161,0.8062669083077246
scene-0636_CAM_FRONT_73d95c15_01ec0ffb,G51-B,2,122315,27.63297588883526,0.0712191864254903,0.9019777795288,0.8052819583431828
scene-0636_CAM_FRONT_73d95c15_01ec0ffb,G51-B,3,99801,25.521362173004317,0.04029312751269831,0.8409831113912747,0.6557862527250282
scene-0636_CAM_FRONT_73d95c15_01ec0ffb,G51-B,4,83687,25.956273915816325,0.04563008635644339,0.7789903606230136,0.549739973209361
scene-0636_CAM_FRONT_0c9652d8_6d6d1ee8,G51-B,0,83434,33.23050613038278,0.025888960029827768,0.7265778898431959,0.5488272529088856
scene-0636_CAM_FRONT_0c9652d8_6d6d1ee8,G51-B,1,84716,33.302802328843995,0.032873307877735014,0.7059858692511753,0.5639166863656659
scene-0636_CAM_FRONT_0c9652d8_6d6d1ee8,G51-B,2,82544,34.63253190398755,0.02610724055883784,0.704830194626113,0.5563654033041788
scene-0636_CAM_FRONT_0c9652d8_6d6d1ee8,G51-B,3,79437,33.89693604155741,0.04036886889113678,0.7016652220733853,0.5278346859979514
scene-0636_CAM_FRONT_0c9652d8_6d6d1ee8,G51-B,4,80082,33.33703181118523,0.05498914600516125,0.6994458014866178,0.5537388700654007
scene-0636_CAM_FRONT_7c81ac95_378d5e91,G51-B,0,84324,36.606365348968396,0.05732333363940656,0.6950857563102462,0.610754340346177
scene-0636_CAM_FRONT_7c81ac95_378d5e91,G51-B,1,83298,36.309034926470595,0.05066471559896235,0.6870222992671973,0.6082985317679195
scene-0636_CAM_FRONT_7c81ac95_378d5e91,G51-B,2,84815,36.43117759402283,0.028910671089672935,0.7065637065637066,0.6008063457043049
scene-0636_CAM_FRONT_7c81ac95_378d5e91,G51-B,3,84755,35.05440920938314,0.04999254139113152,0.7314501090011294,0.5976873374832559
scene-0636_CAM_FRONT_7c81ac95_378d5e91,G51-B,4,82028,35.583020981192334,0.03630182163632245,0.7410172563233788,0.5583353032332624
scene-0637_CAM_FRONT_8b77b8e2_26a15512,G51-B,0,104977,34.24285860458398,0.10691590791467132,0.8969414020434429,0.6928926010558664
scene-0637_CAM_FRONT_8b77b8e2_26a15512,G51-B,1,95763,35.576846358428796,0.15009820170017907,0.8979723163396632,0.6288117563627768
scene-0637_CAM_FRONT_8b77b8e2_26a15512,G51-B,2,89732,34.909865761033856,0.04405219645795855,0.9093189399311848,0.5892102014550994
scene-0637_CAM_FRONT_8b77b8e2_26a15512,G51-B,3,87637,34.72590926995798,0.05366071308931808,0.9096341239198382,0.5754537336169989
scene-0637_CAM_FRONT_8b77b8e2_26a15512,G51-B,4,81019,35.43114208704646,0.060061277311981076,0.9060489060489061,0.5319977411814146
scene-0637_CAM_FRONT_34aff80f_b3c0d188,G51-B,0,104172,42.257542238766035,0.06869076062438872,0.904853833425262,0.6849604706747564
scene-0637_CAM_FRONT_34aff80f_b3c0d188,G51-B,1,98538,43.32102966308594,0.08302014344609043,0.9100478029049458,0.6473879126940352
scene-0637_CAM_FRONT_34aff80f_b3c0d188,G51-B,2,102421,44.22733802465023,0.0853797836308412,0.9041184041184042,0.6726617287841777
scene-0637_CAM_FRONT_34aff80f_b3c0d188,G51-B,3,93843,41.612467077164,0.048407666902500424,0.9032516481496073,0.6162043968166417
scene-0637_CAM_FRONT_34aff80f_b3c0d188,G51-B,4,104288,46.12571683843085,0.0735582595724531,0.903179418485541,0.6848094450135267
scene-0637_CAM_FRONT_dcbda46c_d413774b,G51-B,0,94900,40.61293132544473,0.07172090734703951,0.9033107451474799,0.623145010900113
scene-0637_CAM_FRONT_dcbda46c_d413774b,G51-B,1,91500,41.36036672856178,0.08206555423852291,0.9048407007590681,0.6008194783704988
scene-0637_CAM_FRONT_dcbda46c_d413774b,G51-B,2,87772,40.00771766618497,0.05706764981764123,0.9021747695217083,0.5763401885850865
scene-0637_CAM_FRONT_dcbda46c_d413774b,G51-B,3,91002,41.91346976611525,0.044837194794426605,0.8945840884616395,0.59754944448822
scene-0637_CAM_FRONT_dcbda46c_d413774b,G51-B,4,95303,43.27943913600152,0.06238179272083855,0.893441546502771,0.6257912431381819
scene-0637_CAM_FRONT_c6b4a9f6_a6c7d30b,G51-B,0,84236,38.22684405615816,0.041311895333352666,0.8900336196254564,0.5531216347542878
scene-0637_CAM_FRONT_c6b4a9f6_a6c7d30b,G51-B,1,78903,37.99032893024466,0.04503320243130693,0.8843274761642108,0.5181033803482783
scene-0637_CAM_FRONT_c6b4a9f6_a6c7d30b,G51-B,2,78438,37.93473228663444,0.04444507811241594,0.8841764505029811,0.5150500354581987
scene-0637_CAM_FRONT_c6b4a9f6_a6c7d30b,G51-B,3,73596,39.816466262220686,0.04591663567823456,0.8749901505003546,0.48325585060278936
scene-0637_CAM_FRONT_c6b4a9f6_a6c7d30b,G51-B,4,76319,41.16987547246219,0.06612815024959406,0.8680232710844956,0.5011425419588685
scene-0637_CAM_FRONT_c0da6ecb_cae3569b,G51-B,0,83162,58.296788930084745,0.0773861765875945,0.8484227667901137,0.5536075434034617
scene-0637_CAM_FRONT_c0da6ecb_cae3569b,G51-B,1,79199,61.25001235177863,0.05780618440786256,0.8351850392666719,0.5358981430410001
scene-0637_CAM_FRONT_c0da6ecb_cae3569b,G51-B,2,75967,62.45054958596216,0.06183708979043345,0.8308578257557849,0.5171315630499304
scene-0637_CAM_FRONT_c0da6ecb_cae3569b,G51-B,3,70901,58.515525526444655,0.05968957374926154,0.8266750715730308,0.48276994195361544
scene-0637_CAM_FRONT_c0da6ecb_cae3569b,G51-B,4,73026,60.81742434569251,0.02750372244961108,0.8295051611378143,0.4984503453891209
scene-0637_CAM_FRONT_5bebe37b_6f1d27de,G51-B,0,83027,63.90927678571427,0.05985645223122038,0.8434389199695322,0.5744359519869724
scene-0637_CAM_FRONT_5bebe37b_6f1d27de,G51-B,1,79057,70.16089983776268,0.08416625861634852,0.8282181598508129,0.5441585900769574
scene-0637_CAM_FRONT_5bebe37b_6f1d27de,G51-B,2,56172,57.21714902700555,0.04537416474168188,0.8179681138864813,0.3843668741627925
scene-0637_CAM_FRONT_5bebe37b_6f1d27de,G51-B,3,52890,56.91851000816992,0.06886373512181487,0.8217306227510309,0.3587713077508996
scene-0637_CAM_FRONT_5bebe37b_6f1d27de,G51-B,4,59701,53.725187907286745,0.07640744184318393,0.835303233262417,0.41105901820187535
scene-0637_CAM_FRONT_6df66081_a6c7ab79,G51-B,0,67583,55.225716817010294,0.09784031612277566,0.8437212722927009,0.46149502271951254
scene-0637_CAM_FRONT_6df66081_a6c7ab79,G51-B,1,68763,53.668404943855286,0.06417772018846923,0.8467614845165865,0.4715086806923542
scene-0637_CAM_FRONT_6df66081_a6c7ab79,G51-B,2,70027,61.313446258758745,0.06595639230085215,0.8461311165392799,0.47999238305360753
scene-0637_CAM_FRONT_6df66081_a6c7ab79,G51-B,3,65769,61.19163931980909,0.06003856204358282,0.8482586084626901,0.4483886218580096
scene-0637_CAM_FRONT_6df66081_a6c7ab79,G51-B,4,67462,66.51883250269398,0.07690976728682886,0.8431434349801696,0.4601357917684448
scene-0637_CAM_FRONT_16af9720_2018466d,G51-B,0,64683,63.99432940288105,0.05577366366981096,0.8350799779371207,0.4291361332177659
scene-0637_CAM_FRONT_16af9720_2018466d,G51-B,1,57346,64.82593833780162,0.056799998225880444,0.8168190055945158,0.3807816562918604
scene-0637_CAM_FRONT_16af9720_2018466d,G51-B,2,59754,64.18826039349277,0.05385837375999358,0.8229322617077719,0.3970333307068001
scene-0637_CAM_FRONT_16af9720_2018466d,G51-B,3,64369,63.5299862132353,0.06195808599307817,0.8231949150316498,0.4272844272844273
scene-0637_CAM_FRONT_16af9720_2018466d,G51-B,4,66356,68.46954462895688,0.08406669216958074,0.8203057284689937,0.4361358442991096
scene-0638_CAM_FRONT_ccd7c315_1646a03c,G51-B,0,36400,49.466167015550255,0.06976217290493292,0.8185590838652063,0.23901452472881043
scene-0638_CAM_FRONT_ccd7c315_1646a03c,G51-B,1,30798,44.99322769121813,0.038118318779021276,0.8187692065243085,0.20222992671972265
scene-0638_CAM_FRONT_ccd7c315_1646a03c,G51-B,2,45113,44.79364052547769,0.06398340695714033,0.8174428072387256,0.29624668400178605
scene-0638_CAM_FRONT_ccd7c315_1646a03c,G51-B,3,75808,58.317926416256164,0.15864850478338632,0.8199839781472434,0.4982730543955034
scene-0638_CAM_FRONT_ccd7c315_1646a03c,G51-B,4,81960,66.88174935567007,0.25465810166884584,0.8236873900139207,0.5388989572663042
scene-0638_CAM_FRONT_e9a4cb5c_148a98a0,G51-B,0,53047,44.71774468779677,0.3404729541745999,0.8296102224673654,0.3484752974548893
scene-0638_CAM_FRONT_e9a4cb5c_148a98a0,G51-B,1,37691,69.36414231980405,0.3078284990885427,0.8383434454863026,0.24757045675413022
scene-0638_CAM_FRONT_e9a4cb5c_148a98a0,G51-B,2,29026,46.73087397780374,0.050937532588696044,0.8481798124655268,0.19215060541591153
scene-0638_CAM_FRONT_e9a4cb5c_148a98a0,G51-B,3,29378,47.48000262605043,0.05904635398648739,0.856315499172642,0.19386441835421428
scene-0638_CAM_FRONT_e9a4cb5c_148a98a0,G51-B,4,41176,47.86731243753125,0.07204049763312481,0.8777151787355869,0.2709466025792556
scene-0638_CAM_FRONT_f2efcbf8_23cc2b13,G51-B,0,77763,40.09907170964501,0.06214229735865118,0.9021485041893205,0.5110642712683529
scene-0638_CAM_FRONT_f2efcbf8_23cc2b13,G51-B,1,83813,37.46372924873381,0.06544907746988038,0.9301210831823077,0.5505082341817036
scene-0638_CAM_FRONT_f2efcbf8_23cc2b13,G51-B,2,93467,35.86337462649402,0.05217323260249351,0.9951146481758727,0.6145168492107268
scene-0638_CAM_FRONT_f2efcbf8_23cc2b13,G51-B,3,107989,34.630965763103795,0.05861327326712251,1.0,0.7090917448060305
scene-0638_CAM_FRONT_f2efcbf8_23cc2b13,G51-B,4,104266,32.36195804741111,0.04854019858372505,0.9797297297297297,0.6884143618837496
scene-0638_CAM_FRONT_84af29b7_7e4fbe4a,G51-B,0,106295,20.021157990716176,0.04064307765243491,0.9437330916922754,0.707476426864182
scene-0638_CAM_FRONT_84af29b7_7e4fbe4a,G51-B,1,111707,21.310303611526944,0.03270129769640917,0.9401741391537309,0.7418314816274
scene-0638_CAM_FRONT_84af29b7_7e4fbe4a,G51-B,2,124495,22.307781622225228,0.0517869179579602,0.9363394006251149,0.8300173351193759
scene-0638_CAM_FRONT_84af29b7_7e4fbe4a,G51-B,3,123105,23.292619227630567,0.04504044751315073,0.9325309274288867,0.818716675859533
scene-0638_CAM_FRONT_84af29b7_7e4fbe4a,G51-B,4,117983,23.65605678763441,0.04106607258444095,0.9309615738187167,0.7828907624825993
scene-0638_CAM_FRONT_0b1c4f84_bbf22539,G51-B,0,109032,24.38621727195946,0.020089080515030444,0.9265752633099572,0.717673942163738
scene-0638_CAM_FRONT_0b1c4f84_bbf22539,G51-B,1,115009,24.488076427902627,0.03492882077339399,0.9273369579492029,0.7577876710529772
scene-0638_CAM_FRONT_0b1c4f84_bbf22539,G51-B,2,108181,23.910871018814557,0.023892472262515785,0.924434638720353,0.716235915215507
scene-0638_CAM_FRONT_0b1c4f84_bbf22539,G51-B,3,102694,23.43484662282942,0.027987252056356438,0.9256953746749665,0.674920547369527
scene-0638_CAM_FRONT_0b1c4f84_bbf22539,G51-B,4,106447,23.028499910201155,0.029098267332351213,0.9260433903291047,0.7021511307225593
scene-0638_CAM_FRONT_bb0f2154_aac566f9,G51-B,0,116458,25.62396599264705,0.03971854864255997,0.9271071362908098,0.7661860110839702
scene-0638_CAM_FRONT_bb0f2154_aac566f9,G51-B,1,113768,24.828889177939637,0.056756300851691144,0.9249730780343025,0.7470385837732777
scene-0638_CAM_FRONT_bb0f2154_aac566f9,G51-B,2,112422,24.694675102919163,0.058526528881636786,0.9267131563049931,0.7382002994247893
scene-0638_CAM_FRONT_bb0f2154_aac566f9,G51-B,3,108464,24.82788751310273,0.05792956680452055,0.9260565229952985,0.7123289470228246
scene-0638_CAM_FRONT_bb0f2154_aac566f9,G51-B,4,109077,25.145342627081515,0.06369961458187046,0.9272253302865547,0.716235915215507
scene-0638_CAM_FRONT_6918d5fa_457185e7,G51-B,0,113987,24.853661968659935,0.06601495239826072,0.9281511832532241,0.7496716833451528
scene-0638_CAM_FRONT_6918d5fa_457185e7,G51-B,1,122186,25.451117043804448,0.07588491854496171,0.9288669135607911,0.8059911223176529
scene-0638_CAM_FRONT_6918d5fa_457185e7,G51-B,2,123382,25.53888127206253,0.05992647403807627,0.9282496782496783,0.8149279016625955
scene-0638_CAM_FRONT_6918d5fa_457185e7,G51-B,3,117879,26.743448588205904,0.06215121078911645,0.9264373703149213,0.7750374280986526
scene-0638_CAM_FRONT_6918d5fa_457185e7,G51-B,4,116227,26.338810726713064,0.05912375093686828,0.9265095999789877,0.7661860110839702
scene-0638_CAM_FRONT_171a761e_784b1e9d,G51-B,0,119114,23.412063168221103,0.04535495118499133,0.9263388753184671,0.7853071730622752
scene-0638_CAM_FRONT_171a761e_784b1e9d,G51-B,1,125783,23.78317857944345,0.05437567079383587,0.9271268352901006,0.8298334777926615
scene-0638_CAM_FRONT_171a761e_784b1e9d,G51-B,2,124826,23.880152234504905,0.047233646875538327,0.9253407926877315,0.8237333543455992
scene-0638_CAM_FRONT_171a761e_784b1e9d,G51-B,3,122752,24.069000142753328,0.036801542570781276,0.926122186326268,0.8085519922254616
scene-0638_CAM_FRONT_171a761e_784b1e9d,G51-B,4,120737,23.978948210825024,0.03709819714588525,0.9250190423659811,0.7960365613426837
scene-0770_CAM_FRONT_4cecbedd_9935b3e1,G51-B,0,82937,17.863796198210924,0.028075745143682607,0.7409515929924093,0.5449728153809786
scene-0770_CAM_FRONT_4cecbedd_9935b3e1,G51-B,1,82178,18.058789831446845,0.03005445266933271,0.7410238226564757,0.5397000499041316
scene-0770_CAM_FRONT_4cecbedd_9935b3e1,G51-B,2,81813,17.91177210066719,0.029255166871519744,0.7410041236571849,0.5375922569800121
scene-0770_CAM_FRONT_4cecbedd_9935b3e1,G51-B,3,81884,17.897974021512507,0.02925505092904679,0.7410041236571849,0.5380650329629921
scene-0770_CAM_FRONT_4cecbedd_9935b3e1,G51-B,4,81199,17.94077603186736,0.03245359233908607,0.7409515929924093,0.5336327581225541
scene-0770_CAM_FRONT_367b4ca6_2fa2a2c2,G51-B,0,78824,18.421690307328607,0.03400531449660105,0.7409253276600215,0.5177881963596249
scene-0770_CAM_FRONT_367b4ca6_2fa2a2c2,G51-B,1,78650,18.60705932810032,0.03332855465323448,0.7409515929924093,0.5164946287395267
scene-0770_CAM_FRONT_367b4ca6_2fa2a2c2,G51-B,2,78331,18.539380959149753,0.032943045855089004,0.740872796995246,0.5143868358154072
scene-0770_CAM_FRONT_367b4ca6_2fa2a2c2,G51-B,3,77847,18.4778522995283,0.034200390322215224,0.7409318939931184,0.5111955979302918
scene-0770_CAM_FRONT_367b4ca6_2fa2a2c2,G51-B,4,78115,18.700617494541486,0.03248775084319355,0.7409253276600215,0.5129422425340793
scene-0770_CAM_FRONT_297c5290_5881d820,G51-B,0,79433,18.47054571513786,0.03198968498987664,0.7409056286607307,0.5220628792057364
scene-0770_CAM_FRONT_297c5290_5881d820,G51-B,1,79820,18.3708757986861,0.03437781097324755,0.7409712919917002,0.5243216977910855
scene-0770_CAM_FRONT_297c5290_5881d820,G51-B,2,78587,18.07470115922757,0.028935718385701747,0.7409975573240879,0.5164617970740419
scene-0770_CAM_FRONT_297c5290_5881d820,G51-B,3,78501,18.062704491374177,0.03606450466474076,0.7409712919917002,0.5158773934284139
scene-0770_CAM_FRONT_297c5290_5881d820,G51-B,4,79596,18.328201648800874,0.033731305019431,0.7408530979959551,0.5229493341738239
scene-0770_CAM_FRONT_bda037b6_e0286a70,G51-B,0,83380,18.06946383248731,0.03054098779829939,0.7409581593255062,0.5478423029443438
scene-0770_CAM_FRONT_bda037b6_e0286a70,G51-B,1,84368,18.08544559110327,0.029030790382887917,0.7409253276600215,0.5542838757124472
scene-0770_CAM_FRONT_bda037b6_e0286a70,G51-B,2,82712,18.53055746668598,0.029066643348743426,0.7409318939931184,0.5432590024426759
scene-0770_CAM_FRONT_bda037b6_e0286a70,G51-B,3,83895,18.264918341708537,0.0325510655464587,0.7410106899902819,0.5512108318230767
scene-0770_CAM_FRONT_bda037b6_e0286a70,G51-B,4,82805,18.611683411357006,0.029378935414454688,0.7409712919917002,0.5440009980826307
scene-0770_CAM_FRONT_b380e87c_3e2d8c16,G51-B,0,81747,18.539140417220747,0.026680956699334235,0.7409318939931184,0.5370472513329656
scene-0770_CAM_FRONT_b380e87c_3e2d8c16,G51-B,1,80561,18.593129645576507,0.030032507575689316,0.7409384603262155,0.5290231922884984
scene-0770_CAM_FRONT_b380e87c_3e2d8c16,G51-B,2,79441,18.50046693313954,0.030835104742679142,0.7409187613269246,0.5216492002206288
scene-0770_CAM_FRONT_b380e87c_3e2d8c16,G51-B,3,79751,18.036015135954614,0.033313177059901555,0.7409056286607307,0.5237241614792635
scene-0770_CAM_FRONT_b380e87c_3e2d8c16,G51-B,4,81613,18.38473649945175,0.027288371466675176,0.7409712919917002,0.5360163370367452
scene-0770_CAM_FRONT_4db81eb6_b687f913,G51-B,0,84383,17.855627510633273,0.029548800414493925,0.7409778583247971,0.554172248049799
scene-0770_CAM_FRONT_4db81eb6_b687f913,G51-B,1,83161,17.945908078722134,0.044621033045994185,0.740984424657894,0.5460693930081685
scene-0770_CAM_FRONT_4db81eb6_b687f913,G51-B,2,81817,17.967810792349727,0.04663299098932905,0.7409581593255062,0.5372770729913587
scene-0770_CAM_FRONT_4db81eb6_b687f913,G51-B,3,81949,18.301542371175525,0.048371259675029865,0.7409253276600215,0.5382751556220944
scene-0770_CAM_FRONT_4db81eb6_b687f913,G51-B,4,82580,18.11943751205632,0.041191028221491566,0.740984424657894,0.5423988128069761
scene-0770_CAM_FRONT_3fe58fa3_f8685421,G51-B,0,78307,18.146351872246694,0.03384946036045733,0.7409778583247971,0.5148202137998056
scene-0770_CAM_FRONT_3fe58fa3_f8685421,G51-B,1,78136,18.10735988770844,0.032175625885738635,0.7409187613269246,0.5134150185170593
scene-0770_CAM_FRONT_3fe58fa3_f8685421,G51-B,2,78175,18.036148760206533,0.03423399659063309,0.7409056286607307,0.5136120085099677
scene-0770_CAM_FRONT_3fe58fa3_f8685421,G51-B,3,75284,18.233087340049657,0.03797462047441824,0.7409318939931184,0.49469440285766814
scene-0770_CAM_FRONT_3fe58fa3_f8685421,G51-B,4,77812,17.98968524873442,0.035108072636724774,0.7409581593255062,0.5113137919260369
scene-0770_CAM_FRONT_86bbdee8_d09375a2,G51-B,0,83808,18.17296811630939,0.027242613326991627,0.7409581593255062,0.5507643211724844
scene-0770_CAM_FRONT_86bbdee8_d09375a2,G51-B,1,83087,18.01864882266372,0.028926309118355586,0.740859664329052,0.5457476426864182
scene-0770_CAM_FRONT_86bbdee8_d09375a2,G51-B,2,82593,17.988449128668762,0.03141703844716481,0.7409253276600215,0.5425761038005936
scene-0770_CAM_FRONT_86bbdee8_d09375a2,G51-B,3,81163,17.90685800039043,0.03274598753308133,0.7409647256586032,0.5333635384655793
scene-0770_CAM_FRONT_86bbdee8_d09375a2,G51-B,4,82516,18.239335218174535,0.031264027890804735,0.7408990623276338,0.5423331494760066
scene-0771_CAM_FRONT_5a3a15f4_e3ca1a55,G51-B,0,79461,18.371321741245136,0.03390809990296795,0.7410566543219604,0.5218855882121188
scene-0771_CAM_FRONT_5a3a15f4_e3ca1a55,G51-B,1,77376,18.844893836663946,0.035054148000047025,0.7414112363091955,0.5081028550416306
scene-0771_CAM_FRONT_5a3a15f4_e3ca1a55,G51-B,2,78429,18.868962206952308,0.03303082210757724,0.7412799096472565,0.515141964121556
scene-0771_CAM_FRONT_5a3a15f4_e3ca1a55,G51-B,3,77164,18.560012590392557,0.03859866207625551,0.7411420166522207,0.5067370577574659
scene-0771_CAM_FRONT_5a3a15f4_e3ca1a55,G51-B,4,77550,18.736495178856917,0.03599617065386007,0.7411354503191238,0.5093176266645655
scene-0771_CAM_FRONT_f10350b3_f9adbe43,G51-B,0,79647,18.866953381568145,0.035760418784831494,0.7409187613269246,0.523060961836472
scene-0771_CAM_FRONT_f10350b3_f9adbe43,G51-B,1,78023,18.949381262683925,0.029472921136713737,0.7409581593255062,0.5123250072229664
scene-0771_CAM_FRONT_f10350b3_f9adbe43,G51-B,2,78233,18.83309689651463,0.0366915609369709,0.7408924959945368,0.513703937173325
scene-0771_CAM_FRONT_f10350b3_f9adbe43,G51-B,3,77969,18.912154641700745,0.03753261032566435,0.7408071336642765,0.5119704252357313
scene-0771_CAM_FRONT_f10350b3_f9adbe43,G51-B,4,78620,19.142204733455884,0.0305689529938038,0.7406889396685316,0.5162451080818428
scene-0771_CAM_FRONT_f283d4f9_00dcc650,G51-B,0,84441,18.939400215267025,0.026706658280903017,0.7405444803403987,0.5545268300370341
scene-0771_CAM_FRONT_f283d4f9_00dcc650,G51-B,1,82615,18.832834652056707,0.02653685142610218,0.740393454679169,0.5424776088041394
scene-0771_CAM_FRONT_f283d4f9_00dcc650,G51-B,2,82666,18.90901097670251,0.03483476313407574,0.7402818270165209,0.5428584561237623
scene-0771_CAM_FRONT_f283d4f9_00dcc650,G51-B,3,82054,18.84757293487763,0.030736668592379113,0.7402818270165209,0.5387938959367531
scene-0771_CAM_FRONT_f283d4f9_00dcc650,G51-B,4,83848,18.767176797945204,0.02710700125650578,0.7403343576812964,0.550573897512673
scene-0771_CAM_FRONT_8b830239_299d190b,G51-B,0,83047,18.55708883217131,0.04182640827128781,0.7403474903474904,0.5453799280329893
scene-0771_CAM_FRONT_8b830239_299d190b,G51-B,1,81360,18.398833674526443,0.041068251352444074,0.7403277913481995,0.5342762587660547
scene-0771_CAM_FRONT_8b830239_299d190b,G51-B,2,81210,18.53246879875195,0.043011808673215635,0.7403015260158118,0.533284742468416
scene-0771_CAM_FRONT_8b830239_299d190b,G51-B,3,80349,18.532299964256534,0.04494708194522268,0.7403212250151026,0.5276639613374308
scene-0771_CAM_FRONT_8b830239_299d190b,G51-B,4,80879,18.448215996168585,0.037918910171971465,0.7403212250151026,0.531117852546424
scene-0771_CAM_FRONT_812bd271_7a827286,G51-B,0,83523,18.75207459398091,0.03904724453841402,0.740386888346072,0.5484398392561658
scene-0771_CAM_FRONT_812bd271_7a827286,G51-B,1,82920,18.56734588005716,0.037163971232680115,0.7403671893467811,0.5444803403987077
scene-0771_CAM_FRONT_812bd271_7a827286,G51-B,2,81912,18.572753127492025,0.043002472661978874,0.7403146586820056,0.5378614766369868
scene-0771_CAM_FRONT_812bd271_7a827286,G51-B,3,80644,18.83244793476372,0.032799244781184456,0.7403015260158118,0.5295353662700601
scene-0771_CAM_FRONT_812bd271_7a827286,G51-B,4,82298,18.749232496334315,0.031036548435745548,0.7403606230136842,0.5403960812124078
scene-0771_CAM_FRONT_c4cf31f3_17986d8a,G51-B,0,80912,18.462443606954228,0.04592884127839847,0.7403343576812964,0.5318073175216033
scene-0771_CAM_FRONT_c4cf31f3_17986d8a,G51-B,1,80104,18.753062369204763,0.03245677039193007,0.7404131536784598,0.5262587660546845
scene-0771_CAM_FRONT_c4cf31f3_17986d8a,G51-B,2,79341,18.72341315210027,0.0447446383983916,0.7403277913481995,0.5212420875686182
scene-0771_CAM_FRONT_c4cf31f3_17986d8a,G51-B,3,79883,18.577761664805042,0.0374708298192008,0.7403277913481995,0.5249586321014893
scene-0771_CAM_FRONT_c4cf31f3_17986d8a,G51-B,4,79177,18.363115066324095,0.0433010990346987,0.7403146586820056,0.520191474273107
scene-0771_CAM_FRONT_897c1f9d_e019f3b9,G51-B,0,84128,18.457547446110585,0.034375240451940625,0.7402949596827147,0.5526357261051139
scene-0771_CAM_FRONT_897c1f9d_e019f3b9,G51-B,1,82984,18.335076543029597,0.03609474919317002,0.7403409240143934,0.5451566727076931
scene-0771_CAM_FRONT_897c1f9d_e019f3b9,G51-B,2,82200,18.413114063546555,0.03509160358080532,0.7403803220129751,0.5399036062301369
scene-0771_CAM_FRONT_897c1f9d_e019f3b9,G51-B,3,80516,18.49866032370954,0.03914824518994808,0.740386888346072,0.5287671052977175
scene-0771_CAM_FRONT_897c1f9d_e019f3b9,G51-B,4,82755,18.459445674576642,0.029589236198494184,0.7404065873453629,0.5434297271031965
scene-0771_CAM_FRONT_7af51b78_a6047e96,G51-B,0,82273,18.56307666683427,0.033923193467960466,0.740386888346072,0.5406521682031886
scene-0771_CAM_FRONT_7af51b78_a6047e96,G51-B,1,81373,18.57244833669355,0.03337187739799452,0.740268694350327,0.5347293357497439
scene-0771_CAM_FRONT_7af51b78_a6047e96,G51-B,2,79461,18.3481295838648,0.04156618056303518,0.7402161636855514,0.5221548078690936
scene-0771_CAM_FRONT_7af51b78_a6047e96,G51-B,3,80048,18.512129742783987,0.029812689756199662,0.7402555616841331,0.5260355107293883
scene-0771_CAM_FRONT_7af51b78_a6047e96,G51-B,4,80960,18.52363503641996,0.03648636632826774,0.7402227300186484,0.5318138838547002
scene-0775_CAM_FRONT_e836d062_f3730479,G51-B,0,80889,19.03335198126047,0.030579133944130366,0.7401570666876789,0.5311441178788118
scene-0775_CAM_FRONT_e836d062_f3730479,G51-B,1,79719,19.069051307780516,0.04038253291685079,0.7402489953510362,0.5234615081553857
scene-0775_CAM_FRONT_e836d062_f3730479,G51-B,2,78546,18.873095572684772,0.03954626959978702,0.7401701993538728,0.5157591994326688
scene-0775_CAM_FRONT_e836d062_f3730479,G51-B,3,78268,18.9916296993471,0.033194811870643326,0.740143934021485,0.513933758831718
scene-0775_CAM_FRONT_e836d062_f3730479,G51-B,4,79832,19.148342841276257,0.03269837352371474,0.7401767656869698,0.5242035037953405
scene-0775_CAM_FRONT_2dd792df_fb64e7f0,G51-B,0,61689,14.665236539127422,0.03995186887050339,0.7401767656869698,0.4050705224174612
scene-0775_CAM_FRONT_2dd792df_fb64e7f0,G51-B,1,80016,14.176950817333514,0.06369279144872486,0.7403803220129751,0.5254117090851784
scene-0775_CAM_FRONT_2dd792df_fb64e7f0,G51-B,2,89815,14.630839478989818,0.030731503889416256,0.745436398497623,0.5903593097470649
scene-0775_CAM_FRONT_2dd792df_fb64e7f0,G51-B,3,84852,14.476503452034883,0.02262117174700151,0.748437212722927,0.5577705985869251
scene-0775_CAM_FRONT_2dd792df_fb64e7f0,G51-B,4,69784,13.828386785479628,0.020240303052702968,0.74772148241536,0.4593215664644236
scene-0775_CAM_FRONT_5448c4ae_779b8b1c,G51-B,0,66310,16.42615607950899,0.032011566201133546,0.7435781262311875,0.43541354765844564
scene-0775_CAM_FRONT_5448c4ae_779b8b1c,G51-B,1,71681,16.54263822115385,0.024957208713219714,0.7407414703333071,0.47068132272213903
scene-0775_CAM_FRONT_5448c4ae_779b8b1c,G51-B,2,81006,16.697242004440668,0.0245944091091439,0.7403803220129751,0.5319123788511544
scene-0775_CAM_FRONT_5448c4ae_779b8b1c,G51-B,3,74648,16.67344746708741,0.030986550534290114,0.7404065873453629,0.49016363302077587
scene-0775_CAM_FRONT_5448c4ae_779b8b1c,G51-B,4,68269,16.88969636378628,0.03445222082007238,0.7402555616841331,0.4482966931946524
scene-0775_CAM_FRONT_afac9d74_5dd5ed25,G51-B,0,81353,18.140611683238635,0.04510112793439003,0.74026212801723,0.53495259107504
scene-0775_CAM_FRONT_afac9d74_5dd5ed25,G51-B,1,78901,18.571277243286684,0.03721781339279584,0.7402095973524545,0.5185564573319675
scene-0775_CAM_FRONT_afac9d74_5dd5ed25,G51-B,2,80182,18.884481073607933,0.03515468637833208,0.740268694350327,0.5269810626953484
scene-0775_CAM_FRONT_afac9d74_5dd5ed25,G51-B,3,80133,18.957293895171148,0.03740184532691471,0.7402424290179392,0.5263966590497203
scene-0775_CAM_FRONT_afac9d74_5dd5ed25,G51-B,4,80514,18.99682482515761,0.04082127565189575,0.7402358626848423,0.5290691566201771
scene-0775_CAM_FRONT_2f2b214c_22b802fa,G51-B,0,75246,17.577725379207262,0.043481627339502005,0.7402883933496178,0.49472066819005595
scene-0775_CAM_FRONT_2f2b214c_22b802fa,G51-B,1,74377,17.42368441680602,0.03292353083925503,0.7403146586820056,0.48867964174086626
scene-0775_CAM_FRONT_2f2b214c_22b802fa,G51-B,2,78903,17.371995437398038,0.041657039971705334,0.7403212250151026,0.5185170593333859
scene-0775_CAM_FRONT_2f2b214c_22b802fa,G51-B,3,76613,17.32852172851563,0.04035845027064333,0.7402555616841331,0.5036771465342894
scene-0775_CAM_FRONT_2f2b214c_22b802fa,G51-B,4,77363,17.71018594484718,0.03567020278218136,0.7401570666876789,0.5084049063640901
scene-0775_CAM_FRONT_68417c96_b94bc826,G51-B,0,76389,18.889819668234583,0.04831770057644347,0.7400979696898065,0.5017335119375935
scene-0775_CAM_FRONT_68417c96_b94bc826,G51-B,1,75306,18.894391506207914,0.043360601820152445,0.740150500354582,0.49458934152811707
scene-0775_CAM_FRONT_68417c96_b94bc826,G51-B,2,75516,18.992586819868094,0.039445569214133114,0.7401373676883881,0.4958632101489244
scene-0775_CAM_FRONT_68417c96_b94bc826,G51-B,3,74442,18.796277509819785,0.043776441297306956,0.7401176686890972,0.48883723373519294
scene-0775_CAM_FRONT_68417c96_b94bc826,G51-B,4,75849,18.878527169029557,0.0422705621701116,0.7401373676883881,0.498076064402595
scene-0775_CAM_FRONT_36a0632f_798e338f,G51-B,0,78325,18.77445194240776,0.040582265079479374,0.7401898983531636,0.5143540041499225
scene-0775_CAM_FRONT_36a0632f_798e338f,G51-B,1,78820,18.838352726063828,0.03454906411666814,0.7401701993538728,0.5176043390329105
scene-0775_CAM_FRONT_36a0632f_798e338f,G51-B,2,75361,18.49726323219755,0.034773484899529805,0.7401111023560003,0.4948454285188979
scene-0775_CAM_FRONT_36a0632f_798e338f,G51-B,3,77242,18.66216983512786,0.043494319348093224,0.7402095973524545,0.5071967010742521
scene-0775_CAM_FRONT_36a0632f_798e338f,G51-B,4,77036,18.598607447240262,0.047400712134900935,0.7401964646862607,0.5059228324534447
scene-0775_CAM_FRONT_46502e12_a7207fb3,G51-B,0,77872,18.561152771441606,0.03607767886127,0.7402424290179392,0.511412286922491
scene-0775_CAM_FRONT_46502e12_a7207fb3,G51-B,1,76614,19.064249825743495,0.028903170539254397,0.7401898983531636,0.5031584062196307
scene-0775_CAM_FRONT_46502e12_a7207fb3,G51-B,2,76433,18.96968924164013,0.030097757552024706,0.7401636330207759,0.501910802931211
scene-0775_CAM_FRONT_46502e12_a7207fb3,G51-B,3,75943,18.724029394060995,0.03529865008877486,0.7401767656869698,0.498673600714417
scene-0775_CAM_FRONT_46502e12_a7207fb3,G51-B,4,76625,18.947087270770954,0.03068516467056215,0.7402358626848423,0.5032766002153757
scene-0777_CAM_FRONT_bb100390_cbbfb7a9,G51-B,0,81187,19.12300331609712,0.03429339837497114,0.7403474903474904,0.5332190791374465
scene-0777_CAM_FRONT_bb100390_cbbfb7a9,G51-B,1,80013,18.672116522962828,0.03328050722867992,0.7403540566805873,0.5254182754182755
scene-0777_CAM_FRONT_bb100390_cbbfb7a9,G51-B,2,80187,18.810680532560706,0.027059429397214174,0.7403540566805873,0.52654768471095
scene-0777_CAM_FRONT_bb100390_cbbfb7a9,G51-B,3,79330,18.354323814655174,0.042505627991541006,0.7403212250151026,0.5209663015785465
scene-0777_CAM_FRONT_bb100390_cbbfb7a9,G51-B,4,78643,18.90460989670284,0.04640237483437293,0.7403212250151026,0.5164749297402359
scene-0777_CAM_FRONT_9917500e_8df3eafa,G51-B,0,80057,18.96014142429868,0.04144237959413255,0.7401570666876789,0.5256874950752501
scene-0777_CAM_FRONT_9917500e_8df3eafa,G51-B,1,80238,19.173744102577114,0.03137984459429988,0.7403343576812964,0.526908833031282
scene-0777_CAM_FRONT_9917500e_8df3eafa,G51-B,2,79220,19.37048697270471,0.03501296109435459,0.7403080923489087,0.5202111732723977
scene-0777_CAM_FRONT_9917500e_8df3eafa,G51-B,3,79313,19.281130677250804,0.029438911866796147,0.7404328526777506,0.5208546739158985
scene-0777_CAM_FRONT_9917500e_8df3eafa,G51-B,4,79845,19.00902056813439,0.0392913929275176,0.740505082341817,0.5242888661256008
scene-0777_CAM_FRONT_e2f8a076_f5941906,G51-B,0,82671,19.25235822790449,0.03300255524618079,0.740761169332598,0.5428453234575683
scene-0777_CAM_FRONT_e2f8a076_f5941906,G51-B,1,79714,19.191924501298388,0.03115484856085793,0.7407349040002101,0.523428676489901
scene-0777_CAM_FRONT_e2f8a076_f5941906,G51-B,2,79208,19.205955376059325,0.03189521337808965,0.740393454679169,0.5201061119428466
scene-0777_CAM_FRONT_e2f8a076_f5941906,G51-B,3,78971,19.12528399702578,0.028357010616070877,0.7405641793396895,0.5185498909988706
scene-0777_CAM_FRONT_e2f8a076_f5941906,G51-B,4,78687,19.202118377565114,0.032849016557857436,0.7406429753368529,0.5166850523993382
scene-0777_CAM_FRONT_6386a730_feeca927,G51-B,0,80872,18.848700353437746,0.02951529703855882,0.740518215008011,0.5310324902161637
scene-0777_CAM_FRONT_6386a730_feeca927,G51-B,1,78818,18.99799257286995,0.03139778526041703,0.740386888346072,0.5175452420350379
scene-0777_CAM_FRONT_6386a730_feeca927,G51-B,2,77889,18.890569925636175,0.03436045648937336,0.740505082341817,0.5114451185879757
scene-0777_CAM_FRONT_6386a730_feeca927,G51-B,3,77949,18.835140064426483,0.035069199847246324,0.7406035773382712,0.5118390985737925
scene-0777_CAM_FRONT_6386a730_feeca927,G51-B,4,78521,18.864059056991184,0.03308955439353234,0.7405838783389804,0.5155950411052452
scene-0777_CAM_FRONT_1af66f4f_33c25b7a,G51-B,0,80764,18.788568657460136,0.03106789373151564,0.7406626743361437,0.5303233262416935
scene-0777_CAM_FRONT_1af66f4f_33c25b7a,G51-B,1,78822,18.72277434593023,0.04559041001615749,0.740629842670659,0.5175715073674257
scene-0777_CAM_FRONT_1af66f4f_33c25b7a,G51-B,2,78968,18.88962540536556,0.033196271157255985,0.7405970110051743,0.5185301919995797
scene-0777_CAM_FRONT_1af66f4f_33c25b7a,G51-B,3,79115,18.745292311080657,0.03848748415536818,0.7405904446720774,0.5194954429648307
scene-0777_CAM_FRONT_1af66f4f_33c25b7a,G51-B,4,79129,18.864693887578614,0.04154461449330604,0.740629842670659,0.5195873716281879
scene-0777_CAM_FRONT_6e0c8ae1_355b7c5e,G51-B,0,77112,18.962557038163716,0.03796341606948239,0.7406955060016285,0.5063430777716492
scene-0777_CAM_FRONT_6e0c8ae1_355b7c5e,G51-B,1,77334,18.875047161219808,0.038093278035889355,0.7406626743361437,0.507800803719171
scene-0777_CAM_FRONT_6e0c8ae1_355b7c5e,G51-B,2,77630,19.21462486530173,0.03967074609177401,0.7408333989966643,0.5097444383158669
scene-0777_CAM_FRONT_6e0c8ae1_355b7c5e,G51-B,3,78322,19.125201755099823,0.038944919311098225,0.7409253276600215,0.514288340818953
scene-0777_CAM_FRONT_6e0c8ae1_355b7c5e,G51-B,4,77225,19.227927075137686,0.039138698700803776,0.7408924959945368,0.507085073411604
scene-0777_CAM_FRONT_3bb8d513_7582c626,G51-B,0,81763,18.5384269593254,0.042984898801844196,0.7408136999973735,0.5369224910041237
scene-0777_CAM_FRONT_3bb8d513_7582c626,G51-B,1,80900,18.499892285077046,0.04262341432918815,0.7408990623276338,0.5312163475428782
scene-0777_CAM_FRONT_3bb8d513_7582c626,G51-B,2,81453,18.474222509021658,0.036278133985745864,0.7407677356656949,0.5349000604102645
scene-0777_CAM_FRONT_3bb8d513_7582c626,G51-B,3,81195,18.56690120927193,0.03630783314911845,0.7407349040002101,0.533153415806477
scene-0777_CAM_FRONT_3bb8d513_7582c626,G51-B,4,80133,18.435041227253933,0.033110659141793786,0.7407743019987918,0.5262521997215874
scene-0777_CAM_FRONT_326eab70_a8070769,G51-B,0,83554,18.727684701647807,0.039903922712212436,0.7407546029995009,0.548656528248365
scene-0777_CAM_FRONT_326eab70_a8070769,G51-B,1,82292,18.536495085685484,0.04070261503390937,0.7407677356656949,0.540356683213826
scene-0777_CAM_FRONT_326eab70_a8070769,G51-B,2,81854,18.54539252876805,0.04628323609945251,0.740872796995246,0.537480629317364
scene-0777_CAM_FRONT_326eab70_a8070769,G51-B,3,81684,18.647148437499997,0.033848448551931476,0.7407743019987918,0.5363643526908833
scene-0777_CAM_FRONT_326eab70_a8070769,G51-B,4,82954,18.62021572618599,0.03675211228133879,0.7407874346649856,0.5447035957240038
scene-0778_CAM_FRONT_485c78db_c69a8d12,G51-B,0,84426,18.68731824231073,0.03840230600698713,0.7409778583247971,0.5545071310377433
scene-0778_CAM_FRONT_485c78db_c69a8d12,G51-B,1,83690,18.713210491625304,0.04375350589833693,0.7407940009980827,0.5495889475481313
scene-0778_CAM_FRONT_485c78db_c69a8d12,G51-B,2,84551,18.809023765756304,0.036361534994838074,0.7408662306621491,0.5552491266776981
scene-0778_CAM_FRONT_485c78db_c69a8d12,G51-B,3,84132,18.649267718840054,0.03742984824761786,0.7407677356656949,0.5525437974417566
scene-0778_CAM_FRONT_485c78db_c69a8d12,G51-B,4,83579,18.638592591237316,0.03399513404183141,0.7408662306621491,0.548899482572952
scene-0778_CAM_FRONT_7ff89b70_a95743c4,G51-B,0,81671,18.620333311987707,0.027027838244641167,0.740859664329052,0.5367452000105062
scene-0778_CAM_FRONT_7ff89b70_a95743c4,G51-B,1,82419,18.48813740498311,0.02521977123540653,0.7404131536784598,0.5412037401833321
scene-0778_CAM_FRONT_7ff89b70_a95743c4,G51-B,2,79233,19.038096233779406,0.024244962731841735,0.7437291518924172,0.5202702702702703
scene-0778_CAM_FRONT_7ff89b70_a95743c4,G51-B,3,82629,19.215094631602646,0.027086969169751285,0.7566976597588843,0.5435741864313293
scene-0778_CAM_FRONT_7ff89b70_a95743c4,G51-B,4,82947,19.00062275870902,0.024692418746673273,0.7880125022982166,0.5446576313923253
scene-0778_CAM_FRONT_603c9225_d763ff87,G51-B,0,104787,13.42130701805816,0.028305741426788433,0.8419746276889134,0.6880663462296115
scene-0778_CAM_FRONT_603c9225_d763ff87,G51-B,1,125117,13.402545248020635,0.012296744719941355,0.9237189084127859,0.8215598980905103
scene-0778_CAM_FRONT_603c9225_d763ff87,G51-B,2,146488,13.163175117924531,0.019270169869736842,1.0,0.9618890027053293
scene-0778_CAM_FRONT_603c9225_d763ff87,G51-B,3,152292,13.700523501536884,0.0244651917664227,1.0,1.0
scene-0778_CAM_FRONT_603c9225_d763ff87,G51-B,4,152202,13.100309311224489,0.016703580619156888,0.9994090300212749,1.0
scene-0778_CAM_FRONT_263b9818_c0ffb6f6,G51-B,0,152292,6.980108234026368,0.008967154764374263,1.0,1.0
scene-0778_CAM_FRONT_263b9818_c0ffb6f6,G51-B,1,152292,6.9178008430088935,0.01035541417198349,1.0,1.0
scene-0778_CAM_FRONT_263b9818_c0ffb6f6,G51-B,2,152292,6.9346164712058656,0.009425673558518866,1.0,1.0
scene-0778_CAM_FRONT_263b9818_c0ffb6f6,G51-B,3,152292,7.06388632904196,0.00759263129835408,1.0,1.0
scene-0778_CAM_FRONT_263b9818_c0ffb6f6,G51-B,4,152292,7.029338027491714,0.007319356361012774,1.0,1.0
scene-0778_CAM_FRONT_ab5438b9_2d128c56,G51-B,0,152292,6.545890595282123,0.005823192984770631,1.0,1.0
scene-0778_CAM_FRONT_ab5438b9_2d128c56,G51-B,1,152292,6.710615623056593,0.006913477419700387,1.0,1.0
scene-0778_CAM_FRONT_ab5438b9_2d128c56,G51-B,2,152292,6.780636498235888,0.006924727129952402,1.0,1.0
scene-0778_CAM_FRONT_ab5438b9_2d128c56,G51-B,3,152292,6.677281368821292,0.008383831300151634,1.0,1.0
scene-0778_CAM_FRONT_ab5438b9_2d128c56,G51-B,4,152243,6.774689705141129,0.006161129327805215,1.0,0.9996782496782497
scene-0778_CAM_FRONT_475eb52d_5a326a1f,G51-B,0,152292,10.221701369615896,0.007811145368821437,1.0,1.0
scene-0778_CAM_FRONT_475eb52d_5a326a1f,G51-B,1,152290,10.269562973276996,0.00859035326914337,1.0,0.9999868673338062
scene-0778_CAM_FRONT_475eb52d_5a326a1f,G51-B,2,140672,10.082904187446946,0.017937145323025927,1.0,0.9236992094134951
scene-0778_CAM_FRONT_475eb52d_5a326a1f,G51-B,3,117533,9.833042374576431,0.020865928490596986,0.9961849604706747,0.7717608278832768
scene-0778_CAM_FRONT_475eb52d_5a326a1f,G51-B,4,102807,9.373464047330094,0.03407699625749361,0.9894019383815302,0.6750650066976598
scene-0778_CAM_FRONT_ad6cb169_09b1788f,G51-B,0,99282,21.38440048799487,0.0327570350866897,0.9893953720484333,0.6519186825309274
scene-0778_CAM_FRONT_ad6cb169_09b1788f,G51-B,1,91704,20.85031866095096,0.02869503483361946,0.9913521393113229,0.6021590103222756
scene-0778_CAM_FRONT_ad6cb169_09b1788f,G51-B,2,95057,21.376849087801848,0.03655596377244397,0.9949110918498674,0.6242021905287212
scene-0778_CAM_FRONT_ad6cb169_09b1788f,G51-B,3,92164,21.068438578515963,0.026995515321070807,0.9936766212276417,0.6051795235468704
scene-0778_CAM_FRONT_ad6cb169_09b1788f,G51-B,4,90698,20.95492420096322,0.02374995488615017,0.995436398497623,0.5955532792267486
scene-0778_CAM_FRONT_de508cce_a9e3df9e,G51-B,0,106185,28.238395614135417,0.05605971971028545,1.0,0.6972460798991411
scene-0778_CAM_FRONT_de508cce_a9e3df9e,G51-B,1,102533,26.62279395233813,0.03186374170070838,1.0,0.6732658314290967
scene-0778_CAM_FRONT_de508cce_a9e3df9e,G51-B,2,99288,27.5234375,0.04485402953087192,1.0,0.6519580805295091
scene-0778_CAM_FRONT_de508cce_a9e3df9e,G51-B,3,97862,28.280044815891458,0.04929136250026289,1.0,0.642594489533265
scene-0778_CAM_FRONT_de508cce_a9e3df9e,G51-B,4,97122,27.4932636204181,0.050985328800848606,0.9999540356683214,0.6377354030415255
scene-0780_CAM_FRONT_79496091_618d34a8,G51-B,0,59239,17.733685037364136,0.016112497678630877,0.7876316549785938,0.3889830063299451
scene-0780_CAM_FRONT_79496091_618d34a8,G51-B,1,58526,17.54317067081767,0.016464785564513695,0.7874346649856854,0.38430121083182306
scene-0780_CAM_FRONT_79496091_618d34a8,G51-B,2,59514,17.638679750504025,0.017185539117202886,0.7828054001523389,0.39078874793160506
scene-0780_CAM_FRONT_79496091_618d34a8,G51-B,3,61567,17.772624951848996,0.018532488639915634,0.7827003388227878,0.40426942977963387
scene-0780_CAM_FRONT_79496091_618d34a8,G51-B,4,61815,17.593216539701956,0.01793666555793516,0.7827397368213694,0.4058978803876763
scene-0780_CAM_FRONT_a0eba88a_f5a7a188,G51-B,0,64604,16.56612658775981,0.02228506234630423,0.7831862474719617,0.4242113833950569
scene-0780_CAM_FRONT_a0eba88a_f5a7a188,G51-B,1,64066,16.404706436724915,0.019755572575802738,0.7830549208100228,0.4207312268536758
scene-0780_CAM_FRONT_a0eba88a_f5a7a188,G51-B,2,63900,16.280992327771273,0.0205255753789646,0.7831862474719617,0.41958868489480733
scene-0780_CAM_FRONT_a0eba88a_f5a7a188,G51-B,3,64255,16.30571982055465,0.019180689912161153,0.7833898037979671,0.4220773251385496
scene-0780_CAM_FRONT_a0eba88a_f5a7a188,G51-B,4,63841,16.28818999743852,0.020305640569357575,0.7833175741339007,0.4195952512279043
scene-0780_CAM_FRONT_5850f2dd_021dac45,G51-B,0,64223,15.679130261935393,0.019087267810812936,0.7822735271714863,0.4217424421506054
scene-0780_CAM_FRONT_5850f2dd_021dac45,G51-B,1,64070,15.474890860757023,0.016874957474201313,0.7823982875003284,0.42079032385154835
scene-0780_CAM_FRONT_5850f2dd_021dac45,G51-B,2,63663,15.420699041811849,0.015041956437848114,0.7825099151629764,0.4182491529430305
scene-0780_CAM_FRONT_5850f2dd_021dac45,G51-B,3,63354,15.330031728927203,0.01727474102567106,0.7823654558348436,0.41628581934704384
scene-0780_CAM_FRONT_5850f2dd_021dac45,G51-B,4,63426,15.472705180062635,0.015730052806801176,0.7824902161636855,0.41662070233498805
scene-0780_CAM_FRONT_81884f7b_7f6f982e,G51-B,0,63427,16.030863620923913,0.015194706969611005,0.78243768549891,0.4166535340004728
scene-0780_CAM_FRONT_81884f7b_7f6f982e,G51-B,1,63196,15.935365483261336,0.014512617417313578,0.7825296141622672,0.415064481391012
scene-0780_CAM_FRONT_81884f7b_7f6f982e,G51-B,2,62804,15.835523757259402,0.014119884976982577,0.7824573844982008,0.41306174979644367
scene-0780_CAM_FRONT_81884f7b_7f6f982e,G51-B,3,62998,15.922682515200288,0.011977322521445455,0.7824114201665222,0.4137643474378168
scene-0780_CAM_FRONT_81884f7b_7f6f982e,G51-B,4,62860,15.877445229092528,0.013453056359010063,0.7825427468284611,0.4128647598035353
scene-0780_CAM_FRONT_4c8b6c42_90493070,G51-B,0,66594,15.858596868196656,0.016238123383995662,0.7825164814960733,0.4381714075591627
scene-0780_CAM_FRONT_4c8b6c42_90493070,G51-B,1,66159,15.833999780893953,0.014737061990937494,0.7825361804953642,0.43573529798019595
scene-0780_CAM_FRONT_4c8b6c42_90493070,G51-B,2,65542,16.031246803396076,0.01697769758981149,0.7825427468284611,0.4312045281433037
scene-0780_CAM_FRONT_4c8b6c42_90493070,G51-B,3,65856,16.025570848980685,0.01796436161879167,0.7825033488298795,0.43347647939484674
scene-0780_CAM_FRONT_4c8b6c42_90493070,G51-B,4,66205,16.063222810039367,0.014080191177416435,0.7825427468284611,0.43551860898799677
scene-0780_CAM_FRONT_dcc9ee69_e5395428,G51-B,0,65104,15.811158863355681,0.016420427311564234,0.7825887111601397,0.42784256559766765
scene-0780_CAM_FRONT_dcc9ee69_e5395428,G51-B,1,64688,15.839817154255318,0.015449081709431933,0.7825690121608488,0.4252160323588895
scene-0780_CAM_FRONT_dcc9ee69_e5395428,G51-B,2,64543,15.557532074254583,0.01598111071449848,0.7825952774932367,0.42399469440285764
scene-0780_CAM_FRONT_dcc9ee69_e5395428,G51-B,3,64124,15.851109909603421,0.017357628915892986,0.7826740734904,0.42111207417329866
scene-0780_CAM_FRONT_dcc9ee69_e5395428,G51-B,4,65019,15.801264967873829,0.01641252000234772,0.7826215428256245,0.4269823759619678
scene-0780_CAM_FRONT_32608dba_284234f5,G51-B,0,65472,16.089738219555276,0.015969954767034222,0.7825755784939459,0.4305741601659969
scene-0780_CAM_FRONT_32608dba_284234f5,G51-B,1,63720,16.048682932005008,0.015533101108433423,0.7825164814960733,0.4185709032647808
scene-0780_CAM_FRONT_32608dba_284234f5,G51-B,2,63534,16.162380932486634,0.01625548602130067,0.782798833819242,0.41718540698132534
scene-0780_CAM_FRONT_32608dba_284234f5,G51-B,3,64687,16.335993155649437,0.01654229626779946,0.7826478081580123,0.42485488403855753
scene-0780_CAM_FRONT_32608dba_284234f5,G51-B,4,63991,16.519476154795484,0.01595831006507309,0.7827725684868542,0.42067869618890025
scene-0780_CAM_FRONT_59c6164e_9c701c34,G51-B,0,65263,16.513195391660176,0.017557609573708888,0.7826740734904,0.42884721456150027
scene-0780_CAM_FRONT_59c6164e_9c701c34,G51-B,1,64980,16.453194122942385,0.016572157055364745,0.782680639823497,0.42678538596905946
scene-0780_CAM_FRONT_59c6164e_9c701c34,G51-B,2,64352,16.08499077466969,0.016253601863242872,0.7827266041551756,0.4230688414361884
scene-0780_CAM_FRONT_59c6164e_9c701c34,G51-B,3,64021,16.211660938777598,0.01716310168280577,0.7826412418249153,0.42045544086360415
scene-0780_CAM_FRONT_59c6164e_9c701c34,G51-B,4,64648,16.34592760832821,0.016746686292200996,0.782555879494655,0.4245790980484858
scene-0781_CAM_FRONT_87c3788d_d410a7a5,G51-B,0,65883,16.103866807842866,0.018853299057437933,0.7826018438263336,0.43292490741470335
scene-0781_CAM_FRONT_87c3788d_d410a7a5,G51-B,1,64695,16.05080404358132,0.018034682157342274,0.7826215428256245,0.42499277703359334
scene-0781_CAM_FRONT_87c3788d_d410a7a5,G51-B,2,64898,16.052522668843803,0.01696688040613581,0.7826740734904,0.42616815065794655
scene-0781_CAM_FRONT_87c3788d_d410a7a5,G51-B,3,65580,15.901030664493017,0.014897139480351429,0.7825690121608488,0.4307645838258083
scene-0781_CAM_FRONT_87c3788d_d410a7a5,G51-B,4,64363,15.932132049691525,0.017896347992591988,0.7826084101594306,0.4228061881123106
scene-0781_CAM_FRONT_2a73d806_a30ed498,G51-B,0,64491,16.349909555888225,0.01494313439936068,0.7826346754918183,0.4238699340740157
scene-0781_CAM_FRONT_2a73d806_a30ed498,G51-B,1,63537,16.128672459476306,0.01605806982885749,0.782667507157303,0.41744806030520315
scene-0781_CAM_FRONT_2a73d806_a30ed498,G51-B,2,65319,16.142797714319176,0.016916216456724253,0.7826740734904,0.42948414887190395
scene-0781_CAM_FRONT_2a73d806_a30ed498,G51-B,3,64104,16.448790443379266,0.01760929480962048,0.7826412418249153,0.42113833950568647
scene-0781_CAM_FRONT_2a73d806_a30ed498,G51-B,4,64215,16.317378370695252,0.01493365306505412,0.7825887111601397,0.4222020854673916
scene-0781_CAM_FRONT_102fadd4_8e5cf223,G51-B,0,65246,15.90034347011293,0.01607588279444605,0.7825493131615581,0.428880046226985
scene-0781_CAM_FRONT_102fadd4_8e5cf223,G51-B,1,65085,15.828325234464492,0.01648316279668549,0.782555879494655,0.42784256559766765
scene-0781_CAM_FRONT_102fadd4_8e5cf223,G51-B,2,63550,15.63895701965875,0.014061755227194883,0.7826018438263336,0.4174874583037848
scene-0781_CAM_FRONT_102fadd4_8e5cf223,G51-B,3,65116,15.827524930818038,0.017173150245280322,0.7825690121608488,0.4279082289286371
scene-0781_CAM_FRONT_102fadd4_8e5cf223,G51-B,4,65542,15.590672433035715,0.017826714803922616,0.7826412418249153,0.4308630788222625
scene-0781_CAM_FRONT_eb60a132_da7af66a,G51-B,0,65390,15.410533449263504,0.017799492979952536,0.7825755784939459,0.4302130118456649
scene-0781_CAM_FRONT_eb60a132_da7af66a,G51-B,1,65294,15.237809629265096,0.016060359564264992,0.7827463031544665,0.4293856538754498
scene-0781_CAM_FRONT_eb60a132_da7af66a,G51-B,2,64529,15.160199264452853,0.014440276994590828,0.7825690121608488,0.4238830667402096
scene-0781_CAM_FRONT_eb60a132_da7af66a,G51-B,3,63340,15.048639835979339,0.01341413951144288,0.7825230478291703,0.41610196202032934
scene-0781_CAM_FRONT_eb60a132_da7af66a,G51-B,4,65861,15.161174536301962,0.013510753981592405,0.7827397368213694,0.43308906574212697
scene-0781_CAM_FRONT_1d6c7fdb_146a1aef,G51-B,0,64254,15.006188853533434,0.014774068957800646,0.7826872061565939,0.4224975704567541
scene-0781_CAM_FRONT_1d6c7fdb_146a1aef,G51-B,1,64441,14.988788340234974,0.015097748775734665,0.7827003388227878,0.4235481837522654
scene-0781_CAM_FRONT_1d6c7fdb_146a1aef,G51-B,2,63436,15.159275326865421,0.01671320060751036,0.7826478081580123,0.4165550390040186
scene-0781_CAM_FRONT_1d6c7fdb_146a1aef,G51-B,3,63491,14.9460669345543,0.01596546030311874,0.7826872061565939,0.41719853964751924
scene-0781_CAM_FRONT_1d6c7fdb_146a1aef,G51-B,4,63834,15.062580600589534,0.017305099012285385,0.7826478081580123,0.41968717989126153
scene-0781_CAM_FRONT_5cba7499_fa4fd842,G51-B,0,64634,14.817209806943543,0.01806938984568851,0.7826609408242061,0.4249533790350117
scene-0781_CAM_FRONT_5cba7499_fa4fd842,G51-B,1,64328,14.668045079022987,0.01788554123550057,0.7827528694875634,0.4230425761038006
scene-0781_CAM_FRONT_5cba7499_fa4fd842,G51-B,2,63874,14.586056752606103,0.016066700192409744,0.7827331704882725,0.42035694586714994
scene-0781_CAM_FRONT_5cba7499_fa4fd842,G51-B,3,63737,14.779527698863637,0.016421567991536712,0.7826872061565939,0.41918157224279673
scene-0781_CAM_FRONT_5cba7499_fa4fd842,G51-B,4,63613,14.688685276645106,0.013861218919517082,0.7829301604811809,0.41853807159929607
scene-0781_CAM_FRONT_9dad24d2_4df2af10,G51-B,0,66077,15.11568420890748,0.016738807421956103,0.7828447981509206,0.4351968586662464
scene-0781_CAM_FRONT_9dad24d2_4df2af10,G51-B,1,65724,15.053864812732625,0.017884393845253532,0.7828907624825993,0.43249152943030494
scene-0781_CAM_FRONT_9dad24d2_4df2af10,G51-B,2,65223,14.880547047715552,0.015271358798142565,0.7828054001523389,0.4293922202085467
scene-0781_CAM_FRONT_9dad24d2_4df2af10,G51-B,3,65715,14.951241680342813,0.01639866849287408,0.7827660021537572,0.43234707010217216
scene-0781_CAM_FRONT_9dad24d2_4df2af10,G51-B,4,64861,15.012032045671544,0.015289576536872573,0.7827331704882725,0.4267262889711869
scene-0781_CAM_FRONT_1f7c7394_d6fdf61d,G51-B,0,59378,15.569770600750365,0.015537789528649038,0.7827134714889817,0.39021091061907387
scene-0781_CAM_FRONT_1f7c7394_d6fdf61d,G51-B,1,58703,15.481328692886812,0.01651982964917975,0.7826740734904,0.385752370446248
scene-0781_CAM_FRONT_1f7c7394_d6fdf61d,G51-B,2,59325,15.459438430928735,0.017104563988587618,0.7826149764925275,0.38986289496493576
scene-0781_CAM_FRONT_1f7c7394_d6fdf61d,G51-B,3,58277,15.697234672147388,0.015345490607050927,0.7788787329603656,0.38355264885877133
scene-0781_CAM_FRONT_1f7c7394_d6fdf61d,G51-B,4,56118,15.79125459558823,0.019219943103155224,0.7780316759908597,0.36874556772515954
scene-0782_CAM_FRONT_9699d6a8_01411f03,G51-B,0,54467,19.23326651745241,0.01915579351993557,0.7774538386783285,0.3576747301237097
scene-0782_CAM_FRONT_9699d6a8_01411f03,G51-B,1,55218,19.284868928039966,0.018083944861282397,0.7796404275996113,0.3627570719407454
scene-0782_CAM_FRONT_9699d6a8_01411f03,G51-B,2,56034,19.40439031719043,0.021384800549839156,0.7812360465421689,0.368213694744307
scene-0782_CAM_FRONT_9699d6a8_01411f03,G51-B,3,54842,19.473445561049008,0.021920399080716857,0.7810981535471332,0.36011083970267643
scene-0782_CAM_FRONT_9699d6a8_01411f03,G51-B,4,55077,19.878369899611393,0.020075873596109517,0.7801854332466578,0.361726157644525
scene-0782_CAM_FRONT_b52f55ca_d2033528,G51-B,0,57721,25.431765904311252,0.021726448401425902,0.7778478186641452,0.3791860373493027
scene-0782_CAM_FRONT_b52f55ca_d2033528,G51-B,1,57249,24.892923153335072,0.01975330090248084,0.7742757334594069,0.37592256980012084
scene-0782_CAM_FRONT_b52f55ca_d2033528,G51-B,2,57076,25.271935595567864,0.014457399401188065,0.7728639718435637,0.3747997268405432
scene-0782_CAM_FRONT_b52f55ca_d2033528,G51-B,3,55873,25.024249159273047,0.018877850211805214,0.7702374386047856,0.3668807291256271
scene-0782_CAM_FRONT_b52f55ca_d2033528,G51-B,4,53776,24.855652573529415,0.01582090786087642,0.762620492212329,0.3531111286213327
scene-0782_CAM_FRONT_962eba65_1f9b04c2,G51-B,0,60155,36.66861297447644,0.01847832316361675,0.7561460877787408,0.3951487931079768
scene-0782_CAM_FRONT_962eba65_1f9b04c2,G51-B,1,61760,38.45599471664138,0.01997381256618813,0.7532175032175032,0.40566805872928324
scene-0782_CAM_FRONT_962eba65_1f9b04c2,G51-B,2,63251,37.24933952294685,0.016015376949151783,0.7399141123630919,0.4156882830352218
scene-0782_CAM_FRONT_962eba65_1f9b04c2,G51-B,3,62356,39.79868659420289,0.013726623074554967,0.7356000315183988,0.4097194862500985
scene-0782_CAM_FRONT_962eba65_1f9b04c2,G51-B,4,62680,38.127641950334805,0.01426821831400149,0.7424487169385129,0.4137052504399443
scene-0782_CAM_FRONT_46ad54c9_9ab92b1a,G51-B,0,65500,61.48167594466939,0.02917091081375034,0.7398156173666378,0.4303771701730885
scene-0782_CAM_FRONT_46ad54c9_9ab92b1a,G51-B,1,64638,60.867113213153715,0.03519023014108935,0.7413915373099047,0.4244871693851286
scene-0782_CAM_FRONT_46ad54c9_9ab92b1a,G51-B,2,63115,57.521214800370196,0.03572753273606466,0.7447863315210254,0.41454574107635334
scene-0782_CAM_FRONT_46ad54c9_9ab92b1a,G51-B,3,63156,59.90415219907407,0.04992385158875212,0.7464673127938434,0.4149265883959761
scene-0782_CAM_FRONT_46ad54c9_9ab92b1a,G51-B,4,62189,57.095386194553654,0.04901477154439249,0.749888372337352,0.40888556194678644
scene-0782_CAM_FRONT_a5786651_b8c807aa,G51-B,0,68945,62.05339685852374,0.0362831156936263,0.7592716623328868,0.45948572479184724
scene-0782_CAM_FRONT_a5786651_b8c807aa,G51-B,1,69439,64.1538568523634,0.040302291878600016,0.7735797021511307,0.46656423187035434
scene-0782_CAM_FRONT_a5786651_b8c807aa,G51-B,2,68704,62.36343105824547,0.040987862267942266,0.7662451080818428,0.4714824153599664
scene-0782_CAM_FRONT_a5786651_b8c807aa,G51-B,3,70055,61.55771466212026,0.033522474189394025,0.7919129041578021,0.48061618469781736
scene-0782_CAM_FRONT_a5786651_b8c807aa,G51-B,4,64937,62.43128911535859,0.04096125117509075,0.7592322643343051,0.43509836366979227
scene-0782_CAM_FRONT_d953e426_85328ff7,G51-B,0,63222,56.022927819970135,0.03358940321556547,0.7624563338849053,0.4182491529430305
scene-0782_CAM_FRONT_d953e426_85328ff7,G51-B,1,57725,52.61136137911462,0.02616497404685436,0.7516415832742364,0.37957345100202244
scene-0782_CAM_FRONT_d953e426_85328ff7,G51-B,2,61900,53.05234510398614,0.024140074685304214,0.7800212749192341,0.4080188059779897
scene-0782_CAM_FRONT_d953e426_85328ff7,G51-B,3,56700,52.71821019158291,0.03492740790554283,0.788570640611457,0.3728101279121687
scene-0782_CAM_FRONT_d953e426_85328ff7,G51-B,4,56314,50.98321283858793,0.024240687436342112,0.8015916791426996,0.36984214535234944
scene-0782_CAM_FRONT_a5e20630_95682f83,G51-B,0,54498,45.85596780215993,0.020946271186068843,0.8127281800751188,0.3578520211173272
scene-0782_CAM_FRONT_a5e20630_95682f83,G51-B,1,53438,45.88547602089268,0.018390468045272446,0.8285267775063694,0.35091797336695296
scene-0782_CAM_FRONT_a5e20630_95682f83,G51-B,2,53807,47.36071899736149,0.02658637791538876,0.8449885745804113,0.3533475166128227
scene-0782_CAM_FRONT_a5e20630_95682f83,G51-B,3,60234,47.85635972373435,0.035796258872460296,0.8663619888109684,0.3956478344233446
scene-0782_CAM_FRONT_a5e20630_95682f83,G51-B,4,65112,47.66051284559205,0.03224351672231407,0.8719630709426628,0.42762587660546847
scene-0782_CAM_FRONT_e73de93e_a44ce71a,G51-B,0,63642,40.807381465517224,0.02717988280508843,0.8707811309852126,0.41794053528747405
scene-0782_CAM_FRONT_e73de93e_a44ce71a,G51-B,1,63105,40.11964913806432,0.012563622677771225,0.8693234050376908,0.4146442360728075
scene-0782_CAM_FRONT_e73de93e_a44ce71a,G51-B,2,66864,40.077122210703,0.017067495196839033,0.8794880886717621,0.43981955716649596
scene-0782_CAM_FRONT_e73de93e_a44ce71a,G51-B,3,65889,40.04834165892194,0.010562348659604037,0.8780303627242403,0.43549234365560896
scene-0782_CAM_FRONT_e73de93e_a44ce71a,G51-B,4,65853,40.50003246191135,0.011839396272104619,0.880709426627794,0.433450214062459
scene-0783_CAM_FRONT_e8296505_4cba70bd,G51-B,0,67470,30.393276877914722,0.021937922532809573,0.884064822840333,0.44522364930528197
scene-0783_CAM_FRONT_e8296505_4cba70bd,G51-B,1,67496,29.391251839374224,0.028924294063844558,0.8861266514327739,0.4459196806135582
scene-0783_CAM_FRONT_e8296505_4cba70bd,G51-B,2,74289,30.18201192220052,0.03931978202099051,0.8903225382817219,0.496270322800935
scene-0783_CAM_FRONT_e8296505_4cba70bd,G51-B,3,78103,30.173927550690255,0.046761184184271,0.8931723268457963,0.5210516639088068
scene-0783_CAM_FRONT_e8296505_4cba70bd,G51-B,4,77754,30.509639033564824,0.04143300567850905,0.8878535970372705,0.5119047619047619
scene-0783_CAM_FRONT_b83a101d_8e4a8d5f,G51-B,0,88152,25.505892035953185,0.03864375143250465,0.8860872534341923,0.5798269114595646
scene-0783_CAM_FRONT_b83a101d_8e4a8d5f,G51-B,1,82647,25.805818160597568,0.03407437295544602,0.881911065584535,0.5466078323221181
scene-0783_CAM_FRONT_b83a101d_8e4a8d5f,G51-B,2,80405,25.39375241126543,0.03441479557912874,0.8822328159062853,0.5316694245265674
scene-0783_CAM_FRONT_b83a101d_8e4a8d5f,G51-B,3,78084,25.34831385764158,0.044343506447632075,0.8794027263415019,0.5127255535418801
scene-0783_CAM_FRONT_b83a101d_8e4a8d5f,G51-B,4,73115,26.55420042438272,0.03875277694892887,0.8713130039660651,0.48018280671341895
scene-0783_CAM_FRONT_16c5497d_df9cfdd3,G51-B,0,79660,30.232701436222,0.04474082692820258,0.869415333701048,0.523297349827962
scene-0783_CAM_FRONT_16c5497d_df9cfdd3,G51-B,1,78425,30.423705367612573,0.0459338328343053,0.863879914900323,0.5150369027920049
scene-0783_CAM_FRONT_16c5497d_df9cfdd3,G51-B,2,78998,30.0997712845407,0.042358613910811194,0.8597562577154414,0.5193772489690857
scene-0783_CAM_FRONT_16c5497d_df9cfdd3,G51-B,3,77166,30.286812083080648,0.023014090377051044,0.8573135818033777,0.5080043600451764
scene-0783_CAM_FRONT_16c5497d_df9cfdd3,G51-B,4,71692,31.030483471410005,0.02401894887682987,0.8555341055341056,0.4729795393060699
scene-0783_CAM_FRONT_659e4da2_ead6c3fc,G51-B,0,97782,31.439135044642846,0.013841657554459541,0.8432550626428178,0.6545714811020934
scene-0783_CAM_FRONT_659e4da2_ead6c3fc,G51-B,1,100128,32.26150112134089,0.03239225137217128,0.8438000682898642,0.6759580279988443
scene-0783_CAM_FRONT_659e4da2_ead6c3fc,G51-B,2,98075,33.67813760080645,0.018322189682948853,0.8405562997399733,0.6598311139127465
scene-0783_CAM_FRONT_659e4da2_ead6c3fc,G51-B,3,94354,33.23901103776264,0.01738551411413125,0.8363144485593466,0.6332440312032149
scene-0783_CAM_FRONT_659e4da2_ead6c3fc,G51-B,4,96204,34.896611015981726,0.01161821657051365,0.8266094082420613,0.6468297743807948
scene-0783_CAM_FRONT_7e3103f3_29ba6159,G51-B,0,95783,29.782699798669466,0.018524179812764885,0.8232737110288131,0.6568171670212487
scene-0783_CAM_FRONT_7e3103f3_29ba6159,G51-B,1,101323,31.29803829538113,0.026592898481389682,0.8289995534893494,0.6987694691776325
scene-0783_CAM_FRONT_7e3103f3_29ba6159,G51-B,2,98733,31.30635367298579,0.03897226571154544,0.8253289732881569,0.6882830352218108
scene-0783_CAM_FRONT_7e3103f3_29ba6159,G51-B,3,103316,30.137923546772264,0.045379113924063796,0.8485409607858587,0.7404065873453629
scene-0783_CAM_FRONT_7e3103f3_29ba6159,G51-B,4,114028,30.86257058021806,0.0497826422658465,0.8885627610117406,0.8012764951540462
scene-0783_CAM_FRONT_d0481d9c_b5b0d31c,G51-B,0,105136,28.069035171102655,0.07168950408029451,0.8737097155464503,0.7107333280802669
scene-0783_CAM_FRONT_d0481d9c_b5b0d31c,G51-B,1,101886,27.84906481545005,0.0640116550278762,0.857641898458225,0.6955979302918078
scene-0783_CAM_FRONT_d0481d9c_b5b0d31c,G51-B,2,100900,28.285627407678007,0.0550924986491812,0.8860215901032228,0.6820187534473249
scene-0783_CAM_FRONT_d0481d9c_b5b0d31c,G51-B,3,101039,30.225204824049364,0.059689160306496625,0.8986749139810364,0.6732001680981273
scene-0783_CAM_FRONT_d0481d9c_b5b0d31c,G51-B,4,103982,30.12898441508466,0.06307282650258372,0.9002048695926247,0.6937002600267906
scene-0783_CAM_FRONT_ffdac092_4a0987ae,G51-B,0,104490,27.801948941090547,0.06657515115830415,0.9104680482231503,0.6948953326504347
scene-0783_CAM_FRONT_ffdac092_4a0987ae,G51-B,1,99954,27.12643120053539,0.06380911294355474,0.9013605442176871,0.6682163212775458
scene-0783_CAM_FRONT_ffdac092_4a0987ae,G51-B,2,94550,27.229727836277167,0.0605901286289694,0.8926141885325559,0.6303285793081711
scene-0783_CAM_FRONT_ffdac092_4a0987ae,G51-B,3,86954,27.966965503439276,0.05569544087050993,0.8788380216951646,0.5796758857983347
scene-0783_CAM_FRONT_ffdac092_4a0987ae,G51-B,4,85683,29.357932079081635,0.07015094823259682,0.8678985107556536,0.5685853491975941
scene-0783_CAM_FRONT_19fa5068_37014a00,G51-B,0,80053,25.960293293416452,0.046254585336618526,0.8700522680114516,0.5267709400362461
scene-0783_CAM_FRONT_19fa5068_37014a00,G51-B,1,84433,26.762041448878126,0.03552055771950169,0.8706366716570798,0.5555840096656424
scene-0783_CAM_FRONT_19fa5068_37014a00,G51-B,2,84697,27.604866725619004,0.06628587850637313,0.881070574948126,0.5587818138838547
scene-0783_CAM_FRONT_19fa5068_37014a00,G51-B,3,82199,27.320440224795632,0.06930861365007335,0.8754694928164316,0.5430817114490584
scene-0783_CAM_FRONT_19fa5068_37014a00,G51-B,4,85077,27.87719417523734,0.07055268810480708,0.875541722480498,0.5632863183883592
scene-0784_CAM_FRONT_abad69b7_d96c132f,G51-B,0,68674,26.946077250998858,0.07105261400866447,0.8716216216216216,0.45093635909962443
scene-0784_CAM_FRONT_abad69b7_d96c132f,G51-B,1,66279,27.49105377906976,0.07124970087667837,0.8655214981745594,0.4352099913324403
scene-0784_CAM_FRONT_abad69b7_d96c132f,G51-B,2,66418,27.558371602918974,0.07130300185136429,0.8666771727996218,0.4361227116329157
scene-0784_CAM_FRONT_abad69b7_d96c132f,G51-B,3,65981,27.738845444457777,0.07037658141660419,0.8668150657946576,0.4332532240695506
scene-0784_CAM_FRONT_abad69b7_d96c132f,G51-B,4,66172,26.882295115894035,0.06316261200805462,0.8666640401334279,0.43450739369106717
scene-0784_CAM_FRONT_45dde1b2_942c0bdb,G51-B,0,66949,27.339038085937503,0.06671112468542884,0.8666312084679432,0.4396094345073937
scene-0784_CAM_FRONT_45dde1b2_942c0bdb,G51-B,1,66098,27.374285303727007,0.06393173920206374,0.866644341134137,0.4340214850418932
scene-0784_CAM_FRONT_45dde1b2_942c0bdb,G51-B,2,65823,27.99679785462382,0.07509331877069414,0.8667297034643974,0.4322157434402332
scene-0784_CAM_FRONT_45dde1b2_942c0bdb,G51-B,3,65553,27.647531877897993,0.07130427468519152,0.8668281984608516,0.430442833504058
scene-0784_CAM_FRONT_45dde1b2_942c0bdb,G51-B,4,65572,28.23073038356698,0.07546217236445796,0.8667559687967851,0.43056759383289994
scene-0784_CAM_FRONT_4872c7dd_d05af851,G51-B,0,64642,27.281663516068047,0.05919895730584801,0.8668084994615607,0.4244609040527408
scene-0784_CAM_FRONT_4872c7dd_d05af851,G51-B,1,63938,27.635220539581333,0.06621085477829425,0.8670580201192446,0.41983820555249124
scene-0784_CAM_FRONT_4872c7dd_d05af851,G51-B,2,63920,27.267359343177183,0.06569724593052628,0.8671105507840202,0.41972001155674626
scene-0784_CAM_FRONT_4872c7dd_d05af851,G51-B,3,63534,27.700737512840263,0.0736223426467355,0.8670645864523415,0.41718540698132534
scene-0784_CAM_FRONT_4872c7dd_d05af851,G51-B,4,63888,27.55209333397337,0.06881802945913029,0.8669660914558873,0.419509888897644
scene-0784_CAM_FRONT_2efc90b9_5deba036,G51-B,0,66052,27.78426354743767,0.07501595394404803,0.8670580201192446,0.4337194337194337
scene-0784_CAM_FRONT_2efc90b9_5deba036,G51-B,1,65777,27.78545328776041,0.06527915367102555,0.8671762141149896,0.43191369211777375
scene-0784_CAM_FRONT_2efc90b9_5deba036,G51-B,2,65189,27.6946506638601,0.06499719768522594,0.8672747091114438,0.4280526882567699
scene-0784_CAM_FRONT_2efc90b9_5deba036,G51-B,3,64928,27.53083892342932,0.06606851798837643,0.8673338061093163,0.42633887531846715
scene-0784_CAM_FRONT_2efc90b9_5deba036,G51-B,4,65639,27.796071543927646,0.06581425658298112,0.8673009744438316,0.4310075381503953
scene-0784_CAM_FRONT_c34c1921_023d6155,G51-B,0,65982,27.45729418982662,0.06304685405722488,0.8672353111128621,0.43325979040264756
scene-0784_CAM_FRONT_c34c1921_023d6155,G51-B,1,65168,27.278630355373945,0.06571911136631381,0.867366637774801,0.42791479526173404
scene-0784_CAM_FRONT_c34c1921_023d6155,G51-B,2,64308,27.191824052440285,0.06820555211891843,0.8672484437790561,0.42226774879836104
scene-0784_CAM_FRONT_c34c1921_023d6155,G51-B,3,64333,27.659223765045134,0.07490493024085598,0.8672878417776377,0.42243190712578466
scene-0784_CAM_FRONT_c34c1921_023d6155,G51-B,4,65013,27.1593717566165,0.06526635844325002,0.8672090457804743,0.4268970136317075
scene-0784_CAM_FRONT_4f4e7637_0a2b1d81,G51-B,0,64962,27.55291613434642,0.06950140944739625,0.8672812754445407,0.4265621306437633
scene-0784_CAM_FRONT_4f4e7637_0a2b1d81,G51-B,1,64537,27.331868990384606,0.06336947354387013,0.8672287447797652,0.42377143907756154
scene-0784_CAM_FRONT_4f4e7637_0a2b1d81,G51-B,2,63808,27.474432360616095,0.06690800690023657,0.8671762141149896,0.4189845822498884
scene-0784_CAM_FRONT_4f4e7637_0a2b1d81,G51-B,3,63709,27.694876817206865,0.06651222413533597,0.8671630814487957,0.4183345152732908
scene-0784_CAM_FRONT_4f4e7637_0a2b1d81,G51-B,4,63266,27.759786626344077,0.06640905970111488,0.8670383211199538,0.415425629711344
scene-0784_CAM_FRONT_77d878ed_e39400ef,G51-B,0,64937,28.589892680062622,0.06996342353057194,0.8670251884537599,0.4263979723163397
scene-0784_CAM_FRONT_77d878ed_e39400ef,G51-B,1,64679,27.97623751368363,0.06334107358766294,0.8671630814487957,0.42470385837732777
scene-0784_CAM_FRONT_77d878ed_e39400ef,G51-B,2,64186,28.1126291862899,0.06821969007577477,0.8669398261234996,0.4214666561605337
scene-0784_CAM_FRONT_77d878ed_e39400ef,G51-B,3,63975,27.657242771006228,0.06477185096753857,0.8670645864523415,0.4200811598770782
scene-0784_CAM_FRONT_77d878ed_e39400ef,G51-B,4,63928,27.712406691985333,0.06576490960658576,0.8670777191185355,0.4197725422215218
scene-0784_CAM_FRONT_14a0ee8c_d764e9e7,G51-B,0,66220,27.555257451067618,0.07458430145472028,0.8671171171171171,0.43482257767972055
scene-0784_CAM_FRONT_14a0ee8c_d764e9e7,G51-B,1,65100,27.106691576086956,0.06844663408318485,0.8670054894544691,0.4274682846111418
scene-0784_CAM_FRONT_14a0ee8c_d764e9e7,G51-B,2,65141,27.43335398017902,0.07423371092623476,0.8669529587896935,0.4277375042681165
scene-0784_CAM_FRONT_14a0ee8c_d764e9e7,G51-B,3,66244,26.734461543303134,0.0636957433321399,0.8670711527854384,0.43498016967404723
scene-0784_CAM_FRONT_14a0ee8c_d764e9e7,G51-B,4,66320,27.284526398973455,0.06553362017736442,0.8670908517847293,0.43547921098941506
scene-0794_CAM_FRONT_159f9a70_a13789ea,G51-B,0,67338,22.48085821673462,0.015090758665566195,0.8268129645680666,0.44229506474404434
scene-0794_CAM_FRONT_159f9a70_a13789ea,G51-B,1,65167,22.423992265805705,0.013468774187562982,0.8267407349040002,0.4280526882567699
scene-0794_CAM_FRONT_159f9a70_a13789ea,G51-B,2,66378,22.41220919914817,0.013977701031958834,0.8272988732172406,0.4359585533054921
scene-0794_CAM_FRONT_159f9a70_a13789ea,G51-B,3,65827,22.539077452153116,0.01270119736318831,0.8266685052399338,0.4323536364352691
scene-0794_CAM_FRONT_159f9a70_a13789ea,G51-B,4,65653,22.62058148947652,0.011984432878962004,0.8265371785779949,0.4312242271425945
scene-0794_CAM_FRONT_448fb51a_b5bcd48b,G51-B,0,67356,22.05530800869894,0.014077988821872722,0.8269705565623933,0.4424263914059832
scene-0794_CAM_FRONT_448fb51a_b5bcd48b,G51-B,1,65852,22.215035045298723,0.013608466047883239,0.827016520894072,0.4325374937619836
scene-0794_CAM_FRONT_448fb51a_b5bcd48b,G51-B,2,66541,21.723696896425068,0.01576173292114369,0.8265700102434796,0.43704199826648804
scene-0794_CAM_FRONT_448fb51a_b5bcd48b,G51-B,3,65596,21.895450367647054,0.015590919551484062,0.8263073569196018,0.4308762114884564
scene-0794_CAM_FRONT_448fb51a_b5bcd48b,G51-B,4,65418,22.14259653334119,0.01653044528098624,0.8268786278990361,0.42968113886481235
scene-0794_CAM_FRONT_3491f516_7505b580,G51-B,0,65140,21.551787916152893,0.015321301325987413,0.8272135108869803,0.42783599926457067
scene-0794_CAM_FRONT_3491f516_7505b580,G51-B,1,64349,21.350872924552643,0.01433457060485388,0.826648806240643,0.4226682951172747
scene-0794_CAM_FRONT_3491f516_7505b580,G51-B,2,64254,21.24143342048891,0.012868482102998513,0.826885194232133,0.4220576261392588
scene-0794_CAM_FRONT_3491f516_7505b580,G51-B,3,63670,21.488184432832117,0.015355803856649253,0.8266225409082552,0.41822945394373967
scene-0794_CAM_FRONT_3491f516_7505b580,G51-B,4,63714,21.501584584805652,0.015274969150750994,0.8265831429096735,0.4184921072676175
scene-0794_CAM_FRONT_5af88bc8_82dd7acb,G51-B,0,65781,22.39427780196115,0.018117403089909168,0.825919943266882,0.4320647177790035
scene-0794_CAM_FRONT_5af88bc8_82dd7acb,G51-B,1,65334,22.50157158430232,0.018309583256460593,0.8257163869408768,0.4291426995508628
scene-0794_CAM_FRONT_5af88bc8_82dd7acb,G51-B,2,64524,22.25326489984676,0.016842149318157862,0.8258148819373309,0.4238239697423371
scene-0794_CAM_FRONT_5af88bc8_82dd7acb,G51-B,3,64262,22.281797929243606,0.018850792390619375,0.8259921729309484,0.4220904578047435
scene-0794_CAM_FRONT_5af88bc8_82dd7acb,G51-B,4,64894,22.409986413043477,0.016134962299650946,0.8259593412654637,0.426240380322013
scene-0794_CAM_FRONT_957dd8ab_51265d17,G51-B,0,65597,20.960394858374386,0.013862658096726044,0.825801749271137,0.43084337982297166
scene-0794_CAM_FRONT_957dd8ab_51265d17,G51-B,1,64083,20.896287657374106,0.015085840130060202,0.8260709689281118,0.42092165051348723
scene-0794_CAM_FRONT_957dd8ab_51265d17,G51-B,2,63828,20.94358021292217,0.015381454516044002,0.8267013369054186,0.41922753657447537
scene-0794_CAM_FRONT_957dd8ab_51265d17,G51-B,3,63652,20.773075181159427,0.014736165389352518,0.8264255509153469,0.418071861949413
scene-0794_CAM_FRONT_957dd8ab_51265d17,G51-B,4,63369,21.160961868598697,0.01812997238629288,0.8258280146035248,0.4162398550153652
scene-0794_CAM_FRONT_4144d6c9_3ae9a520,G51-B,0,66492,21.61183005386258,0.018481877643498068,0.826405851916056,0.4367662122764164
scene-0794_CAM_FRONT_4144d6c9_3ae9a520,G51-B,1,65884,21.45092121727412,0.0241222040568303,0.8270296535602658,0.43275418275418276
scene-0794_CAM_FRONT_4144d6c9_3ae9a520,G51-B,2,65451,21.567431682039864,0.018584837131824017,0.8267341685709033,0.4298781288577207
scene-0794_CAM_FRONT_4144d6c9_3ae9a520,G51-B,3,65502,21.49003060068523,0.019136196884855128,0.8263795865836682,0.43023271084495573
scene-0794_CAM_FRONT_4144d6c9_3ae9a520,G51-B,4,65617,21.403272315099244,0.01671110129017661,0.826399285582959,0.43097470648491054
scene-0794_CAM_FRONT_05afb6d4_7494f58f,G51-B,0,67423,23.481896606507377,0.020305576008921022,0.8263007905865049,0.44287946838967246
scene-0794_CAM_FRONT_05afb6d4_7494f58f,G51-B,1,66929,23.813397455481844,0.01985155458708565,0.8261234995928873,0.4396225671735876
scene-0794_CAM_FRONT_05afb6d4_7494f58f,G51-B,2,65767,23.972660925344105,0.0200029099697141,0.8260053055971424,0.4319333911170646
scene-0794_CAM_FRONT_05afb6d4_7494f58f,G51-B,3,64382,24.3069248826291,0.022735078693169042,0.8192813805058703,0.42287841777637697
scene-0794_CAM_FRONT_05afb6d4_7494f58f,G51-B,4,63536,24.15425034207984,0.019580693037566377,0.8161164079531427,0.41747432563759096
scene-0794_CAM_FRONT_e401b2cd_598c2006,G51-B,0,75630,28.395681720890416,0.01837243325206006,0.816319964279148,0.4969138234444357
scene-0794_CAM_FRONT_e401b2cd_598c2006,G51-B,1,74869,28.506440420739153,0.016505528229886046,0.8188283035221811,0.49176581829643057
scene-0794_CAM_FRONT_e401b2cd_598c2006,G51-B,2,72155,28.604895808926894,0.017394131546006886,0.8219998424080057,0.4739841882699026
scene-0794_CAM_FRONT_e401b2cd_598c2006,G51-B,3,68112,28.667323163989767,0.018222165065712392,0.828447981509206,0.4473314422294014
scene-0794_CAM_FRONT_e401b2cd_598c2006,G51-B,4,67819,27.497802254098364,0.012949973827508288,0.832650434691251,0.4453221443017361
scene-0795_CAM_FRONT_f8e8dd98_056dd22a,G51-B,0,90145,32.40016246790757,0.02342713462436219,0.8422372810127913,0.5966892548525201
scene-0795_CAM_FRONT_f8e8dd98_056dd22a,G51-B,1,91296,31.095912139565993,0.021909338335222017,0.8459012948808867,0.6084561237622462
scene-0795_CAM_FRONT_f8e8dd98_056dd22a,G51-B,2,91419,30.72312153739612,0.014498423765446855,0.8500643500643501,0.6066372494943923
scene-0795_CAM_FRONT_f8e8dd98_056dd22a,G51-B,3,88162,31.077800252375305,0.012200059246262995,0.8554553095369422,0.5867937908754235
scene-0795_CAM_FRONT_f8e8dd98_056dd22a,G51-B,4,87724,31.427917950693367,0.0209857206823989,0.864726971869829,0.5826963990229297
scene-0795_CAM_FRONT_9a24e469_98c0d0cc,G51-B,0,92399,29.267663559386392,0.020156974386436044,0.869769915688283,0.611850917973367
scene-0795_CAM_FRONT_9a24e469_98c0d0cc,G51-B,1,92366,30.061581381150518,0.0201979683391742,0.88202925958028,0.6139587108974864
scene-0795_CAM_FRONT_9a24e469_98c0d0cc,G51-B,2,88571,30.541578020368295,0.03635425904142453,0.8891996953221443,0.5882515168229454
scene-0795_CAM_FRONT_9a24e469_98c0d0cc,G51-B,3,82300,33.495437066724435,0.06482288316871188,0.8848724818112573,0.5575145115961443
scene-0795_CAM_FRONT_9a24e469_98c0d0cc,G51-B,4,80664,35.013164168937315,0.07587474030243624,0.8753709978199774,0.5631024610616447
scene-0795_CAM_FRONT_c42d28e3_82db470c,G51-B,0,86339,33.547796531757406,0.06944667242201197,0.8642279305544611,0.6023888319806687
scene-0795_CAM_FRONT_c42d28e3_82db470c,G51-B,1,91955,33.42633269474128,0.07919356695182334,0.8499395897355081,0.6624904788170094
scene-0795_CAM_FRONT_c42d28e3_82db470c,G51-B,2,92977,32.040483664417785,0.0755398223502346,0.840818953063851,0.650894334567804
scene-0795_CAM_FRONT_c42d28e3_82db470c,G51-B,3,97369,30.42139217922307,0.07099236510207385,0.8519357549969795,0.6800488535182413
scene-0795_CAM_FRONT_c42d28e3_82db470c,G51-B,4,98711,30.912418019987516,0.05320312247744452,0.8681939957450161,0.6789457095579544
scene-0795_CAM_FRONT_9a7d7c46_eaf74971,G51-B,0,93276,32.828400120052386,0.0768158478854104,0.8603143960286818,0.6400270532923594
scene-0795_CAM_FRONT_9a7d7c46_eaf74971,G51-B,1,90858,33.097349367509985,0.10229672905586296,0.878660730701547,0.6131576182596591
scene-0795_CAM_FRONT_9a7d7c46_eaf74971,G51-B,2,100918,31.003145321531782,0.04989497330713433,0.9088330312820109,0.6864904262863446
scene-0795_CAM_FRONT_9a7d7c46_eaf74971,G51-B,3,97967,31.901945979420727,0.05840207793113095,0.9300619861844351,0.6583471226328369
scene-0795_CAM_FRONT_9a7d7c46_eaf74971,G51-B,4,98811,32.154638886976876,0.048230844731874,0.9472066819005595,0.6598179812465527
scene-0795_CAM_FRONT_eb22b014_5ded7d74,G51-B,0,108418,33.736349022633746,0.04319565791786406,0.9444028576681638,0.7194731174323011
scene-0795_CAM_FRONT_eb22b014_5ded7d74,G51-B,1,103535,34.321668738698015,0.07816586432017836,0.9257413390066451,0.708546739158984
scene-0795_CAM_FRONT_eb22b014_5ded7d74,G51-B,2,107753,33.79558471089975,0.05281348076814618,0.9257347726735482,0.7274446458119928
scene-0795_CAM_FRONT_eb22b014_5ded7d74,G51-B,3,100279,33.83749423431734,0.07026049557434444,0.9214797888267277,0.6877839939064428
scene-0795_CAM_FRONT_eb22b014_5ded7d74,G51-B,4,105548,33.95591517857142,0.05462736179306482,0.9182951172747091,0.7373335434559924
scene-0795_CAM_FRONT_9719fcdf_97c0f9ec,G51-B,0,115327,31.901877157112857,0.03419287722821185,0.9024571218448769,0.7939353347516613
scene-0795_CAM_FRONT_9719fcdf_97c0f9ec,G51-B,1,111964,32.55912335384282,0.027042982353292278,0.9079071783153416,0.7901728258871116
scene-0795_CAM_FRONT_9719fcdf_97c0f9ec,G51-B,2,104355,33.662938581665756,0.04831365535018772,0.9039148477923988,0.740150500354582
scene-0795_CAM_FRONT_9719fcdf_97c0f9ec,G51-B,3,95383,34.06712235274653,0.0547379350700723,0.8700850996769364,0.6717161768182176
scene-0795_CAM_FRONT_9719fcdf_97c0f9ec,G51-B,4,93917,32.946374198717955,0.053817831949617645,0.852835342631261,0.6662332886822683
scene-0795_CAM_FRONT_f8883f89_b11caa5f,G51-B,0,89402,30.277730884443535,0.01819213088092453,0.8402739474168046,0.6289824810232973
scene-0795_CAM_FRONT_f8883f89_b11caa5f,G51-B,1,88901,32.75259242957747,0.07201009324387497,0.844909778583248,0.6147401045360229
scene-0795_CAM_FRONT_f8883f89_b11caa5f,G51-B,2,96918,32.288557786207946,0.06885074965304194,0.8530520316234602,0.6781052189215454
scene-0795_CAM_FRONT_f8883f89_b11caa5f,G51-B,3,91972,31.965729844767154,0.05444397531614964,0.8603078296955848,0.6258306411367636
scene-0795_CAM_FRONT_f8883f89_b11caa5f,G51-B,4,92575,32.133609606418,0.06224788148821636,0.8731647098994038,0.6295406193365377
scene-0795_CAM_FRONT_56ac73dd_e1c44489,G51-B,0,99576,29.480108667695482,0.0622721235697794,0.8605967483518504,0.6772515956189425
scene-0795_CAM_FRONT_56ac73dd_e1c44489,G51-B,1,107750,28.515285753618635,0.04416566367594266,0.8931460615134085,0.7335644682583458
scene-0795_CAM_FRONT_56ac73dd_e1c44489,G51-B,2,107741,29.043138345195725,0.051439113756449384,0.8950174664460379,0.7173718908412786
scene-0795_CAM_FRONT_56ac73dd_e1c44489,G51-B,3,111797,30.201585969093006,0.05596759942641594,0.9076970556562394,0.7422779922779923
scene-0795_CAM_FRONT_56ac73dd_e1c44489,G51-B,4,111617,29.59770275297619,0.058686810334382944,0.9012029522233603,0.7469072571113388
scene-0796_CAM_FRONT_c1676a2f_09205171,G51-B,0,113228,29.333033343545754,0.03654320254478893,0.899567935282221,0.7648399127990965
scene-0796_CAM_FRONT_c1676a2f_09205171,G51-B,1,112412,29.252733996853824,0.04759281084643874,0.9125101778163003,0.7731069261681507
scene-0796_CAM_FRONT_c1676a2f_09205171,G51-B,2,110948,29.40796565739868,0.05031481469779697,0.9006973445748956,0.7513986289496494
scene-0796_CAM_FRONT_c1676a2f_09205171,G51-B,3,115652,29.19378865366319,0.05601542180831598,0.9259448953326505,0.7946247997268405
scene-0796_CAM_FRONT_c1676a2f_09205171,G51-B,4,112555,30.095349365467108,0.0830855513571307,0.932123814776876,0.767295721377354
scene-0796_CAM_FRONT_feaef544_3a7aa284,G51-B,0,122403,29.084323147123897,0.05560482694932789,0.9360833136343341,0.8351193759357025
scene-0796_CAM_FRONT_feaef544_3a7aa284,G51-B,1,110650,29.168917250359197,0.07132170745129951,0.9027920048328212,0.7619507262364406
scene-0796_CAM_FRONT_feaef544_3a7aa284,G51-B,2,113043,29.453613281250007,0.06275355742459032,0.9255706143461245,0.7506106689780159
scene-0796_CAM_FRONT_feaef544_3a7aa284,G51-B,3,113297,30.03772256540698,0.06988643778130177,0.9359322879731043,0.7687665799910698
scene-0796_CAM_FRONT_feaef544_3a7aa284,G51-B,4,106325,28.95505320113109,0.06077591321933884,0.9470490899062327,0.7183765398051112
scene-0796_CAM_FRONT_f218a2b4_312cd4d3,G51-B,0,108710,32.44975930737471,0.0746205584117825,0.9296417408662306,0.739428203713918
scene-0796_CAM_FRONT_f218a2b4_312cd4d3,G51-B,1,106307,33.45713079765544,0.08569983716407892,0.8993643789562157,0.7384104220838915
scene-0796_CAM_FRONT_f218a2b4_312cd4d3,G51-B,2,110810,34.91747178234501,0.09637897862003264,0.935485777322512,0.767420481706196
scene-0796_CAM_FRONT_f218a2b4_312cd4d3,G51-B,3,107592,33.216191238599784,0.056149883792804944,0.9265555643106663,0.7288826727602238
scene-0796_CAM_FRONT_f218a2b4_312cd4d3,G51-B,4,100546,34.4057547509605,0.059294838055995225,0.9261812833241405,0.6744937357182255
scene-0796_CAM_FRONT_4aaaf68b_4786b3c0,G51-B,0,102013,29.498419183231405,0.06776269320983452,0.913856276101174,0.6727470911144381
scene-0796_CAM_FRONT_4aaaf68b_4786b3c0,G51-B,1,103034,29.422224358493395,0.050095956565132216,0.9058847477214824,0.6800685525175321
scene-0796_CAM_FRONT_4aaaf68b_4786b3c0,G51-B,2,102224,28.364979288499022,0.04985584026993717,0.9001063745961705,0.6768641819662228
scene-0796_CAM_FRONT_4aaaf68b_4786b3c0,G51-B,3,101663,30.07290017552313,0.06325905616851824,0.8846951908176398,0.6772187639534578
scene-0796_CAM_FRONT_4aaaf68b_4786b3c0,G51-B,4,98798,31.4568813538087,0.05737826889590991,0.8766120347753,0.6629829537992803
scene-0796_CAM_FRONT_4ee219c4_7df1288f,G51-B,0,98445,26.32655371761974,0.038995283725530516,0.8872823260578363,0.6599558742415885
scene-0796_CAM_FRONT_4ee219c4_7df1288f,G51-B,1,92248,28.75330979317047,0.03652143053691814,0.8467352191841988,0.6357064061145694
scene-0796_CAM_FRONT_4ee219c4_7df1288f,G51-B,2,98477,27.897738603988604,0.04304384496035052,0.8847411551493184,0.6745922307146797
scene-0796_CAM_FRONT_4ee219c4_7df1288f,G51-B,3,98314,29.287815824468087,0.06682338084549122,0.8880177553646942,0.6642699550862816
scene-0796_CAM_FRONT_4ee219c4_7df1288f,G51-B,4,102829,29.20805994217081,0.04560379404094128,0.897643999684816,0.706872324219263
scene-0796_CAM_FRONT_264c5f3a_1dba6570,G51-B,0,107188,30.057290128470182,0.05162406741791492,0.9047159404302262,0.7345953825545662
scene-0796_CAM_FRONT_264c5f3a_1dba6570,G51-B,1,107735,30.485333351544295,0.05462960396435035,0.8654624011766869,0.7727589105140126
scene-0796_CAM_FRONT_264c5f3a_1dba6570,G51-B,2,101147,30.182907946832575,0.04389517390986919,0.8326570010243479,0.715165602920705
scene-0796_CAM_FRONT_264c5f3a_1dba6570,G51-B,3,104931,30.73566821053379,0.04484478922417745,0.8951750584403646,0.7158485015627872
scene-0796_CAM_FRONT_264c5f3a_1dba6570,G51-B,4,93739,31.790113875766078,0.05147609927185348,0.8216912247524493,0.6568040343550547
scene-0796_CAM_FRONT_3e7ed5cf_26e594c4,G51-B,0,101688,33.57986369321256,0.05429680498741152,0.8545885535681454,0.6947180416568172
scene-0796_CAM_FRONT_3e7ed5cf_26e594c4,G51-B,1,107844,32.211526193926396,0.04892004343359346,0.8393874924487169,0.7598232343130302
scene-0796_CAM_FRONT_3e7ed5cf_26e594c4,G51-B,2,105089,32.918390687180214,0.05104468377470228,0.8566963464922649,0.7262889711869304
scene-0796_CAM_FRONT_3e7ed5cf_26e594c4,G51-B,3,120130,33.087726468696395,0.04930975609748556,0.9023651931815198,0.8214482704278623
scene-0796_CAM_FRONT_3e7ed5cf_26e594c4,G51-B,4,126846,33.15312719657919,0.052106470297060614,0.9337588317180154,0.842499934336669
scene-0796_CAM_FRONT_78e778e7_63c24b51,G51-B,0,99510,29.75642697466467,0.04905947040651348,0.8678131484253934,0.6704882725290888
scene-0796_CAM_FRONT_78e778e7_63c24b51,G51-B,1,111084,29.431095443766946,0.058661118529875544,0.9156094870380584,0.7424027526068342
scene-0796_CAM_FRONT_78e778e7_63c24b51,G51-B,2,97410,28.366177465423934,0.04874051431245463,0.8590667927402621,0.6519186825309274
scene-0796_CAM_FRONT_78e778e7_63c24b51,G51-B,3,97724,29.123442402310324,0.05267407174244387,0.9125889738134636,0.6575394636619126
scene-0796_CAM_FRONT_78e778e7_63c24b51,G51-B,4,93993,28.060379710795146,0.0405917753334899,0.9047422057626139,0.6405326609408242
scene-0797_CAM_FRONT_604d12eb_75642377,G51-B,0,97816,28.201974587912087,0.04846666197902083,0.8869146114044073,0.6657408136999974
scene-0797_CAM_FRONT_604d12eb_75642377,G51-B,1,102185,28.634290360890528,0.04927254647539492,0.8965933863893047,0.6986578415149843
scene-0797_CAM_FRONT_604d12eb_75642377,G51-B,2,104654,29.345807779212404,0.06387996644992922,0.8751937068263599,0.7128739526698711
scene-0797_CAM_FRONT_604d12eb_75642377,G51-B,3,114250,28.49892473118279,0.04336820076318815,0.9200942925432721,0.765614740104536
scene-0797_CAM_FRONT_604d12eb_75642377,G51-B,4,114013,28.97540329391892,0.06490076629667474,0.9224384734588816,0.7633427888529929
scene-0797_CAM_FRONT_9d77cf89_ec2ce68b,G51-B,0,100267,25.25219990974729,0.06913492109935371,0.9225304021222388,0.6683870459380663
scene-0797_CAM_FRONT_9d77cf89_ec2ce68b,G51-B,1,102541,25.015234600664357,0.05363705807148822,0.9285714285714286,0.6763323089853702
scene-0797_CAM_FRONT_9d77cf89_ec2ce68b,G51-B,2,102597,24.81566260570252,0.04594602118316038,0.9307317521603236,0.6770611719591312
scene-0797_CAM_FRONT_9d77cf89_ec2ce68b,G51-B,3,101766,24.954419195596454,0.05298336033275941,0.9254064560187009,0.6761681506579466
scene-0797_CAM_FRONT_9d77cf89_ec2ce68b,G51-B,4,102946,25.196334998366726,0.05241857849019871,0.9310666351482678,0.6767000236387991
scene-0797_CAM_FRONT_ff16605e_0f6b0c88,G51-B,0,105934,21.24325284090909,0.04490326161930058,0.9303903028392825,0.695702991621359
scene-0797_CAM_FRONT_ff16605e_0f6b0c88,G51-B,1,111987,21.267319933116006,0.057940306425480426,0.9281446169201272,0.7374845691172222
scene-0797_CAM_FRONT_ff16605e_0f6b0c88,G51-B,2,112437,21.37527360232068,0.04903209878664505,0.9237911380768523,0.7402358626848423
scene-0797_CAM_FRONT_ff16605e_0f6b0c88,G51-B,3,110669,21.461618080762253,0.04071398634268908,0.9176187849657237,0.7302090720458068
scene-0797_CAM_FRONT_ff16605e_0f6b0c88,G51-B,4,108657,22.467216266957358,0.03888450711040203,0.9114136001891104,0.7173784571743755
scene-0797_CAM_FRONT_a131cf4a_ccc5e44e,G51-B,0,101426,17.53084884917665,0.024703294899969253,0.9057140230609618,0.6703044152023744
scene-0797_CAM_FRONT_a131cf4a_ccc5e44e,G51-B,1,108084,18.049272809709823,0.030843353679519847,0.8972434533659024,0.7217516350169412
scene-0797_CAM_FRONT_a131cf4a_ccc5e44e,G51-B,2,106851,17.939289944013787,0.022163947838030218,0.889357287316471,0.7148963832637302
scene-0797_CAM_FRONT_a131cf4a_ccc5e44e,G51-B,3,103252,18.176770790074755,0.029529211945860112,0.8745305071835684,0.6966025792556405
scene-0797_CAM_FRONT_a131cf4a_ccc5e44e,G51-B,4,102050,18.19366332228768,0.0289295579308555,0.8720090352743414,0.6917040947653192
scene-0797_CAM_FRONT_95594b53_311d52bc,G51-B,0,83998,14.658390115914788,0.015697125178799176,0.8754760591495285,0.5605153258214483
scene-0797_CAM_FRONT_95594b53_311d52bc,G51-B,1,86268,14.279152084976342,0.016820693286428323,0.8793304966774355,0.5739040790061198
scene-0797_CAM_FRONT_95594b53_311d52bc,G51-B,2,84098,14.137331888555934,0.020505162786215836,0.8774787907440968,0.5578690935833793
scene-0797_CAM_FRONT_95594b53_311d52bc,G51-B,3,79768,14.227994475818678,0.020747802103634472,0.8756861818086308,0.5289772279568198
scene-0797_CAM_FRONT_95594b53_311d52bc,G51-B,4,78262,14.251394803406763,0.021897543352176196,0.8749573188348698,0.5194297796338613
scene-0797_CAM_FRONT_7ce195be_ee7453aa,G51-B,0,72904,11.707410293126685,0.04406243737337001,0.8736965828802563,0.48186378798623697
scene-0797_CAM_FRONT_7ce195be_ee7453aa,G51-B,1,72066,11.629941344637224,0.04882478124789058,0.8732106742310823,0.47625613952144563
scene-0797_CAM_FRONT_7ce195be_ee7453aa,G51-B,2,70155,11.595488461017869,0.0491304500466172,0.8723767499277704,0.46338612665143275
scene-0797_CAM_FRONT_7ce195be_ee7453aa,G51-B,3,69157,11.59243251187936,0.04758671736282949,0.8732303732303732,0.45624195624195624
scene-0797_CAM_FRONT_7ce195be_ee7453aa,G51-B,4,68045,11.722995183736133,0.049587912313271865,0.8736440522154808,0.4490780868331889
scene-0797_CAM_FRONT_ef7f5664_5540e9c3,G51-B,0,65617,11.980804395097525,0.03176215216084932,0.8747997268405432,0.43249809576340187
scene-0797_CAM_FRONT_ef7f5664_5540e9c3,G51-B,1,65532,11.888152368067347,0.03285514661510769,0.8734142305570877,0.4322682741050088
scene-0797_CAM_FRONT_ef7f5664_5540e9c3,G51-B,2,64972,11.994995710337706,0.036220763173929305,0.8731187455677252,0.4286173929031072
scene-0797_CAM_FRONT_ef7f5664_5540e9c3,G51-B,3,65633,11.853798336090946,0.031859858819726306,0.8732106742310823,0.43334515273290786
scene-0797_CAM_FRONT_ef7f5664_5540e9c3,G51-B,4,65532,12.109681733837402,0.030960378998592386,0.8730530822367557,0.43243243243243246
scene-0797_CAM_FRONT_e075a437_caf5bbd3,G51-B,0,65585,11.761880765517736,0.0283613767894626,0.8743532161899509,0.43224857510571796
scene-0797_CAM_FRONT_e075a437_caf5bbd3,G51-B,1,65560,11.819384659707156,0.029653477734654432,0.8740774301998792,0.4318939931184829
scene-0797_CAM_FRONT_e075a437_caf5bbd3,G51-B,2,65363,11.628504390210177,0.03003745858575302,0.8741299608646548,0.43084337982297166
scene-0797_CAM_FRONT_e075a437_caf5bbd3,G51-B,3,65237,11.713465454168965,0.0309708370070525,0.8735915215507052,0.43016704751398627
scene-0797_CAM_FRONT_e075a437_caf5bbd3,G51-B,4,65113,11.769327104271358,0.029258224266610178,0.8733354345599244,0.42923462821422004
scene-0798_CAM_FRONT_154dbc84_745e6a48,G51-B,0,72297,11.645412379921728,0.037687094106749974,0.8746158695138287,0.47703096682688517
scene-0798_CAM_FRONT_154dbc84_745e6a48,G51-B,1,71881,11.603686031879192,0.035308230365629356,0.8738541748745831,0.4745094949176582
scene-0798_CAM_FRONT_154dbc84_745e6a48,G51-B,2,72122,11.411616890468078,0.023199564170451215,0.873256638562761,0.4759803535313739
scene-0798_CAM_FRONT_154dbc84_745e6a48,G51-B,3,67718,11.42940922867893,0.021699862861705554,0.8714311979618102,0.4464909515929924
scene-0798_CAM_FRONT_154dbc84_745e6a48,G51-B,4,64731,11.686565769805679,0.027689305478928894,0.8717004176187849,0.4260827883276863
scene-0798_CAM_FRONT_e39e3e5e_70f8b282,G51-B,0,88942,18.384193757261805,0.02444922211964773,0.8730596485698526,0.5900572584246053
scene-0798_CAM_FRONT_e39e3e5e_70f8b282,G51-B,1,91643,19.222601232394368,0.027228231336348774,0.8756008194783705,0.6093885430620124
scene-0798_CAM_FRONT_e39e3e5e_70f8b282,G51-B,2,93134,18.937360818813627,0.02981069282894877,0.8791860373493027,0.6176358574317758
scene-0798_CAM_FRONT_e39e3e5e_70f8b282,G51-B,3,90189,19.33637152777778,0.029801824162502655,0.8817469072571114,0.5977201691487406
scene-0798_CAM_FRONT_e39e3e5e_70f8b282,G51-B,4,83762,19.583832946004748,0.028095700251902,0.8849250124760328,0.5532266960838389
scene-0798_CAM_FRONT_a16e2908_4fc4dcd4,G51-B,0,98861,25.04532370380585,0.05719704806708803,0.8874596170514538,0.658458750295485
scene-0798_CAM_FRONT_a16e2908_4fc4dcd4,G51-B,1,101677,24.319114439853074,0.08821571418481922,0.8854765844561763,0.6751897670265017
scene-0798_CAM_FRONT_a16e2908_4fc4dcd4,G51-B,2,111087,24.031179081820408,0.0830150604042843,0.8868029837417593,0.7407677356656949
scene-0798_CAM_FRONT_a16e2908_4fc4dcd4,G51-B,3,110288,24.15298169020898,0.05844919213555322,0.8895608436424763,0.7362500984949965
scene-0798_CAM_FRONT_a16e2908_4fc4dcd4,G51-B,4,109524,24.174489491021458,0.05202409522835394,0.8906968192682478,0.7372153494602475
scene-0798_CAM_FRONT_e49b120c_3e99c588,G51-B,0,105701,24.44700229921031,0.052374545615167634,0.8884642660152864,0.7107267617471699
scene-0798_CAM_FRONT_e49b120c_3e99c588,G51-B,1,101348,24.258166337167506,0.05053341128662048,0.8859756257715441,0.6720050954744833
scene-0798_CAM_FRONT_e49b120c_3e99c588,G51-B,2,101965,24.460459719422047,0.0604877655498095,0.8870196727339584,0.6816641714600898
scene-0798_CAM_FRONT_e49b120c_3e99c588,G51-B,3,101090,24.043982347804395,0.043877650378925104,0.8892587923200168,0.6673036009770703
scene-0798_CAM_FRONT_e49b120c_3e99c588,G51-B,4,97125,24.159002955850198,0.057330450610444394,0.8880768523625666,0.6393375883171801
scene-0798_CAM_FRONT_9f5cb220_2b2c6baf,G51-B,0,105103,23.857678345959588,0.05666778877582912,0.8924894282037139,0.6931158563811625
scene-0798_CAM_FRONT_9f5cb220_2b2c6baf,G51-B,1,105028,24.68600055364173,0.06572835630909757,0.892115147217188,0.6930961573818717
scene-0798_CAM_FRONT_9f5cb220_2b2c6baf,G51-B,2,103563,24.395874678555458,0.05077178945818339,0.8949518031150684,0.6852953536627006
scene-0798_CAM_FRONT_9f5cb220_2b2c6baf,G51-B,3,100179,23.353292159346854,0.03284676417257648,0.8906311559372784,0.6655109920416042
scene-0798_CAM_FRONT_9f5cb220_2b2c6baf,G51-B,4,97309,23.64203272405661,0.033928207725498094,0.8812347332755496,0.6550770887505581
scene-0798_CAM_FRONT_6a652407_ef183f50,G51-B,0,94024,27.130856334327973,0.04074776025997617,0.8685617103984451,0.6438552254878785
scene-0798_CAM_FRONT_6a652407_ef183f50,G51-B,1,100092,27.684335659551177,0.04670335620763999,0.8766973971055604,0.6868187429411919
scene-0798_CAM_FRONT_6a652407_ef183f50,G51-B,2,102429,27.316987474865947,0.04310595880852475,0.8798492369920942,0.7014354004149923
scene-0798_CAM_FRONT_6a652407_ef183f50,G51-B,3,102427,27.60724909014557,0.03855839304347031,0.9078218159850813,0.6979749428729021
scene-0798_CAM_FRONT_6a652407_ef183f50,G51-B,4,98597,27.625186617806737,0.03437484094426768,0.9168439576602841,0.6754721193496703
scene-0798_CAM_FRONT_cee03d13_9be09474,G51-B,0,99354,26.372605225662348,0.02838162038949088,0.9187087962598167,0.6818414624537074
scene-0798_CAM_FRONT_cee03d13_9be09474,G51-B,1,103994,26.199308548850574,0.03688467073677493,0.9171197436503559,0.7178446668242586
scene-0798_CAM_FRONT_cee03d13_9be09474,G51-B,2,100877,26.608541637954797,0.041968975984695955,0.9168045596617025,0.6952696136369606
scene-0798_CAM_FRONT_cee03d13_9be09474,G51-B,3,92295,26.324070389298484,0.0365804324767387,0.9058519160559977,0.6422924382108055
scene-0798_CAM_FRONT_cee03d13_9be09474,G51-B,4,86141,26.697402597402593,0.03562667115668283,0.9108423292096761,0.5823615160349854
scene-0798_CAM_FRONT_fccf8baf_f05b1a3a,G51-B,0,100178,29.717670777205498,0.05433308521340541,0.914342184750348,0.6749599453681087
scene-0798_CAM_FRONT_fccf8baf_f05b1a3a,G51-B,1,110977,29.52771732068607,0.04777917831476408,0.9154453287106349,0.7446878365245713
scene-0798_CAM_FRONT_fccf8baf_f05b1a3a,G51-B,2,113180,30.191116410202362,0.040168257573995,0.9161807580174927,0.7647282851364484
scene-0798_CAM_FRONT_fccf8baf_f05b1a3a,G51-B,3,113634,30.987607490029898,0.05809700106641791,0.9211186405063956,0.7727786095133033
scene-0798_CAM_FRONT_fccf8baf_f05b1a3a,G51-B,4,116046,29.69686484840282,0.0627427508940257,0.9312373598087884,0.7919588684894807
scene-0799_CAM_FRONT_2eef1a0a_ff99e96d,G51-B,0,101517,27.126280570652163,0.04830730153613505,0.9514025687495076,0.6742573477267355
scene-0799_CAM_FRONT_2eef1a0a_ff99e96d,G51-B,1,109041,28.06296476095858,0.07499815661839859,0.9616460483807423,0.7268602421663646
scene-0799_CAM_FRONT_2eef1a0a_ff99e96d,G51-B,2,111768,27.672805801345955,0.04958734590304292,0.9567212985580332,0.7442084942084942
scene-0799_CAM_FRONT_2eef1a0a_ff99e96d,G51-B,3,105818,27.928142397932124,0.04369014007991989,0.9309747064849105,0.7169188138575894
scene-0799_CAM_FRONT_2eef1a0a_ff99e96d,G51-B,4,101592,27.441120278426794,0.053581053556316594,0.9415924671026712,0.6786502245685919
scene-0799_CAM_FRONT_10cca1fc_b4d61616,G51-B,0,110958,27.022994225543485,0.05313400758570763,0.932603157092953,0.7442084942084942
scene-0799_CAM_FRONT_10cca1fc_b4d61616,G51-B,1,117504,27.653530878607803,0.05512246842841462,0.9458868489480734,0.7778084206655635
scene-0799_CAM_FRONT_10cca1fc_b4d61616,G51-B,2,117919,28.771744271130782,0.057955705280980485,0.9433785097050403,0.7805925458986683
scene-0799_CAM_FRONT_10cca1fc_b4d61616,G51-B,3,119639,27.93534570844686,0.05146618367418565,0.9525057127097943,0.792766527460405
scene-0799_CAM_FRONT_10cca1fc_b4d61616,G51-B,4,126735,28.970587872102207,0.06984972811110302,0.9609237517400783,0.8475034801565414
scene-0799_CAM_FRONT_afac870c_acfe7cd9,G51-B,0,125478,26.054031042013314,0.06168588715932133,0.9620137630341712,0.8410750400546319
scene-0799_CAM_FRONT_afac870c_acfe7cd9,G51-B,1,125176,25.560797991071432,0.06894654914290776,0.9583694481653665,0.8370761431985921
scene-0799_CAM_FRONT_afac870c_acfe7cd9,G51-B,2,124385,25.148140967153285,0.05986649088500462,0.9617248443779056,0.8391708034565177
scene-0799_CAM_FRONT_afac870c_acfe7cd9,G51-B,3,123156,25.60149796721734,0.0644900497583667,0.9555327922674861,0.8239631760039924
scene-0799_CAM_FRONT_afac870c_acfe7cd9,G51-B,4,117607,26.31314456364013,0.07806806809647115,0.9575026921965697,0.789883907230846
scene-0799_CAM_FRONT_247d0121_614aa888,G51-B,0,113448,25.382456502116533,0.06345787141623571,0.9586649331547291,0.7578599007170436
scene-0799_CAM_FRONT_247d0121_614aa888,G51-B,1,121367,25.143028846153843,0.05828428420978948,0.9566490688939668,0.8198986158169832
scene-0799_CAM_FRONT_247d0121_614aa888,G51-B,2,119167,25.222302433345504,0.056448930672805986,0.9498594804717254,0.806457331967536
scene-0799_CAM_FRONT_247d0121_614aa888,G51-B,3,119083,25.57955005396654,0.0752047339282047,0.9406731804690989,0.807304388937042
scene-0799_CAM_FRONT_247d0121_614aa888,G51-B,4,113481,25.216822616350903,0.05832779661719423,0.9244083733879652,0.7708612402489954
scene-0799_CAM_FRONT_09cb6ba6_abfc8664,G51-B,0,117140,24.834777427229184,0.05778660383322731,0.9271465342893914,0.7916502508339243
scene-0799_CAM_FRONT_09cb6ba6_abfc8664,G51-B,1,123864,24.90803952126511,0.05376454633555272,0.9372258555932025,0.8379822971659706
scene-0799_CAM_FRONT_09cb6ba6_abfc8664,G51-B,2,127233,25.19828367329737,0.041827409546133065,0.9454009402988994,0.8619494129698211
scene-0799_CAM_FRONT_09cb6ba6_abfc8664,G51-B,3,126381,26.317177977399695,0.05352924473140419,0.9422884984109474,0.8611942846636724
scene-0799_CAM_FRONT_09cb6ba6_abfc8664,G51-B,4,116213,24.696719590053757,0.03396308866175213,0.91878759225698,0.8012370971554645
scene-0799_CAM_FRONT_2cb04989_ed19cd3f,G51-B,0,98856,28.13159690441946,0.03988445111633876,0.8865403304178814,0.6928532030572847
scene-0799_CAM_FRONT_2cb04989_ed19cd3f,G51-B,1,92498,29.391688959143977,0.05572684958714236,0.8568079741549129,0.6521222388569328
scene-0799_CAM_FRONT_2cb04989_ed19cd3f,G51-B,2,86465,29.6161271758325,0.06144389898642144,0.8287959971633441,0.5985015627872771
scene-0799_CAM_FRONT_2cb04989_ed19cd3f,G51-B,3,95218,28.356373399146214,0.03078329232698862,0.8401754524203504,0.6445118587975731
scene-0799_CAM_FRONT_2cb04989_ed19cd3f,G51-B,4,96850,29.806863359598864,0.03130170863700532,0.858955165077614,0.6437501641583274
scene-0799_CAM_FRONT_5a9ad4e8_323a637e,G51-B,0,92618,27.88437734140859,0.04764956779823293,0.8688440627216137,0.6092112520683949
scene-0799_CAM_FRONT_5a9ad4e8_323a637e,G51-B,1,91044,28.398250476060944,0.04824991116333299,0.8652194468521,0.6013513513513513
scene-0799_CAM_FRONT_5a9ad4e8_323a637e,G51-B,2,93324,27.49205273338407,0.0706294966401515,0.8704199826648806,0.6169923567882751
scene-0799_CAM_FRONT_5a9ad4e8_323a637e,G51-B,3,95380,26.86534321175279,0.06400334845804467,0.8647663698684107,0.6283455467128937
scene-0799_CAM_FRONT_5a9ad4e8_323a637e,G51-B,4,95575,27.218577866800192,0.06245841881409975,0.8684894807343787,0.6292910986788538
scene-0799_CAM_FRONT_300a5a9b_7293ddbc,G51-B,0,90927,27.694658544091315,0.07686959043499408,0.8922793055446117,0.6012397236887033
scene-0799_CAM_FRONT_300a5a9b_7293ddbc,G51-B,1,96461,27.376847141472872,0.052104211796754285,0.9028708008299845,0.6477227956819793
scene-0799_CAM_FRONT_300a5a9b_7293ddbc,G51-B,2,93353,28.490609766713092,0.05824933440916702,0.9139941690962099,0.6162700601476112
scene-0799_CAM_FRONT_300a5a9b_7293ddbc,G51-B,3,88738,28.327750676197834,0.05646732105070584,0.9068893966853151,0.5857431775799122
scene-0799_CAM_FRONT_300a5a9b_7293ddbc,G51-B,4,85464,28.563734111609563,0.03736918437524239,0.9132456071231582,0.5674559399049195
scene-0800_CAM_FRONT_94cd383e_b4a22db7,G51-B,0,98537,29.070886686024366,0.07112120278308476,0.9058453497229008,0.6558453497229008
scene-0800_CAM_FRONT_94cd383e_b4a22db7,G51-B,1,106941,28.555714557926837,0.06742049251710869,0.9036850261340057,0.7238659942741575
scene-0800_CAM_FRONT_94cd383e_b4a22db7,G51-B,2,102154,28.217274898240547,0.07990030242091728,0.9032516481496073,0.688374963885168
scene-0800_CAM_FRONT_94cd383e_b4a22db7,G51-B,3,103690,27.49680544772256,0.06808290383886861,0.9131142804612192,0.6990518215008011
scene-0800_CAM_FRONT_94cd383e_b4a22db7,G51-B,4,102193,28.212890624999996,0.08020505629100017,0.9207574921860636,0.6795301132035826
scene-0800_CAM_FRONT_fa4978c3_4a74ff52,G51-B,0,97913,27.847496174827043,0.06256634106171166,0.92287185144328,0.670704961521288
scene-0800_CAM_FRONT_fa4978c3_4a74ff52,G51-B,1,99735,28.40815563259879,0.07876377998026385,0.9163514826780133,0.6912050534499514
scene-0800_CAM_FRONT_fa4978c3_4a74ff52,G51-B,2,99805,27.84984595070422,0.04400466707314443,0.9158590076957424,0.6954206392981903
scene-0800_CAM_FRONT_fa4978c3_4a74ff52,G51-B,3,97377,28.64975982635406,0.05923416463607145,0.9056023953983138,0.6734168570903265
scene-0800_CAM_FRONT_fa4978c3_4a74ff52,G51-B,4,96450,28.730559693736136,0.035826551268379525,0.9066792740262128,0.6623985501536522
scene-0800_CAM_FRONT_a07a94dd_c2557bfc,G51-B,0,103217,30.90540250935162,0.054188819721114,0.9195427205631287,0.691736926430804
scene-0800_CAM_FRONT_a07a94dd_c2557bfc,G51-B,1,110179,28.855943444775697,0.0498185992467679,0.92035694586715,0.7330457279436872
scene-0800_CAM_FRONT_a07a94dd_c2557bfc,G51-B,2,105449,28.27798524560117,0.053223162327974194,0.9227799227799228,0.6955191342946445
scene-0800_CAM_FRONT_a07a94dd_c2557bfc,G51-B,3,100639,29.121843469730933,0.05178965338889574,0.9205473695269614,0.66289759146902
scene-0800_CAM_FRONT_a07a94dd_c2557bfc,G51-B,4,106032,30.25891449780058,0.04333907630352951,0.9255509153468338,0.6976531925511518
scene-0800_CAM_FRONT_a7753324_83c7c252,G51-B,0,109597,29.151225694444445,0.04622098198950164,0.9307711501589052,0.7257767972053686
scene-0800_CAM_FRONT_a7753324_83c7c252,G51-B,1,112569,28.960258069888567,0.0650890643424118,0.9353478843274762,0.7528038242323957
scene-0800_CAM_FRONT_a7753324_83c7c252,G51-B,2,114210,29.501611842105266,0.09768136267686867,0.9466813752528038,0.7659233577600925
scene-0800_CAM_FRONT_a7753324_83c7c252,G51-B,3,107289,29.705886012941765,0.1232862594009605,0.9514157014157014,0.7139376986315762
scene-0800_CAM_FRONT_a7753324_83c7c252,G51-B,4,97147,28.784067399825783,0.10123902288296405,0.9494851994851995,0.6436648018280672
scene-0800_CAM_FRONT_c31f7047_0f67be8d,G51-B,0,98657,30.289445543922362,0.08775536536798878,0.943779056023954,0.6589709242770467
scene-0800_CAM_FRONT_c31f7047_0f67be8d,G51-B,1,112442,30.653794805866607,0.08986479515346857,0.9380663462296115,0.7593110603314684
scene-0800_CAM_FRONT_c31f7047_0f67be8d,G51-B,2,120842,29.307301326038576,0.06789387535835778,0.9545544086360412,0.8094450135266462
scene-0800_CAM_FRONT_c31f7047_0f67be8d,G51-B,3,118065,29.996175526411875,0.0925777707950699,0.9553948992724502,0.7872639403251648
scene-0800_CAM_FRONT_c31f7047_0f67be8d,G51-B,4,120204,29.73909307814222,0.06798716473090538,0.9526764373703149,0.8066214902949597
scene-0800_CAM_FRONT_7ceeb5f1_f744fa72,G51-B,0,114093,25.849928977272725,0.07928741994377164,0.9439300816851838,0.7727786095133033
scene-0800_CAM_FRONT_7ceeb5f1_f744fa72,G51-B,1,114423,26.72335859658061,0.07896222458274593,0.9318480287868043,0.7912168728495259
scene-0800_CAM_FRONT_7ceeb5f1_f744fa72,G51-B,2,119964,26.771382426167573,0.06877789942255674,0.9331087647414178,0.8257754839387492
scene-0800_CAM_FRONT_7ceeb5f1_f744fa72,G51-B,3,121547,26.83161627524144,0.07516837781417829,0.936687416279253,0.8177185932287974
scene-0800_CAM_FRONT_7ceeb5f1_f744fa72,G51-B,4,113490,28.22961027659308,0.07435851295083151,0.9354398129908335,0.7567042260919812
scene-0800_CAM_FRONT_71be574a_fc5f2295,G51-B,0,109962,24.06844246180348,0.061864843277608106,0.9324915294303049,0.7344180915609487
scene-0800_CAM_FRONT_71be574a_fc5f2295,G51-B,1,115901,24.121412381503525,0.06635328564464604,0.9323011057704935,0.7792333149476006
scene-0800_CAM_FRONT_71be574a_fc5f2295,G51-B,2,114494,25.380805032733214,0.0670034060647462,0.9356236703175479,0.764787382134321
scene-0800_CAM_FRONT_71be574a_fc5f2295,G51-B,3,114866,25.805506552419356,0.05044622536348964,0.9437462243584692,0.7607031229480209
scene-0800_CAM_FRONT_71be574a_fc5f2295,G51-B,4,113241,26.283442378903132,0.04954563959596836,0.9387032805400153,0.7461783941375778
scene-0800_CAM_FRONT_0072eb21_43e2717b,G51-B,0,109724,23.57200313211845,0.058454865571901715,0.935492343655609,0.7225789929871562
scene-0800_CAM_FRONT_0072eb21_43e2717b,G51-B,1,113286,23.32000868055556,0.04673930075027388,0.9329511727470912,0.7483518503926667
scene-0800_CAM_FRONT_0072eb21_43e2717b,G51-B,2,108927,23.715361537524373,0.04733332725714101,0.9261484516586558,0.722730018648386
scene-0800_CAM_FRONT_0072eb21_43e2717b,G51-B,3,104698,24.183502852774456,0.04690927504154674,0.917461192971397,0.6999448428019857
scene-0800_CAM_FRONT_0072eb21_43e2717b,G51-B,4,104281,23.71561104910714,0.051082435790766656,0.9239946944028576,0.6945735823286844
scene-0802_CAM_FRONT_63e3bc94_145b84c5,G51-B,0,119133,24.886304281945243,0.054944822374156654,0.9508772621017519,0.7959118010138418
scene-0802_CAM_FRONT_63e3bc94_145b84c5,G51-B,1,125116,25.050362469715328,0.06276965741911567,0.9537927139967957,0.8391839361227116
scene-0802_CAM_FRONT_63e3bc94_145b84c5,G51-B,2,124300,26.47385412771129,0.04413194147480137,0.9477451212145089,0.8340227983085126
scene-0802_CAM_FRONT_63e3bc94_145b84c5,G51-B,3,117704,26.96159530481138,0.060235483075533613,0.9309615738187167,0.801066372494944
scene-0802_CAM_FRONT_63e3bc94_145b84c5,G51-B,4,110550,27.09548750669882,0.04758222076169338,0.9166404013342789,0.7385220497465396
scene-0802_CAM_FRONT_1739cd69_fbacf779,G51-B,0,109559,27.77552431135225,0.04822153433479004,0.90629842670659,0.7400585716912248
scene-0802_CAM_FRONT_1739cd69_fbacf779,G51-B,1,111549,28.272020239880053,0.07835331693471925,0.8866979224122081,0.7490741470333308
scene-0802_CAM_FRONT_1739cd69_fbacf779,G51-B,2,109095,28.779200953500528,0.08200908110244232,0.8956412680902477,0.7294802090720458
scene-0802_CAM_FRONT_1739cd69_fbacf779,G51-B,3,99886,31.04183755821337,0.0862259193241619,0.9069813253486723,0.6722152181335855
scene-0802_CAM_FRONT_1739cd69_fbacf779,G51-B,4,110033,30.783473687770556,0.0634331324888242,0.9236269797494288,0.7446353058597956
scene-0802_CAM_FRONT_d04424a0_c6a183eb,G51-B,0,121613,29.920412402253913,0.044336506071620985,0.9354135476584456,0.8222493630656896
scene-0802_CAM_FRONT_d04424a0_c6a183eb,G51-B,1,122890,30.491309517941634,0.08702132876651203,0.9313621201376303,0.83121240774302
scene-0802_CAM_FRONT_d04424a0_c6a183eb,G51-B,2,117759,32.457827932098766,0.11222861000662565,0.9289851075565362,0.7921492921492922
scene-0802_CAM_FRONT_d04424a0_c6a183eb,G51-B,3,112452,32.27291921749777,0.07510351995476627,0.927205631287264,0.7512738686208074
scene-0802_CAM_FRONT_d04424a0_c6a183eb,G51-B,4,105586,30.3368496295103,0.0466919615329533,0.9400362461586952,0.6952499146376697
scene-0802_CAM_FRONT_e0372044_76af4456,G51-B,0,108570,33.22849243353124,0.05638223343574644,0.9414348751083444,0.7158222362303995
scene-0802_CAM_FRONT_e0372044_76af4456,G51-B,1,115967,33.69683159722221,0.10647717979949878,0.9360570483019462,0.7663304704121031
scene-0802_CAM_FRONT_e0372044_76af4456,G51-B,2,112242,34.30773200757576,0.08755589572423861,0.9366151866151866,0.740393454679169
scene-0802_CAM_FRONT_e0372044_76af4456,G51-B,3,110425,32.80164295512099,0.05094384545536057,0.9332466577364537,0.7282851364484018
scene-0802_CAM_FRONT_e0372044_76af4456,G51-B,4,108179,34.06074691974118,0.060239009945767474,0.9337128673863367,0.7125981666797994
scene-0802_CAM_FRONT_f443bc4e_81c66992,G51-B,0,112020,30.93130796795952,0.04933120346704989,0.926240380322013,0.7449767551808368
scene-0802_CAM_FRONT_f443bc4e_81c66992,G51-B,1,112642,30.939898716373513,0.05659703609083233,0.9300160218527566,0.7461783941375778
scene-0802_CAM_FRONT_f443bc4e_81c66992,G51-B,2,113672,32.52494127729812,0.06953250533348432,0.9375082079163711,0.7527972578992987
scene-0802_CAM_FRONT_f443bc4e_81c66992,G51-B,3,112791,35.05514823717949,0.09711964251844263,0.9417172274315131,0.7448060305203162
scene-0802_CAM_FRONT_f443bc4e_81c66992,G51-B,4,110826,36.717526198229805,0.08747412403455535,0.9471147532372022,0.7335907335907336
scene-0802_CAM_FRONT_2eaa3189_199f19f7,G51-B,0,105495,26.711623774509803,0.06459438446194676,0.943772489690857,0.6948428019856592
scene-0802_CAM_FRONT_2eaa3189_199f19f7,G51-B,1,105918,25.793214597902093,0.05884698320771853,0.9374425445854018,0.7002140624589605
scene-0802_CAM_FRONT_2eaa3189_199f19f7,G51-B,2,102590,26.062684491371485,0.04806532684494402,0.9250518740314658,0.677914795261734
scene-0802_CAM_FRONT_2eaa3189_199f19f7,G51-B,3,99796,26.7181971714619,0.05334669424057892,0.9166666666666666,0.6567252383578914
scene-0802_CAM_FRONT_2eaa3189_199f19f7,G51-B,4,93821,27.50501284148301,0.04771565717166881,0.9069287946838968,0.6177540514275208
scene-0802_CAM_FRONT_95f5d988_f00d1ed5,G51-B,0,111304,28.551756378487525,0.06697246611667018,0.9250847056969506,0.7396974233708927
scene-0802_CAM_FRONT_95f5d988_f00d1ed5,G51-B,1,107502,29.55536976274609,0.10179993757070926,0.944737740656108,0.7139967956294487
scene-0802_CAM_FRONT_95f5d988_f00d1ed5,G51-B,2,109444,29.804262590452833,0.07099097015691336,0.9500893021301184,0.7291256270848108
scene-0802_CAM_FRONT_95f5d988_f00d1ed5,G51-B,3,116308,30.43605644656897,0.05982122028613035,0.9498660468048223,0.7713340162319754
scene-0802_CAM_FRONT_95f5d988_f00d1ed5,G51-B,4,116215,30.72726621142618,0.05663933204415317,0.9439103826858929,0.7719381188768943
scene-0802_CAM_FRONT_731cf689_38ea2c2f,G51-B,0,116766,27.48707253507404,0.04899177358235063,0.9406009508050325,0.7810915872140362
scene-0802_CAM_FRONT_731cf689_38ea2c2f,G51-B,1,118411,27.80549457644629,0.06789109275299099,0.9415071047724108,0.796975546975547
scene-0802_CAM_FRONT_731cf689_38ea2c2f,G51-B,2,119172,28.56532118055556,0.04979194239568163,0.9406600478029049,0.7967128936516692
scene-0802_CAM_FRONT_731cf689_38ea2c2f,G51-B,3,117188,29.40796223958333,0.039204099238577594,0.9347175163501694,0.7779397473275025
scene-0802_CAM_FRONT_731cf689_38ea2c2f,G51-B,4,113056,29.064839743589747,0.04685289738902587,0.928275943582066,0.7611430672655163
scene-0904_CAM_FRONT_4e04d32a_7d54d3ab,G51-B,0,66369,34.28500368265993,0.03983477070554953,0.8443910382685893,0.43581409397735926
scene-0904_CAM_FRONT_4e04d32a_7d54d3ab,G51-B,1,66306,35.982889823476164,0.03656329708101724,0.8421584850156278,0.43538728232605783
scene-0904_CAM_FRONT_4e04d32a_7d54d3ab,G51-B,2,67161,35.565946010953226,0.03872480427803371,0.8392430331205841,0.4410080634570431
scene-0904_CAM_FRONT_4e04d32a_7d54d3ab,G51-B,3,67272,35.86900023123678,0.03529205653517664,0.8358482389094634,0.44173036009770705
scene-0904_CAM_FRONT_4e04d32a_7d54d3ab,G51-B,4,65826,34.94237908989834,0.03202659249483597,0.8331494760066188,0.4322551414388149
scene-0904_CAM_FRONT_ad17bfcf_3d83906b,G51-B,0,78402,32.07248869765229,0.05171006500003328,0.8285793081711449,0.5158248627636383
scene-0904_CAM_FRONT_ad17bfcf_3d83906b,G51-B,1,79887,32.916736577181204,0.0451829128177863,0.8263467549181834,0.5258713524019647
scene-0904_CAM_FRONT_ad17bfcf_3d83906b,G51-B,2,84817,33.72116008254717,0.04786485251699624,0.8253027079557692,0.5584075328973288
scene-0904_CAM_FRONT_ad17bfcf_3d83906b,G51-B,3,86474,34.34623789547605,0.07463742428354991,0.8215467654243165,0.568362093872298
scene-0904_CAM_FRONT_ad17bfcf_3d83906b,G51-B,4,86364,32.801649041387705,0.06395165473669318,0.8095697738554881,0.5734116040238489
scene-0904_CAM_FRONT_a80271ef_0d2418d9,G51-B,0,83368,18.70284962467363,0.040610893977350626,0.8037651353977885,0.5602526724975705
scene-0904_CAM_FRONT_a80271ef_0d2418d9,G51-B,1,87157,18.6785067593707,0.0222644236168672,0.7941257584114727,0.5931828329787513
scene-0904_CAM_FRONT_a80271ef_0d2418d9,G51-B,2,92663,19.772464631935687,0.05633814307323837,0.7948480550521367,0.6480248470044389
scene-0904_CAM_FRONT_a80271ef_0d2418d9,G51-B,3,87249,19.018756468232535,0.04019613394281141,0.7714390775615265,0.6041289102513593
scene-0904_CAM_FRONT_a80271ef_0d2418d9,G51-B,4,89554,18.91687908280368,0.06740461858583213,0.7701126782759435,0.5933732566385628
scene-0904_CAM_FRONT_99be6149_93a381ca,G51-B,0,70404,21.848151357176143,0.04315533125098403,0.7611561999317101,0.46229611535733983
scene-0904_CAM_FRONT_99be6149_93a381ca,G51-B,1,69264,22.553666834677415,0.045713048122961064,0.7643474378168256,0.45481049562682213
scene-0904_CAM_FRONT_99be6149_93a381ca,G51-B,2,71854,22.808902599955076,0.04265008784992852,0.7698828566175505,0.4718172983479106
scene-0904_CAM_FRONT_99be6149_93a381ca,G51-B,3,69408,23.79863156164227,0.035726943849763604,0.7665274604050114,0.45575604759278227
scene-0904_CAM_FRONT_99be6149_93a381ca,G51-B,4,71468,23.425314689975632,0.03642877621233653,0.7701389436083313,0.4692826937724897
scene-0904_CAM_FRONT_7166e48f_fe515f0e,G51-B,0,84922,19.270598618474715,0.059873323495541975,0.7803167599085966,0.5576983689228587
scene-0904_CAM_FRONT_7166e48f_fe515f0e,G51-B,1,83721,19.24236876124101,0.04354718495866017,0.777151787355869,0.5497662385417488
scene-0904_CAM_FRONT_7166e48f_fe515f0e,G51-B,2,81853,19.225671773685157,0.05392453943386277,0.7780316759908597,0.5378746093031808
scene-0904_CAM_FRONT_7166e48f_fe515f0e,G51-B,3,77717,19.60963828890932,0.04781951777034443,0.7756283980773777,0.510328841961495
scene-0904_CAM_FRONT_7166e48f_fe515f0e,G51-B,4,82323,20.303187839673914,0.06189358161585945,0.786403750689465,0.5407572295327397
scene-0904_CAM_FRONT_424d9df7_d0771d94,G51-B,0,79620,20.597930143989977,0.06550899978668534,0.7861148320331994,0.5229165025083392
scene-0904_CAM_FRONT_424d9df7_d0771d94,G51-B,1,74133,21.17358376303264,0.056487699534994995,0.7840070391090799,0.486781971475849
scene-0904_CAM_FRONT_424d9df7_d0771d94,G51-B,2,73960,20.192180209081116,0.04585814849257308,0.7806713418958316,0.485823286843695
scene-0904_CAM_FRONT_424d9df7_d0771d94,G51-B,3,73491,20.504621398614155,0.04343213828043613,0.7830089564783442,0.4826911459564521
scene-0904_CAM_FRONT_424d9df7_d0771d94,G51-B,4,74695,20.441194529132794,0.06365004452160594,0.7947101620571009,0.4908793633283429
scene-0904_CAM_FRONT_9246f535_666ce192,G51-B,0,71947,22.840584256001655,0.06337308958738141,0.7915386231712762,0.47305833530323327
scene-0904_CAM_FRONT_9246f535_666ce192,G51-B,1,75184,23.796538361298655,0.06538929938151194,0.80670685262522,0.49415596354371866
scene-0904_CAM_FRONT_9246f535_666ce192,G51-B,2,75684,22.701908693720384,0.07325427368755166,0.8093268195309011,0.4970123184408899
scene-0904_CAM_FRONT_9246f535_666ce192,G51-B,3,76517,22.1147912289916,0.05719989719752139,0.8132600530559714,0.502652798571166
scene-0904_CAM_FRONT_9246f535_666ce192,G51-B,4,76437,22.521372241859464,0.04795503787511235,0.8128529404039608,0.5020486959262469
scene-0904_CAM_FRONT_f552524e_4585ac4b,G51-B,0,79054,20.268458275278665,0.037099280850858785,0.8139232526987629,0.5191671263099834
scene-0904_CAM_FRONT_f552524e_4585ac4b,G51-B,1,78572,19.63426096441523,0.03574924945023672,0.8210280251096578,0.5167966800619862
scene-0904_CAM_FRONT_f552524e_4585ac4b,G51-B,2,78017,19.847465435275648,0.043757902163687135,0.8262154282562446,0.5140519528274631
scene-0904_CAM_FRONT_f552524e_4585ac4b,G51-B,3,67460,19.78222159090909,0.03163672100813053,0.8117957607753526,0.4458343182832979
scene-0904_CAM_FRONT_f552524e_4585ac4b,G51-B,4,68028,20.20816902549698,0.04084248294908055,0.8237070890132114,0.44842145352349433
scene-0905_CAM_FRONT_bc94beb7_75fc8c40,G51-B,0,79273,42.67306440304487,0.04998955138611372,0.827115015890526,0.5216820318861135
scene-0905_CAM_FRONT_bc94beb7_75fc8c40,G51-B,1,71781,41.14333822440778,0.05081805365489167,0.8364260762219946,0.4732947232947233
scene-0905_CAM_FRONT_bc94beb7_75fc8c40,G51-B,2,63234,39.79094014830508,0.040935214618078586,0.8340753289732882,0.4190633782470517
scene-0905_CAM_FRONT_bc94beb7_75fc8c40,G51-B,3,61432,39.94995263574283,0.028059440180315587,0.8346269009534316,0.41348199511464817
scene-0905_CAM_FRONT_bc94beb7_75fc8c40,G51-B,4,56774,42.248969750347946,0.05571689626891141,0.8276206235389909,0.3761195597930292
scene-0905_CAM_FRONT_8820971b_94657cb3,G51-B,0,66828,36.10278335542732,0.058476897888141144,0.8562892338402542,0.444501352664618
scene-0905_CAM_FRONT_8820971b_94657cb3,G51-B,1,68959,37.68129538782447,0.06493634957988981,0.8569524334830457,0.4597024137840464
scene-0905_CAM_FRONT_8820971b_94657cb3,G51-B,2,74134,38.51962831439394,0.07664722167419002,0.8619888109684029,0.4882987944212434
scene-0905_CAM_FRONT_8820971b_94657cb3,G51-B,3,74829,38.694759160238426,0.07086210405853821,0.855593202531978,0.491949675623145
scene-0905_CAM_FRONT_8820971b_94657cb3,G51-B,4,71273,37.77470826740507,0.0751022298711228,0.8465776271898721,0.4680088251516823
scene-0905_CAM_FRONT_01956caa_cbed17f3,G51-B,0,77780,40.92120685858424,0.07720867232990458,0.8468599795130407,0.5109526436057048
scene-0905_CAM_FRONT_01956caa_cbed17f3,G51-B,1,78834,41.45764787744388,0.07945865475385361,0.8501497123946103,0.518024584351115
scene-0905_CAM_FRONT_01956caa_cbed17f3,G51-B,2,74831,41.0173724024429,0.06594202448587305,0.8518241273343314,0.491706721298558
scene-0905_CAM_FRONT_01956caa_cbed17f3,G51-B,3,81751,41.09972901086182,0.07911763259234172,0.8575237044624799,0.5368042970083786
scene-0905_CAM_FRONT_01956caa_cbed17f3,G51-B,4,78495,40.93514145774894,0.06892899888570359,0.8523428676489901,0.5154243164447246
scene-0905_CAM_FRONT_a545bf56_84ba798e,G51-B,0,78420,39.24475172546011,0.08925318246836023,0.8568408058203977,0.5149318414624537
scene-0905_CAM_FRONT_a545bf56_84ba798e,G51-B,1,78194,38.50964204545454,0.06186049161362184,0.860767473012371,0.513447850182544
scene-0905_CAM_FRONT_a545bf56_84ba798e,G51-B,2,73689,37.56243105057704,0.052301536677563654,0.8441677829432932,0.4838665195808053
scene-0905_CAM_FRONT_a545bf56_84ba798e,G51-B,3,77293,37.751592622026244,0.05028074954243378,0.8508720090352744,0.5075315840621963
scene-0905_CAM_FRONT_a545bf56_84ba798e,G51-B,4,73566,37.76332475562798,0.04240070959866937,0.8543390329104614,0.483058860609881
scene-0905_CAM_FRONT_cc0b96ef_895fb05f,G51-B,0,93841,39.58355792849345,0.05472618963252085,0.8585874504241852,0.6162700601476112
scene-0905_CAM_FRONT_cc0b96ef_895fb05f,G51-B,1,96723,42.069850060933135,0.07913301570472075,0.8607149423475954,0.6353321251280435
scene-0905_CAM_FRONT_cc0b96ef_895fb05f,G51-B,2,97235,41.76082402234636,0.07218687927058953,0.8632626795892102,0.638634990675807
scene-0905_CAM_FRONT_cc0b96ef_895fb05f,G51-B,3,96182,42.40392191977078,0.09972760666710134,0.8639915425629712,0.6315761825965908
scene-0905_CAM_FRONT_cc0b96ef_895fb05f,G51-B,4,95521,41.36811516830176,0.08912772458788876,0.8689228587187771,0.6313332282720038
scene-0905_CAM_FRONT_d7f45d26_9c9cdfaf,G51-B,0,101039,37.15145817158385,0.07039874639132382,0.8805977989651459,0.6769692432957739
scene-0905_CAM_FRONT_d7f45d26_9c9cdfaf,G51-B,1,101259,39.68295736200429,0.09076044991445276,0.8915044782391721,0.6717490084837023
scene-0905_CAM_FRONT_d7f45d26_9c9cdfaf,G51-B,2,107153,41.260226393188866,0.11275530887701768,0.9129107241352139,0.7180153914847792
scene-0905_CAM_FRONT_d7f45d26_9c9cdfaf,G51-B,3,118485,39.29232972017221,0.11685575151135774,0.9469374622435847,0.8078625272502824
scene-0905_CAM_FRONT_d7f45d26_9c9cdfaf,G51-B,4,122087,39.43730753079507,0.10871931364469134,0.9703595724003887,0.8030297060909306
scene-0905_CAM_FRONT_67a2888b_311efa82,G51-B,0,123598,35.93619426528324,0.08061715942535197,0.9640033619625457,0.8164972552727655
scene-0905_CAM_FRONT_67a2888b_311efa82,G51-B,1,119762,35.09610026720543,0.11479180181048099,0.9510282877629817,0.7945131720641925
scene-0905_CAM_FRONT_67a2888b_311efa82,G51-B,2,111823,33.72583700251602,0.16942389657488288,0.9341856433693169,0.7417855172957214
scene-0905_CAM_FRONT_67a2888b_311efa82,G51-B,3,106185,32.57883468206244,0.1539161036300576,0.9049457620886192,0.7052898379428991
scene-0905_CAM_FRONT_67a2888b_311efa82,G51-B,4,93081,31.747785089520363,0.07013239589717957,0.863288944921598,0.6149042628634466
scene-0905_CAM_FRONT_a4b93c94_02f6ae7c,G51-B,0,81320,33.15712918447294,0.03495939334625353,0.7967916896488325,0.5400152338927849
scene-0905_CAM_FRONT_a4b93c94_02f6ae7c,G51-B,1,73852,33.40020117638568,0.05778798438934585,0.7612021642633887,0.4849368318756074
scene-0905_CAM_FRONT_a4b93c94_02f6ae7c,G51-B,2,84403,32.04733059296549,0.04954098741050794,0.7723649305281959,0.5542379113807685
scene-0905_CAM_FRONT_a4b93c94_02f6ae7c,G51-B,3,81560,32.948994421036204,0.061365177241264,0.761418853255588,0.535550127386862
scene-0905_CAM_FRONT_a4b93c94_02f6ae7c,G51-B,4,79713,32.82613764967874,0.06433482442513361,0.7550232448191632,0.5238423554750086
scene-0906_CAM_FRONT_2fb7b5d1_7380c8cf,G51-B,0,81572,33.58328795241288,0.06475502981981096,0.731745593990492,0.5396869172379376
scene-0906_CAM_FRONT_2fb7b5d1_7380c8cf,G51-B,1,82735,33.83219149450059,0.0454812808438394,0.7236427389488614,0.5501011215296929
scene-0906_CAM_FRONT_2fb7b5d1_7380c8cf,G51-B,2,82650,34.765203945878625,0.04643183231994907,0.7116066503821605,0.5501142541958869
scene-0906_CAM_FRONT_2fb7b5d1_7380c8cf,G51-B,3,79557,34.693570339721255,0.06006749199990713,0.702656738371024,0.5279463136605994
scene-0906_CAM_FRONT_2fb7b5d1_7380c8cf,G51-B,4,80050,34.98189910979228,0.07208477935833835,0.7018819110655845,0.5298374175925197
scene-0906_CAM_FRONT_14994efc_27ab30ff,G51-B,0,69023,39.29494549198913,0.07786231203943039,0.7007853334383947,0.4546857352979802
scene-0906_CAM_FRONT_14994efc_27ab30ff,G51-B,1,70207,36.96310240963854,0.07575553107902921,0.7072072072072072,0.46283455467128937
scene-0906_CAM_FRONT_14994efc_27ab30ff,G51-B,2,71301,38.8863046126881,0.06992723699546266,0.7030769836892286,0.4683305754734326
scene-0906_CAM_FRONT_14994efc_27ab30ff,G51-B,3,67786,37.964790923178064,0.05517610142770768,0.7030901163554225,0.44530901163554226
scene-0906_CAM_FRONT_14994efc_27ab30ff,G51-B,4,63941,41.362426150497505,0.06175234576260369,0.7042917553121635,0.4204882725290889
scene-0906_CAM_FRONT_4739e7db_10bf5ad3,G51-B,0,74761,41.42099974066391,0.08138473814585812,0.699537730149975,0.49123394531557796
scene-0906_CAM_FRONT_4739e7db_10bf5ad3,G51-B,1,71076,38.45305844528178,0.0475695764844517,0.6952499146376697,0.4684225041367899
scene-0906_CAM_FRONT_4739e7db_10bf5ad3,G51-B,2,74457,43.157464407234954,0.10103925384240053,0.7079689018464529,0.49040658734536285
scene-0906_CAM_FRONT_4739e7db_10bf5ad3,G51-B,3,70966,41.406558244587984,0.08820157498225578,0.7006934047750374,0.4692564284401019
scene-0906_CAM_FRONT_4739e7db_10bf5ad3,G51-B,4,70608,38.878284372846316,0.07022067480470962,0.693417907703622,0.4636356473091167
scene-0906_CAM_FRONT_f5064bc8_0f546bbb,G51-B,0,70832,37.526005151333784,0.07788398750042314,0.6915465027709926,0.4664132062091246
scene-0906_CAM_FRONT_f5064bc8_0f546bbb,G51-B,1,76581,40.14147010216346,0.09979848679017156,0.6975743965539883,0.5057915057915058
scene-0906_CAM_FRONT_f5064bc8_0f546bbb,G51-B,2,80684,39.229833743842356,0.07296749258203916,0.7023284217161768,0.5352349433982087
scene-0906_CAM_FRONT_f5064bc8_0f546bbb,G51-B,3,78537,39.08018507442849,0.046357062128133286,0.7030966826885194,0.5157066687678933
scene-0906_CAM_FRONT_f5064bc8_0f546bbb,G51-B,4,74530,37.823516883519204,0.06986405211252888,0.7065965382291913,0.49033435768129646
scene-0906_CAM_FRONT_fe2427d4_8938bdb9,G51-B,0,78654,35.32931012974053,0.052906309486516534,0.7089013211462191,0.5171906600478029
scene-0906_CAM_FRONT_fe2427d4_8938bdb9,G51-B,1,75190,36.95781973379629,0.05494793644218099,0.7057100832611036,0.4939327082184225
scene-0906_CAM_FRONT_fe2427d4_8938bdb9,G51-B,2,73726,37.727629890955726,0.06137032246628471,0.7085336064927902,0.4841094739053923
scene-0906_CAM_FRONT_fe2427d4_8938bdb9,G51-B,3,75365,38.36614352438252,0.06470649810613693,0.7179694271531006,0.4948716938512857
scene-0906_CAM_FRONT_fe2427d4_8938bdb9,G51-B,4,74241,38.623188405797116,0.05259917467399733,0.7227168859821921,0.4875370997819977
scene-0906_CAM_FRONT_15bdb200_10fd9395,G51-B,0,72500,43.25614978134109,0.03389735995745724,0.729565571402306,0.47628240485383344
scene-0906_CAM_FRONT_15bdb200_10fd9395,G51-B,1,75243,44.21294676626323,0.06051211826864522,0.7333609119323405,0.494234759540882
scene-0906_CAM_FRONT_15bdb200_10fd9395,G51-B,2,71507,45.201903365751335,0.05904883391863347,0.7495994536810864,0.4700246894124445
scene-0906_CAM_FRONT_15bdb200_10fd9395,G51-B,3,73945,44.18437171743699,0.058430751067735986,0.7576497780579413,0.4870446247997268
scene-0906_CAM_FRONT_15bdb200_10fd9395,G51-B,4,68873,44.64468074845679,0.05943459902011394,0.7616815065794658,0.4531951776849736
scene-0906_CAM_FRONT_5018e6c1_38b44695,G51-B,0,76094,49.34298191713482,0.04931095846765343,0.7691145956452079,0.5010112152969296
scene-0906_CAM_FRONT_5018e6c1_38b44695,G51-B,1,75330,47.92694068471337,0.04795163355083565,0.7785701153048091,0.5007485619730517
scene-0906_CAM_FRONT_5018e6c1_38b44695,G51-B,2,77292,47.78591485507246,0.05217063220848894,0.7708678065820923,0.5216820318861135
scene-0906_CAM_FRONT_5018e6c1_38b44695,G51-B,3,71094,48.67884114583334,0.07466208179646783,0.7713931132298479,0.4819557166495942
scene-0906_CAM_FRONT_5018e6c1_38b44695,G51-B,4,74769,49.03401993893412,0.06099114875196099,0.7733498804927377,0.5024164105796759
scene-0906_CAM_FRONT_0d0f1e7f_04760450,G51-B,0,79798,51.510382971349365,0.06808768651403274,0.7731594568329262,0.533521130459906
scene-0906_CAM_FRONT_0d0f1e7f_04760450,G51-B,1,78551,50.88105584319527,0.05352693420640975,0.7722861345310325,0.5262390670553936
scene-0906_CAM_FRONT_0d0f1e7f_04760450,G51-B,2,83200,54.33923873448461,0.08651129018762482,0.7865088120190161,0.560193575499698
scene-0906_CAM_FRONT_0d0f1e7f_04760450,G51-B,3,82402,54.28976229265404,0.09698254292960518,0.8191828855094161,0.5593071205316104
scene-0906_CAM_FRONT_0d0f1e7f_04760450,G51-B,4,85807,52.69289019935613,0.10391612234475556,0.842388306674021,0.5719998424080057
scene-0907_CAM_FRONT_e693989d_197990b8,G51-B,0,81501,26.90604227814227,0.040940173884975284,0.8812609986079374,0.5391944422556667
scene-0907_CAM_FRONT_e693989d_197990b8,G51-B,1,104492,25.906448456363183,0.04900130000826963,0.9262994773198855,0.6929582643868358
scene-0907_CAM_FRONT_e693989d_197990b8,G51-B,2,133356,26.266657066052225,0.043982117028950496,0.9982599217293094,0.88202925958028
scene-0907_CAM_FRONT_e693989d_197990b8,G51-B,3,125995,26.583290304717423,0.049698854041415164,0.9920810022850839,0.8317968113886481
scene-0907_CAM_FRONT_e693989d_197990b8,G51-B,4,110920,27.42720224961627,0.04772778953126,0.9586518004885352,0.7311874556772516
scene-0907_CAM_FRONT_ce93f225_20d3ca8e,G51-B,0,113004,25.033408659257177,0.03326103211915532,0.9421768707482994,0.7588054526830037
scene-0907_CAM_FRONT_ce93f225_20d3ca8e,G51-B,1,111951,25.410662503240026,0.03081180924057003,0.9331218974076116,0.7398353163659286
scene-0907_CAM_FRONT_ce93f225_20d3ca8e,G51-B,2,108427,24.849709535256405,0.024002479833509227,0.931651038793896,0.7207404197200116
scene-0907_CAM_FRONT_ce93f225_20d3ca8e,G51-B,3,107116,25.115432240604573,0.02665848045308916,0.9266671919733144,0.7057363485934914
scene-0907_CAM_FRONT_ce93f225_20d3ca8e,G51-B,4,101326,23.58244831646895,0.030996413117715393,0.9249271137026239,0.6658721403619363
scene-0907_CAM_FRONT_5052ec00_a4ea60cc,G51-B,0,110700,24.58019211400261,0.032940265981138195,0.9259711606650383,0.7270834974916608
scene-0907_CAM_FRONT_5052ec00_a4ea60cc,G51-B,1,112430,23.91437532084189,0.026806927200095032,0.9264636356473092,0.7459945368108634
scene-0907_CAM_FRONT_5052ec00_a4ea60cc,G51-B,2,113955,24.61410186745919,0.03290630543850748,0.9272844272844273,0.7490281827016521
scene-0907_CAM_FRONT_5052ec00_a4ea60cc,G51-B,3,111109,25.17800860798499,0.04239596486256847,0.9265883959761511,0.7303010007091639
scene-0907_CAM_FRONT_5052ec00_a4ea60cc,G51-B,4,108322,25.21193751975348,0.04582136574394635,0.9277637696005043,0.7133467286528511
scene-0907_CAM_FRONT_86a69236_ebd128c8,G51-B,0,108927,20.51264177693762,0.027131164699151,0.9283284742468416,0.7155267512410369
scene-0907_CAM_FRONT_86a69236_ebd128c8,G51-B,1,114797,21.052817527846535,0.026091405653476674,0.9298255981929451,0.7571573030756704
scene-0907_CAM_FRONT_86a69236_ebd128c8,G51-B,2,119333,21.3205701682058,0.035534564889054376,0.9295038478711948,0.7866992356788275
scene-0907_CAM_FRONT_86a69236_ebd128c8,G51-B,3,116189,21.18817663544226,0.028876344761936235,0.9285779949045255,0.7678407270244005
scene-0907_CAM_FRONT_86a69236_ebd128c8,G51-B,4,116023,21.466853673194187,0.024523345374014127,0.9277703359336013,0.7630538701967273
scene-0907_CAM_FRONT_10629cde_fa0391dc,G51-B,0,105377,17.61655515665796,0.03446788139346246,0.9265292989782785,0.6926562130643763
scene-0907_CAM_FRONT_10629cde_fa0391dc,G51-B,1,107605,18.31257354272266,0.03994474009783433,0.926003992330523,0.708073963176004
scene-0907_CAM_FRONT_10629cde_fa0391dc,G51-B,2,103328,17.784139021952324,0.03687555031834866,0.9258660993354871,0.6796483071993276
scene-0907_CAM_FRONT_10629cde_fa0391dc,G51-B,3,108102,18.77296929442509,0.03968639095466675,0.9263126099860793,0.7112520683949255
scene-0907_CAM_FRONT_10629cde_fa0391dc,G51-B,4,101038,18.543268538948578,0.03608005945089121,0.9256559766763849,0.6640598324271794
scene-0907_CAM_FRONT_ed107801_d20f18ba,G51-B,0,79031,14.363157578080436,0.015748722946932414,0.9250190423659811,0.5189438709846873
scene-0907_CAM_FRONT_ed107801_d20f18ba,G51-B,1,84123,14.589373281585301,0.020859823903229824,0.9247235573766186,0.552379639114333
scene-0907_CAM_FRONT_ed107801_d20f18ba,G51-B,2,81874,14.508885869565221,0.016730245398609123,0.925393323352507,0.5376185223123998
scene-0907_CAM_FRONT_ed107801_d20f18ba,G51-B,3,81450,14.760084341284559,0.023091605209130117,0.9258332676700024,0.5348278307461981
scene-0907_CAM_FRONT_ed107801_d20f18ba,G51-B,4,85596,14.667227773332206,0.02490274184571506,0.9258135686707115,0.5620518477661335
scene-0907_CAM_FRONT_99df68e7_5a1272e9,G51-B,0,73963,14.999788948031131,0.023783342183610667,0.9256953746749665,0.48591521550705224
scene-0907_CAM_FRONT_99df68e7_5a1272e9,G51-B,1,74082,14.911652444649443,0.024860947624674168,0.9260433903291047,0.4866178131484254
scene-0907_CAM_FRONT_99df68e7_5a1272e9,G51-B,2,75128,15.065784457300547,0.026499567145494618,0.9256756756756757,0.4934271005699577
scene-0907_CAM_FRONT_99df68e7_5a1272e9,G51-B,3,75442,15.161874190091702,0.0265748846874585,0.9254786856827674,0.4955677251595619
scene-0907_CAM_FRONT_99df68e7_5a1272e9,G51-B,4,77094,15.229116379310344,0.025988246768443357,0.9254195886848948,0.5064087411026187
scene-0907_CAM_FRONT_30507c77_f224f268,G51-B,0,88814,15.412003125,0.027860393635828373,0.9253604916870223,0.5831823076721036
scene-0907_CAM_FRONT_30507c77_f224f268,G51-B,1,89049,15.627178236422052,0.028462690860539652,0.925393323352507,0.5847385286160797
scene-0907_CAM_FRONT_30507c77_f224f268,G51-B,2,87241,15.563581281172068,0.03046581071073451,0.925281695689859,0.5728797310429964
scene-0907_CAM_FRONT_30507c77_f224f268,G51-B,3,86277,15.526027375508127,0.028505482300289042,0.9252619966905681,0.5665563522706379
scene-0907_CAM_FRONT_30507c77_f224f268,G51-B,4,86341,15.64977249610457,0.025570895432621477,0.925156935361017,0.5669765975888424
scene-0908_CAM_FRONT_a4782f7a_10103847,G51-B,0,86700,14.414484532035178,0.023215621601365255,0.9252685630236651,0.5711002547737242
scene-0908_CAM_FRONT_a4782f7a_10103847,G51-B,1,85865,14.406218346713683,0.024046698325733473,0.9252094660257926,0.5642778346859979
scene-0908_CAM_FRONT_a4782f7a_10103847,G51-B,2,84850,14.367514143318964,0.027915414739397848,0.9251109710293384,0.5574094502665932
scene-0908_CAM_FRONT_a4782f7a_10103847,G51-B,3,80882,14.224320563386858,0.02889096216422038,0.9249599453681087,0.5314921335329499
scene-0908_CAM_FRONT_a4782f7a_10103847,G51-B,4,82725,14.256009835840054,0.03164388848491573,0.9250124760328842,0.5436398497622987
scene-0908_CAM_FRONT_3de1d789_c11fe9bc,G51-B,0,96087,15.39130887929459,0.02508259282152636,0.9249665117012056,0.6314776876001366
scene-0908_CAM_FRONT_3de1d789_c11fe9bc,G51-B,1,98210,15.456094326568264,0.027670294972907072,0.9252619966905681,0.6452013237727523
scene-0908_CAM_FRONT_3de1d789_c11fe9bc,G51-B,2,96351,15.718282866031027,0.02551254083748944,0.924795787040685,0.632987944212434
scene-0908_CAM_FRONT_3de1d789_c11fe9bc,G51-B,3,95788,15.616482173663027,0.022988463176425222,0.9243624090562866,0.6291269403514301
scene-0908_CAM_FRONT_3de1d789_c11fe9bc,G51-B,4,95422,15.481961927284814,0.023848108098626808,0.9227996217792136,0.6265726367767184
scene-0908_CAM_FRONT_3894f0cc_b82c2ddc,G51-B,0,109684,17.317767387997794,0.02476922437874851,0.923114805767867,0.7206747563890421
scene-0908_CAM_FRONT_3894f0cc_b82c2ddc,G51-B,1,109276,17.94473935081845,0.02853432779417764,0.9231542037664486,0.7185209991332441
scene-0908_CAM_FRONT_3894f0cc_b82c2ddc,G51-B,2,109604,17.63565433951965,0.027815285687692537,0.9228784177763769,0.7200049904131537
scene-0908_CAM_FRONT_3894f0cc_b82c2ddc,G51-B,3,106732,17.2957903893587,0.026856490672702238,0.9225894991201113,0.7014222677487983
scene-0908_CAM_FRONT_3894f0cc_b82c2ddc,G51-B,4,109312,18.164637595534998,0.021106317167119082,0.9216833451527329,0.7183765398051112
scene-0908_CAM_FRONT_7b173aed_3b3703bd,G51-B,0,117587,19.79256502291342,0.028229892193802897,0.9198382055524913,0.7723189661965172
scene-0908_CAM_FRONT_7b173aed_3b3703bd,G51-B,1,118229,20.245886779007378,0.041158138262831656,0.9200548945446905,0.7767775063693431
scene-0908_CAM_FRONT_7b173aed_3b3703bd,G51-B,2,118573,20.83216284814876,0.040312623923433044,0.9199498332151393,0.7826740734904
scene-0908_CAM_FRONT_7b173aed_3b3703bd,G51-B,3,115431,20.710358088834553,0.03887264190057538,0.9214732224936306,0.7608672812754446
scene-0908_CAM_FRONT_7b173aed_3b3703bd,G51-B,4,110078,21.54540424822064,0.04307038431370458,0.921801539148478,0.7271425944895332
scene-0908_CAM_FRONT_f2138747_564de1d8,G51-B,0,107313,25.500512584841626,0.07085536256488378,0.9241654190633782,0.7107267617471699
scene-0908_CAM_FRONT_f2138747_564de1d8,G51-B,1,107465,25.767193100358423,0.05150800082100604,0.918190055945158,0.719972158747669
scene-0908_CAM_FRONT_f2138747_564de1d8,G51-B,2,99340,25.84697214316988,0.057142504702828,0.9170737793186773,0.6675268563023665
scene-0908_CAM_FRONT_f2138747_564de1d8,G51-B,3,90167,26.05695498789121,0.04854136276045651,0.9109014262075487,0.6068079741549129
scene-0908_CAM_FRONT_f2138747_564de1d8,G51-B,4,85769,24.766698864923008,0.05532257632297588,0.905700890394768,0.5806477030966827
scene-0908_CAM_FRONT_55f7c299_3b3a21ce,G51-B,0,97945,38.407744117206235,0.05307963771203772,0.8956215690909568,0.6688204239224648
scene-0908_CAM_FRONT_55f7c299_3b3a21ce,G51-B,1,88046,37.782088858344125,0.0448390930510254,0.885509416121661,0.60343944527618
scene-0908_CAM_FRONT_55f7c299_3b3a21ce,G51-B,2,78910,39.5514381358468,0.05161630252947047,0.8855816457857274,0.5389449215979828
scene-0908_CAM_FRONT_55f7c299_3b3a21ce,G51-B,3,71600,39.017809984909455,0.06048651344545952,0.8915701415701416,0.4945171118640506
scene-0908_CAM_FRONT_55f7c299_3b3a21ce,G51-B,4,80298,35.805039883393135,0.04636535498293881,0.8962388044020697,0.5524453024453024
scene-0908_CAM_FRONT_f2c4526f_e388dd5b,G51-B,0,100191,33.37065997456394,0.07717697533468115,0.9141845927560214,0.680442833504058
scene-0908_CAM_FRONT_f2c4526f_e388dd5b,G51-B,1,97162,32.81709041388657,0.09637809285554089,0.9112822735271715,0.6660428650224569
scene-0908_CAM_FRONT_f2c4526f_e388dd5b,G51-B,2,108390,31.609570518308743,0.06661556229012833,0.8956478344233446,0.7516153179418485
scene-0908_CAM_FRONT_f2c4526f_e388dd5b,G51-B,3,97504,28.921493116902248,0.06135265123362621,0.8867832847424684,0.6907848081317469
scene-0908_CAM_FRONT_f2c4526f_e388dd5b,G51-B,4,105874,29.91265452179571,0.06573121989980457,0.8956937987550232,0.7378194521051664
scene-0908_CAM_FRONT_7000c2cc_30edd77d,G51-B,0,113215,26.173993749999998,0.06278177459481205,0.8862711107609067,0.7647939484674179
scene-0908_CAM_FRONT_7000c2cc_30edd77d,G51-B,1,112935,27.303718246257915,0.0455067643667979,0.8971252593701573,0.7755364694140204
scene-0908_CAM_FRONT_7000c2cc_30edd77d,G51-B,2,111207,26.611739504269458,0.05059558165902578,0.8829682452131432,0.7639271924986211
scene-0908_CAM_FRONT_7000c2cc_30edd77d,G51-B,3,96340,27.019725093984963,0.03884928747711469,0.8430055419851338,0.6740012607359546
scene-0908_CAM_FRONT_7000c2cc_30edd77d,G51-B,4,101403,27.6332430485972,0.03003651689088338,0.8575828014603525,0.6957358232868437
scene-0909_CAM_FRONT_3abf81a7_0084b0b7,G51-B,0,96559,29.131671035498893,0.04788843273536747,0.8229650933732566,0.6646114044073228
scene-0909_CAM_FRONT_3abf81a7_0084b0b7,G51-B,1,75278,28.677400145128725,0.036655776195048784,0.7115869513828698,0.5292333149476006
scene-0909_CAM_FRONT_3abf81a7_0084b0b7,G51-B,2,70222,29.668578213419558,0.030964999973734253,0.695814619284007,0.5003283166548472
scene-0909_CAM_FRONT_3abf81a7_0084b0b7,G51-B,3,73658,28.69239994517544,0.04659619729744846,0.6996493578126232,0.5334095027972579
scene-0909_CAM_FRONT_3abf81a7_0084b0b7,G51-B,4,72674,27.535221249329037,0.03702123594345896,0.7254550468836183,0.5535615790717832
scene-0909_CAM_FRONT_b485d79c_86f3094a,G51-B,0,74379,27.590646094503374,0.039851000907003,0.733058860609881,0.5116027105823024
scene-0909_CAM_FRONT_b485d79c_86f3094a,G51-B,1,66376,28.11155681022409,0.04346059902658417,0.7110879100675019,0.44220970241378404
scene-0909_CAM_FRONT_b485d79c_86f3094a,G51-B,2,61531,27.5022505144033,0.06577808224026871,0.6561933653770389,0.4190568119139548
scene-0909_CAM_FRONT_b485d79c_86f3094a,G51-B,3,62082,26.245214244631903,0.06438433267992161,0.677560213274499,0.41465080240590446
scene-0909_CAM_FRONT_b485d79c_86f3094a,G51-B,4,64057,27.690664645522393,0.07788756415429576,0.6991043521655766,0.43318756073858117
scene-0909_CAM_FRONT_8b3831ab_352c344b,G51-B,0,61609,26.715560600932612,0.04563712186985036,0.7141215559582906,0.41587870669503324
scene-0909_CAM_FRONT_8b3831ab_352c344b,G51-B,1,58677,27.088287896365042,0.05266064931168435,0.6887558112047908,0.4089512252777559
scene-0909_CAM_FRONT_8b3831ab_352c344b,G51-B,2,55934,27.43054691818684,0.03427932211672813,0.6852887873296036,0.3759554014656055
scene-0909_CAM_FRONT_8b3831ab_352c344b,G51-B,3,61611,27.309304391399422,0.04420254578559124,0.7150671079242508,0.4248811493709453
scene-0909_CAM_FRONT_8b3831ab_352c344b,G51-B,4,60082,26.64177592073658,0.037819083278995747,0.7025845087069577,0.42352191841987763
scene-0909_CAM_FRONT_6a1d73c7_0f5c4067,G51-B,0,57982,32.78018880208332,0.04432037336342942,0.6810797678144617,0.3868489480734379
scene-0909_CAM_FRONT_6a1d73c7_0f5c4067,G51-B,1,63777,30.52225880610972,0.056576279863366,0.7150605415911538,0.4370748299319728
scene-0909_CAM_FRONT_6a1d73c7_0f5c4067,G51-B,2,67609,31.769152926322047,0.0470719705648035,0.7666522207338534,0.4759934861975678
scene-0909_CAM_FRONT_6a1d73c7_0f5c4067,G51-B,3,73657,32.23543114206692,0.05161839001135249,0.7683988653376409,0.5222598691986448
scene-0909_CAM_FRONT_6a1d73c7_0f5c4067,G51-B,4,62875,32.43826716435932,0.03256831557125617,0.7219157933443647,0.42195256480970766
scene-0909_CAM_FRONT_6e9f5f9e_1a175086,G51-B,0,69363,48.50942535246727,0.026498852202487377,0.7187836524571218,0.4634320909831114
scene-0909_CAM_FRONT_6e9f5f9e_1a175086,G51-B,1,62672,44.91980488248752,0.048942129351746244,0.7074961258634728,0.41811125994799464
scene-0909_CAM_FRONT_6e9f5f9e_1a175086,G51-B,2,60355,44.702633445074774,0.03281992511115206,0.6954140729650934,0.405451369737084
scene-0909_CAM_FRONT_6e9f5f9e_1a175086,G51-B,3,55248,43.784466087443946,0.02213664873203469,0.6809418748194258,0.36295406193365376
scene-0909_CAM_FRONT_6e9f5f9e_1a175086,G51-B,4,57524,42.29057874177632,0.03134745848801557,0.693536101699367,0.37774801040107164
scene-0909_CAM_FRONT_86c585f2_b9382e94,G51-B,0,56333,37.84390454467939,0.04284170584526148,0.6656094870380584,0.3702426916712631
scene-0909_CAM_FRONT_86c585f2_b9382e94,G51-B,1,61206,37.21009868421053,0.044750557098439,0.7045544086360412,0.40465684343235364
scene-0909_CAM_FRONT_86c585f2_b9382e94,G51-B,2,64348,36.97958650190114,0.04047175156974703,0.7398024847004439,0.42541302235179784
scene-0909_CAM_FRONT_86c585f2_b9382e94,G51-B,3,58913,37.029806015693126,0.019675856978607964,0.7223360386625692,0.3868423817403409
scene-0909_CAM_FRONT_86c585f2_b9382e94,G51-B,4,60015,37.67405016167461,0.0344623872433214,0.7412602106479658,0.3963372993985239
scene-0909_CAM_FRONT_969ab515_60f5b50b,G51-B,0,60401,35.742069962387966,0.013085252762204291,0.7547540251621885,0.3966590497202742
scene-0909_CAM_FRONT_969ab515_60f5b50b,G51-B,1,63484,34.67479411101084,0.026503418398749146,0.7887938959367531,0.41706721298558036
scene-0909_CAM_FRONT_969ab515_60f5b50b,G51-B,2,66108,36.25630445075756,0.03666592200517926,0.7935282220996507,0.4359322879731043
scene-0909_CAM_FRONT_969ab515_60f5b50b,G51-B,3,65335,34.6134977827051,0.028241397316176364,0.7977832059464712,0.42901793922202086
scene-0909_CAM_FRONT_969ab515_60f5b50b,G51-B,4,65501,35.583068385968225,0.035025640768766575,0.8160179129566885,0.43010138418301685
scene-0909_CAM_FRONT_0fbeb606_47ae0878,G51-B,0,62865,31.25007201466481,0.035284750168927737,0.8339505686444462,0.4130157854647651
scene-0909_CAM_FRONT_0fbeb606_47ae0878,G51-B,1,61760,31.223170080850302,0.02678121852700155,0.8396829774380795,0.40558926273211987
scene-0909_CAM_FRONT_0fbeb606_47ae0878,G51-B,2,64120,32.09818269039074,0.025195941354748452,0.8549365692222836,0.42112520683949256
scene-0909_CAM_FRONT_0fbeb606_47ae0878,G51-B,3,64284,32.459037860009445,0.020413253120246555,0.8631707509258529,0.4223859427941061
scene-0909_CAM_FRONT_0fbeb606_47ae0878,G51-B,4,62197,32.19387391945664,0.02966345612095722,0.8738279095421952,0.4087673679510414
scene-0910_CAM_FRONT_43da5026_525a91b1,G51-B,0,64367,31.60506701830005,0.025670247003208413,0.8748325585060279,0.42334462742626006
scene-0910_CAM_FRONT_43da5026_525a91b1,G51-B,1,64579,33.20678410588752,0.029379620227455217,0.8800002626533239,0.42509783836314446
scene-0910_CAM_FRONT_43da5026_525a91b1,G51-B,2,64805,32.94989305723804,0.022763354780866774,0.8880702860294697,0.42629291098678856
scene-0910_CAM_FRONT_43da5026_525a91b1,G51-B,3,65365,33.58599178362981,0.034979253478962136,0.8953392167677882,0.4295498122028734
scene-0910_CAM_FRONT_43da5026_525a91b1,G51-B,4,65874,34.2828796847763,0.042067893843509285,0.9016166312084679,0.43292490741470335
scene-0910_CAM_FRONT_b7750984_7f72c0bb,G51-B,0,69750,31.254319494710465,0.030190182246456754,0.9079991069786988,0.45864523415543823
scene-0910_CAM_FRONT_b7750984_7f72c0bb,G51-B,1,70295,30.161712160262415,0.03659630245315704,0.9124576471515247,0.463116906994458
scene-0910_CAM_FRONT_b7750984_7f72c0bb,G51-B,2,72646,30.69324863707165,0.04075935178388823,0.9169490189898353,0.47783862579780945
scene-0910_CAM_FRONT_b7750984_7f72c0bb,G51-B,3,76255,32.56980298913043,0.03728685943459098,0.9192472355737662,0.5026068342394873
scene-0910_CAM_FRONT_b7750984_7f72c0bb,G51-B,4,76810,31.915891232423498,0.029234875047157383,0.9182425866099335,0.5056207811309852
scene-0910_CAM_FRONT_6fc78b00_8119ac63,G51-B,0,68561,27.47843374727073,0.018741291590399722,0.9172051059806162,0.4505686444461955
scene-0910_CAM_FRONT_6fc78b00_8119ac63,G51-B,1,68459,28.749891223272,0.032734851384141894,0.9171394426496468,0.4496559241457201
scene-0910_CAM_FRONT_6fc78b00_8119ac63,G51-B,2,67865,29.74486359478281,0.028982034867928608,0.9170146823208047,0.4457358232868437
scene-0910_CAM_FRONT_6fc78b00_8119ac63,G51-B,3,70886,29.718417950095507,0.042183710878485714,0.9208362881832269,0.46590103222756285
scene-0910_CAM_FRONT_6fc78b00_8119ac63,G51-B,4,73389,31.246992427147244,0.06486558978234402,0.9288931788931789,0.48211987497701786
scene-0910_CAM_FRONT_e1d7a25b_dcabeaa4,G51-B,0,82655,32.15206775143221,0.055854066181082906,0.9256953746749665,0.5435741864313293
scene-0910_CAM_FRONT_e1d7a25b_dcabeaa4,G51-B,1,80245,33.28193608356939,0.06619606098046615,0.9256953746749665,0.5274801040107162
scene-0910_CAM_FRONT_e1d7a25b_dcabeaa4,G51-B,2,80047,33.953258805248616,0.08191324228971242,0.9183542142725816,0.5283205946471252
scene-0910_CAM_FRONT_e1d7a25b_dcabeaa4,G51-B,3,82954,35.36781303236797,0.05523575166505257,0.9166732329997637,0.5503309431880861
scene-0910_CAM_FRONT_e1d7a25b_dcabeaa4,G51-B,4,88661,34.33333767361111,0.05191753853108905,0.9280789535891577,0.5858613715756573
scene-0910_CAM_FRONT_7af93e67_302c9592,G51-B,0,110897,34.87810030933213,0.10271150999299783,0.9242245160612508,0.7371168544637933
scene-0910_CAM_FRONT_7af93e67_302c9592,G51-B,1,110575,35.37501065534643,0.11793851665948374,0.9275470806083052,0.7291715914164894
scene-0910_CAM_FRONT_7af93e67_302c9592,G51-B,2,109704,36.26374927995392,0.0902493004982523,0.9323733354345599,0.7274183804796049
scene-0910_CAM_FRONT_7af93e67_302c9592,G51-B,3,106405,35.94770811943875,0.09477144972496321,0.9289194442255667,0.698697239513566
scene-0910_CAM_FRONT_7af93e67_302c9592,G51-B,4,102457,36.63364005359395,0.10812165641601812,0.9216439471541512,0.6727667901137289
scene-0910_CAM_FRONT_51d189d9_8e891ad6,G51-B,0,118936,38.79248679277437,0.052085599970788765,0.9112691408609775,0.8060830509810102
scene-0910_CAM_FRONT_51d189d9_8e891ad6,G51-B,1,115705,39.35627662309049,0.06146855462209855,0.9047159404302262,0.7786292123026817
scene-0910_CAM_FRONT_51d189d9_8e891ad6,G51-B,2,114082,41.469598127431915,0.06371001485108874,0.9046371444330628,0.775464239749954
scene-0910_CAM_FRONT_51d189d9_8e891ad6,G51-B,3,113112,40.838917868900076,0.0620073467476856,0.9067252383578914,0.7546949281643159
scene-0910_CAM_FRONT_51d189d9_8e891ad6,G51-B,4,114801,42.08641214622641,0.059400356879312,0.9116105901820187,0.7690095343156568
scene-0910_CAM_FRONT_aa9468f8_0562be5d,G51-B,0,113475,35.711450619768186,0.04611442724335424,0.9139219394321435,0.7641241824915295
scene-0910_CAM_FRONT_aa9468f8_0562be5d,G51-B,1,113170,36.08982044301909,0.07388815296690687,0.9130617497964437,0.7582801460352481
scene-0910_CAM_FRONT_aa9468f8_0562be5d,G51-B,2,109395,34.9536538622654,0.07326439057548573,0.9113939011898196,0.723820029942479
scene-0910_CAM_FRONT_aa9468f8_0562be5d,G51-B,3,107929,38.7872728524229,0.06388837813118453,0.9117353505108607,0.7179037638221312
scene-0910_CAM_FRONT_aa9468f8_0562be5d,G51-B,4,102168,39.56337119654606,0.08387028670975738,0.910251359230951,0.6788472145615003
scene-0910_CAM_FRONT_4299ad6c_254812b1,G51-B,0,88140,35.189570078592816,0.05388053558932504,0.909299240931894,0.579281905812518
scene-0910_CAM_FRONT_4299ad6c_254812b1,G51-B,1,78751,35.15208828775267,0.044836867721191,0.9073030756704226,0.5174992777033594
scene-0910_CAM_FRONT_4299ad6c_254812b1,G51-B,2,77659,37.57501623624694,0.06388783503143758,0.9058584823890946,0.5113400572584246
scene-0910_CAM_FRONT_4299ad6c_254812b1,G51-B,3,76929,38.741551535087716,0.05442039958209266,0.9033041788143829,0.5060607254484806
scene-0910_CAM_FRONT_4299ad6c_254812b1,G51-B,4,83503,40.47976317663817,0.06936697605657072,0.9028576681637906,0.548656528248365
scene-0911_CAM_FRONT_d056b9bd_45df585a,G51-B,0,115610,38.559881576946474,0.06484235898393731,0.8998634202715835,0.7765017203792715
scene-0911_CAM_FRONT_d056b9bd_45df585a,G51-B,1,117379,39.47824858757061,0.06163044827001807,0.8969611010427337,0.7849985554067187
scene-0911_CAM_FRONT_d056b9bd_45df585a,G51-B,2,121860,40.56925248313343,0.07400455749608859,0.8958382580831561,0.8118351587739343
scene-0911_CAM_FRONT_d056b9bd_45df585a,G51-B,3,121080,39.3069529835546,0.06022707208583822,0.8902962729493342,0.8023139757833635
scene-0911_CAM_FRONT_d056b9bd_45df585a,G51-B,4,117222,36.74868189102565,0.023393162838180714,0.880230084311717,0.7739342841383657
scene-0911_CAM_FRONT_c0d6f63b_728c7262,G51-B,0,119141,33.994954643808256,0.028549994300365533,0.8777283114017808,0.8137525280382423
scene-0911_CAM_FRONT_c0d6f63b_728c7262,G51-B,1,117488,34.6852797627188,0.042197863382160916,0.8795209203372468,0.8064967299661178
scene-0911_CAM_FRONT_c0d6f63b_728c7262,G51-B,2,118798,34.991606344161944,0.030841870714406694,0.8863105087594884,0.8241273343314159
scene-0911_CAM_FRONT_c0d6f63b_728c7262,G51-B,3,116694,34.6140850631769,0.036723515959930175,0.8714246316287133,0.7888267276022378
scene-0911_CAM_FRONT_c0d6f63b_728c7262,G51-B,4,111980,34.582285441567066,0.020585780612778493,0.8536167362697975,0.7533816615449268
scene-0911_CAM_FRONT_36decc5f_74843887,G51-B,0,111141,30.534876480883142,0.03556839126716538,0.8619100149712394,0.7345625508890815
scene-0911_CAM_FRONT_36decc5f_74843887,G51-B,1,110119,31.661333287444933,0.0336604472395452,0.8640572058939406,0.7323168649699262
scene-0911_CAM_FRONT_36decc5f_74843887,G51-B,2,107661,31.26288894643953,0.029341292475174363,0.8630328579308171,0.7130118456649069
scene-0911_CAM_FRONT_36decc5f_74843887,G51-B,3,104393,31.840591845756254,0.039570605082822397,0.8567094791584587,0.6914742731069262
scene-0911_CAM_FRONT_36decc5f_74843887,G51-B,4,101718,30.974716130921394,0.030010317215654725,0.8687521340582565,0.6732198670974181
scene-0911_CAM_FRONT_51c1eef6_07484c62,G51-B,0,110412,33.545399008276256,0.04977558327033149,0.8738410422083891,0.7337483255850603
scene-0911_CAM_FRONT_51c1eef6_07484c62,G51-B,1,110990,35.58196249999999,0.07474238827157786,0.8822131169069944,0.7379573451002023
scene-0911_CAM_FRONT_51c1eef6_07484c62,G51-B,2,110550,34.7881882334001,0.06061213903494056,0.8807488246263756,0.7351600872009035
scene-0911_CAM_FRONT_51c1eef6_07484c62,G51-B,3,105759,35.09228542004322,0.05183674854880538,0.8808932839545085,0.7014025687495076
scene-0911_CAM_FRONT_51c1eef6_07484c62,G51-B,4,108676,38.36524015689756,0.0662578827947875,0.873145010900113,0.7226774879836104
scene-0911_CAM_FRONT_bbd330e5_2ec05dce,G51-B,0,111375,37.271097560975605,0.06471395779184208,0.877209571087122,0.745436398497623
scene-0911_CAM_FRONT_bbd330e5_2ec05dce,G51-B,1,114444,36.21496073106283,0.04826645987452194,0.8740708638667822,0.7726735481837522
scene-0911_CAM_FRONT_bbd330e5_2ec05dce,G51-B,2,111774,36.76959162135088,0.05949243747923849,0.8642935938854306,0.7593832899955348
scene-0911_CAM_FRONT_bbd330e5_2ec05dce,G51-B,3,110206,35.30326416015624,0.03907556888490693,0.868693037060384,0.7464738791269403
scene-0911_CAM_FRONT_bbd330e5_2ec05dce,G51-B,4,109235,35.958459987593045,0.05247091252267744,0.8811822026107741,0.7355475008536233
scene-0911_CAM_FRONT_157dcf34_8c72fbe5,G51-B,0,108469,33.57983086527294,0.06096507774312121,0.8725212092559032,0.726453129514354
scene-0911_CAM_FRONT_157dcf34_8c72fbe5,G51-B,1,103523,31.594008811633284,0.04022709907347766,0.8572544848055053,0.698460851522076
scene-0911_CAM_FRONT_157dcf34_8c72fbe5,G51-B,2,90074,32.15441334575688,0.02503523235369065,0.8143697633493552,0.6231647098994038
scene-0911_CAM_FRONT_157dcf34_8c72fbe5,G51-B,3,85089,33.48410773026316,0.03825060921153778,0.7760880413941639,0.5815472907309642
scene-0911_CAM_FRONT_157dcf34_8c72fbe5,G51-B,4,82113,33.04650640814444,0.03637085555657693,0.7877564153074357,0.5762416935886323
scene-0911_CAM_FRONT_80e281bf_098e9762,G51-B,0,98680,35.14250244306595,0.03335902030650262,0.79853833425262,0.6990780868331888
scene-0911_CAM_FRONT_80e281bf_098e9762,G51-B,1,97953,35.91573403949387,0.023535641294933907,0.7874543639849763,0.6821697791085546
scene-0911_CAM_FRONT_80e281bf_098e9762,G51-B,2,99333,35.20944456603301,0.026765955728918378,0.806936674283613,0.6653730990465684
scene-0911_CAM_FRONT_80e281bf_098e9762,G51-B,3,101676,34.727673356141516,0.03292203540873895,0.828815696162635,0.6827147847556011
scene-0911_CAM_FRONT_80e281bf_098e9762,G51-B,4,103670,34.494813231724734,0.043923102440901474,0.837568618180863,0.6959196806135581
scene-0911_CAM_FRONT_a7cd913c_93780af3,G51-B,0,101032,33.824697301660514,0.035444155602599725,0.8322104903737557,0.6684855409345205
scene-0911_CAM_FRONT_a7cd913c_93780af3,G51-B,1,104555,36.09492533185841,0.024490583896022322,0.8291571454836761,0.69737740656108
scene-0911_CAM_FRONT_a7cd913c_93780af3,G51-B,2,103988,35.56971153846153,0.03650441929930137,0.8377459091744806,0.7049877866204397
scene-0911_CAM_FRONT_a7cd913c_93780af3,G51-B,3,101286,36.34182372207904,0.04052650190057405,0.8369251175373624,0.6865495232842171
scene-0911_CAM_FRONT_a7cd913c_93780af3,G51-B,4,94294,35.892768415933695,0.05026799528280246,0.8345940692879469,0.6317075092585297
scene-0912_CAM_FRONT_8487e4c9_56a6c249,G51-B,0,84152,33.35984531772575,0.046295985709482235,0.6680981272818007,0.564632416673233
scene-0912_CAM_FRONT_8487e4c9_56a6c249,G51-B,1,83612,32.222429627862596,0.040775910120280257,0.665911538360518,0.5615922044493473
scene-0912_CAM_FRONT_8487e4c9_56a6c249,G51-B,2,71315,31.930221803160922,0.05600484509495107,0.6092769153993643,0.49195624195624194
scene-0912_CAM_FRONT_8487e4c9_56a6c249,G51-B,3,68039,32.61834173070891,0.057704102680620206,0.5782575578493946,0.4543377196438421
scene-0912_CAM_FRONT_8487e4c9_56a6c249,G51-B,4,68132,32.183166678591874,0.060261174873246004,0.5877787408399653,0.4598403067790823
scene-0912_CAM_FRONT_e7afb9a4_60ecb3e1,G51-B,0,67656,34.157295673076916,0.06930895920021896,0.5759659075985607,0.4553883329393533
scene-0912_CAM_FRONT_e7afb9a4_60ecb3e1,G51-B,1,70074,35.652597585740075,0.0648377687319508,0.5771741128883986,0.4756454705434297
scene-0912_CAM_FRONT_e7afb9a4_60ecb3e1,G51-B,2,69112,35.435461956521735,0.041602539121267545,0.564632416673233,0.45950542379113807
scene-0912_CAM_FRONT_e7afb9a4_60ecb3e1,G51-B,3,70503,36.626764752538065,0.042894914335672496,0.5617760617760618,0.46871798912615237
scene-0912_CAM_FRONT_e7afb9a4_60ecb3e1,G51-B,4,71647,36.910373130012324,0.041509621747421566,0.5670619599191028,0.48062931736401127
scene-0912_CAM_FRONT_44183eea_2f1fd75c,G51-B,0,69931,33.15604347285389,0.05550498573002205,0.5679615475533842,0.4687508207916371
scene-0912_CAM_FRONT_44183eea_2f1fd75c,G51-B,1,68551,32.31106018266085,0.05182578597926524,0.5660376119559793,0.4508115987707824
scene-0912_CAM_FRONT_44183eea_2f1fd75c,G51-B,2,68894,32.58078462166384,0.05098722881616169,0.5719013474115515,0.4560515325821448
scene-0912_CAM_FRONT_44183eea_2f1fd75c,G51-B,3,66480,30.919875820605576,0.04629154637555377,0.581455362067607,0.44394978068447455
scene-0912_CAM_FRONT_44183eea_2f1fd75c,G51-B,4,67565,33.57123896726011,0.04276799632724071,0.573996007669477,0.4436805610274998
scene-0912_CAM_FRONT_41ce9907_3acae4c6,G51-B,0,61845,34.509056260118726,0.03447525264927265,0.5714876684264439,0.4079662753132141
scene-0912_CAM_FRONT_41ce9907_3acae4c6,G51-B,1,63539,33.23479887964629,0.039699111119665176,0.5788682268274105,0.42318046909883644
scene-0912_CAM_FRONT_41ce9907_3acae4c6,G51-B,2,65165,34.24355908956109,0.05076782282500769,0.5826767000236388,0.4397013631707509
scene-0912_CAM_FRONT_41ce9907_3acae4c6,G51-B,3,63326,32.820483927004105,0.03641896409708689,0.574245528327161,0.41978567488771573
scene-0912_CAM_FRONT_41ce9907_3acae4c6,G51-B,4,62547,33.42380151566757,0.062168402777122544,0.5737793186772778,0.4163383500118194
scene-0912_CAM_FRONT_bf066d5f_83d3ee0e,G51-B,0,68106,37.22862284238822,0.05958971509823319,0.5802274577784782,0.4658616342289812
scene-0912_CAM_FRONT_bf066d5f_83d3ee0e,G51-B,1,65188,38.11364175671728,0.07562367171952333,0.5763598875843774,0.4441139390118982
scene-0912_CAM_FRONT_bf066d5f_83d3ee0e,G51-B,2,65851,39.79048097067038,0.08176472564495896,0.5707719381188769,0.44352953536627004
scene-0912_CAM_FRONT_bf066d5f_83d3ee0e,G51-B,3,63716,36.83015643701375,0.09197073433654235,0.5749284269692433,0.4273829222808815
scene-0912_CAM_FRONT_bf066d5f_83d3ee0e,G51-B,4,63867,36.18523089171975,0.07986528802702031,0.5841278596380637,0.42967457253171537
scene-0912_CAM_FRONT_cbb78ba0_0412bd89,G51-B,0,72153,34.382051970313434,0.0635292395744993,0.5956977385548814,0.48581672051059804
scene-0912_CAM_FRONT_cbb78ba0_0412bd89,G51-B,1,71793,34.787444784562936,0.08142769446620246,0.5944107372678801,0.47942767840727024
scene-0912_CAM_FRONT_cbb78ba0_0412bd89,G51-B,2,72938,35.839318347953224,0.065347191879912,0.6081803377721745,0.48892916239855017
scene-0912_CAM_FRONT_cbb78ba0_0412bd89,G51-B,3,71581,34.41499048001677,0.07462280322521764,0.6211882436372232,0.4784098967772437
scene-0912_CAM_FRONT_cbb78ba0_0412bd89,G51-B,4,70638,35.13908117356865,0.07374650734019661,0.6378207653717858,0.46947968376539806
scene-0912_CAM_FRONT_d35d70df_01653ee2,G51-B,0,77843,34.35426046080509,0.06942084912945257,0.6496664302786752,0.5467588579833478
scene-0912_CAM_FRONT_d35d70df_01653ee2,G51-B,1,76701,33.26559704375408,0.07412967369018642,0.6525293515089433,0.5627544454075066
scene-0912_CAM_FRONT_d35d70df_01653ee2,G51-B,2,78311,31.819779829545457,0.06513755945320732,0.6499093846032622,0.593589945630762
scene-0912_CAM_FRONT_d35d70df_01653ee2,G51-B,3,80010,32.035406232609894,0.06444212475977174,0.6470267643737031,0.6333490925327661
scene-0912_CAM_FRONT_d35d70df_01653ee2,G51-B,4,76371,33.326082912784685,0.048958875355558984,0.6417080345651774,0.6303088803088803
scene-0912_CAM_FRONT_2ef0e6bf_66dcc398,G51-B,0,74020,28.428509576202114,0.023899513044954857,0.6464292280618811,0.5653744123131879
scene-0912_CAM_FRONT_2ef0e6bf_66dcc398,G51-B,1,78908,28.809471269650107,0.04031565239709378,0.6335263835263836,0.5875226538491845
scene-0912_CAM_FRONT_2ef0e6bf_66dcc398,G51-B,2,76713,28.36013206982314,0.03487734332157544,0.6307882226249574,0.5463648779975311
scene-0912_CAM_FRONT_2ef0e6bf_66dcc398,G51-B,3,80521,27.69523981592239,0.028129399382271547,0.6485041893205159,0.5544086360412891
scene-0912_CAM_FRONT_2ef0e6bf_66dcc398,G51-B,4,79278,27.86426642078844,0.02122762672941736,0.662543009481785,0.547343261628976
scene-0913_CAM_FRONT_1f048fa2_1e6f6e90,G51-B,0,61839,39.21217566035218,0.030807037322359676,0.6056851311953353,0.406055472382003
scene-0913_CAM_FRONT_1f048fa2_1e6f6e90,G51-B,1,63942,38.7108244119421,0.05307088888913469,0.6064205605021932,0.4204094765319255
scene-0913_CAM_FRONT_1f048fa2_1e6f6e90,G51-B,2,64141,39.957816933322825,0.0440689472942819,0.6104194573582329,0.42338402542484177
scene-0913_CAM_FRONT_1f048fa2_1e6f6e90,G51-B,3,63704,40.51519218969143,0.06061057507075396,0.6330142095448218,0.4225698001208205
scene-0913_CAM_FRONT_1f048fa2_1e6f6e90,G51-B,4,64805,41.88132648601398,0.062361743383027246,0.6452604207706248,0.43547921098941506
scene-0913_CAM_FRONT_3ace3074_d2bfb598,G51-B,0,62533,38.997677965097914,0.03800561735234442,0.6560883040474877,0.41688335565886586
scene-0913_CAM_FRONT_3ace3074_d2bfb598,G51-B,1,63999,39.55605286701065,0.04522747727140475,0.6601528642344969,0.42742232027946314
scene-0913_CAM_FRONT_3ace3074_d2bfb598,G51-B,2,61278,38.907889069678404,0.06658715873208765,0.6458973550810285,0.40274604050114254
scene-0913_CAM_FRONT_3ace3074_d2bfb598,G51-B,3,59920,37.86338742493679,0.04362406065589908,0.6411367635857432,0.3980905103354083
scene-0913_CAM_FRONT_3ace3074_d2bfb598,G51-B,4,58631,37.956817675316955,0.05817884874521573,0.6520171775273816,0.38499067580700236
scene-0913_CAM_FRONT_a68a0818_0071536e,G51-B,0,68084,33.250880281690144,0.04823979929892386,0.6491608226302104,0.4561040632469204
scene-0913_CAM_FRONT_a68a0818_0071536e,G51-B,1,66156,33.40286023748396,0.05778524003796037,0.6462913350668452,0.4483886218580096
scene-0913_CAM_FRONT_a68a0818_0071536e,G51-B,2,65585,32.65807787449899,0.050513739746023134,0.6430213011845665,0.4470819215717175
scene-0913_CAM_FRONT_a68a0818_0071536e,G51-B,3,63440,32.47538285488246,0.06162441088520865,0.6283258477136028,0.44105402778872166
scene-0913_CAM_FRONT_a68a0818_0071536e,G51-B,4,62644,32.158868329367785,0.0353489449638289,0.6110301263362488,0.44170409476531924
scene-0913_CAM_FRONT_1ad48393_3608204a,G51-B,0,56534,35.93303286716473,0.020822112456751363,0.6330142095448218,0.371221075302708
scene-0913_CAM_FRONT_1ad48393_3608204a,G51-B,1,58634,35.27340538583707,0.03946134829617498,0.6608226302103853,0.3850103748062932
scene-0913_CAM_FRONT_1ad48393_3608204a,G51-B,2,54073,32.71771186652035,0.02314027378603223,0.6420297848869277,0.35506132955112546
scene-0913_CAM_FRONT_1ad48393_3608204a,G51-B,3,52555,34.75527704485488,0.02870107999529159,0.6357064061145694,0.34509363590996245
scene-0913_CAM_FRONT_1ad48393_3608204a,G51-B,4,51812,35.603417158583284,0.03272655244739031,0.6330010768786279,0.34075328973288155
scene-0913_CAM_FRONT_81530763_ce9df8d8,G51-B,0,55621,46.16983838013411,0.02934886890119559,0.6446234864602212,0.3652260131851969
scene-0913_CAM_FRONT_81530763_ce9df8d8,G51-B,1,56224,43.20437826694303,0.04233625091723203,0.6710070128437475,0.37214692826937723
scene-0913_CAM_FRONT_81530763_ce9df8d8,G51-B,2,55249,43.740254579741375,0.04033449964400404,0.6625758411472698,0.36278333727313317
scene-0913_CAM_FRONT_81530763_ce9df8d8,G51-B,3,53809,45.21363753127233,0.03345807217902674,0.6529824284926325,0.3533278176135319
scene-0913_CAM_FRONT_81530763_ce9df8d8,G51-B,4,55966,43.535091102401616,0.04591568315214367,0.6572702440049378,0.3767302287710451
scene-0913_CAM_FRONT_3b156a67_5e2aad67,G51-B,0,57223,49.40792155903458,0.026254027105893307,0.6597588842486801,0.3757715441388911
scene-0913_CAM_FRONT_3b156a67_5e2aad67,G51-B,1,56051,52.02540240094744,0.030796635682916573,0.6693391642371235,0.3681545977464345
scene-0913_CAM_FRONT_3b156a67_5e2aad67,G51-B,2,56135,49.17476901019541,0.031131924641049302,0.6773303916161059,0.36860767473012374
scene-0913_CAM_FRONT_3b156a67_5e2aad67,G51-B,3,53541,49.98173373694207,0.029522158459388326,0.673594148083944,0.35156804034355055
scene-0913_CAM_FRONT_3b156a67_5e2aad67,G51-B,4,53261,48.90848837521479,0.036908790847614004,0.6745265673837102,0.3533869146114044
scene-0913_CAM_FRONT_13783448_e60fea72,G51-B,0,61289,57.45390545361873,0.0382229081585006,0.6800948178499199,0.4057008903947679
scene-0913_CAM_FRONT_13783448_e60fea72,G51-B,1,59262,59.80529449656449,0.04180592451569343,0.6879547185669634,0.38913403199117486
scene-0913_CAM_FRONT_13783448_e60fea72,G51-B,2,59707,57.42956590466925,0.034549706598177465,0.7065374412313188,0.3920560502193155
scene-0913_CAM_FRONT_13783448_e60fea72,G51-B,3,62517,54.70157124237028,0.02897647833051531,0.71827147847556,0.4137709137709138
scene-0913_CAM_FRONT_13783448_e60fea72,G51-B,4,60040,54.24584833115185,0.028661570275688497,0.7312268536758333,0.40401990912194996
scene-0913_CAM_FRONT_72fb4e43_98ce1160,G51-B,0,61331,53.15573426039119,0.04080090906795242,0.7299004543902503,0.40422346544795523
scene-0913_CAM_FRONT_72fb4e43_98ce1160,G51-B,1,58788,54.29030489943874,0.028369498181996633,0.7254616132167152,0.388398602684317
scene-0913_CAM_FRONT_72fb4e43_98ce1160,G51-B,2,57197,54.33314885169104,0.03836462629904247,0.7317981246552675,0.37600136579728416
scene-0913_CAM_FRONT_72fb4e43_98ce1160,G51-B,3,57668,54.17518939393939,0.04634806865338836,0.7477543140808447,0.3797047776639613
scene-0913_CAM_FRONT_72fb4e43_98ce1160,G51-B,4,59653,53.65068151595745,0.03164287833916246,0.7688585086544271,0.39359913849709766
scene-0914_CAM_FRONT_f8de6e9a_10e6d207,G51-B,0,96297,40.502096954576736,0.05855655926736825,0.8269639902292963,0.6355553804533396
scene-0914_CAM_FRONT_f8de6e9a_10e6d207,G51-B,1,97570,42.21287483927259,0.09922611851468832,0.8193864418354214,0.646199406403488
scene-0914_CAM_FRONT_f8de6e9a_10e6d207,G51-B,2,98676,40.08926358786963,0.07070292407946988,0.8187823391905025,0.6557928190581251
scene-0914_CAM_FRONT_f8de6e9a_10e6d207,G51-B,3,95163,41.99025407700066,0.06666351256597292,0.8091166968717989,0.6254826254826255
scene-0914_CAM_FRONT_f8de6e9a_10e6d207,G51-B,4,90262,39.37836669921875,0.04177444363521032,0.7987221915793344,0.5931697003125574
scene-0914_CAM_FRONT_f9fe6f80_1424390f,G51-B,0,100682,35.11637576026356,0.09465325005554659,0.7953273973682137,0.6664237123420796
scene-0914_CAM_FRONT_f9fe6f80_1424390f,G51-B,1,102130,35.07678260448917,0.0933874738871181,0.789404564914769,0.6794972815380979
scene-0914_CAM_FRONT_f9fe6f80_1424390f,G51-B,2,96136,33.44793917458946,0.07332848518807245,0.7786817429674573,0.6430935308486329
scene-0914_CAM_FRONT_f9fe6f80_1424390f,G51-B,3,96332,34.13181124281609,0.0666914773858116,0.7715966695558533,0.6466590497202742
scene-0914_CAM_FRONT_f9fe6f80_1424390f,G51-B,4,96094,32.25902184235516,0.06977067999690822,0.7794171722743152,0.648970398970399
scene-0914_CAM_FRONT_9a99dae6_614cb312,G51-B,0,91891,28.921499624624627,0.0464172631989177,0.7973957922937515,0.6240642975336853
scene-0914_CAM_FRONT_9a99dae6_614cb312,G51-B,1,94572,28.7585306279274,0.04949114926281273,0.7892929372521209,0.6444133638011189
scene-0914_CAM_FRONT_9a99dae6_614cb312,G51-B,2,95106,26.5176499596173,0.04305635141516184,0.7991752685630237,0.6531006224883776
scene-0914_CAM_FRONT_9a99dae6_614cb312,G51-B,3,93689,26.116510623346567,0.04000782311434348,0.7780579413232475,0.6377813673732041
scene-0914_CAM_FRONT_9a99dae6_614cb312,G51-B,4,95655,25.617851630791087,0.03338065769223553,0.7841055341055341,0.6512160848895543
scene-0914_CAM_FRONT_1c7ffbf1_16767ec4,G51-B,0,96203,21.806893661437243,0.038977708101729736,0.8047763506947181,0.6486486486486487
scene-0914_CAM_FRONT_1c7ffbf1_16767ec4,G51-B,1,97570,21.465498200261777,0.03024307383308411,0.8018674651327713,0.6566070443621465
scene-0914_CAM_FRONT_1c7ffbf1_16767ec4,G51-B,2,94962,22.360927531309077,0.06253102883921713,0.7928059254589866,0.6412352585821973
scene-0914_CAM_FRONT_1c7ffbf1_16767ec4,G51-B,3,90214,22.764412860901245,0.03494745523429166,0.7823851548341344,0.6025464239749954
scene-0914_CAM_FRONT_1c7ffbf1_16767ec4,G51-B,4,84433,22.5811385512775,0.055711120561453775,0.7541105245186878,0.5673640112415622
scene-0914_CAM_FRONT_6d1c615e_e0513430,G51-B,0,77159,25.21917606187729,0.05847808159815804,0.7346938775510204,0.5066582617603026
scene-0914_CAM_FRONT_6d1c615e_e0513430,G51-B,1,78331,25.584778341506684,0.06018064943110213,0.7321264413101147,0.5143999684816012
scene-0914_CAM_FRONT_6d1c615e_e0513430,G51-B,2,83002,25.360725261684507,0.053759348617636205,0.7312202873427364,0.5494050902214167
scene-0914_CAM_FRONT_6d1c615e_e0513430,G51-B,3,75673,23.918681437644345,0.04739869258554208,0.7360202768366033,0.5012607359546135
scene-0914_CAM_FRONT_6d1c615e_e0513430,G51-B,4,75352,23.686208155064755,0.033581904577657085,0.7520749612586347,0.5089105140125548
scene-0914_CAM_FRONT_a6389047_67fa7b67,G51-B,0,92804,21.713195800781246,0.04037313973537393,0.7681624773461508,0.6470924277046726
scene-0914_CAM_FRONT_a6389047_67fa7b67,G51-B,1,95521,22.10877266469243,0.049636045901022996,0.7886757019410081,0.6685380715992961
scene-0914_CAM_FRONT_a6389047_67fa7b67,G51-B,2,91876,22.012450948098074,0.05617349690647333,0.7890302839282431,0.6418459275602133
scene-0914_CAM_FRONT_a6389047_67fa7b67,G51-B,3,89843,21.37401014088503,0.04592126245880257,0.7773487773487774,0.6425353925353925
scene-0914_CAM_FRONT_a6389047_67fa7b67,G51-B,4,89244,21.885570932280796,0.04414033618210311,0.7628765792031098,0.6440981798124655
scene-0914_CAM_FRONT_8a39538c_98605ed7,G51-B,0,88461,20.621716460368564,0.018523088717094627,0.7841383657710188,0.593589945630762
scene-0914_CAM_FRONT_8a39538c_98605ed7,G51-B,1,95128,20.059773234577918,0.020210658443353013,0.7667572820634045,0.6366191264150448
scene-0914_CAM_FRONT_8a39538c_98605ed7,G51-B,2,105654,19.69328077842052,0.020463539900802852,0.8167139442649647,0.7045741076353321
scene-0914_CAM_FRONT_8a39538c_98605ed7,G51-B,3,105803,20.334447323245172,0.01707636234322729,0.8319478370498778,0.7067803955559058
scene-0914_CAM_FRONT_8a39538c_98605ed7,G51-B,4,106252,22.0148287783101,0.01535768936146309,0.8223806897276285,0.7089341528117038
scene-0914_CAM_FRONT_b8a345e3_8a3346bb,G51-B,0,99956,19.440759060650887,0.04977467142909586,0.8016442098074751,0.6655306910408951
scene-0914_CAM_FRONT_b8a345e3_8a3346bb,G51-B,1,91866,19.62788040303738,0.03899699095082809,0.7723517978620019,0.608114674441205
scene-0914_CAM_FRONT_b8a345e3_8a3346bb,G51-B,2,80543,19.55833057468221,0.050849511381231505,0.7231042996349119,0.5336590234549419
scene-0914_CAM_FRONT_b8a345e3_8a3346bb,G51-B,3,69733,20.824181395150266,0.04745551509057666,0.6689911485829854,0.4640558926273212
scene-0914_CAM_FRONT_b8a345e3_8a3346bb,G51-B,4,66459,22.254529500524832,0.04339208613537293,0.6594371339269298,0.4441664696766738
scene-0915_CAM_FRONT_7f8368b7_7c7be93d,G51-B,0,96474,22.357803569782458,0.05966433026602691,0.9475284322223098,0.6334804191947049
scene-0915_CAM_FRONT_7f8368b7_7c7be93d,G51-B,1,93559,20.006985629562042,0.043728678805446286,0.9516980537388701,0.6143395582171093
scene-0915_CAM_FRONT_7f8368b7_7c7be93d,G51-B,2,102683,19.94402405104712,0.04168154682556047,1.0,0.6742507813936386
scene-0915_CAM_FRONT_7f8368b7_7c7be93d,G51-B,3,105288,21.647890723518287,0.04507415528524983,0.9689412444514486,0.6917172274315131
scene-0915_CAM_FRONT_7f8368b7_7c7be93d,G51-B,4,106446,23.77385357926065,0.0663814091916679,0.9700115567462506,0.6989730255036377
scene-0915_CAM_FRONT_a2ef08f7_cce9a021,G51-B,0,112390,24.225645870938628,0.06287112942870188,0.9688296167888004,0.737990176765687
scene-0915_CAM_FRONT_a2ef08f7_cce9a021,G51-B,1,111463,23.30329279986054,0.05203695767662708,0.9671880335145642,0.7319031859848186
scene-0915_CAM_FRONT_a2ef08f7_cce9a021,G51-B,2,104196,22.53632115548004,0.03820589602225821,0.9600569957712815,0.6841987760355107
scene-0915_CAM_FRONT_a2ef08f7_cce9a021,G51-B,3,102860,23.37111929217524,0.028977551934832313,0.9634452236493053,0.6754130223517979
scene-0915_CAM_FRONT_a2ef08f7_cce9a021,G51-B,4,101975,23.96600435466544,0.03923744003496177,0.9656712105691697,0.6696018175610012
scene-0915_CAM_FRONT_6de71c96_005cfc5e,G51-B,0,135151,32.019281602443606,0.05881272213950606,0.9680088251516823,0.8885102303469651
scene-0915_CAM_FRONT_6de71c96_005cfc5e,G51-B,1,134220,30.34964514652015,0.05285816822386935,0.9689084127859638,0.8826399285582959
scene-0915_CAM_FRONT_6de71c96_005cfc5e,G51-B,2,135230,31.468855375627356,0.045694860547402794,0.9726446563181257,0.8909988705907074
scene-0915_CAM_FRONT_6de71c96_005cfc5e,G51-B,3,135234,31.965643825301207,0.038846036817062446,0.97800935045833,0.8909332072597379
scene-0915_CAM_FRONT_6de71c96_005cfc5e,G51-B,4,135337,31.94799157834974,0.032556486127359285,0.9866375121477162,0.8943148688046647
scene-0915_CAM_FRONT_c6cebadf_c943bddd,G51-B,0,135828,30.14932809937125,0.05841386756231537,0.9872153494602475,0.8955362067606966
scene-0915_CAM_FRONT_c6cebadf_c943bddd,G51-B,1,133588,30.25705933415032,0.054532841741353755,0.9789155044257085,0.8806962939616001
scene-0915_CAM_FRONT_c6cebadf_c943bddd,G51-B,2,127941,30.526683838555854,0.05032144070852773,0.9621188243637223,0.8443647729362015
scene-0915_CAM_FRONT_c6cebadf_c943bddd,G51-B,3,125082,30.96868908022212,0.07160691466226932,0.960116092769154,0.8214154387623775
scene-0915_CAM_FRONT_c6cebadf_c943bddd,G51-B,4,121832,30.2981662145242,0.05283676447213903,0.9633926929845297,0.7999894938670449
scene-0915_CAM_FRONT_d85a67be_246b21c5,G51-B,0,133531,31.472489114783322,0.05017023319248759,0.964797888267276,0.879021879021879
scene-0915_CAM_FRONT_d85a67be_246b21c5,G51-B,1,132578,31.669153056951426,0.05705815746823628,0.9637275759724739,0.8734404958894755
scene-0915_CAM_FRONT_d85a67be_246b21c5,G51-B,2,131627,32.52150746158393,0.07115979287588692,0.9680285241509732,0.8646941402043443
scene-0915_CAM_FRONT_d85a67be_246b21c5,G51-B,3,131937,33.09797409862514,0.07000143526635538,0.971534946024742,0.8666180758017493
scene-0915_CAM_FRONT_d85a67be_246b21c5,G51-B,4,132317,32.606601562499996,0.06151155373775019,0.9715152470254511,0.8691329813778793
scene-0915_CAM_FRONT_87a927d7_666e8405,G51-B,0,124943,27.215614963657885,0.05543919516200191,0.9722572426654059,0.820640611456938
scene-0915_CAM_FRONT_87a927d7_666e8405,G51-B,1,121632,28.275013154282576,0.09756363687094605,0.9720536863394006,0.7988009875764978
scene-0915_CAM_FRONT_87a927d7_666e8405,G51-B,2,114010,26.692245060610837,0.0802996146857462,0.9725724266540593,0.7486276363827384
scene-0915_CAM_FRONT_87a927d7_666e8405,G51-B,3,111948,27.067230224609382,0.0418208649154983,0.9736755706143462,0.7350878575368371
scene-0915_CAM_FRONT_87a927d7_666e8405,G51-B,4,106604,26.726507092198585,0.041708988880695186,0.9752317915583222,0.6999973734667613
scene-0915_CAM_FRONT_20fac9be_88bbcc1c,G51-B,0,134278,36.24536758814103,0.05939834327309601,0.9735573766186011,0.9152549050508234
scene-0915_CAM_FRONT_20fac9be_88bbcc1c,G51-B,1,134996,37.99551419526145,0.059581482932659746,0.9775825388070286,0.9288669135607911
scene-0915_CAM_FRONT_20fac9be_88bbcc1c,G51-B,2,134512,38.0013791998861,0.06545899375669761,0.9781472434533659,0.9025227851758464
scene-0915_CAM_FRONT_20fac9be_88bbcc1c,G51-B,3,134613,36.9710853542138,0.0455844007457018,0.9861647361647362,0.8848462164788695
scene-0915_CAM_FRONT_20fac9be_88bbcc1c,G51-B,4,137040,36.659153005464475,0.040871652851922846,0.9868345021406246,0.9026606781708822
scene-0915_CAM_FRONT_0a8dee95_cdefb1ef,G51-B,0,135053,27.056698704333048,0.048206719880777626,0.9890801880597799,0.887196963727576
scene-0915_CAM_FRONT_0a8dee95_cdefb1ef,G51-B,1,129483,26.880450132081837,0.0428815606477988,0.9910566543219604,0.8506947180416569
scene-0915_CAM_FRONT_0a8dee95_cdefb1ef,G51-B,2,128640,27.58412055935569,0.06734052471387009,0.9942544585401728,0.8447259212565335
scene-0915_CAM_FRONT_0a8dee95_cdefb1ef,G51-B,3,129203,29.115844665921507,0.08951313812021544,0.9948585611850917,0.8486919864470885
scene-0915_CAM_FRONT_0a8dee95_cdefb1ef,G51-B,4,126960,28.37801027340285,0.08188915701891997,0.9915031649725528,0.8349683502744727
scene-0916_CAM_FRONT_b5989651_ac8b4d49,G51-B,0,123537,22.456200315241233,0.04552308704725849,0.9414742731069262,0.8165235206051532
scene-0916_CAM_FRONT_b5989651_ac8b4d49,G51-B,1,112891,22.680252749687238,0.06547251983443836,0.9374885089170804,0.7490084837023613
scene-0916_CAM_FRONT_b5989651_ac8b4d49,G51-B,2,98731,22.688586956521736,0.07277706997050837,0.9086097759567148,0.6567186720247945
scene-0916_CAM_FRONT_b5989651_ac8b4d49,G51-B,3,90311,22.41042896895903,0.07718364682036816,0.8859230951067686,0.6011412286922491
scene-0916_CAM_FRONT_b5989651_ac8b4d49,G51-B,4,82128,22.415491651752077,0.06574384709210501,0.840464371076616,0.5513355921519186
scene-0916_CAM_FRONT_c1eed312_d8251bbc,G51-B,0,86783,26.414442079048854,0.09369353166353012,0.8811231056129015,0.5791046148189005
scene-0916_CAM_FRONT_c1eed312_d8251bbc,G51-B,1,89092,26.379717415316637,0.09859282300307415,0.8726656685840359,0.5978580621437765
scene-0916_CAM_FRONT_c1eed312_d8251bbc,G51-B,2,79600,24.607442193595578,0.06461602158381807,0.877826806398235,0.5333569721324823
scene-0916_CAM_FRONT_c1eed312_d8251bbc,G51-B,3,77632,24.388228585717755,0.06687236401446461,0.8876828723767499,0.5178604260236913
scene-0916_CAM_FRONT_c1eed312_d8251bbc,G51-B,4,79267,24.275935746844322,0.06634184285338529,0.8940193838153022,0.5253460457542091
scene-0916_CAM_FRONT_048a45dd_609d5177,G51-B,0,122955,21.130452631366857,0.044680156832225926,0.8958185590838652,0.8512659890210911
scene-0916_CAM_FRONT_048a45dd_609d5177,G51-B,1,128920,20.246742880211393,0.05814903941620386,0.9056811913954771,0.8933693168387046
scene-0916_CAM_FRONT_048a45dd_609d5177,G51-B,2,126493,21.21287856867284,0.06368238404783,0.9000013132666194,0.8831324035405668
scene-0916_CAM_FRONT_048a45dd_609d5177,G51-B,3,117777,21.341682258624104,0.06359204230181037,0.884425971160665,0.8315341580647703
scene-0916_CAM_FRONT_048a45dd_609d5177,G51-B,4,113150,21.917033708014454,0.0689114606200476,0.9116696871798913,0.7762259343891997
scene-0916_CAM_FRONT_b1303058_e174cb43,G51-B,0,104134,16.29368754713424,0.05468822440998333,0.946911196911197,0.6918157224279673
scene-0916_CAM_FRONT_b1303058_e174cb43,G51-B,1,109171,15.86369642699506,0.01848475565005714,0.9633795603183358,0.7304520263703937
scene-0916_CAM_FRONT_b1303058_e174cb43,G51-B,2,93522,16.06147613960114,0.029763110043815377,0.9633992593176267,0.6211751109710293
scene-0916_CAM_FRONT_b1303058_e174cb43,G51-B,3,86264,15.784296416422093,0.02173247726277605,0.9561171959131143,0.5805163764347437
scene-0916_CAM_FRONT_b1303058_e174cb43,G51-B,4,79344,15.487130980908235,0.016190935945472162,0.9562616552412471,0.5302510965776271
scene-0916_CAM_FRONT_6ff9723a_55c25897,G51-B,0,111043,19.703348673746255,0.041256746141991485,0.936089879967431,0.7647348514695453
scene-0916_CAM_FRONT_6ff9723a_55c25897,G51-B,1,115529,19.765149991058657,0.03827835854638906,0.9254524203503796,0.8116053371155412
scene-0916_CAM_FRONT_6ff9723a_55c25897,G51-B,2,110558,20.567983931853995,0.03466783563019327,0.9176581829643055,0.788918656265595
scene-0916_CAM_FRONT_6ff9723a_55c25897,G51-B,3,106570,20.973797726971945,0.040594471510329466,0.9051952827463031,0.7583392430331206
scene-0916_CAM_FRONT_6ff9723a_55c25897,G51-B,4,103891,21.910407708191414,0.040517311626104835,0.8997517926089355,0.7378260184382633
scene-0916_CAM_FRONT_44237858_e00dc151,G51-B,0,110666,20.365625266820352,0.041568033858110365,0.9158655740288393,0.7457187508207916
scene-0916_CAM_FRONT_44237858_e00dc151,G51-B,1,113994,20.724783016023427,0.045677140231207725,0.9191159089118273,0.777992277992278
scene-0916_CAM_FRONT_44237858_e00dc151,G51-B,2,112404,21.272293461237275,0.04102698390201098,0.9243886743886743,0.7785372836393245
scene-0916_CAM_FRONT_44237858_e00dc151,G51-B,3,110292,20.864663052721088,0.053855664648358115,0.9227076931158564,0.768510493000289
scene-0916_CAM_FRONT_44237858_e00dc151,G51-B,4,101485,21.8717980815637,0.060654638175868136,0.9167782943293148,0.708678065820923
scene-0916_CAM_FRONT_e63b83b4_e54b784a,G51-B,0,105567,22.76891674638605,0.05024164886172322,0.9106125075512831,0.7128870853360649
scene-0916_CAM_FRONT_e63b83b4_e54b784a,G51-B,1,103990,22.916034537301943,0.03527400324696339,0.9133112704541276,0.7142397499540357
scene-0916_CAM_FRONT_e63b83b4_e54b784a,G51-B,2,102095,23.61930256398702,0.0380727766650919,0.934533659023455,0.6851508943345678
scene-0916_CAM_FRONT_e63b83b4_e54b784a,G51-B,3,108244,24.109884267550136,0.042362118700555174,0.9602080214325113,0.7173653245081817
scene-0916_CAM_FRONT_e63b83b4_e54b784a,G51-B,4,112622,23.131660072218807,0.035875465271180795,0.9651524702545111,0.7531452735534369
scene-0916_CAM_FRONT_a1289b27_9cdbf5ff,G51-B,0,104147,18.652449986924687,0.044587825866233555,0.9613045990597011,0.6856565019830326
scene-0916_CAM_FRONT_a1289b27_9cdbf5ff,G51-B,1,104323,18.437649928682575,0.03839704144739642,0.9513172064192472,0.689327082184225
scene-0916_CAM_FRONT_a1289b27_9cdbf5ff,G51-B,2,94619,19.02649517734272,0.07244039101150257,0.9348619756783022,0.6281025923883067
scene-0916_CAM_FRONT_a1289b27_9cdbf5ff,G51-B,3,92021,19.101003394568686,0.05488895332462418,0.927080870958422,0.6133283429201797
scene-0916_CAM_FRONT_a1289b27_9cdbf5ff,G51-B,4,85555,19.018182633196723,0.07747571530329012,0.8792057363485934,0.5690318598481864
scene-0917_CAM_FRONT_8c5c08c8_f4b1ff82,G51-B,0,88380,18.59666836972268,0.04513492940017039,0.8898825939642266,0.5884747721482415
scene-0917_CAM_FRONT_8c5c08c8_f4b1ff82,G51-B,1,92120,18.364613132757956,0.03275660476793507,0.8900533186247472,0.6167100044651065
scene-0917_CAM_FRONT_8c5c08c8_f4b1ff82,G51-B,2,81364,19.268639525206083,0.0443009190424839,0.8634137052504399,0.5450713103774328
scene-0917_CAM_FRONT_8c5c08c8_f4b1ff82,G51-B,3,70195,19.488981557195903,0.048255306270522436,0.8508851417014682,0.4692104641084233
scene-0917_CAM_FRONT_8c5c08c8_f4b1ff82,G51-B,4,70455,19.281066799903098,0.04468677818538902,0.8507735140388202,0.4666495942006146
scene-0917_CAM_FRONT_018ef7dd_99d907c5,G51-B,0,90623,19.31565387038074,0.06675963580512922,0.8742678538596906,0.6063089328395451
scene-0917_CAM_FRONT_018ef7dd_99d907c5,G51-B,1,99450,19.366858506457042,0.059665816543867045,0.8894689149791191,0.6746250623801644
scene-0917_CAM_FRONT_018ef7dd_99d907c5,G51-B,2,101836,19.03092645637769,0.06868344654197789,0.8978606886770152,0.690055945157986
scene-0917_CAM_FRONT_018ef7dd_99d907c5,G51-B,3,104953,18.848549755678814,0.08017420074943304,0.8982152706642502,0.7145221022772044
scene-0917_CAM_FRONT_018ef7dd_99d907c5,G51-B,4,106482,19.22102815112082,0.08885841748618395,0.8984253933233525,0.7264071651826753
scene-0917_CAM_FRONT_1dba2c2c_49eb8915,G51-B,0,81093,15.841407583191126,0.08863877159454958,0.8988193733091693,0.5335605284584877
scene-0917_CAM_FRONT_1dba2c2c_49eb8915,G51-B,1,82222,15.502880675580302,0.061597488690636304,0.8980248470044389,0.5423003178105219
scene-0917_CAM_FRONT_1dba2c2c_49eb8915,G51-B,2,79546,15.305355869771859,0.08322132530896797,0.8885758936779345,0.5244595907861214
scene-0917_CAM_FRONT_1dba2c2c_49eb8915,G51-B,3,77673,15.621460480385636,0.08226209030720577,0.8836971081869041,0.5110774039345468
scene-0917_CAM_FRONT_1dba2c2c_49eb8915,G51-B,4,74555,15.629585597826086,0.07741996171421262,0.8801512883145536,0.49215979828224726
scene-0917_CAM_FRONT_46285edc_90fbcb8d,G51-B,0,72833,17.787062087307405,0.04543597257211385,0.8749573188348698,0.4827962072860032
scene-0917_CAM_FRONT_46285edc_90fbcb8d,G51-B,1,70806,17.929820934215464,0.044989835878696205,0.8687587003913535,0.47229007433089065
scene-0917_CAM_FRONT_46285edc_90fbcb8d,G51-B,2,66349,17.996948910281468,0.036965634171823414,0.8595264360570483,0.44593281327975204
scene-0917_CAM_FRONT_46285edc_90fbcb8d,G51-B,3,61836,18.814351029829545,0.046524184298316174,0.8437869356236704,0.41805216295012215
scene-0917_CAM_FRONT_46285edc_90fbcb8d,G51-B,4,60079,18.99465975626361,0.043500981193345556,0.8372337351929189,0.40663987602763113
scene-0917_CAM_FRONT_37fbabc0_5bdba79e,G51-B,0,69495,23.179029605263157,0.016964481337970128,0.8364720405536732,0.46197436503558953
scene-0917_CAM_FRONT_37fbabc0_5bdba79e,G51-B,1,70942,23.738826201641263,0.025410341596913355,0.8341409923042576,0.4658616342289812
scene-0917_CAM_FRONT_37fbabc0_5bdba79e,G51-B,2,69394,25.06484926146385,0.018179346757131398,0.8249875239671158,0.45566411892942504
scene-0917_CAM_FRONT_37fbabc0_5bdba79e,G51-B,3,70741,27.23785013125558,0.019393933824073173,0.8226236440522154,0.4651918682530927
scene-0917_CAM_FRONT_37fbabc0_5bdba79e,G51-B,4,68674,25.622876468120804,0.025335004501636282,0.8123735980878838,0.4515601607438342
scene-0917_CAM_FRONT_19ccc1fa_bf452016,G51-B,0,62424,23.567504222972985,0.010992522261567439,0.807068000945552,0.40989677724371604
scene-0917_CAM_FRONT_19ccc1fa_bf452016,G51-B,1,60330,23.998997753506732,0.01624872436828051,0.8067987812885772,0.3961468757387125
scene-0917_CAM_FRONT_19ccc1fa_bf452016,G51-B,2,60256,24.190768334173384,0.01559290178144046,0.8046909883644577,0.3956609670895385
scene-0917_CAM_FRONT_19ccc1fa_bf452016,G51-B,3,59249,23.518766735637783,0.01741736470762234,0.8021760827883276,0.38904866966091456
scene-0917_CAM_FRONT_19ccc1fa_bf452016,G51-B,4,58235,23.940015388257574,0.014652737157936357,0.8004031728521525,0.38239040790061196
scene-0917_CAM_FRONT_5fc28d5d_b34a0291,G51-B,0,66815,24.7941777750422,0.024561846405044108,0.8054855146691882,0.4410934257873033
scene-0917_CAM_FRONT_5fc28d5d_b34a0291,G51-B,1,64090,26.64161355445809,0.04340814357475953,0.8082368082368082,0.42383710240853095
scene-0917_CAM_FRONT_5fc28d5d_b34a0291,G51-B,2,61759,26.80196676709297,0.04671682946940692,0.8135883697108187,0.40656108003046776
scene-0917_CAM_FRONT_5fc28d5d_b34a0291,G51-B,3,62004,26.369136691213498,0.03881863394891405,0.8344890079583958,0.4095224962571901
scene-0917_CAM_FRONT_5fc28d5d_b34a0291,G51-B,4,60615,25.63772331429211,0.05923068908932816,0.8419614950227196,0.40715205000919286
scene-0917_CAM_FRONT_9dc543d8_3ce2de68,G51-B,0,68015,23.54639109616952,0.04374317363500424,0.8392824311191658,0.4512187114227931
scene-0917_CAM_FRONT_9dc543d8_3ce2de68,G51-B,1,79761,24.065068723137543,0.06955367495533782,0.8957660284190896,0.5265870827095317
scene-0917_CAM_FRONT_9dc543d8_3ce2de68,G51-B,2,82222,24.324384128916172,0.08725871263152318,0.9180587292832191,0.5399036062301369
scene-0917_CAM_FRONT_9dc543d8_3ce2de68,G51-B,3,89030,24.84852764423076,0.08712371327017099,0.9273303916161059,0.5848304572794368
scene-0917_CAM_FRONT_9dc543d8_3ce2de68,G51-B,4,91904,24.991334747749438,0.07722480434121182,0.9247826543744911,0.6042208389147165
scene-0919_CAM_FRONT_bd0c2713_9d89067a,G51-B,0,120447,23.332233520608952,0.040965980097605215,0.9282496782496783,0.806825046620965
scene-0919_CAM_FRONT_bd0c2713_9d89067a,G51-B,1,121715,23.639703791987404,0.04100126678358995,0.9211777375042681,0.81691750059097
scene-0919_CAM_FRONT_bd0c2713_9d89067a,G51-B,2,117406,24.147203862272352,0.04859659600325905,0.9302458435111496,0.8078690935833793
scene-0919_CAM_FRONT_bd0c2713_9d89067a,G51-B,3,115152,24.00354879431162,0.039335374341926244,0.9365232579518293,0.7792333149476006
scene-0919_CAM_FRONT_bd0c2713_9d89067a,G51-B,4,119016,25.211798773871532,0.050559694066479643,0.9451317206419247,0.7824114201665222
scene-0919_CAM_FRONT_7110a0d1_9ef03c61,G51-B,0,131941,19.79666662519904,0.06752015340413431,0.9515995587424159,0.8788445880282615
scene-0919_CAM_FRONT_7110a0d1_9ef03c61,G51-B,1,134493,20.049012817671397,0.07933532534658072,0.9651196385890264,0.8991214246316287
scene-0919_CAM_FRONT_7110a0d1_9ef03c61,G51-B,2,129788,19.61562735493595,0.09204104992743223,0.9715874766895175,0.8635450319123789
scene-0919_CAM_FRONT_7110a0d1_9ef03c61,G51-B,3,127431,20.690481653852796,0.060082039528823294,0.974890342237281,0.8476610721508681
scene-0919_CAM_FRONT_7110a0d1_9ef03c61,G51-B,4,125430,21.219734726688095,0.05329106263224803,0.9879310797678145,0.8345087069576865
scene-0919_CAM_FRONT_67f11693_6d9def1e,G51-B,0,120747,22.777215909090916,0.04748814296308357,0.9866900428124918,0.8017886691356079
scene-0919_CAM_FRONT_67f11693_6d9def1e,G51-B,1,111866,21.31505416895228,0.04273610377324566,0.9764465631812571,0.7566713944264964
scene-0919_CAM_FRONT_67f11693_6d9def1e,G51-B,2,94636,20.980981634568806,0.016093885600395152,0.9385391222125916,0.6467509783836315
scene-0919_CAM_FRONT_67f11693_6d9def1e,G51-B,3,84167,20.836827736533152,0.02240987422049079,0.9120374018333202,0.5667730412628372
scene-0919_CAM_FRONT_67f11693_6d9def1e,G51-B,4,79141,21.522428692511795,0.023517653878197375,0.9244215060541591,0.5328382318178236
scene-0919_CAM_FRONT_fc92fca5_1e606cc7,G51-B,0,118523,25.864285241123472,0.07533273994825818,0.9306201244976755,0.7951238410422083
scene-0919_CAM_FRONT_fc92fca5_1e606cc7,G51-B,1,122731,24.909613010687238,0.05145189306881637,0.9393073831849342,0.8222033987340109
scene-0919_CAM_FRONT_fc92fca5_1e606cc7,G51-B,2,115923,24.617798560684644,0.03451039878092699,0.9391038268589289,0.781111286213327
scene-0919_CAM_FRONT_fc92fca5_1e606cc7,G51-B,3,112004,24.71287823731501,0.03953896665417722,0.9300291545189504,0.7641176161584324
scene-0919_CAM_FRONT_fc92fca5_1e606cc7,G51-B,4,116211,24.016909285071943,0.03627760843281136,0.951947574396554,0.7720234812071547
scene-0919_CAM_FRONT_1752d62f_3beeafdd,G51-B,0,102900,20.765914010956642,0.04715167913692997,0.9550731489507,0.6802524098442466
scene-0919_CAM_FRONT_1752d62f_3beeafdd,G51-B,1,103620,21.281749450146624,0.036900539034723234,0.9597024137840464,0.6864247629553752
scene-0919_CAM_FRONT_1752d62f_3beeafdd,G51-B,2,111726,21.792978113015334,0.05910784302535088,0.9644761379455257,0.738462952748667
scene-0919_CAM_FRONT_1752d62f_3beeafdd,G51-B,3,114172,21.19789934281116,0.053142409103031474,0.9648963832637302,0.7542221521813358
scene-0919_CAM_FRONT_1752d62f_3beeafdd,G51-B,4,116110,21.90064811093248,0.07507319903078535,0.9624537073516666,0.7674467470385837
scene-0919_CAM_FRONT_a79fa282_72b648d5,G51-B,0,134085,20.364725621654774,0.05794601858827564,0.9551650776140572,0.9006448139101201
scene-0919_CAM_FRONT_a79fa282_72b648d5,G51-B,1,137190,20.952548600053078,0.06612718259731376,0.954350852310036,0.9246710267118431
scene-0919_CAM_FRONT_a79fa282_72b648d5,G51-B,2,143772,21.95464324199507,0.05215155775280933,0.9663344102119612,0.9631497386599427
scene-0919_CAM_FRONT_a79fa282_72b648d5,G51-B,3,145422,21.970976088864063,0.0442299637390573,0.9783179681138865,0.9714298846951909
scene-0919_CAM_FRONT_a79fa282_72b648d5,G51-B,4,148678,21.169303408684776,0.03697787944230435,0.9874648701179314,0.9866506448139101
scene-0919_CAM_FRONT_a9ade377_188fe796,G51-B,0,127671,14.250049643700075,0.06154877899971112,0.991233945315578,0.8388818848002522
scene-0919_CAM_FRONT_a9ade377_188fe796,G51-B,1,127881,13.646198878627967,0.06905615767879336,0.9935058965671211,0.8403593097470649
scene-0919_CAM_FRONT_a9ade377_188fe796,G51-B,2,123205,13.53048486718057,0.07483195205955084,0.9923633546082525,0.8096223045202637
scene-0919_CAM_FRONT_a9ade377_188fe796,G51-B,3,115475,13.654286346024257,0.08299819410634024,0.9969072571113388,0.7583589420324114
scene-0919_CAM_FRONT_a9ade377_188fe796,G51-B,4,104562,14.455917957941343,0.0766556017773874,0.9889422950647441,0.6865889212827988
scene-0919_CAM_FRONT_0acad604_772f1168,G51-B,0,107709,21.71762532948094,0.02692128866304877,0.9582446878365246,0.7073976308670186
scene-0919_CAM_FRONT_0acad604_772f1168,G51-B,1,89413,24.357217308291766,0.02004507627316965,0.9283416069130355,0.5871155411971738
scene-0919_CAM_FRONT_0acad604_772f1168,G51-B,2,77464,23.461424794823234,0.01036287358944965,0.9200745935439812,0.508654427021774
scene-0919_CAM_FRONT_0acad604_772f1168,G51-B,3,74551,24.289019691780815,0.010107298920064345,0.9138234444356893,0.4895266987103722
scene-0919_CAM_FRONT_0acad604_772f1168,G51-B,4,72916,25.23565829265704,0.024525231272946257,0.905569563732829,0.47879074409686656
scene-0920_CAM_FRONT_e8a25125_b4628dfb,G51-B,0,86378,27.14019293741914,0.03185186289540609,0.883224332203924,0.5673705775746593
scene-0920_CAM_FRONT_e8a25125_b4628dfb,G51-B,1,81923,27.66565472146739,0.06459261985343456,0.8790547106873637,0.5379337063010532
scene-0920_CAM_FRONT_e8a25125_b4628dfb,G51-B,2,79027,27.99728242607527,0.06488135124246197,0.8791400730176241,0.5189176056522995
scene-0920_CAM_FRONT_e8a25125_b4628dfb,G51-B,3,75498,28.569669270833334,0.06296868741393702,0.8853649567935282,0.4957515824862764
scene-0920_CAM_FRONT_e8a25125_b4628dfb,G51-B,4,70764,30.001404420986628,0.12218216839986762,0.8995613689491241,0.46465999527224017
scene-0920_CAM_FRONT_dca35073_00ec13f2,G51-B,0,123654,19.94509321609136,0.06815731713873951,0.9603393480944501,0.8174887715704042
scene-0920_CAM_FRONT_dca35073_00ec13f2,G51-B,1,141250,20.458651543923388,0.04187131704004021,0.9673259265096,0.9353019199957976
scene-0920_CAM_FRONT_dca35073_00ec13f2,G51-B,2,144678,21.24436933666357,0.034571767027235856,0.959997898773409,0.9570036508812019
scene-0920_CAM_FRONT_dca35073_00ec13f2,G51-B,3,137728,22.020848299808428,0.0338863399153142,0.939583169175006,0.9108554618758701
scene-0920_CAM_FRONT_dca35073_00ec13f2,G51-B,4,137617,22.85716927083334,0.027339483789277086,0.9628542536705802,0.906659575026922
scene-0920_CAM_FRONT_e84b6659_1c0fdeaa,G51-B,0,139696,17.809080984185126,0.03312289647849864,0.979933286055735,0.9207246605205789
scene-0920_CAM_FRONT_e84b6659_1c0fdeaa,G51-B,1,132826,18.571142183288416,0.025420329692702248,0.9623026816904368,0.875423528484753
scene-0920_CAM_FRONT_e84b6659_1c0fdeaa,G51-B,2,130192,19.031851803221283,0.03660776693319856,0.9594922911249442,0.8587713077508996
scene-0920_CAM_FRONT_e84b6659_1c0fdeaa,G51-B,3,128974,19.272691462948817,0.03210499154524116,0.9691054027788721,0.8484030677908229
scene-0920_CAM_FRONT_e84b6659_1c0fdeaa,G51-B,4,129359,19.5238442887931,0.04913815980692693,0.9740958159325507,0.8532884196149503
scene-0920_CAM_FRONT_f3a8bec1_6511c90b,G51-B,0,128592,16.725885826771655,0.03316444248027839,0.9817587266566858,0.8468468468468469
scene-0920_CAM_FRONT_f3a8bec1_6511c90b,G51-B,1,136395,17.321033752042478,0.05751613887225382,0.9876946917763244,0.9000013132666194
scene-0920_CAM_FRONT_f3a8bec1_6511c90b,G51-B,2,133814,17.672722012566926,0.06738428723049839,0.9946287395266987,0.8823969742337089
scene-0920_CAM_FRONT_f3a8bec1_6511c90b,G51-B,3,126294,18.119843330474342,0.07076449586910694,0.9932104115777585,0.8325585060278938
scene-0920_CAM_FRONT_f3a8bec1_6511c90b,G51-B,4,118503,17.777613065797365,0.06553312449315829,0.9852979801959394,0.7870406849998687
scene-0920_CAM_FRONT_7a38c623_84f28973,G51-B,0,129809,16.84758327066181,0.034101275973874134,0.9843195965644945,0.8607477740130801
scene-0920_CAM_FRONT_7a38c623_84f28973,G51-B,1,128219,17.946494949753895,0.046632629752080046,0.985954613505634,0.8484096341239198
scene-0920_CAM_FRONT_7a38c623_84f28973,G51-B,2,127850,17.51456617845572,0.055453024915570914,0.9856197305176897,0.8458159325506265
scene-0920_CAM_FRONT_7a38c623_84f28973,G51-B,3,121605,17.85205224932351,0.053093587914212925,0.9847726735481838,0.8046647230320699
scene-0920_CAM_FRONT_7a38c623_84f28973,G51-B,4,113757,17.070545431480962,0.05337684245639007,0.9763152365193182,0.7549378824889029
scene-0920_CAM_FRONT_278d97e2_07edc519,G51-B,0,105067,16.960952729044838,0.048385737631057246,0.973563942951698,0.6990977858324797
scene-0920_CAM_FRONT_278d97e2_07edc519,G51-B,1,112916,17.78543544671474,0.055192152220716606,0.9775891051401255,0.7481811257321461
scene-0920_CAM_FRONT_278d97e2_07edc519,G51-B,2,108391,18.176842160508635,0.05492380129785568,0.962637564678381,0.7205105980616184
scene-0920_CAM_FRONT_278d97e2_07edc519,G51-B,3,102551,18.13545175999071,0.05490411265030337,0.950509547448323,0.6840083523756993
scene-0920_CAM_FRONT_278d97e2_07edc519,G51-B,4,96652,18.778921098318712,0.051799511878003024,0.9388477398681481,0.6421742442150605
scene-0920_CAM_FRONT_79a42b12_d640474c,G51-B,0,94618,20.21734041628014,0.04593953576383192,0.9356827673154203,0.6397578336353846
scene-0920_CAM_FRONT_79a42b12_d640474c,G51-B,1,95117,19.492339856446367,0.04390497421870876,0.9288012502298216,0.6465342893914322
scene-0920_CAM_FRONT_79a42b12_d640474c,G51-B,2,89979,19.729364762631874,0.03849452285489097,0.9223268457962336,0.6049234365560896
scene-0920_CAM_FRONT_79a42b12_d640474c,G51-B,3,88134,19.688590329358874,0.032753562383143864,0.9293922202085467,0.584456176292911
scene-0920_CAM_FRONT_79a42b12_d640474c,G51-B,4,87055,20.4169971279511,0.02655055543204332,0.9351443280014708,0.5751122842959577
scene-0920_CAM_FRONT_dcdbe656_d7b4858c,G51-B,0,112791,25.2541357746674,0.04166945888399365,0.9454206392981903,0.7477674467470385
scene-0920_CAM_FRONT_dcdbe656_d7b4858c,G51-B,1,116400,26.868141954527715,0.05394296410986188,0.9525779423738607,0.7683594673390591
scene-0920_CAM_FRONT_dcdbe656_d7b4858c,G51-B,2,114058,25.91093551713198,0.042883042695205154,0.953746749665117,0.7587135240196464
scene-0920_CAM_FRONT_dcdbe656_d7b4858c,G51-B,3,115752,27.22850501019022,0.038618718186749224,0.9512121450896961,0.7670790323851548
scene-0920_CAM_FRONT_dcdbe656_d7b4858c,G51-B,4,111551,27.773445649339358,0.04949571439114564,0.946536915924671,0.7354161741916844
scene-0921_CAM_FRONT_852e22db_5737334b,G51-B,0,92534,19.720852033466315,0.03879847728588626,0.9610288130696294,0.6084298584298584
scene-0921_CAM_FRONT_852e22db_5737334b,G51-B,1,87153,21.02983213863831,0.03751013572092621,0.9595513881228167,0.5729913587056444
scene-0921_CAM_FRONT_852e22db_5737334b,G51-B,2,81685,22.59214891975309,0.041732903246309405,0.9609894150710477,0.5379271399679563
scene-0921_CAM_FRONT_852e22db_5737334b,G51-B,3,74528,22.887508797860356,0.03258323922947315,0.9607201954140729,0.4896317600399233
scene-0921_CAM_FRONT_852e22db_5737334b,G51-B,4,71081,22.595532739297262,0.030224280181214258,0.9603459144275471,0.46766737583064116
scene-0921_CAM_FRONT_dce96ecc_4209f80d,G51-B,0,80887,20.50566430332922,0.019236804290716503,0.9640361936280304,0.5334095027972579
scene-0921_CAM_FRONT_dce96ecc_4209f80d,G51-B,1,81402,21.51317573635057,0.01147412390984237,0.9617839413757782,0.5361213983662964
scene-0921_CAM_FRONT_dce96ecc_4209f80d,G51-B,2,81920,22.302145870197172,0.023640796752952165,0.9629199170015497,0.5390959472592126
scene-0921_CAM_FRONT_dce96ecc_4209f80d,G51-B,3,78947,22.194855638586965,0.02385730157441035,0.961915268037717,0.5189241719853964
scene-0921_CAM_FRONT_dce96ecc_4209f80d,G51-B,4,74406,22.495079558486232,0.038496270373508557,0.9570036508812019,0.48857458041131513
scene-0921_CAM_FRONT_94fc83c5_b4f20dcf,G51-B,0,62290,23.890304142788928,0.03686611719800026,0.938368397552071,0.4090956846058887
scene-0921_CAM_FRONT_94fc83c5_b4f20dcf,G51-B,1,58079,25.25789021596859,0.04177825918294653,0.928046121923673,0.3813660599374885
scene-0921_CAM_FRONT_94fc83c5_b4f20dcf,G51-B,2,56510,25.828626504513537,0.08072357114339757,0.9355580069865784,0.3711094476400599
scene-0921_CAM_FRONT_94fc83c5_b4f20dcf,G51-B,3,54454,26.192428656443752,0.08067714982021656,0.9366742836130592,0.3576025004596433
scene-0921_CAM_FRONT_94fc83c5_b4f20dcf,G51-B,4,53125,24.945292502133103,0.06857488831264469,0.9328198460851522,0.3489480734378694
scene-0921_CAM_FRONT_28715cdf_1ce20a30,G51-B,0,50941,22.51781144926819,0.017231796038889247,0.9319071257846768,0.3344955742914927
scene-0921_CAM_FRONT_28715cdf_1ce20a30,G51-B,1,49717,22.701188912569382,0.013571401630406044,0.9298846951908176,0.32645838258083154
scene-0921_CAM_FRONT_28715cdf_1ce20a30,G51-B,2,49247,22.700933650545235,0.012206507147040302,0.9299306595224962,0.32337220602526723
scene-0921_CAM_FRONT_28715cdf_1ce20a30,G51-B,3,48884,22.693708939985804,0.014291967213185153,0.9297533685288787,0.32098862711107606
scene-0921_CAM_FRONT_28715cdf_1ce20a30,G51-B,4,49187,22.75301794825073,0.013355754185263802,0.9298649961915268,0.32297822603945053
scene-0921_CAM_FRONT_fc46571b_9c40f85f,G51-B,0,51240,21.576808439020148,0.012331157642226476,0.929727103196491,0.33645890788747934
scene-0921_CAM_FRONT_fc46571b_9c40f85f,G51-B,1,49783,21.319312300955414,0.012661962816700179,0.929956924854884,0.32689176056522995
scene-0921_CAM_FRONT_fc46571b_9c40f85f,G51-B,2,49628,21.520316640901058,0.014314513087230418,0.929845297192236,0.3258739789352034
scene-0921_CAM_FRONT_fc46571b_9c40f85f,G51-B,3,49481,21.428601783718335,0.015029564339285706,0.9298518635253329,0.32490872796995246
scene-0921_CAM_FRONT_fc46571b_9c40f85f,G51-B,4,49395,21.313724131559493,0.013475075931496328,0.9297796338612665,0.32434402332361517
scene-0921_CAM_FRONT_9742c1ad_05101786,G51-B,0,49178,24.005945742823894,0.02543215222373063,0.9273697896146875,0.32291912904157805
scene-0921_CAM_FRONT_9742c1ad_05101786,G51-B,1,49838,23.07593544407894,0.02466141034395597,0.926233813988916,0.32725290888556197
scene-0921_CAM_FRONT_9742c1ad_05101786,G51-B,2,52813,22.324129746835442,0.03032464595447948,0.9255968796785123,0.3467877498489743
scene-0921_CAM_FRONT_9742c1ad_05101786,G51-B,3,52590,22.768506558028612,0.02537575403521819,0.9259842933312321,0.34532345756835553
scene-0921_CAM_FRONT_9742c1ad_05101786,G51-B,4,51515,25.036764539616506,0.028751241533408134,0.9289325768917606,0.33826464948913926
scene-0921_CAM_FRONT_8331a249_4fe7d92f,G51-B,0,68484,26.206339780745964,0.06999848456569469,0.9339295563785359,0.45160612507551284
scene-0921_CAM_FRONT_8331a249_4fe7d92f,G51-B,1,65464,25.484386675384286,0.07185894262162962,0.9390578625272503,0.43166417146008984
scene-0921_CAM_FRONT_8331a249_4fe7d92f,G51-B,2,67383,25.876910016977924,0.08310257226769258,0.9476400598849578,0.44605100727549707
scene-0921_CAM_FRONT_8331a249_4fe7d92f,G51-B,3,66946,25.870795291468713,0.07870539611662442,0.9660651905549865,0.4443503270033882
scene-0921_CAM_FRONT_8331a249_4fe7d92f,G51-B,4,67142,25.9927540822072,0.07803940410850863,0.9813056496729966,0.4465828802563496
scene-0921_CAM_FRONT_a024f1b7_791c46fa,G51-B,0,80802,19.561943980310687,0.06747159128928981,0.9766698185065532,0.5354188007249232
scene-0921_CAM_FRONT_a024f1b7_791c46fa,G51-B,1,77903,18.65266756142161,0.07865184769462585,0.933693168387046,0.5116618075801749
scene-0921_CAM_FRONT_a024f1b7_791c46fa,G51-B,2,75004,17.83021072004413,0.06234317765240904,0.9040790061198224,0.4925012476032884
scene-0921_CAM_FRONT_a024f1b7_791c46fa,G51-B,3,78023,17.183937705024174,0.04777944387469013,0.8821671525753159,0.5175977726998136
scene-0921_CAM_FRONT_a024f1b7_791c46fa,G51-B,4,75497,17.227069678526842,0.04620083307825018,0.8726525359178421,0.5021340582565073
scene-0922_CAM_FRONT_73c335a2_54d0e038,G51-B,0,101037,24.672151096204193,0.070936315377363,0.9735967746171827,0.6699038688834608
scene-0922_CAM_FRONT_73c335a2_54d0e038,G51-B,1,112831,25.786582606244057,0.1060414779196659,0.9797165970635359,0.7457318834869855
scene-0922_CAM_FRONT_73c335a2_54d0e038,G51-B,2,111151,25.782936248912105,0.09352691267389313,0.9818112573214614,0.7340438105744228
scene-0922_CAM_FRONT_73c335a2_54d0e038,G51-B,3,116968,25.427556351336545,0.08885495927288578,0.9756520368765267,0.7743413967903764
scene-0922_CAM_FRONT_73c335a2_54d0e038,G51-B,4,111273,25.552884776069515,0.08404096730435295,0.9739973209360965,0.7373269771228955
scene-0922_CAM_FRONT_2fb8e56b_a2b34ea2,G51-B,0,117321,24.880389492753622,0.10622305433941737,0.973695269613637,0.7734615081553857
scene-0922_CAM_FRONT_2fb8e56b_a2b34ea2,G51-B,1,118542,25.111557799680952,0.12427852173653164,0.9745751582486276,0.7785175846400336
scene-0922_CAM_FRONT_2fb8e56b_a2b34ea2,G51-B,2,121212,24.091059027777778,0.09963353849842682,0.9804388937041998,0.7961941533370105
scene-0922_CAM_FRONT_2fb8e56b_a2b34ea2,G51-B,3,117988,24.563048905197302,0.061677183477322206,0.98594148083944,0.775582433745699
scene-0922_CAM_FRONT_2fb8e56b_a2b34ea2,G51-B,4,118442,24.83897063691737,0.06854532431139759,0.9906101436713681,0.7777952879993696
scene-0922_CAM_FRONT_d659884a_5e3a4619,G51-B,0,112156,22.729034423828132,0.0840203330459941,0.9884826517479579,0.736670343813201
scene-0922_CAM_FRONT_d659884a_5e3a4619,G51-B,1,111258,22.034409466911768,0.10400887218823263,0.9843786935623671,0.7314435426680325
scene-0922_CAM_FRONT_d659884a_5e3a4619,G51-B,2,107398,21.88972809667673,0.09165888625307206,0.9814829406666141,0.7065243085651249
scene-0922_CAM_FRONT_d659884a_5e3a4619,G51-B,3,102806,22.89346222788528,0.10234314936690692,0.9801565413810311,0.6761747169910435
scene-0922_CAM_FRONT_d659884a_5e3a4619,G51-B,4,96235,22.56619073275863,0.08045866008926827,0.9798676227247656,0.6331324035405668
scene-0922_CAM_FRONT_8e2c9989_907f27be,G51-B,0,99227,22.489359110169488,0.0930395773393804,0.9787316470989941,0.6562524623749113
scene-0922_CAM_FRONT_8e2c9989_907f27be,G51-B,1,103202,22.75145224294355,0.10017956164288178,0.9738528616079637,0.6819071257846768
scene-0922_CAM_FRONT_8e2c9989_907f27be,G51-B,2,96740,22.6030162103013,0.10033771388379242,0.9719157933443647,0.6379389593675308
scene-0922_CAM_FRONT_8e2c9989_907f27be,G51-B,3,95535,23.28324914856406,0.09138238284046274,0.9706550573897512,0.629021879021879
scene-0922_CAM_FRONT_8e2c9989_907f27be,G51-B,4,103260,23.753543307086616,0.08481759753290552,0.9737806319438973,0.6843891996953222
scene-0922_CAM_FRONT_90bf8cc6_b7cf1c23,G51-B,0,95918,19.63728476283301,0.06502348727837926,0.9724017019935387,0.6335657815249652
scene-0922_CAM_FRONT_90bf8cc6_b7cf1c23,G51-B,1,108527,19.451853197674417,0.05668437073646482,0.9707207207207207,0.7199130617497964
scene-0922_CAM_FRONT_90bf8cc6_b7cf1c23,G51-B,2,110410,20.009569853660928,0.08988757786395096,0.9725724266540593,0.7306030520316235
scene-0922_CAM_FRONT_90bf8cc6_b7cf1c23,G51-B,3,105024,19.899687648385562,0.09406658359432951,0.9776810338034828,0.6900690778241798
scene-0922_CAM_FRONT_90bf8cc6_b7cf1c23,G51-B,4,94841,20.540539145109516,0.10378159943820764,0.9823299976361201,0.623013684238174
scene-0922_CAM_FRONT_b2bb80cb_c3ebdce9,G51-B,0,95251,21.373223286290322,0.08634531815518187,0.9846413468862448,0.6269928820949229
scene-0922_CAM_FRONT_b2bb80cb_c3ebdce9,G51-B,1,102829,20.673439710489088,0.09102964855777085,0.987379507787671,0.6761878496572374
scene-0922_CAM_FRONT_b2bb80cb_c3ebdce9,G51-B,2,106386,20.98966343374191,0.1011235674508364,0.9858035878444041,0.702788065032963
scene-0922_CAM_FRONT_b2bb80cb_c3ebdce9,G51-B,3,108723,21.14743716032609,0.10737086186824785,0.9850944238699341,0.7195781787618523
scene-0922_CAM_FRONT_b2bb80cb_c3ebdce9,G51-B,4,101530,21.613774933510634,0.09451893565028757,0.9816930633257164,0.6680455966170252
scene-0922_CAM_FRONT_85b3158e_af48d5a3,G51-B,0,112783,20.9402705586545,0.057318655159360965,0.9805570876999449,0.7492908360255299
scene-0922_CAM_FRONT_85b3158e_af48d5a3,G51-B,1,109673,22.159335147317503,0.06940775168820945,0.9818703543193339,0.7257111338743992
scene-0922_CAM_FRONT_85b3158e_af48d5a3,G51-B,2,104602,22.95842128003173,0.07813026689862879,0.9862369658288026,0.6883815302182649
scene-0922_CAM_FRONT_85b3158e_af48d5a3,G51-B,3,108654,23.786319167178544,0.08501569057296154,0.9925734772673548,0.7140164946287395
scene-0922_CAM_FRONT_85b3158e_af48d5a3,G51-B,4,108585,24.342818777901783,0.09319211880450684,0.9975441914217424,0.7130381109972946
scene-0922_CAM_FRONT_5d168d27_b78891c5,G51-B,0,108206,23.33629132699275,0.07889656734243022,0.9950621175110971,0.710595435085231
scene-0922_CAM_FRONT_5d168d27_b78891c5,G51-B,1,114085,22.23466989520106,0.08123992281531933,0.9958041131510519,0.7492645706931421
scene-0922_CAM_FRONT_5d168d27_b78891c5,G51-B,2,113605,22.64165488742869,0.0827272666289014,0.9973997320936097,0.7462703228009351
scene-0922_CAM_FRONT_5d168d27_b78891c5,G51-B,3,114234,22.551068050143563,0.07149702840488703,0.9977805794132325,0.7507091639744701
scene-0922_CAM_FRONT_5d168d27_b78891c5,G51-B,4,108306,23.485284978693176,0.09177136167756395,0.999271137026239,0.7115081553857064
scene-0923_CAM_FRONT_c07a4800_957eef00,G51-B,0,96802,24.55886127574234,0.077544064560497,0.9726512226512226,0.6409791715914165
scene-0923_CAM_FRONT_c07a4800_957eef00,G51-B,1,98856,24.137521953055305,0.08496595412600016,0.9616394820476453,0.6524111575131983
scene-0923_CAM_FRONT_c07a4800_957eef00,G51-B,2,95515,23.570929894080525,0.0727238960704164,0.9549746539542457,0.6332440312032149
scene-0923_CAM_FRONT_c07a4800_957eef00,G51-B,3,84716,23.603846184855513,0.06120997635624348,0.9465828802563496,0.5670619599191028
scene-0923_CAM_FRONT_c07a4800_957eef00,G51-B,4,88023,23.876987517377202,0.05295345092228532,0.9397079295038478,0.5870301788669136
scene-0923_CAM_FRONT_9b4c2d1a_2a376dea,G51-B,0,92626,32.75638577279202,0.07090894501548473,0.945341843301027,0.6140703385601345
scene-0923_CAM_FRONT_9b4c2d1a_2a376dea,G51-B,1,101947,33.62786847685451,0.10375875105398302,0.9519213090641662,0.67444120505345
scene-0923_CAM_FRONT_9b4c2d1a_2a376dea,G51-B,2,100413,33.71003682964033,0.11377734557962471,0.954357418643133,0.660980222204712
scene-0923_CAM_FRONT_9b4c2d1a_2a376dea,G51-B,3,106191,32.00887380311192,0.09231234499375285,0.9623158143566307,0.7040619336537703
scene-0923_CAM_FRONT_9b4c2d1a_2a376dea,G51-B,4,96519,30.6660921443481,0.058803555519856054,0.9583628818322696,0.6363564730911669
scene-0923_CAM_FRONT_f96b2fb0_58bb75a7,G51-B,0,89805,27.24651061596514,0.08516257725512855,0.9546857352979802,0.5966170251884537
scene-0923_CAM_FRONT_f96b2fb0_58bb75a7,G51-B,1,96679,29.195009558646436,0.10216356539293159,0.9478107845454784,0.6495022719512515
scene-0923_CAM_FRONT_f96b2fb0_58bb75a7,G51-B,2,95092,28.57892169249775,0.10869489762776885,0.9417960234286765,0.6408675439287684
scene-0923_CAM_FRONT_f96b2fb0_58bb75a7,G51-B,3,98394,28.168706987824237,0.10463462589050909,0.9280001575919943,0.6628122291387597
scene-0923_CAM_FRONT_f96b2fb0_58bb75a7,G51-B,4,100901,28.78737983561803,0.14080372757747384,0.9269823759619678,0.683936122711633
scene-0923_CAM_FRONT_ff9eff43_90314f29,G51-B,0,101841,28.587969584286803,0.12736707144978832,0.9265686969768603,0.698467417855173
scene-0923_CAM_FRONT_ff9eff43_90314f29,G51-B,1,101224,26.679723950233285,0.10063951666859028,0.9088855619467865,0.7057232159272976
scene-0923_CAM_FRONT_ff9eff43_90314f29,G51-B,2,100494,27.15574641367543,0.12348398464286992,0.9106650382160586,0.7002928584561238
scene-0923_CAM_FRONT_ff9eff43_90314f29,G51-B,3,98766,26.781941769204224,0.0972828730344173,0.9359848186378799,0.6749993433666903
scene-0923_CAM_FRONT_ff9eff43_90314f29,G51-B,4,94686,26.506276769612263,0.0916349686768263,0.9387229795393061,0.639836629632548
scene-0923_CAM_FRONT_84c5a3b5_02e64ee9,G51-B,0,98073,28.1289005055147,0.09812799567372821,0.9459328132797521,0.662175294828356
scene-0923_CAM_FRONT_84c5a3b5_02e64ee9,G51-B,1,97510,28.362988610058924,0.08816906425043758,0.9467207732513855,0.6695689858955165
scene-0923_CAM_FRONT_84c5a3b5_02e64ee9,G51-B,2,93771,27.545768978239114,0.12924085517209516,0.9327607490872797,0.6302563496441047
scene-0923_CAM_FRONT_84c5a3b5_02e64ee9,G51-B,3,97479,27.50002158149172,0.10747028160969974,0.956379849236992,0.6529430304940509
scene-0923_CAM_FRONT_84c5a3b5_02e64ee9,G51-B,4,92431,28.529626100948512,0.11294135886917589,0.95326740734904,0.6157578861660494
scene-0923_CAM_FRONT_0bf7d8af_c217c812,G51-B,0,102769,27.986581964198137,0.12878086217455076,0.9588093924828619,0.6819333911170646
scene-0923_CAM_FRONT_0bf7d8af_c217c812,G51-B,1,105904,28.015554674713584,0.11640924222869042,0.9755666745462663,0.7012581094213747
scene-0923_CAM_FRONT_0bf7d8af_c217c812,G51-B,2,95702,27.917413168988265,0.11288905947592975,0.9757767972053686,0.635752370446248
scene-0923_CAM_FRONT_0bf7d8af_c217c812,G51-B,3,93655,29.382182782113613,0.13808039193297494,0.9814107110025477,0.6200325690121609
scene-0923_CAM_FRONT_0bf7d8af_c217c812,G51-B,4,90707,27.870427148064053,0.08860621799468138,0.9815420376644867,0.5975231791558322
scene-0923_CAM_FRONT_b6aec949_07562899,G51-B,0,77541,34.71017015807244,0.09357097570211792,0.9733472539594988,0.5119901242350222
scene-0923_CAM_FRONT_b6aec949_07562899,G51-B,1,88551,33.36012438971855,0.10494530915097489,0.9835579019252488,0.5824600110314396
scene-0923_CAM_FRONT_b6aec949_07562899,G51-B,2,105103,31.97707641019087,0.06488385266144281,0.9793094844115252,0.6946392456596538
scene-0923_CAM_FRONT_b6aec949_07562899,G51-B,3,100715,33.62403608727332,0.08678215287137725,0.9754813122160061,0.6649068893966853
scene-0923_CAM_FRONT_b6aec949_07562899,G51-B,4,99840,33.384295262327974,0.13154234569103784,0.9732947232947233,0.6598245475796496
scene-0923_CAM_FRONT_9a72a012_ddabe094,G51-B,0,89287,29.10582239394724,0.11754905878612387,0.9714627163606755,0.5893874924487169
scene-0923_CAM_FRONT_9a72a012_ddabe094,G51-B,1,101281,27.652404194874276,0.15242838227251765,0.9723032069970845,0.669148740577312
scene-0923_CAM_FRONT_9a72a012_ddabe094,G51-B,2,101532,27.06049368854009,0.1204537289806924,0.9688099177895096,0.6693128989047357
scene-0923_CAM_FRONT_9a72a012_ddabe094,G51-B,3,99196,28.185491181170104,0.12231046401174206,0.9805636540330418,0.6520434428597693
scene-0923_CAM_FRONT_9a72a012_ddabe094,G51-B,4,105995,29.250673491379313,0.11526344897561902,0.9830457279436872,0.6982507288629738
scene-0924_CAM_FRONT_c201dea8_9ed40a1c,G51-B,0,132401,20.8967508832846,0.046605466559758835,0.9576734168570903,0.8713983662963255
scene-0924_CAM_FRONT_c201dea8_9ed40a1c,G51-B,1,130743,22.13188084462938,0.05396294012241665,0.9560909305807265,0.8616210963149739
scene-0924_CAM_FRONT_c201dea8_9ed40a1c,G51-B,2,129065,21.6504133202324,0.0633770752904379,0.9555984555984556,0.8508391773697896
scene-0924_CAM_FRONT_c201dea8_9ed40a1c,G51-B,3,125302,21.64538212964556,0.08334344392675486,0.9585204738265963,0.8263401885850865
scene-0924_CAM_FRONT_c201dea8_9ed40a1c,G51-B,4,120814,20.94832933480972,0.07009576797341888,0.9555065269350984,0.7936989467601713
scene-0924_CAM_FRONT_de7e74c2_d9e3f634,G51-B,0,128948,21.742676992866,0.05121677188341245,0.9535234943398209,0.8566109841620045
scene-0924_CAM_FRONT_de7e74c2_d9e3f634,G51-B,1,121429,21.539105425824182,0.05469058876905697,0.9514222677487983,0.8150986263231161
scene-0924_CAM_FRONT_de7e74c2_d9e3f634,G51-B,2,106009,22.294336361784946,0.049458230162510386,0.9353084863288945,0.7197686024216636
scene-0924_CAM_FRONT_de7e74c2_d9e3f634,G51-B,3,110590,22.112693854944023,0.03983228171137765,0.9418945184251307,0.7520618285924409
scene-0924_CAM_FRONT_de7e74c2_d9e3f634,G51-B,4,113129,22.4484275087665,0.05314961780578642,0.9585401728258871,0.7560738581146744
scene-0924_CAM_FRONT_6f5980b6_093439cd,G51-B,0,112488,20.012674715909085,0.05245593311248342,0.964200351955454,0.7459026081475061
scene-0924_CAM_FRONT_6f5980b6_093439cd,G51-B,1,110005,20.393986491123727,0.03686965093071137,0.9637801066372494,0.7335053712604733
scene-0924_CAM_FRONT_6f5980b6_093439cd,G51-B,2,109108,20.906241313009645,0.04927822944851745,0.9617314107110025,0.7301434087148373
scene-0924_CAM_FRONT_6f5980b6_093439cd,G51-B,3,110775,21.658572385634702,0.06728616514802122,0.9575026921965697,0.7484503453891209
scene-0924_CAM_FRONT_6f5980b6_093439cd,G51-B,4,113086,21.561933620914463,0.038163267587577154,0.9530113203582591,0.7649712394610354
scene-0924_CAM_FRONT_39eacd41_604687c1,G51-B,0,109626,17.308868821110085,0.03603441846212796,0.9529325243610958,0.7343458618968823
scene-0924_CAM_FRONT_39eacd41_604687c1,G51-B,1,110568,17.60684093893631,0.046966855513501216,0.9575289575289575,0.7443004228718515
scene-0924_CAM_FRONT_39eacd41_604687c1,G51-B,2,102242,17.639956430288464,0.04428760485592487,0.9535628923384025,0.6889856328631839
scene-0924_CAM_FRONT_39eacd41_604687c1,G51-B,3,93227,17.29062595042579,0.03791003636922108,0.9501155674625062,0.625180574160166
scene-0924_CAM_FRONT_39eacd41_604687c1,G51-B,4,97313,18.29083003393665,0.03774428011170006,0.9566950332256454,0.6524242901793922
scene-0924_CAM_FRONT_77909180_dd3bfc47,G51-B,0,104502,22.357806709388505,0.028232416539311966,0.9560580989152417,0.6972198145667533
scene-0924_CAM_FRONT_77909180_dd3bfc47,G51-B,1,111329,23.53953541575612,0.046637907492513175,0.9463858902634413,0.743867044887453
scene-0924_CAM_FRONT_77909180_dd3bfc47,G51-B,2,116367,22.524001166750757,0.0489821887151507,0.9407388438000683,0.7774210070128438
scene-0924_CAM_FRONT_77909180_dd3bfc47,G51-B,3,112764,22.652364657671725,0.04340046880445958,0.9378365245712185,0.7487655293777743
scene-0924_CAM_FRONT_77909180_dd3bfc47,G51-B,4,111667,23.019463621018,0.043308549296858345,0.9394781078454548,0.737267880125023
scene-0924_CAM_FRONT_eb0ce46b_824c67e0,G51-B,0,106182,18.558878102022057,0.040248162489816997,0.9251766343603078,0.7028931263625141
scene-0924_CAM_FRONT_eb0ce46b_824c67e0,G51-B,1,107504,18.730381944444442,0.03791440886492836,0.9108817272082578,0.7154939195755522
scene-0924_CAM_FRONT_eb0ce46b_824c67e0,G51-B,2,101830,18.55096368475274,0.041216414958365366,0.8850038084731963,0.6724056417933969
scene-0924_CAM_FRONT_eb0ce46b_824c67e0,G51-B,3,94688,17.95639711850649,0.03611572889940917,0.8591193234050377,0.638516796680062
scene-0924_CAM_FRONT_eb0ce46b_824c67e0,G51-B,4,96691,17.912877254856607,0.0548322026654775,0.8794158590076957,0.6471055603708665
scene-0924_CAM_FRONT_cef359e1_70780c59,G51-B,0,88376,17.288114308581804,0.0423438082108587,0.8414952853728364,0.5994799464187219
scene-0924_CAM_FRONT_cef359e1_70780c59,G51-B,1,94284,17.331173479462873,0.06404258673931729,0.8460194888766317,0.6388845113334909
scene-0924_CAM_FRONT_cef359e1_70780c59,G51-B,2,92245,17.27075520833333,0.0968148655608041,0.8314684947338009,0.6264281774485856
scene-0924_CAM_FRONT_cef359e1_70780c59,G51-B,3,103910,17.299687355591498,0.07519039109714365,0.8710700496414782,0.7152246999185775
scene-0924_CAM_FRONT_cef359e1_70780c59,G51-B,4,107159,17.25209520157756,0.09916191983626232,0.8955230740945027,0.7341554382370709
scene-0924_CAM_FRONT_56ef03aa_00fa4bf2,G51-B,0,111024,14.27946315456081,0.07669765643061877,0.9141977254222152,0.7498686733380611
scene-0924_CAM_FRONT_56ef03aa_00fa4bf2,G51-B,1,112572,14.229374786543719,0.0497070854628725,0.9371601922622331,0.7625876605468442
scene-0924_CAM_FRONT_56ef03aa_00fa4bf2,G51-B,2,112900,13.887212548552265,0.06310906645205439,0.9466222782549313,0.7599939589735508
scene-0924_CAM_FRONT_56ef03aa_00fa4bf2,G51-B,3,107135,13.701081946942445,0.048894067013747655,0.9392614188532555,0.7191513671105508
scene-0924_CAM_FRONT_56ef03aa_00fa4bf2,G51-B,4,97362,13.464583867599648,0.03622470194967531,0.9287684185643369,0.6734562550889082
scene-0925_CAM_FRONT_e6fcfc5c_56b595dc,G51-B,0,86140,13.739319442662902,0.05615046750906494,0.9596892811178526,0.57100175977727
scene-0925_CAM_FRONT_e6fcfc5c_56b595dc,G51-B,1,85575,13.855668243501526,0.07142261721738219,0.9536548210017598,0.5670619599191028
scene-0925_CAM_FRONT_e6fcfc5c_56b595dc,G51-B,2,80492,13.863067331571573,0.05985859141205063,0.9460838389409818,0.5349919890736218
scene-0925_CAM_FRONT_e6fcfc5c_56b595dc,G51-B,3,79094,14.289372040088049,0.04923988587577033,0.941861686759646,0.5266330470412103
scene-0925_CAM_FRONT_e6fcfc5c_56b595dc,G51-B,4,75545,14.090190147466352,0.04127074998891844,0.9382961678880046,0.5031518398865338
scene-0925_CAM_FRONT_50ae7fb9_28993b0f,G51-B,0,88250,14.130079452527612,0.04471892012630718,0.9337653980511124,0.5961836472040554
scene-0925_CAM_FRONT_50ae7fb9_28993b0f,G51-B,1,88322,14.297059755067568,0.053585538891923745,0.9308827778215534,0.5977398681480314
scene-0925_CAM_FRONT_50ae7fb9_28993b0f,G51-B,2,84819,14.473635817307692,0.041713560974815156,0.9299175268563024,0.5712906784335355
scene-0925_CAM_FRONT_50ae7fb9_28993b0f,G51-B,3,87793,15.153006263766525,0.06072352711988538,0.9324324324324325,0.5977267354818375
scene-0925_CAM_FRONT_50ae7fb9_28993b0f,G51-B,4,90062,14.774608696045767,0.05155525590273302,0.9350392666719197,0.6113190449925143
scene-0925_CAM_FRONT_204ed035_1745a8aa,G51-B,0,70605,14.818180998268344,0.059914224595738474,0.935728731647099,0.467082972185013
scene-0925_CAM_FRONT_204ed035_1745a8aa,G51-B,1,72178,14.543201592366698,0.045763823959146466,0.935846925642844,0.47661072150868067
scene-0925_CAM_FRONT_204ed035_1745a8aa,G51-B,2,69854,14.610318811928357,0.04220655782591676,0.9355317416541906,0.4611141753998897
scene-0925_CAM_FRONT_204ed035_1745a8aa,G51-B,3,71867,14.910966614906835,0.053153287578858954,0.9361752422976912,0.4732224936306569
scene-0925_CAM_FRONT_204ed035_1745a8aa,G51-B,4,72551,14.79041128727312,0.04645572410967347,0.9462873952669871,0.4764925275129357
scene-0925_CAM_FRONT_5d09f3c4_03479e99,G51-B,0,81460,12.226341792886318,0.03966109844896071,0.9437659233577601,0.5387479316050745
scene-0925_CAM_FRONT_5d09f3c4_03479e99,G51-B,1,83208,11.78844868708648,0.03009338819955465,0.943417907703622,0.5503637748535708
scene-0925_CAM_FRONT_5d09f3c4_03479e99,G51-B,2,82203,11.808498236117458,0.0324667428713985,0.9432603157092952,0.5435807527644262
scene-0925_CAM_FRONT_5d09f3c4_03479e99,G51-B,3,83577,11.84084580509538,0.0320872336681699,0.9435886323641426,0.5541656817167021
scene-0925_CAM_FRONT_5d09f3c4_03479e99,G51-B,4,83897,12.311132157638307,0.038368515447369855,0.9433982087043311,0.5540737530533449
scene-0925_CAM_FRONT_66725604_e6b2fa45,G51-B,0,91487,13.985268183479533,0.03144986095333513,0.9434967037007853,0.6161256008194784
scene-0925_CAM_FRONT_66725604_e6b2fa45,G51-B,1,92379,13.989607445987659,0.04174167755184399,0.942931999054448,0.6230924802353374
scene-0925_CAM_FRONT_66725604_e6b2fa45,G51-B,2,87400,13.955842268707896,0.04017770873286075,0.9384471935492343,0.5909765450581778
scene-0925_CAM_FRONT_66725604_e6b2fa45,G51-B,3,84521,14.34312382888056,0.03367034440611372,0.9406994458014866,0.5724463530585979
scene-0925_CAM_FRONT_66725604_e6b2fa45,G51-B,4,78336,15.226455713504645,0.04210460533572147,0.9404433588107057,0.5276573950043337
scene-0925_CAM_FRONT_bbe84595_dd673198,G51-B,0,88144,19.213346232020015,0.036699207854409055,0.9359322879731043,0.6009639376986315
scene-0925_CAM_FRONT_bbe84595_dd673198,G51-B,1,88136,18.946607714770156,0.0336053274127055,0.9385062905471069,0.5959538255456622
scene-0925_CAM_FRONT_bbe84595_dd673198,G51-B,2,92568,19.898194633152176,0.05129992712234954,0.959144275470806,0.6152325795182938
scene-0925_CAM_FRONT_bbe84595_dd673198,G51-B,3,92479,22.70129804586563,0.08557535534374239,0.9809379350195677,0.6082000367714654
scene-0925_CAM_FRONT_bbe84595_dd673198,G51-B,4,90446,20.676342492816097,0.07174335280010546,0.9662884458802826,0.5945157985974312
scene-0925_CAM_FRONT_0dd58808_a7d435d5,G51-B,0,122434,21.891531237213584,0.066314880738785,0.9858035878444041,0.8092414572006409
scene-0925_CAM_FRONT_0dd58808_a7d435d5,G51-B,1,129749,22.012172473459618,0.062462968982653244,0.9983912483912484,0.8532884196149503
scene-0925_CAM_FRONT_0dd58808_a7d435d5,G51-B,2,129439,21.636078111858698,0.05322366115105437,0.9999868673338062,0.8503992330522943
scene-0925_CAM_FRONT_0dd58808_a7d435d5,G51-B,3,122545,21.945234840954278,0.0460591542766271,0.9999803010007091,0.8053279226748614
scene-0925_CAM_FRONT_0dd58808_a7d435d5,G51-B,4,120206,23.191697505482452,0.07144084762953407,0.999888372337352,0.7900480655582697
scene-0925_CAM_FRONT_be34a4c9_2bdb1731,G51-B,0,112406,20.130704457005187,0.08087281163313387,0.9978725080765897,0.7387321724056418
scene-0925_CAM_FRONT_be34a4c9_2bdb1731,G51-B,1,117450,19.715729520975053,0.0737495297337818,0.9961783941375778,0.7717148635515982
scene-0925_CAM_FRONT_be34a4c9_2bdb1731,G51-B,2,115479,19.9378552546664,0.06773768373466194,0.9945302445302445,0.7599873926404539
scene-0925_CAM_FRONT_be34a4c9_2bdb1731,G51-B,3,113127,18.71031700102881,0.06851574360760626,0.9919759409555328,0.7434730649016363
scene-0925_CAM_FRONT_be34a4c9_2bdb1731,G51-B,4,109418,19.837289663461537,0.13251831852368512,0.9876618601108397,0.7184750348015654
scene-0926_CAM_FRONT_45eda670_78989332,G51-B,0,78677,17.197527047136425,0.037300660665430474,0.7690292333149475,0.5380256349644105
scene-0926_CAM_FRONT_45eda670_78989332,G51-B,1,77326,17.19287818742433,0.04699858418027336,0.7705066582617603,0.5313148425393324
scene-0926_CAM_FRONT_45eda670_78989332,G51-B,2,75821,16.896212898166024,0.04501653664391947,0.7667835473957922,0.5200076169463924
scene-0926_CAM_FRONT_45eda670_78989332,G51-B,3,74977,16.678606379023794,0.03785346119115918,0.771018832243322,0.5104995666220156
scene-0926_CAM_FRONT_45eda670_78989332,G51-B,4,81532,16.272728918804084,0.034304637106292946,0.7855369947206682,0.556463898300633
scene-0926_CAM_FRONT_7c4bfd7a_d11e40fe,G51-B,0,99100,16.064567733801958,0.025889194869132215,0.7995167178840649,0.6599493079084916
scene-0926_CAM_FRONT_7c4bfd7a_d11e40fe,G51-B,1,107069,16.523091332617078,0.041525024445441705,0.8201809681401518,0.7307934756914348
scene-0926_CAM_FRONT_7c4bfd7a_d11e40fe,G51-B,2,110329,17.030162618207243,0.03851266896779304,0.8181848028786805,0.7849394584088462
scene-0926_CAM_FRONT_7c4bfd7a_d11e40fe,G51-B,3,102146,17.07846725321261,0.03173331736121021,0.8071993276074909,0.7499540356683214
scene-0926_CAM_FRONT_7c4bfd7a_d11e40fe,G51-B,4,88687,17.43468574108818,0.0374830602701941,0.8354017282588712,0.6053962125390697
scene-0926_CAM_FRONT_8a05f7a2_26d153ce,G51-B,0,91396,24.927936900745735,0.10463961763216445,0.8598481863787987,0.6112468153284479
scene-0926_CAM_FRONT_8a05f7a2_26d153ce,G51-B,1,97766,24.895725437449716,0.1525678767836598,0.8682924907414703,0.6468757387124734
scene-0926_CAM_FRONT_8a05f7a2_26d153ce,G51-B,2,103379,24.439301143418874,0.1405761976901414,0.8949255377826807,0.6923081974102382
scene-0926_CAM_FRONT_8a05f7a2_26d153ce,G51-B,3,105599,23.921011854260943,0.11970201456775431,0.909542195256481,0.7078769731830956
scene-0926_CAM_FRONT_8a05f7a2_26d153ce,G51-B,4,104820,23.427030617408903,0.1045077283553486,0.9084915819609697,0.7110485120689203
scene-0926_CAM_FRONT_91a161db_1998255a,G51-B,0,109908,23.338996909981333,0.06095917095941772,0.903179418485541,0.7413981036430016
scene-0926_CAM_FRONT_91a161db_1998255a,G51-B,1,107941,22.965137334045902,0.056318922434770435,0.8977293620150762,0.7161571192183437
scene-0926_CAM_FRONT_91a161db_1998255a,G51-B,2,99332,23.65533158658055,0.07191699928148343,0.8948467417855173,0.6547750374280986
scene-0926_CAM_FRONT_91a161db_1998255a,G51-B,3,90951,23.59430840163934,0.06092051569016954,0.8779187350615922,0.5994668137525281
scene-0926_CAM_FRONT_91a161db_1998255a,G51-B,4,89545,23.41529352260567,0.04868165962239157,0.8752462374911355,0.5918826990255561
scene-0926_CAM_FRONT_cc8d4c54_6742957c,G51-B,0,87766,23.6515588952391,0.06760653626204194,0.864011241562262,0.5861699892312138
scene-0926_CAM_FRONT_cc8d4c54_6742957c,G51-B,1,96401,24.74117380912909,0.06722447678142052,0.8659154781603762,0.6456281354240538
scene-0926_CAM_FRONT_cc8d4c54_6742957c,G51-B,2,95913,24.00916466346154,0.06188257617601067,0.8625075512830614,0.641268090247682
scene-0926_CAM_FRONT_cc8d4c54_6742957c,G51-B,3,90451,23.72587693339646,0.06854351503277245,0.8504451973839728,0.6061053765135398
scene-0926_CAM_FRONT_cc8d4c54_6742957c,G51-B,4,88431,23.710533352183326,0.06409337761698097,0.8507078507078507,0.594430436267171
scene-0926_CAM_FRONT_e1f394c2_b703e37c,G51-B,0,84510,21.105430866109913,0.07733832882533487,0.8489415071047725,0.5691303548446406
scene-0926_CAM_FRONT_e1f394c2_b703e37c,G51-B,1,86184,21.1601408930486,0.06652033142967784,0.8599795130407375,0.5875423528484753
scene-0926_CAM_FRONT_e1f394c2_b703e37c,G51-B,2,86845,21.44087656369366,0.06447815758196285,0.8710175189767027,0.5893546607832322
scene-0926_CAM_FRONT_e1f394c2_b703e37c,G51-B,3,83919,21.494941422013724,0.059060538414764,0.8687193023927717,0.571842250413679
scene-0926_CAM_FRONT_e1f394c2_b703e37c,G51-B,4,79797,20.792749944722882,0.059645553958717734,0.8626717096104851,0.5369027920048328
scene-0926_CAM_FRONT_e31dad83_70308748,G51-B,0,80576,18.96834328518306,0.06862134559945243,0.8661256008194784,0.5398970398970399
scene-0926_CAM_FRONT_e31dad83_70308748,G51-B,1,80594,19.674938031161467,0.06776983159916439,0.8695926246946655,0.535431933391117
scene-0926_CAM_FRONT_e31dad83_70308748,G51-B,2,81106,19.69200546116505,0.06218363858705889,0.8733813988916029,0.537841777637696
scene-0926_CAM_FRONT_e31dad83_70308748,G51-B,3,84076,20.190571235535934,0.0628084576625787,0.887190397394479,0.5550915346833715
scene-0926_CAM_FRONT_e31dad83_70308748,G51-B,4,81213,19.775783330559253,0.06569650805527827,0.8919247235573766,0.5359441073726788
scene-0926_CAM_FRONT_7f10e68a_76e95a17,G51-B,0,81370,21.50493327317629,0.06395807119447117,0.8942360728075014,0.535917842040291
scene-0926_CAM_FRONT_7f10e68a_76e95a17,G51-B,1,81888,22.214456684225507,0.06888164865953228,0.8932839545084443,0.5392469729204423
scene-0926_CAM_FRONT_7f10e68a_76e95a17,G51-B,2,81652,22.090905199963473,0.07457405476991097,0.8910120032569012,0.5362658576944291
scene-0926_CAM_FRONT_7f10e68a_76e95a17,G51-B,3,77239,21.776318359375004,0.07960697558543028,0.886704488745305,0.5071770020749613
scene-0926_CAM_FRONT_7f10e68a_76e95a17,G51-B,4,80810,21.32556002380221,0.0699812816212515,0.8812741312741312,0.5306253775641531
scene-0927_CAM_FRONT_5d785cd9_f4e02ed6,G51-B,0,99655,21.75115363878552,0.1104022015023971,0.8775247550757754,0.6670540803193864
scene-0927_CAM_FRONT_5d785cd9_f4e02ed6,G51-B,1,99605,22.16439389195056,0.11233543020788073,0.8782404853833425,0.6641780264229243
scene-0927_CAM_FRONT_5d785cd9_f4e02ed6,G51-B,2,99656,21.712834271639693,0.0988133053203255,0.8807816562918603,0.6635476584456176
scene-0927_CAM_FRONT_5d785cd9_f4e02ed6,G51-B,3,101581,23.019687558433056,0.11933158148747447,0.8755482888135949,0.6736138470832348
scene-0927_CAM_FRONT_5d785cd9_f4e02ed6,G51-B,4,95523,22.136828175895765,0.07301740223468167,0.8652719775168755,0.6318125705880808
scene-0927_CAM_FRONT_3a9bf178_34f1c80e,G51-B,0,95974,23.972561082739883,0.087541686236289,0.8532555879494655,0.6390749349933024
scene-0927_CAM_FRONT_3a9bf178_34f1c80e,G51-B,1,93362,24.168258912929222,0.09301419604350114,0.8469125101778163,0.6242350221942059
scene-0927_CAM_FRONT_3a9bf178_34f1c80e,G51-B,2,93064,24.293383422947915,0.12312719835786012,0.8620085099676936,0.6198684106847372
scene-0927_CAM_FRONT_3a9bf178_34f1c80e,G51-B,3,91077,23.92081629672898,0.11755660906572185,0.8799017676568697,0.6102487326977123
scene-0927_CAM_FRONT_3a9bf178_34f1c80e,G51-B,4,96926,23.897607682589626,0.11599988168644249,0.9045386494366087,0.6539542457909805
scene-0927_CAM_FRONT_39685006_f6c8351e,G51-B,0,105883,23.73156791125541,0.1272210385166721,0.9016625955401466,0.7168400178604261
scene-0927_CAM_FRONT_39685006_f6c8351e,G51-B,1,108368,23.701536989795922,0.12188464894374507,0.8896790376382213,0.7507813936385365
scene-0927_CAM_FRONT_39685006_f6c8351e,G51-B,2,108774,23.580200497217643,0.15440468079057168,0.8809589472854779,0.7431250492474982
scene-0927_CAM_FRONT_39685006_f6c8351e,G51-B,3,106518,23.786357032732447,0.12307815379999121,0.8753775641530743,0.7256586032096236
scene-0927_CAM_FRONT_39685006_f6c8351e,G51-B,4,102513,23.055799048101537,0.11379782027829721,0.8811099729467077,0.6923147637433352
scene-0927_CAM_FRONT_ceb32049_c485bc17,G51-B,0,101970,22.595072320413195,0.11216414075946379,0.87818138838547,0.6744149397210621
scene-0927_CAM_FRONT_ceb32049_c485bc17,G51-B,1,100560,23.616828368104667,0.11533510884534715,0.8773934284138366,0.6647624300685525
scene-0927_CAM_FRONT_ceb32049_c485bc17,G51-B,2,96614,22.88579746462264,0.0901836562353342,0.8790284453549759,0.6375055813831324
scene-0927_CAM_FRONT_ceb32049_c485bc17,G51-B,3,95608,22.86280293367347,0.0675788116732825,0.8850432064717779,0.631549917264203
scene-0927_CAM_FRONT_ceb32049_c485bc17,G51-B,4,91890,22.678916572047893,0.06732006511007738,0.8820555249126678,0.6085414860925065
scene-0927_CAM_FRONT_4ef4a5d9_0d9c4c2d,G51-B,0,85151,21.478986801883686,0.058973464439441514,0.888759751004649,0.5602132744989888
scene-0927_CAM_FRONT_4ef4a5d9_0d9c4c2d,G51-B,1,81399,21.341471572783757,0.060325793882360035,0.8911367635857432,0.5378811756362777
scene-0927_CAM_FRONT_4ef4a5d9_0d9c4c2d,G51-B,2,78546,21.2505798770275,0.05699649515946503,0.8920757492186063,0.5184448296693195
scene-0927_CAM_FRONT_4ef4a5d9_0d9c4c2d,G51-B,3,74649,20.5284268783542,0.05233700068171654,0.902332361516035,0.49613899613899615
scene-0927_CAM_FRONT_4ef4a5d9_0d9c4c2d,G51-B,4,72027,20.85524690283965,0.04518541533194265,0.8986814803141334,0.47842959577653454
scene-0927_CAM_FRONT_b010e143_486730ca,G51-B,0,92631,22.775014069120758,0.1075452603114555,0.9060160743834214,0.6128686996033935
scene-0927_CAM_FRONT_b010e143_486730ca,G51-B,1,91244,22.1669237012987,0.10686621677106856,0.901367110550784,0.6061907388438
scene-0927_CAM_FRONT_b010e143_486730ca,G51-B,2,84525,20.389019979814595,0.0764150519068787,0.878667297034644,0.565236519318152
scene-0927_CAM_FRONT_b010e143_486730ca,G51-B,3,88976,20.585788039072636,0.05906097439869362,0.9187219289260106,0.5921387860163371
scene-0927_CAM_FRONT_b010e143_486730ca,G51-B,4,93266,21.46305479581889,0.06464794347258573,0.9360176503033646,0.6228757912431382
scene-0927_CAM_FRONT_699b319a_0c6c611c,G51-B,0,105240,23.413726504486384,0.1024813356724592,0.9125167441493972,0.7053883329393533
scene-0927_CAM_FRONT_699b319a_0c6c611c,G51-B,1,105625,23.799737820959397,0.08857091879446655,0.9109867885378089,0.7104312767578074
scene-0927_CAM_FRONT_699b319a_0c6c611c,G51-B,2,103173,23.6376773477741,0.06805651396793921,0.8975061066897801,0.6969440285766816
scene-0927_CAM_FRONT_699b319a_0c6c611c,G51-B,3,98381,23.61041571624088,0.08284705131225811,0.8869737084022798,0.6636527197751687
scene-0927_CAM_FRONT_699b319a_0c6c611c,G51-B,4,95631,24.963609826263536,0.09106618924433629,0.8913928505765241,0.6354765844561763
scene-0927_CAM_FRONT_3ca673f7_89897ce7,G51-B,0,103841,25.374051731233536,0.09180322350780301,0.9050245580857825,0.6903448638142515
scene-0927_CAM_FRONT_3ca673f7_89897ce7,G51-B,1,106239,24.910185678528936,0.12316638915007916,0.9043876237753788,0.7099388017755365
scene-0927_CAM_FRONT_3ca673f7_89897ce7,G51-B,2,107538,24.80388277896996,0.13400343817554283,0.908333989966643,0.7211081343734405
scene-0927_CAM_FRONT_3ca673f7_89897ce7,G51-B,3,103921,25.40345939183988,0.14401768277523574,0.9147755627347464,0.691264150447824
scene-0927_CAM_FRONT_3ca673f7_89897ce7,G51-B,4,109730,25.401738154423708,0.16398835383089394,0.9150841803903028,0.7333609119323405
scene-0928_CAM_FRONT_fd091598_44bce708,G51-B,0,118543,23.662488247228815,0.1477371744847269,0.9018858508654427,0.816195203950306
scene-0928_CAM_FRONT_fd091598_44bce708,G51-B,1,117491,22.780951188568373,0.11099552887005082,0.9018136212013763,0.8212841121004386
scene-0928_CAM_FRONT_fd091598_44bce708,G51-B,2,113552,23.042911005434785,0.1061138636612724,0.8891537309904657,0.8015128831455363
scene-0928_CAM_FRONT_fd091598_44bce708,G51-B,3,96435,23.305374682369035,0.10310248934587518,0.8585808840910881,0.6947246079899141
scene-0928_CAM_FRONT_fd091598_44bce708,G51-B,4,92869,23.753624295112786,0.11214988515516788,0.8287106348330838,0.6716833451527329
scene-0928_CAM_FRONT_bd2e11f5_25d279c8,G51-B,0,97475,23.209839769926052,0.05964871887323264,0.8109224384734589,0.7073057022036614
scene-0928_CAM_FRONT_bd2e11f5_25d279c8,G51-B,1,99011,23.87611037234043,0.0573863198400808,0.8108370761431986,0.7029390906941927
scene-0928_CAM_FRONT_bd2e11f5_25d279c8,G51-B,2,100594,25.041905938390315,0.07017917529208528,0.8246001103143961,0.6967470385837733
scene-0928_CAM_FRONT_bd2e11f5_25d279c8,G51-B,3,97313,25.58428996598639,0.10082391418802628,0.8256310246106164,0.6710135791768445
scene-0928_CAM_FRONT_bd2e11f5_25d279c8,G51-B,4,96197,25.62882157695087,0.07903911065436597,0.8467811835158774,0.6560620387150999
scene-0928_CAM_FRONT_7723b0a5_0cb0b2de,G51-B,0,105974,22.829229725046208,0.05792710445998006,0.8699734720142883,0.7220930843379822
scene-0928_CAM_FRONT_7723b0a5_0cb0b2de,G51-B,1,103410,22.82020429870892,0.04335724254371609,0.8739526698710373,0.7158156698973025
scene-0928_CAM_FRONT_7723b0a5_0cb0b2de,G51-B,2,97198,23.773455168071543,0.038077459176646844,0.8902831402831403,0.670718094187482
scene-0928_CAM_FRONT_7723b0a5_0cb0b2de,G51-B,3,100127,24.05011497243475,0.040195824795120405,0.8977424946812702,0.6884274945499436
scene-0928_CAM_FRONT_7723b0a5_0cb0b2de,G51-B,4,104020,23.721794526414676,0.060548821831571065,0.9044204554408636,0.7117314107110025
scene-0928_CAM_FRONT_8dffb9bb_4b1b6413,G51-B,0,95762,18.783540861846948,0.04995655600976301,0.9081960969716072,0.6402831402831403
scene-0928_CAM_FRONT_8dffb9bb_4b1b6413,G51-B,1,100857,18.543116307520602,0.045450748140156705,0.9059504110524519,0.6730228771045098
scene-0928_CAM_FRONT_8dffb9bb_4b1b6413,G51-B,2,100660,18.619435493677038,0.04987281106632935,0.8965211567252384,0.6758989310009719
scene-0928_CAM_FRONT_8dffb9bb_4b1b6413,G51-B,3,102343,18.46411940069258,0.04773548573445119,0.8997714916082263,0.6886507498752397
scene-0928_CAM_FRONT_8dffb9bb_4b1b6413,G51-B,4,102280,18.511312279541443,0.05089505544106232,0.9025030861765556,0.6807842828250992
scene-0928_CAM_FRONT_718a63b0_b1e7b23a,G51-B,0,79737,16.37793721287789,0.04068778939385309,0.8966459170540804,0.5254970714154388
scene-0928_CAM_FRONT_718a63b0_b1e7b23a,G51-B,1,79722,16.401684641490522,0.046011332147945616,0.891872192892601,0.529548498936254
scene-0928_CAM_FRONT_718a63b0_b1e7b23a,G51-B,2,84667,16.07165671670815,0.021489752177362043,0.9266146613085389,0.5633782470517165
scene-0928_CAM_FRONT_718a63b0_b1e7b23a,G51-B,3,86480,16.68988530168089,0.04449999252342263,0.9403842618128332,0.5779029758621596
scene-0928_CAM_FRONT_718a63b0_b1e7b23a,G51-B,4,78847,15.798469094669118,0.040884283448014536,0.9567212985580332,0.5247616421085809
scene-0928_CAM_FRONT_baf7925d_c3dcf31b,G51-B,0,82988,18.995738636363637,0.05082499040894062,0.9463267932655688,0.5483741759251963
scene-0928_CAM_FRONT_baf7925d_c3dcf31b,G51-B,1,82688,18.877474963803085,0.06412770939466816,0.9672865285110183,0.5500485908649174
scene-0928_CAM_FRONT_baf7925d_c3dcf31b,G51-B,2,86818,19.639822454739623,0.0626790839665925,0.9657368739001392,0.5786778031675991
scene-0928_CAM_FRONT_baf7925d_c3dcf31b,G51-B,3,86287,19.909306818181815,0.06744304086173836,0.9594069287946839,0.5765765765765766
scene-0928_CAM_FRONT_baf7925d_c3dcf31b,G51-B,4,88518,19.764745566692365,0.064188850620444,0.9555984555984556,0.5914558873742547
scene-0928_CAM_FRONT_20a96478_8a383a92,G51-B,0,102767,19.930271942414752,0.06284617908543977,0.9541998266488062,0.695827751950201
scene-0928_CAM_FRONT_20a96478_8a383a92,G51-B,1,108279,20.066902656959158,0.050484880184206826,0.9571678092086255,0.7332624169358863
scene-0928_CAM_FRONT_20a96478_8a383a92,G51-B,2,109695,20.134196522215873,0.04677762200572211,0.9695190817639797,0.738469519081764
scene-0928_CAM_FRONT_20a96478_8a383a92,G51-B,3,109822,20.58300462632545,0.0429337572077535,0.9822971659706353,0.7294933417382397
scene-0928_CAM_FRONT_20a96478_8a383a92,G51-B,4,106891,20.89879802603725,0.06004778465834537,0.9822709006382476,0.7059005069209151
scene-0928_CAM_FRONT_512e7eaa_7e06e46c,G51-B,0,114547,20.242679843490016,0.06636519088197668,0.9814041446694508,0.7591797336695296
scene-0928_CAM_FRONT_512e7eaa_7e06e46c,G51-B,1,124681,19.96111281760015,0.0671284886193142,0.9773461508155386,0.827482730543955
scene-0928_CAM_FRONT_512e7eaa_7e06e46c,G51-B,2,119857,20.768451456791748,0.06669334711138575,0.9681992488114937,0.7976912772831141
scene-0928_CAM_FRONT_512e7eaa_7e06e46c,G51-B,3,117017,20.649955506700174,0.06166793483319344,0.9566622015601608,0.7809274288866126
scene-0928_CAM_FRONT_512e7eaa_7e06e46c,G51-B,4,111816,20.26195952453366,0.048894397111985066,0.9436017650303364,0.7490938460326215
scene-0929_CAM_FRONT_dad9942e_b34fc5bc,G51-B,0,104357,19.913094008264466,0.06381924742215528,0.9219656974759015,0.7143776429490715
scene-0929_CAM_FRONT_dad9942e_b34fc5bc,G51-B,1,102791,19.56230482210545,0.06069633228300342,0.9129829537992803,0.7033133716807186
scene-0929_CAM_FRONT_dad9942e_b34fc5bc,G51-B,2,98626,18.47139322916666,0.05515157221071343,0.9050179917526856,0.6765818296430541
scene-0929_CAM_FRONT_dad9942e_b34fc5bc,G51-B,3,85846,18.876696666801426,0.08218836603224022,0.8960418144091613,0.5866887295458724
scene-0929_CAM_FRONT_dad9942e_b34fc5bc,G51-B,4,85822,18.453141983695655,0.07178996602675247,0.8840122921755574,0.5849946156068605
scene-0929_CAM_FRONT_cd553502_b5e8f960,G51-B,0,77501,19.50524135361469,0.060138440131559445,0.8642410632206551,0.5336327581225541
scene-0929_CAM_FRONT_cd553502_b5e8f960,G51-B,1,86031,19.709770024637972,0.05505411839693597,0.8524282299792504,0.5885601344785019
scene-0929_CAM_FRONT_cd553502_b5e8f960,G51-B,2,90559,20.316607577781266,0.07058286945193082,0.8431237359808789,0.6115423003178105
scene-0929_CAM_FRONT_cd553502_b5e8f960,G51-B,3,80303,20.24177069289291,0.048892320064196415,0.8032463950831298,0.5481903185984819
scene-0929_CAM_FRONT_cd553502_b5e8f960,G51-B,4,77828,20.739552446256486,0.06598364370701804,0.7805400152338928,0.5277427573345941
scene-0929_CAM_FRONT_5220c913_0f77ffe5,G51-B,0,81765,21.727115028782894,0.05813025437189934,0.7657723320988628,0.562110944764006
scene-0929_CAM_FRONT_5220c913_0f77ffe5,G51-B,1,83935,21.92834329834824,0.06372115629960762,0.7617603025766291,0.5828342920179654
scene-0929_CAM_FRONT_5220c913_0f77ffe5,G51-B,2,85460,21.65292991918743,0.05149887209852411,0.7609526436057048,0.5980156541381031
scene-0929_CAM_FRONT_5220c913_0f77ffe5,G51-B,3,80017,21.35456764914773,0.03878361753435344,0.7509980826307356,0.5569826386152916
scene-0929_CAM_FRONT_5220c913_0f77ffe5,G51-B,4,72474,21.794665345149248,0.04017610998043142,0.733656396921703,0.4922845586110892
scene-0929_CAM_FRONT_0305c100_cbaaec20,G51-B,0,72568,21.011215385039723,0.03399195588930182,0.7522259869198644,0.4823299976361201
scene-0929_CAM_FRONT_0305c100_cbaaec20,G51-B,1,70457,21.08536939994244,0.03597003577239288,0.7315289049982927,0.4663475428781551
scene-0929_CAM_FRONT_0305c100_cbaaec20,G51-B,2,72703,20.920912141549728,0.03579415442055556,0.7471305124366349,0.4847201428834082
scene-0929_CAM_FRONT_0305c100_cbaaec20,G51-B,3,71624,20.954705516247376,0.029899265102208306,0.7448060305203162,0.48049799070207233
scene-0929_CAM_FRONT_0305c100_cbaaec20,G51-B,4,73954,20.538680301425266,0.03128652415617461,0.7630998345284059,0.4989953510361674
scene-0929_CAM_FRONT_15606151_a84326b4,G51-B,0,74624,18.34311208929733,0.044065480904122545,0.7530533448900796,0.5062774144406798
scene-0929_CAM_FRONT_15606151_a84326b4,G51-B,1,83263,18.33483871128672,0.03879231543187345,0.7934231607700996,0.5692354161741917
scene-0929_CAM_FRONT_15606151_a84326b4,G51-B,2,71608,17.82745374250176,0.028282026546987193,0.7629094108685945,0.4903803220129751
scene-0929_CAM_FRONT_15606151_a84326b4,G51-B,3,71646,17.632502655807368,0.02108959425084489,0.7699682189478108,0.49168045596617027
scene-0929_CAM_FRONT_15606151_a84326b4,G51-B,4,70149,17.567914345403896,0.032918369380323664,0.7712092559031335,0.4834659732618916
scene-0929_CAM_FRONT_fc03376a_353a0ef8,G51-B,0,60815,14.030867251496536,0.030727966353953473,0.7780251096577627,0.40473563942951696
scene-0929_CAM_FRONT_fc03376a_353a0ef8,G51-B,1,66065,14.116754431854076,0.030879319411020845,0.7808223675570615,0.43871641320620913
scene-0929_CAM_FRONT_fc03376a_353a0ef8,G51-B,2,59106,13.919107002124452,0.02716361541223833,0.7737504268116513,0.39262732119874977
scene-0929_CAM_FRONT_fc03376a_353a0ef8,G51-B,3,56460,13.795915885017864,0.03228693558762985,0.7628174822052373,0.3766908307724634
scene-0929_CAM_FRONT_fc03376a_353a0ef8,G51-B,4,55824,13.42562416514342,0.0379124486353295,0.7607622199458934,0.3736046542168991
scene-0929_CAM_FRONT_14365b25_b7859e2f,G51-B,0,74701,16.631546072738388,0.03391846321246916,0.7715310062248838,0.5214719092270113
scene-0929_CAM_FRONT_14365b25_b7859e2f,G51-B,1,74377,16.012045593013806,0.03424972406099114,0.7715244398917869,0.521622934888241
scene-0929_CAM_FRONT_14365b25_b7859e2f,G51-B,2,70841,15.606624827665442,0.035467559078684374,0.7756283980773777,0.49472723452315287
scene-0929_CAM_FRONT_14365b25_b7859e2f,G51-B,3,71031,15.515159847861845,0.038737135561973446,0.775352612087306,0.49789220707588056
scene-0929_CAM_FRONT_14365b25_b7859e2f,G51-B,4,66693,15.037826091922513,0.05096974168654489,0.7551020408163265,0.47195519134294645
scene-0929_CAM_FRONT_c875925c_402da35d,G51-B,0,75602,17.82868131550555,0.05544095343113287,0.7851364484017546,0.5279528799936963
scene-0929_CAM_FRONT_c875925c_402da35d,G51-B,1,79047,17.917889681729402,0.04975049265028142,0.8065361279646994,0.5557022036613873
scene-0929_CAM_FRONT_c875925c_402da35d,G51-B,2,79033,17.68359502738718,0.06143514672876549,0.8071008326110367,0.5539095947259213
scene-0929_CAM_FRONT_c875925c_402da35d,G51-B,3,76669,17.463670106322766,0.05109398378184782,0.8110603314684948,0.5296075959341265
scene-0929_CAM_FRONT_c875925c_402da35d,G51-B,4,75352,17.347925738558743,0.032665785278238824,0.8168321382607097,0.5035983505371261
scene-0930_CAM_FRONT_e57fa712_36648b9c,G51-B,0,91536,21.488326033191573,0.08212323179920666,0.8780106637249494,0.6021787093215665
scene-0930_CAM_FRONT_e57fa712_36648b9c,G51-B,1,96861,22.979251849688474,0.09051610958768697,0.9079137446484385,0.6401058492895227
scene-0930_CAM_FRONT_e57fa712_36648b9c,G51-B,2,94651,22.849007842205328,0.05710854975469726,0.93849972421401,0.628549103038899
scene-0930_CAM_FRONT_e57fa712_36648b9c,G51-B,3,84123,23.121211427824264,0.0471092412286902,0.9646665616053371,0.5546187587003913
scene-0930_CAM_FRONT_e57fa712_36648b9c,G51-B,4,75905,22.266509858937397,0.0490532866378115,0.9726249573188349,0.5000525306647755
scene-0930_CAM_FRONT_08e65feb_1770f47c,G51-B,0,81473,25.918738693142657,0.05773894811302016,0.9672208651800489,0.5390499829275339
scene-0930_CAM_FRONT_08e65feb_1770f47c,G51-B,1,88282,25.17321754696197,0.06716521932703623,0.9666495942006146,0.5909634123919838
scene-0930_CAM_FRONT_08e65feb_1770f47c,G51-B,2,88272,25.893369707231237,0.10136814530866478,0.9646928269377248,0.5890788747931605
scene-0930_CAM_FRONT_08e65feb_1770f47c,G51-B,3,86042,26.890392853605388,0.10521860617376189,0.9647322249363066,0.5784020171775274
scene-0930_CAM_FRONT_08e65feb_1770f47c,G51-B,4,91530,27.006838264495634,0.09390618784066485,0.9662884458802826,0.6116670606466524
scene-0930_CAM_FRONT_d1c43c49_36f92785,G51-B,0,100098,25.763960521380355,0.10968715339068758,0.970083786410317,0.6692931999054448
scene-0930_CAM_FRONT_d1c43c49_36f92785,G51-B,1,101628,25.085822323213385,0.09023943353233332,0.9677264728285137,0.6816970031255746
scene-0930_CAM_FRONT_d1c43c49_36f92785,G51-B,2,95804,25.93468322967765,0.10501670193356616,0.9586649331547291,0.6497058282772569
scene-0930_CAM_FRONT_d1c43c49_36f92785,G51-B,3,91835,26.517500365925066,0.11334368307355414,0.9612914663935072,0.6229611535733984
scene-0930_CAM_FRONT_d1c43c49_36f92785,G51-B,4,95283,27.00443642317159,0.1123670181238503,0.9832427179365955,0.6283718120452815
scene-0930_CAM_FRONT_89a95522_80fa5404,G51-B,0,94680,29.07346433960074,0.1025744962123023,0.9838730859139022,0.6230399495705619
scene-0930_CAM_FRONT_89a95522_80fa5404,G51-B,1,98022,28.26458964778428,0.11692809055115161,0.9919825072886297,0.6457528957528957
scene-0930_CAM_FRONT_89a95522_80fa5404,G51-B,2,104644,29.28367267032107,0.15387468516406266,0.996033934809445,0.6887032805400153
scene-0930_CAM_FRONT_89a95522_80fa5404,G51-B,3,104754,28.151533589716006,0.13299706977590686,0.9977608804139416,0.6892745515194495
scene-0930_CAM_FRONT_89a95522_80fa5404,G51-B,4,102815,28.378953721788186,0.11584331639586143,0.9974982270900639,0.677671840937147
scene-0930_CAM_FRONT_ebdaa986_4f0b05fa,G51-B,0,132607,27.1052319118836,0.09626428469202564,0.9965986394557823,0.8760670291282536
scene-0930_CAM_FRONT_ebdaa986_4f0b05fa,G51-B,1,132983,27.658710201678954,0.09216748447442713,0.9964213484621648,0.8769009534315657
scene-0930_CAM_FRONT_ebdaa986_4f0b05fa,G51-B,2,131067,27.1737798334478,0.08662402060209962,0.9938145142226775,0.8626585769442913
scene-0930_CAM_FRONT_ebdaa986_4f0b05fa,G51-B,3,129439,26.227072437238483,0.06678928271353124,0.9926128752659364,0.8523494339820871
scene-0930_CAM_FRONT_ebdaa986_4f0b05fa,G51-B,4,121805,25.95185874355116,0.05527308231813999,0.9897105560370867,0.8027670527670527
scene-0930_CAM_FRONT_e007e23c_39d6e57a,G51-B,0,125113,24.47085268862613,0.06080742084761992,0.9817784256559767,0.8332742363354608
scene-0930_CAM_FRONT_e007e23c_39d6e57a,G51-B,1,126139,24.94252042657045,0.07092048404802709,0.9777007328027736,0.8395188191106558
scene-0930_CAM_FRONT_e007e23c_39d6e57a,G51-B,2,121033,23.95557926362523,0.04980319839250136,0.9703004754025162,0.8086373545557219
scene-0930_CAM_FRONT_e007e23c_39d6e57a,G51-B,3,117700,23.796249718974824,0.04446629217600995,0.9614162267223492,0.7865088120190161
scene-0930_CAM_FRONT_e007e23c_39d6e57a,G51-B,4,116228,24.093286853902953,0.03955437278036111,0.955664118929425,0.7708678065820923
scene-0930_CAM_FRONT_db9f6ddd_5a624b8b,G51-B,0,109226,21.706993125938435,0.045002362798248985,0.9560777979145326,0.7173653245081817
scene-0930_CAM_FRONT_db9f6ddd_5a624b8b,G51-B,1,106712,21.348507573950382,0.04794001546182214,0.9546463372993985,0.7016652220733853
scene-0930_CAM_FRONT_db9f6ddd_5a624b8b,G51-B,2,98820,21.166413093834223,0.05851720172312791,0.9534446983426575,0.6498896856039713
scene-0930_CAM_FRONT_db9f6ddd_5a624b8b,G51-B,3,97106,21.091135037400868,0.06533135104113708,0.9549615212880519,0.6376369080450713
scene-0930_CAM_FRONT_db9f6ddd_5a624b8b,G51-B,4,90014,20.69826792635659,0.0696950814841697,0.9429648307199328,0.591061907388438
scene-0930_CAM_FRONT_db9fed7b_5619b8bd,G51-B,0,97018,21.038173068344037,0.07545171638511605,0.9576734168570903,0.6422333412129331
scene-0930_CAM_FRONT_db9fed7b_5619b8bd,G51-B,1,95851,20.985839843749996,0.08574287623250765,0.9644039082814593,0.6351614004675229
scene-0930_CAM_FRONT_db9fed7b_5619b8bd,G51-B,2,86154,20.13823693539916,0.058794232298367,0.9527158353688966,0.5735888950174665
scene-0930_CAM_FRONT_db9fed7b_5619b8bd,G51-B,3,77306,20.755625679840463,0.06747026809105838,0.9347175163501694,0.5212946182333937
scene-0930_CAM_FRONT_db9fed7b_5619b8bd,G51-B,4,67569,20.639802860523393,0.06058968632985984,0.916988416988417,0.4511530480918236
scene-0931_CAM_FRONT_b139c133_d9b7405e,G51-B,0,84425,21.96834858600731,0.028266355493796524,0.9009009009009009,0.5684474562025582
scene-0931_CAM_FRONT_b139c133_d9b7405e,G51-B,1,91439,23.57893260168651,0.06609133087633401,0.9409161347936859,0.6129737609329446
scene-0931_CAM_FRONT_b139c133_d9b7405e,G51-B,2,95601,23.441755859374993,0.10694016421311847,0.9531623460194889,0.6385890263441284
scene-0931_CAM_FRONT_b139c133_d9b7405e,G51-B,3,85262,23.680008604349567,0.10070143305480905,0.9593543981299083,0.5704173561316418
scene-0931_CAM_FRONT_b139c133_d9b7405e,G51-B,4,88446,23.612995113168722,0.10002756338716523,0.9729532739736821,0.588179287158879
scene-0931_CAM_FRONT_c46eb104_1a18bb13,G51-B,0,124747,22.975852004716984,0.08078916319647123,0.9829209676148452,0.8238646810075382
scene-0931_CAM_FRONT_c46eb104_1a18bb13,G51-B,1,131309,23.108695652173918,0.084271978040098,0.9916804559661703,0.8649239618627373
scene-0931_CAM_FRONT_c46eb104_1a18bb13,G51-B,2,134371,23.294141559509573,0.0886092516284771,0.9916870222992672,0.8846098284873795
scene-0931_CAM_FRONT_c46eb104_1a18bb13,G51-B,3,136836,23.11122281631919,0.07131581810012722,0.9937488508917081,0.9060883040474877
scene-0931_CAM_FRONT_c46eb104_1a18bb13,G51-B,4,139039,23.109399584790218,0.0687549946540158,0.9915688283035222,0.9182031886113519
scene-0931_CAM_FRONT_041205de_8e2f2524,G51-B,0,141772,20.085897572402043,0.041707932170094386,0.9927376355947785,0.9339689543771177
scene-0931_CAM_FRONT_041205de_8e2f2524,G51-B,1,143493,20.638012637686863,0.05125040923420032,0.9904853833425262,0.946182333937436
scene-0931_CAM_FRONT_041205de_8e2f2524,G51-B,2,142716,21.56257428898686,0.0749379779981667,0.9905444803403987,0.9423410290757229
scene-0931_CAM_FRONT_041205de_8e2f2524,G51-B,3,141064,20.3448410847548,0.062027969588811516,0.9910960523205421,0.9320253197804218
scene-0931_CAM_FRONT_041205de_8e2f2524,G51-B,4,139869,18.909331450591214,0.044676641017245444,0.9917526856302367,0.9272778609513304
scene-0931_CAM_FRONT_20f91bd4_0c8613a6,G51-B,0,139764,14.592405210722479,0.029914133926427056,0.9898944133638011,0.9273894886139784
scene-0931_CAM_FRONT_20f91bd4_0c8613a6,G51-B,1,138444,15.257852488550643,0.0494133430849506,0.9904000210122659,0.9211055078402017
scene-0931_CAM_FRONT_20f91bd4_0c8613a6,G51-B,2,137644,15.050256529850742,0.043110512433509385,0.9920416042865022,0.9148477923988128
scene-0931_CAM_FRONT_20f91bd4_0c8613a6,G51-B,3,136421,15.16639838965442,0.0377575872652085,0.9898681480314133,0.9076642239907546
scene-0931_CAM_FRONT_20f91bd4_0c8613a6,G51-B,4,136406,15.361277980584081,0.03378569495353889,0.9898615816983164,0.907125784676805
scene-0931_CAM_FRONT_6e454caa_dc9b951f,G51-B,0,124703,12.779290643516406,0.04149060184050368,0.9902292963517453,0.8225054500564705
scene-0931_CAM_FRONT_6e454caa_dc9b951f,G51-B,1,125337,12.792314522631232,0.03429986960146714,0.9892115147217188,0.8266225409082552
scene-0931_CAM_FRONT_6e454caa_dc9b951f,G51-B,2,128752,13.312864654485427,0.03588008927602049,0.9908530979959551,0.8487182517794762
scene-0931_CAM_FRONT_6e454caa_dc9b951f,G51-B,3,133738,13.449438410399727,0.03511971541768122,0.9961783941375778,0.8816943765923357
scene-0931_CAM_FRONT_6e454caa_dc9b951f,G51-B,4,134703,13.879332186861593,0.03708236820069155,0.9968547264465631,0.88791926036824
scene-0931_CAM_FRONT_b631c946_bc33d196,G51-B,0,123682,12.100436309341891,0.04204375535760696,0.994957056181546,0.8162280356157907
scene-0931_CAM_FRONT_b631c946_bc33d196,G51-B,1,129789,12.073606435892282,0.042889049524083234,0.9954560974969138,0.854634517899824
scene-0931_CAM_FRONT_b631c946_bc33d196,G51-B,2,135396,11.980772593732514,0.058485439326614985,0.994950489848449,0.8934875108344497
scene-0931_CAM_FRONT_b631c946_bc33d196,G51-B,3,126863,12.08312540903141,0.0322132545465057,0.9851469545347097,0.8462099125364432
scene-0931_CAM_FRONT_b631c946_bc33d196,G51-B,4,117288,12.095593682650863,0.03133458928535626,0.9736624379481522,0.7710122659102251
scene-0931_CAM_FRONT_35e0c40a_6713ca52,G51-B,0,132972,12.873995607998703,0.01923761563718762,0.9734260499566622,0.8781748220523731
scene-0931_CAM_FRONT_35e0c40a_6713ca52,G51-B,1,135217,12.536490467670284,0.016142769840688853,0.9727168859821921,0.8948204764531296
scene-0931_CAM_FRONT_35e0c40a_6713ca52,G51-B,2,130622,12.87274421430644,0.02258107011587107,0.9702019804060621,0.869290573372206
scene-0931_CAM_FRONT_35e0c40a_6713ca52,G51-B,3,120765,13.331260662220846,0.019770831671774847,0.9711803640375068,0.8037520027315945
scene-0931_CAM_FRONT_35e0c40a_6713ca52,G51-B,4,116702,13.773861265646733,0.024414723834908614,0.9703727050665826,0.776797205368634
scene-0931_CAM_FRONT_7f5e00d5_9fc32f87,G51-B,0,103525,12.907472826086956,0.024353728659605167,0.9663672418774459,0.6797796338612665
scene-0931_CAM_FRONT_7f5e00d5_9fc32f87,G51-B,1,100155,12.91784233863798,0.028504053375757454,0.9659010322275629,0.6576510913245607
scene-0931_CAM_FRONT_7f5e00d5_9fc32f87,G51-B,2,97472,12.832704568541489,0.028870129212429152,0.9653166285819347,0.6400401859585533
scene-0931_CAM_FRONT_7f5e00d5_9fc32f87,G51-B,3,98127,12.771433971774194,0.028850659630273334,0.9656055472382002,0.6443345678039556
scene-0931_CAM_FRONT_7f5e00d5_9fc32f87,G51-B,4,98212,12.81703905596781,0.0289194462322786,0.9650277099256691,0.644892706117196
scene-0962_CAM_FRONT_b2a93b02_2463d4ed,G51-B,0,68528,27.39145251251042,0.031840092090504424,0.8512922543534789,0.4613045990597011
scene-0962_CAM_FRONT_b2a93b02_2463d4ed,G51-B,1,68739,27.320861699256245,0.03750961874356795,0.8660139731568303,0.4564520789010585
scene-0962_CAM_FRONT_b2a93b02_2463d4ed,G51-B,2,70478,27.7689624322573,0.023891569843277338,0.8619165813043365,0.4664591705408032
scene-0962_CAM_FRONT_b2a93b02_2463d4ed,G51-B,3,66485,27.554826280041798,0.02661215603009648,0.8584495574291493,0.44409424001260733
scene-0962_CAM_FRONT_b2a93b02_2463d4ed,G51-B,4,68612,29.06429906170484,0.025469319886977537,0.8730859139022404,0.4578572741838048
scene-0962_CAM_FRONT_754e47c5_c8634c59,G51-B,0,71918,24.8671193317028,0.015750695646143953,0.8808604522890238,0.47993328605573504
scene-0962_CAM_FRONT_754e47c5_c8634c59,G51-B,1,70550,25.851769536238827,0.01267415627416879,0.8860609881018044,0.467680508496835
scene-0962_CAM_FRONT_754e47c5_c8634c59,G51-B,2,74546,25.88056978121515,0.010070449148943172,0.8978409896777244,0.493276074908728
scene-0962_CAM_FRONT_754e47c5_c8634c59,G51-B,3,76940,26.086111674783538,0.014992155407228314,0.906410054369238,0.5125745278806503
scene-0962_CAM_FRONT_754e47c5_c8634c59,G51-B,4,80823,26.584717881944435,0.017078930971092365,0.9155832217056706,0.5470280776403226
scene-0962_CAM_FRONT_4911451f_3fb3df6b,G51-B,0,82005,24.90533012933053,0.021219257868824393,0.9171788406482284,0.5465356026580517
scene-0962_CAM_FRONT_4911451f_3fb3df6b,G51-B,1,81555,25.83495397353264,0.033030617652627825,0.9137643474378169,0.5409739185249389
scene-0962_CAM_FRONT_4911451f_3fb3df6b,G51-B,2,80093,26.24954302967938,0.030122924639099935,0.9211711711711712,0.5300541065847189
scene-0962_CAM_FRONT_4911451f_3fb3df6b,G51-B,3,71143,27.472175153269745,0.025559182756738963,0.9198119402201035,0.47062879205736347
scene-0962_CAM_FRONT_4911451f_3fb3df6b,G51-B,4,64629,26.787439181453912,0.026730227631730052,0.9206195991910278,0.42599085966432904
scene-0962_CAM_FRONT_1b18579e_c189ad95,G51-B,0,75094,38.465302389092734,0.05083934004195512,0.9282299792503874,0.4960995981404145
scene-0962_CAM_FRONT_1b18579e_c189ad95,G51-B,1,73246,36.1245432927825,0.0465872496140074,0.9257807370052268,0.48250728862973763
scene-0962_CAM_FRONT_1b18579e_c189ad95,G51-B,2,68373,34.975882778083694,0.030937207148507007,0.9271531006224883,0.45029285845612377
scene-0962_CAM_FRONT_1b18579e_c189ad95,G51-B,3,66816,35.58612697405527,0.03965104727972224,0.9302458435111496,0.4391891891891892
scene-0962_CAM_FRONT_1b18579e_c189ad95,G51-B,4,62760,36.9750723479613,0.02531415141851623,0.9310863341475586,0.41214902949596827
scene-0962_CAM_FRONT_0382fe99_b31c7ca5,G51-B,0,69587,36.14808699822903,0.050300097945032984,0.9496362251464292,0.4570758805452683
scene-0962_CAM_FRONT_0382fe99_b31c7ca5,G51-B,1,69817,35.66781018443942,0.0480007901328956,0.9418025897617734,0.4643907756152654
scene-0962_CAM_FRONT_0382fe99_b31c7ca5,G51-B,2,75748,37.6301886963457,0.07110192519666647,0.9289260105586636,0.515496546108791
scene-0962_CAM_FRONT_0382fe99_b31c7ca5,G51-B,3,83021,38.463927373260425,0.0744100818290141,0.9066398760276311,0.5694718041656818
scene-0962_CAM_FRONT_0382fe99_b31c7ca5,G51-B,4,80345,36.84175933979457,0.07705854853677518,0.8737622462112258,0.5585651248916556
scene-0962_CAM_FRONT_3139a4dc_d5155238,G51-B,0,67979,21.817294162013688,0.05647686082738401,0.8154006776455756,0.4756717358758175
scene-0962_CAM_FRONT_3139a4dc_d5155238,G51-B,1,77467,22.40955916694973,0.05356495630479685,0.7853597037270507,0.5520972867911643
scene-0962_CAM_FRONT_3139a4dc_d5155238,G51-B,2,79822,22.855771931168306,0.04600968501011904,0.7840989677724371,0.5913245607123158
scene-0962_CAM_FRONT_3139a4dc_d5155238,G51-B,3,83527,23.79715382449757,0.05807623610023693,0.7760289443962913,0.6204593806634623
scene-0962_CAM_FRONT_3139a4dc_d5155238,G51-B,4,86239,24.06447229036575,0.044309601679902055,0.8082368082368082,0.6252790691566201
scene-0962_CAM_FRONT_30c32466_01ac1c5f,G51-B,0,82888,23.306313843435326,0.02996208368744613,0.8092677225330287,0.606565019830326
scene-0962_CAM_FRONT_30c32466_01ac1c5f,G51-B,1,81269,23.655396709937328,0.03700993002422592,0.7988797835736611,0.6058427231896619
scene-0962_CAM_FRONT_30c32466_01ac1c5f,G51-B,2,81783,23.650665687027413,0.0348110134777575,0.7937777427573346,0.5978646284768734
scene-0962_CAM_FRONT_30c32466_01ac1c5f,G51-B,3,80870,24.74793977985595,0.04417202882404281,0.7890105849289523,0.586386678223413
scene-0962_CAM_FRONT_30c32466_01ac1c5f,G51-B,4,70729,24.3216061827957,0.028063094381321818,0.7777558900007879,0.5163633020775877
scene-0962_CAM_FRONT_6dee25fd_392894fd,G51-B,0,52874,30.807819010416658,0.024216738004136262,0.759856065978515,0.3573332808026686
scene-0962_CAM_FRONT_6dee25fd_392894fd,G51-B,1,54848,30.387479405824838,0.013544686051939037,0.7480563654033042,0.3604916870222993
scene-0962_CAM_FRONT_6dee25fd_392894fd,G51-B,2,51643,31.517346643518525,0.01819882974844278,0.7512147716229349,0.33961074777401307
scene-0962_CAM_FRONT_6dee25fd_392894fd,G51-B,3,47531,32.3013533191568,0.01810297647890602,0.7393625403829486,0.31210437843090905
scene-0962_CAM_FRONT_6dee25fd_392894fd,G51-B,4,45838,31.8209902761712,0.014790416345540125,0.7454626638300108,0.3009875764977806
scene-0963_CAM_FRONT_637fc435_2894f77b,G51-B,0,57110,43.94811566621411,0.0397068201812365,0.7558374701231844,0.3750952118299057
scene-0963_CAM_FRONT_637fc435_2894f77b,G51-B,1,56731,44.76443568638393,0.06222924871738211,0.7537559425314527,0.3760079321303811
scene-0963_CAM_FRONT_637fc435_2894f77b,G51-B,2,55877,46.014646639042354,0.06336692637640517,0.7399535103616737,0.36712368345021407
scene-0963_CAM_FRONT_637fc435_2894f77b,G51-B,3,55290,45.555206624282185,0.05402114972868377,0.7425340792687731,0.36326924592230714
scene-0963_CAM_FRONT_637fc435_2894f77b,G51-B,4,52728,45.01152792744253,0.05294863018920881,0.733544769259055,0.34773330181493445
scene-0963_CAM_FRONT_97411da2_12370234,G51-B,0,57815,56.976110378862195,0.053861975806650086,0.7562708481075828,0.38049930396869175
scene-0963_CAM_FRONT_97411da2_12370234,G51-B,1,57857,56.20868006373937,0.06376983051570839,0.7768037717017309,0.381188768943871
scene-0963_CAM_FRONT_97411da2_12370234,G51-B,2,59014,56.35362984283628,0.05077499173976863,0.7850051217398156,0.38998765529377777
scene-0963_CAM_FRONT_97411da2_12370234,G51-B,3,56525,59.48219820424335,0.04640939623030693,0.7772174506868385,0.37177264728285137
scene-0963_CAM_FRONT_97411da2_12370234,G51-B,4,56211,56.65377960061266,0.0512585778703567,0.7843287894308303,0.369415333701048
scene-0963_CAM_FRONT_98a4bccf_abf6a27f,G51-B,0,51660,39.941786700169885,0.025172100612238957,0.7886428702755234,0.3393349617839414
scene-0963_CAM_FRONT_98a4bccf_abf6a27f,G51-B,1,49646,40.685369318181834,0.03212103994688165,0.7840136054421769,0.32614319859217816
scene-0963_CAM_FRONT_98a4bccf_abf6a27f,G51-B,2,50009,38.13588912886969,0.021012943867021683,0.7955440863604128,0.3285136448401755
scene-0963_CAM_FRONT_98a4bccf_abf6a27f,G51-B,3,49103,38.25949972662657,0.02937867517704351,0.7874215323194915,0.3229585270401597
scene-0963_CAM_FRONT_98a4bccf_abf6a27f,G51-B,4,49730,39.46059206890198,0.024995803008211803,0.7887610642712684,0.3283757518451396
scene-0963_CAM_FRONT_766371d3_bb5af5ca,G51-B,0,48447,28.05855515470619,0.02473375182622428,0.7970280776403226,0.3205683817928716
scene-0963_CAM_FRONT_766371d3_bb5af5ca,G51-B,1,46670,26.053646299194984,0.02582185146675653,0.7975139862894965,0.3114017807895359
scene-0963_CAM_FRONT_766371d3_bb5af5ca,G51-B,2,48307,26.930263831967203,0.02461444183914896,0.7999894938670449,0.3218028524150973
scene-0963_CAM_FRONT_766371d3_bb5af5ca,G51-B,3,48960,26.364956136522352,0.02625682290929876,0.7985514669188138,0.32767315420376647
scene-0963_CAM_FRONT_766371d3_bb5af5ca,G51-B,4,50316,26.352440810785065,0.030203325869228248,0.7990505082341817,0.333011583011583
scene-0963_CAM_FRONT_2cafae36_aae7792b,G51-B,0,49935,23.802811118614933,0.030821320879377723,0.7974745882909148,0.33703017886691355
scene-0963_CAM_FRONT_2cafae36_aae7792b,G51-B,1,48571,24.266430747795205,0.020501853547666204,0.7925038741365272,0.3310416830824994
scene-0963_CAM_FRONT_2cafae36_aae7792b,G51-B,2,49803,24.74356090245175,0.03202674638644876,0.7959905970110052,0.3334186956635936
scene-0963_CAM_FRONT_2cafae36_aae7792b,G51-B,3,49627,23.912510492445442,0.04519874464624696,0.7983873085913902,0.3313503007380558
scene-0963_CAM_FRONT_2cafae36_aae7792b,G51-B,4,47278,22.378929781626507,0.020877156261009944,0.7985974312504924,0.3108370761431986
scene-0963_CAM_FRONT_be97e44a_09a7c6bd,G51-B,0,54058,34.90958650094187,0.043646173363673935,0.8011648674913981,0.3549628345546713
scene-0963_CAM_FRONT_be97e44a_09a7c6bd,G51-B,1,53589,35.644493971540555,0.04427063785421925,0.7995035852178709,0.3518832243322039
scene-0963_CAM_FRONT_be97e44a_09a7c6bd,G51-B,2,53127,33.786549880156876,0.038234826200089334,0.802497833110078,0.3488495784414152
scene-0963_CAM_FRONT_be97e44a_09a7c6bd,G51-B,3,52878,33.52810652289266,0.034274413767477085,0.8063982349696636,0.3472145615002758
scene-0963_CAM_FRONT_be97e44a_09a7c6bd,G51-B,4,55573,34.91714794989597,0.03046416233123761,0.8162214692826938,0.3649108291965435
scene-0963_CAM_FRONT_f8814501_be8633f0,G51-B,0,58796,28.63530826122545,0.024902991328485502,0.8232211803640375,0.3860741207679983
scene-0963_CAM_FRONT_f8814501_be8633f0,G51-B,1,57207,28.58830252389918,0.011177146156637452,0.8190384261812833,0.3756402174769522
scene-0963_CAM_FRONT_f8814501_be8633f0,G51-B,2,55944,28.41060938591893,0.01146441203730486,0.8133651143855225,0.3673469387755102
scene-0963_CAM_FRONT_f8814501_be8633f0,G51-B,3,56015,28.509991664782994,0.013543058158277166,0.8176726288971187,0.3678131484253933
scene-0963_CAM_FRONT_f8814501_be8633f0,G51-B,4,57974,28.543290675446045,0.015319860854062561,0.8152102539857642,0.38067659496230927
scene-0963_CAM_FRONT_882aeb15_ce7c4146,G51-B,0,54214,29.879589420995664,0.008517283908102025,0.8166679799332861,0.35598718251779476
scene-0963_CAM_FRONT_882aeb15_ce7c4146,G51-B,1,52427,29.740805861126677,0.01797891954436004,0.8150460956583405,0.34425314527355344
scene-0963_CAM_FRONT_882aeb15_ce7c4146,G51-B,2,51641,29.74014083237161,0.020766363216888628,0.814041446694508,0.3390920074593544
scene-0963_CAM_FRONT_882aeb15_ce7c4146,G51-B,3,50451,28.03818757070135,0.014450216686490158,0.8094581461928401,0.33127807107398943
scene-0963_CAM_FRONT_882aeb15_ce7c4146,G51-B,4,50574,28.064569653858623,0.00997623413832649,0.8062406429753368,0.3320857300449137
scene-0966_CAM_FRONT_b5cbf927_70fef2d1,G51-B,0,80685,22.16988263811384,0.023437246469657502,0.9166863656659575,0.5304086885719539
scene-0966_CAM_FRONT_b5cbf927_70fef2d1,G51-B,1,78968,22.949326508620693,0.02321324687491,0.9136724187744596,0.5189570036508812
scene-0966_CAM_FRONT_b5cbf927_70fef2d1,G51-B,2,79083,22.73145305071315,0.019856091529982134,0.9156226197042524,0.5198368922858719
scene-0966_CAM_FRONT_b5cbf927_70fef2d1,G51-B,3,79418,22.56150564684884,0.01910009469708185,0.9141780264229243,0.5216098022220471
scene-0966_CAM_FRONT_b5cbf927_70fef2d1,G51-B,4,78692,22.426136122881356,0.01575608339531498,0.913981036430016,0.5167769810626953
scene-0966_CAM_FRONT_d2db7e12_586f3a3f,G51-B,0,69222,16.448013337878255,0.015926977315070312,0.9202059202059202,0.45453470963675047
scene-0966_CAM_FRONT_d2db7e12_586f3a3f,G51-B,1,73510,16.77081951812555,0.017528639878849228,0.9240078270690516,0.4826911459564521
scene-0966_CAM_FRONT_d2db7e12_586f3a3f,G51-B,2,72719,17.074481742581366,0.016423383261252145,0.9232067344312243,0.47753000814225305
scene-0966_CAM_FRONT_d2db7e12_586f3a3f,G51-B,3,74813,18.070565133512986,0.02452607870145851,0.9234168570903265,0.4913718383106138
scene-0966_CAM_FRONT_d2db7e12_586f3a3f,G51-B,4,76163,17.699291583428465,0.028270978677936487,0.9231345047671579,0.5001969899929084
scene-0966_CAM_FRONT_d8cc7ad7_6c5e3539,G51-B,0,74175,16.61867159073681,0.016073514811103085,0.9209085178472933,0.4871234207968902
scene-0966_CAM_FRONT_d8cc7ad7_6c5e3539,G51-B,1,72348,16.429714455146637,0.018026031607759396,0.9200089302130119,0.4751464292280619
scene-0966_CAM_FRONT_d8cc7ad7_6c5e3539,G51-B,2,73793,16.456815196349556,0.02536996931608071,0.9225304021222388,0.4845494182228876
scene-0966_CAM_FRONT_d8cc7ad7_6c5e3539,G51-B,3,73832,16.399052993369736,0.01975020363815938,0.9215914164893757,0.48483833687915323
scene-0966_CAM_FRONT_d8cc7ad7_6c5e3539,G51-B,4,71815,16.21099064625851,0.018194402283054245,0.920107425209466,0.47159404302261443
scene-0966_CAM_FRONT_dcfd47c0_1cb428b0,G51-B,0,75196,18.455363985858384,0.014068522100217917,0.9185709032647809,0.4941231318782339
scene-0966_CAM_FRONT_dcfd47c0_1cb428b0,G51-B,1,75919,18.56658696619217,0.01752971230964917,0.9182031886113519,0.4990019173692643
scene-0966_CAM_FRONT_dcfd47c0_1cb428b0,G51-B,2,74569,18.666452205882354,0.017669469561968132,0.9173101673101673,0.4904853833425262
scene-0966_CAM_FRONT_dcfd47c0_1cb428b0,G51-B,3,73059,18.427510968949438,0.009728665987733809,0.9193128989047357,0.48050455703516926
scene-0966_CAM_FRONT_dcfd47c0_1cb428b0,G51-B,4,72177,18.754881955114133,0.012649019990137234,0.9180258976177343,0.4747590155753421
scene-0966_CAM_FRONT_9b20ac04_4da9b80e,G51-B,0,75991,18.67197814629472,0.01352096200235442,0.9182097549444488,0.500479342316077
scene-0966_CAM_FRONT_9b20ac04_4da9b80e,G51-B,1,78770,19.159392727408445,0.01797649366805376,0.923823969742337,0.519337850970504
scene-0966_CAM_FRONT_9b20ac04_4da9b80e,G51-B,2,81509,19.083044480363984,0.02483829933763282,0.9370813962650697,0.5364300160218528
scene-0966_CAM_FRONT_9b20ac04_4da9b80e,G51-B,3,79184,19.784404558056092,0.024364981338932612,0.9436280303627242,0.5211632915714548
scene-0966_CAM_FRONT_9b20ac04_4da9b80e,G51-B,4,72493,19.41156026978806,0.025452474304578754,0.9452696136369606,0.4778189267985186
scene-0966_CAM_FRONT_5ad1d812_97b2a78e,G51-B,0,86915,22.5292986652154,0.02468847724637291,0.9588684894807343,0.5712184487694691
scene-0966_CAM_FRONT_5ad1d812_97b2a78e,G51-B,1,89285,23.821359986033517,0.022141534206211677,0.9737806319438973,0.586977648202138
scene-0966_CAM_FRONT_5ad1d812_97b2a78e,G51-B,2,92475,24.895010318396228,0.03134231423304179,0.9861713024978331,0.6076221994589341
scene-0966_CAM_FRONT_5ad1d812_97b2a78e,G51-B,3,92846,24.32711327042936,0.01782124692656284,0.9883053607543404,0.6107740393454679
scene-0966_CAM_FRONT_5ad1d812_97b2a78e,G51-B,4,90868,24.219890039922912,0.019254927210146988,0.9911420166522207,0.5974772148241536
scene-0966_CAM_FRONT_ce4ea8ab_9e5e0d9f,G51-B,0,103362,29.839761008918614,0.021090057587553,0.9928492632574265,0.6840083523756993
scene-0966_CAM_FRONT_ce4ea8ab_9e5e0d9f,G51-B,1,106244,30.607127507163323,0.021854342761459478,0.9974391300921913,0.7054080319386442
scene-0966_CAM_FRONT_ce4ea8ab_9e5e0d9f,G51-B,2,102054,30.564073438341413,0.045193230055964095,0.9957778478186642,0.6761681506579466
scene-0966_CAM_FRONT_ce4ea8ab_9e5e0d9f,G51-B,3,98743,30.626650172591063,0.027972012200185414,0.9910829196543482,0.656895963018412
scene-0966_CAM_FRONT_ce4ea8ab_9e5e0d9f,G51-B,4,92044,30.49624480740181,0.02318108542495434,0.9842933312321067,0.6166115094686523
scene-0966_CAM_FRONT_dffffefb_3f6ce131,G51-B,0,117798,32.8171010375494,0.0619716319363397,0.9741680455966171,0.7931736401124156
scene-0966_CAM_FRONT_dffffefb_3f6ce131,G51-B,1,111637,31.945465959821426,0.026154661323591455,0.9656712105691697,0.756001628450608
scene-0966_CAM_FRONT_dffffefb_3f6ce131,G51-B,2,114098,32.53032912234043,0.025341834621385173,0.9672930948441153,0.7595474483229585
scene-0966_CAM_FRONT_dffffefb_3f6ce131,G51-B,3,112125,33.42393322123068,0.024342346361546863,0.9727956819793554,0.7496913823444435
scene-0966_CAM_FRONT_dffffefb_3f6ce131,G51-B,4,110500,35.22194010416666,0.021848528887192797,0.976689517505844,0.7417329866309458
scene-0967_CAM_FRONT_23d02c83_feeb907e,G51-B,0,114214,34.391122205450394,0.06530845567482935,0.9877078244425184,0.7554960208021433
scene-0967_CAM_FRONT_23d02c83_feeb907e,G51-B,1,111591,33.533689212713384,0.04858469751751748,0.9886271110760907,0.7373729414545741
scene-0967_CAM_FRONT_23d02c83_feeb907e,G51-B,2,113999,34.496945004480274,0.054239809172472064,0.9886205447429938,0.7517663436030783
scene-0967_CAM_FRONT_23d02c83_feeb907e,G51-B,3,114391,33.63050840504667,0.04618935628442866,0.9906758070023376,0.7542418511806267
scene-0967_CAM_FRONT_23d02c83_feeb907e,G51-B,4,114297,34.31471996038732,0.050030248488325046,0.9884366874162792,0.7551086071494235
scene-0967_CAM_FRONT_4d3f8452_ea235f4c,G51-B,0,88334,30.318674694325725,0.023124165099314586,0.9858495521760828,0.5802668557770598
scene-0967_CAM_FRONT_4d3f8452_ea235f4c,G51-B,1,93047,30.519415900275273,0.03074270914988242,0.9819294513172064,0.6111680193312846
scene-0967_CAM_FRONT_4d3f8452_ea235f4c,G51-B,2,90005,30.472168425514486,0.03817335742099548,0.9769653034959157,0.5913770913770914
scene-0967_CAM_FRONT_4d3f8452_ea235f4c,G51-B,3,89762,30.833214325716835,0.030858907870380703,0.9779371207942636,0.5902936464160954
scene-0967_CAM_FRONT_4d3f8452_ea235f4c,G51-B,4,89477,31.417206967768138,0.031190778374736716,0.9808000420245319,0.5894531557796864
scene-0967_CAM_FRONT_dab412ea_e2024bdc,G51-B,0,101399,26.64877406529017,0.017332228624881374,0.9825992172930949,0.6674283613059123
scene-0967_CAM_FRONT_dab412ea_e2024bdc,G51-B,1,100622,27.17474817468902,0.018486507455874213,0.9824547579649621,0.6624248154860399
scene-0967_CAM_FRONT_dab412ea_e2024bdc,G51-B,2,99343,27.254892768188142,0.02167201137396857,0.9813122160060935,0.6541446694507919
scene-0967_CAM_FRONT_dab412ea_e2024bdc,G51-B,3,98551,27.973506575265805,0.025428585730570497,0.9783639324455651,0.6505791505791506
scene-0967_CAM_FRONT_dab412ea_e2024bdc,G51-B,4,94941,27.827539400996542,0.03141106249516934,0.9756454705434298,0.6266842644393665
scene-0967_CAM_FRONT_0d3531c4_d493e106,G51-B,0,96527,22.47674799231844,0.05335617640884838,0.9710753027079557,0.639344154650277
scene-0967_CAM_FRONT_0d3531c4_d493e106,G51-B,1,97767,22.644201034154648,0.048955153772877846,0.9675229165025083,0.6471383920363513
scene-0967_CAM_FRONT_0d3531c4_d493e106,G51-B,2,94456,22.70651859670826,0.03273122393119898,0.965874766895175,0.6259947994641872
scene-0967_CAM_FRONT_0d3531c4_d493e106,G51-B,3,96438,22.371399329987575,0.029360092571201424,0.963484621647887,0.6378338980379796
scene-0967_CAM_FRONT_0d3531c4_d493e106,G51-B,4,98068,22.04865244708995,0.02590062085047551,0.9636816116407954,0.64883907230846
scene-0967_CAM_FRONT_817e7e53_218372bb,G51-B,0,87364,20.567805653994846,0.04335329255786369,0.9619743650355895,0.5745672786489113
scene-0967_CAM_FRONT_817e7e53_218372bb,G51-B,1,87123,19.983558566685918,0.044476389553616436,0.9592230714679695,0.573162083366165
scene-0967_CAM_FRONT_817e7e53_218372bb,G51-B,2,84712,20.083414317668524,0.040485897732239984,0.9545675413022352,0.5575276442623381
scene-0967_CAM_FRONT_817e7e53_218372bb,G51-B,3,84242,20.04463646573855,0.05669623696789339,0.9487891681769233,0.554415202374386
scene-0967_CAM_FRONT_817e7e53_218372bb,G51-B,4,74476,20.81741071428571,0.06279630174515605,0.9441861686759646,0.4915097313056497
scene-0967_CAM_FRONT_8ccbaa32_d87b0205,G51-B,0,87403,22.946607836787564,0.05940732382094671,0.9443174953379035,0.586498305886061
scene-0967_CAM_FRONT_8ccbaa32_d87b0205,G51-B,1,90455,22.934340533088236,0.052708583575036716,0.9443962913350669,0.6094870380584666
scene-0967_CAM_FRONT_8ccbaa32_d87b0205,G51-B,2,93390,23.75968368739298,0.06819567046774488,0.9449478633152103,0.6301578546476506
scene-0967_CAM_FRONT_8ccbaa32_d87b0205,G51-B,3,92600,23.8236672608212,0.05342846701702286,0.9419930134215848,0.628293016048118
scene-0967_CAM_FRONT_8ccbaa32_d87b0205,G51-B,4,85481,24.061982956514207,0.09958197407410685,0.9438447193549234,0.5824468783652457
scene-0967_CAM_FRONT_aaace027_f10cf1a4,G51-B,0,88655,22.84234089611872,0.0802658661782294,0.942702177396055,0.6015352086780659
scene-0967_CAM_FRONT_aaace027_f10cf1a4,G51-B,1,91309,22.032860496854184,0.06405522749020465,0.9405746854726447,0.6176949544296483
scene-0967_CAM_FRONT_aaace027_f10cf1a4,G51-B,2,89170,22.061469746015927,0.057983405455753534,0.9371601922622331,0.5896961101042734
scene-0967_CAM_FRONT_aaace027_f10cf1a4,G51-B,3,87130,21.577730378836318,0.044972407341986376,0.9365298242849264,0.5810219840832086
scene-0967_CAM_FRONT_aaace027_f10cf1a4,G51-B,4,77318,21.88832988813229,0.037999496284024215,0.9357878286449715,0.5080700233761458
scene-0967_CAM_FRONT_558df2e9_b656c7df,G51-B,0,71929,24.519110934638285,0.06094071103783927,0.9316707377931868,0.4725592939878654
scene-0967_CAM_FRONT_558df2e9_b656c7df,G51-B,1,87358,25.253437367920544,0.0799127052889943,0.9286502245685919,0.5833333333333334
scene-0967_CAM_FRONT_558df2e9_b656c7df,G51-B,2,82525,25.959951405834083,0.07997764351065095,0.9267722533028655,0.5478817009429254
scene-0967_CAM_FRONT_558df2e9_b656c7df,G51-B,3,79573,26.342409732404704,0.07250837357879503,0.9216505134872481,0.5277755890000788
scene-0967_CAM_FRONT_558df2e9_b656c7df,G51-B,4,77082,26.613829787234046,0.08389250137358983,0.9171985396475192,0.5127518188742679
scene-0968_CAM_FRONT_aa298fdc_6c333a63,G51-B,0,98021,23.615990245409613,0.0424459630845222,0.958205289837943,0.6472959840306779
scene-0968_CAM_FRONT_aa298fdc_6c333a63,G51-B,1,96644,23.294981381178065,0.04279129172102403,0.9581658918393612,0.638030888030888
scene-0968_CAM_FRONT_aa298fdc_6c333a63,G51-B,2,94259,23.36061549831081,0.04007127353366524,0.9580870958421979,0.6225934389199695
scene-0968_CAM_FRONT_aa298fdc_6c333a63,G51-B,3,96225,24.131095761802577,0.046228199891229504,0.9578507078507078,0.6352270637984924
scene-0968_CAM_FRONT_aa298fdc_6c333a63,G51-B,4,95952,24.462325721153842,0.051248900506450035,0.958428545163239,0.6333819241982507
scene-0968_CAM_FRONT_b06d517f_f53d39f4,G51-B,0,94703,24.70185415351431,0.03975108379651271,0.9581264938407795,0.6248653901715127
scene-0968_CAM_FRONT_b06d517f_f53d39f4,G51-B,1,93360,24.34661964568264,0.041160444812698094,0.9581396265069735,0.6154689675097839
scene-0968_CAM_FRONT_b06d517f_f53d39f4,G51-B,2,93263,23.904199847631094,0.03507549950477529,0.9579098048485803,0.6146350432064718
scene-0968_CAM_FRONT_b06d517f_f53d39f4,G51-B,3,94510,24.71824591108364,0.037663723758782686,0.9580279988443253,0.6233026028944396
scene-0968_CAM_FRONT_b06d517f_f53d39f4,G51-B,4,91212,23.611993089713426,0.042455095623245453,0.9584876421611116,0.6015089433456781
scene-0968_CAM_FRONT_e4dbec5e_c428be7e,G51-B,0,95654,24.554594012774896,0.041844309126633394,0.9583497491660757,0.6335198171932865
scene-0968_CAM_FRONT_e4dbec5e_c428be7e,G51-B,1,94064,24.495199486859253,0.05077667198155278,0.9586977648202138,0.6234207968901846
scene-0968_CAM_FRONT_e4dbec5e_c428be7e,G51-B,2,92658,24.56290683213378,0.0533568247320777,0.9570693142121713,0.6117786883093006
scene-0968_CAM_FRONT_e4dbec5e_c428be7e,G51-B,3,92582,24.448156972622165,0.05409113325797166,0.9568920232185538,0.6132167152575316
scene-0968_CAM_FRONT_e4dbec5e_c428be7e,G51-B,4,92744,23.529958827979517,0.04750311687361575,0.9536219893362751,0.6148714311979618
scene-0968_CAM_FRONT_119c8d25_34c683c2,G51-B,0,105352,26.13738255718954,0.07226497799161535,0.9811414913455729,0.6935754996979486
scene-0968_CAM_FRONT_119c8d25_34c683c2,G51-B,1,115135,27.20967278587444,0.07285121926210048,0.9948519948519948,0.75636277677094
scene-0968_CAM_FRONT_119c8d25_34c683c2,G51-B,2,113911,27.59545622051887,0.08236828894550863,0.957364799201534,0.7485094423869935
scene-0968_CAM_FRONT_119c8d25_34c683c2,G51-B,3,115821,26.442793146022424,0.07276556868717332,0.9343760670291282,0.7612875265936491
scene-0968_CAM_FRONT_119c8d25_34c683c2,G51-B,4,110456,27.364378635783197,0.052069218587149635,0.9329905707456728,0.7253040212223886
scene-0968_CAM_FRONT_00460925_bfa13689,G51-B,0,116367,22.818758905953132,0.027602793007542203,0.9320384524466158,0.7693312846374071
scene-0968_CAM_FRONT_00460925_bfa13689,G51-B,1,118490,22.511565718396596,0.029922522957744224,0.9288078165629186,0.7875528589814305
scene-0968_CAM_FRONT_00460925_bfa13689,G51-B,2,118683,23.928256100171236,0.030382989601706267,0.9297927665274605,0.7852546423974995
scene-0968_CAM_FRONT_00460925_bfa13689,G51-B,3,120894,22.62514302411418,0.02223670674668443,0.9352099913324403,0.8017033068053476
scene-0968_CAM_FRONT_00460925_bfa13689,G51-B,4,120793,23.888919910657307,0.0294544797907359,0.9409949307908492,0.80128962782024
scene-0968_CAM_FRONT_22cc5daf_4c27ebb8,G51-B,0,100732,20.310289417613635,0.05518836027571794,0.9477319885483151,0.6645720064087411
scene-0968_CAM_FRONT_22cc5daf_4c27ebb8,G51-B,1,99507,20.709602719723453,0.04890432073754347,0.9566687678932577,0.6627662648070811
scene-0968_CAM_FRONT_22cc5daf_4c27ebb8,G51-B,2,107179,21.481221644242805,0.10376390998503027,0.9629330496677435,0.7098600057783732
scene-0968_CAM_FRONT_22cc5daf_4c27ebb8,G51-B,3,103111,21.61780018411624,0.09902171024101358,0.9681532844798151,0.6813883854700181
scene-0968_CAM_FRONT_22cc5daf_4c27ebb8,G51-B,4,107791,22.12794647809207,0.09248101700515399,0.9729204423081974,0.710477241089486
scene-0968_CAM_FRONT_5df9f3f1_7f2bc98e,G51-B,0,118710,20.667699353448285,0.04149291946539768,0.9829931972789115,0.7813936385364957
scene-0968_CAM_FRONT_5df9f3f1_7f2bc98e,G51-B,1,118405,20.77846386783125,0.0434726813131836,0.9821133086439209,0.7799227799227799
scene-0968_CAM_FRONT_5df9f3f1_7f2bc98e,G51-B,2,112612,20.526611328125,0.029514542872458804,0.9800186483859953,0.7451474798413574
scene-0968_CAM_FRONT_5df9f3f1_7f2bc98e,G51-B,3,111319,20.261842917740548,0.024643176874239447,0.9771557271557272,0.7362041341633179
scene-0968_CAM_FRONT_5df9f3f1_7f2bc98e,G51-B,4,111511,21.022962809742026,0.02805846710091453,0.9752711895569038,0.7342867648990098
scene-0968_CAM_FRONT_184a3de6_927a2dc6,G51-B,0,106168,19.07242419865354,0.024755267483796306,0.9742337089275864,0.69714101856959
scene-0968_CAM_FRONT_184a3de6_927a2dc6,G51-B,1,105039,19.148270269588046,0.024887835461077312,0.9740170199353873,0.6897670265017204
scene-0968_CAM_FRONT_184a3de6_927a2dc6,G51-B,2,105720,18.797889182885235,0.024803895106526586,0.9744503979197857,0.6942452656738372
scene-0968_CAM_FRONT_184a3de6_927a2dc6,G51-B,3,104325,18.737362132352946,0.020387834374048897,0.9739907546029996,0.6852099913324403
scene-0968_CAM_FRONT_184a3de6_927a2dc6,G51-B,4,106861,19.27725680306732,0.02256581172479688,0.9741877445959078,0.701829380400809
scene-0969_CAM_FRONT_923b34d4_ea7c5f51,G51-B,0,115469,16.366694114764805,0.04022820441539299,0.9748509442386993,0.7600202243059386
scene-0969_CAM_FRONT_923b34d4_ea7c5f51,G51-B,1,115221,16.48469012986071,0.0341911089364455,0.9734851469545347,0.7587923200168099
scene-0969_CAM_FRONT_923b34d4_ea7c5f51,G51-B,2,114654,16.29261608167559,0.04165043858179662,0.9737215349460248,0.7543666115094686
scene-0969_CAM_FRONT_923b34d4_ea7c5f51,G51-B,3,114106,16.33290178571428,0.042783316615414346,0.9734391826228561,0.7541499225172694
scene-0969_CAM_FRONT_923b34d4_ea7c5f51,G51-B,4,109900,15.907667863175678,0.044004393457484525,0.9718435636802983,0.7273855488141202
scene-0969_CAM_FRONT_e3a3363b_a04f92ca,G51-B,0,120445,14.957397341143276,0.020456350069883555,0.9687442544585402,0.809944054842014
scene-0969_CAM_FRONT_e3a3363b_a04f92ca,G51-B,1,117945,14.833684247239189,0.02836823275190481,0.968757387124734,0.7838297481154624
scene-0969_CAM_FRONT_e3a3363b_a04f92ca,G51-B,2,113150,15.25022691908714,0.027148496119776766,0.9604969400887768,0.7540185958553306
scene-0969_CAM_FRONT_e3a3363b_a04f92ca,G51-B,3,105538,15.57782183991083,0.026595393713567672,0.949905444803404,0.7010742520946602
scene-0969_CAM_FRONT_e3a3363b_a04f92ca,G51-B,4,97497,15.951264077044549,0.029034353081781816,0.9356630683161296,0.6481036430016022
scene-0969_CAM_FRONT_0fa78a07_10540722,G51-B,0,89141,19.608526800096644,0.03328358477243043,0.9126874688099178,0.5853688965933864
scene-0969_CAM_FRONT_0fa78a07_10540722,G51-B,1,90720,19.777030846253226,0.023173568216498408,0.9133506684527093,0.5957174375541723
scene-0969_CAM_FRONT_0fa78a07_10540722,G51-B,2,88731,19.122059581043953,0.021542761956948375,0.9122278254931316,0.5826373020250571
scene-0969_CAM_FRONT_0fa78a07_10540722,G51-B,3,86296,19.97358737104917,0.03151486089548605,0.9118272791742179,0.56668111259948
scene-0969_CAM_FRONT_0fa78a07_10540722,G51-B,4,85059,20.050478490943554,0.034433267407166124,0.9130814487957345,0.5585519922254616
scene-0969_CAM_FRONT_89804ee2_863d4849,G51-B,0,99864,22.14912727219075,0.021475196871070024,0.913626454442781,0.6557599873926404
scene-0969_CAM_FRONT_89804ee2_863d4849,G51-B,1,99529,22.3644597694718,0.01877050809812797,0.9128713261366322,0.6536390618023271
scene-0969_CAM_FRONT_89804ee2_863d4849,G51-B,2,97694,22.460325079449156,0.017462285215839035,0.9119126415044783,0.6414913455729783
scene-0969_CAM_FRONT_89804ee2_863d4849,G51-B,3,95913,22.496531168619796,0.017957461885218073,0.911223176529299,0.6297967063273185
scene-0969_CAM_FRONT_89804ee2_863d4849,G51-B,4,95301,22.83515667551743,0.02553020653950977,0.9121030651642896,0.6257781104719881
scene-0969_CAM_FRONT_e624c4c4_93d2488a,G51-B,0,79369,16.66218107367437,0.019913768471600868,0.9129238568014079,0.5211632915714548
scene-0969_CAM_FRONT_e624c4c4_93d2488a,G51-B,1,78028,16.64613651916058,0.01779662081568323,0.9132127754576734,0.5123578388884511
scene-0969_CAM_FRONT_e624c4c4_93d2488a,G51-B,2,77605,16.64337776835595,0.021271609047825102,0.9130026527985712,0.5095802799884432
scene-0969_CAM_FRONT_e624c4c4_93d2488a,G51-B,3,76917,16.68348280811711,0.02056321886901502,0.910257925564048,0.5050626428177448
scene-0969_CAM_FRONT_e624c4c4_93d2488a,G51-B,4,74442,16.779865172052467,0.02095678945145929,0.9094896645917054,0.48881096840280513
scene-0969_CAM_FRONT_12831494_6c101672,G51-B,0,90759,26.99620349080268,0.02368940098787453,0.9089774906101437,0.596354371864576
scene-0969_CAM_FRONT_12831494_6c101672,G51-B,1,88280,27.325632075746956,0.02342480723042173,0.9100018385732671,0.5809169227536575
scene-0969_CAM_FRONT_12831494_6c101672,G51-B,2,90183,27.890512019230766,0.024075088552373725,0.9108948598744517,0.5929924093189399
scene-0969_CAM_FRONT_12831494_6c101672,G51-B,3,90407,27.840249136350813,0.03264097547108413,0.9118010138418302,0.5942071809418749
scene-0969_CAM_FRONT_12831494_6c101672,G51-B,4,88619,29.869039775172112,0.05321160328208441,0.9120111365009325,0.5819675360491687
scene-0969_CAM_FRONT_d3fc0ca6_75f75895,G51-B,0,93924,28.442041552197804,0.031931809858304794,0.9127662648070811,0.6175045307698369
scene-0969_CAM_FRONT_d3fc0ca6_75f75895,G51-B,1,91042,29.01469989023417,0.03997604063224647,0.913015785464765,0.598146980800042
scene-0969_CAM_FRONT_d3fc0ca6_75f75895,G51-B,2,84284,29.53927350242382,0.02557290370150378,0.912418249152943,0.5537717017308854
scene-0969_CAM_FRONT_d3fc0ca6_75f75895,G51-B,3,82524,30.69619011563876,0.02163019306687719,0.9143487510834449,0.5419194704908991
scene-0969_CAM_FRONT_d3fc0ca6_75f75895,G51-B,4,85976,28.806141432437155,0.013558668862192036,0.9127071678092086,0.5647309116696871
scene-0969_CAM_FRONT_2c16056f_c65d8181,G51-B,0,107846,28.16545608108107,0.015624854221961693,0.9142896540855725,0.7102145877656082
scene-0969_CAM_FRONT_2c16056f_c65d8181,G51-B,1,113223,28.41177377612229,0.017363109641879593,0.9172445039791979,0.7450424185118063
scene-0969_CAM_FRONT_2c16056f_c65d8181,G51-B,2,111491,29.17933058375635,0.020061783447917314,0.9180390302839282,0.7338730859139022
scene-0969_CAM_FRONT_2c16056f_c65d8181,G51-B,3,110403,29.652805511182105,0.02095659301272379,0.9195755522286134,0.7263086701862213
scene-0969_CAM_FRONT_2c16056f_c65d8181,G51-B,4,109826,30.032213184931503,0.01441278048588801,0.9211186405063956,0.7221456150027579
scene-0971_CAM_FRONT_45c4bd03_deefc567,G51-B,0,140242,16.6818890790636,0.09859400080223035,0.9879573451002023,0.9232920967614845
scene-0971_CAM_FRONT_45c4bd03_deefc567,G51-B,1,139366,16.441778198440026,0.09521277221471491,0.9877406561080031,0.9176910146297902
scene-0971_CAM_FRONT_45c4bd03_deefc567,G51-B,2,139081,16.51546179120753,0.0964647423697742,0.9873335434559924,0.9157670790323852
scene-0971_CAM_FRONT_45c4bd03_deefc567,G51-B,3,137906,16.4496615059415,0.09164515475606594,0.9855081028550416,0.9083142909673522
scene-0971_CAM_FRONT_45c4bd03_deefc567,G51-B,4,139171,16.389483003400926,0.10078560755988031,0.9860859401675728,0.916266120347753
scene-0971_CAM_FRONT_d95a0f0a_ec55283a,G51-B,0,146791,16.391566814922992,0.0329912415487712,0.987865416436845,0.969000341449321
scene-0971_CAM_FRONT_d95a0f0a_ec55283a,G51-B,1,147871,16.39942585537665,0.0379118339811626,0.987753788774197,0.9753368528878733
scene-0971_CAM_FRONT_d95a0f0a_ec55283a,G51-B,2,148324,15.901662271949828,0.03750729123376617,0.9900979696898065,0.9788235757623512
scene-0971_CAM_FRONT_d95a0f0a_ec55283a,G51-B,3,149364,16.231989474012988,0.030278943152365123,0.9957384498200825,0.9848974338770257
scene-0971_CAM_FRONT_d95a0f0a_ec55283a,G51-B,4,147654,16.37891131428263,0.05308093567855199,0.9955151944947863,0.9705237307278124
scene-0971_CAM_FRONT_0c9100bb_0b91ae54,G51-B,0,143756,15.783549164182284,0.04027623765067645,0.9975770230872272,0.9440942400126073
scene-0971_CAM_FRONT_0c9100bb_0b91ae54,G51-B,1,131604,15.218648042414353,0.03764579488988251,0.996263756467838,0.8644052215480786
scene-0971_CAM_FRONT_0c9100bb_0b91ae54,G51-B,2,115938,15.328779450261784,0.06290828312560892,0.944855934651853,0.7614845165865574
scene-0971_CAM_FRONT_0c9100bb_0b91ae54,G51-B,3,103008,16.505748110210337,0.10425787792318886,0.9353150526619914,0.6763848396501457
scene-0971_CAM_FRONT_0c9100bb_0b91ae54,G51-B,4,92996,16.75800634948502,0.07205238482125775,0.9208559871825178,0.610642712683529
scene-0971_CAM_FRONT_cb99af54_e5164edf,G51-B,0,113016,24.986547619047624,0.03063672435285203,0.9162004570167835,0.7470976807711501
scene-0971_CAM_FRONT_cb99af54_e5164edf,G51-B,1,116489,25.383615077227006,0.028747734201445496,0.9156160533711554,0.7724043285267775
scene-0971_CAM_FRONT_cb99af54_e5164edf,G51-B,2,112423,25.445232142857144,0.02624542135966834,0.9023783258477136,0.7466840017860426
scene-0971_CAM_FRONT_cb99af54_e5164edf,G51-B,3,107459,25.69784429280397,0.026734981018007975,0.891399416909621,0.7172799621779213
scene-0971_CAM_FRONT_cb99af54_e5164edf,G51-B,4,102127,26.39684835170549,0.024754214498658555,0.8781682557192761,0.6771399679562945
scene-0971_CAM_FRONT_d651efd7_bcb4f1b8,G51-B,0,98119,25.910350641697224,0.026164222098311818,0.8646547422057627,0.656042339715809
scene-0971_CAM_FRONT_d651efd7_bcb4f1b8,G51-B,1,96761,25.803084213179122,0.02373418916463832,0.8535707719381189,0.6617287841777638
scene-0971_CAM_FRONT_d651efd7_bcb4f1b8,G51-B,2,93721,24.669687771424442,0.03419145559595371,0.8408977490610143,0.6438814908202664
scene-0971_CAM_FRONT_d651efd7_bcb4f1b8,G51-B,3,93997,24.387025003245068,0.03253498342280503,0.8384747721482415,0.634183016836078
scene-0971_CAM_FRONT_d651efd7_bcb4f1b8,G51-B,4,91870,26.68498870012469,0.032386951138371645,0.8311467444120505,0.6228429595776535
scene-0971_CAM_FRONT_2c167c01_e63daf85,G51-B,0,97311,28.066233003618116,0.03709363273867039,0.8210542904420456,0.6572045806739685
scene-0971_CAM_FRONT_2c167c01_e63daf85,G51-B,1,98840,28.319516225961532,0.03006969658719738,0.8151642896540856,0.6705145378614766
scene-0971_CAM_FRONT_2c167c01_e63daf85,G51-B,2,101212,28.101986735965372,0.022089410239074736,0.8292096761484516,0.6823602027683661
scene-0971_CAM_FRONT_2c167c01_e63daf85,G51-B,3,105330,28.434236511327505,0.02922245954018421,0.8398274367662123,0.709754944448822
scene-0971_CAM_FRONT_2c167c01_e63daf85,G51-B,4,106753,28.491685779816514,0.0340805730217717,0.8478711948099703,0.7182320804769784
scene-0971_CAM_FRONT_ed00752c_dd3e8360,G51-B,0,99560,33.60859421200474,0.044364234754118215,0.8389278491319307,0.6698447718855882
scene-0971_CAM_FRONT_ed00752c_dd3e8360,G51-B,1,101612,34.326276676829266,0.07037996102813238,0.8345546712893651,0.6756231450109002
scene-0971_CAM_FRONT_ed00752c_dd3e8360,G51-B,2,97767,33.804978958143764,0.06474357120131202,0.8268195309011636,0.6601003335697213
scene-0971_CAM_FRONT_ed00752c_dd3e8360,G51-B,3,95941,33.462423155737696,0.055943910098696925,0.8332808026685578,0.6483006329945106
scene-0971_CAM_FRONT_ed00752c_dd3e8360,G51-B,4,90864,33.04656694408533,0.03417314932370141,0.8247577023087227,0.6127833372731332
scene-0971_CAM_FRONT_11a83de0_b6fdaedd,G51-B,0,94941,24.996163827401624,0.03730200089603519,0.8259002442675912,0.642364667874872
scene-0971_CAM_FRONT_11a83de0_b6fdaedd,G51-B,1,94727,24.20314116379311,0.036654521669510665,0.8352769679300291,0.6464686260604628
scene-0971_CAM_FRONT_11a83de0_b6fdaedd,G51-B,2,89747,25.429369212962953,0.036232931434744486,0.823634859349145,0.6164933154729073
scene-0971_CAM_FRONT_11a83de0_b6fdaedd,G51-B,3,86721,24.922860384815845,0.02142060341724683,0.8161558059517243,0.5918826990255561
scene-0971_CAM_FRONT_11a83de0_b6fdaedd,G51-B,4,84636,23.938982230619423,0.02831015860213526,0.7968704856459958,0.5754668662831928
scene-0972_CAM_FRONT_e80bfd61_c8151359,G51-B,0,92220,20.976869541484717,0.0660546965976323,0.7896737845717438,0.6440062511491083
scene-0972_CAM_FRONT_e80bfd61_c8151359,G51-B,1,96951,19.294370726317542,0.03943835050268607,0.7897919785674887,0.6744937357182255
scene-0972_CAM_FRONT_e80bfd61_c8151359,G51-B,2,91891,19.348692426447446,0.048513121494151434,0.7731791558322171,0.6532385154834135
scene-0972_CAM_FRONT_e80bfd61_c8151359,G51-B,3,95654,18.48502356622307,0.030991869736983757,0.7864431486880467,0.6816707377931868
scene-0972_CAM_FRONT_e80bfd61_c8151359,G51-B,4,99609,19.737398950289574,0.031250351496309836,0.8066937199590261,0.715631812570588
scene-0972_CAM_FRONT_6cd9c11f_dbaed053,G51-B,0,106737,18.152801353893977,0.046256331346224755,0.8420796890184645,0.7492054736952696
scene-0972_CAM_FRONT_6cd9c11f_dbaed053,G51-B,1,105504,17.77134570547533,0.035561754191197226,0.8259068106006882,0.7454757964962047
scene-0972_CAM_FRONT_6cd9c11f_dbaed053,G51-B,2,96655,17.53740930830297,0.022151460284761892,0.7840530034407586,0.6895109395109396
scene-0972_CAM_FRONT_6cd9c11f_dbaed053,G51-B,3,87820,17.886658234895435,0.01658761922513019,0.7353505108607149,0.6402240432852678
scene-0972_CAM_FRONT_6cd9c11f_dbaed053,G51-B,4,84510,18.162933255127715,0.022955845125706364,0.7118036403750689,0.617727786095133
scene-0972_CAM_FRONT_01c42b37_24d36d6c,G51-B,0,75746,22.65197108785174,0.02331819870394991,0.6564231870354319,0.5253197804218213
scene-0972_CAM_FRONT_01c42b37_24d36d6c,G51-B,1,81068,22.731414918809204,0.019502464659961527,0.6813227221390487,0.5663002652798571
scene-0972_CAM_FRONT_01c42b37_24d36d6c,G51-B,2,88688,23.605134030309934,0.03264943102397244,0.7348908675439287,0.6079176844482967
scene-0972_CAM_FRONT_01c42b37_24d36d6c,G51-B,3,93077,23.793006514350456,0.016269882596765317,0.7741772384629527,0.6294289916738897
scene-0972_CAM_FRONT_01c42b37_24d36d6c,G51-B,4,87011,23.954451758381932,0.02259095319891724,0.7443332545373361,0.5947981509206
scene-0972_CAM_FRONT_68d1a328_53bc14f0,G51-B,0,88092,29.414782675081437,0.01754254317782311,0.7172339978462428,0.6135515982454758
scene-0972_CAM_FRONT_68d1a328_53bc14f0,G51-B,1,85131,29.589049083553498,0.01932178125472017,0.7095776534552045,0.6006618863761721
scene-0972_CAM_FRONT_68d1a328_53bc14f0,G51-B,2,80913,30.019609160075653,0.017901803958257467,0.699294775825388,0.5707259737871982
scene-0972_CAM_FRONT_68d1a328_53bc14f0,G51-B,3,76674,29.24440880977745,0.022390609259551386,0.6874491109184987,0.5221942058676753
scene-0972_CAM_FRONT_68d1a328_53bc14f0,G51-B,4,76509,28.8528745482568,0.025589429396775554,0.6899180521629501,0.5169608383894099
scene-0972_CAM_FRONT_1241c106_98f5dd32,G51-B,0,88669,27.165314804068824,0.056475221753204075,0.7122961153573398,0.6204134163317837
scene-0972_CAM_FRONT_1241c106_98f5dd32,G51-B,1,88835,25.91006032850052,0.056651169597980555,0.7460208021432512,0.632259081238673
scene-0972_CAM_FRONT_1241c106_98f5dd32,G51-B,2,94388,25.741472343853275,0.03715934292342071,0.7798111522601319,0.6743624090562866
scene-0972_CAM_FRONT_1241c106_98f5dd32,G51-B,3,101692,26.317993642769615,0.03978579814868999,0.8512200246894125,0.6811257321461404
scene-0972_CAM_FRONT_1241c106_98f5dd32,G51-B,4,101693,26.991245796689086,0.026173927256984975,0.8387439918052163,0.6810272371496862
scene-0972_CAM_FRONT_7d8ff417_32acb4d3,G51-B,0,118192,22.893141955477677,0.027420060534716795,0.8684238174034092,0.7986171302497833
scene-0972_CAM_FRONT_7d8ff417_32acb4d3,G51-B,1,122265,23.505031805830033,0.027832408363579475,0.8939996848160113,0.8270624852257505
scene-0972_CAM_FRONT_7d8ff417_32acb4d3,G51-B,2,127777,25.199567585562104,0.03540727807930821,0.9143684500827358,0.8517387650040711
scene-0972_CAM_FRONT_7d8ff417_32acb4d3,G51-B,3,126947,24.670376442494188,0.042317779277493806,0.9314868804664723,0.8457043048879783
scene-0972_CAM_FRONT_7d8ff417_32acb4d3,G51-B,4,126663,23.980904266723847,0.04130389036580473,0.9258135686707115,0.845750269219657
scene-0972_CAM_FRONT_4f5b8cae_82c379e1,G51-B,0,125052,27.274562067474054,0.022019759437698738,0.9371010952643606,0.826517479578704
scene-0972_CAM_FRONT_4f5b8cae_82c379e1,G51-B,1,118431,24.202625363372093,0.026387955777313454,0.9478895805426417,0.7869684553358023
scene-0972_CAM_FRONT_4f5b8cae_82c379e1,G51-B,2,115358,23.715864139815878,0.02471797884055138,0.9530901163554225,0.7630735691960182
scene-0972_CAM_FRONT_4f5b8cae_82c379e1,G51-B,3,109206,22.708936228944125,0.022739852427830165,0.9553555012738686,0.720444934730649
scene-0972_CAM_FRONT_4f5b8cae_82c379e1,G51-B,4,106506,22.456216097638798,0.023409611795296437,0.9563864155700891,0.6996493578126232
scene-0972_CAM_FRONT_6b179cb7_0c381dc5,G51-B,0,111563,25.683325216161403,0.02439518010511499,0.9570824468783653,0.7383907230846006
scene-0972_CAM_FRONT_6b179cb7_0c381dc5,G51-B,1,111562,26.877215863047002,0.01900213977842702,0.957962335513356,0.7496651170120557
scene-0972_CAM_FRONT_6b179cb7_0c381dc5,G51-B,2,109244,27.482744265825325,0.015671316811178393,0.9614621910540277,0.7264137315157724
scene-0972_CAM_FRONT_6b179cb7_0c381dc5,G51-B,3,106615,27.23182267868798,0.022648813017530856,0.9606348330838127,0.7100372967719907
scene-0972_CAM_FRONT_6b179cb7_0c381dc5,G51-B,4,107309,27.38642777811586,0.026262099530570904,0.9633598613190449,0.723445748955953
scene-1059_CAM_FRONT_cb4504ed_fff51b00,G51-B,0,71450,20.86012842093831,0.030902305254495666,0.6399942216268747,0.513572610511386
scene-1059_CAM_FRONT_cb4504ed_fff51b00,G51-B,1,71134,21.089296808904404,0.020519184763897247,0.6368883460720195,0.482579518293804
scene-1059_CAM_FRONT_cb4504ed_fff51b00,G51-B,2,70632,20.49376273476258,0.025450079195371123,0.6328828828828829,0.5307632705591889
scene-1059_CAM_FRONT_cb4504ed_fff51b00,G51-B,3,67999,22.164533045311348,0.019380221145977927,0.6493052819583431,0.5244398917868306
scene-1059_CAM_FRONT_cb4504ed_fff51b00,G51-B,4,66640,22.475490909679092,0.0459283337281049,0.6189556903842618,0.5599834528405957
scene-1059_CAM_FRONT_97d92ade_bdea805e,G51-B,0,64096,17.859031867401214,0.039922902144610806,0.6011871930239278,0.45798203451264674
scene-1059_CAM_FRONT_97d92ade_bdea805e,G51-B,1,64130,17.531532859510452,0.038347815646053274,0.5791308801512883,0.456990518215008
scene-1059_CAM_FRONT_97d92ade_bdea805e,G51-B,2,61727,16.76767766575952,0.018224269673958293,0.5895319517768497,0.5180574160165997
scene-1059_CAM_FRONT_97d92ade_bdea805e,G51-B,3,61373,17.361433051132007,0.029378830808318934,0.6112139836629632,0.5315512305308223
scene-1059_CAM_FRONT_97d92ade_bdea805e,G51-B,4,60852,16.211836918248625,0.022637217895286943,0.620978120978121,0.4914243689753894
scene-1059_CAM_FRONT_a945d7d0_3aeb1dd2,G51-B,0,71040,17.494469211001256,0.02750224658852174,0.6061053765135398,0.5245252541170908
scene-1059_CAM_FRONT_a945d7d0_3aeb1dd2,G51-B,1,69050,17.692550551470593,0.018628075999431726,0.6212407743019988,0.5436267170961049
scene-1059_CAM_FRONT_a945d7d0_3aeb1dd2,G51-B,2,80306,17.854538909313725,0.033585921292728305,0.7072006408741103,0.6317075092585297
scene-1059_CAM_FRONT_a945d7d0_3aeb1dd2,G51-B,3,73911,18.551438656599164,0.0325482129706014,0.7076996821894781,0.5443818454022535
scene-1059_CAM_FRONT_a945d7d0_3aeb1dd2,G51-B,4,74242,16.554853379078196,0.022264884431611343,0.7206287920573635,0.5509219131668112
scene-1059_CAM_FRONT_3f8c45e9_2ff6e2f9,G51-B,0,84856,15.07716480446927,0.040700054772801586,0.6533961074777401,0.7184290704698868
scene-1059_CAM_FRONT_3f8c45e9_2ff6e2f9,G51-B,1,89624,16.360842844600526,0.055846696654271666,0.6464620597273658,0.8294985948047172
scene-1059_CAM_FRONT_3f8c45e9_2ff6e2f9,G51-B,2,90048,16.052872095352566,0.023730923163660655,0.653645628135424,0.8417316733643264
scene-1059_CAM_FRONT_3f8c45e9_2ff6e2f9,G51-B,3,90235,18.4869708836938,0.05008827932790849,0.6819727891156463,0.8488824101068999
scene-1059_CAM_FRONT_3f8c45e9_2ff6e2f9,G51-B,4,97490,16.216820693597562,0.043001635840625774,0.7520224305938592,0.816077009954561
scene-1059_CAM_FRONT_eb82a835_82f21b3a,G51-B,0,103811,13.218970623267495,0.11077027721430666,0.8263204895857957,0.7452459748378115
scene-1059_CAM_FRONT_eb82a835_82f21b3a,G51-B,1,104175,12.063548637279109,0.10710080652473764,0.8260184382633362,0.7336629632548
scene-1059_CAM_FRONT_eb82a835_82f21b3a,G51-B,2,93174,12.530352586784861,0.0751429519047555,0.7831731148057679,0.6767262889711869
scene-1059_CAM_FRONT_eb82a835_82f21b3a,G51-B,3,90289,12.504062318173004,0.05463636293291696,0.7672760223780632,0.6693325979040264
scene-1059_CAM_FRONT_eb82a835_82f21b3a,G51-B,4,88124,12.810746626420455,0.04996031282221547,0.8132469203897775,0.6369014787382135
scene-1059_CAM_FRONT_f8ac246e_31c4135d,G51-B,0,82095,12.124087671826825,0.0752847689398326,0.8269836892285872,0.5694980694980695
scene-1059_CAM_FRONT_f8ac246e_31c4135d,G51-B,1,77551,11.569143244133139,0.07953594152742971,0.8069892049483887,0.5253920100858877
scene-1059_CAM_FRONT_f8ac246e_31c4135d,G51-B,2,77052,12.129632564966647,0.05763287702294351,0.8297415491293042,0.5140913508260447
scene-1059_CAM_FRONT_f8ac246e_31c4135d,G51-B,3,73976,11.92038733237548,0.06561049010913966,0.776679011372889,0.49852914138628424
scene-1059_CAM_FRONT_f8ac246e_31c4135d,G51-B,4,75355,11.604652440555927,0.08882119315396375,0.7951172747091114,0.503125574554146
scene-1059_CAM_FRONT_49e0e239_7dfdfced,G51-B,0,92600,15.262694452092509,0.12365099066184548,0.803817666062564,0.6483859953247708
scene-1059_CAM_FRONT_49e0e239_7dfdfced,G51-B,1,85427,15.955318250783083,0.09427165518664893,0.7404525516770415,0.6284571743755417
scene-1059_CAM_FRONT_49e0e239_7dfdfced,G51-B,2,85743,15.665003265675239,0.09561661714530612,0.7302287710450975,0.6584915819609697
scene-1059_CAM_FRONT_49e0e239_7dfdfced,G51-B,3,80429,15.272893422525017,0.09220470929247826,0.7520815275917316,0.5734247366900428
scene-1059_CAM_FRONT_49e0e239_7dfdfced,G51-B,4,77294,15.975835306836899,0.12852174745574163,0.7438933102198408,0.5581120479079663
scene-1059_CAM_FRONT_171e5846_5253c29c,G51-B,0,99302,22.15439618644068,0.0910014229112639,0.7468612927796602,0.7675124103695532
scene-1059_CAM_FRONT_171e5846_5253c29c,G51-B,1,98243,21.228429041453538,0.09221264834954024,0.7462900218002259,0.7431053502482073
scene-1059_CAM_FRONT_171e5846_5253c29c,G51-B,2,89929,22.18938546889244,0.0788900562961512,0.6831350300738056,0.7400585716912248
scene-1059_CAM_FRONT_171e5846_5253c29c,G51-B,3,90285,21.759837120424297,0.06324819671254733,0.6967930029154519,0.751438026948231
scene-1059_CAM_FRONT_171e5846_5253c29c,G51-B,4,91119,19.31950368629722,0.07409135643776477,0.735212617865679,0.7872376749927771
scene-1060_CAM_FRONT_e74b8ce0_ffced1bc,G51-B,0,90191,25.67613048427152,0.07562115209886011,0.8153875449793817,0.6732723977621937
scene-1060_CAM_FRONT_e74b8ce0_ffced1bc,G51-B,1,95784,27.640406179031046,0.08611720582512206,0.8570968928111785,0.7227562839807737
scene-1060_CAM_FRONT_e74b8ce0_ffced1bc,G51-B,2,79541,24.749163461538465,0.1093799773817552,0.765128831455362,0.665550390040186
scene-1060_CAM_FRONT_e74b8ce0_ffced1bc,G51-B,3,76695,26.56208308065495,0.04759311694327062,0.7746368817797389,0.6201573293410028
scene-1060_CAM_FRONT_e74b8ce0_ffced1bc,G51-B,4,63105,23.50730063450357,0.04856347953281537,0.6589643579439498,0.511412286922491
scene-1060_CAM_FRONT_ce3718b3_6a572eb7,G51-B,0,72745,27.427162388392855,0.048900532431316535,0.6742639140598324,0.5349460247419431
scene-1060_CAM_FRONT_ce3718b3_6a572eb7,G51-B,1,84689,26.050150029274004,0.038687105932434296,0.9130683161295406,0.5627807107398944
scene-1060_CAM_FRONT_ce3718b3_6a572eb7,G51-B,2,83844,26.86042073079232,0.09380866127921172,0.7592782286659838,0.736552149817456
scene-1060_CAM_FRONT_ce3718b3_6a572eb7,G51-B,3,87023,31.04599773044693,0.0694265536292007,0.8176988942295065,0.7290533974207444
scene-1060_CAM_FRONT_ce3718b3_6a572eb7,G51-B,4,84737,30.701853353050172,0.13951283258489422,0.8407335907335908,0.6366388254143356
scene-1060_CAM_FRONT_2f51a63b_2fd7d4c5,G51-B,0,74749,24.42047270361097,0.0247632649320515,0.8285530428387571,0.5506264281774486
scene-1060_CAM_FRONT_2f51a63b_2fd7d4c5,G51-B,1,79432,25.49293646993964,0.09927194304535925,0.7465986394557823,0.6026317863052557
scene-1060_CAM_FRONT_2f51a63b_2fd7d4c5,G51-B,2,85666,26.63451009114583,0.08703133047054501,0.7581882173718908,0.6513868095500749
scene-1060_CAM_FRONT_2f51a63b_2fd7d4c5,G51-B,3,85577,25.531651814778648,0.10313603672298122,0.8340621963070942,0.669634649226486
scene-1060_CAM_FRONT_2f51a63b_2fd7d4c5,G51-B,4,88230,28.127602086661344,0.10771612820987952,0.8772883670842855,0.6645391747432564
scene-1060_CAM_FRONT_d6297a6f_8df260af,G51-B,0,93309,26.72008690979803,0.14804473907114257,0.8178105218921545,0.6998988784703071
scene-1060_CAM_FRONT_d6297a6f_8df260af,G51-B,1,91229,27.54029743553811,0.12225724543387129,0.8043955033750952,0.6676581829643055
scene-1060_CAM_FRONT_d6297a6f_8df260af,G51-B,2,93006,29.09321631493506,0.14080490769932186,0.8646810075381504,0.7357379245134347
scene-1060_CAM_FRONT_d6297a6f_8df260af,G51-B,3,82642,26.050989105504584,0.10063752831148953,0.8063522706379849,0.6682688519423213
scene-1060_CAM_FRONT_d6297a6f_8df260af,G51-B,4,72306,26.167348180130514,0.053624876241831654,0.7470582827725685,0.6113978409896778
scene-1060_CAM_FRONT_e0e5ebc1_84eb0d49,G51-B,0,68156,22.319639008620683,0.05182131421649405,0.7097680771150159,0.49762955375200274
scene-1060_CAM_FRONT_e0e5ebc1_84eb0d49,G51-B,1,70115,24.410403847774777,0.05234219347304103,0.6249901505003546,0.5431670737793187
scene-1060_CAM_FRONT_e0e5ebc1_84eb0d49,G51-B,2,67802,28.183483686603484,0.0443837335599091,0.641517610905366,0.5168032463950831
scene-1060_CAM_FRONT_e0e5ebc1_84eb0d49,G51-B,3,74410,28.973266234984987,0.06649554850434436,0.7587069576865495,0.5473366952958789
scene-1060_CAM_FRONT_e0e5ebc1_84eb0d49,G51-B,4,74111,27.80347354894469,0.05069282161491673,0.824961258634728,0.507570982060778
scene-1060_CAM_FRONT_263f230e_fb43e7b6,G51-B,0,91932,24.184005725558123,0.058896756240247594,0.8651669161873243,0.6527788721666272
scene-1060_CAM_FRONT_263f230e_fb43e7b6,G51-B,1,98627,24.085607580236477,0.07513249062553129,0.7843484884301211,0.7920967614845166
scene-1060_CAM_FRONT_263f230e_fb43e7b6,G51-B,2,101798,24.33863952679192,0.057338399279701635,0.8679970057521078,0.7392640453864944
scene-1060_CAM_FRONT_263f230e_fb43e7b6,G51-B,3,106621,25.93563306376215,0.07369204452101297,0.848987471436451,0.7896540855724529
scene-1060_CAM_FRONT_263f230e_fb43e7b6,G51-B,4,79158,27.582185691899703,0.05032531098809523,0.6205578756599165,0.664460378746093
scene-1060_CAM_FRONT_5510e4b6_0b0e7d27,G51-B,0,74012,24.829850146994772,0.03646709449957175,0.6424697292044231,0.6154624011766869
scene-1060_CAM_FRONT_5510e4b6_0b0e7d27,G51-B,1,86591,25.592049925866785,0.057548030677021966,0.7184225041367899,0.6642699550862816
scene-1060_CAM_FRONT_5510e4b6_0b0e7d27,G51-B,2,91607,25.79409305126071,0.03980782429451146,0.6840280513749901,0.7613203582591338
scene-1060_CAM_FRONT_5510e4b6_0b0e7d27,G51-B,3,84683,25.726042488170343,0.07820650968894727,0.6919273500906153,0.6690765109132456
scene-1060_CAM_FRONT_5510e4b6_0b0e7d27,G51-B,4,78830,27.706853546319284,0.05688485378527597,0.674907414703333,0.685492343655609
scene-1060_CAM_FRONT_3f9e2573_2deffe9a,G51-B,0,80753,29.27337711352657,0.0868313998640815,0.6128621332702965,0.7534210595435086
scene-1060_CAM_FRONT_3f9e2573_2deffe9a,G51-B,1,84478,27.522624186686688,0.056680338176347655,0.6484779239881281,0.7369855278018543
scene-1060_CAM_FRONT_3f9e2573_2deffe9a,G51-B,2,92036,27.971554265389727,0.07309396100332699,0.7106676647492974,0.7507419956399548
scene-1060_CAM_FRONT_3f9e2573_2deffe9a,G51-B,3,105037,27.876597671216466,0.07872302532508524,0.7940206970819216,0.7848606624116828
scene-1060_CAM_FRONT_3f9e2573_2deffe9a,G51-B,4,109808,26.551100045196275,0.049447086455928435,0.8669595251227904,0.7324350589656712
scene-1061_CAM_FRONT_79f64892_331fa27d,G51-B,0,89450,21.3511865704287,0.07623336350543575,0.9175596879678513,0.5875095211829906
scene-1061_CAM_FRONT_79f64892_331fa27d,G51-B,1,89077,18.79689133559853,0.09038335541760567,0.9114464318545952,0.5849092532766003
scene-1061_CAM_FRONT_79f64892_331fa27d,G51-B,2,86046,20.02301223413843,0.06652203313442961,0.9126283718120453,0.5650526619914376
scene-1061_CAM_FRONT_79f64892_331fa27d,G51-B,3,80090,19.861401954467357,0.0849160601210539,0.8728757912431382,0.5258976177343524
scene-1061_CAM_FRONT_79f64892_331fa27d,G51-B,4,81755,20.449576099537033,0.07474959394784264,0.8633808735849552,0.5368305623407664
scene-1061_CAM_FRONT_3eada6f4_9fa6e5f9,G51-B,0,102662,24.246374142329355,0.11234402184944114,0.8884117353505109,0.6994064034880362
scene-1061_CAM_FRONT_3eada6f4_9fa6e5f9,G51-B,1,96001,29.804256561387895,0.100768947174398,0.8204633204633205,0.670468573529798
scene-1061_CAM_FRONT_3eada6f4_9fa6e5f9,G51-B,2,101745,30.230659707332766,0.11780058526358417,0.8895936753079611,0.6822223097733302
scene-1061_CAM_FRONT_3eada6f4_9fa6e5f9,G51-B,3,112208,26.06565345220031,0.14845402506992222,0.8508523100359835,0.8103905654926064
scene-1061_CAM_FRONT_3eada6f4_9fa6e5f9,G51-B,4,107627,21.776088169642854,0.10603024028083752,0.8819898615816983,0.7833569721324823
scene-1061_CAM_FRONT_f8de8186_f267aa43,G51-B,0,101361,22.497383427402653,0.0486065710718111,0.8030034407585428,0.683561841725107
scene-1061_CAM_FRONT_f8de8186_f267aa43,G51-B,1,99770,25.003867992912372,0.08844765341908323,0.7963977096630158,0.7310692616815065
scene-1061_CAM_FRONT_f8de8186_f267aa43,G51-B,2,97480,24.51980457361516,0.13463524455322395,0.7792989782785701,0.7417395529640428
scene-1061_CAM_FRONT_f8de8186_f267aa43,G51-B,3,88766,23.54022785819431,0.07347435301725014,0.7671709610485121,0.6693785622357051
scene-1061_CAM_FRONT_f8de8186_f267aa43,G51-B,4,80136,21.56496533291742,0.09764263535342521,0.7653323877813674,0.598875843773803
scene-1061_CAM_FRONT_50e62add_8a75ea80,G51-B,0,110295,22.137706774501176,0.146554931956564,0.7791216872849526,0.7912168728495259
scene-1061_CAM_FRONT_50e62add_8a75ea80,G51-B,1,111187,23.537651669662612,0.0374110263101719,0.8488036141097366,0.767302287710451
scene-1061_CAM_FRONT_50e62add_8a75ea80,G51-B,2,112344,24.220024971862685,0.07593720858343866,0.8852533291308802,0.770907204580674
scene-1061_CAM_FRONT_50e62add_8a75ea80,G51-B,3,113094,24.749588709154565,0.07582216926633834,0.8362487852283771,0.7836721561211357
scene-1061_CAM_FRONT_50e62add_8a75ea80,G51-B,4,109392,23.696598569063383,0.06134972029905161,0.7983873085913902,0.8048157486932997
scene-1061_CAM_FRONT_bb4f3cfb_50f1c83c,G51-B,0,87943,26.306612204426017,0.05553641769525974,0.7471961757676043,0.662306621490295
scene-1061_CAM_FRONT_bb4f3cfb_50f1c83c,G51-B,1,88229,26.682754187275172,0.050464218369949965,0.8256638562761012,0.6561080030467785
scene-1061_CAM_FRONT_bb4f3cfb_50f1c83c,G51-B,2,84700,27.084170835342324,0.09609138464119305,0.8165300869382502,0.6102552990308092
scene-1061_CAM_FRONT_bb4f3cfb_50f1c83c,G51-B,3,88548,26.975352112676045,0.09166751796642747,0.8247774013080136,0.6284834397079295
scene-1061_CAM_FRONT_bb4f3cfb_50f1c83c,G51-B,4,105450,26.392722546214785,0.06936686794104241,0.9253801906863132,0.7067803955559058
scene-1061_CAM_FRONT_50e79730_01cf2593,G51-B,0,112056,28.083749881269,0.09020095526217053,0.8757912431381819,0.7417920836288183
scene-1061_CAM_FRONT_50e79730_01cf2593,G51-B,1,107245,27.574279891304354,0.03376584940110483,0.8350011819399574,0.7520486959262469
scene-1061_CAM_FRONT_50e79730_01cf2593,G51-B,2,111094,28.80833333333334,0.07114698432511601,0.851994851994852,0.7702440049378825
scene-1061_CAM_FRONT_50e79730_01cf2593,G51-B,3,101508,27.986965559686496,0.07116498959022954,0.803456517742232,0.721896094345074
scene-1061_CAM_FRONT_50e79730_01cf2593,G51-B,4,99952,27.71427323956781,0.05286442680046477,0.7889383552648859,0.7360859401675728
scene-1061_CAM_FRONT_a08ae80f_1f7bbb7a,G51-B,0,112460,26.954114913940433,0.06052810951677223,0.8140808446930896,0.8619297139705303
scene-1061_CAM_FRONT_a08ae80f_1f7bbb7a,G51-B,1,107610,26.864348384412313,0.10245743673814789,0.7962663830010769,0.8028852467627978
scene-1061_CAM_FRONT_a08ae80f_1f7bbb7a,G51-B,2,102524,28.17137756046397,0.07487803374031365,0.7815249651984346,0.7550035458198724
scene-1061_CAM_FRONT_a08ae80f_1f7bbb7a,G51-B,3,86709,28.043565431606098,0.0524679089430804,0.756375909437134,0.6646179707404197
scene-1061_CAM_FRONT_a08ae80f_1f7bbb7a,G51-B,4,82410,28.742207834461215,0.05214681835717938,0.7259934861975679,0.6056457331967536
scene-1061_CAM_FRONT_c3d70d9f_92e329cf,G51-B,0,89763,27.040111090265874,0.05871611847484148,0.7767315420376645,0.6211291466393507
scene-1061_CAM_FRONT_c3d70d9f_92e329cf,G51-B,1,75046,27.749802159538554,0.04018543250064077,0.625416962151656,0.5887045938066346
scene-1061_CAM_FRONT_c3d70d9f_92e329cf,G51-B,2,76437,27.218840843023266,0.04159703335901721,0.6335657815249652,0.6365403304178814
scene-1061_CAM_FRONT_c3d70d9f_92e329cf,G51-B,3,80170,25.78197030141844,0.05801132189009173,0.6301250229821659,0.6505331862474719
scene-1061_CAM_FRONT_c3d70d9f_92e329cf,G51-B,4,79577,24.93570979146693,0.05723493844860039,0.6244976755180837,0.7232947232947233
scene-1062_CAM_FRONT_61789996_6b9a3650,G51-B,0,76614,17.462544055451126,0.05994141238163975,0.6532779134819952,0.70350379534053
scene-1062_CAM_FRONT_61789996_6b9a3650,G51-B,1,71731,17.652522691276808,0.07496523126411736,0.6953943739658025,0.680810548157487
scene-1062_CAM_FRONT_61789996_6b9a3650,G51-B,2,70804,17.27075311018957,0.03529593557897126,0.6592335776009245,0.7173981561736664
scene-1062_CAM_FRONT_61789996_6b9a3650,G51-B,3,85555,17.617293959643607,0.05356098104257789,0.8003506421873768,0.6237031492133533
scene-1062_CAM_FRONT_61789996_6b9a3650,G51-B,4,79548,17.969797442036285,0.05111493040511084,0.8128004097391852,0.5389055235994011
scene-1062_CAM_FRONT_c6d18bda_e1b741c0,G51-B,0,96413,22.116834755894118,0.05124164989153446,0.8087292832190791,0.6752488640243742
scene-1062_CAM_FRONT_c6d18bda_e1b741c0,G51-B,1,97897,22.01705750904285,0.060636138909059056,0.8573923778005411,0.653645628135424
scene-1062_CAM_FRONT_c6d18bda_e1b741c0,G51-B,2,95079,22.120940493841236,0.06030086542386659,0.829649620465947,0.6642568224200878
scene-1062_CAM_FRONT_c6d18bda_e1b741c0,G51-B,3,89460,21.85451304259517,0.08725282889279473,0.8768287237674993,0.6126060462795156
scene-1062_CAM_FRONT_c6d18bda_e1b741c0,G51-B,4,89412,21.452714763703895,0.10537478822304491,0.8336353846557928,0.5963740708638667
scene-1062_CAM_FRONT_cd1b9e25_4eed0329,G51-B,0,91364,26.175678531179575,0.09178243507040262,0.8508326110366927,0.6110629580017335
scene-1062_CAM_FRONT_cd1b9e25_4eed0329,G51-B,1,87900,27.02925990047328,0.045136889884902054,0.8462427442019279,0.6094345073936911
scene-1062_CAM_FRONT_cd1b9e25_4eed0329,G51-B,2,73114,27.302577677292266,0.06893693904728226,0.7318966196517217,0.5381635279594463
scene-1062_CAM_FRONT_cd1b9e25_4eed0329,G51-B,3,68159,27.061651365920877,0.04989595885466924,0.7335907335907336,0.5115042155858482
scene-1062_CAM_FRONT_cd1b9e25_4eed0329,G51-B,4,72338,25.732550028550673,0.08588316749260638,0.7442741575394637,0.5193444173036009
scene-1062_CAM_FRONT_6582e6af_17d12b97,G51-B,0,96789,27.80767704997712,0.0740938676064804,0.817751424894282,0.6697856748877157
scene-1062_CAM_FRONT_6582e6af_17d12b97,G51-B,1,98512,27.02483452690972,0.045156823126311973,0.8128989047356394,0.6753998896856039
scene-1062_CAM_FRONT_6582e6af_17d12b97,G51-B,2,85532,28.687142869818288,0.05552525692089061,0.7180088251516823,0.7256454705434298
scene-1062_CAM_FRONT_6582e6af_17d12b97,G51-B,3,88234,28.120731857102754,0.05925947163754697,0.7203464397341949,0.6630617497964437
scene-1062_CAM_FRONT_6582e6af_17d12b97,G51-B,4,82289,27.033715109223298,0.05315901040014959,0.7118561710398446,0.6587870669503323
scene-1062_CAM_FRONT_e9550049_9a12dd12,G51-B,0,79677,23.572588614567128,0.04291530663546439,0.7424618496047067,0.5558203976571323
scene-1062_CAM_FRONT_e9550049_9a12dd12,G51-B,1,84497,25.006243160262645,0.053306176452750265,0.7590484070075907,0.6013316523520605
scene-1062_CAM_FRONT_e9550049_9a12dd12,G51-B,2,96075,23.668038504464285,0.06420544796367889,0.8594804717253697,0.6561999317101358
scene-1062_CAM_FRONT_e9550049_9a12dd12,G51-B,3,102097,22.70335804332386,0.10908537879968128,0.8050981010164684,0.7256454705434298
scene-1062_CAM_FRONT_e9550049_9a12dd12,G51-B,4,102218,23.0341412050257,0.07689601942794533,0.8021104194573583,0.6878036929057337
scene-1062_CAM_FRONT_1d0ccce7_1a776100,G51-B,0,93714,23.350028665799563,0.05037876591082102,0.7581619520395031,0.6308144879573451
scene-1062_CAM_FRONT_1d0ccce7_1a776100,G51-B,1,78530,23.922758045525907,0.03953332224141115,0.7017440180705486,0.5347293357497439
scene-1062_CAM_FRONT_1d0ccce7_1a776100,G51-B,2,72698,24.219334719334718,0.04297314280237696,0.6941270716780921,0.5143343051506317
scene-1062_CAM_FRONT_1d0ccce7_1a776100,G51-B,3,75167,24.336479137970613,0.04182468865002864,0.7126112993459932,0.5394833609119324
scene-1062_CAM_FRONT_1d0ccce7_1a776100,G51-B,4,74390,23.376762291251246,0.026988708133724115,0.779673259265096,0.5266067817088226
scene-1062_CAM_FRONT_d1e5fd1c_62a84ee7,G51-B,0,75587,24.398241303733034,0.09095339484383613,0.7820502718461902,0.5000131326661938
scene-1062_CAM_FRONT_d1e5fd1c_62a84ee7,G51-B,1,74951,24.699618753062225,0.06177932340166148,0.7907309642003519,0.4943398208704331
scene-1062_CAM_FRONT_d1e5fd1c_62a84ee7,G51-B,2,74444,23.122491366621375,0.0473844045104177,0.7995561158826465,0.4942478922070759
scene-1062_CAM_FRONT_d1e5fd1c_62a84ee7,G51-B,3,74139,23.09232574175236,0.029871304766224682,0.801420954482179,0.4910960523205421
scene-1062_CAM_FRONT_d1e5fd1c_62a84ee7,G51-B,4,73237,23.76843368237347,0.04796268177781826,0.781597194862501,0.486184435164027
scene-1062_CAM_FRONT_2e849ae0_4f371688,G51-B,0,65398,23.430424418242907,0.042697473936650354,0.7863052556930108,0.42942505187403146
scene-1062_CAM_FRONT_2e849ae0_4f371688,G51-B,1,65480,23.626666614868224,0.041395437954154346,0.7881569616263494,0.429963491187981
scene-1062_CAM_FRONT_2e849ae0_4f371688,G51-B,2,64449,24.1564872600826,0.04408557498387644,0.7947232947232947,0.42319360176503035
scene-1062_CAM_FRONT_2e849ae0_4f371688,G51-B,3,64594,23.915349246039806,0.03567684867218679,0.8031216347542878,0.4241457200640874
scene-1062_CAM_FRONT_2e849ae0_4f371688,G51-B,4,63930,23.86334971748155,0.04285495197438749,0.7846636724187744,0.41978567488771573
scene-1063_CAM_FRONT_42c25025_7feaed03,G51-B,0,56040,32.116259686996784,0.01956739653403572,0.6766868909726053,0.40806477030966826
scene-1063_CAM_FRONT_42c25025_7feaed03,G51-B,1,59505,31.7559251434949,0.03238090409728889,0.6946392456596538,0.45769311585638117
scene-1063_CAM_FRONT_42c25025_7feaed03,G51-B,2,68637,29.980072074010323,0.027186921249957585,0.7809405615528064,0.5199025556168413
scene-1063_CAM_FRONT_42c25025_7feaed03,G51-B,3,75030,29.15945221656976,0.0412046683226901,0.8299319727891157,0.5772857405510466
scene-1063_CAM_FRONT_42c25025_7feaed03,G51-B,4,76906,29.705631532017247,0.04420882997794995,0.8091889265358653,0.594430436267171
scene-1063_CAM_FRONT_291a44ae_b615d1af,G51-B,0,71800,21.36182212698139,0.03668489530181507,0.8458553305492081,0.5141964121555959
scene-1063_CAM_FRONT_291a44ae_b615d1af,G51-B,1,72259,21.10622962679617,0.04396073543093504,0.8188939668531505,0.5763598875843774
scene-1063_CAM_FRONT_291a44ae_b615d1af,G51-B,2,68878,21.593573282410528,0.0363730560954556,0.7997202742100701,0.5688742678538596
scene-1063_CAM_FRONT_291a44ae_b615d1af,G51-B,3,78526,20.05095676593522,0.05150767074715712,0.9211120741732987,0.5384524466157119
scene-1063_CAM_FRONT_291a44ae_b615d1af,G51-B,4,66268,21.055437420008527,0.042466615686141296,0.8991214246316287,0.4375082079163712
scene-1063_CAM_FRONT_01c3289b_e44b9739,G51-B,0,91297,24.935458879162578,0.035430861005324665,0.7854910303889896,0.7140690252935151
scene-1063_CAM_FRONT_01c3289b_e44b9739,G51-B,1,91446,26.92556602961432,0.03229565424599401,0.7808880308880309,0.6841856433693169
scene-1063_CAM_FRONT_01c3289b_e44b9739,G51-B,2,87829,27.382814420476887,0.031022534201135876,0.7140230609618364,0.7246211225803062
scene-1063_CAM_FRONT_01c3289b_e44b9739,G51-B,3,88687,27.556449014074687,0.037415752675604264,0.7771780526882568,0.6833451527329079
scene-1063_CAM_FRONT_01c3289b_e44b9739,G51-B,4,85385,28.32242750735654,0.05209434064327123,0.798768155911013,0.6589315262784651
scene-1063_CAM_FRONT_4c1be72a_23ef1630,G51-B,0,95813,31.721381051199774,0.043201915967193916,0.9319662227825493,0.6406442886034722
scene-1063_CAM_FRONT_4c1be72a_23ef1630,G51-B,1,91015,32.01803214089912,0.031924026758330726,0.7744595907861214,0.6854989099887059
scene-1063_CAM_FRONT_4c1be72a_23ef1630,G51-B,2,105975,31.41605872304414,0.03743098886593277,0.8466826885194232,0.7447600661886377
scene-1063_CAM_FRONT_4c1be72a_23ef1630,G51-B,3,98312,32.199931765210984,0.10027330096527276,0.8491450634307777,0.7153166285819347
scene-1063_CAM_FRONT_4c1be72a_23ef1630,G51-B,4,108784,32.07465852649006,0.05197357266978364,0.8969414020434429,0.7706839492553779
scene-1063_CAM_FRONT_f291dbf1_65b000c4,G51-B,0,95327,32.1718779458899,0.041535488025488565,0.9182360202768366,0.6706786961889003
scene-1063_CAM_FRONT_f291dbf1_65b000c4,G51-B,1,88538,30.93799367662293,0.021246298858191404,0.8248561973051769,0.6765489979775694
scene-1063_CAM_FRONT_f291dbf1_65b000c4,G51-B,2,78780,30.76963031185743,0.028613831224044928,0.7339190502455809,0.6465539883907231
scene-1063_CAM_FRONT_f291dbf1_65b000c4,G51-B,3,88593,31.397743599791013,0.05976562829915366,0.7897263152365194,0.614720405536732
scene-1063_CAM_FRONT_f291dbf1_65b000c4,G51-B,4,85345,28.997046925566334,0.053597419478487396,0.800449137183831,0.6191132823785885
scene-1063_CAM_FRONT_46cf544f_b8849fcd,G51-B,0,86250,30.959532399954,0.05156642992288418,0.7941126257452789,0.5936293436293436
scene-1063_CAM_FRONT_46cf544f_b8849fcd,G51-B,1,86367,28.91504717797784,0.04881632269784397,0.816910934257873,0.5782575578493946
scene-1063_CAM_FRONT_46cf544f_b8849fcd,G51-B,2,82468,30.197464081363176,0.04799979049365932,0.8075604759278229,0.5526357261051139
scene-1063_CAM_FRONT_46cf544f_b8849fcd,G51-B,3,81507,30.910458369484385,0.07761393913997905,0.8346465999527224,0.5431736401124156
scene-1063_CAM_FRONT_46cf544f_b8849fcd,G51-B,4,71505,28.79393574688335,0.05029366906639643,0.8080463845769968,0.4772410894859874
scene-1063_CAM_FRONT_b44e59e4_49d97125,G51-B,0,58960,24.167185896887826,0.019325470196557504,0.6707903238515484,0.3904210332781761
scene-1063_CAM_FRONT_b44e59e4_49d97125,G51-B,1,71779,23.522576085733572,0.018313094556875686,0.7380952380952381,0.4732684579623355
scene-1063_CAM_FRONT_b44e59e4_49d97125,G51-B,2,72680,24.159151426848872,0.02805841170700818,0.7389160297323563,0.4871365534630841
scene-1063_CAM_FRONT_b44e59e4_49d97125,G51-B,3,65117,24.042573456175294,0.03486153247204715,0.7244897959183674,0.4543377196438421
scene-1063_CAM_FRONT_b44e59e4_49d97125,G51-B,4,67033,24.534224107767677,0.03216329743738333,0.7834226354634518,0.49378168255719274
scene-1063_CAM_FRONT_8190acd9_4b367031,G51-B,0,94410,28.040467656165863,0.04724853587474609,0.7378982481023297,0.667237937646101
scene-1063_CAM_FRONT_8190acd9_4b367031,G51-B,1,93395,29.614437454134055,0.043492148486573345,0.7751621884274945,0.643310219840832
scene-1063_CAM_FRONT_8190acd9_4b367031,G51-B,2,83624,28.505940118715085,0.05913581203507534,0.7250938985632863,0.6112796469939327
scene-1063_CAM_FRONT_8190acd9_4b367031,G51-B,3,72619,28.29807759439231,0.03631850757196631,0.7252908885561947,0.5241838047960496
scene-1063_CAM_FRONT_8190acd9_4b367031,G51-B,4,69382,29.875624012861003,0.03953745964761035,0.7486604680482232,0.4668531505266199
scene-1064_CAM_FRONT_b62a484b_a354f386,G51-B,0,73579,27.80867333404076,0.054859119348072305,0.7012909410868594,0.5303627242402753
scene-1064_CAM_FRONT_b62a484b_a354f386,G51-B,1,78551,26.883305921052628,0.03252278631424055,0.7238659942741575,0.5894662884458803
scene-1064_CAM_FRONT_b62a484b_a354f386,G51-B,2,66187,27.603359289336627,0.030334628210681114,0.7678013290258188,0.45957108712210754
scene-1064_CAM_FRONT_b62a484b_a354f386,G51-B,3,69457,28.49972196691177,0.02491984645084777,0.8044349013736769,0.4717319360176503
scene-1064_CAM_FRONT_b62a484b_a354f386,G51-B,4,62864,25.62860470954153,0.03450773857511735,0.7967391589840569,0.4290704698867964
scene-1064_CAM_FRONT_6a26b824_c8241756,G51-B,0,70595,29.64840538866054,0.04075978641871503,0.7439392745515194,0.4784755601082132
scene-1064_CAM_FRONT_6a26b824_c8241756,G51-B,1,74696,29.211226584181304,0.02957057062738988,0.7619966905681191,0.5071704357418643
scene-1064_CAM_FRONT_6a26b824_c8241756,G51-B,2,79242,29.809715114827764,0.02618470138825124,0.8264124182491529,0.5276245633388491
scene-1064_CAM_FRONT_6a26b824_c8241756,G51-B,3,79802,28.726316318327974,0.03378133698323871,0.8290258188217372,0.5339085441126258
scene-1064_CAM_FRONT_6a26b824_c8241756,G51-B,4,93471,28.178456583164646,0.020007747354125804,0.8852927271294618,0.6140506395608436
scene-1064_CAM_FRONT_6f5c95dd_f722e39f,G51-B,0,89358,20.916465455651988,0.062054486571305745,0.8601436713681612,0.6067685761563313
scene-1064_CAM_FRONT_6f5c95dd_f722e39f,G51-B,1,86843,21.661812370867764,0.046159731719999986,0.8947285477897723,0.5843379822971659
scene-1064_CAM_FRONT_6f5c95dd_f722e39f,G51-B,2,86496,21.008841747952797,0.02242542564757022,0.8707089013211462,0.5875226538491845
scene-1064_CAM_FRONT_6f5c95dd_f722e39f,G51-B,3,81415,21.025999584125476,0.019297655044315132,0.9011438552254879,0.5600819478370499
scene-1064_CAM_FRONT_6f5c95dd_f722e39f,G51-B,4,78656,21.231302400914632,0.010681414436801262,0.9086032096236177,0.5331140178078954
scene-1064_CAM_FRONT_b8057780_cce69223,G51-B,0,70765,17.200783821439256,0.02605078876513245,0.8627439392745515,0.4646665616053371
scene-1064_CAM_FRONT_b8057780_cce69223,G51-B,1,69277,16.933799523616834,0.016791833412433288,0.8621135712972448,0.4569773855488141
scene-1064_CAM_FRONT_b8057780_cce69223,G51-B,2,69744,16.83873076164167,0.011597942816198747,0.8767105297717542,0.46141622672234917
scene-1064_CAM_FRONT_b8057780_cce69223,G51-B,3,70391,16.703844905905257,0.013622045309979125,0.8718580096131117,0.4647913219341791
scene-1064_CAM_FRONT_b8057780_cce69223,G51-B,4,66939,16.87130083190313,0.011200655046880392,0.8794289916738897,0.4396028681742967
scene-1064_CAM_FRONT_b1b4b2f5_3e8da1f9,G51-B,0,66769,17.05894256812213,0.025981831315641912,0.8763953457831009,0.4384668925485252
scene-1064_CAM_FRONT_b1b4b2f5_3e8da1f9,G51-B,1,63290,16.832341652304063,0.017266324406611577,0.8716216216216216,0.42094134951277806
scene-1064_CAM_FRONT_b1b4b2f5_3e8da1f9,G51-B,2,57472,16.875621053120362,0.020177570769814857,0.7402358626848423,0.40575998739264046
scene-1064_CAM_FRONT_b1b4b2f5_3e8da1f9,G51-B,3,62368,16.264342443761965,0.015862207529362404,0.8298466104588553,0.41145299818769204
scene-1064_CAM_FRONT_b1b4b2f5_3e8da1f9,G51-B,4,55037,15.794690472146739,0.056520514901942764,0.8347976256139521,0.3636697922412208
scene-1064_CAM_FRONT_aef5b6d3_1fcc8d01,G51-B,0,88043,20.385884725572975,0.13033125480042784,0.8911827279174218,0.6007669477057233
scene-1064_CAM_FRONT_aef5b6d3_1fcc8d01,G51-B,1,101349,20.62596840181058,0.11787253672436249,0.8362684842276679,0.7266304205079716
scene-1064_CAM_FRONT_aef5b6d3_1fcc8d01,G51-B,2,83797,23.863263654279283,0.05956419182802364,0.6603695532266961,0.7814264702019804
scene-1064_CAM_FRONT_aef5b6d3_1fcc8d01,G51-B,3,81007,24.209756700351488,0.024476218578898035,0.7796010296010296,0.6480248470044389
scene-1064_CAM_FRONT_aef5b6d3_1fcc8d01,G51-B,4,81240,25.94490850991446,0.033781553533651865,0.8149344679956925,0.6388845113334909
scene-1064_CAM_FRONT_d049eb8f_f0890b4c,G51-B,0,85508,24.517275457512845,0.03989301866359485,0.8932314238436687,0.5939379612849001
scene-1064_CAM_FRONT_d049eb8f_f0890b4c,G51-B,1,76629,24.335374597695186,0.04244095817447224,0.8041197173850235,0.5593333858639981
scene-1064_CAM_FRONT_d049eb8f_f0890b4c,G51-B,2,87359,23.504107481060604,0.03997867711033054,0.8123801644209807,0.6653927980458593
scene-1064_CAM_FRONT_d049eb8f_f0890b4c,G51-B,3,90429,24.458892160893964,0.05775871303477231,0.8106532188164841,0.6784138365771019
scene-1064_CAM_FRONT_d049eb8f_f0890b4c,G51-B,4,76168,23.965817503595396,0.04934645459147302,0.784236860767473,0.5758345809366218
scene-1064_CAM_FRONT_23a90ef5_9435f311,G51-B,0,82140,27.721711089878763,0.037398845268022285,0.7887019672733958,0.6502245685919156
scene-1064_CAM_FRONT_23a90ef5_9435f311,G51-B,1,80991,28.28903978924419,0.04782849387994226,0.7716885982192104,0.6045819872350484
scene-1064_CAM_FRONT_23a90ef5_9435f311,G51-B,2,80604,28.268129058441556,0.05452359959353892,0.7596853413179944,0.6228626585769443
scene-1064_CAM_FRONT_23a90ef5_9435f311,G51-B,3,86990,28.96953920165395,0.08644448407455152,0.7875528589814305,0.6259422687994116
scene-1064_CAM_FRONT_23a90ef5_9435f311,G51-B,4,88601,28.994686171105638,0.05659311977085624,0.7718330575473432,0.6395542773093793
scene-1065_CAM_FRONT_dc2def2a_cc4e11ce,G51-B,0,90563,24.311164502276483,0.04495970455915543,0.7881635279594463,0.6173338061093163
scene-1065_CAM_FRONT_dc2def2a_cc4e11ce,G51-B,1,88497,23.789850699321168,0.04702699144225431,0.7929438184540225,0.6111942846636724
scene-1065_CAM_FRONT_dc2def2a_cc4e11ce,G51-B,2,89871,23.365325179628062,0.059341503851880084,0.8034499514091351,0.6273605967483519
scene-1065_CAM_FRONT_dc2def2a_cc4e11ce,G51-B,3,86357,22.473041908189977,0.0419256632045637,0.7865810416830825,0.616775667796076
scene-1065_CAM_FRONT_dc2def2a_cc4e11ce,G51-B,4,73716,22.32703527360515,0.046017550452591705,0.7018950437317785,0.5485974312504924
scene-1065_CAM_FRONT_32e623d9_f7a93963,G51-B,0,84331,25.17419706659072,0.04712764818062354,0.7427048039292937,0.5758345809366218
scene-1065_CAM_FRONT_32e623d9_f7a93963,G51-B,1,70946,25.81932089750398,0.013573366066158776,0.7296903317311481,0.4832886822682741
scene-1065_CAM_FRONT_32e623d9_f7a93963,G51-B,2,63646,25.909538016732277,0.021164418501784965,0.6963267932655688,0.45722690620649803
scene-1065_CAM_FRONT_32e623d9_f7a93963,G51-B,3,70188,26.325704060628745,0.041997351597484966,0.7966603629868936,0.46655109920416044
scene-1065_CAM_FRONT_32e623d9_f7a93963,G51-B,4,63473,26.632487520798662,0.05666825757633731,0.7982362829301605,0.4194901898983532
scene-1065_CAM_FRONT_0acd18a2_f3fc850f,G51-B,0,84906,29.166725682848277,0.06267755913565942,0.8331626086728128,0.5981601134662359
scene-1065_CAM_FRONT_0acd18a2_f3fc850f,G51-B,1,99993,29.762458743713328,0.07741079939242113,0.9114398655214981,0.6869435032700338
scene-1065_CAM_FRONT_0acd18a2_f3fc850f,G51-B,2,94109,31.751264747610513,0.05935692841148699,0.8340556299739973,0.7061828592440837
scene-1065_CAM_FRONT_0acd18a2_f3fc850f,G51-B,3,96941,30.71047108208956,0.05750297309990726,0.8698487116854464,0.6847897460142358
scene-1065_CAM_FRONT_0acd18a2_f3fc850f,G51-B,4,94356,29.420453067183157,0.03390863049501647,0.881917631917632,0.6641780264229243
scene-1065_CAM_FRONT_d9288fbf_62c42fb6,G51-B,0,77135,32.15489035394516,0.05239569315619619,0.8030625377564153,0.5185170593333859
scene-1065_CAM_FRONT_d9288fbf_62c42fb6,G51-B,1,79509,31.458324266871994,0.03624644254268672,0.8205355501273869,0.5336590234549419
scene-1065_CAM_FRONT_d9288fbf_62c42fb6,G51-B,2,79451,31.76773109392736,0.03829872803885781,0.7396580253723111,0.5769902555616842
scene-1065_CAM_FRONT_d9288fbf_62c42fb6,G51-B,3,81810,31.757560291687856,0.03934369158992146,0.8028655477635069,0.590464371076616
scene-1065_CAM_FRONT_d9288fbf_62c42fb6,G51-B,4,92070,31.218145920825105,0.029427468496923126,0.8779909647256586,0.6129015312688783
scene-1065_CAM_FRONT_eb921f24_90c191b4,G51-B,0,85294,29.892456958912035,0.0709801408024151,0.7699747852809077,0.6259225698001208
scene-1065_CAM_FRONT_eb921f24_90c191b4,G51-B,1,84753,29.043800636574076,0.04822569361235862,0.7579846610458856,0.6804690988364458
scene-1065_CAM_FRONT_eb921f24_90c191b4,G51-B,2,92009,29.81089830233563,0.04802319508741393,0.807310955270139,0.6413206209124577
scene-1065_CAM_FRONT_eb921f24_90c191b4,G51-B,3,92854,30.01627000651796,0.05526273397972692,0.8212972447666326,0.646442360728075
scene-1065_CAM_FRONT_eb921f24_90c191b4,G51-B,4,91099,31.75492639135396,0.09954646208290097,0.8023402411157513,0.6669096209912536
scene-1065_CAM_FRONT_41664d45_0b356d12,G51-B,0,71654,28.83704494201031,0.05621724568284092,0.6871404932629422,0.546135056339138
scene-1065_CAM_FRONT_41664d45_0b356d12,G51-B,1,68250,28.081430725630455,0.049558938307914024,0.6908439051296195,0.6340319911748483
scene-1065_CAM_FRONT_41664d45_0b356d12,G51-B,2,66823,28.26819071727854,0.05878759151357382,0.705907073254012,0.5196399022929635
scene-1065_CAM_FRONT_41664d45_0b356d12,G51-B,3,69499,26.5723687467001,0.05111207577647381,0.7757203267407349,0.4847201428834082
scene-1065_CAM_FRONT_41664d45_0b356d12,G51-B,4,72706,26.243192330010917,0.026664482064735484,0.8074882462637565,0.51837916633835
scene-1065_CAM_FRONT_6b2940c6_4cf91043,G51-B,0,76659,28.07976833311449,0.04871979769125767,0.7406955060016285,0.5656042339715809
scene-1065_CAM_FRONT_6b2940c6_4cf91043,G51-B,1,76729,29.317829042100936,0.043814654140410525,0.7345756835552754,0.5742652273264518
scene-1065_CAM_FRONT_6b2940c6_4cf91043,G51-B,2,79246,32.0114439384422,0.05994818261005985,0.7740721771334016,0.6065256218317443
scene-1065_CAM_FRONT_6b2940c6_4cf91043,G51-B,3,75120,28.375434250128077,0.038960111924169594,0.7328421716176818,0.5554395503375095
scene-1065_CAM_FRONT_6b2940c6_4cf91043,G51-B,4,76662,28.021633241234763,0.016386884586037764,0.7669805373887006,0.5743702886560029
scene-1065_CAM_FRONT_f03bb2a5_0888060b,G51-B,0,73250,30.69442446827058,0.017730364896338058,0.7797323562629686,0.5341711974365035
scene-1065_CAM_FRONT_f03bb2a5_0888060b,G51-B,1,86530,32.44829189068101,0.041490368862360905,0.8181848028786805,0.5941218186116145
scene-1065_CAM_FRONT_f03bb2a5_0888060b,G51-B,2,78587,34.651997107585885,0.0312616927054199,0.74254064560187,0.5909765450581778
scene-1065_CAM_FRONT_f03bb2a5_0888060b,G51-B,3,84729,30.773805017605632,0.0194111909647825,0.8025109657762719,0.5941218186116145
scene-1065_CAM_FRONT_f03bb2a5_0888060b,G51-B,4,89005,31.623583317526553,0.024895036520582003,0.8537020986000577,0.6222651222651223
scene-1066_CAM_FRONT_21bb21c8_d15d80fd,G51-B,0,71521,27.968636682402856,0.023281207901614476,0.8187823391905025,0.48872560607254484
scene-1066_CAM_FRONT_21bb21c8_d15d80fd,G51-B,1,73132,28.207624924211807,0.05112753680510007,0.8501825440600951,0.5104470359572401
scene-1066_CAM_FRONT_21bb21c8_d15d80fd,G51-B,2,73709,28.169314735814137,0.022070750721058463,0.8379035011688073,0.49955348934940774
scene-1066_CAM_FRONT_21bb21c8_d15d80fd,G51-B,3,76385,27.763312274368232,0.019147207978227332,0.8721469282693772,0.5136054421768708
scene-1066_CAM_FRONT_21bb21c8_d15d80fd,G51-B,4,66012,26.14815801516737,0.011649336659511844,0.8076261392587923,0.4430698920494839
scene-1066_CAM_FRONT_fc6ff393_99a4c956,G51-B,0,58189,25.4737313646789,0.022783698786255968,0.8052228613453103,0.38625141176161587
scene-1066_CAM_FRONT_fc6ff393_99a4c956,G51-B,1,73429,25.813713913240637,0.016522570739424314,0.7693969479683765,0.488226564757177
scene-1066_CAM_FRONT_fc6ff393_99a4c956,G51-B,2,64434,25.342815290178567,0.020870064761651097,0.7396974233708927,0.42727786095133036
scene-1066_CAM_FRONT_fc6ff393_99a4c956,G51-B,3,67252,26.5067747077577,0.03401242748818456,0.7740984424657894,0.457955769180259
scene-1066_CAM_FRONT_fc6ff393_99a4c956,G51-B,4,75837,24.91499014702594,0.034979523731828,0.8062866073070155,0.5216426338875318
scene-1066_CAM_FRONT_f0ad08f0_259ea3f1,G51-B,0,86821,25.662008167613628,0.05330932630287544,0.7756743624090563,0.667835473957923
scene-1066_CAM_FRONT_f0ad08f0_259ea3f1,G51-B,1,89716,26.12914439262966,0.056454605339290254,0.8003834738528616,0.6267761931027237
scene-1066_CAM_FRONT_f0ad08f0_259ea3f1,G51-B,2,81824,25.869609375,0.03441046644931811,0.7877104509757571,0.5877327765082867
scene-1066_CAM_FRONT_f0ad08f0_259ea3f1,G51-B,3,78390,25.912658691406243,0.03843011886796943,0.7761077403934546,0.5538767630604365
scene-1066_CAM_FRONT_f0ad08f0_259ea3f1,G51-B,4,64602,25.918515266628436,0.015647350195878484,0.7037139179996322,0.47517269456044964
scene-1066_CAM_FRONT_43b92f49_a36ddb26,G51-B,0,61047,26.698774476931327,0.021422709028292797,0.7377800541065848,0.47301237097155463
scene-1066_CAM_FRONT_43b92f49_a36ddb26,G51-B,1,68933,28.68022551121372,0.03324269863060314,0.7764163580490111,0.5388792582670133
scene-1066_CAM_FRONT_43b92f49_a36ddb26,G51-B,2,78336,28.89456089895636,0.024728417590082374,0.8642410632206551,0.5405208415412497
scene-1066_CAM_FRONT_43b92f49_a36ddb26,G51-B,3,73868,29.26081677805524,0.027148178877486107,0.8345218396238805,0.5223583641950988
scene-1066_CAM_FRONT_43b92f49_a36ddb26,G51-B,4,72864,29.527611949717286,0.03622622069295911,0.7552071021458776,0.5136776718409372
scene-1066_CAM_FRONT_118f9c10_d23b0449,G51-B,0,77323,32.106276216442964,0.04095475025198558,0.7245882909148216,0.5643566306831613
scene-1066_CAM_FRONT_118f9c10_d23b0449,G51-B,1,80690,32.245808157099695,0.03924244707880353,0.7797060909305807,0.6111483203319938
scene-1066_CAM_FRONT_118f9c10_d23b0449,G51-B,2,75596,31.921800595238086,0.03044090487256801,0.7367622724765582,0.5970372705066582
scene-1066_CAM_FRONT_118f9c10_d23b0449,G51-B,3,83325,30.8111619825487,0.035888078489952235,0.759140335670948,0.6916712630998345
scene-1066_CAM_FRONT_118f9c10_d23b0449,G51-B,4,87441,30.132640165441178,0.03584601096848106,0.8133322827200378,0.6703372468678591
scene-1066_CAM_FRONT_33f8c4af_84324196,G51-B,0,80420,30.19093924838044,0.01946628728755795,0.7910001838573267,0.640086150290232
scene-1066_CAM_FRONT_33f8c4af_84324196,G51-B,1,85962,30.87060571774605,0.03437387972240691,0.7613597562577155,0.7145221022772044
scene-1066_CAM_FRONT_33f8c4af_84324196,G51-B,2,87216,32.61026447700504,0.026685975743317325,0.7897197489034223,0.677803167599086
scene-1066_CAM_FRONT_33f8c4af_84324196,G51-B,3,90011,28.972785054692455,0.047855518936217756,0.7833635384655793,0.7268733748325585
scene-1066_CAM_FRONT_33f8c4af_84324196,G51-B,4,88465,29.32134553296067,0.04410943940719969,0.8389475481312216,0.6633309694534184
scene-1066_CAM_FRONT_e6082479_54d5b307,G51-B,0,80359,29.375562919340716,0.036459092762766154,0.7954849893625404,0.590333044414677
scene-1066_CAM_FRONT_e6082479_54d5b307,G51-B,1,82385,27.40054691640169,0.07830204864311341,0.784591442754708,0.6094739053922728
scene-1066_CAM_FRONT_e6082479_54d5b307,G51-B,2,89883,28.3738497809885,0.07242454977592505,0.8256966879415859,0.6804625325033489
scene-1066_CAM_FRONT_e6082479_54d5b307,G51-B,3,86015,26.13399048448191,0.046984782444658535,0.8254602999500958,0.6496073332808027
scene-1066_CAM_FRONT_e6082479_54d5b307,G51-B,4,83028,26.88424347808953,0.056189015973530765,0.814396028681743,0.6378010663724949
scene-1066_CAM_FRONT_f153f6d0_887e6f18,G51-B,0,66550,24.642989790690866,0.03437271949362186,0.7998122028734274,0.48962519370682633
scene-1066_CAM_FRONT_f153f6d0_887e6f18,G51-B,1,73039,23.77478144237346,0.06261455102185698,0.8341935229690332,0.5251884537598823
scene-1066_CAM_FRONT_f153f6d0_887e6f18,G51-B,2,73392,23.498006533375317,0.03595564586724387,0.8282575578493946,0.5473563942951698
scene-1066_CAM_FRONT_f153f6d0_887e6f18,G51-B,3,69795,23.62272135416666,0.03345624625240218,0.8237136553463084,0.49313161558059515
scene-1066_CAM_FRONT_f153f6d0_887e6f18,G51-B,4,68605,22.482170192519852,0.023157922857089286,0.8055183463346729,0.48814776876001365
scene-1067_CAM_FRONT_b6a9d120_243788e0,G51-B,0,61781,26.61731127217997,0.05182572895210136,0.7688125443227484,0.405694324061671
scene-1067_CAM_FRONT_b6a9d120_243788e0,G51-B,1,68906,27.4341149080424,0.03484416997238382,0.7642686418196623,0.4537007853334384
scene-1067_CAM_FRONT_b6a9d120_243788e0,G51-B,2,61933,27.736793309128636,0.02592592353007861,0.747478528090773,0.40927954193260313
scene-1067_CAM_FRONT_b6a9d120_243788e0,G51-B,3,65824,26.516977326766312,0.03152277895829525,0.798183752265385,0.43647072728705383
scene-1067_CAM_FRONT_b6a9d120_243788e0,G51-B,4,67665,26.47522278001668,0.05725637339772449,0.7767840727024401,0.45481049562682213
scene-1067_CAM_FRONT_5f816fe1_6e1f02cb,G51-B,0,72065,22.302984726638943,0.05318119243066555,0.7997005752107793,0.482218369973472
scene-1067_CAM_FRONT_5f816fe1_6e1f02cb,G51-B,1,77910,21.82346460742882,0.027029991543554566,0.8031150684211908,0.5519199957975468
scene-1067_CAM_FRONT_5f816fe1_6e1f02cb,G51-B,2,71237,21.04468143347538,0.02777896549325254,0.8272200772200772,0.47537625088645497
scene-1067_CAM_FRONT_5f816fe1_6e1f02cb,G51-B,3,69204,20.582301472197898,0.024125406939586425,0.8233919050245581,0.46739158984056944
scene-1067_CAM_FRONT_5f816fe1_6e1f02cb,G51-B,4,60058,20.58562785823171,0.029781987460851367,0.7737569931447482,0.40671867202479445
scene-1067_CAM_FRONT_dd29902d_f975cc2c,G51-B,0,80169,21.466195680289697,0.018644462208408097,0.8450214062458961,0.5582236755706144
scene-1067_CAM_FRONT_dd29902d_f975cc2c,G51-B,1,77414,22.008708476597167,0.02892002329538146,0.8042313450476716,0.535806214377643
scene-1067_CAM_FRONT_dd29902d_f975cc2c,G51-B,2,80622,22.502527837643676,0.03553289512408142,0.8001470858613716,0.5603905654926064
scene-1067_CAM_FRONT_dd29902d_f975cc2c,G51-B,3,69452,22.77803474053212,0.024931814282851184,0.7475113597562577,0.5181493446799569
scene-1067_CAM_FRONT_dd29902d_f975cc2c,G51-B,4,70964,23.736741456630334,0.02836424535849358,0.8313962650697344,0.4843064638983006
scene-1067_CAM_FRONT_f9cb1bb0_c30d133f,G51-B,0,75456,24.032022356201324,0.05186014459420285,0.8281327975205526,0.5053384288078165
scene-1067_CAM_FRONT_f9cb1bb0_c30d133f,G51-B,1,72873,25.656255655767374,0.033257985140849655,0.854398129908334,0.4832295852704016
scene-1067_CAM_FRONT_f9cb1bb0_c30d133f,G51-B,2,69964,26.208226502171815,0.022307764646473105,0.8684894807343787,0.48759619677987026
scene-1067_CAM_FRONT_f9cb1bb0_c30d133f,G51-B,3,71596,25.77850703573136,0.018467240628032622,0.850799779371208,0.47860032043705514
scene-1067_CAM_FRONT_f9cb1bb0_c30d133f,G51-B,4,74060,24.892450998520708,0.01841703333235012,0.8356906469151367,0.49449084653166286
scene-1067_CAM_FRONT_5cd3757b_165cc8e6,G51-B,0,57440,23.13181278329846,0.05233678037960199,0.7652404591180101,0.3824298058991937
scene-1067_CAM_FRONT_5cd3757b_165cc8e6,G51-B,1,57630,23.39620600639907,0.045136624502188916,0.8465119638589026,0.3817666062564022
scene-1067_CAM_FRONT_5cd3757b_165cc8e6,G51-B,2,58092,23.351105992695892,0.05211256774368689,0.8281262311874557,0.38574580411315107
scene-1067_CAM_FRONT_5cd3757b_165cc8e6,G51-B,3,54949,22.581645790946084,0.04882233952557424,0.8968494733800856,0.36221206629369895
scene-1067_CAM_FRONT_5cd3757b_165cc8e6,G51-B,4,53357,20.961252097315434,0.06347415318582339,0.8734798938880571,0.3526055209728679
scene-1067_CAM_FRONT_08461b5c_c6749814,G51-B,0,84994,19.38342019971969,0.053768536504575914,0.8902174769521708,0.5731949150316498
scene-1067_CAM_FRONT_08461b5c_c6749814,G51-B,1,88006,19.49276698212913,0.048276736607705484,0.8970858613715756,0.5901557534210595
scene-1067_CAM_FRONT_08461b5c_c6749814,G51-B,2,86529,19.326833767361112,0.049961180536258976,0.8622186326267959,0.5927954193260315
scene-1067_CAM_FRONT_08461b5c_c6749814,G51-B,3,87786,19.222648781070742,0.05778410677088042,0.8886940876736795,0.5852769679300291
scene-1067_CAM_FRONT_08461b5c_c6749814,G51-B,4,87114,19.25509408489618,0.05043202462799834,0.867740918761327,0.5945092322643343
scene-1067_CAM_FRONT_c80fdd92_e604c860,G51-B,0,57690,16.484109190088756,0.054371611346263116,0.8892128279883382,0.37881175636277675
scene-1067_CAM_FRONT_c80fdd92_e604c860,G51-B,1,59415,16.519733559676794,0.05576779241890595,0.893553174165419,0.3901386809550075
scene-1067_CAM_FRONT_c80fdd92_e604c860,G51-B,2,57993,17.072932291666667,0.05378866288427142,0.8885496283455467,0.3808013552911512
scene-1067_CAM_FRONT_c80fdd92_e604c860,G51-B,3,57468,16.546326410658303,0.03942171250475113,0.8703543193339112,0.3773540304152549
scene-1067_CAM_FRONT_c80fdd92_e604c860,G51-B,4,57392,16.198491264094084,0.030570308188643258,0.8842355475008536,0.37685498909988707
scene-1067_CAM_FRONT_589b79f6_ff729b4a,G51-B,0,62247,17.33070946954618,0.022483955386284116,0.8818454022535656,0.4128910251359231
scene-1067_CAM_FRONT_589b79f6_ff729b4a,G51-B,1,58458,17.53204454273009,0.023762978134698853,0.8622514642922806,0.3939602868174297
scene-1067_CAM_FRONT_589b79f6_ff729b4a,G51-B,2,57461,17.385054844606948,0.02489275186751838,0.887558112047908,0.37954718566963463
scene-1067_CAM_FRONT_589b79f6_ff729b4a,G51-B,3,59250,17.874096403301884,0.022241871981072858,0.8775904184067449,0.3953063851023035
scene-1067_CAM_FRONT_589b79f6_ff729b4a,G51-B,4,58742,17.458559628070976,0.03323516325874176,0.8760079321303811,0.39269955086281616
scene-1068_CAM_FRONT_2920a331_f634fd06,G51-B,0,65400,18.132921907417014,0.050377838533987696,0.8740905628660731,0.4305347621674152
scene-1068_CAM_FRONT_2920a331_f634fd06,G51-B,1,65447,17.881419270833334,0.05709250616138739,0.8467877498489743,0.4308630788222625
scene-1068_CAM_FRONT_2920a331_f634fd06,G51-B,2,65436,17.179162449392717,0.05359278935606748,0.8638208179024506,0.4298978278570115
scene-1068_CAM_FRONT_2920a331_f634fd06,G51-B,3,64722,17.182330355618166,0.06029095834893816,0.8602159010322276,0.4249862107004964
scene-1068_CAM_FRONT_2920a331_f634fd06,G51-B,4,62101,17.007138193443804,0.06566351899816647,0.8571691224752449,0.4077758516534027
scene-1068_CAM_FRONT_23529e9b_7b0c6e14,G51-B,0,75943,17.402907120220284,0.09361212599547342,0.848028786804297,0.5035655188716414
scene-1068_CAM_FRONT_23529e9b_7b0c6e14,G51-B,1,73960,17.69067202856266,0.09172782341382546,0.8557770598586925,0.4856459958500775
scene-1068_CAM_FRONT_23529e9b_7b0c6e14,G51-B,2,73864,17.676257798059147,0.10463578341688673,0.8481798124655268,0.48758306411367636
scene-1068_CAM_FRONT_23529e9b_7b0c6e14,G51-B,3,72729,17.6818113756725,0.0699744008796479,0.8498542274052479,0.4775628398077378
scene-1068_CAM_FRONT_23529e9b_7b0c6e14,G51-B,4,73830,17.87129391806189,0.07542593496293737,0.8477004701494497,0.4850681585375463
scene-1068_CAM_FRONT_419069c2_e004cf11,G51-B,0,64049,19.574230023448777,0.031145076828643425,0.8363013158931526,0.43662175294828354
scene-1068_CAM_FRONT_419069c2_e004cf11,G51-B,1,66157,19.810274981981053,0.029433571406743297,0.8435768129645681,0.44952459748378115
scene-1068_CAM_FRONT_419069c2_e004cf11,G51-B,2,69901,19.663093036085154,0.04986602267091689,0.85980222204712,0.4657959708980117
scene-1068_CAM_FRONT_419069c2_e004cf11,G51-B,3,72535,20.23394442743417,0.036192071182913566,0.8545031912378851,0.4778845901294881
scene-1068_CAM_FRONT_419069c2_e004cf11,G51-B,4,61885,20.54222470238096,0.03628534947544226,0.856558453497229,0.4109539568723242
scene-1068_CAM_FRONT_7bfe5634_8418f22e,G51-B,0,64144,20.825137769534592,0.020129030000076487,0.825079452630473,0.4293922202085467
scene-1068_CAM_FRONT_7bfe5634_8418f22e,G51-B,1,70818,21.319581585165892,0.016576961847852623,0.8246132429805899,0.475737399206787
scene-1068_CAM_FRONT_7bfe5634_8418f22e,G51-B,2,63105,20.91158034609264,0.01105359084936941,0.7761602710582303,0.4574567278648911
scene-1068_CAM_FRONT_7bfe5634_8418f22e,G51-B,3,60695,20.777390080615273,0.015485623709933005,0.7369395634701758,0.4664197725422215
scene-1068_CAM_FRONT_7bfe5634_8418f22e,G51-B,4,64164,21.16165590722121,0.027425456480692167,0.754806555826964,0.5051283061487143
scene-1068_CAM_FRONT_6a32a4b2_7c690197,G51-B,0,65479,22.74695441498968,0.030911798702055293,0.7540185958553306,0.462762325007223
scene-1068_CAM_FRONT_6a32a4b2_7c690197,G51-B,1,63720,22.75606828310696,0.02586130231225492,0.7611102356000315,0.4391957555222861
scene-1068_CAM_FRONT_6a32a4b2_7c690197,G51-B,2,60887,23.167653019266915,0.024499906907948343,0.7295852704015969,0.4088789956136895
scene-1068_CAM_FRONT_6a32a4b2_7c690197,G51-B,3,63559,22.558753264482437,0.03187600566062754,0.7970543429727103,0.4283022089144538
scene-1068_CAM_FRONT_6a32a4b2_7c690197,G51-B,4,61272,23.161298778264037,0.033573423519677625,0.7640125548288813,0.40233236151603496
scene-1068_CAM_FRONT_44963cfa_fcec74d8,G51-B,0,62489,21.099024943062368,0.04032145838791612,0.7887938959367531,0.41316024479289787
scene-1068_CAM_FRONT_44963cfa_fcec74d8,G51-B,1,66412,21.35254791351964,0.027803236131913156,0.7643080398182439,0.44204554408636043
scene-1068_CAM_FRONT_44963cfa_fcec74d8,G51-B,2,67313,21.628059167831474,0.026408969669573956,0.7412536443148688,0.4720733853386915
scene-1068_CAM_FRONT_44963cfa_fcec74d8,G51-B,3,65361,21.41755039109507,0.021298110869262477,0.7293423160770099,0.4701691487405773
scene-1068_CAM_FRONT_44963cfa_fcec74d8,G51-B,4,64828,20.812366585583806,0.02877610139782849,0.7001090011294093,0.44461954666036296
scene-1068_CAM_FRONT_f409a006_c3cfb27e,G51-B,0,65233,25.761528577302634,0.04029528072365407,0.6723005804638458,0.47046463372993985
scene-1068_CAM_FRONT_f409a006_c3cfb27e,G51-B,1,63605,25.759934831373762,0.041857396217662934,0.7147387912694035,0.44104746145562473
scene-1068_CAM_FRONT_f409a006_c3cfb27e,G51-B,2,63513,25.188039482097185,0.03952734966656646,0.7288432747616421,0.442813805058703
scene-1068_CAM_FRONT_f409a006_c3cfb27e,G51-B,3,63037,25.10601869133959,0.022680285658002397,0.7259934861975679,0.43815170855987184
scene-1068_CAM_FRONT_f409a006_c3cfb27e,G51-B,4,64492,25.45399564855239,0.021392875420281454,0.7280881464554934,0.453142647020198
scene-1068_CAM_FRONT_cd4fdfb5_f22f8f2f,G51-B,0,67732,24.50265870418848,0.01802012307032319,0.7380098757649778,0.44554539962703227
scene-1068_CAM_FRONT_cd4fdfb5_f22f8f2f,G51-B,1,71294,24.803382502098483,0.017873628327693458,0.7456399548236283,0.472007722007722
scene-1068_CAM_FRONT_cd4fdfb5_f22f8f2f,G51-B,2,68151,25.008277190633542,0.02007895252464742,0.7489887847030704,0.44978725080765897
scene-1068_CAM_FRONT_cd4fdfb5_f22f8f2f,G51-B,3,59583,25.184194048713227,0.026104854587589266,0.7382462637564678,0.3912418249152943
scene-1068_CAM_FRONT_cd4fdfb5_f22f8f2f,G51-B,4,61654,24.0086386731659,0.016142418388724433,0.6716111154886665,0.40514931841462454
scene-1069_CAM_FRONT_b58985f7_ae52c4af,G51-B,0,61006,18.658141823779424,0.021770667515496056,0.7190528721140966,0.40058571691224754
scene-1069_CAM_FRONT_b58985f7_ae52c4af,G51-B,1,60917,18.211197448291365,0.021822017408167138,0.6302891813095894,0.40180705486827933
scene-1069_CAM_FRONT_b58985f7_ae52c4af,G51-B,2,64447,18.327409866148532,0.029395194593709206,0.742429017939222,0.4266934573057022
scene-1069_CAM_FRONT_b58985f7_ae52c4af,G51-B,3,70937,19.547298360697017,0.025253679155447184,0.6490754602999501,0.4988968560397132
scene-1069_CAM_FRONT_b58985f7_ae52c4af,G51-B,4,63201,19.161226025869766,0.016541612887087442,0.6440325164814961,0.4305478948336091
scene-1069_CAM_FRONT_c7200859_ae8a5000,G51-B,0,63000,22.40488935406699,0.05671698434491623,0.8518044283350406,0.4148477923988128
scene-1069_CAM_FRONT_c7200859_ae8a5000,G51-B,1,62427,23.50502137507066,0.04825184805509242,0.8050981010164684,0.4139022404328527
scene-1069_CAM_FRONT_c7200859_ae8a5000,G51-B,2,63539,24.269261791087963,0.05719953467494632,0.8079807212460274,0.41961495022719514
scene-1069_CAM_FRONT_c7200859_ae8a5000,G51-B,3,62030,24.49568593044582,0.027224456211524473,0.825690121608489,0.4120833661649988
scene-1069_CAM_FRONT_c7200859_ae8a5000,G51-B,4,60283,23.494152013483973,0.03415997836117768,0.8071927612743939,0.41247077981771857
scene-1069_CAM_FRONT_f4550267_e75cb39a,G51-B,0,80704,26.927605533170915,0.025837198031922748,0.7543928768418564,0.604279935912589
scene-1069_CAM_FRONT_f4550267_e75cb39a,G51-B,1,85772,28.325439453125,0.0242966310521735,0.7786489113019726,0.6181808630788223
scene-1069_CAM_FRONT_f4550267_e75cb39a,G51-B,2,92451,28.42747733885408,0.02551332814377627,0.7871063483308381,0.6459695847450949
scene-1069_CAM_FRONT_f4550267_e75cb39a,G51-B,3,96036,30.44126293508938,0.0315139819433401,0.8215467654243165,0.6924920547369527
scene-1069_CAM_FRONT_f4550267_e75cb39a,G51-B,4,90259,29.358370535714286,0.030177917136331445,0.7979998949386704,0.6362776770940036
scene-1069_CAM_FRONT_3af22799_f161848f,G51-B,0,68163,29.502837276214827,0.024884048752641608,0.809103564205605,0.47081264938407796
scene-1069_CAM_FRONT_3af22799_f161848f,G51-B,1,79562,29.157051509895357,0.018248669765029035,0.8173771439077562,0.6095789667218239
scene-1069_CAM_FRONT_3af22799_f161848f,G51-B,2,95331,30.463149403219838,0.02161997023404183,0.8819701625824075,0.6299017676568697
scene-1069_CAM_FRONT_3af22799_f161848f,G51-B,3,95932,30.59386524650621,0.06226187667494809,0.8960155490767736,0.6376631733774591
scene-1069_CAM_FRONT_3af22799_f161848f,G51-B,4,77415,27.95116937739769,0.046389199959088856,0.9027394741680456,0.5099217293094844
scene-1069_CAM_FRONT_cd422c2f_e7e97dc4,G51-B,0,79651,26.962848925274088,0.048738603993899954,0.8284217161768183,0.5758214482704279
scene-1069_CAM_FRONT_cd422c2f_e7e97dc4,G51-B,1,94388,27.634466867829836,0.049622018899737164,0.8962979013999423,0.6513999422162687
scene-1069_CAM_FRONT_cd422c2f_e7e97dc4,G51-B,2,103106,28.78339938332324,0.058680269728201395,0.9293396895437712,0.683450214062459
scene-1069_CAM_FRONT_cd422c2f_e7e97dc4,G51-B,3,91011,27.165195671603673,0.03748922145395506,0.8620873059648569,0.6319635962493105
scene-1069_CAM_FRONT_cd422c2f_e7e97dc4,G51-B,4,95975,29.545651251834176,0.030039020695436847,0.850917973366953,0.6724778714574633
scene-1069_CAM_FRONT_3e8bbbf0_24dc629e,G51-B,0,79957,24.413750977326035,0.02883037907456165,0.8340293646416096,0.5834318283297875
scene-1069_CAM_FRONT_3e8bbbf0_24dc629e,G51-B,1,87690,25.078591983037157,0.04464171397268446,0.834928952275891,0.6118837496388517
scene-1069_CAM_FRONT_3e8bbbf0_24dc629e,G51-B,2,85563,25.58024812147777,0.04139247054122208,0.8000617235311113,0.6320817902450555
scene-1069_CAM_FRONT_3e8bbbf0_24dc629e,G51-B,3,99507,25.437179841948105,0.05315897228373778,0.840346177080871,0.7060449662490479
scene-1069_CAM_FRONT_3e8bbbf0_24dc629e,G51-B,4,95393,27.158123117469877,0.06381008797648402,0.8282312925170068,0.6910802931211094
scene-1069_CAM_FRONT_205bbed2_93001674,G51-B,0,95304,28.249478861907544,0.06459320746991226,0.8553108502088094,0.6335001181939958
scene-1069_CAM_FRONT_205bbed2_93001674,G51-B,1,94895,28.916512717797136,0.05549308461346403,0.8773211987497702,0.6283915110445722
scene-1069_CAM_FRONT_205bbed2_93001674,G51-B,2,80085,29.39847568959496,0.052439830943323607,0.7596328106532189,0.5917710713629081
scene-1069_CAM_FRONT_205bbed2_93001674,G51-B,3,77880,29.058391258246942,0.054263193052869196,0.7899233052294277,0.5810022850839177
scene-1069_CAM_FRONT_205bbed2_93001674,G51-B,4,93717,28.631273199237548,0.05885705869576796,0.8955690384261813,0.6212998712998713
scene-1069_CAM_FRONT_99d838dd_5ba9f3b3,G51-B,0,104538,25.8740406669019,0.07565255795182635,0.9311322984792373,0.6932668820423923
scene-1069_CAM_FRONT_99d838dd_5ba9f3b3,G51-B,1,106788,27.015953767923936,0.049874048770839785,0.867740918761327,0.7119218343708139
scene-1069_CAM_FRONT_99d838dd_5ba9f3b3,G51-B,2,99844,28.64073411312849,0.032263465744526876,0.8713721009639377,0.6672510703122948
scene-1069_CAM_FRONT_99d838dd_5ba9f3b3,G51-B,3,92286,28.266037037998352,0.029659259851127384,0.795649147689964,0.6463832637302025
scene-1069_CAM_FRONT_99d838dd_5ba9f3b3,G51-B,4,102368,27.900766679237524,0.01802082964797891,0.9128516271373415,0.6877380295747643
scene-1070_CAM_FRONT_23779301_bb88fe0c,G51-B,0,79453,25.46584550761094,0.016922610301710606,0.9180849946156069,0.5219118535445066
scene-1070_CAM_FRONT_23779301_bb88fe0c,G51-B,1,93270,25.553570581351217,0.029754837158229686,0.8522575053187298,0.6207548656528248
scene-1070_CAM_FRONT_23779301_bb88fe0c,G51-B,2,92333,26.220599419247787,0.036393361764674115,0.8926141885325559,0.6166246421348462
scene-1070_CAM_FRONT_23779301_bb88fe0c,G51-B,3,82690,27.646178260216345,0.026184382563481323,0.9097063535839046,0.5526094607727261
scene-1070_CAM_FRONT_23779301_bb88fe0c,G51-B,4,85082,28.371152801398335,0.057941558587849995,0.9034749034749034,0.5590838652063141
scene-1070_CAM_FRONT_55b96b9a_11a46849,G51-B,0,62354,26.38372490875913,0.02728410603181497,0.8688571953878076,0.4110261865363906
scene-1070_CAM_FRONT_55b96b9a_11a46849,G51-B,1,61597,27.219105787476284,0.026132166710423732,0.8821540199091219,0.4099099099099099
scene-1070_CAM_FRONT_55b96b9a_11a46849,G51-B,2,63641,26.8400403105032,0.029074637705974737,0.840575998739264,0.42316733643264254
scene-1070_CAM_FRONT_55b96b9a_11a46849,G51-B,3,60820,25.614930199795083,0.03476028803106335,0.7729559005069209,0.4063443910382686
scene-1070_CAM_FRONT_55b96b9a_11a46849,G51-B,4,56650,26.855771284168565,0.028401810215486822,0.8297481154624011,0.37208783127150474
scene-1070_CAM_FRONT_1efc1f89_bb05f4d6,G51-B,0,77940,27.97089299890083,0.027285583244415657,0.8184671552018491,0.517420481706196
scene-1070_CAM_FRONT_1efc1f89_bb05f4d6,G51-B,1,92627,28.96454353165938,0.03480646988394964,0.9453746749665117,0.6114700706537441
scene-1070_CAM_FRONT_1efc1f89_bb05f4d6,G51-B,2,103965,29.367691807986876,0.02377573288201429,0.9237386074120768,0.6917566254300949
scene-1070_CAM_FRONT_1efc1f89_bb05f4d6,G51-B,3,106624,30.410880265567762,0.041930970119924194,0.9165550390040186,0.711928400703911
scene-1070_CAM_FRONT_1efc1f89_bb05f4d6,G51-B,4,98096,30.37489187810503,0.05410787739029077,0.8937764294907152,0.6508615029023193
scene-1070_CAM_FRONT_c97eef4c_bc33987f,G51-B,0,86346,30.647333275139665,0.02583432054819612,0.8723964489270611,0.5712512804349539
scene-1070_CAM_FRONT_c97eef4c_bc33987f,G51-B,1,64577,30.826659189356434,0.02698233308522946,0.7799227799227799,0.4281971475849027
scene-1070_CAM_FRONT_c97eef4c_bc33987f,G51-B,2,66747,30.516254865916963,0.01608475544384369,0.8173508785753684,0.44276127439392743
scene-1070_CAM_FRONT_c97eef4c_bc33987f,G51-B,3,64478,31.247067821269134,0.02378127262194374,0.7582670133690542,0.42835473957922937
scene-1070_CAM_FRONT_c97eef4c_bc33987f,G51-B,4,65197,32.41622208641649,0.026169287667112684,0.7792136159483098,0.4375410395818559
scene-1070_CAM_FRONT_918b8f22_c8c58d10,G51-B,0,74749,30.610580047660303,0.029744097647058876,0.8209754944448822,0.5009061539673785
scene-1070_CAM_FRONT_918b8f22_c8c58d10,G51-B,1,80193,30.766160577251018,0.026423172740754453,0.832177658708271,0.536160796364878
scene-1070_CAM_FRONT_918b8f22_c8c58d10,G51-B,2,88175,31.64820267771948,0.04396777882396119,0.7993328605573503,0.6093097470648491
scene-1070_CAM_FRONT_918b8f22_c8c58d10,G51-B,3,85385,33.07130643530998,0.019990896121337087,0.782680639823497,0.6018897906653009
scene-1070_CAM_FRONT_918b8f22_c8c58d10,G51-B,4,85542,33.346913680470664,0.0825495034081205,0.9110787172011662,0.5697935544874321
scene-1070_CAM_FRONT_22312396_f9c8bf23,G51-B,0,88443,31.562824580021672,0.0309614366493407,0.8867241877445959,0.5899981614267329
scene-1070_CAM_FRONT_22312396_f9c8bf23,G51-B,1,99264,32.07462531887756,0.03597377267341395,0.9369041052714522,0.6534814698080004
scene-1070_CAM_FRONT_22312396_f9c8bf23,G51-B,2,98202,30.66473713377024,0.05351144314711598,0.9428269377248969,0.652929897827857
scene-1070_CAM_FRONT_22312396_f9c8bf23,G51-B,3,93796,30.9519755418193,0.05284132321681834,0.9364050639560844,0.619165813043364
scene-1070_CAM_FRONT_22312396_f9c8bf23,G51-B,4,97531,30.19223354517486,0.05350634131966636,0.8647598035353138,0.6719788301420955
scene-1070_CAM_FRONT_52e868a4_5e080253,G51-B,0,103853,29.480886008522738,0.04936659396460641,0.9166338350011819,0.6910540277887217
scene-1070_CAM_FRONT_52e868a4_5e080253,G51-B,1,103644,29.832352153516545,0.07356495546920305,0.8321579597089801,0.7650566017912956
scene-1070_CAM_FRONT_52e868a4_5e080253,G51-B,2,107775,29.58555903185555,0.06976583709115936,0.9101725632337877,0.7251858272266436
scene-1070_CAM_FRONT_52e868a4_5e080253,G51-B,3,102206,29.137376919860095,0.03532807261698401,0.916495942006146,0.6882896015549077
scene-1070_CAM_FRONT_52e868a4_5e080253,G51-B,4,83399,30.119649943310655,0.03619096544534628,0.9100675019042366,0.5599637538413048
scene-1070_CAM_FRONT_f4f8526c_3c8e6743,G51-B,0,65490,26.369538531957396,0.020886587921507216,0.8327160980222205,0.4302983741759252
scene-1070_CAM_FRONT_f4f8526c_3c8e6743,G51-B,1,66525,25.82054736946202,0.016866950311269058,0.8319084390512962,0.4371142279305545
scene-1070_CAM_FRONT_f4f8526c_3c8e6743,G51-B,2,60694,25.895325773665054,0.017011937237233044,0.862435321618995,0.39870774564652117
scene-1070_CAM_FRONT_f4f8526c_3c8e6743,G51-B,3,65324,25.653708994092042,0.02028303864611969,0.8362619178945709,0.44246578940456494
scene-1070_CAM_FRONT_f4f8526c_3c8e6743,G51-B,4,63613,26.571307546332807,0.029357209507197446,0.8954508444304363,0.4219000341449321
scene-1071_CAM_FRONT_7e351605_e4f3ba86,G51-B,0,86704,27.07847610524665,0.04612364880839159,0.8734207968901846,0.5831954403382975
scene-1071_CAM_FRONT_7e351605_e4f3ba86,G51-B,1,77092,27.671858210959886,0.036447284174447425,0.8350471462716361,0.5324836498305886
scene-1071_CAM_FRONT_7e351605_e4f3ba86,G51-B,2,80876,28.599308894230763,0.03635865809480765,0.7934559924355843,0.6304927376355948
scene-1071_CAM_FRONT_7e351605_e4f3ba86,G51-B,3,89941,29.569982430971386,0.038464576226102665,0.8654164368450082,0.6483925616578677
scene-1071_CAM_FRONT_7e351605_e4f3ba86,G51-B,4,92935,31.900390625,0.04314747964636956,0.912904157802117,0.6659969006907782
scene-1071_CAM_FRONT_4afe649e_8ff61927,G51-B,0,95742,26.503039405966508,0.033278727154617105,0.9030612244897959,0.6420757492186063
scene-1071_CAM_FRONT_4afe649e_8ff61927,G51-B,1,96538,27.032349271924083,0.03600225413118352,0.8792779660126598,0.6687350615922044
scene-1071_CAM_FRONT_4afe649e_8ff61927,G51-B,2,83393,28.063832875844586,0.024267538580658776,0.825933075933076,0.6255220234812071
scene-1071_CAM_FRONT_4afe649e_8ff61927,G51-B,3,72227,28.085093719864997,0.05264660340607197,0.7838297481154624,0.5697081921571717
scene-1071_CAM_FRONT_4afe649e_8ff61927,G51-B,4,83666,27.62367063492064,0.032143679274193815,0.8011057704935256,0.6306043652982428
scene-1071_CAM_FRONT_d73837c9_b4128199,G51-B,0,77103,25.591952645705515,0.021623740073503317,0.7511294092926746,0.5213143172326846
scene-1071_CAM_FRONT_d73837c9_b4128199,G51-B,1,89715,27.152159352957128,0.023481846610694745,0.7663173377459092,0.6206498043232737
scene-1071_CAM_FRONT_d73837c9_b4128199,G51-B,2,92859,27.43297135107015,0.046152187127543876,0.7647676831350301,0.6461337430725186
scene-1071_CAM_FRONT_d73837c9_b4128199,G51-B,3,94831,28.320883578712195,0.04314157723363321,0.8068972762850314,0.6655700890394768
scene-1071_CAM_FRONT_d73837c9_b4128199,G51-B,4,92951,26.909136513157893,0.02203332274813352,0.8613584429910961,0.6297573083287369
scene-1071_CAM_FRONT_f4a78e35_665d9302,G51-B,0,91491,26.414585995173198,0.03842005003458704,0.8913600189110393,0.6154361358442991
scene-1071_CAM_FRONT_f4a78e35_665d9302,G51-B,1,98121,26.677363605420126,0.04486593139491557,0.8871181677304126,0.6534814698080004
scene-1071_CAM_FRONT_f4a78e35_665d9302,G51-B,2,87646,27.168517238200582,0.0265394310927769,0.8472408268326636,0.5990334357681296
scene-1071_CAM_FRONT_f4a78e35_665d9302,G51-B,3,79339,26.702465596330274,0.027347838770077182,0.8460129225435348,0.5410133165235206
scene-1071_CAM_FRONT_f4a78e35_665d9302,G51-B,4,71409,27.358878051035504,0.031371349097363055,0.8323483833687916,0.48573135818033775
scene-1071_CAM_FRONT_8cd233f6_f5fcaa58,G51-B,0,93469,27.799617561751496,0.04814760487124925,0.8518241273343314,0.6315696162634938
scene-1071_CAM_FRONT_8cd233f6_f5fcaa58,G51-B,1,102393,28.62867356352134,0.07571371971082064,0.8832177658708271,0.6919076510913246
scene-1071_CAM_FRONT_8cd233f6_f5fcaa58,G51-B,2,105997,27.588973335597828,0.04191396408967796,0.9092532766002154,0.6982835605284585
scene-1071_CAM_FRONT_8cd233f6_f5fcaa58,G51-B,3,100810,26.09452557996371,0.041116773275472696,0.9020762745252541,0.673955296404276
scene-1071_CAM_FRONT_8cd233f6_f5fcaa58,G51-B,4,100499,25.90244445649479,0.040090534992834215,0.9045780474351903,0.6769167126309984
scene-1071_CAM_FRONT_8e6c7f7a_8542f5f6,G51-B,0,93674,23.541350714858364,0.019516371035620317,0.8229782260394505,0.6726223307855961
scene-1071_CAM_FRONT_8e6c7f7a_8542f5f6,G51-B,1,87908,24.822688925855513,0.032607644591004625,0.7804480865705355,0.6617681821763455
scene-1071_CAM_FRONT_8e6c7f7a_8542f5f6,G51-B,2,81637,25.57356604326513,0.024501556879694686,0.7736387991490032,0.6086531137551545
scene-1071_CAM_FRONT_8e6c7f7a_8542f5f6,G51-B,3,85935,24.98803047281666,0.02835889020311866,0.7815774958632101,0.6590431539411131
scene-1071_CAM_FRONT_8e6c7f7a_8542f5f6,G51-B,4,94297,26.354901773091424,0.040776735159845146,0.8003046778556983,0.6986250098494996
scene-1071_CAM_FRONT_9abd85fd_4ab3ec11,G51-B,0,78701,26.012407568764132,0.027328945544877747,0.7700798466104588,0.5867937908754235
scene-1071_CAM_FRONT_9abd85fd_4ab3ec11,G51-B,1,82013,26.094899261498803,0.02582882536968789,0.808624221889528,0.5749349933023402
scene-1071_CAM_FRONT_9abd85fd_4ab3ec11,G51-B,2,90943,25.63083029066438,0.025691102017616707,0.8181519712131957,0.6002547737241615
scene-1071_CAM_FRONT_9abd85fd_4ab3ec11,G51-B,3,86294,25.168526434748422,0.04876668914723026,0.8008956478344234,0.5905431670737793
scene-1071_CAM_FRONT_9abd85fd_4ab3ec11,G51-B,4,81563,24.80396740845959,0.039206984606615425,0.7930620124497676,0.5817377143907756
scene-1071_CAM_FRONT_a542b5d6_58ac8c22,G51-B,0,94411,23.744914991740096,0.05167798117940636,0.8351587739342842,0.6310902739474168
scene-1071_CAM_FRONT_a542b5d6_58ac8c22,G51-B,1,96417,23.948279524214104,0.06908311677478451,0.8267407349040002,0.6699301342158485
scene-1071_CAM_FRONT_a542b5d6_58ac8c22,G51-B,2,100998,23.33024071605099,0.047777216152826485,0.8950174664460379,0.6853544506605731
scene-1071_CAM_FRONT_a542b5d6_58ac8c22,G51-B,3,95582,23.010315760059605,0.043557457717388726,0.8618706169726578,0.6450502981115226
scene-1071_CAM_FRONT_a542b5d6_58ac8c22,G51-B,4,97495,23.504292747358313,0.07559943632335786,0.8209492291124945,0.6513277125522023
scene-1072_CAM_FRONT_f9ad282e_b6b30633,G51-B,0,69933,25.49824001467862,0.027204358509021365,0.7396842907046989,0.4761313791926037
scene-1072_CAM_FRONT_f9ad282e_b6b30633,G51-B,1,79360,26.286758385544015,0.024500293647374383,0.7921492921492922,0.5469164499776744
scene-1072_CAM_FRONT_f9ad282e_b6b30633,G51-B,2,92679,25.667044629898406,0.03441347933480188,0.860281564363197,0.6647886954009403
scene-1072_CAM_FRONT_f9ad282e_b6b30633,G51-B,3,93919,26.986146174490532,0.07182529367856327,0.8409174480603052,0.6998135161400467
scene-1072_CAM_FRONT_f9ad282e_b6b30633,G51-B,4,85489,25.865895576980797,0.04487869250296761,0.7434074015706669,0.6740143934021485
scene-1072_CAM_FRONT_99a58537_1229d8b0,G51-B,0,92134,26.554379513075727,0.0512627977419331,0.7596328106532189,0.64860268431697
scene-1072_CAM_FRONT_99a58537_1229d8b0,G51-B,1,91429,26.77747877311094,0.03319927426707192,0.8037257373992068,0.6409594725921256
scene-1072_CAM_FRONT_99a58537_1229d8b0,G51-B,2,106375,26.73076795212766,0.058148753725150826,0.9352953536627006,0.7205171643947155
scene-1072_CAM_FRONT_99a58537_1229d8b0,G51-B,3,88042,27.40341352761119,0.028051013560660865,0.8646416095395687,0.6024282299792504
scene-1072_CAM_FRONT_99a58537_1229d8b0,G51-B,4,75072,26.479580965909086,0.023932058829503777,0.7380624064297534,0.5653415806477031
scene-1072_CAM_FRONT_08cf9365_aa84c2a1,G51-B,0,80767,27.369066614482982,0.020510262399193735,0.7900546318913666,0.5671341895831692
scene-1072_CAM_FRONT_08cf9365_aa84c2a1,G51-B,1,93016,26.90462202966818,0.02293976959592725,0.887190397394479,0.6500472775982981
scene-1072_CAM_FRONT_08cf9365_aa84c2a1,G51-B,2,102551,26.123788917286245,0.033705465109314936,0.9068171670212487,0.707108712210753
scene-1072_CAM_FRONT_08cf9365_aa84c2a1,G51-B,3,92251,27.00129627046131,0.035339138044204965,0.8484621647886954,0.6736269797494288
scene-1072_CAM_FRONT_08cf9365_aa84c2a1,G51-B,4,93650,27.31784443252731,0.02340350886515652,0.8059517243190712,0.7030375856906469
scene-1072_CAM_FRONT_031c0539_8a655468,G51-B,0,82920,26.326660541633775,0.05862267559832346,0.7456859191553069,0.5586636198881096
scene-1072_CAM_FRONT_031c0539_8a655468,G51-B,1,85999,27.1647055384821,0.0590988739633711,0.806457331967536,0.5907532897328815
scene-1072_CAM_FRONT_031c0539_8a655468,G51-B,2,97440,26.404455102848097,0.03368106941439519,0.8093990491949675,0.6796942715310063
scene-1072_CAM_FRONT_031c0539_8a655468,G51-B,3,87588,25.565082923464495,0.03474124224261499,0.7773159456832927,0.6242218895280119
scene-1072_CAM_FRONT_031c0539_8a655468,G51-B,4,82783,24.791090806715797,0.04708862659812718,0.8108173771439078,0.5787762981640533
scene-1072_CAM_FRONT_e780de70_53123cc5,G51-B,0,71420,25.68835227272728,0.016035465673815086,0.7678078953589158,0.4865587161505529
scene-1072_CAM_FRONT_e780de70_53123cc5,G51-B,1,79403,25.964189147190453,0.018101400790022204,0.8147703096682688,0.5551309326819531
scene-1072_CAM_FRONT_e780de70_53123cc5,G51-B,2,80926,26.46567137729247,0.045480059491244784,0.8219735770756179,0.5740682373335435
scene-1072_CAM_FRONT_e780de70_53123cc5,G51-B,3,81054,27.58888603344298,0.028332444169753224,0.7488180600425498,0.6124221889528012
scene-1072_CAM_FRONT_e780de70_53123cc5,G51-B,4,77464,27.663170357524013,0.029523948451238402,0.7652732907834948,0.6050875948835133
scene-1072_CAM_FRONT_c81faf62_0ad9191b,G51-B,0,84900,23.06376543414764,0.01943522100996886,0.8033777217450687,0.6000512173981561
scene-1072_CAM_FRONT_c81faf62_0ad9191b,G51-B,1,91727,24.649946503552968,0.04404124149118349,0.8699406403488036,0.6320620912457647
scene-1072_CAM_FRONT_c81faf62_0ad9191b,G51-B,2,81573,24.28411679355966,0.033337760515964376,0.8239303443385076,0.5507577548393875
scene-1072_CAM_FRONT_c81faf62_0ad9191b,G51-B,3,82843,24.05603864574513,0.03821177629402328,0.8024124707798177,0.5674887715704042
scene-1072_CAM_FRONT_c81faf62_0ad9191b,G51-B,4,73587,24.180478761089216,0.04320789940683989,0.753834738528616,0.5104010716255615
scene-1072_CAM_FRONT_8c88fa56_7e7a4ea0,G51-B,0,78120,26.66250819713478,0.035832611238288514,0.7392049483886218,0.5483938749244872
scene-1072_CAM_FRONT_8c88fa56_7e7a4ea0,G51-B,1,85153,26.518140479876166,0.04568054429138968,0.8046056260341975,0.5912720300475403
scene-1072_CAM_FRONT_8c88fa56_7e7a4ea0,G51-B,2,91247,26.50027063650678,0.05504014405840563,0.9002508339243033,0.623735980878838
scene-1072_CAM_FRONT_8c88fa56_7e7a4ea0,G51-B,3,96235,26.480633318865735,0.05432766874292083,0.9084850156278728,0.6537506894649752
scene-1072_CAM_FRONT_8c88fa56_7e7a4ea0,G51-B,4,95670,26.229852189302562,0.05527924978449983,0.9371470595960392,0.6306437632968245
scene-1072_CAM_FRONT_a1bbde13_7d9d7658,G51-B,0,95213,23.01763262263726,0.028187240863846164,0.914223990754603,0.6268287237674993
scene-1072_CAM_FRONT_a1bbde13_7d9d7658,G51-B,1,100239,22.774274553571438,0.03430188522199895,0.8981824389987655,0.6695361542300318
scene-1072_CAM_FRONT_a1bbde13_7d9d7658,G51-B,2,102963,22.324252717391307,0.033289769695519666,0.8947088487904814,0.6913560791111811
scene-1072_CAM_FRONT_a1bbde13_7d9d7658,G51-B,3,103564,21.79772401737309,0.03736631088794473,0.9054251044046963,0.6853347516612823
scene-1072_CAM_FRONT_a1bbde13_7d9d7658,G51-B,4,94646,21.9644282304358,0.03620898862869115,0.8683909857379245,0.6242218895280119
scene-1073_CAM_FRONT_127c5ddf_ca68f036,G51-B,0,90766,9.980052976679982,0.07642944394183071,0.7657788984319597,0.5959997898773409
scene-1073_CAM_FRONT_127c5ddf_ca68f036,G51-B,1,89839,9.853535174021838,0.07450133336524578,0.7656869697686024,0.5899127990964725
scene-1073_CAM_FRONT_127c5ddf_ca68f036,G51-B,2,89415,9.792708937548339,0.07479829055999598,0.7725619205211042,0.5871286738633678
scene-1073_CAM_FRONT_127c5ddf_ca68f036,G51-B,3,89482,9.758343285562631,0.09209140176823927,0.76201638956741,0.587568618180863
scene-1073_CAM_FRONT_127c5ddf_ca68f036,G51-B,4,89575,9.899603641394412,0.08223426937809641,0.7706708165891839,0.588179287158879
scene-1073_CAM_FRONT_29ac0fcf_b0415129,G51-B,0,86001,10.386647038727313,0.07513185393067268,0.7641110498253355,0.5647112126703964
scene-1073_CAM_FRONT_29ac0fcf_b0415129,G51-B,1,84519,10.106140136718748,0.079126066761944,0.7607490872796995,0.5549799070207233
scene-1073_CAM_FRONT_29ac0fcf_b0415129,G51-B,2,83106,10.526178923314339,0.07071201133820026,0.7702111732723977,0.5457016783547396
scene-1073_CAM_FRONT_29ac0fcf_b0415129,G51-B,3,83697,10.294385302197803,0.07141085413336601,0.8131615580595173,0.5495823812150342
scene-1073_CAM_FRONT_29ac0fcf_b0415129,G51-B,4,83904,9.922497530702591,0.10210024736936174,0.7719972158747669,0.5509416121661019
scene-1073_CAM_FRONT_9bccf886_e44d74c6,G51-B,0,90018,10.041243716163958,0.07756609051847163,0.7608869802747353,0.5910881727208258
scene-1073_CAM_FRONT_9bccf886_e44d74c6,G51-B,1,89436,9.957379523679506,0.08474495401793991,0.7705000919286633,0.5872665668584036
scene-1073_CAM_FRONT_9bccf886_e44d74c6,G51-B,2,89050,10.068744454850158,0.07000279013121302,0.7641570141570142,0.5847319622829827
scene-1073_CAM_FRONT_9bccf886_e44d74c6,G51-B,3,88948,10.034722527231201,0.07892799832594255,0.766343603078297,0.5840621963070942
scene-1073_CAM_FRONT_9bccf886_e44d74c6,G51-B,4,89315,9.943167506297229,0.07868107966286741,0.7763309957187509,0.5864720405536732
scene-1073_CAM_FRONT_b85450b2_40fb1386,G51-B,0,93853,10.753781219689623,0.06169808549618416,0.783514564126809,0.6162700601476112
scene-1073_CAM_FRONT_b85450b2_40fb1386,G51-B,1,94410,10.690433353275148,0.06237856279198417,0.7754576734168571,0.6199275076826097
scene-1073_CAM_FRONT_b85450b2_40fb1386,G51-B,2,92624,10.921849555432514,0.06649575747536529,0.7778346859979514,0.6082000367714654
scene-1073_CAM_FRONT_b85450b2_40fb1386,G51-B,3,92221,10.738805748137416,0.05725568891552957,0.7795944632679327,0.6055538045333964
scene-1073_CAM_FRONT_b85450b2_40fb1386,G51-B,4,90676,11.07446530785891,0.051159231043527376,0.7898313765660705,0.5954088198986158
scene-1073_CAM_FRONT_3fa66f73_0f3fbd16,G51-B,0,94370,11.75143576496588,0.03576713310660029,0.7788459012948808,0.6196648543587319
scene-1073_CAM_FRONT_3fa66f73_0f3fbd16,G51-B,1,93532,11.984634914416585,0.03835995556371152,0.7803298925747906,0.6141622672234918
scene-1073_CAM_FRONT_3fa66f73_0f3fbd16,G51-B,2,90830,11.756115815839697,0.07490658183859566,0.7566845270926904,0.5964200351955454
scene-1073_CAM_FRONT_3fa66f73_0f3fbd16,G51-B,3,89648,11.618541625849009,0.06838169604695521,0.7709991332440312,0.588658629474956
scene-1073_CAM_FRONT_3fa66f73_0f3fbd16,G51-B,4,87577,12.236472620532004,0.06852496370349259,0.7666456544007565,0.5750597536311822
scene-1073_CAM_FRONT_1bfa473e_df9df601,G51-B,0,92534,17.96527318141704,0.03275894818741665,0.7633230898537021,0.6099007170435742
scene-1073_CAM_FRONT_1bfa473e_df9df601,G51-B,1,90975,17.535240874133446,0.04585271445496408,0.7423305229427678,0.604155175583747
scene-1073_CAM_FRONT_1bfa473e_df9df601,G51-B,2,89104,18.144534801136366,0.025550483422937198,0.739434770047015,0.5930186746513277
scene-1073_CAM_FRONT_1bfa473e_df9df601,G51-B,3,82068,18.72665654439986,0.02569516028977059,0.733183620938723,0.5482494155963543
scene-1073_CAM_FRONT_1bfa473e_df9df601,G51-B,4,76239,18.986535766196013,0.029532753785154853,0.7194731174323011,0.5089433456780396
scene-1073_CAM_FRONT_bcb9325f_6906b7b4,G51-B,0,72217,26.554859222357912,0.041599302984221875,0.69737740656108,0.48141727733564466
scene-1073_CAM_FRONT_bcb9325f_6906b7b4,G51-B,1,67017,26.77363156049679,0.026146440181364916,0.6832269587371628,0.4497609854752712
scene-1073_CAM_FRONT_bcb9325f_6906b7b4,G51-B,2,59233,26.733182923707123,0.02699754384972497,0.6428768418564337,0.4057862527250282
scene-1073_CAM_FRONT_bcb9325f_6906b7b4,G51-B,3,48629,26.05555508068928,0.023837618767144964,0.5968402805137499,0.34290704698867963
scene-1073_CAM_FRONT_bcb9325f_6906b7b4,G51-B,4,51049,27.418614070738144,0.041060668416808,0.603557639271925,0.34767420481706196
scene-1073_CAM_FRONT_f9b33fd3_f0ee73d4,G51-B,0,50829,28.755994038361848,0.01979564898161179,0.632515168229454,0.3337601449846348
scene-1073_CAM_FRONT_f9b33fd3_f0ee73d4,G51-B,1,53591,28.99412763746804,0.0175034288079412,0.6664237123420796,0.35189635699839783
scene-1073_CAM_FRONT_f9b33fd3_f0ee73d4,G51-B,2,56620,30.124651517116188,0.015136153673124042,0.6502180022588185,0.37178577994904527
scene-1073_CAM_FRONT_f9b33fd3_f0ee73d4,G51-B,3,55886,30.13852319860117,0.015353727334395773,0.6532976124812859,0.3669660914558874
scene-1073_CAM_FRONT_f9b33fd3_f0ee73d4,G51-B,4,56828,30.8534347502588,0.01762597965902013,0.6531859848186379,0.3731515772332099
