clip_id,group,variant,s_moge,ok,n_valid_total,mad_log_clip,per_frame_log_scale_std,fov_supplied_deg,fov_calibrated_deg,fov_moge_out_deg,teacher_w,teacher_h,crop_x0,crop_x1
scene-0003_CAM_FRONT_fd842039_f56a5440,scene-0003,G51-A,15.677017357791586,1,319256,0.040234546224764633,0.023535435780693656,nan,64.5614792846793,64.70573425292969,518,294,0,518
scene-0003_CAM_FRONT_f286cdae_21b99feb,scene-0003,G51-A,18.896928911924938,1,331440,0.026530569668640647,0.019027257770598202,nan,64.5614792846793,65.33016204833984,518,294,0,518
scene-0003_CAM_FRONT_cd908fdc_6180726f,scene-0003,G51-A,17.648543483527135,1,341484,0.037826581934882864,0.03570080157288545,nan,64.5614792846793,66.24539947509766,518,294,0,518
scene-0003_CAM_FRONT_1ac0914c_e617edf7,scene-0003,G51-A,17.552068500813668,1,306797,0.022815738327863766,0.024958036226555253,nan,64.5614792846793,64.57262420654297,518,294,0,518
scene-0003_CAM_FRONT_7c0aa537_5e4e25f8,scene-0003,G51-A,18.17991471430669,1,315576,0.03609838680231814,0.023708136439300764,nan,64.5614792846793,66.73954010009766,518,294,0,518
scene-0003_CAM_FRONT_c1ab33c3_57a79294,scene-0003,G51-A,20.042294617755193,1,332498,0.03198701699493278,0.021205794855211464,nan,64.5614792846793,65.59388732910156,518,294,0,518
scene-0003_CAM_FRONT_3be45164_1b5a6659,scene-0003,G51-A,23.54104146975426,1,353881,0.031275337056900554,0.0237970297452699,nan,64.5614792846793,67.32171630859375,518,294,0,518
scene-0003_CAM_FRONT_b214d0d4_20684b77,scene-0003,G51-A,20.900799885991574,1,508608,0.04069345109214506,0.03138099653082391,nan,64.5614792846793,69.49299621582031,518,294,0,518
scene-0012_CAM_FRONT_88a090c5_20a871df,scene-0012,G51-A,18.63840588521401,1,571786,0.05477158794469261,0.041847267205525486,nan,64.5614792846793,72.14606475830078,518,294,0,518
scene-0012_CAM_FRONT_c51b9abd_745713b3,scene-0012,G51-A,21.11726895734598,1,539847,0.06532466504270307,0.04932614339950715,nan,64.5614792846793,72.23704528808594,518,294,0,518
scene-0012_CAM_FRONT_d34f2eec_5254163f,scene-0012,G51-A,20.72015253244413,1,505107,0.04156548144108774,0.02008139750289497,nan,64.5614792846793,68.84625244140625,518,294,0,518
scene-0012_CAM_FRONT_62697033_a2d86049,scene-0012,G51-A,20.820342478894855,1,448556,0.05682144288108382,0.03474106765454853,nan,64.5614792846793,74.19699096679688,518,294,0,518
scene-0012_CAM_FRONT_114d8a1f_b76ef036,scene-0012,G51-A,22.875659890776692,1,480835,0.06370447456410844,0.0517438270726877,nan,64.5614792846793,73.6856918334961,518,294,0,518
scene-0012_CAM_FRONT_5e8e7172_56a8812e,scene-0012,G51-A,23.863700851999038,1,361157,0.047584424192522956,0.053301671652767224,nan,64.5614792846793,68.91172790527344,518,294,0,518
scene-0012_CAM_FRONT_2e8bed7f_45a4f3c2,scene-0012,G51-A,24.142269514339834,1,481180,0.05511217201898888,0.031095320525389433,nan,64.5614792846793,64.69154357910156,518,294,0,518
scene-0012_CAM_FRONT_ba3778e1_feedde26,scene-0012,G51-A,20.675089178054666,1,390931,0.04994887069353293,0.052850887220079946,nan,64.5614792846793,69.33524322509766,518,294,0,518
scene-0013_CAM_FRONT_b9c60cfa_31815eed,scene-0013,G51-A,19.62865284577724,1,376103,0.03721872948224636,0.03393279160420121,nan,64.5614792846793,70.86769104003906,518,294,0,518
scene-0013_CAM_FRONT_b2329c1f_e30a3a96,scene-0013,G51-A,20.514672372855394,1,354197,0.05203729580508609,0.0398961725388596,nan,64.5614792846793,72.24880981445312,518,294,0,518
scene-0013_CAM_FRONT_61361625_a32eb5c0,scene-0013,G51-A,18.137944703461024,1,391978,0.03716981670959596,0.02631995706680039,nan,64.5614792846793,71.63436889648438,518,294,0,518
scene-0013_CAM_FRONT_4635c393_6b506fcb,scene-0013,G51-A,17.721239948830412,1,412908,0.04007736122471006,0.01510474902856122,nan,64.5614792846793,72.34001159667969,518,294,0,518
scene-0013_CAM_FRONT_da5566fe_9a7dc9c8,scene-0013,G51-A,19.78295410620837,1,439392,0.05654718760329458,0.03620188640808607,nan,64.5614792846793,71.0877685546875,518,294,0,518
scene-0013_CAM_FRONT_7184209f_867689f9,scene-0013,G51-A,20.747120456915923,1,382416,0.03924161964541395,0.0185455464974442,nan,64.5614792846793,70.91146087646484,518,294,0,518
scene-0013_CAM_FRONT_2c1f8867_d82980cf,scene-0013,G51-A,22.992683319039454,1,386636,0.04135418182167383,0.04308781427304671,nan,64.5614792846793,72.4783706665039,518,294,0,518
scene-0013_CAM_FRONT_1f0a495a_51f7ea7d,scene-0013,G51-A,21.33384288082147,1,369603,0.03215004127561105,0.02525487099736807,nan,64.5614792846793,69.6431884765625,518,294,0,518
scene-0014_CAM_FRONT_43cfc03b_3fa89fab,scene-0014,G51-A,10.113368622575216,1,327298,0.02203516088959745,0.007659448138231948,nan,64.5614792846793,64.60010528564453,518,294,0,518
scene-0014_CAM_FRONT_96237b21_2da9ed79,scene-0014,G51-A,11.456487157165423,1,301530,0.04600467891134019,0.027557449091454637,nan,64.5614792846793,65.08440399169922,518,294,0,518
scene-0014_CAM_FRONT_d703cae6_6a53a53e,scene-0014,G51-A,16.167876742322598,1,307280,0.043238294676132494,0.04058853630741885,nan,64.5614792846793,66.92327880859375,518,294,0,518
scene-0014_CAM_FRONT_65e61ba2_907c55da,scene-0014,G51-A,19.629240724822544,1,368256,0.034883559099064376,0.029466807097370946,nan,64.5614792846793,70.44235229492188,518,294,0,518
scene-0014_CAM_FRONT_23e22334_ce60545b,scene-0014,G51-A,24.92031767384106,1,403868,0.05204465856762264,0.06105800807525385,nan,64.5614792846793,67.99683380126953,518,294,0,518
scene-0014_CAM_FRONT_e8953eb6_303119a4,scene-0014,G51-A,22.14272877438747,1,609742,0.06846630286570154,0.03838462815988196,nan,64.5614792846793,70.58104705810547,518,294,0,518
scene-0014_CAM_FRONT_2c0c09db_1c6d9929,scene-0014,G51-A,19.902168870758718,1,621946,0.06678288653384223,0.035258641448436566,nan,64.5614792846793,72.53982543945312,518,294,0,518
scene-0014_CAM_FRONT_5a42a9de_d0501e05,scene-0014,G51-A,19.649657090360076,1,509311,0.08592771396484578,0.061493963562214086,nan,64.5614792846793,69.74666595458984,518,294,0,518
scene-0015_CAM_FRONT_234b0f37_f405bf53,scene-0015,G51-A,21.816423055090826,1,440140,0.04190437074779618,0.01376221076567152,nan,64.5614792846793,71.00514221191406,518,294,0,518
scene-0015_CAM_FRONT_061805d6_dca60e24,scene-0015,G51-A,23.160337707940997,1,513779,0.06681292125813787,0.033415772684857924,nan,64.5614792846793,72.34004211425781,518,294,0,518
scene-0015_CAM_FRONT_e18b1aef_c99f5e4f,scene-0015,G51-A,21.3082623199487,1,507027,0.05638969320680909,0.01852347080339696,nan,64.5614792846793,69.76220703125,518,294,0,518
scene-0015_CAM_FRONT_54f30ff0_07ccc904,scene-0015,G51-A,16.927096648007755,1,500562,0.036708960335847696,0.013655108200078486,nan,64.5614792846793,70.1333999633789,518,294,0,518
scene-0015_CAM_FRONT_985f2f38_2c63d07c,scene-0015,G51-A,17.36338840060764,1,520376,0.06353562566617188,0.012342959445635739,nan,64.5614792846793,70.85881805419922,518,294,0,518
scene-0015_CAM_FRONT_d6b547f2_c9b7e76f,scene-0015,G51-A,17.783524441281443,1,476329,0.05590743953648536,0.03143203288938608,nan,64.5614792846793,69.83778381347656,518,294,0,518
scene-0015_CAM_FRONT_9a59cb6d_948b555d,scene-0015,G51-A,19.031667031636438,1,499208,0.04318988454953954,0.019755724734667437,nan,64.5614792846793,65.14069366455078,518,294,0,518
scene-0015_CAM_FRONT_42605be9_8a96bc21,scene-0015,G51-A,16.518510247795792,1,403163,0.054977658150832553,0.01815693704080892,nan,64.5614792846793,67.85249328613281,518,294,0,518
scene-0016_CAM_FRONT_fbd3aa20_581b3ac0,scene-0016,G51-A,17.97361045822433,1,495355,0.053980561298030416,0.06176638227809546,nan,64.5614792846793,74.80342864990234,518,294,0,518
scene-0016_CAM_FRONT_9234bbf8_30b94629,scene-0016,G51-A,15.851166381384159,1,574848,0.04286363759277778,0.02224983357126947,nan,64.5614792846793,72.17941284179688,518,294,0,518
scene-0016_CAM_FRONT_7ac3bb7f_1fe2834e,scene-0016,G51-A,19.433595328920774,1,547172,0.044810088719810626,0.03718883184072477,nan,64.5614792846793,69.03658294677734,518,294,0,518
scene-0016_CAM_FRONT_4d53a5c4_48de6a86,scene-0016,G51-A,25.240229362703165,1,477294,0.0218295369527981,0.009871552977694447,nan,64.5614792846793,69.37591552734375,518,294,0,518
scene-0016_CAM_FRONT_381fe530_49ae81f8,scene-0016,G51-A,24.464578379755437,1,547822,0.03641861524745926,0.025025850864085496,nan,64.5614792846793,69.33296966552734,518,294,0,518
scene-0016_CAM_FRONT_52c853ea_856952a1,scene-0016,G51-A,21.58574887510974,1,575927,0.0671729508409018,0.017116088092794603,nan,64.5614792846793,70.9754867553711,518,294,0,518
scene-0016_CAM_FRONT_921505c4_a78c3609,scene-0016,G51-A,18.088367462158196,1,553713,0.029601250283187053,0.010942911440322193,nan,64.5614792846793,70.36190795898438,518,294,0,518
scene-0016_CAM_FRONT_ebbbaf52_9cdae13a,scene-0016,G51-A,19.660553989031456,1,553515,0.02530967386034577,0.007388652891252996,nan,64.5614792846793,67.8310317993164,518,294,0,518
scene-0017_CAM_FRONT_134c7f63_4b4c3bc5,scene-0017,G51-A,29.63674603917166,1,573271,0.06873151502326014,0.04743439622234975,nan,64.5614792846793,65.32228088378906,518,294,0,518
scene-0017_CAM_FRONT_0966ed2d_3adeaa8b,scene-0017,G51-A,21.640899515226444,1,573909,0.030720407587007337,0.01150561815331257,nan,64.5614792846793,65.56748962402344,518,294,0,518
scene-0017_CAM_FRONT_6413a3e2_ef661945,scene-0017,G51-A,24.005116695115543,1,458230,0.03508614070021854,0.0411033428719503,nan,64.5614792846793,68.58419799804688,518,294,0,518
scene-0017_CAM_FRONT_f274b48b_b4bff2b0,scene-0017,G51-A,23.23835864656177,1,498424,0.03309713613822485,0.028427988797177877,nan,64.5614792846793,65.12016296386719,518,294,0,518
scene-0017_CAM_FRONT_3425c661_2a271f85,scene-0017,G51-A,19.43036016069734,1,459524,0.024365141274650837,0.016710158236853286,nan,64.5614792846793,64.8799057006836,518,294,0,518
scene-0017_CAM_FRONT_9a476217_ce130b56,scene-0017,G51-A,17.373683076746328,1,385088,0.03920768849122025,0.033740360112750785,nan,64.5614792846793,66.02853393554688,518,294,0,518
scene-0017_CAM_FRONT_789b705c_65afa213,scene-0017,G51-A,15.678467653508775,1,374166,0.03804557306448908,0.032250771197738004,nan,64.5614792846793,64.45465087890625,518,294,0,518
scene-0017_CAM_FRONT_fe04ede8_d995c004,scene-0017,G51-A,13.195746173469386,1,353772,0.041056580261268794,0.017967688792889586,nan,64.5614792846793,62.98245620727539,518,294,0,518
scene-0018_CAM_FRONT_f0e47975_248f5231,scene-0018,G51-A,14.477827785326086,1,464567,0.03739757500765872,0.017164737687852396,nan,64.5614792846793,65.76545715332031,518,294,0,518
scene-0018_CAM_FRONT_06cc9133_1cc4743f,scene-0018,G51-A,15.133849120682392,1,397547,0.0327531942436905,0.027344736566152106,nan,64.5614792846793,64.89076232910156,518,294,0,518
scene-0018_CAM_FRONT_72f030bd_b66b4277,scene-0018,G51-A,15.734836779739776,1,440063,0.028111999049291736,0.014575503894089676,nan,64.5614792846793,66.94500732421875,518,294,0,518
scene-0018_CAM_FRONT_6611e3ee_81f15cce,scene-0018,G51-A,15.450089314386638,1,537146,0.0398104522862206,0.046049795428390265,nan,64.5614792846793,66.3072509765625,518,294,0,518
scene-0018_CAM_FRONT_dbffcc96_b1736070,scene-0018,G51-A,16.089965932612692,1,518321,0.03969097737025029,0.03250684263911656,nan,64.5614792846793,64.9881362915039,518,294,0,518
scene-0018_CAM_FRONT_3c23cd7c_bb99cbc0,scene-0018,G51-A,13.04578145681668,1,648303,0.061882390347062444,0.05174961835132631,nan,64.5614792846793,66.62982940673828,518,294,0,518
scene-0018_CAM_FRONT_cf5c4b43_f540699e,scene-0018,G51-A,13.323185594255389,1,628387,0.044226870409841634,0.02775947357822212,nan,64.5614792846793,61.46437072753906,518,294,0,518
scene-0018_CAM_FRONT_ba22ee94_59e1ec03,scene-0018,G51-A,15.088139739260404,1,606773,0.06993855546159855,0.07981423845746595,nan,64.5614792846793,62.411190032958984,518,294,0,518
scene-0035_CAM_FRONT_d62b0f9d_020154f4,scene-0035,G51-A,32.72446259106594,1,506956,0.05903094826357691,0.026775643057296156,nan,64.5614792846793,69.40299987792969,518,294,0,518
scene-0035_CAM_FRONT_a3d2c3ca_40ead2f4,scene-0035,G51-A,33.07718943565039,1,517542,0.05805532525116064,0.037364775832187294,nan,64.5614792846793,68.9132308959961,518,294,0,518
scene-0035_CAM_FRONT_cc71e504_57267f4d,scene-0035,G51-A,34.749034079002506,1,550416,0.057835440588120735,0.038629474186008414,nan,64.5614792846793,67.12120056152344,518,294,0,518
scene-0035_CAM_FRONT_af571c22_5dda1ef8,scene-0035,G51-A,32.99382464171973,1,582616,0.06270093584588587,0.014058159372113252,nan,64.5614792846793,64.34117126464844,518,294,0,518
scene-0035_CAM_FRONT_7b86bda4_50a05815,scene-0035,G51-A,36.079642879908214,1,504742,0.06644654037297126,0.042827841851082835,nan,64.5614792846793,62.627803802490234,518,294,0,518
scene-0035_CAM_FRONT_25a5a54c_c0e4b101,scene-0035,G51-A,31.85761177813789,1,504973,0.0388095246979443,0.01477206418629751,nan,64.5614792846793,65.73416137695312,518,294,0,518
scene-0035_CAM_FRONT_08078980_82e2c7a4,scene-0035,G51-A,34.63362938360585,1,488833,0.04676414674728102,0.033368116063699535,nan,64.5614792846793,67.36084747314453,518,294,0,518
scene-0035_CAM_FRONT_ba5d4c21_2f598ed4,scene-0035,G51-A,30.430026146673395,1,519209,0.045237445381480335,0.0316068358499084,nan,64.5614792846793,68.37522888183594,518,294,0,518
scene-0036_CAM_FRONT_e1b5c775_856ccc62,scene-0036,G51-A,24.788981681034485,1,543160,0.06161380651946735,0.04253853139789059,nan,64.5614792846793,64.73772430419922,518,294,0,518
scene-0036_CAM_FRONT_e63b5804_7bd9965f,scene-0036,G51-A,23.890202321911634,1,607853,0.03911631062341936,0.015231949877880908,nan,64.5614792846793,66.58642578125,518,294,0,518
scene-0036_CAM_FRONT_978a0782_96d66c41,scene-0036,G51-A,23.785363383770754,1,618540,0.0469370177291033,0.018288224069897344,nan,64.5614792846793,65.3399658203125,518,294,0,518
scene-0036_CAM_FRONT_6f8d7a92_ca08ecf4,scene-0036,G51-A,24.765476594301226,1,590352,0.04259960762818493,0.025584423852074326,nan,64.5614792846793,66.11030578613281,518,294,0,518
scene-0036_CAM_FRONT_f8d77275_07a6e4ff,scene-0036,G51-A,23.828784894743727,1,597527,0.05043812929432212,0.041414218656133685,nan,64.5614792846793,68.12300872802734,518,294,0,518
scene-0036_CAM_FRONT_139bce92_50082a94,scene-0036,G51-A,24.909184966216223,1,494961,0.029452128475603967,0.012316489379249654,nan,64.5614792846793,66.68863677978516,518,294,0,518
scene-0036_CAM_FRONT_53b7ed3f_989191ea,scene-0036,G51-A,24.58275552925381,1,467561,0.03322286390615359,0.02140478078526657,nan,64.5614792846793,69.73589324951172,518,294,0,518
scene-0036_CAM_FRONT_fdd2da37_95b0c6a3,scene-0036,G51-A,28.243636188271616,1,391724,0.03791486051437021,0.03854921778639773,nan,64.5614792846793,71.28952026367188,518,294,0,518
scene-0038_CAM_FRONT_0f39f34f_e15862d8,scene-0038,G51-A,21.499497947723608,1,431415,0.06769211962960542,0.055810851412304054,nan,64.5614792846793,71.46744537353516,518,294,0,518
scene-0038_CAM_FRONT_86958f43_aa7d1414,scene-0038,G51-A,22.82461788998637,1,422150,0.041379935408332624,0.03583828719862897,nan,64.5614792846793,68.6115951538086,518,294,0,518
scene-0038_CAM_FRONT_70b93dd3_d65e5cdd,scene-0038,G51-A,22.81042746113989,1,405023,0.033921327816242464,0.027512205070029057,nan,64.5614792846793,70.80072021484375,518,294,0,518
scene-0038_CAM_FRONT_abe76951_b3537c46,scene-0038,G51-A,31.521105834849863,1,388694,0.0612751220893446,0.06160197891504049,nan,64.5614792846793,69.8157730102539,518,294,0,518
scene-0038_CAM_FRONT_398ab542_ead06ddf,scene-0038,G51-A,38.678472317981246,1,393484,0.052239843951556564,0.05512993570625965,nan,64.5614792846793,69.48070526123047,518,294,0,518
scene-0038_CAM_FRONT_378dd188_740e48ba,scene-0038,G51-A,28.812511516067215,1,459686,0.04333316939559784,0.042645190445914534,nan,64.5614792846793,68.88938903808594,518,294,0,518
scene-0038_CAM_FRONT_6060fa4c_50d37bba,scene-0038,G51-A,23.92098918760959,1,406883,0.035756237313998795,0.03864555738290293,nan,64.5614792846793,67.1211166381836,518,294,0,518
scene-0038_CAM_FRONT_124b2bf9_57a80885,scene-0038,G51-A,30.44150778043776,1,390434,0.03471651288445754,0.019666304169899295,nan,64.5614792846793,63.459712982177734,518,294,0,518
scene-0039_CAM_FRONT_15c59626_7c8ce823,scene-0039,G51-A,31.918134200671485,1,483643,0.04764630246110979,0.02340068592104689,nan,64.5614792846793,67.56049346923828,518,294,0,518
scene-0039_CAM_FRONT_d7f3a1ff_17dd14b1,scene-0039,G51-A,34.39894413227709,1,591849,0.05105644989088587,0.015391515348937203,nan,64.5614792846793,67.30146026611328,518,294,0,518
scene-0039_CAM_FRONT_9397c89e_3357eff7,scene-0039,G51-A,29.601004073230555,1,523799,0.04051685609098188,0.0204719514048418,nan,64.5614792846793,70.84469604492188,518,294,0,518
scene-0039_CAM_FRONT_23cd0004_b024c299,scene-0039,G51-A,29.012562526893287,1,502215,0.05899656041935364,0.0359204236026299,nan,64.5614792846793,70.21731567382812,518,294,0,518
scene-0039_CAM_FRONT_edc5f9bd_3c693de8,scene-0039,G51-A,30.843222755730043,1,597473,0.060700559575175284,0.025486282246420307,nan,64.5614792846793,70.49871063232422,518,294,0,518
scene-0039_CAM_FRONT_02b68afc_4b247d4d,scene-0039,G51-A,26.273692070963076,1,554003,0.060080541339296634,0.035470649330730235,nan,64.5614792846793,70.83155822753906,518,294,0,518
scene-0039_CAM_FRONT_793bebc8_af15c54e,scene-0039,G51-A,28.288359295765723,1,493451,0.0358715151586555,0.02059707431802675,nan,64.5614792846793,69.74806213378906,518,294,0,518
scene-0039_CAM_FRONT_0f96fbf0_c1b68aa9,scene-0039,G51-A,24.91804747802316,1,486514,0.035017890312432076,0.021309345742139357,nan,64.5614792846793,70.43233489990234,518,294,0,518
scene-0092_CAM_FRONT_8e46878c_774f588f,scene-0092,G51-A,31.881303114242687,1,679389,0.0525814353191385,0.06753749333131791,nan,65.12158487224079,74.15869140625,518,294,0,518
scene-0092_CAM_FRONT_8d966583_1259283e,scene-0092,G51-A,32.89762656140043,1,701693,0.04335619431118953,0.04646751037321147,nan,65.12158487224079,71.57451629638672,518,294,0,518
scene-0092_CAM_FRONT_38bde806_9c2cb01f,scene-0092,G51-A,35.28672989424495,1,663133,0.03812919587489416,0.024014608762070677,nan,65.12158487224079,70.83680725097656,518,294,0,518
scene-0092_CAM_FRONT_1ecb668f_75023dda,scene-0092,G51-A,30.35683248674912,1,661666,0.04664419644558859,0.055150476114680734,nan,65.12158487224079,72.42497253417969,518,294,0,518
scene-0092_CAM_FRONT_38c0c7b3_c3ab884d,scene-0092,G51-A,30.782329117892978,1,669511,0.03099030194317809,0.03244921601337658,nan,65.12158487224079,77.4253921508789,518,294,0,518
scene-0092_CAM_FRONT_e568b88d_c10dfcf7,scene-0092,G51-A,33.01474840059056,1,684808,0.030585724544730075,0.02311395787287917,nan,65.12158487224079,72.96047973632812,518,294,0,518
scene-0092_CAM_FRONT_e6c7e16f_248b69fa,scene-0092,G51-A,33.89124076354679,1,678337,0.026573889977330456,0.014047385992707995,nan,65.12158487224079,74.54386901855469,518,294,0,518
scene-0092_CAM_FRONT_4996d203_f6dc7d8e,scene-0092,G51-A,33.283189379398586,1,641322,0.03531797935818348,0.03801977965839069,nan,65.12158487224079,77.58611297607422,518,294,0,518
scene-0093_CAM_FRONT_6e0955c2_88c4bf6c,scene-0093,G51-A,20.84299991548343,1,351742,0.04485284342965845,0.035913559607216816,nan,65.12158487224079,69.38453674316406,518,294,0,518
scene-0093_CAM_FRONT_6dab8a84_5c279586,scene-0093,G51-A,23.893619066272045,1,348838,0.029701672358129372,0.029885460639430646,nan,65.12158487224079,68.73405456542969,518,294,0,518
scene-0093_CAM_FRONT_561cf9ac_85249094,scene-0093,G51-A,30.052546296296295,1,290238,0.023093783499185783,0.020632903026838203,nan,65.12158487224079,71.1473617553711,518,294,0,518
scene-0093_CAM_FRONT_938d0ee9_636c9024,scene-0093,G51-A,47.096485607255524,1,326244,0.02640545809874828,0.03244676334822698,nan,65.12158487224079,72.46070861816406,518,294,0,518
scene-0093_CAM_FRONT_f9438d42_4a4ea75e,scene-0093,G51-A,53.735845398138565,1,334421,0.03255398830925138,0.030028684394939335,nan,65.12158487224079,72.90586853027344,518,294,0,518
scene-0093_CAM_FRONT_08303db5_267340cf,scene-0093,G51-A,49.78490579302589,1,349503,0.03046581464866982,0.03563242051326097,nan,65.12158487224079,72.99187469482422,518,294,0,518
scene-0093_CAM_FRONT_9c345815_f7a001c4,scene-0093,G51-A,43.13791420603675,1,462658,0.04761491755030933,0.05061511492335726,nan,65.12158487224079,70.91845703125,518,294,0,518
scene-0094_CAM_FRONT_19ffc60b_16c4a3ea,scene-0094,G51-A,31.401104582457982,1,541146,0.03125407752459486,0.01948176421724194,nan,65.12158487224079,74.38421630859375,518,294,0,518
scene-0094_CAM_FRONT_442d1845_ac83bf9a,scene-0094,G51-A,32.225366944923614,1,559028,0.03091247662002128,0.022853839036437357,nan,65.12158487224079,73.00569152832031,518,294,0,518
scene-0094_CAM_FRONT_6a85b137_a2751129,scene-0094,G51-A,32.033811343782126,1,457686,0.027920700348424976,0.02700122295711289,nan,65.12158487224079,72.1418685913086,518,294,0,518
scene-0094_CAM_FRONT_7dfa2547_9e527ac1,scene-0094,G51-A,33.4428248040902,1,484251,0.021992785204625775,0.014142020610906785,nan,65.12158487224079,71.0694580078125,518,294,0,518
scene-0094_CAM_FRONT_15222be3_7604c6ea,scene-0094,G51-A,31.29725150602409,1,447456,0.022160822228623367,0.012595322276762676,nan,65.12158487224079,70.13919067382812,518,294,0,518
scene-0094_CAM_FRONT_d00b9230_8b17a8d9,scene-0094,G51-A,32.56258461191335,1,387685,0.024300372539158843,0.025642164569198912,nan,65.12158487224079,69.1668472290039,518,294,0,518
scene-0094_CAM_FRONT_723ad933_3164b1a6,scene-0094,G51-A,30.2023325556184,1,309115,0.023777297139807807,0.020264698228048075,nan,65.12158487224079,70.84162902832031,518,294,0,518
scene-0094_CAM_FRONT_68c0cfc0_8887f956,scene-0094,G51-A,24.493538283300527,1,282114,0.01971242989528399,0.020879727711728115,nan,65.12158487224079,71.6680679321289,518,294,0,518
scene-0095_CAM_FRONT_78be3bd5_d773c946,scene-0095,G51-A,21.51829326258296,1,318623,0.017152254190409444,0.013293638190253271,nan,65.12158487224079,68.32234191894531,518,294,0,518
scene-0095_CAM_FRONT_71b80d68_da3ef456,scene-0095,G51-A,24.20972064393939,1,306935,0.014077565940068482,0.010818326652018437,nan,65.12158487224079,67.55445861816406,518,294,0,518
scene-0095_CAM_FRONT_98592cf2_e6bf9e3d,scene-0095,G51-A,22.12029273014834,1,306944,0.012676392217302768,0.011010722414747497,nan,65.12158487224079,68.1025161743164,518,294,0,518
scene-0095_CAM_FRONT_18b3ef8c_2d800e7c,scene-0095,G51-A,24.419476098062635,1,303123,0.010612059897102455,0.0033470425140048757,nan,65.12158487224079,68.11933135986328,518,294,0,518
scene-0095_CAM_FRONT_99ccc70f_cac56fc7,scene-0095,G51-A,22.57063432173295,1,304773,0.013947506086235073,0.007889602694667694,nan,65.12158487224079,68.32826232910156,518,294,0,518
scene-0095_CAM_FRONT_1f40bab1_b90fba92,scene-0095,G51-A,22.619772806406683,1,306053,0.012278340527294151,0.01033136086637431,nan,65.12158487224079,68.05474090576172,518,294,0,518
scene-0095_CAM_FRONT_a9549839_70271815,scene-0095,G51-A,24.785544513935523,1,306300,0.011016475444743712,0.007712738906824848,nan,65.12158487224079,68.27648162841797,518,294,0,518
scene-0096_CAM_FRONT_f9475d1f_73a3e6b8,scene-0096,G51-A,33.03672483766234,1,322179,0.026195437801597166,0.024219257517675685,nan,65.12158487224079,69.52874755859375,518,294,0,518
scene-0096_CAM_FRONT_67cc592a_fd27366f,scene-0096,G51-A,28.56979783318154,1,332424,0.050398554726654776,0.058434230487104444,nan,65.12158487224079,68.20013427734375,518,294,0,518
scene-0096_CAM_FRONT_3ba93f95_112aa7a7,scene-0096,G51-A,32.4321806173852,1,299352,0.030244565004587276,0.026381204772916063,nan,65.12158487224079,69.26155090332031,518,294,0,518
scene-0096_CAM_FRONT_5edf36a0_7c7ce7a9,scene-0096,G51-A,27.47001759105961,1,320680,0.03372897112128115,0.035478051014709154,nan,65.12158487224079,70.97825622558594,518,294,0,518
scene-0096_CAM_FRONT_9a2209d8_296e524f,scene-0096,G51-A,26.06876771793055,1,319570,0.026945262049938856,0.02107132766671855,nan,65.12158487224079,71.1667251586914,518,294,0,518
scene-0096_CAM_FRONT_e8038e0f_d6e16562,scene-0096,G51-A,23.611828659695814,1,332611,0.03428466044139267,0.017897242400693694,nan,65.12158487224079,70.45146942138672,518,294,0,518
scene-0096_CAM_FRONT_3c1ab7d8_3fd8074c,scene-0096,G51-A,24.201109123995987,1,317881,0.030443147727585718,0.018852637890979247,nan,65.12158487224079,72.25492095947266,518,294,0,518
scene-0097_CAM_FRONT_1c81b06c_1dd5d04e,scene-0097,G51-A,8.116483445791397,1,226571,0.022857031356303015,0.005758571915481496,nan,65.12158487224079,72.7125015258789,518,294,0,518
scene-0097_CAM_FRONT_9577cf1a_6bf8421a,scene-0097,G51-A,8.074260287814672,1,217092,0.02388195803648352,0.0035476772949221635,nan,65.12158487224079,72.5008544921875,518,294,0,518
scene-0097_CAM_FRONT_5c6f3a7e_98a8d1c3,scene-0097,G51-A,8.761761656963973,1,205638,0.036833608158302056,0.021376304399680586,nan,65.12158487224079,72.20716094970703,518,294,0,518
scene-0097_CAM_FRONT_8ef17257_50584518,scene-0097,G51-A,16.272423135080643,1,250002,0.02565308011926981,0.030249758288508958,nan,65.12158487224079,71.27742767333984,518,294,0,518
scene-0097_CAM_FRONT_92c817e6_fb879538,scene-0097,G51-A,23.38309104035938,1,284242,0.0273617762350562,0.020485154799208,nan,65.12158487224079,71.10169219970703,518,294,0,518
scene-0097_CAM_FRONT_f5193e87_185dd9f6,scene-0097,G51-A,33.99491633421986,1,281668,0.03509808537197112,0.0338008829217575,nan,65.12158487224079,71.36808776855469,518,294,0,518
scene-0097_CAM_FRONT_50c37d32_3c4da98d,scene-0097,G51-A,34.38954603580563,1,297404,0.023305696656148234,0.027670652213454463,nan,65.12158487224079,70.02059936523438,518,294,0,518
scene-0098_CAM_FRONT_c292d90b_4dfb0052,scene-0098,G51-A,34.532152067441054,1,326487,0.03729714109021387,0.041013874044543146,nan,65.12158487224079,73.68565368652344,518,294,0,518
scene-0098_CAM_FRONT_947147c6_808fabcc,scene-0098,G51-A,34.075795189039944,1,341156,0.0378541930917482,0.0487180566002375,nan,65.12158487224079,69.57831573486328,518,294,0,518
scene-0098_CAM_FRONT_ffb68ec5_3307d121,scene-0098,G51-A,31.206795481824408,1,335657,0.02587411531660999,0.02918185272226933,nan,65.12158487224079,68.42939758300781,518,294,0,518
scene-0098_CAM_FRONT_8a0af59b_45731d09,scene-0098,G51-A,32.06083737964807,1,376635,0.03324567548124069,0.036152984625226564,nan,65.12158487224079,70.25776672363281,518,294,0,518
scene-0098_CAM_FRONT_19689911_e4437a15,scene-0098,G51-A,28.56976040926847,1,385866,0.03271013235334652,0.036905379949044276,nan,65.12158487224079,70.8083724975586,518,294,0,518
scene-0098_CAM_FRONT_7760d89f_7fbf9f16,scene-0098,G51-A,28.908608164206644,1,293736,0.035929187636355664,0.04275952241721338,nan,65.12158487224079,72.08113098144531,518,294,0,518
scene-0098_CAM_FRONT_885aeed2_50d86a5c,scene-0098,G51-A,46.451206985105294,1,309891,0.03170880025531897,0.01695965061555247,nan,65.12158487224079,71.15605163574219,518,294,0,518
scene-0099_CAM_FRONT_b9db8044_9d0e1d79,scene-0099,G51-A,28.035048879253928,1,605199,0.0409864074583548,0.017659832963570994,nan,65.12158487224079,68.20562744140625,518,294,0,518
scene-0099_CAM_FRONT_fe944294_9faf87fc,scene-0099,G51-A,22.99389394124349,1,559671,0.039022886467163787,0.028195791561268946,nan,65.12158487224079,66.72399139404297,518,294,0,518
scene-0099_CAM_FRONT_34dc0f07_2de4836c,scene-0099,G51-A,24.702461122338335,1,590042,0.03958416098266193,0.013093878665124709,nan,65.12158487224079,65.91248321533203,518,294,0,518
scene-0099_CAM_FRONT_a9b8176b_d9151176,scene-0099,G51-A,31.409365731856244,1,592217,0.03683097245479905,0.018242125114110684,nan,65.12158487224079,67.20310974121094,518,294,0,518
scene-0099_CAM_FRONT_cb39369c_eaf2f8cf,scene-0099,G51-A,41.90264916143823,1,619158,0.026767864933471497,0.012866971845042909,nan,65.12158487224079,69.9095230102539,518,294,0,518
scene-0099_CAM_FRONT_0e8782aa_c7686b76,scene-0099,G51-A,35.11768099421709,1,619307,0.03306425548484748,0.03566104260561586,nan,65.12158487224079,70.5228042602539,518,294,0,518
scene-0099_CAM_FRONT_56f2d967_3a56f761,scene-0099,G51-A,42.32409152593487,1,615143,0.0478756022075113,0.03221793018722927,nan,65.12158487224079,70.66669464111328,518,294,0,518
scene-0100_CAM_FRONT_028a3f3a_57913445,scene-0100,G51-A,16.729333826013516,1,372724,0.02924083245800002,0.004124924413401902,nan,65.12158487224079,66.9863052368164,518,294,0,518
scene-0100_CAM_FRONT_6e80e8ce_70fce5a2,scene-0100,G51-A,16.687609585848726,1,369879,0.030708174334672655,0.00922062976248421,nan,65.12158487224079,67.21891021728516,518,294,0,518
scene-0100_CAM_FRONT_52908013_d09b065a,scene-0100,G51-A,16.536556826777616,1,372745,0.03255653571580597,0.013086046712458716,nan,65.12158487224079,67.47786712646484,518,294,0,518
scene-0100_CAM_FRONT_b32fbd9e_de52afcc,scene-0100,G51-A,16.5420624274942,1,371883,0.03213457029217626,0.011679654511438922,nan,65.12158487224079,66.96488189697266,518,294,0,518
scene-0100_CAM_FRONT_7586016d_79a822a6,scene-0100,G51-A,17.053972383350334,1,368203,0.026461553769157486,0.005270232570359007,nan,65.12158487224079,65.86921691894531,518,294,0,518
scene-0100_CAM_FRONT_9cae0163_94b913a2,scene-0100,G51-A,17.398763286999177,1,368280,0.02908838094417643,0.0103469943335052,nan,65.12158487224079,65.89459991455078,518,294,0,518
scene-0100_CAM_FRONT_aa126aad_44049613,scene-0100,G51-A,18.004766414141415,1,359884,0.034630573631975414,0.017679318686630734,nan,65.12158487224079,66.75322723388672,518,294,0,518
scene-0100_CAM_FRONT_7613f642_3e743a8c,scene-0100,G51-A,17.50878978965004,1,360031,0.03044730568426468,0.007217682075640646,nan,65.12158487224079,66.73077392578125,518,294,0,518
scene-0101_CAM_FRONT_d5324133_901cfd30,scene-0101,G51-A,18.605209095422243,1,344544,0.027677132345147015,0.005222108503489837,nan,65.12158487224079,66.19026184082031,518,294,0,518
scene-0101_CAM_FRONT_5c9d217c_7693424b,scene-0101,G51-A,19.52222490693012,1,339376,0.02451687831561533,0.007795529034689608,nan,65.12158487224079,65.93962097167969,518,294,0,518
scene-0101_CAM_FRONT_48ea4572_47fce09b,scene-0101,G51-A,22.502322406222895,1,346335,0.028920028814922283,0.020114195408900765,nan,65.12158487224079,66.4823226928711,518,294,0,518
scene-0101_CAM_FRONT_eaad6827_9ce5d3ae,scene-0101,G51-A,70.68756969789133,1,499644,0.030422909552652033,0.024551768902745533,nan,65.12158487224079,67.36920166015625,518,294,0,518
scene-0101_CAM_FRONT_59a27b7f_b2fecdf1,scene-0101,G51-A,92.03558739626556,1,419111,0.03116342379027337,0.03305891378266828,nan,65.12158487224079,68.45697784423828,518,294,0,518
scene-0101_CAM_FRONT_dac52a02_2cdbffa3,scene-0101,G51-A,72.5341693744923,1,332762,0.040287056751518335,0.03214647147081927,nan,65.12158487224079,70.48033142089844,518,294,0,518
scene-0101_CAM_FRONT_e2c7c91b_05e8bcef,scene-0101,G51-A,79.8205348671727,1,333861,0.022775797199436454,0.016417130545051582,nan,65.12158487224079,72.1508560180664,518,294,0,518
scene-0101_CAM_FRONT_b43de5e5_21971c1e,scene-0101,G51-A,64.25260848177298,1,324208,0.022863276179438063,0.021853842050641958,nan,65.12158487224079,69.80667114257812,518,294,0,518
scene-0102_CAM_FRONT_806011e8_ded4f73c,scene-0102,G51-A,37.025149263211375,1,351476,0.043230722344974604,0.0455981965073612,nan,65.12158487224079,71.15797424316406,518,294,0,518
scene-0102_CAM_FRONT_bf5592d0_d5d6c0c4,scene-0102,G51-A,34.715865231047694,1,285402,0.025970709370350287,0.02522005281937547,nan,65.12158487224079,67.13050842285156,518,294,0,518
scene-0102_CAM_FRONT_b9237446_7f11a83e,scene-0102,G51-A,33.91483958174543,1,290184,0.020806931506592408,0.015010856512052757,nan,65.12158487224079,64.57044982910156,518,294,0,518
scene-0102_CAM_FRONT_32dbf459_1c79e219,scene-0102,G51-A,36.62630603382889,1,314526,0.039421732307956425,0.036890292958826953,nan,65.12158487224079,64.3283920288086,518,294,0,518
scene-0102_CAM_FRONT_2eb164aa_cb8f79c8,scene-0102,G51-A,30.47952227117891,1,339280,0.022481505912089972,0.021236821567322515,nan,65.12158487224079,64.776123046875,518,294,0,518
scene-0102_CAM_FRONT_f4186246_3c7b830b,scene-0102,G51-A,34.499580480974394,1,370636,0.025062146887398384,0.019817096487931514,nan,65.12158487224079,67.94200897216797,518,294,0,518
scene-0102_CAM_FRONT_8b06ab55_e26feac8,scene-0102,G51-A,37.800312853506775,1,333448,0.02253011523945636,0.031543750796942174,nan,65.12158487224079,65.6143569946289,518,294,0,518
scene-0102_CAM_FRONT_9a95f1a1_7844c7bf,scene-0102,G51-A,40.21366390306123,1,334771,0.03418530704158007,0.04376618567224851,nan,65.12158487224079,66.61090087890625,518,294,0,518
scene-0103_CAM_FRONT_3e8750f3_747aa46b,scene-0103,G51-A,32.86500879477339,1,622638,0.03294847410449098,0.03232964115915777,nan,65.12158487224079,66.97760009765625,518,294,0,518
scene-0103_CAM_FRONT_f4f86af4_a98fba72,scene-0103,G51-A,29.955413570248982,1,629012,0.020500043596909823,0.0161901343911807,nan,65.12158487224079,68.09494018554688,518,294,0,518
scene-0103_CAM_FRONT_b6b0d9f2_f753d3f8,scene-0103,G51-A,31.61420789392059,1,644491,0.028231402240937342,0.012420820706500807,nan,65.12158487224079,70.9031982421875,518,294,0,518
scene-0103_CAM_FRONT_b22fa0b3_9ee40201,scene-0103,G51-A,27.668200120192306,1,608176,0.05052974009813993,0.020510310174238582,nan,65.12158487224079,70.98085021972656,518,294,0,518
scene-0103_CAM_FRONT_5b03af7a_0af0feb5,scene-0103,G51-A,29.747656773626012,1,615449,0.043755802217028794,0.04081279027202509,nan,65.12158487224079,68.4759750366211,518,294,0,518
scene-0103_CAM_FRONT_61d9340c_6d9984d0,scene-0103,G51-A,27.81590293933429,1,623765,0.03920952306533554,0.022521003055039002,nan,65.12158487224079,67.08263397216797,518,294,0,518
scene-0103_CAM_FRONT_38a28a3a_1c9a906c,scene-0103,G51-A,27.852684587032332,1,624951,0.03780952171996654,0.00778406365021282,nan,65.12158487224079,64.64797973632812,518,294,0,518
scene-0103_CAM_FRONT_a771effa_281b9226,scene-0103,G51-A,28.167103926878806,1,626814,0.027631896576610915,0.03374184628248855,nan,65.12158487224079,66.98385620117188,518,294,0,518
scene-0104_CAM_FRONT_f1b7b463_17d84afe,scene-0104,G51-A,26.23841483637972,1,620955,0.016246649680799585,0.00427687831428306,nan,65.12158487224079,67.77823638916016,518,294,0,518
scene-0104_CAM_FRONT_d597cf64_115f9017,scene-0104,G51-A,29.875240148790063,1,625505,0.03376345274705006,0.025256485000747328,nan,65.12158487224079,67.60968780517578,518,294,0,518
scene-0104_CAM_FRONT_45266b13_bfc227cc,scene-0104,G51-A,28.39733424831082,1,623205,0.03071043754672642,0.023122913441729037,nan,65.12158487224079,67.13349151611328,518,294,0,518
scene-0104_CAM_FRONT_6252789d_9d2eedd2,scene-0104,G51-A,34.67640601644244,1,641192,0.026456820944684267,0.01659444829755777,nan,65.12158487224079,70.32471466064453,518,294,0,518
scene-0104_CAM_FRONT_620c129c_4c8a92a8,scene-0104,G51-A,34.83434713576716,1,646061,0.020711446438663295,0.0228371425445588,nan,65.12158487224079,68.07643127441406,518,294,0,518
scene-0104_CAM_FRONT_b6060b7c_d58ef648,scene-0104,G51-A,36.07426229100318,1,632968,0.030092973054475003,0.01831986326055702,nan,65.12158487224079,66.4527816772461,518,294,0,518
scene-0104_CAM_FRONT_c1522345_4207bb5a,scene-0104,G51-A,30.9845499802839,1,564055,0.02509871981066336,0.01849889685622776,nan,65.12158487224079,68.76908874511719,518,294,0,518
scene-0105_CAM_FRONT_8d56b71c_dc3e689e,scene-0105,G51-A,45.654485887096776,1,324543,0.03663164415989284,0.03653922440962528,nan,65.12158487224079,70.1231918334961,518,294,0,518
scene-0105_CAM_FRONT_f644a6fc_cef8438a,scene-0105,G51-A,34.35624851473384,1,323558,0.02562915435640889,0.026038029408655034,nan,65.12158487224079,68.3961410522461,518,294,0,518
scene-0105_CAM_FRONT_70189da8_113bdf92,scene-0105,G51-A,46.521802051957835,1,319013,0.02176108547504052,0.01937774972553995,nan,65.12158487224079,71.74922943115234,518,294,0,518
scene-0105_CAM_FRONT_43d141ef_a0d6bf47,scene-0105,G51-A,35.106467524509796,1,319318,0.02699237830637391,0.013698730024675879,nan,65.12158487224079,69.2735366821289,518,294,0,518
scene-0105_CAM_FRONT_49ea7c2d_9d2797d7,scene-0105,G51-A,29.761794883808093,1,320586,0.02195267871838036,0.01217662960114096,nan,65.12158487224079,68.41770935058594,518,294,0,518
scene-0105_CAM_FRONT_c3c95f1b_f144de57,scene-0105,G51-A,26.611837691119057,1,316047,0.023590180489352797,0.020637627039973887,nan,65.12158487224079,68.97465515136719,518,294,0,518
scene-0105_CAM_FRONT_d948e055_9c763119,scene-0105,G51-A,26.10948481425703,1,308227,0.024688027259912815,0.019030254000423866,nan,65.12158487224079,69.5051040649414,518,294,0,518
scene-0106_CAM_FRONT_04ebf635_cd6b9c46,scene-0106,G51-A,25.748179990452417,1,310579,0.04496647438606738,0.045296866412876585,nan,65.12158487224079,72.07017517089844,518,294,0,518
scene-0106_CAM_FRONT_3865cf60_a7ef3c78,scene-0106,G51-A,25.4976334194583,1,338740,0.02007901688531577,0.01582385793140784,nan,65.12158487224079,72.33584594726562,518,294,0,518
scene-0106_CAM_FRONT_01bbf47b_53f457e6,scene-0106,G51-A,28.916388452474468,1,340280,0.02590950976984141,0.01467378406715015,nan,65.12158487224079,71.68580627441406,518,294,0,518
scene-0106_CAM_FRONT_277ab77d_ec97abd9,scene-0106,G51-A,49.8423116438356,1,509138,0.043880863824031335,0.03885995799142797,nan,65.12158487224079,72.19977569580078,518,294,0,518
scene-0106_CAM_FRONT_42bcae21_16a1238a,scene-0106,G51-A,54.57834238358887,1,495155,0.04073075704640594,0.03318945861481213,nan,65.12158487224079,70.22489166259766,518,294,0,518
scene-0106_CAM_FRONT_6f601010_16333de9,scene-0106,G51-A,57.283018469746054,1,469742,0.02859841418663578,0.021514768212427024,nan,65.12158487224079,68.68479919433594,518,294,0,518
scene-0106_CAM_FRONT_a8cef1a6_77a603db,scene-0106,G51-A,67.57205051057623,1,430009,0.021510290208603067,0.012260780843819999,nan,65.12158487224079,69.18998718261719,518,294,0,518
scene-0106_CAM_FRONT_e333147a_b4ee26d8,scene-0106,G51-A,55.72744498996559,1,384123,0.018673925747618725,0.013853764968172878,nan,65.12158487224079,69.8259048461914,518,294,0,518
scene-0107_CAM_FRONT_ad890583_4d4ba963,scene-0107,G51-A,44.89196439231137,1,343030,0.025532221385420772,0.02810413810007963,nan,65.12158487224079,67.2783432006836,518,294,0,518
scene-0107_CAM_FRONT_9a8659f4_9c9f22a5,scene-0107,G51-A,57.42952345800526,1,508518,0.03562707483853167,0.028303558143966488,nan,65.12158487224079,67.04710388183594,518,294,0,518
scene-0107_CAM_FRONT_05e312ea_f06ba08d,scene-0107,G51-A,55.98861494974873,1,484517,0.017864174680220835,0.009011570241389695,nan,65.12158487224079,66.90142059326172,518,294,0,518
scene-0107_CAM_FRONT_3212edb0_95be92f4,scene-0107,G51-A,54.61847942667708,1,424997,0.03394371397872664,0.02674159337965283,nan,65.12158487224079,69.77111053466797,518,294,0,518
scene-0107_CAM_FRONT_9578a444_3fa862e6,scene-0107,G51-A,57.84891183035713,1,456719,0.04178372289186072,0.017309030388076057,nan,65.12158487224079,70.77237701416016,518,294,0,518
scene-0107_CAM_FRONT_0edf95e4_efd5303b,scene-0107,G51-A,36.42685943011463,1,501164,0.04330452950032848,0.012525099627121757,nan,65.12158487224079,69.7939453125,518,294,0,518
scene-0107_CAM_FRONT_8f0808f0_adaf88de,scene-0107,G51-A,22.247062814899234,1,623512,0.05532698635117583,0.01092488364653695,nan,65.12158487224079,68.0435562133789,518,294,0,518
scene-0107_CAM_FRONT_f1d02276_1ed7231f,scene-0107,G51-A,24.125633570935285,1,528227,0.04528595181337369,0.03210742337756455,nan,65.12158487224079,69.99079895019531,518,294,0,518
scene-0108_CAM_FRONT_339ead96_3203d9ab,scene-0108,G51-A,20.32493626082497,1,302769,0.0297864007400519,0.02847001791438007,nan,65.12158487224079,75.43579864501953,518,294,0,518
scene-0108_CAM_FRONT_ac36a852_d96d796d,scene-0108,G51-A,22.3937815143136,1,379025,0.0259841835801935,0.02067557700969522,nan,65.12158487224079,77.07266998291016,518,294,0,518
scene-0108_CAM_FRONT_b6e313eb_151d7b90,scene-0108,G51-A,27.90416175314465,1,274719,0.028303573231367007,0.052131391074438004,nan,65.12158487224079,70.0002212524414,518,294,0,518
scene-0108_CAM_FRONT_fcc71bcf_be8d80ab,scene-0108,G51-A,26.21961966604824,1,260739,0.020973201255117147,0.014363348666424846,nan,65.12158487224079,69.62181091308594,518,294,0,518
scene-0108_CAM_FRONT_22dcaf42_d504f7d2,scene-0108,G51-A,36.44249493032446,1,261761,0.025346454771728144,0.01693230548850113,nan,65.12158487224079,67.2527847290039,518,294,0,518
scene-0108_CAM_FRONT_049dbeaf_36cc659c,scene-0108,G51-A,35.44556864754099,1,299404,0.02985920620948157,0.03182478078870591,nan,65.12158487224079,69.1163101196289,518,294,0,518
scene-0108_CAM_FRONT_a42f9468_0e62201c,scene-0108,G51-A,23.813406848520025,1,333798,0.02939046788891031,0.005118829949515306,nan,65.12158487224079,71.96456909179688,518,294,0,518
scene-0109_CAM_FRONT_4d0d0697_b38d8cf8,scene-0109,G51-A,29.049873977965632,1,375486,0.036215533791324805,0.04058916675476383,nan,65.12158487224079,67.64838409423828,518,294,0,518
scene-0109_CAM_FRONT_d71c3cf6_1183d8d6,scene-0109,G51-A,27.286118107838792,1,337232,0.017029280000296465,0.007891751042596547,nan,65.12158487224079,68.41667175292969,518,294,0,518
scene-0109_CAM_FRONT_03f6a362_3ed3c3b3,scene-0109,G51-A,25.48327667039245,1,318804,0.053392743982494384,0.045907400712078966,nan,65.12158487224079,72.80714416503906,518,294,0,518
scene-0109_CAM_FRONT_58472a34_ecc7ca46,scene-0109,G51-A,27.416209003712872,1,379228,0.05614538986951634,0.04968058290982993,nan,65.12158487224079,68.89876556396484,518,294,0,518
scene-0109_CAM_FRONT_494438a3_e47ae596,scene-0109,G51-A,29.228486473880604,1,387341,0.05021275877226783,0.05404478159496364,nan,65.12158487224079,68.67206573486328,518,294,0,518
scene-0109_CAM_FRONT_3b5b12f9_2e137fee,scene-0109,G51-A,21.01595435523868,1,417726,0.02501944975880388,0.016838113976265206,nan,65.12158487224079,70.06529998779297,518,294,0,518
scene-0109_CAM_FRONT_8855fe65_f41444b8,scene-0109,G51-A,19.326077882850736,1,502884,0.039603292573300086,0.0336936345492196,nan,65.12158487224079,69.30770111083984,518,294,0,518
scene-0109_CAM_FRONT_92eb4f29_daf998de,scene-0109,G51-A,28.76699047286512,1,418163,0.027538908388938133,0.019827343397546462,nan,65.12158487224079,73.49518585205078,518,294,0,518
scene-0110_CAM_FRONT_80c91574_ae99f920,scene-0110,G51-A,27.52951348438956,1,473743,0.03584613412017923,0.03361742117276429,nan,65.12158487224079,71.2806396484375,518,294,0,518
scene-0110_CAM_FRONT_76c84559_29264103,scene-0110,G51-A,29.53323712524179,1,509971,0.031307355079411625,0.02317800227156198,nan,65.12158487224079,74.55362701416016,518,294,0,518
scene-0110_CAM_FRONT_d15bdc17_48d75ea2,scene-0110,G51-A,30.700188131893388,1,540727,0.03129178979843594,0.008599200239253152,nan,65.12158487224079,73.49636840820312,518,294,0,518
scene-0110_CAM_FRONT_f809c883_77673232,scene-0110,G51-A,29.3285704495614,1,561777,0.0382648485209125,0.02672467968414339,nan,65.12158487224079,76.15306091308594,518,294,0,518
scene-0110_CAM_FRONT_5697c1f2_9f184af2,scene-0110,G51-A,28.31910761894995,1,535772,0.04080760424915009,0.02981802528538517,nan,65.12158487224079,73.64924621582031,518,294,0,518
scene-0110_CAM_FRONT_0ebd7d84_e0a1a4a5,scene-0110,G51-A,31.674312461155992,1,435578,0.044698397456813144,0.03977326565485139,nan,65.12158487224079,71.28311157226562,518,294,0,518
scene-0110_CAM_FRONT_d9e20967_cbfdfa1a,scene-0110,G51-A,32.182668974905305,1,446900,0.036059173313445214,0.03519134291643037,nan,65.12158487224079,70.62047576904297,518,294,0,518
scene-0110_CAM_FRONT_f5402402_741bbef6,scene-0110,G51-A,28.58532785404624,1,497560,0.03535031412904277,0.023522056567152345,nan,65.12158487224079,72.22006225585938,518,294,0,518
scene-0221_CAM_FRONT_79070dca_daeec522,scene-0221,G51-A,21.133815845859708,1,503787,0.03335579314346715,0.03155172487585714,nan,64.5614792846793,69.79779815673828,518,294,0,518
scene-0221_CAM_FRONT_8e21bcb6_99ca4527,scene-0221,G51-A,18.277183303712476,1,660028,0.05421394022177073,0.044968221009302686,nan,64.5614792846793,67.30607604980469,518,294,0,518
scene-0221_CAM_FRONT_27db2832_524b696f,scene-0221,G51-A,14.9909695649093,1,654668,0.02460967644880352,0.016830508207730174,nan,64.5614792846793,67.58222961425781,518,294,0,518
scene-0221_CAM_FRONT_bb9c0abe_5dd954d0,scene-0221,G51-A,13.831702167669583,1,702807,0.03462135947899059,0.02928948214033119,nan,64.5614792846793,68.5831069946289,518,294,0,518
scene-0221_CAM_FRONT_af0f72a7_959c87c7,scene-0221,G51-A,13.968885393620948,1,572545,0.03798090932289533,0.03718902349472286,nan,64.5614792846793,66.7145004272461,518,294,0,518
scene-0221_CAM_FRONT_fa48d104_e9ae8c38,scene-0221,G51-A,16.659706651718988,1,470980,0.04665978855018382,0.04422474399231374,nan,64.5614792846793,66.61872100830078,518,294,0,518
scene-0221_CAM_FRONT_2d65df53_1244ad3a,scene-0221,G51-A,14.971223043520688,1,444058,0.033846582651838375,0.026778548136556286,nan,64.5614792846793,71.47296905517578,518,294,0,518
scene-0268_CAM_FRONT_30e55a3e_01a7d01c,scene-0268,G51-A,37.605418988853515,1,347124,0.027854017527652708,0.022663833647886947,nan,64.5614792846793,69.10821533203125,518,294,0,518
scene-0268_CAM_FRONT_a2fada92_3bf56ebb,scene-0268,G51-A,32.50535036606662,1,370795,0.04070774382107478,0.039042441357859364,nan,64.5614792846793,65.7012939453125,518,294,0,518
scene-0268_CAM_FRONT_296fcfbf_dc2b67cd,scene-0268,G51-A,39.589588803450866,1,403926,0.04302808415149251,0.028757887667687658,nan,64.5614792846793,67.22370147705078,518,294,0,518
scene-0268_CAM_FRONT_e1dffaba_3c18f85f,scene-0268,G51-A,33.92249138545627,1,370828,0.03570005877719806,0.03313562458791799,nan,64.5614792846793,65.27056884765625,518,294,0,518
scene-0268_CAM_FRONT_08d95280_4094ae46,scene-0268,G51-A,29.464449561716073,1,327154,0.033084808995692105,0.020093025284089672,nan,64.5614792846793,66.49783325195312,518,294,0,518
scene-0268_CAM_FRONT_df25b3ec_755ef1d0,scene-0268,G51-A,28.84167668269231,1,325193,0.029919772539878764,0.018940289719292992,nan,64.5614792846793,65.78961944580078,518,294,0,518
scene-0268_CAM_FRONT_4f9ad42b_adcff599,scene-0268,G51-A,24.144357510192737,1,291495,0.026962751561470544,0.011223774163500623,nan,64.5614792846793,66.06214141845703,518,294,0,518
scene-0269_CAM_FRONT_adce54dc_18f10858,scene-0269,G51-A,19.37126218463303,1,502718,0.053015946680492476,0.03698240456633805,nan,64.5614792846793,66.7533950805664,518,294,0,518
scene-0269_CAM_FRONT_2d72c60d_14d8b492,scene-0269,G51-A,19.986078247389038,1,549791,0.028757948863540772,0.025110341724755784,nan,64.5614792846793,66.24935150146484,518,294,0,518
scene-0269_CAM_FRONT_5973a055_0c97832d,scene-0269,G51-A,22.034572124821544,1,567160,0.041928342524227835,0.027842190557251536,nan,64.5614792846793,66.2989730834961,518,294,0,518
scene-0269_CAM_FRONT_ca37a1ae_a4be46a1,scene-0269,G51-A,27.083634326993412,1,510002,0.04628846486233651,0.029337420501134668,nan,64.5614792846793,65.43807220458984,518,294,0,518
scene-0269_CAM_FRONT_d02a787e_6e90bc36,scene-0269,G51-A,26.165937583244542,1,541799,0.05306357801817141,0.04070407141298204,nan,64.5614792846793,65.81880950927734,518,294,0,518
scene-0269_CAM_FRONT_5512cfa9_21e50bd8,scene-0269,G51-A,24.680196412852116,1,589266,0.07242118022474564,0.08080147399615657,nan,64.5614792846793,66.49340057373047,518,294,0,518
scene-0269_CAM_FRONT_459ac79b_44a799dc,scene-0269,G51-A,24.23942529176904,1,520461,0.0431464217661266,0.02496604797607514,nan,64.5614792846793,67.00619506835938,518,294,0,518
scene-0269_CAM_FRONT_addc85df_8cf0dfa0,scene-0269,G51-A,24.251846545843907,1,515904,0.04140871044855854,0.02713610502775151,nan,64.5614792846793,68.83067321777344,518,294,0,518
scene-0270_CAM_FRONT_51f37263_af4baa28,scene-0270,G51-A,23.09917195638021,1,560471,0.04534971366064067,0.027310503212878867,nan,64.5614792846793,66.30164337158203,518,294,0,518
scene-0270_CAM_FRONT_8d74da14_6a02dd6b,scene-0270,G51-A,19.79074302848924,1,490883,0.03611105108003221,0.024690079222332052,nan,64.5614792846793,68.89110565185547,518,294,0,518
scene-0270_CAM_FRONT_d492d47f_2f207084,scene-0270,G51-A,20.949173948661933,1,409637,0.04538118991122797,0.03784911883762883,nan,64.5614792846793,68.65079498291016,518,294,0,518
scene-0270_CAM_FRONT_71a74ae0_91bb8353,scene-0270,G51-A,22.566200770547947,1,320700,0.029921277693201187,0.024905431538790133,nan,64.5614792846793,72.12398529052734,518,294,0,518
scene-0270_CAM_FRONT_adebba60_12a72195,scene-0270,G51-A,18.04109230658199,1,292564,0.022158554517885065,0.02116840628077014,nan,64.5614792846793,70.61627197265625,518,294,0,518
scene-0270_CAM_FRONT_12a0035c_b70d3599,scene-0270,G51-A,18.07390170966934,1,301761,0.024681677352125675,0.025815794705384372,nan,64.5614792846793,69.71231079101562,518,294,0,518
scene-0270_CAM_FRONT_c1348c56_5bbe677b,scene-0270,G51-A,18.55679229624542,1,279151,0.031691478373572224,0.031054427355935162,nan,64.5614792846793,71.36426544189453,518,294,0,518
scene-0270_CAM_FRONT_8b2da12c_6de2f8b9,scene-0270,G51-A,17.223646610086345,1,295749,0.011991126603863922,0.006180622020369403,nan,64.5614792846793,71.55132293701172,518,294,0,518
scene-0271_CAM_FRONT_c28c950a_08dfcb4b,scene-0271,G51-A,11.976425496282264,1,527991,0.028495637696207776,0.01059380346347436,nan,64.5614792846793,68.91513061523438,518,294,0,518
scene-0271_CAM_FRONT_b8c2c0c9_9f5b95a0,scene-0271,G51-A,18.025300082781456,1,494056,0.05709719699975446,0.03385330204132932,nan,64.5614792846793,67.79850006103516,518,294,0,518
scene-0271_CAM_FRONT_cbbd3332_b0361d86,scene-0271,G51-A,19.321710883246528,1,533294,0.036470905466599035,0.0259362937149125,nan,64.5614792846793,71.48731994628906,518,294,0,518
scene-0271_CAM_FRONT_a0069939_c5910605,scene-0271,G51-A,17.494622235741122,1,531664,0.0307475627811713,0.026172945690825962,nan,64.5614792846793,72.05269622802734,518,294,0,518
scene-0271_CAM_FRONT_618875a2_309dffee,scene-0271,G51-A,14.955009034863949,1,514379,0.037101882212138726,0.023081823977620895,nan,64.5614792846793,72.66182708740234,518,294,0,518
scene-0271_CAM_FRONT_8e86bdba_84d3fc36,scene-0271,G51-A,12.701782882462687,1,506186,0.027356410309740564,0.01719188147478729,nan,64.5614792846793,72.30696105957031,518,294,0,518
scene-0271_CAM_FRONT_8c9d04f0_4a4e46db,scene-0271,G51-A,10.791249497464124,1,371061,0.03442886964254832,0.008550820553969607,nan,64.5614792846793,70.18441009521484,518,294,0,518
scene-0272_CAM_FRONT_e261f474_e7683144,scene-0272,G51-A,10.675314081803359,1,388039,0.03406182277569769,0.016057050968102896,nan,64.5614792846793,71.24429321289062,518,294,0,518
scene-0272_CAM_FRONT_a4fa9d49_77d239a5,scene-0272,G51-A,10.911064489084694,1,371981,0.03752199309189885,0.03127354137235919,nan,64.5614792846793,69.87702941894531,518,294,0,518
scene-0272_CAM_FRONT_fdb723ef_a77fe48a,scene-0272,G51-A,16.001745832615438,1,441593,0.03983223871285846,0.03345102721864417,nan,64.5614792846793,68.38482666015625,518,294,0,518
scene-0272_CAM_FRONT_160faaad_9a9f3586,scene-0272,G51-A,19.738275331439393,1,508569,0.03979674542348688,0.01556894046517443,nan,64.5614792846793,70.17778778076172,518,294,0,518
scene-0272_CAM_FRONT_deafcf11_fb2a7007,scene-0272,G51-A,16.78055321520969,1,493725,0.03542730755874368,0.024442139772164008,nan,64.5614792846793,71.53005981445312,518,294,0,518
scene-0272_CAM_FRONT_f05e9433_5f52fc66,scene-0272,G51-A,21.975393718184385,1,474978,0.027546752817511067,0.0200635544735755,nan,64.5614792846793,70.95409393310547,518,294,0,518
scene-0272_CAM_FRONT_03e1fa4e_f1d9fc82,scene-0272,G51-A,19.81588796749777,1,441536,0.06745347995096695,0.06623615669703163,nan,64.5614792846793,69.30420684814453,518,294,0,518
scene-0273_CAM_FRONT_1d477a7c_8ae5eb1e,scene-0273,G51-A,21.280534605494232,1,538942,0.04599578088278822,0.027303349383497107,nan,64.5614792846793,73.07595825195312,518,294,0,518
scene-0273_CAM_FRONT_5eb775d7_11d08474,scene-0273,G51-A,22.84178570009536,1,590887,0.04832953185220212,0.03261796923978836,nan,64.5614792846793,70.48309326171875,518,294,0,518
scene-0273_CAM_FRONT_1c9469a9_e42c4028,scene-0273,G51-A,22.21653623266898,1,588522,0.052737870934782105,0.032899226941990885,nan,64.5614792846793,69.07453918457031,518,294,0,518
scene-0273_CAM_FRONT_e1e84a1a_b87c4fce,scene-0273,G51-A,19.19024946351931,1,616863,0.035977839018497715,0.04126519404724687,nan,64.5614792846793,68.21424102783203,518,294,0,518
scene-0273_CAM_FRONT_49ceba17_ac2d1e89,scene-0273,G51-A,21.360199145271988,1,619653,0.04873085893261919,0.01538174772935306,nan,64.5614792846793,68.00062561035156,518,294,0,518
scene-0273_CAM_FRONT_0791e7e8_8d5c8d68,scene-0273,G51-A,24.471918468489786,1,608779,0.046906106894360367,0.034089007256995776,nan,64.5614792846793,66.51113891601562,518,294,0,518
scene-0273_CAM_FRONT_e0668ad6_2bdf0127,scene-0273,G51-A,23.059754614736523,1,558434,0.04757917968149039,0.03297962670101864,nan,64.5614792846793,67.55419921875,518,294,0,518
scene-0274_CAM_FRONT_040a956b_6d32f67b,scene-0274,G51-A,19.87494322311046,1,572551,0.04798599280856175,0.03459099615694893,nan,64.5614792846793,65.64254760742188,518,294,0,518
scene-0274_CAM_FRONT_d6f9027a_34cf97ab,scene-0274,G51-A,21.647056502525242,1,485441,0.04038988321600723,0.0211820140211461,nan,64.5614792846793,62.445465087890625,518,294,0,518
scene-0274_CAM_FRONT_9bd318b5_728f711f,scene-0274,G51-A,26.445234753227545,1,511318,0.05563136279464187,0.03661048474492486,nan,64.5614792846793,66.947998046875,518,294,0,518
scene-0274_CAM_FRONT_4ea42d9d_144689dc,scene-0274,G51-A,22.107847045068024,1,591636,0.03657161799525621,0.02014714063945922,nan,64.5614792846793,70.256591796875,518,294,0,518
scene-0274_CAM_FRONT_d813d750_8491dd8f,scene-0274,G51-A,19.923574255811193,1,508071,0.03666134323016168,0.029013775587822324,nan,64.5614792846793,67.5382308959961,518,294,0,518
scene-0274_CAM_FRONT_d90f206c_864f2bd6,scene-0274,G51-A,26.141537873641308,1,607116,0.05138182361091359,0.06453509228627444,nan,64.5614792846793,63.432735443115234,518,294,0,518
scene-0274_CAM_FRONT_1734a670_783bf5ef,scene-0274,G51-A,20.388878351036926,1,602450,0.033819813480735705,0.021283306127869106,nan,64.5614792846793,64.617431640625,518,294,0,518
scene-0274_CAM_FRONT_f5a8490b_a6f13e65,scene-0274,G51-A,28.924517037942884,1,444731,0.031100320444180873,0.03312095856136906,nan,64.5614792846793,65.53315734863281,518,294,0,518
scene-0275_CAM_FRONT_8fb167b9_ad7080dc,scene-0275,G51-A,25.276275347766468,1,458295,0.026818398078608308,0.02420553716873045,nan,64.5614792846793,66.61454010009766,518,294,0,518
scene-0275_CAM_FRONT_96af1a7d_4ffdd341,scene-0275,G51-A,20.390438651117154,1,454088,0.04427669109148846,0.038645745295962076,nan,64.5614792846793,62.84039306640625,518,294,0,518
scene-0275_CAM_FRONT_ffec010a_4523fb98,scene-0275,G51-A,19.29198684135493,1,367490,0.02697338830587226,0.040712349447927336,nan,64.5614792846793,64.30915832519531,518,294,0,518
scene-0275_CAM_FRONT_6e75580f_cf4d6609,scene-0275,G51-A,18.10649780273437,1,317086,0.025029709949527357,0.021746755866117132,nan,64.5614792846793,65.30743408203125,518,294,0,518
scene-0275_CAM_FRONT_5bea7ebf_33c965ec,scene-0275,G51-A,20.58354489333723,1,288627,0.02082526993002709,0.015638395907275244,nan,64.5614792846793,63.87690353393555,518,294,0,518
scene-0275_CAM_FRONT_54847140_1aaff367,scene-0275,G51-A,18.099375144142073,1,296162,0.01865021128319455,0.02070812764351257,nan,64.5614792846793,63.295597076416016,518,294,0,518
scene-0275_CAM_FRONT_28d072da_e32db3f8,scene-0275,G51-A,16.959889481707318,1,290828,0.01994768132046043,0.016696737961765955,nan,64.5614792846793,62.89714050292969,518,294,0,518
scene-0275_CAM_FRONT_38f030fc_91d55da9,scene-0275,G51-A,17.09279368520734,1,296809,0.016526929291681647,0.009519845965623415,nan,64.5614792846793,63.12834930419922,518,294,0,518
scene-0276_CAM_FRONT_3502d36d_f38ef511,scene-0276,G51-A,18.011974472248575,1,280228,0.019231067755128173,0.017634088179498967,nan,64.5614792846793,62.93592834472656,518,294,0,518
scene-0276_CAM_FRONT_291e7331_333b8e10,scene-0276,G51-A,21.104553103679336,1,341112,0.026765206899167504,0.024761469478712644,nan,64.5614792846793,66.17648315429688,518,294,0,518
scene-0276_CAM_FRONT_5099c824_c62b6ac8,scene-0276,G51-A,24.599624471618363,1,433171,0.03351998219829033,0.021731829543087625,nan,64.5614792846793,66.798095703125,518,294,0,518
scene-0276_CAM_FRONT_19eea651_4070ae6b,scene-0276,G51-A,26.07280381944445,1,439035,0.026415185650161987,0.012652015415560266,nan,64.5614792846793,67.95189666748047,518,294,0,518
scene-0276_CAM_FRONT_9075f9ff_6c662b12,scene-0276,G51-A,24.480448136543536,1,518233,0.0402043102481322,0.020315761285094137,nan,64.5614792846793,67.65676879882812,518,294,0,518
scene-0276_CAM_FRONT_7ff6ab92_afb43016,scene-0276,G51-A,24.702447404791158,1,541017,0.041605258005985135,0.009576433781816402,nan,64.5614792846793,67.93528747558594,518,294,0,518
scene-0276_CAM_FRONT_46a4a199_28285c36,scene-0276,G51-A,19.90409030388472,1,458938,0.031230363578616194,0.019512562291922553,nan,64.5614792846793,68.3942642211914,518,294,0,518
scene-0276_CAM_FRONT_ff6114d5_fef6223e,scene-0276,G51-A,25.737990504597192,1,463577,0.06975672635273655,0.07579608983956292,nan,64.5614792846793,68.57279968261719,518,294,0,518
scene-0277_CAM_FRONT_7e2fd590_e3dbf6e9,scene-0277,G51-A,26.327994931525247,1,493312,0.049291666181090266,0.029623821586164244,nan,64.5614792846793,68.11460876464844,518,294,0,518
scene-0277_CAM_FRONT_2dc6dfa0_6382c18e,scene-0277,G51-A,27.77458248125427,1,547300,0.03677269894939594,0.015044896321205758,nan,64.5614792846793,69.50201416015625,518,294,0,518
scene-0277_CAM_FRONT_a593f1a2_2a07391a,scene-0277,G51-A,24.057723281116342,1,477224,0.03021567401894676,0.013127014144956643,nan,64.5614792846793,68.60845947265625,518,294,0,518
scene-0277_CAM_FRONT_21146650_fae2bb46,scene-0277,G51-A,20.921086484545956,1,441617,0.020003329877016807,0.011535688278104327,nan,64.5614792846793,71.04682159423828,518,294,0,518
scene-0277_CAM_FRONT_d5cb5a4a_13af3da0,scene-0277,G51-A,23.52323383580269,1,484814,0.04395417357727238,0.03541565181117601,nan,64.5614792846793,69.44572448730469,518,294,0,518
scene-0277_CAM_FRONT_aae0304d_f1cfa142,scene-0277,G51-A,23.072153978475654,1,514084,0.037415217935196754,0.01596283887255619,nan,64.5614792846793,68.27275848388672,518,294,0,518
scene-0277_CAM_FRONT_37c8d31c_47972c33,scene-0277,G51-A,21.859233566810342,1,510578,0.0513145477093071,0.04233929899975163,nan,64.5614792846793,70.3041000366211,518,294,0,518
scene-0277_CAM_FRONT_a5d38151_49409214,scene-0277,G51-A,25.888226808875892,1,489362,0.04115665211840169,0.026139797721061845,nan,64.5614792846793,67.40621185302734,518,294,0,518
scene-0278_CAM_FRONT_f4b5b6fc_b462e734,scene-0278,G51-A,27.49500272755612,1,498446,0.04882672038804481,0.028931666556041825,nan,64.5614792846793,68.2734375,518,294,0,518
scene-0278_CAM_FRONT_c75fae3b_943884d0,scene-0278,G51-A,19.096501164040117,1,446939,0.035730378389798645,0.025158138887462222,nan,64.5614792846793,69.14936065673828,518,294,0,518
scene-0278_CAM_FRONT_c1255d99_29b8d47b,scene-0278,G51-A,15.953972311580877,1,368487,0.02766249580735458,0.007770068298217317,nan,64.5614792846793,71.16068267822266,518,294,0,518
scene-0278_CAM_FRONT_4c687bbe_2e24381c,scene-0278,G51-A,19.432608744596546,1,387251,0.025765002420404137,0.008914839730532571,nan,64.5614792846793,71.17962646484375,518,294,0,518
scene-0278_CAM_FRONT_2996dec1_42b6df35,scene-0278,G51-A,24.43119811194429,1,394264,0.03728649932206474,0.03442839983053042,nan,64.5614792846793,69.40565490722656,518,294,0,518
scene-0278_CAM_FRONT_fa5cd3e2_8cfc29cd,scene-0278,G51-A,24.464556173312882,1,521970,0.04496686810716688,0.0252888313171607,nan,64.5614792846793,65.16983795166016,518,294,0,518
scene-0278_CAM_FRONT_ef1a273c_6e727bcf,scene-0278,G51-A,25.36942092766692,1,566373,0.0503478578900185,0.01907782890509381,nan,64.5614792846793,66.49120330810547,518,294,0,518
scene-0278_CAM_FRONT_096d7f57_6664e576,scene-0278,G51-A,23.40244645743535,1,620444,0.10369293596376572,0.016737591604457158,nan,64.5614792846793,68.14954376220703,518,294,0,518
scene-0329_CAM_FRONT_269601cc_7d47b230,scene-0329,G51-A,22.36091228903932,1,436271,0.03580744447326234,0.02686432713989449,nan,65.12158487224079,65.25341033935547,518,294,0,518
scene-0329_CAM_FRONT_0d03e6ff_deb3daf1,scene-0329,G51-A,16.70823613206798,1,369321,0.02893428788255692,0.01638894688388491,nan,65.12158487224079,65.40371704101562,518,294,0,518
scene-0329_CAM_FRONT_3a58d50a_a11122da,scene-0329,G51-A,11.576958010588404,1,288801,0.029509600885325504,0.03879740836816776,nan,65.12158487224079,63.543556213378906,518,294,0,518
scene-0329_CAM_FRONT_63e40c4a_1463c5e3,scene-0329,G51-A,18.179377536068532,1,365504,0.018299896013603822,0.011488629325207321,nan,65.12158487224079,67.8492431640625,518,294,0,518
scene-0329_CAM_FRONT_9f7efc90_305eabe9,scene-0329,G51-A,20.844825071981738,1,323830,0.02672219304401091,0.017717579927230703,nan,65.12158487224079,74.60726165771484,518,294,0,518
scene-0329_CAM_FRONT_2a881484_d2695a82,scene-0329,G51-A,18.45653130969436,1,374121,0.03163594493705624,0.03883001764463731,nan,65.12158487224079,74.14425659179688,518,294,0,518
scene-0329_CAM_FRONT_b7efe50e_84c4e982,scene-0329,G51-A,24.52222014126712,1,381450,0.04999795787041372,0.04714343848099208,nan,65.12158487224079,68.97882843017578,518,294,0,518
scene-0330_CAM_FRONT_b98e65c9_7531f8e5,scene-0330,G51-A,20.55140694697892,1,452379,0.03206422167179834,0.018796619554252172,nan,65.12158487224079,70.41618347167969,518,294,0,518
scene-0330_CAM_FRONT_0de7fa32_bad735b9,scene-0330,G51-A,25.07855267721999,1,421872,0.031563266479980534,0.03724323548070465,nan,65.12158487224079,67.80360412597656,518,294,0,518
scene-0330_CAM_FRONT_c4a291f3_91b4d539,scene-0330,G51-A,28.769605034722222,1,396172,0.021262906366023238,0.017368487112193486,nan,65.12158487224079,68.2790756225586,518,294,0,518
scene-0330_CAM_FRONT_141a69c7_fa9853c0,scene-0330,G51-A,25.086271072585397,1,456619,0.032214011252304164,0.027916592915042324,nan,65.12158487224079,70.20001220703125,518,294,0,518
scene-0330_CAM_FRONT_81ddc3fd_e54e8d4a,scene-0330,G51-A,22.818779887677934,1,394373,0.04008661006162795,0.015385225196896222,nan,65.12158487224079,70.07698822021484,518,294,0,518
scene-0330_CAM_FRONT_3b195d69_d5f7ce1b,scene-0330,G51-A,23.60886443205394,1,321181,0.030424818785922625,0.007455375156368477,nan,65.12158487224079,69.75006866455078,518,294,0,518
scene-0330_CAM_FRONT_37254007_a3a83aab,scene-0330,G51-A,23.75330724090319,1,306517,0.03517965989980176,0.016479465394332184,nan,65.12158487224079,70.72468566894531,518,294,0,518
scene-0331_CAM_FRONT_09361337_72505908,scene-0331,G51-A,16.999271005367458,1,349218,0.0397768714014457,0.06942817611067056,nan,65.12158487224079,65.8438720703125,518,294,0,518
scene-0331_CAM_FRONT_6c9ad4d2_52801254,scene-0331,G51-A,17.286452214520676,1,318273,0.044521030359551794,0.06515619415326741,nan,65.12158487224079,68.11087036132812,518,294,0,518
scene-0331_CAM_FRONT_c0ab1238_6eff2305,scene-0331,G51-A,23.372245236506526,1,344903,0.03134738993361541,0.024801898453826625,nan,65.12158487224079,70.266845703125,518,294,0,518
scene-0331_CAM_FRONT_1d374f78_ddbf483c,scene-0331,G51-A,23.087987972211234,1,380556,0.03304900109327025,0.024156088990882413,nan,65.12158487224079,72.48115539550781,518,294,0,518
scene-0331_CAM_FRONT_c7626771_58976dcd,scene-0331,G51-A,17.549172794117645,1,437696,0.05041097595886246,0.048220189065346405,nan,65.12158487224079,71.97783660888672,518,294,0,518
scene-0331_CAM_FRONT_f2758f85_9489e07f,scene-0331,G51-A,23.793822461353944,1,315146,0.044211251694640685,0.040173860740349086,nan,65.12158487224079,71.84587097167969,518,294,0,518
scene-0331_CAM_FRONT_2629f4e9_f7b89f7f,scene-0331,G51-A,31.349980124755376,1,332318,0.03778254880496679,0.041620888359684194,nan,65.12158487224079,76.29829406738281,518,294,0,518
scene-0332_CAM_FRONT_097c7295_8398a7b0,scene-0332,G51-A,18.884604008923745,1,346842,0.017105596709225512,0.011334727122266923,nan,65.12158487224079,70.0643539428711,518,294,0,518
scene-0332_CAM_FRONT_d11353f2_e301e136,scene-0332,G51-A,19.74119438559322,1,351515,0.01819369017888839,0.015868146212651695,nan,65.12158487224079,69.32598876953125,518,294,0,518
scene-0332_CAM_FRONT_fc992f09_ea5943fa,scene-0332,G51-A,22.87549356949459,1,351037,0.019995447885092332,0.013880838408086241,nan,65.12158487224079,69.39404296875,518,294,0,518
scene-0332_CAM_FRONT_ad8a760f_ae16009c,scene-0332,G51-A,27.554129792156292,1,384299,0.025725110055851097,0.017741020484185174,nan,65.12158487224079,68.56639099121094,518,294,0,518
scene-0332_CAM_FRONT_e0760028_8fa01e4b,scene-0332,G51-A,28.870242549892122,1,441051,0.03631204335176319,0.01993625272420071,nan,65.12158487224079,67.57855987548828,518,294,0,518
scene-0332_CAM_FRONT_5efe5833_26f23947,scene-0332,G51-A,29.297982510653405,1,476767,0.02504189352976205,0.015546976446889151,nan,65.12158487224079,67.58074951171875,518,294,0,518
scene-0332_CAM_FRONT_2152a131_4f77a18f,scene-0332,G51-A,31.55699334568733,1,486052,0.0377886938794163,0.03196370823537466,nan,65.12158487224079,66.66913604736328,518,294,0,518
scene-0332_CAM_FRONT_6fd0afc6_7876ea81,scene-0332,G51-A,31.0344100140056,1,444759,0.03393387299434325,0.025361977597464707,nan,65.12158487224079,68.34723663330078,518,294,0,518
scene-0344_CAM_FRONT_418cbb70_66acf00f,scene-0344,G51-A,23.66788907843431,1,267325,0.014481907475627498,0.015394665162908551,nan,64.5614792846793,72.04338836669922,518,294,0,518
scene-0344_CAM_FRONT_a893b19c_b416110f,scene-0344,G51-A,27.07027193417838,1,273205,0.015246467058921187,0.014829168910057963,nan,64.5614792846793,72.34456634521484,518,294,0,518
scene-0344_CAM_FRONT_88918bab_78045715,scene-0344,G51-A,27.526916980211816,1,274558,0.01489210572638533,0.005795453098874272,nan,64.5614792846793,72.25061798095703,518,294,0,518
scene-0344_CAM_FRONT_60321e79_76919271,scene-0344,G51-A,25.95582932692308,1,271417,0.017310939395632108,0.009638818688937414,nan,64.5614792846793,71.11280822753906,518,294,0,518
scene-0344_CAM_FRONT_a1914259_4e39dbe3,scene-0344,G51-A,26.14529332520453,1,273428,0.015756340864746088,0.004264486429571942,nan,64.5614792846793,71.1314468383789,518,294,0,518
scene-0344_CAM_FRONT_18e40c60_62fda3b4,scene-0344,G51-A,25.820099233983292,1,273793,0.016947520774909464,0.006993480288220998,nan,64.5614792846793,71.0588607788086,518,294,0,518
scene-0344_CAM_FRONT_a684d7f8_1e0daf97,scene-0344,G51-A,26.09821887860082,1,273591,0.018374570135203605,0.008847697607872481,nan,64.5614792846793,71.54065704345703,518,294,0,518
scene-0344_CAM_FRONT_fe3e9f5a_72faff2c,scene-0344,G51-A,24.388980100118946,1,275410,0.022987528871261986,0.018780509803777476,nan,64.5614792846793,70.15834045410156,518,294,0,518
scene-0345_CAM_FRONT_c525629d_14ab15e6,scene-0345,G51-A,26.854568237493556,1,273503,0.017593550504512834,0.007263980023729178,nan,64.5614792846793,71.25508880615234,518,294,0,518
scene-0345_CAM_FRONT_686d05b4_c81a1a2b,scene-0345,G51-A,27.543239621350367,1,272618,0.016228354889335828,0.01333041403802187,nan,64.5614792846793,70.65032958984375,518,294,0,518
scene-0345_CAM_FRONT_f2b4bd49_ece036de,scene-0345,G51-A,28.535491581050227,1,326817,0.03522101608375072,0.020743787841119413,nan,64.5614792846793,66.48468017578125,518,294,0,518
scene-0345_CAM_FRONT_a29623dd_ad830c77,scene-0345,G51-A,27.251912522401437,1,556109,0.06172131786182744,0.045990894299282735,nan,64.5614792846793,65.12954711914062,518,294,0,518
scene-0345_CAM_FRONT_7a80523f_1e4c2634,scene-0345,G51-A,19.544557473299914,1,573186,0.04112927560837254,0.048990726607305884,nan,64.5614792846793,68.81951141357422,518,294,0,518
scene-0345_CAM_FRONT_6f86c824_dbdccd9c,scene-0345,G51-A,22.672720320767198,1,494475,0.022533671143639022,0.014129374543240763,nan,64.5614792846793,70.14852142333984,518,294,0,518
scene-0345_CAM_FRONT_c9efa9b7_39c9dbd0,scene-0345,G51-A,24.747478059992567,1,631329,0.03863310149812538,0.027315089339189746,nan,64.5614792846793,69.25689697265625,518,294,0,518
scene-0346_CAM_FRONT_c35efe5e_3f065eea,scene-0346,G51-A,17.187409260757807,1,303147,0.009415310348738881,0.005817911485980254,nan,64.5614792846793,67.59074401855469,518,294,0,518
scene-0346_CAM_FRONT_89bc1e54_86b84392,scene-0346,G51-A,17.614835258152166,1,301983,0.012942100600574769,0.005374802132176795,nan,64.5614792846793,67.49320220947266,518,294,0,518
scene-0346_CAM_FRONT_bcba1b4a_d28733ec,scene-0346,G51-A,17.894701086956527,1,300399,0.013937504794947042,0.004236420555374408,nan,64.5614792846793,67.60676574707031,518,294,0,518
scene-0346_CAM_FRONT_6c6c2124_eb0fe3d4,scene-0346,G51-A,18.16197448291367,1,298181,0.017986745459256603,0.008962988275968385,nan,64.5614792846793,66.88058471679688,518,294,0,518
scene-0346_CAM_FRONT_b7846996_02e898c7,scene-0346,G51-A,22.920236398507875,1,333639,0.04911348820546779,0.02943188664618031,nan,64.5614792846793,67.99945068359375,518,294,0,518
scene-0346_CAM_FRONT_d4cc2c00_64d019bf,scene-0346,G51-A,20.631974848105784,1,415363,0.04004029850721391,0.02293989514977755,nan,64.5614792846793,72.99845886230469,518,294,0,518
scene-0346_CAM_FRONT_a4a9d612_5e63770f,scene-0346,G51-A,20.440385662141395,1,388500,0.027697549359751772,0.024775246148828402,nan,64.5614792846793,72.49427032470703,518,294,0,518
scene-0346_CAM_FRONT_e6c01889_06ff524a,scene-0346,G51-A,21.084444229778466,1,422549,0.060486087745118766,0.05225840289053332,nan,64.5614792846793,74.39723205566406,518,294,0,518
scene-0519_CAM_FRONT_4e26b427_72322fb3,scene-0519,G51-A,53.759046874999996,1,453253,0.0375733019740192,0.02274973191242022,nan,65.12158487224079,66.79673767089844,518,294,0,518
scene-0519_CAM_FRONT_2dece2e8_af034ddd,scene-0519,G51-A,47.0367886243052,1,426546,0.04519804838814112,0.04155528583271824,nan,65.12158487224079,68.06891632080078,518,294,0,518
scene-0519_CAM_FRONT_006cbdb2_8f1dfb1a,scene-0519,G51-A,48.04673954133065,1,463679,0.03907376745355018,0.020340918163333575,nan,65.12158487224079,67.48896789550781,518,294,0,518
scene-0519_CAM_FRONT_19714a36_78858e71,scene-0519,G51-A,38.610262133699635,1,464854,0.04498751573114923,0.008795961261908345,nan,65.12158487224079,67.4531021118164,518,294,0,518
scene-0519_CAM_FRONT_996f330c_a4747e22,scene-0519,G51-A,41.01607093217199,1,496614,0.04811709568063627,0.01465989877757068,nan,65.12158487224079,64.87942504882812,518,294,0,518
scene-0519_CAM_FRONT_df174fd9_60808987,scene-0519,G51-A,36.1487018588602,1,579134,0.09649098199101358,0.014829454676337936,nan,65.12158487224079,67.09140014648438,518,294,0,518
scene-0519_CAM_FRONT_e863d03f_4b593e6d,scene-0519,G51-A,32.531678351358146,1,464209,0.04980805498822427,0.04616927548566261,nan,65.12158487224079,65.99799346923828,518,294,0,518
scene-0519_CAM_FRONT_210ba6d0_423dadf0,scene-0519,G51-A,26.98952770635548,1,452485,0.04033890163916265,0.03454500631251483,nan,65.12158487224079,67.6624984741211,518,294,0,518
scene-0520_CAM_FRONT_6123a0c0_cd6b4f5e,scene-0520,G51-A,33.43502987132352,1,346081,0.03413422100667507,0.03649511367896045,nan,65.12158487224079,68.57009887695312,518,294,0,518
scene-0520_CAM_FRONT_f9f8b1d1_d6171d9f,scene-0520,G51-A,29.53803800805215,1,408757,0.029629112108831457,0.016905769136497377,nan,65.12158487224079,68.90711212158203,518,294,0,518
scene-0520_CAM_FRONT_0017c262_1183fca1,scene-0520,G51-A,26.973796959721152,1,356399,0.03688759413957188,0.02768295486273401,nan,65.12158487224079,67.83486938476562,518,294,0,518
scene-0520_CAM_FRONT_8acdc76a_38c95aed,scene-0520,G51-A,28.857699283525594,1,351140,0.045279504112403,0.027815975409049804,nan,65.12158487224079,70.78854370117188,518,294,0,518
scene-0520_CAM_FRONT_fc7f3434_d0e49a3a,scene-0520,G51-A,30.442791986731848,1,366115,0.05251010674829004,0.032327792662386175,nan,65.12158487224079,69.84944152832031,518,294,0,518
scene-0520_CAM_FRONT_117674c0_fa7e79db,scene-0520,G51-A,29.685098864368552,1,401521,0.03612116003362065,0.023294201795455754,nan,65.12158487224079,70.3674087524414,518,294,0,518
scene-0520_CAM_FRONT_c0e2f275_4ea6733a,scene-0520,G51-A,31.261363636363626,1,381026,0.030871650680577067,0.02347509612930589,nan,65.12158487224079,71.02582550048828,518,294,0,518
scene-0520_CAM_FRONT_f70ce693_a518b89c,scene-0520,G51-A,35.773530038585776,1,370292,0.03437473814062253,0.033970927430964554,nan,65.12158487224079,69.9112548828125,518,294,0,518
scene-0521_CAM_FRONT_107dd321_516d7cdd,scene-0521,G51-A,34.752662728390725,1,429857,0.0497341704533798,0.05068074477085293,nan,65.12158487224079,68.79120635986328,518,294,0,518
scene-0521_CAM_FRONT_b5c4e946_78418f83,scene-0521,G51-A,34.639215128311264,1,523766,0.044311191905157976,0.026891087505697374,nan,65.12158487224079,70.42134094238281,518,294,0,518
scene-0521_CAM_FRONT_51499cd8_ee3ddd9e,scene-0521,G51-A,30.897814611486485,1,576426,0.030401497560140545,0.018395979972443296,nan,65.12158487224079,68.81139373779297,518,294,0,518
scene-0521_CAM_FRONT_a28e0c7c_67d06eba,scene-0521,G51-A,27.345544181034484,1,544072,0.03512444043584373,0.02335962448787023,nan,65.12158487224079,68.8335952758789,518,294,0,518
scene-0521_CAM_FRONT_b767ec16_8506f53d,scene-0521,G51-A,28.866521468574984,1,529938,0.052472108143395646,0.05298461651462965,nan,65.12158487224079,67.44813537597656,518,294,0,518
scene-0521_CAM_FRONT_1adbe193_9274d056,scene-0521,G51-A,27.67555457571543,1,448281,0.034048149412337914,0.010362966211001625,nan,65.12158487224079,68.27082824707031,518,294,0,518
scene-0521_CAM_FRONT_89ae74d5_ae684293,scene-0521,G51-A,23.2141041931385,1,385058,0.0326083737660523,0.01727999325617809,nan,65.12158487224079,68.91814422607422,518,294,0,518
scene-0521_CAM_FRONT_bf409a3e_fb379ed5,scene-0521,G51-A,22.35459035444509,1,409946,0.03763649108599432,0.02986216506658037,nan,65.12158487224079,67.91146850585938,518,294,0,518
scene-0522_CAM_FRONT_5ec2ee2d_d7af7925,scene-0522,G51-A,25.357862616583258,1,474030,0.03704708871792595,0.03236894623843718,nan,65.12158487224079,66.98098754882812,518,294,0,518
scene-0522_CAM_FRONT_7187c0de_7a96a1ac,scene-0522,G51-A,25.440820609779298,1,404420,0.03943667132238615,0.031189725171128585,nan,65.12158487224079,69.68150329589844,518,294,0,518
scene-0522_CAM_FRONT_ec671ed4_6cd73bca,scene-0522,G51-A,24.112051546957286,1,358109,0.031348366687742324,0.02551289077591582,nan,65.12158487224079,71.64815521240234,518,294,0,518
scene-0522_CAM_FRONT_ecb9d6d3_75d09898,scene-0522,G51-A,27.72120064233922,1,316836,0.03209973943235256,0.032005657063399286,nan,65.12158487224079,70.1974868774414,518,294,0,518
scene-0522_CAM_FRONT_c78ad98d_a0cd4d00,scene-0522,G51-A,41.23574909338168,1,334014,0.035208850782713075,0.023729270204389977,nan,65.12158487224079,68.93132781982422,518,294,0,518
scene-0522_CAM_FRONT_c40d017e_2ba2a8fb,scene-0522,G51-A,25.664295777224833,1,395616,0.03393437497388252,0.022248401038184852,nan,65.12158487224079,69.35717010498047,518,294,0,518
scene-0522_CAM_FRONT_89c9d0c8_3ee6b750,scene-0522,G51-A,23.535711853704438,1,413890,0.047946534101579896,0.02622047820256103,nan,65.12158487224079,69.3526840209961,518,294,0,518
scene-0522_CAM_FRONT_f6ccb065_adcbf5d4,scene-0522,G51-A,28.07453975866337,1,365804,0.055468725981726585,0.0469681575771364,nan,65.12158487224079,67.97674560546875,518,294,0,518
scene-0523_CAM_FRONT_ce03b6f0_17dc38b8,scene-0523,G51-A,23.433501111660075,1,384244,0.05352660815406329,0.06772868214108631,nan,65.12158487224079,65.99143981933594,518,294,0,518
scene-0523_CAM_FRONT_0c0bc7cd_ae7d650f,scene-0523,G51-A,23.867474875197058,1,308430,0.027929315076855143,0.020860211844619298,nan,65.12158487224079,68.19609832763672,518,294,0,518
scene-0523_CAM_FRONT_eaa81f61_fa411e11,scene-0523,G51-A,28.192351711783434,1,311585,0.052244668693909535,0.052371828841534455,nan,65.12158487224079,67.40248107910156,518,294,0,518
scene-0523_CAM_FRONT_4f434664_02617ba1,scene-0523,G51-A,32.03644669026328,1,374085,0.040127024791971166,0.030702569401611618,nan,65.12158487224079,66.72028350830078,518,294,0,518
scene-0523_CAM_FRONT_b61d51fa_4208e998,scene-0523,G51-A,27.50199007257012,1,403116,0.0457558614630833,0.04371325615567658,nan,65.12158487224079,68.28739929199219,518,294,0,518
scene-0523_CAM_FRONT_119423a8_bbec622b,scene-0523,G51-A,20.322484145929785,1,470137,0.054329660402667734,0.05502313799841089,nan,65.12158487224079,69.92212677001953,518,294,0,518
scene-0523_CAM_FRONT_46aa63cc_0a653a0a,scene-0523,G51-A,21.02518100511073,1,428829,0.045224299804042634,0.04018345768530383,nan,65.12158487224079,69.76286315917969,518,294,0,518
scene-0523_CAM_FRONT_c96330c0_9b22047a,scene-0523,G51-A,25.11463349858357,1,471996,0.03479031170520175,0.011285321912361371,nan,65.12158487224079,69.86356353759766,518,294,0,518
scene-0524_CAM_FRONT_89c92049_6f52dcbe,scene-0524,G51-A,24.269716113683124,1,432948,0.037007200751829616,0.03185308414586889,nan,65.12158487224079,68.91053771972656,518,294,0,518
scene-0524_CAM_FRONT_cfa4ed9e_e9026a37,scene-0524,G51-A,25.06424788705857,1,530304,0.04449134870057603,0.04292707724450187,nan,65.12158487224079,68.54174041748047,518,294,0,518
scene-0524_CAM_FRONT_1c9b06a4_94d4b003,scene-0524,G51-A,23.149585378404055,1,429920,0.03146020299680541,0.01858835838874527,nan,65.12158487224079,68.30987548828125,518,294,0,518
scene-0524_CAM_FRONT_d7da6ee9_2483f870,scene-0524,G51-A,27.294723400966717,1,417601,0.04761898914548102,0.0354145064405069,nan,65.12158487224079,68.84371185302734,518,294,0,518
scene-0524_CAM_FRONT_bd55e82c_6b300f08,scene-0524,G51-A,23.767300143100247,1,469402,0.030660587610861212,0.02464458913851115,nan,65.12158487224079,69.11515808105469,518,294,0,518
scene-0524_CAM_FRONT_b0f8d0ae_047d2592,scene-0524,G51-A,23.112036476672543,1,477520,0.030188591861145087,0.012521616688882556,nan,65.12158487224079,66.06562042236328,518,294,0,518
scene-0524_CAM_FRONT_77b97456_dfa48a63,scene-0524,G51-A,23.417471402519894,1,496394,0.024826937545514127,0.016595943668595292,nan,65.12158487224079,69.79000854492188,518,294,0,518
scene-0524_CAM_FRONT_91491728_77a61ed5,scene-0524,G51-A,22.273406153549388,1,497933,0.0353209546001545,0.02671681989580451,nan,65.12158487224079,70.84385681152344,518,294,0,518
scene-0552_CAM_FRONT_5b905269_509430f5,scene-0552,G51-A,17.643805720653788,1,417149,0.04120696443759986,0.014550664529373309,nan,65.12158487224079,68.07259368896484,518,294,0,518
scene-0552_CAM_FRONT_fb51300f_c735e5f2,scene-0552,G51-A,14.601740330825619,1,297835,0.03877017463978438,0.02807260483125121,nan,65.12158487224079,69.49673461914062,518,294,0,518
scene-0552_CAM_FRONT_bc73130b_2e70460e,scene-0552,G51-A,22.549105626455738,1,283122,0.04044498127999452,0.011670992917660456,nan,65.12158487224079,71.17909240722656,518,294,0,518
scene-0552_CAM_FRONT_f7480019_8b763668,scene-0552,G51-A,23.27257041760089,1,283678,0.03762823207947075,0.014047215246054375,nan,65.12158487224079,70.07633209228516,518,294,0,518
scene-0552_CAM_FRONT_28d95d22_75bde66b,scene-0552,G51-A,25.89888643712892,1,503987,0.05107270502926298,0.016292236507439786,nan,65.12158487224079,68.61725616455078,518,294,0,518
scene-0552_CAM_FRONT_bffcf51d_bf6ce332,scene-0552,G51-A,18.927892443874725,1,599241,0.050949057562345246,0.05166570912864505,nan,65.12158487224079,71.09983825683594,518,294,0,518
scene-0552_CAM_FRONT_7c25767f_5ef15615,scene-0552,G51-A,16.249880756578946,1,453283,0.05162751428754042,0.03588195300204304,nan,65.12158487224079,66.90266418457031,518,294,0,518
scene-0552_CAM_FRONT_770abd0f_e9df1bab,scene-0552,G51-A,22.90186417392626,1,452190,0.02602245633607736,0.014307765141144733,nan,65.12158487224079,66.62785339355469,518,294,0,518
scene-0553_CAM_FRONT_8687ba92_2021b6b3,scene-0553,G51-A,23.655940579115136,1,308811,0.02390632170728013,0.03356148608856308,nan,65.12158487224079,66.77699279785156,518,294,0,518
scene-0553_CAM_FRONT_7315022f_82597244,scene-0553,G51-A,20.241803628298452,1,331586,0.036297853066786345,0.04342858888441965,nan,65.12158487224079,66.71280670166016,518,294,0,518
scene-0553_CAM_FRONT_8bf071b1_d7bea9a3,scene-0553,G51-A,16.728576126886413,1,339343,0.018437072374482888,0.009627389136447789,nan,65.12158487224079,66.54190063476562,518,294,0,518
scene-0553_CAM_FRONT_3ffc4360_4ae9c033,scene-0553,G51-A,16.078528225806455,1,299054,0.023479839605505592,0.021073986413361848,nan,65.12158487224079,66.45220184326172,518,294,0,518
scene-0553_CAM_FRONT_ecd49e3c_a572dd2e,scene-0553,G51-A,14.59510905376911,1,287361,0.026941655248515328,0.02530923965430133,nan,65.12158487224079,67.0843505859375,518,294,0,518
scene-0553_CAM_FRONT_313a60af_3a064c48,scene-0553,G51-A,14.06019227305475,1,282364,0.027318685250865116,0.024868964703295197,nan,65.12158487224079,67.1280517578125,518,294,0,518
scene-0553_CAM_FRONT_d3c0bbf9_c143943f,scene-0553,G51-A,19.759527799684538,1,320751,0.025133738481577073,0.02222768096218816,nan,65.12158487224079,66.18910217285156,518,294,0,518
scene-0553_CAM_FRONT_47188ae2_739b1293,scene-0553,G51-A,22.319546648080912,1,324652,0.02590569402837417,0.027495443714293646,nan,65.12158487224079,66.23731231689453,518,294,0,518
scene-0554_CAM_FRONT_e0b85d62_35264745,scene-0554,G51-A,23.92201270791956,1,322673,0.01774193188550388,0.01240860355083093,nan,65.12158487224079,66.1673355102539,518,294,0,518
scene-0554_CAM_FRONT_1144cb46_704f3a80,scene-0554,G51-A,24.01217461857601,1,317701,0.017267608009237545,0.005380216674353958,nan,65.12158487224079,66.26610565185547,518,294,0,518
scene-0554_CAM_FRONT_551d1fdf_5dbe8245,scene-0554,G51-A,23.66352220440603,1,315764,0.015368830680417167,0.006247735205515844,nan,65.12158487224079,66.18305206298828,518,294,0,518
scene-0554_CAM_FRONT_7690202f_52679177,scene-0554,G51-A,23.765416309931506,1,321479,0.016915620948368293,0.006534709539095746,nan,65.12158487224079,65.80903625488281,518,294,0,518
scene-0554_CAM_FRONT_1263172d_587805aa,scene-0554,G51-A,22.26289872467012,1,325130,0.020921422778375387,0.019662522575909374,nan,65.12158487224079,65.9150619506836,518,294,0,518
scene-0554_CAM_FRONT_376e84a4_31f09d84,scene-0554,G51-A,21.818436844488946,1,316410,0.013602820037210694,0.008414593713331532,nan,65.12158487224079,65.83853912353516,518,294,0,518
scene-0554_CAM_FRONT_44428816_6e0fe77b,scene-0554,G51-A,24.74482367975414,1,309851,0.01255584818883193,0.00987189853456383,nan,65.12158487224079,66.95647430419922,518,294,0,518
scene-0554_CAM_FRONT_1df35500_b61f49a7,scene-0554,G51-A,24.13091367713004,1,305989,0.018823759891296366,0.014825597666702436,nan,65.12158487224079,66.70321655273438,518,294,0,518
scene-0555_CAM_FRONT_12a42a64_bf8b54d2,scene-0555,G51-A,22.138279912243153,1,293754,0.01842150486954286,0.01853012172538676,nan,65.12158487224079,67.03451538085938,518,294,0,518
scene-0555_CAM_FRONT_4b0caf61_f546013d,scene-0555,G51-A,30.104857315430927,1,285016,0.04835051709094862,0.048667693106292334,nan,65.12158487224079,65.30097961425781,518,294,0,518
scene-0555_CAM_FRONT_c7a8c960_b6aa15f5,scene-0555,G51-A,34.11478093947607,1,289748,0.022404085133696405,0.017207155048658763,nan,65.12158487224079,65.33679962158203,518,294,0,518
scene-0555_CAM_FRONT_46395439_4967dbb7,scene-0555,G51-A,27.632604003139722,1,311090,0.0266386033336532,0.023233638666132466,nan,65.12158487224079,66.31436157226562,518,294,0,518
scene-0555_CAM_FRONT_d1a6bacb_577babc0,scene-0555,G51-A,24.06076370497882,1,276118,0.022894642652314667,0.019997817457943802,nan,65.12158487224079,67.79510498046875,518,294,0,518
scene-0555_CAM_FRONT_48d6941a_e1101eae,scene-0555,G51-A,26.778844496783094,1,336243,0.03109686283656643,0.02442904377229563,nan,65.12158487224079,66.31908416748047,518,294,0,518
scene-0555_CAM_FRONT_ab76b514_99235b3a,scene-0555,G51-A,24.690344432043652,1,352913,0.025993747744618823,0.024197397241909207,nan,65.12158487224079,65.95049285888672,518,294,0,518
scene-0555_CAM_FRONT_eeca7e4b_6fc2d998,scene-0555,G51-A,23.826484234613655,1,336784,0.033272198777889006,0.025805111428505643,nan,65.12158487224079,68.43201446533203,518,294,0,518
scene-0556_CAM_FRONT_17e6f41d_22ab3af7,scene-0556,G51-A,24.57612885462555,1,509972,0.03288492652286945,0.026706143873459594,nan,65.12158487224079,69.25618743896484,518,294,0,518
scene-0556_CAM_FRONT_e58ab79e_2b9bd710,scene-0556,G51-A,23.332640854498162,1,602706,0.03125467961024997,0.03074841742315622,nan,65.12158487224079,67.65287780761719,518,294,0,518
scene-0556_CAM_FRONT_93323e6a_54af38c2,scene-0556,G51-A,18.483954937552927,1,659287,0.0192993870362983,0.018260067138386335,nan,65.12158487224079,64.79688262939453,518,294,0,518
scene-0556_CAM_FRONT_c9bcbb76_81c86fee,scene-0556,G51-A,18.69220550753546,1,633527,0.03573508321157837,0.041101716538443814,nan,65.12158487224079,68.55504608154297,518,294,0,518
scene-0556_CAM_FRONT_336a6e0b_e0ae88cc,scene-0556,G51-A,18.29627594964664,1,575032,0.024539575709834338,0.01977396698730195,nan,65.12158487224079,70.7163314819336,518,294,0,518
scene-0556_CAM_FRONT_3e0f93ea_ccfecd57,scene-0556,G51-A,15.347240653538808,1,553392,0.017095864662554083,0.008346622494473812,nan,65.12158487224079,72.62008666992188,518,294,0,518
scene-0556_CAM_FRONT_51f360a3_809dc18a,scene-0556,G51-A,13.764938159367006,1,505889,0.04008717909573356,0.014400568811136358,nan,65.12158487224079,71.71350860595703,518,294,0,518
scene-0556_CAM_FRONT_e991851a_15db51ec,scene-0556,G51-A,13.30684925114195,1,413619,0.032236527098098655,0.005891685676252188,nan,65.12158487224079,69.25447845458984,518,294,0,518
scene-0557_CAM_FRONT_6cb74a87_149a7945,scene-0557,G51-A,22.07494376215953,1,626929,0.03662352057164853,0.03614375256816927,nan,65.12158487224079,65.88660430908203,518,294,0,518
scene-0557_CAM_FRONT_0fb30231_a9172ca1,scene-0557,G51-A,22.248173485653556,1,606368,0.03765816308824932,0.03717087137866671,nan,65.12158487224079,67.66436004638672,518,294,0,518
scene-0557_CAM_FRONT_208cac53_f0bd504c,scene-0557,G51-A,23.837239583333332,1,536619,0.03643141024319485,0.023280535102665124,nan,65.12158487224079,63.68829345703125,518,294,0,518
scene-0557_CAM_FRONT_56a74470_6b4baeae,scene-0557,G51-A,25.107915544534947,1,429478,0.02934085543538356,0.040097163974298765,nan,65.12158487224079,63.2568359375,518,294,0,518
scene-0557_CAM_FRONT_f3697fc3_43d1d341,scene-0557,G51-A,34.74230315507031,1,352794,0.026238735283759862,0.010486431470246454,nan,65.12158487224079,64.84320831298828,518,294,0,518
scene-0557_CAM_FRONT_af4ba275_87a383dc,scene-0557,G51-A,29.122432288496647,1,333335,0.0485942918388691,0.02205276565113242,nan,65.12158487224079,65.79495239257812,518,294,0,518
scene-0557_CAM_FRONT_1c4e3d00_642083b2,scene-0557,G51-A,30.083156419836968,1,328586,0.04909556628713774,0.013569024282134863,nan,65.12158487224079,66.0417251586914,518,294,0,518
scene-0557_CAM_FRONT_b4accdca_3e3a8dac,scene-0557,G51-A,27.360716085829488,1,319949,0.04448205847819153,0.036297922306145015,nan,65.12158487224079,64.95703887939453,518,294,0,518
scene-0558_CAM_FRONT_b4b5e858_1bcca0ca,scene-0558,G51-A,21.687946939359268,1,352679,0.04980494748714559,0.042756529414065686,nan,65.12158487224079,65.18087768554688,518,294,0,518
scene-0558_CAM_FRONT_5471bd11_354d9848,scene-0558,G51-A,33.31328706051386,1,299708,0.06473798609397097,0.03087198050736168,nan,65.12158487224079,62.211448669433594,518,294,0,518
scene-0558_CAM_FRONT_eae74c5f_befff2eb,scene-0558,G51-A,31.174617561751496,1,556264,0.06311721806096404,0.06507242321934498,nan,65.12158487224079,65.69322204589844,518,294,0,518
scene-0558_CAM_FRONT_193eb290_50f3aba5,scene-0558,G51-A,31.62493011644047,1,338252,0.028569755243662787,0.021883348810428874,nan,65.12158487224079,67.31529235839844,518,294,0,518
scene-0558_CAM_FRONT_c4066c80_17cdd19d,scene-0558,G51-A,28.847146550527476,1,486888,0.033845504777532565,0.026855954021394794,nan,65.12158487224079,68.03624725341797,518,294,0,518
scene-0558_CAM_FRONT_bce683c6_47e1c528,scene-0558,G51-A,23.455645820752824,1,430948,0.018258739916755085,0.020182995639357132,nan,65.12158487224079,67.18220520019531,518,294,0,518
scene-0558_CAM_FRONT_85bd28ee_05687786,scene-0558,G51-A,14.813361503589837,1,327380,0.016654517042215655,0.013517360004132496,nan,65.12158487224079,67.19755554199219,518,294,0,518
scene-0558_CAM_FRONT_80be8bec_74599f5d,scene-0558,G51-A,12.476885526420817,1,199639,0.031128618712094713,0.019097723728752153,nan,65.12158487224079,67.89474487304688,518,294,0,518
scene-0559_CAM_FRONT_029af235_4ffbb895,scene-0559,G51-A,38.50273699984728,1,334745,0.031048973238825273,0.03249704254297425,nan,65.12158487224079,62.93974685668945,518,294,0,518
scene-0559_CAM_FRONT_9229caee_d61b0d89,scene-0559,G51-A,33.15227835903083,1,412171,0.03747660650712703,0.04811289650348088,nan,65.12158487224079,66.74371337890625,518,294,0,518
scene-0559_CAM_FRONT_357116a6_4454f64f,scene-0559,G51-A,33.22429604681979,1,393509,0.03760826250577498,0.007865904984580247,nan,65.12158487224079,65.70257568359375,518,294,0,518
scene-0559_CAM_FRONT_ba887e56_68df1fb2,scene-0559,G51-A,23.32807985346726,1,388425,0.07535115613972643,0.027169043022194972,nan,65.12158487224079,64.79423522949219,518,294,0,518
scene-0559_CAM_FRONT_2fdf63c9_83956bb0,scene-0559,G51-A,27.61360748157751,1,426875,0.04008906119596345,0.03783141123991976,nan,65.12158487224079,65.73829650878906,518,294,0,518
scene-0559_CAM_FRONT_f7d0d2a3_c10534ca,scene-0559,G51-A,23.84631449099723,1,473902,0.032396889658830474,0.02026348743328208,nan,65.12158487224079,67.5263442993164,518,294,0,518
scene-0559_CAM_FRONT_c6b4dc34_6939d4b4,scene-0559,G51-A,19.09387291666667,1,507311,0.03124138129083187,0.023817707847493395,nan,65.12158487224079,68.87540435791016,518,294,0,518
scene-0559_CAM_FRONT_c142d321_b83d58a6,scene-0559,G51-A,19.687050122893265,1,461868,0.030354782507610034,0.039518943813498915,nan,65.12158487224079,68.6958236694336,518,294,0,518
scene-0560_CAM_FRONT_5c558d97_a4060a0e,scene-0560,G51-A,17.10427363294456,1,512705,0.038444090757806304,0.026976315998239957,nan,65.12158487224079,69.57884979248047,518,294,0,518
scene-0560_CAM_FRONT_ecba6710_99d384fe,scene-0560,G51-A,19.073843738847252,1,428304,0.04654535243929003,0.04741005324315328,nan,65.12158487224079,68.52668762207031,518,294,0,518
scene-0560_CAM_FRONT_f779f508_91e84099,scene-0560,G51-A,24.338136291503904,1,376645,0.042462078068217224,0.03204122067880493,nan,65.12158487224079,72.69342803955078,518,294,0,518
scene-0560_CAM_FRONT_65877dfa_354b8f68,scene-0560,G51-A,22.055146059782604,1,357383,0.02601432130007142,0.021836871825183308,nan,65.12158487224079,71.8048324584961,518,294,0,518
scene-0560_CAM_FRONT_e11f179b_00bf6d20,scene-0560,G51-A,23.730605245393896,1,358979,0.03018757535082539,0.01406979185614072,nan,65.12158487224079,72.1897201538086,518,294,0,518
scene-0560_CAM_FRONT_3801084b_17c2afd5,scene-0560,G51-A,22.237525855775466,1,331380,0.01956259097870161,0.007348324164568934,nan,65.12158487224079,71.35691833496094,518,294,0,518
scene-0560_CAM_FRONT_b94fd1ca_697cc6a7,scene-0560,G51-A,22.618886239782015,1,385135,0.0316800616829771,0.025084915575858315,nan,65.12158487224079,70.77384948730469,518,294,0,518
scene-0560_CAM_FRONT_89c5cbeb_f457a12f,scene-0560,G51-A,18.480960445804193,1,385773,0.024553027360127544,0.021264949848097903,nan,65.12158487224079,69.29854583740234,518,294,0,518
scene-0561_CAM_FRONT_9eebbe06_25f8552b,scene-0561,G51-A,23.894770885286786,1,354088,0.02542250045425254,0.008961877121899232,nan,65.12158487224079,72.6921157836914,518,294,0,518
scene-0561_CAM_FRONT_d3087b20_12f0d5cf,scene-0561,G51-A,23.389072847682115,1,352906,0.028210688583822252,0.012128857993062389,nan,65.12158487224079,73.06835174560547,518,294,0,518
scene-0561_CAM_FRONT_cefdde03_781696f7,scene-0561,G51-A,23.010179548699238,1,344390,0.021643633181038346,0.0199397588417373,nan,65.12158487224079,71.69686126708984,518,294,0,518
scene-0561_CAM_FRONT_b9c1ea3e_8a51ed03,scene-0561,G51-A,23.78133420984006,1,326585,0.03094627802707217,0.021135874484557414,nan,65.12158487224079,73.22636413574219,518,294,0,518
scene-0561_CAM_FRONT_85196a97_778c13dd,scene-0561,G51-A,24.663310319767444,1,324374,0.026445575009715006,0.010400744104721625,nan,65.12158487224079,72.97924041748047,518,294,0,518
scene-0561_CAM_FRONT_4c9fcbb0_3f3cf325,scene-0561,G51-A,20.934341795920858,1,409020,0.0427941601577051,0.03276670313802833,nan,65.12158487224079,74.90866088867188,518,294,0,518
scene-0561_CAM_FRONT_e7956e3f_67aad7ad,scene-0561,G51-A,22.344669555044412,1,501013,0.06553359548377635,0.06712681172380702,nan,65.12158487224079,71.48871612548828,518,294,0,518
scene-0561_CAM_FRONT_33acbf66_79df0c60,scene-0561,G51-A,20.654084936272213,1,510905,0.04182886164345634,0.02189725612219483,nan,65.12158487224079,73.53680419921875,518,294,0,518
scene-0562_CAM_FRONT_e493c692_c79d5105,scene-0562,G51-A,24.542915809535323,1,409087,0.02503319099184509,0.015392165819631662,nan,65.12158487224079,68.91846466064453,518,294,0,518
scene-0562_CAM_FRONT_1a4601bb_b6fd3363,scene-0562,G51-A,23.1777077600891,1,481596,0.037393384661923657,0.023483024702988884,nan,65.12158487224079,68.796630859375,518,294,0,518
scene-0562_CAM_FRONT_aa4dc9c8_ef8800a2,scene-0562,G51-A,21.924141117039888,1,513982,0.030647093914243584,0.011797990135269968,nan,65.12158487224079,68.8851318359375,518,294,0,518
scene-0562_CAM_FRONT_8c31c49f_964b2b96,scene-0562,G51-A,25.969846317951962,1,553316,0.043318606495441614,0.017098741479905036,nan,65.12158487224079,67.8916244506836,518,294,0,518
scene-0562_CAM_FRONT_be83af41_c34e3ca7,scene-0562,G51-A,24.34487654068499,1,590859,0.0359330868211698,0.028406718619601465,nan,65.12158487224079,64.46105194091797,518,294,0,518
scene-0562_CAM_FRONT_3013736d_1c325d22,scene-0562,G51-A,24.59021345510157,1,514494,0.047214720373180974,0.01546967584110693,nan,65.12158487224079,65.39896392822266,518,294,0,518
scene-0562_CAM_FRONT_08b2887d_c0fbf404,scene-0562,G51-A,21.611236857476634,1,405924,0.02007420809791416,0.011392771668013807,nan,65.12158487224079,66.9559097290039,518,294,0,518
scene-0562_CAM_FRONT_cace7b0c_56b65b67,scene-0562,G51-A,16.172083743268434,1,411755,0.022603691936176062,0.020117868789514527,nan,65.12158487224079,68.33688354492188,518,294,0,518
scene-0563_CAM_FRONT_970f41b6_95f02301,scene-0563,G51-A,10.230496560104054,1,336696,0.01938655925576338,0.015618686819057245,nan,65.12158487224079,70.23082733154297,518,294,0,518
scene-0563_CAM_FRONT_ac7e7a21_3244a7f0,scene-0563,G51-A,10.68634281620299,1,412091,0.032378001503043485,0.011477838277615143,nan,65.12158487224079,69.42889404296875,518,294,0,518
scene-0563_CAM_FRONT_d036b91e_069b2210,scene-0563,G51-A,16.809493148882773,1,560494,0.026925709585413182,0.010776554839549063,nan,65.12158487224079,67.58282470703125,518,294,0,518
scene-0563_CAM_FRONT_cc6d0652_535df957,scene-0563,G51-A,16.940421381379103,1,437823,0.04815085346621606,0.0147462025298759,nan,65.12158487224079,67.74756622314453,518,294,0,518
scene-0563_CAM_FRONT_8c4f9b0b_0645e15d,scene-0563,G51-A,9.100701639865163,1,498803,0.021822463411018678,0.007947849977758091,nan,65.12158487224079,69.07608032226562,518,294,0,518
scene-0563_CAM_FRONT_a9bc05c8_119fb420,scene-0563,G51-A,6.827038599182004,1,391264,0.019610385986010614,0.0048285879039107905,nan,65.12158487224079,68.25386047363281,518,294,0,518
scene-0563_CAM_FRONT_31365e10_5e1b0501,scene-0563,G51-A,7.217712842712842,1,378507,0.019262152092979434,0.007231535500710926,nan,65.12158487224079,68.1232681274414,518,294,0,518
scene-0563_CAM_FRONT_9a1930f3_23483c4b,scene-0563,G51-A,7.173477205619184,1,376559,0.02149518305004605,0.00757844067117432,nan,65.12158487224079,67.95223236083984,518,294,0,518
scene-0564_CAM_FRONT_3b86f821_1706522f,scene-0564,G51-A,9.517727346575494,1,269189,0.027942206936942604,0.014818271969820905,nan,65.12158487224079,68.47797393798828,518,294,0,518
scene-0564_CAM_FRONT_6bfa0827_215d8576,scene-0564,G51-A,7.499756412981859,1,418386,0.06937943697421212,0.02221235168306899,nan,65.12158487224079,67.37261199951172,518,294,0,518
scene-0564_CAM_FRONT_1afd654c_e92b0dc7,scene-0564,G51-A,6.871841149827453,1,338789,0.021486175011738995,0.008703017891060904,nan,65.12158487224079,66.65345001220703,518,294,0,518
scene-0564_CAM_FRONT_5eeaeb68_e786b718,scene-0564,G51-A,8.405941699552047,1,386335,0.033342802005180694,0.0488824848931671,nan,65.12158487224079,67.84825134277344,518,294,0,518
scene-0564_CAM_FRONT_0e6efc71_0fd26c83,scene-0564,G51-A,11.240783830438495,1,109845,0.054372786853900124,0.07495911060464254,nan,65.12158487224079,68.89773559570312,518,294,0,518
scene-0564_CAM_FRONT_be8a7d17_60295bae,scene-0564,G51-A,14.59585949528483,1,442511,0.044867670895177625,0.03515790666136897,nan,65.12158487224079,71.64942169189453,518,294,0,518
scene-0564_CAM_FRONT_516b9a77_71054721,scene-0564,G51-A,17.63967614541112,1,390614,0.025159936957650952,0.011753594301622592,nan,65.12158487224079,69.07487487792969,518,294,0,518
scene-0564_CAM_FRONT_bffaafdc_a0214502,scene-0564,G51-A,21.989742269092687,1,399577,0.0366451201163418,0.023246217792327044,nan,65.12158487224079,68.48556518554688,518,294,0,518
scene-0565_CAM_FRONT_f0c47597_e7bc8aeb,scene-0565,G51-A,26.699939225219573,1,534105,0.03866511400743633,0.03357915653964439,nan,65.12158487224079,68.2619400024414,518,294,0,518
scene-0565_CAM_FRONT_4f384135_4c81b06a,scene-0565,G51-A,18.917703590645697,1,438937,0.0320376271458227,0.034516432719996284,nan,65.12158487224079,68.06797790527344,518,294,0,518
scene-0565_CAM_FRONT_17d4c421_c80365ff,scene-0565,G51-A,22.055988727825223,1,423112,0.0248883768458128,0.019142086722261576,nan,65.12158487224079,68.53169250488281,518,294,0,518
scene-0565_CAM_FRONT_b727a687_28d07d72,scene-0565,G51-A,25.217641022245754,1,423902,0.03529916998157412,0.02178699022112053,nan,65.12158487224079,68.34357452392578,518,294,0,518
scene-0565_CAM_FRONT_05527b6d_0de33421,scene-0565,G51-A,25.511888998184016,1,403544,0.033493775999228204,0.01969158298536783,nan,65.12158487224079,68.25467681884766,518,294,0,518
scene-0565_CAM_FRONT_cffde5b9_f466f4f3,scene-0565,G51-A,24.64681498209635,1,356142,0.018883587077466624,0.01360400634165645,nan,65.12158487224079,67.26808166503906,518,294,0,518
scene-0565_CAM_FRONT_74367914_7afa9d66,scene-0565,G51-A,17.83525731591316,1,377401,0.022706590423003714,0.018342210230909175,nan,65.12158487224079,67.29376220703125,518,294,0,518
scene-0565_CAM_FRONT_797b8557_cfebd965,scene-0565,G51-A,12.177319272852065,1,281451,0.018939668908452667,0.014502135934276027,nan,65.12158487224079,67.60977935791016,518,294,0,518
scene-0625_CAM_FRONT_67d2d740_5bc6ae14,scene-0625,G51-A,26.555171866648855,1,504696,0.044365073531274835,0.004633678756598979,nan,65.12158487224079,70.07242584228516,518,294,0,518
scene-0625_CAM_FRONT_a08cf86f_84a3ca70,scene-0625,G51-A,26.11214878183153,1,503577,0.04749690830023523,0.015601590082659043,nan,65.12158487224079,70.1855697631836,518,294,0,518
scene-0625_CAM_FRONT_98fc274c_656ec137,scene-0625,G51-A,26.784322367086027,1,489289,0.03734968622755108,0.02414500037257298,nan,65.12158487224079,74.87202453613281,518,294,0,518
scene-0625_CAM_FRONT_823fda8d_d48ee866,scene-0625,G51-A,28.895130579599456,1,531179,0.05618345521128498,0.023980510531591073,nan,65.12158487224079,74.30789947509766,518,294,0,518
scene-0625_CAM_FRONT_668349dd_0466f571,scene-0625,G51-A,27.479368554409668,1,470557,0.0450303526790341,0.01748443304573126,nan,65.12158487224079,70.09173583984375,518,294,0,518
scene-0625_CAM_FRONT_9fc4f152_f086b86d,scene-0625,G51-A,24.862603865606935,1,389487,0.03106405803293999,0.017975120685763974,nan,65.12158487224079,72.01920318603516,518,294,0,518
scene-0625_CAM_FRONT_6fde33ad_399de82a,scene-0625,G51-A,27.228531695693906,1,347535,0.03956225838569161,0.033084261338878915,nan,65.12158487224079,72.90128326416016,518,294,0,518
scene-0625_CAM_FRONT_c6c21506_8d61756d,scene-0625,G51-A,38.42693630382775,1,317473,0.03548313292720051,0.02054005484906589,nan,65.12158487224079,75.35948944091797,518,294,0,518
scene-0626_CAM_FRONT_57f23d2f_addf60d7,scene-0626,G51-A,28.68065428290415,1,327044,0.029137876712797883,0.01996195028652022,nan,65.12158487224079,72.77764129638672,518,294,0,518
scene-0626_CAM_FRONT_e912736e_4272663b,scene-0626,G51-A,26.162381176878075,1,343870,0.03506786570133569,0.04148399792551147,nan,65.12158487224079,73.47704315185547,518,294,0,518
scene-0626_CAM_FRONT_a35e04cb_271d30b5,scene-0626,G51-A,19.174511368727597,1,379606,0.03699073268587849,0.02594677901071717,nan,65.12158487224079,72.4354019165039,518,294,0,518
scene-0626_CAM_FRONT_9e9a96e8_8b823546,scene-0626,G51-A,23.3648565284828,1,371774,0.034341890350052307,0.032528627143061414,nan,65.12158487224079,73.84771728515625,518,294,0,518
scene-0626_CAM_FRONT_7e3b2e21_1d4e275d,scene-0626,G51-A,20.9125265473301,1,359167,0.03808752087330758,0.035866544808660916,nan,65.12158487224079,71.90966033935547,518,294,0,518
scene-0626_CAM_FRONT_340a5f3d_bb08ec78,scene-0626,G51-A,20.23120164047505,1,309182,0.03194306568141947,0.024849128051480335,nan,65.12158487224079,68.4603042602539,518,294,0,518
scene-0626_CAM_FRONT_945de6d3_21658dc6,scene-0626,G51-A,15.53045114252922,1,279549,0.027197233370214846,0.027805234461366693,nan,65.12158487224079,68.86781311035156,518,294,0,518
scene-0626_CAM_FRONT_73aabbd3_b822fb7e,scene-0626,G51-A,19.7167573700445,1,287779,0.027327723131606696,0.023277653356814705,nan,65.12158487224079,70.2596664428711,518,294,0,518
scene-0627_CAM_FRONT_0fae8aae_6a692a42,scene-0627,G51-A,21.95446845214456,1,322702,0.031365468519498396,0.0336074100958245,nan,65.12158487224079,70.78857421875,518,294,0,518
scene-0627_CAM_FRONT_a027c6b2_35ef5018,scene-0627,G51-A,19.03511962890625,1,309653,0.03244885734612302,0.03968292913331285,nan,65.12158487224079,71.26856231689453,518,294,0,518
scene-0627_CAM_FRONT_0775bcc7_15431766,scene-0627,G51-A,23.34597374608151,1,340897,0.02167082408837917,0.016051514601554063,nan,65.12158487224079,71.73169708251953,518,294,0,518
scene-0627_CAM_FRONT_822fba03_907d8111,scene-0627,G51-A,25.933917664116485,1,398609,0.030247585540960298,0.02307607610631476,nan,65.12158487224079,72.12350463867188,518,294,0,518
scene-0627_CAM_FRONT_221c593d_178c06a2,scene-0627,G51-A,23.57831991471487,1,461677,0.02854319309435116,0.022149468067988,nan,65.12158487224079,69.52090454101562,518,294,0,518
scene-0627_CAM_FRONT_9d7f6bb3_fec53f7e,scene-0627,G51-A,21.974653482268874,1,420689,0.03337869850632469,0.029020074225982302,nan,65.12158487224079,69.37472534179688,518,294,0,518
scene-0627_CAM_FRONT_c8f0119b_5b3ffd92,scene-0627,G51-A,21.424486185983827,1,333217,0.035451189742494726,0.042679656424580346,nan,65.12158487224079,70.41841125488281,518,294,0,518
scene-0627_CAM_FRONT_976b8171_3f5fd35a,scene-0627,G51-A,28.122550351662404,1,306068,0.04716746845273434,0.04367645496522721,nan,65.12158487224079,68.82096862792969,518,294,0,518
scene-0629_CAM_FRONT_14384b3c_9e545368,scene-0629,G51-A,21.061600179964007,1,503463,0.04678084249660319,0.035194314360793275,nan,65.12158487224079,72.41780090332031,518,294,0,518
scene-0629_CAM_FRONT_e8a68d57_d4b3a585,scene-0629,G51-A,24.27482250154068,1,381284,0.038224933527307936,0.02467220737622906,nan,65.12158487224079,74.13373565673828,518,294,0,518
scene-0629_CAM_FRONT_729eba60_ac004b46,scene-0629,G51-A,21.548158271827887,1,280308,0.03560634787312322,0.040829654731933146,nan,65.12158487224079,74.81029510498047,518,294,0,518
scene-0629_CAM_FRONT_fac8be41_bdbc78ad,scene-0629,G51-A,20.82997218626726,1,211925,0.02518893257928445,0.017853140471442427,nan,65.12158487224079,72.72966003417969,518,294,0,518
scene-0629_CAM_FRONT_5cc2771d_c49f9510,scene-0629,G51-A,31.379914421848387,1,261784,0.024082954741540208,0.022651936355203246,nan,65.12158487224079,70.10856628417969,518,294,0,518
scene-0629_CAM_FRONT_e5880a58_dedec800,scene-0629,G51-A,39.95620913760897,1,258547,0.03238746915777835,0.021245569519335032,nan,65.12158487224079,68.52335357666016,518,294,0,518
scene-0629_CAM_FRONT_598577bb_5773ef9b,scene-0629,G51-A,30.513828752510033,1,337504,0.034723889869670455,0.029012104224310102,nan,65.12158487224079,68.84290313720703,518,294,0,518
scene-0629_CAM_FRONT_66a72398_a15bd188,scene-0629,G51-A,23.145217264979333,1,468530,0.09880072120568828,0.15604295929380518,nan,65.12158487224079,69.82447814941406,518,294,0,518
scene-0630_CAM_FRONT_6a808b09_ae9508b3,scene-0630,G51-A,23.01273700482348,1,398397,0.04859233731651669,0.0345858990129099,nan,65.12158487224079,71.8053970336914,518,294,0,518
scene-0630_CAM_FRONT_127521ab_cfabe989,scene-0630,G51-A,19.833056796958374,1,387117,0.04410637574574805,0.01640370815521834,nan,65.12158487224079,71.22260284423828,518,294,0,518
scene-0630_CAM_FRONT_10b3b796_12ef9ffe,scene-0630,G51-A,20.46269479442971,1,340838,0.02881441898713044,0.029614534092383182,nan,65.12158487224079,70.77908325195312,518,294,0,518
scene-0630_CAM_FRONT_298d59b2_72e83c66,scene-0630,G51-A,21.5689022702104,1,272890,0.02707691743411167,0.026802237083117526,nan,65.12158487224079,70.05381774902344,518,294,0,518
scene-0630_CAM_FRONT_440a528d_c1a3b338,scene-0630,G51-A,24.918822942260444,1,279281,0.03631685891802938,0.00600998345178573,nan,65.12158487224079,68.28390502929688,518,294,0,518
scene-0630_CAM_FRONT_b620d468_64701483,scene-0630,G51-A,28.507833113456456,1,353882,0.02640763963256232,0.031763031296265266,nan,65.12158487224079,67.31221771240234,518,294,0,518
scene-0630_CAM_FRONT_705b8eb6_f311006d,scene-0630,G51-A,22.76781060222672,1,360096,0.04147425971928942,0.0422300229396559,nan,65.12158487224079,72.31471252441406,518,294,0,518
scene-0630_CAM_FRONT_dbb64a08_6cefb90d,scene-0630,G51-A,23.950271498226947,1,382446,0.0379150723542061,0.03196711219056322,nan,65.12158487224079,75.11112976074219,518,294,0,518
scene-0632_CAM_FRONT_78c80690_ce0b0c67,scene-0632,G51-A,24.54908162407532,1,244826,0.0677030276586068,0.0978538673894981,nan,65.12158487224079,79.59407806396484,518,294,0,518
scene-0632_CAM_FRONT_4483f3a6_fe4272b3,scene-0632,G51-A,20.66651894034471,1,363210,0.058790562941749336,0.06806858728046987,nan,65.12158487224079,71.0954818725586,518,294,0,518
scene-0632_CAM_FRONT_219ea9af_619376b3,scene-0632,G51-A,19.418762472786646,1,375673,0.05714195907572428,0.06235965047842878,nan,65.12158487224079,69.61585235595703,518,294,0,518
scene-0632_CAM_FRONT_34dbd470_62eaf35b,scene-0632,G51-A,18.708491469359327,1,498947,0.04974777953801279,0.03017245227631485,nan,65.12158487224079,69.66368865966797,518,294,0,518
scene-0632_CAM_FRONT_64aaf542_c4b8c55c,scene-0632,G51-A,15.094761786769283,1,595446,0.04323227558677867,0.025539065076139074,nan,65.12158487224079,69.66606140136719,518,294,0,518
scene-0632_CAM_FRONT_d7f6efdc_255cd0f1,scene-0632,G51-A,13.522254279045644,1,587975,0.05740687921618637,0.06138636608051529,nan,65.12158487224079,69.96334838867188,518,294,0,518
scene-0632_CAM_FRONT_b39f4a38_3b73acef,scene-0632,G51-A,17.619750757405743,1,434053,0.032432583294657036,0.043302619362330534,nan,65.12158487224079,68.11978912353516,518,294,0,518
scene-0632_CAM_FRONT_705eb635_6ac07a4e,scene-0632,G51-A,23.29076155995935,1,324168,0.02456140245667826,0.03289333296370145,nan,65.12158487224079,71.73023986816406,518,294,0,518
scene-0633_CAM_FRONT_fe5b1b2e_e762b41b,scene-0633,G51-A,29.620028409090917,1,358548,0.025930532188695787,0.018643113471902988,nan,65.12158487224079,66.5970230102539,518,294,0,518
scene-0633_CAM_FRONT_9fde5c65_22a2197b,scene-0633,G51-A,28.264543576515702,1,351994,0.021786266203202453,0.010952237156612657,nan,65.12158487224079,67.4798583984375,518,294,0,518
scene-0633_CAM_FRONT_3cd58b93_f334e3c6,scene-0633,G51-A,30.14691944236527,1,424899,0.03692665885693813,0.026821286373691553,nan,65.12158487224079,69.21530151367188,518,294,0,518
scene-0633_CAM_FRONT_5406def8_3f2c2941,scene-0633,G51-A,25.02929482555089,1,441897,0.050812715349782156,0.027195129364009127,nan,65.12158487224079,68.94534301757812,518,294,0,518
scene-0633_CAM_FRONT_21af4cef_3b17af9e,scene-0633,G51-A,26.15131623641305,1,406541,0.043613378811429016,0.027813785987776063,nan,65.12158487224079,66.20818328857422,518,294,0,518
scene-0633_CAM_FRONT_df2eb0ab_b4568c3c,scene-0633,G51-A,24.590460639839876,1,368606,0.03420748247517014,0.019705338370258035,nan,65.12158487224079,69.06492614746094,518,294,0,518
scene-0633_CAM_FRONT_c0b82f06_be997411,scene-0633,G51-A,32.28003089854734,1,317244,0.058037877521949,0.057004870745755346,nan,65.12158487224079,70.08840942382812,518,294,0,518
scene-0633_CAM_FRONT_4269e4e8_511bbef9,scene-0633,G51-A,34.53841641435987,1,313219,0.033614615276690074,0.04143913634976335,nan,65.12158487224079,71.69190979003906,518,294,0,518
scene-0634_CAM_FRONT_3bb017b6_cb0da387,scene-0634,G51-A,34.39376342353952,1,240042,0.019923978811135168,0.02668754028759568,nan,65.12158487224079,71.39089965820312,518,294,0,518
scene-0634_CAM_FRONT_9497e9cc_ac54c36b,scene-0634,G51-A,39.39994733146067,1,318241,0.048598947596105724,0.04760300451548923,nan,65.12158487224079,71.52066802978516,518,294,0,518
scene-0634_CAM_FRONT_f3b10b3a_7955a19c,scene-0634,G51-A,25.774690504807683,1,386738,0.03859802326908102,0.020955064892606477,nan,65.12158487224079,67.5089111328125,518,294,0,518
scene-0634_CAM_FRONT_f1ad72cd_f710d323,scene-0634,G51-A,20.056927941619772,1,307573,0.029397336250868378,0.04656946887616598,nan,65.12158487224079,70.94225311279297,518,294,0,518
scene-0634_CAM_FRONT_f96a3767_475a324f,scene-0634,G51-A,25.959425619982795,1,298587,0.028362720112434125,0.02429129819664743,nan,65.12158487224079,67.66110229492188,518,294,0,518
scene-0634_CAM_FRONT_d1e063d5_0abca7b8,scene-0634,G51-A,26.93308914660056,1,279916,0.03150161742843127,0.02795763172589558,nan,65.12158487224079,68.88713836669922,518,294,0,518
scene-0634_CAM_FRONT_3334c156_f1ec5400,scene-0634,G51-A,26.796694349028147,1,244051,0.027072442797863694,0.021789989916859796,nan,65.12158487224079,70.47649383544922,518,294,0,518
scene-0634_CAM_FRONT_abaa0e0b_583aa03b,scene-0634,G51-A,20.720369914698164,1,193009,0.032592372121030166,0.03235505386241122,nan,65.12158487224079,71.2420883178711,518,294,0,518
scene-0635_CAM_FRONT_43f05ac3_b0715ea6,scene-0635,G51-A,18.244064103311565,1,151452,0.028834003229279537,0.005832260789626482,nan,65.12158487224079,72.38623046875,518,294,0,518
scene-0635_CAM_FRONT_0c81f97d_e5a4fc27,scene-0635,G51-A,17.088776266163794,1,164358,0.0336028093179459,0.01518244999904356,nan,65.12158487224079,72.72733306884766,518,294,0,518
scene-0635_CAM_FRONT_01076466_c594b596,scene-0635,G51-A,18.042693213171784,1,179306,0.04043280405413663,0.01943753487089207,nan,65.12158487224079,72.18270111083984,518,294,0,518
scene-0635_CAM_FRONT_39ca468b_3ad79c14,scene-0635,G51-A,17.605265166938107,1,168110,0.04096631416137564,0.011418156653528378,nan,65.12158487224079,71.65975952148438,518,294,0,518
scene-0635_CAM_FRONT_4c9136c0_e55fea30,scene-0635,G51-A,17.656375622128635,1,172853,0.035572484528564985,0.0059552311653701,nan,65.12158487224079,71.5391616821289,518,294,0,518
scene-0635_CAM_FRONT_b8d19bb7_135678a1,scene-0635,G51-A,19.266692389149245,1,171456,0.028884824876483917,0.015514453497175505,nan,65.12158487224079,71.40335083007812,518,294,0,518
scene-0635_CAM_FRONT_e553a1df_741476cb,scene-0635,G51-A,18.064821909372135,1,156381,0.03141081975640603,0.014760814828319023,nan,65.12158487224079,71.07682800292969,518,294,0,518
scene-0635_CAM_FRONT_7057a04d_b8f4bec2,scene-0635,G51-A,15.973872923001739,1,149503,0.03378125717113578,0.008205712918101288,nan,65.12158487224079,71.95584106445312,518,294,0,518
scene-0636_CAM_FRONT_3ac231a1_925af658,scene-0636,G51-A,24.38954757462687,1,405746,0.04569773082948503,0.0414645238064608,nan,65.12158487224079,68.14871215820312,518,294,0,518
scene-0636_CAM_FRONT_f3501361_a1165ef3,scene-0636,G51-A,21.076693702290076,1,449998,0.04702604609552008,0.043885197451920065,nan,65.12158487224079,71.41857147216797,518,294,0,518
scene-0636_CAM_FRONT_52d62696_d98b25de,scene-0636,G51-A,17.397358193947902,1,636971,0.042006402807390764,0.029682910129412234,nan,65.12158487224079,76.00010681152344,518,294,0,518
scene-0636_CAM_FRONT_98e1aaf2_52c9f322,scene-0636,G51-A,15.78889468121572,1,614630,0.05331606727825888,0.014079711406201014,nan,65.12158487224079,81.01591491699219,518,294,0,518
scene-0636_CAM_FRONT_c64a7057_0d28a80a,scene-0636,G51-A,17.409628413429616,1,611884,0.039724759877041826,0.031319321773663554,nan,65.12158487224079,77.71211242675781,518,294,0,518
scene-0636_CAM_FRONT_73d95c15_01ec0ffb,scene-0636,G51-A,23.586754742547434,1,552300,0.06487813999425573,0.08557320753954072,nan,65.12158487224079,68.75994873046875,518,294,0,518
scene-0636_CAM_FRONT_0c9652d8_6d6d1ee8,scene-0636,G51-A,32.120383522727266,1,410213,0.03384195588011085,0.03526334990195573,nan,65.12158487224079,67.20470428466797,518,294,0,518
scene-0636_CAM_FRONT_7c81ac95_378d5e91,scene-0636,G51-A,33.44308091157476,1,419222,0.04302889164211887,0.03565167630428601,nan,65.12158487224079,67.9984359741211,518,294,0,518
scene-0637_CAM_FRONT_8b77b8e2_26a15512,scene-0637,G51-A,32.31314478165064,1,459128,0.054700497357324185,0.026698337519452272,nan,65.12158487224079,68.55838012695312,518,294,0,518
scene-0637_CAM_FRONT_34aff80f_b3c0d188,scene-0637,G51-A,39.976042189591695,1,503289,0.05011643120062326,0.025200598075897845,nan,65.12158487224079,68.90150451660156,518,294,0,518
scene-0637_CAM_FRONT_dcbda46c_d413774b,scene-0637,G51-A,36.289988825282315,1,460477,0.05669507763691106,0.05351276514120351,nan,65.12158487224079,70.98355102539062,518,294,0,518
scene-0637_CAM_FRONT_c6b4a9f6_a6c7d30b,scene-0637,G51-A,35.29035177213774,1,391492,0.029805397658659416,0.014231344856087237,nan,65.12158487224079,69.03914642333984,518,294,0,518
scene-0637_CAM_FRONT_c0da6ecb_cae3569b,scene-0637,G51-A,54.63731111710738,1,382266,0.04968205679877835,0.04099642227244537,nan,65.12158487224079,69.74079895019531,518,294,0,518
scene-0637_CAM_FRONT_5bebe37b_6f1d27de,scene-0637,G51-A,56.90076482184579,1,330861,0.08156477624645886,0.1107563569261937,nan,65.12158487224079,70.6798324584961,518,294,0,518
scene-0637_CAM_FRONT_6df66081_a6c7ab79,scene-0637,G51-A,51.00102399063781,1,339643,0.06930112593312909,0.06601486038799427,nan,65.12158487224079,73.40818786621094,518,294,0,518
scene-0637_CAM_FRONT_16af9720_2018466d,scene-0637,G51-A,56.605828711604104,1,312537,0.03498365850661678,0.03341369319797225,nan,65.12158487224079,70.22409057617188,518,294,0,518
scene-0638_CAM_FRONT_ccd7c315_1646a03c,scene-0638,G51-A,43.96385126072961,1,270080,0.07573638098150459,0.1746166978222543,nan,65.12158487224079,67.66903686523438,518,294,0,518
scene-0638_CAM_FRONT_e9a4cb5c_148a98a0,scene-0638,G51-A,44.28911735495196,1,190324,0.093701499401325,0.16533764143905907,nan,65.12158487224079,67.56829833984375,518,294,0,518
scene-0638_CAM_FRONT_f2efcbf8_23cc2b13,scene-0638,G51-A,34.453875900033495,1,467313,0.07392200985599606,0.07512698834999974,nan,65.12158487224079,67.5378189086914,518,294,0,518
scene-0638_CAM_FRONT_84af29b7_7e4fbe4a,scene-0638,G51-A,21.40626815804765,1,583600,0.08954566247446394,0.0792048777780448,nan,65.12158487224079,67.82770538330078,518,294,0,518
scene-0638_CAM_FRONT_0b1c4f84_bbf22539,scene-0638,G51-A,24.099974115210838,1,541360,0.051193054814600236,0.0418090083770262,nan,65.12158487224079,64.17777252197266,518,294,0,518
scene-0638_CAM_FRONT_bb0f2154_aac566f9,scene-0638,G51-A,22.984585061498855,1,560189,0.050015258583270494,0.02632725529840577,nan,65.12158487224079,68.34989929199219,518,294,0,518
scene-0638_CAM_FRONT_6918d5fa_457185e7,scene-0638,G51-A,23.71329651420958,1,593683,0.07610506053329846,0.054452824742017035,nan,65.12158487224079,68.88075256347656,518,294,0,518
scene-0638_CAM_FRONT_171a761e_784b1e9d,scene-0638,G51-A,21.9286133646456,1,613282,0.03581713851163415,0.010044692423037512,nan,65.12158487224079,68.59523010253906,518,294,0,518
scene-0770_CAM_FRONT_4cecbedd_9935b3e1,scene-0770,G51-A,15.584514876057327,1,410011,0.024837659963111047,0.004741222458791355,nan,65.12158487224079,71.45374298095703,518,294,0,518
scene-0770_CAM_FRONT_367b4ca6_2fa2a2c2,scene-0770,G51-A,15.866107630771484,1,391767,0.025656337733767298,0.013376210343539002,nan,65.12158487224079,71.95730590820312,518,294,0,518
scene-0770_CAM_FRONT_297c5290_5881d820,scene-0770,G51-A,15.849773051516577,1,395937,0.02525027176246164,0.010234217890283998,nan,65.12158487224079,71.96016693115234,518,294,0,518
scene-0770_CAM_FRONT_bda037b6_e0286a70,scene-0770,G51-A,15.783301677178896,1,417160,0.02822681698570495,0.014106802263318676,nan,65.12158487224079,71.70160675048828,518,294,0,518
scene-0770_CAM_FRONT_b380e87c_3e2d8c16,scene-0770,G51-A,16.094059127697843,1,403113,0.02671361408424211,0.01507516016441943,nan,65.12158487224079,71.59896850585938,518,294,0,518
scene-0770_CAM_FRONT_4db81eb6_b687f913,scene-0770,G51-A,15.861838914040453,1,413890,0.030790649617312704,0.016846019972560973,nan,65.12158487224079,70.62290954589844,518,294,0,518
scene-0770_CAM_FRONT_3fe58fa3_f8685421,scene-0770,G51-A,15.843592939364465,1,387714,0.020817780012949205,0.006404299646217773,nan,65.12158487224079,71.32404327392578,518,294,0,518
scene-0770_CAM_FRONT_86bbdee8_d09375a2,scene-0770,G51-A,15.884618821486931,1,413167,0.02775792514739228,0.010204617710439288,nan,65.12158487224079,71.19548034667969,518,294,0,518
scene-0771_CAM_FRONT_5a3a15f4_e3ca1a55,scene-0771,G51-A,16.469810318772804,1,389980,0.020476863529422795,0.008705079854015085,nan,65.12158487224079,70.68058776855469,518,294,0,518
scene-0771_CAM_FRONT_f10350b3_f9adbe43,scene-0771,G51-A,16.687181083003463,1,392492,0.021473810340288946,0.006513085840999602,nan,65.12158487224079,70.55046081542969,518,294,0,518
scene-0771_CAM_FRONT_f283d4f9_00dcc650,scene-0771,G51-A,16.696808970181674,1,415624,0.025076212388099428,0.009713727945850414,nan,65.12158487224079,70.25939178466797,518,294,0,518
scene-0771_CAM_FRONT_8b830239_299d190b,scene-0771,G51-A,16.402587445924407,1,406845,0.024440081727163943,0.00922631050640706,nan,65.12158487224079,70.24201202392578,518,294,0,518
scene-0771_CAM_FRONT_812bd271_7a827286,scene-0771,G51-A,16.36208816459276,1,411297,0.02398645340945116,0.009476734786066253,nan,65.12158487224079,70.71868896484375,518,294,0,518
scene-0771_CAM_FRONT_c4cf31f3_17986d8a,scene-0771,G51-A,16.38933924902682,1,399417,0.02015555721958906,0.005673701230145896,nan,65.12158487224079,70.73306274414062,518,294,0,518
scene-0771_CAM_FRONT_897c1f9d_e019f3b9,scene-0771,G51-A,16.359214654426314,1,412583,0.0243951402038598,0.007944412993426068,nan,65.12158487224079,70.22908782958984,518,294,0,518
scene-0771_CAM_FRONT_7af51b78_a6047e96,scene-0771,G51-A,16.634567381950575,1,404115,0.02897281421293707,0.015527805265538786,nan,65.12158487224079,69.55239868164062,518,294,0,518
scene-0775_CAM_FRONT_e836d062_f3730479,scene-0775,G51-A,16.66811073973588,1,397254,0.023453553452560394,0.009908413456671946,nan,65.12158487224079,70.70377349853516,518,294,0,518
scene-0775_CAM_FRONT_2dd792df_fb64e7f0,scene-0775,G51-A,13.502352929808286,1,386156,0.04438120811032831,0.04046608288531387,nan,65.12158487224079,67.9649429321289,518,294,0,518
scene-0775_CAM_FRONT_5448c4ae_779b8b1c,scene-0775,G51-A,15.029603536943744,1,361914,0.018670314691705547,0.00980955879248057,nan,65.12158487224079,69.88307189941406,518,294,0,518
scene-0775_CAM_FRONT_afac9d74_5dd5ed25,scene-0775,G51-A,16.296277130225082,1,401083,0.028007846962845306,0.011330659452175406,nan,65.12158487224079,71.24210357666016,518,294,0,518
scene-0775_CAM_FRONT_2f2b214c_22b802fa,scene-0775,G51-A,15.57181903071641,1,382502,0.02245538282801407,0.015226146989167381,nan,65.12158487224079,70.25543975830078,518,294,0,518
scene-0775_CAM_FRONT_68417c96_b94bc826,scene-0775,G51-A,17.019954476933385,1,377502,0.020578930258827732,0.006464685204971809,nan,65.12158487224079,69.7322998046875,518,294,0,518
scene-0775_CAM_FRONT_36a0632f_798e338f,scene-0775,G51-A,16.952882917079826,1,386784,0.03200591877916281,0.019938439049974523,nan,65.12158487224079,69.84135437011719,518,294,0,518
scene-0775_CAM_FRONT_46502e12_a7207fb3,scene-0775,G51-A,16.60007852186139,1,383487,0.02337880389347191,0.010963507171147366,nan,65.12158487224079,70.47653198242188,518,294,0,518
scene-0777_CAM_FRONT_bb100390_cbbfb7a9,scene-0777,G51-A,16.68590899946352,1,399360,0.021515804357114643,0.009794630390912978,nan,65.12158487224079,70.23667907714844,518,294,0,518
scene-0777_CAM_FRONT_9917500e_8df3eafa,scene-0777,G51-A,16.859150203294412,1,398673,0.029052958743385204,0.013888225249568785,nan,65.12158487224079,71.13920593261719,518,294,0,518
scene-0777_CAM_FRONT_e2f8a076_f5941906,scene-0777,G51-A,16.825178835067486,1,399251,0.026157612201636038,0.011012289641519004,nan,65.12158487224079,71.03519439697266,518,294,0,518
scene-0777_CAM_FRONT_6386a730_feeca927,scene-0777,G51-A,16.649265501081473,1,394049,0.027061701796528226,0.012423444413486773,nan,65.12158487224079,70.6576156616211,518,294,0,518
scene-0777_CAM_FRONT_1af66f4f_33c25b7a,scene-0777,G51-A,16.36133621247412,1,396798,0.026589706481863873,0.011383169627512853,nan,65.12158487224079,71.246337890625,518,294,0,518
scene-0777_CAM_FRONT_6e0c8ae1_355b7c5e,scene-0777,G51-A,16.708658290981834,1,387623,0.019954941640009327,0.004393024740362068,nan,65.12158487224079,70.8921890258789,518,294,0,518
scene-0777_CAM_FRONT_3bb8d513_7582c626,scene-0777,G51-A,16.162003391472872,1,405444,0.023422929743037058,0.008940288434836054,nan,65.12158487224079,70.91858673095703,518,294,0,518
scene-0777_CAM_FRONT_326eab70_a8070769,scene-0777,G51-A,16.34562957635983,1,412338,0.025257296268970553,0.0075699454619852944,nan,65.12158487224079,70.8909683227539,518,294,0,518
scene-0778_CAM_FRONT_485c78db_c69a8d12,scene-0778,G51-A,16.519085305274565,1,420378,0.02616564497194207,0.007345240200471512,nan,65.12158487224079,70.34239196777344,518,294,0,518
scene-0778_CAM_FRONT_7ff89b70_a95743c4,scene-0778,G51-A,16.925723150712024,1,408899,0.02674029498429542,0.014481590703727775,nan,65.12158487224079,70.20359802246094,518,294,0,518
scene-0778_CAM_FRONT_603c9225_d763ff87,scene-0778,G51-A,13.321504618522075,1,680886,0.027815829195175334,0.03218572564864412,nan,65.12158487224079,65.76033020019531,518,294,0,518
scene-0778_CAM_FRONT_263b9818_c0ffb6f6,scene-0778,G51-A,6.78879386877939,1,761460,0.020748064036474,0.022041196305221774,nan,65.12158487224079,66.40841674804688,518,294,0,518
scene-0778_CAM_FRONT_ab5438b9_2d128c56,scene-0778,G51-A,6.8651957053346955,1,761411,0.010995881962011289,0.023814075134683185,nan,65.12158487224079,64.11973571777344,518,294,0,518
scene-0778_CAM_FRONT_475eb52d_5a326a1f,scene-0778,G51-A,10.229744341493433,1,665594,0.02542763932884351,0.04541012300948542,nan,65.12158487224079,65.02215576171875,518,294,0,518
scene-0778_CAM_FRONT_ad6cb169_09b1788f,scene-0778,G51-A,20.247552106399468,1,468905,0.024809196372428843,0.02158228038032175,nan,65.12158487224079,68.02611541748047,518,294,0,518
scene-0778_CAM_FRONT_de508cce_a9e3df9e,scene-0778,G51-A,26.22121904481132,1,502990,0.03553861373726508,0.0218220127986063,nan,65.12158487224079,66.8295669555664,518,294,0,518
scene-0780_CAM_FRONT_79496091_618d34a8,scene-0780,G51-A,16.887117706624284,1,300661,0.01832272901363652,0.010096897129145285,nan,65.12158487224079,67.18154907226562,518,294,0,518
scene-0780_CAM_FRONT_a0eba88a_f5a7a188,scene-0780,G51-A,15.506086783806191,1,320666,0.01974673131058524,0.008889861950875155,nan,65.12158487224079,67.52183532714844,518,294,0,518
scene-0780_CAM_FRONT_5850f2dd_021dac45,scene-0780,G51-A,14.996062392488534,1,318736,0.016128744328392175,0.007918491365343361,nan,65.12158487224079,66.7437973022461,518,294,0,518
scene-0780_CAM_FRONT_81884f7b_7f6f982e,scene-0780,G51-A,15.554176378792668,1,315285,0.0150829876430425,0.006232490820788727,nan,65.12158487224079,66.25961303710938,518,294,0,518
scene-0780_CAM_FRONT_4c8b6c42_90493070,scene-0780,G51-A,15.422909740691491,1,330356,0.017937991324353808,0.008287559466962201,nan,65.12158487224079,66.85347747802734,518,294,0,518
scene-0780_CAM_FRONT_dcc9ee69_e5395428,scene-0780,G51-A,15.153108643780783,1,323479,0.016298878759223534,0.006113811712304217,nan,65.12158487224079,67.22588348388672,518,294,0,518
scene-0780_CAM_FRONT_32608dba_284234f5,scene-0780,G51-A,15.640674380405857,1,321404,0.02021907104697096,0.007857559802058904,nan,65.12158487224079,66.7540283203125,518,294,0,518
scene-0780_CAM_FRONT_59c6164e_9c701c34,scene-0780,G51-A,15.535193570859873,1,323264,0.01884246270768486,0.010618258462031824,nan,65.12158487224079,67.40330505371094,518,294,0,518
scene-0781_CAM_FRONT_87c3788d_d410a7a5,scene-0781,G51-A,15.044969571853475,1,325419,0.01590371720644823,0.005203380270159997,nan,65.12158487224079,67.95067596435547,518,294,0,518
scene-0781_CAM_FRONT_2a73d806_a30ed498,scene-0781,G51-A,15.576529741455252,1,321666,0.016538966842450264,0.00841071982491962,nan,65.12158487224079,67.24003601074219,518,294,0,518
scene-0781_CAM_FRONT_102fadd4_8e5cf223,scene-0781,G51-A,15.289801102650316,1,324539,0.022510036065332528,0.018104689317311642,nan,65.12158487224079,66.54466247558594,518,294,0,518
scene-0781_CAM_FRONT_eb60a132_da7af66a,scene-0781,G51-A,14.453281117134352,1,324414,0.017082363552041846,0.00996332794841248,nan,65.12158487224079,67.1578140258789,518,294,0,518
scene-0781_CAM_FRONT_1d6c7fdb_146a1aef,scene-0781,G51-A,14.192211735857667,1,319457,0.016827884177118335,0.005462527308702997,nan,65.12158487224079,67.47716522216797,518,294,0,518
scene-0781_CAM_FRONT_5cba7499_fa4fd842,scene-0781,G51-A,13.906040350155818,1,320186,0.01815689085014438,0.012603023815320866,nan,65.12158487224079,68.01378631591797,518,294,0,518
scene-0781_CAM_FRONT_9dad24d2_4df2af10,scene-0781,G51-A,14.131552103633073,1,327601,0.0151695957212592,0.00238383196985057,nan,65.12158487224079,67.7091064453125,518,294,0,518
scene-0781_CAM_FRONT_1f7c7394_d6fdf61d,scene-0781,G51-A,14.34695318227639,1,291802,0.017402270954032018,0.009000384656024388,nan,65.12158487224079,68.93293762207031,518,294,0,518
scene-0782_CAM_FRONT_9699d6a8_01411f03,scene-0782,G51-A,17.883580841856805,1,275641,0.02614480579076295,0.022663918434276984,nan,65.12158487224079,69.05558013916016,518,294,0,518
scene-0782_CAM_FRONT_b52f55ca_d2033528,scene-0782,G51-A,22.731190174549543,1,281695,0.023430945470217512,0.021826523674479265,nan,65.12158487224079,69.601318359375,518,294,0,518
scene-0782_CAM_FRONT_962eba65_1f9b04c2,scene-0782,G51-A,34.905916461412154,1,310202,0.038864079714623134,0.03795313973968374,nan,65.12158487224079,69.35818481445312,518,294,0,518
scene-0782_CAM_FRONT_46ad54c9_9ab92b1a,scene-0782,G51-A,52.42341790752351,1,318598,0.031019029109968788,0.031381274675507394,nan,65.12158487224079,71.32603454589844,518,294,0,518
scene-0782_CAM_FRONT_a5786651_b8c807aa,scene-0782,G51-A,55.8722317913386,1,342082,0.021095518920118295,0.016318425365713353,nan,65.12158487224079,71.03462219238281,518,294,0,518
scene-0782_CAM_FRONT_d953e426_85328ff7,scene-0782,G51-A,48.17045416216946,1,295862,0.027109618381641276,0.026055277771293614,nan,65.12158487224079,69.34068298339844,518,294,0,518
scene-0782_CAM_FRONT_a5e20630_95682f83,scene-0782,G51-A,45.097917869514994,1,287089,0.0226132232785754,0.018406519113879725,nan,65.12158487224079,66.16622924804688,518,294,0,518
scene-0782_CAM_FRONT_e73de93e_a44ce71a,scene-0782,G51-A,41.20036143680445,1,325352,0.020504364308909562,0.014650761618067245,nan,65.12158487224079,64.6100082397461,518,294,0,518
scene-0783_CAM_FRONT_e8296505_4cba70bd,scene-0783,G51-A,29.224627867807712,1,365184,0.04170008884090892,0.032471374796710396,nan,65.12158487224079,65.8405990600586,518,294,0,518
scene-0783_CAM_FRONT_b83a101d_8e4a8d5f,scene-0783,G51-A,24.09977564823142,1,402404,0.042848954439284714,0.03307392783808421,nan,65.12158487224079,68.72562408447266,518,294,0,518
scene-0783_CAM_FRONT_16c5497d_df9cfdd3,scene-0783,G51-A,29.554646191341718,1,385941,0.033653669883215276,0.016315644933762176,nan,65.12158487224079,66.64202880859375,518,294,0,518
scene-0783_CAM_FRONT_659e4da2_ead6c3fc,scene-0783,G51-A,32.93278461599744,1,486547,0.03322835577437244,0.03832530242148003,nan,65.12158487224079,65.22410583496094,518,294,0,518
scene-0783_CAM_FRONT_7e3103f3_29ba6159,scene-0783,G51-A,29.802296389847214,1,513241,0.04281532597552573,0.037661037562110374,nan,65.12158487224079,65.61746978759766,518,294,0,518
scene-0783_CAM_FRONT_d0481d9c_b5b0d31c,scene-0783,G51-A,25.587075151057398,1,512979,0.043198768492680895,0.031697381215138536,nan,65.12158487224079,69.76739501953125,518,294,0,518
scene-0783_CAM_FRONT_ffdac092_4a0987ae,scene-0783,G51-A,24.085456960770905,1,471652,0.029421788182621977,0.009877546403634736,nan,65.12158487224079,71.26362609863281,518,294,0,518
scene-0783_CAM_FRONT_19fa5068_37014a00,scene-0783,G51-A,22.51120770397241,1,416459,0.025324591317466005,0.02755012731635333,nan,65.12158487224079,73.32499694824219,518,294,0,518
scene-0784_CAM_FRONT_abad69b7_d96c132f,scene-0784,G51-A,22.16765424679488,1,333524,0.023078415919650208,0.011639470845322294,nan,65.12158487224079,73.63307189941406,518,294,0,518
scene-0784_CAM_FRONT_45dde1b2_942c0bdb,scene-0784,G51-A,22.657993861607142,1,329995,0.023290030456862176,0.005512294820316275,nan,65.12158487224079,73.38423156738281,518,294,0,518
scene-0784_CAM_FRONT_4872c7dd_d05af851,scene-0784,G51-A,22.408874610855438,1,319922,0.02404486723497179,0.01443422191466488,nan,65.12158487224079,73.51849365234375,518,294,0,518
scene-0784_CAM_FRONT_2efc90b9_5deba036,scene-0784,G51-A,22.877334124743328,1,327585,0.02542222448235787,0.01359357970451217,nan,65.12158487224079,72.76969146728516,518,294,0,518
scene-0784_CAM_FRONT_c34c1921_023d6155,scene-0784,G51-A,22.54957534327651,1,324804,0.022149387870595838,0.009596505286742942,nan,65.12158487224079,72.93950653076172,518,294,0,518
scene-0784_CAM_FRONT_4f4e7637_0a2b1d81,scene-0784,G51-A,22.59419925061174,1,320282,0.021437730702911217,0.008220094581797042,nan,65.12158487224079,73.1922836303711,518,294,0,518
scene-0784_CAM_FRONT_77d878ed_e39400ef,scene-0784,G51-A,22.87920078800989,1,321705,0.02036052750746764,0.007278159090818326,nan,65.12158487224079,73.43518829345703,518,294,0,518
scene-0784_CAM_FRONT_14a0ee8c_d764e9e7,scene-0784,G51-A,22.04999553339397,1,329025,0.024292167260337116,0.012642065909942402,nan,65.12158487224079,73.28634643554688,518,294,0,518
scene-0794_CAM_FRONT_159f9a70_a13789ea,scene-0794,G51-A,21.307369116167262,1,330363,0.014846956827291535,0.005165559761076161,nan,64.5614792846793,66.88957977294922,518,294,0,518
scene-0794_CAM_FRONT_448fb51a_b5bcd48b,scene-0794,G51-A,21.068078335274325,1,330763,0.019357282406113008,0.014092589349378858,nan,64.5614792846793,66.12652587890625,518,294,0,518
scene-0794_CAM_FRONT_3491f516_7505b580,scene-0794,G51-A,20.043529596977333,1,321127,0.01539767691928784,0.005469333045230602,nan,64.5614792846793,67.46585845947266,518,294,0,518
scene-0794_CAM_FRONT_5af88bc8_82dd7acb,scene-0794,G51-A,21.094834835844996,1,324795,0.018740292391511204,0.009005214517607366,nan,64.5614792846793,67.05555725097656,518,294,0,518
scene-0794_CAM_FRONT_957dd8ab_51265d17,scene-0794,G51-A,19.654067303345386,1,320529,0.01570080131319429,0.0025442663106818053,nan,64.5614792846793,67.36346435546875,518,294,0,518
scene-0794_CAM_FRONT_4144d6c9_3ae9a520,scene-0794,G51-A,19.52730804387568,1,328946,0.021471887444123983,0.01445571724678642,nan,64.5614792846793,68.63695526123047,518,294,0,518
scene-0794_CAM_FRONT_05afb6d4_7494f58f,scene-0794,G51-A,22.190033825414034,1,328039,0.023510816417067204,0.02248765669312428,nan,64.5614792846793,67.97325897216797,518,294,0,518
scene-0794_CAM_FRONT_e401b2cd_598c2006,scene-0794,G51-A,28.590767715852298,1,358585,0.02536907915895581,0.023225219662816758,nan,64.5614792846793,64.37063598632812,518,294,0,518
scene-0795_CAM_FRONT_f8e8dd98_056dd22a,scene-0795,G51-A,33.38492667728636,1,448638,0.03599009004335252,0.028926630607818266,nan,64.5614792846793,61.295631408691406,518,294,0,518
scene-0795_CAM_FRONT_9a24e469_98c0d0cc,scene-0795,G51-A,31.032629681519946,1,436356,0.03673301485595215,0.01791106963019773,nan,64.5614792846793,64.15129852294922,518,294,0,518
scene-0795_CAM_FRONT_c42d28e3_82db470c,scene-0795,G51-A,28.059713206027293,1,467363,0.06758087309882166,0.0580252879986699,nan,64.5614792846793,68.89825439453125,518,294,0,518
scene-0795_CAM_FRONT_9a7d7c46_eaf74971,scene-0795,G51-A,28.139903901901672,1,481840,0.04540535274402524,0.03423531317900416,nan,64.5614792846793,69.47553253173828,518,294,0,518
scene-0795_CAM_FRONT_eb22b014_5ded7d74,scene-0795,G51-A,31.87373750703828,1,525830,0.04048604271066125,0.011137359675049287,nan,64.5614792846793,66.86624908447266,518,294,0,518
scene-0795_CAM_FRONT_9719fcdf_97c0f9ec,scene-0795,G51-A,30.37567757701422,1,521464,0.03630740193384252,0.02531808494324185,nan,64.5614792846793,68.89734649658203,518,294,0,518
scene-0795_CAM_FRONT_f8883f89_b11caa5f,scene-0795,G51-A,29.350588842207024,1,459838,0.036027436414565184,0.018233972979152836,nan,64.5614792846793,68.70882415771484,518,294,0,518
scene-0795_CAM_FRONT_56ac73dd_e1c44489,scene-0795,G51-A,26.350562224061814,1,538556,0.042412984832399525,0.019895835859782527,nan,64.5614792846793,69.81221008300781,518,294,0,518
scene-0796_CAM_FRONT_c1676a2f_09205171,scene-0796,G51-A,26.357142037105078,1,564921,0.03272209631548417,0.015161072312469884,nan,64.5614792846793,69.7747573852539,518,294,0,518
scene-0796_CAM_FRONT_feaef544_3a7aa284,scene-0796,G51-A,26.98903488919466,1,565908,0.04680112659603908,0.02629704193037184,nan,64.5614792846793,67.72440338134766,518,294,0,518
scene-0796_CAM_FRONT_f218a2b4_312cd4d3,scene-0796,G51-A,30.064910911094785,1,534113,0.049197253885930436,0.02814990551196516,nan,64.5614792846793,69.74940490722656,518,294,0,518
scene-0796_CAM_FRONT_4aaaf68b_4786b3c0,scene-0796,G51-A,27.08298414781906,1,507809,0.03781167814408537,0.021947073570341393,nan,64.5614792846793,68.28862762451172,518,294,0,518
scene-0796_CAM_FRONT_4ee219c4_7df1288f,scene-0796,G51-A,25.98184665243022,1,490405,0.03899264766338595,0.03683704662420384,nan,64.5614792846793,68.65741729736328,518,294,0,518
scene-0796_CAM_FRONT_264c5f3a_1dba6570,scene-0796,G51-A,26.686971519402203,1,514880,0.024893978564590524,0.012455830339063102,nan,64.5614792846793,70.56609344482422,518,294,0,518
scene-0796_CAM_FRONT_3e7ed5cf_26e594c4,scene-0796,G51-A,28.512079398980823,1,561642,0.034851840061115524,0.017738077061837148,nan,64.5614792846793,71.0909194946289,518,294,0,518
scene-0796_CAM_FRONT_78e778e7_63c24b51,scene-0796,G51-A,25.99526973083942,1,499743,0.03594588909398455,0.01908760810955789,nan,64.5614792846793,69.28974151611328,518,294,0,518
scene-0797_CAM_FRONT_604d12eb_75642377,scene-0797,G51-A,25.934688719237702,1,532952,0.037347085957502024,0.016320028098020377,nan,64.5614792846793,68.70214080810547,518,294,0,518
scene-0797_CAM_FRONT_9d77cf89_ec2ce68b,scene-0797,G51-A,22.279968059392264,1,510151,0.03465489713825054,0.02091745538348737,nan,64.5614792846793,69.69422912597656,518,294,0,518
scene-0797_CAM_FRONT_ff16605e_0f6b0c88,scene-0797,G51-A,19.358155002891845,1,549690,0.051281209908812464,0.052069127878300314,nan,64.5614792846793,70.03736877441406,518,294,0,518
scene-0797_CAM_FRONT_a131cf4a_ccc5e44e,scene-0797,G51-A,17.2505801021529,1,521670,0.035150934491129826,0.017305101266510407,nan,64.5614792846793,66.86479949951172,518,294,0,518
scene-0797_CAM_FRONT_95594b53_311d52bc,scene-0797,G51-A,13.687401253693368,1,412394,0.019939158407557223,0.01250252897351607,nan,64.5614792846793,66.58245086669922,518,294,0,518
scene-0797_CAM_FRONT_7ce195be_ee7453aa,scene-0797,G51-A,11.134773947975852,1,352340,0.04387930285867636,0.008162296630308864,nan,64.5614792846793,66.5550765991211,518,294,0,518
scene-0797_CAM_FRONT_ef7f5664_5540e9c3,scene-0797,G51-A,11.503393918241693,1,327291,0.031524635794261346,0.013123383059793844,nan,64.5614792846793,65.89791107177734,518,294,0,518
scene-0797_CAM_FRONT_e075a437_caf5bbd3,scene-0797,G51-A,11.350426012630662,1,326873,0.02812459396207334,0.004658032361861909,nan,64.5614792846793,65.94457244873047,518,294,0,518
scene-0798_CAM_FRONT_154dbc84_745e6a48,scene-0798,G51-A,11.472750987567366,1,348752,0.03781204580780706,0.014816238620592219,nan,64.5614792846793,64.95124816894531,518,294,0,518
scene-0798_CAM_FRONT_e39e3e5e_70f8b282,scene-0798,G51-A,17.94236852134146,1,447672,0.029008360429074065,0.016956817097893387,nan,64.5614792846793,67.98128509521484,518,294,0,518
scene-0798_CAM_FRONT_a16e2908_4fc4dcd4,scene-0798,G51-A,22.67986107366264,1,531438,0.05109257741062789,0.01669920938761579,nan,64.5614792846793,67.59091186523438,518,294,0,518
scene-0798_CAM_FRONT_e49b120c_3e99c588,scene-0798,G51-A,21.875647645771235,1,507238,0.03498147307401034,0.021737254677403547,nan,64.5614792846793,68.44725799560547,518,294,0,518
scene-0798_CAM_FRONT_9f5cb220_2b2c6baf,scene-0798,G51-A,22.022735483447182,1,511204,0.030194179836422474,0.008435079354128452,nan,64.5614792846793,67.39347839355469,518,294,0,518
scene-0798_CAM_FRONT_6a652407_ef183f50,scene-0798,G51-A,25.25996856960479,1,497658,0.03590066261233216,0.027504652575272227,nan,64.5614792846793,67.92668151855469,518,294,0,518
scene-0798_CAM_FRONT_cee03d13_9be09474,scene-0798,G51-A,24.915822512515646,1,482685,0.025314506960287808,0.009878120352398777,nan,64.5614792846793,66.9853744506836,518,294,0,518
scene-0798_CAM_FRONT_fccf8baf_f05b1a3a,scene-0798,G51-A,26.866595203488377,1,554098,0.04413938943559703,0.03417109777481714,nan,64.5614792846793,69.11259460449219,518,294,0,518
scene-0799_CAM_FRONT_2eef1a0a_ff99e96d,scene-0799,G51-A,24.31325226369258,1,529748,0.033641436767109845,0.024204006664064765,nan,64.5614792846793,69.95707702636719,518,294,0,518
scene-0799_CAM_FRONT_10cca1fc_b4d61616,scene-0799,G51-A,24.21242593654434,1,592778,0.035735573937544896,0.014467874511378738,nan,64.5614792846793,70.5815200805664,518,294,0,518
scene-0799_CAM_FRONT_afac870c_acfe7cd9,scene-0799,G51-A,22.39502442741568,1,615858,0.04041669024368977,0.01815567435914365,nan,64.5614792846793,70.3522720336914,518,294,0,518
scene-0799_CAM_FRONT_247d0121_614aa888,scene-0799,G51-A,22.436387251861042,1,586605,0.03870511445619185,0.020271499873931988,nan,64.5614792846793,69.6924057006836,518,294,0,518
scene-0799_CAM_FRONT_09cb6ba6_abfc8664,scene-0799,G51-A,23.472925083174914,1,611019,0.04751149901753671,0.038177239026090284,nan,64.5614792846793,67.89139556884766,518,294,0,518
scene-0799_CAM_FRONT_2cb04989_ed19cd3f,scene-0799,G51-A,26.605675742808472,1,469889,0.03152509322174568,0.02579031629600958,nan,64.5614792846793,67.91746520996094,518,294,0,518
scene-0799_CAM_FRONT_5a9ad4e8_323a637e,scene-0799,G51-A,24.744786771616546,1,467964,0.056810894115250754,0.05766620904864111,nan,64.5614792846793,69.02713775634766,518,294,0,518
scene-0799_CAM_FRONT_300a5a9b_7293ddbc,scene-0799,G51-A,24.562460864120222,1,454968,0.03893794796965255,0.03304077912766889,nan,64.5614792846793,70.44886779785156,518,294,0,518
scene-0800_CAM_FRONT_94cd383e_b4a22db7,scene-0800,G51-A,24.343155782418947,1,513564,0.06258637783905652,0.04978370608416753,nan,64.5614792846793,70.01890563964844,518,294,0,518
scene-0800_CAM_FRONT_fa4978c3_4a74ff52,scene-0800,G51-A,25.18773223530394,1,491386,0.04983783004916953,0.04856093374213694,nan,64.5614792846793,68.81749725341797,518,294,0,518
scene-0800_CAM_FRONT_a07a94dd_c2557bfc,scene-0800,G51-A,27.393777818991097,1,525546,0.04836958162401239,0.03549926641291424,nan,64.5614792846793,67.24016571044922,518,294,0,518
scene-0800_CAM_FRONT_a7753324_83c7c252,scene-0800,G51-A,25.335442254358153,1,540983,0.06431759671609871,0.043767780517521906,nan,64.5614792846793,70.95226287841797,518,294,0,518
scene-0800_CAM_FRONT_c31f7047_0f67be8d,scene-0800,G51-A,25.651048700202573,1,570356,0.044574359903465366,0.018833441422373618,nan,64.5614792846793,70.9459228515625,518,294,0,518
scene-0800_CAM_FRONT_7ceeb5f1_f744fa72,scene-0800,G51-A,22.73017806349939,1,583601,0.03837212161798664,0.03316178201284433,nan,64.5614792846793,71.70816040039062,518,294,0,518
scene-0800_CAM_FRONT_71be574a_fc5f2295,scene-0800,G51-A,22.58388242894057,1,568478,0.062494662209725105,0.056927726330492215,nan,64.5614792846793,70.53355407714844,518,294,0,518
scene-0800_CAM_FRONT_0072eb21_43e2717b,scene-0800,G51-A,21.208425094781447,1,540923,0.03265208089117477,0.013954641390456232,nan,64.5614792846793,69.57693481445312,518,294,0,518
scene-0802_CAM_FRONT_63e3bc94_145b84c5,scene-0802,G51-A,23.262969088692195,1,596898,0.05320745511286473,0.03500348262802136,nan,64.5614792846793,69.95741271972656,518,294,0,518
scene-0802_CAM_FRONT_1739cd69_fbacf779,scene-0802,G51-A,25.003933706070285,1,540207,0.06581196259016275,0.07493229648557967,nan,64.5614792846793,70.18992614746094,518,294,0,518
scene-0802_CAM_FRONT_d04424a0_c6a183eb,scene-0802,G51-A,27.43891204055286,1,580555,0.033275228904738,0.010940772681139495,nan,64.5614792846793,69.36410522460938,518,294,0,518
scene-0802_CAM_FRONT_e0372044_76af4456,scene-0802,G51-A,30.120848871790038,1,555449,0.0340194659332802,0.009318575753427013,nan,64.5614792846793,69.11009216308594,518,294,0,518
scene-0802_CAM_FRONT_f443bc4e_81c66992,scene-0802,G51-A,28.04845619391825,1,562033,0.03265159661390493,0.01432590183396632,nan,64.5614792846793,70.48770904541016,518,294,0,518
scene-0802_CAM_FRONT_2eaa3189_199f19f7,scene-0802,G51-A,22.412008292214907,1,507629,0.03574708744608657,0.023378395134882574,nan,64.5614792846793,72.66215515136719,518,294,0,518
scene-0802_CAM_FRONT_95f5d988_f00d1ed5,scene-0802,G51-A,25.097507659313724,1,560955,0.04403720195184535,0.029880000011792626,nan,64.5614792846793,72.09654998779297,518,294,0,518
scene-0802_CAM_FRONT_731cf689_38ea2c2f,scene-0802,G51-A,23.993370908215667,1,584769,0.05049016079362678,0.03695531735525228,nan,64.5614792846793,72.48332977294922,518,294,0,518
scene-0904_CAM_FRONT_4e04d32a_7d54d3ab,scene-0904,G51-A,31.609794163812772,1,332934,0.030089503622547253,0.02347943540464225,nan,65.12158487224079,69.81253051757812,518,294,0,518
scene-0904_CAM_FRONT_ad17bfcf_3d83906b,scene-0904,G51-A,28.847359572784807,1,415956,0.04303069927645198,0.03441973683698427,nan,65.12158487224079,69.67548370361328,518,294,0,518
scene-0904_CAM_FRONT_a80271ef_0d2418d9,scene-0904,G51-A,16.945483359249604,1,440027,0.04137913270076288,0.0371618613271812,nan,65.12158487224079,70.7719955444336,518,294,0,518
scene-0904_CAM_FRONT_99be6149_93a381ca,scene-0904,G51-A,19.621550864361705,1,352398,0.04394905795968862,0.04522095338779346,nan,65.12158487224079,72.33282470703125,518,294,0,518
scene-0904_CAM_FRONT_7166e48f_fe515f0e,scene-0904,G51-A,16.271003372838404,1,410541,0.036564952874050594,0.022720706122703025,nan,65.12158487224079,73.48031616210938,518,294,0,518
scene-0904_CAM_FRONT_424d9df7_d0771d94,scene-0904,G51-A,17.25828540231299,1,375902,0.041599739119490664,0.03868677765231624,nan,65.12158487224079,73.9372787475586,518,294,0,518
scene-0904_CAM_FRONT_9246f535_666ce192,scene-0904,G51-A,19.010087682845747,1,375771,0.05197188475683312,0.05226742873827309,nan,65.12158487224079,72.8406982421875,518,294,0,518
scene-0904_CAM_FRONT_f552524e_4585ac4b,scene-0904,G51-A,17.929151550131927,1,371132,0.027879208819674872,0.01771251866731162,nan,65.12158487224079,70.31371307373047,518,294,0,518
scene-0905_CAM_FRONT_bc94beb7_75fc8c40,scene-0905,G51-A,37.81255001905489,1,332497,0.035185229910883464,0.023507415490991092,nan,65.12158487224079,68.68765258789062,518,294,0,518
scene-0905_CAM_FRONT_8820971b_94657cb3,scene-0905,G51-A,33.0457866915423,1,356031,0.03777858986419513,0.018011554489825818,nan,65.12158487224079,70.61083984375,518,294,0,518
scene-0905_CAM_FRONT_01956caa_cbed17f3,scene-0905,G51-A,36.429671087184865,1,391691,0.05055730418862714,0.03087904561380985,nan,65.12158487224079,69.21519470214844,518,294,0,518
scene-0905_CAM_FRONT_a545bf56_84ba798e,scene-0905,G51-A,33.224137090483616,1,381162,0.03517196606315798,0.021591705551559183,nan,65.12158487224079,71.11953735351562,518,294,0,518
scene-0905_CAM_FRONT_cc0b96ef_895fb05f,scene-0905,G51-A,34.79585507326819,1,479508,0.03152674914550224,0.014959431283433857,nan,65.12158487224079,71.57106018066406,518,294,0,518
scene-0905_CAM_FRONT_d7f45d26_9c9cdfaf,scene-0905,G51-A,32.90031490223931,1,550070,0.039030904972975566,0.011689432651939467,nan,65.12158487224079,72.09912872314453,518,294,0,518
scene-0905_CAM_FRONT_67a2888b_311efa82,scene-0905,G51-A,28.360654224341665,1,554474,0.06275501013098461,0.04606373817528874,nan,65.12158487224079,73.43075561523438,518,294,0,518
scene-0905_CAM_FRONT_a4b93c94_02f6ae7c,scene-0905,G51-A,29.169576038642962,1,400849,0.048470654495214927,0.059964063225265964,nan,65.12158487224079,69.45822143554688,518,294,0,518
scene-0906_CAM_FRONT_2fb7b5d1_7380c8cf,scene-0906,G51-A,30.185971577962242,1,406577,0.0470520124307896,0.03646448898777779,nan,65.12158487224079,71.30045318603516,518,294,0,518
scene-0906_CAM_FRONT_14994efc_27ab30ff,scene-0906,G51-A,32.62169546415154,1,342261,0.030958704460587683,0.018567348867205374,nan,65.12158487224079,73.29490661621094,518,294,0,518
scene-0906_CAM_FRONT_4739e7db_10bf5ad3,scene-0906,G51-A,34.474313999000664,1,361868,0.032979164786897774,0.01849205580101706,nan,65.12158487224079,71.77003479003906,518,294,0,518
scene-0906_CAM_FRONT_f5064bc8_0f546bbb,scene-0906,G51-A,34.142181422860844,1,381172,0.052971998529715236,0.032847921692692954,nan,65.12158487224079,70.8590316772461,518,294,0,518
scene-0906_CAM_FRONT_fe2427d4_8938bdb9,scene-0906,G51-A,33.80893676277851,1,377176,0.042144360405014236,0.024590267065744582,nan,65.12158487224079,69.60871887207031,518,294,0,518
scene-0906_CAM_FRONT_15bdb200_10fd9395,scene-0906,G51-A,40.70747983025984,1,362072,0.037865133102642945,0.020639764181877292,nan,65.12158487224079,68.2353286743164,518,294,0,518
scene-0906_CAM_FRONT_5018e6c1_38b44695,scene-0906,G51-A,42.33928742343033,1,374596,0.03463779058508587,0.02681376752781179,nan,65.12158487224079,71.53241729736328,518,294,0,518
scene-0906_CAM_FRONT_0d0f1e7f_04760450,scene-0906,G51-A,45.84517475605654,1,409854,0.041029689859163554,0.025352258920982272,nan,65.12158487224079,71.73764038085938,518,294,0,518
scene-0907_CAM_FRONT_e693989d_197990b8,scene-0907,G51-A,23.752610190845996,1,556420,0.050532009260584765,0.04547202891026715,nan,65.12158487224079,69.87178039550781,518,294,0,518
scene-0907_CAM_FRONT_ce93f225_20d3ca8e,scene-0907,G51-A,25.000048922206176,1,541824,0.03312743899547588,0.017716279623808832,nan,65.12158487224079,64.75048065185547,518,294,0,518
scene-0907_CAM_FRONT_5052ec00_a4ea60cc,scene-0907,G51-A,24.626935965762275,1,556516,0.04164777228314165,0.025104522618983674,nan,65.12158487224079,64.70232391357422,518,294,0,518
scene-0907_CAM_FRONT_86a69236_ebd128c8,scene-0907,G51-A,21.658977286294167,1,575266,0.047916555746530864,0.03947322674017399,nan,65.12158487224079,64.48303985595703,518,294,0,518
scene-0907_CAM_FRONT_10629cde_fa0391dc,scene-0907,G51-A,18.78107786016949,1,525450,0.04622638655806299,0.0266939235867234,nan,65.12158487224079,63.72474670410156,518,294,0,518
scene-0907_CAM_FRONT_ed107801_d20f18ba,scene-0907,G51-A,14.86917530318643,1,412074,0.02630030770839653,0.016777491589272064,nan,65.12158487224079,64.16959381103516,518,294,0,518
scene-0907_CAM_FRONT_99df68e7_5a1272e9,scene-0907,G51-A,15.288559767376679,1,375708,0.027751016697900033,0.010005575240549208,nan,65.12158487224079,64.7950668334961,518,294,0,518
scene-0907_CAM_FRONT_30507c77_f224f268,scene-0907,G51-A,15.740499096074377,1,437722,0.028736549988793714,0.005075018584198274,nan,65.12158487224079,64.54940795898438,518,294,0,518
scene-0908_CAM_FRONT_a4782f7a_10103847,scene-0908,G51-A,14.298917764221072,1,421022,0.027865722365891354,0.006401892309288863,nan,65.12158487224079,65.36338806152344,518,294,0,518
scene-0908_CAM_FRONT_3de1d789_c11fe9bc,scene-0908,G51-A,15.299212576329028,1,481858,0.02945906403627374,0.015338941520747433,nan,65.12158487224079,65.82515716552734,518,294,0,518
scene-0908_CAM_FRONT_3894f0cc_b82c2ddc,scene-0908,G51-A,17.20334633422665,1,544609,0.031488134043720084,0.018523203168217334,nan,65.12158487224079,65.82756042480469,518,294,0,518
scene-0908_CAM_FRONT_7b173aed_3b3703bd,scene-0908,G51-A,19.019963569007,1,579920,0.030652462558934834,0.018888164543720012,nan,65.12158487224079,68.31665802001953,518,294,0,518
scene-0908_CAM_FRONT_f2138747_564de1d8,scene-0908,G51-A,23.68847960949688,1,490082,0.04942268534486738,0.04138514234147461,nan,65.12158487224079,67.89686584472656,518,294,0,518
scene-0908_CAM_FRONT_55f7c299_3b3a21ce,scene-0908,G51-A,35.16443452380952,1,416828,0.03429259681421648,0.019859201349570598,nan,65.12158487224079,68.62352752685547,518,294,0,518
scene-0908_CAM_FRONT_f2c4526f_e388dd5b,scene-0908,G51-A,28.623631057445447,1,509143,0.06522905107776955,0.039793019126994615,nan,65.12158487224079,69.13438415527344,518,294,0,518
scene-0908_CAM_FRONT_7000c2cc_30edd77d,scene-0908,G51-A,24.327755588717235,1,535119,0.04614037069718746,0.034622177223957204,nan,65.12158487224079,69.11163330078125,518,294,0,518
scene-0909_CAM_FRONT_3abf81a7_0084b0b7,scene-0909,G51-A,26.516538123401542,1,388401,0.03356776200590961,0.029757777753905913,nan,65.12158487224079,68.70903015136719,518,294,0,518
scene-0909_CAM_FRONT_b485d79c_86f3094a,scene-0909,G51-A,24.072280421401516,1,328426,0.05181786124031018,0.04719812141523689,nan,65.12158487224079,71.97933959960938,518,294,0,518
scene-0909_CAM_FRONT_8b3831ab_352c344b,scene-0909,G51-A,24.415851233717433,1,297913,0.030516358383151587,0.022337622226601375,nan,65.12158487224079,70.08721923828125,518,294,0,518
scene-0909_CAM_FRONT_6a1d73c7_0f5c4067,scene-0909,G51-A,29.04882074543452,1,325902,0.04891470546835208,0.045279769560877516,nan,65.12158487224079,69.68219757080078,518,294,0,518
scene-0909_CAM_FRONT_6e9f5f9e_1a175086,scene-0909,G51-A,42.60774025857961,1,305163,0.056004861492833236,0.051653700206296456,nan,65.12158487224079,67.6318588256836,518,294,0,518
scene-0909_CAM_FRONT_86c585f2_b9382e94,scene-0909,G51-A,35.68222735323887,1,300816,0.03904736854477764,0.03165746703812853,nan,65.12158487224079,67.40409088134766,518,294,0,518
scene-0909_CAM_FRONT_969ab515_60f5b50b,scene-0909,G51-A,32.20681412936547,1,320829,0.030080345216457083,0.0468798660241058,nan,65.12158487224079,70.11595916748047,518,294,0,518
scene-0909_CAM_FRONT_0fbeb606_47ae0878,scene-0909,G51-A,29.200938498402557,1,315226,0.035752008596825924,0.0344725510168245,nan,65.12158487224079,69.30428314208984,518,294,0,518
scene-0910_CAM_FRONT_43da5026_525a91b1,scene-0910,G51-A,30.242512462478558,1,324995,0.019111354797649582,0.016877503086147775,nan,65.12158487224079,68.21562194824219,518,294,0,518
scene-0910_CAM_FRONT_b7750984_7f72c0bb,scene-0910,G51-A,28.149610771752084,1,365837,0.04511547189807796,0.04529051375389623,nan,65.12158487224079,69.97620391845703,518,294,0,518
scene-0910_CAM_FRONT_6fc78b00_8119ac63,scene-0910,G51-A,25.84928276982012,1,349168,0.024364602187933793,0.02074034170645664,nan,65.12158487224079,70.73417663574219,518,294,0,518
scene-0910_CAM_FRONT_e1d7a25b_dcabeaa4,scene-0910,G51-A,29.302570154848663,1,414586,0.039680735229799424,0.039964546391347014,nan,65.12158487224079,70.9214096069336,518,294,0,518
scene-0910_CAM_FRONT_7af93e67_302c9592,scene-0910,G51-A,30.06533292340127,1,540045,0.04099949958824611,0.018917128654084046,nan,65.12158487224079,71.58539581298828,518,294,0,518
scene-0910_CAM_FRONT_51d189d9_8e891ad6,scene-0910,G51-A,36.740587179371396,1,577023,0.047899060732974785,0.03907763031729954,nan,65.12158487224079,69.38352966308594,518,294,0,518
scene-0910_CAM_FRONT_aa9468f8_0562be5d,scene-0910,G51-A,32.54895918159609,1,547137,0.03198422773248799,0.021654369425715775,nan,65.12158487224079,71.65251922607422,518,294,0,518
scene-0910_CAM_FRONT_4299ad6c_254812b1,scene-0910,G51-A,31.81335196024513,1,404994,0.03660123498235501,0.04655952240837672,nan,65.12158487224079,71.25376892089844,518,294,0,518
scene-0911_CAM_FRONT_d056b9bd_45df585a,scene-0911,G51-A,35.15523298816568,1,594244,0.033148928070203976,0.025861527188487533,nan,65.12158487224079,70.4298095703125,518,294,0,518
scene-0911_CAM_FRONT_c0d6f63b_728c7262,scene-0911,G51-A,32.972164878362335,1,584513,0.03055447109653997,0.02111234747716706,nan,65.12158487224079,67.29171752929688,518,294,0,518
scene-0911_CAM_FRONT_36decc5f_74843887,scene-0911,G51-A,28.999504950495055,1,535117,0.03061432603896108,0.017964077173578223,nan,65.12158487224079,68.04438781738281,518,294,0,518
scene-0911_CAM_FRONT_51c1eef6_07484c62,scene-0911,G51-A,30.276185397615937,1,546634,0.03388185292729107,0.012395788830131572,nan,65.12158487224079,71.70512390136719,518,294,0,518
scene-0911_CAM_FRONT_bbd330e5_2ec05dce,scene-0911,G51-A,31.298543483527137,1,557274,0.0373282056946973,0.0303795721438165,nan,65.12158487224079,71.21963500976562,518,294,0,518
scene-0911_CAM_FRONT_157dcf34_8c72fbe5,scene-0911,G51-A,30.80447721247961,1,469273,0.03280269865357566,0.023951990406922422,nan,65.12158487224079,67.21690368652344,518,294,0,518
scene-0911_CAM_FRONT_80e281bf_098e9762,scene-0911,G51-A,33.42393054277829,1,501441,0.038184921870019206,0.033430107777672656,nan,65.12158487224079,67.24069213867188,518,294,0,518
scene-0911_CAM_FRONT_a7cd913c_93780af3,scene-0911,G51-A,33.52401236429432,1,505164,0.03982303908560181,0.027492103713566102,nan,65.12158487224079,67.87738800048828,518,294,0,518
scene-0912_CAM_FRONT_8487e4c9_56a6c249,scene-0912,G51-A,29.28852238286369,1,375251,0.04491205235171236,0.03789729904167254,nan,65.12158487224079,70.03926849365234,518,294,0,518
scene-0912_CAM_FRONT_e7afb9a4_60ecb3e1,scene-0912,G51-A,32.76377821180556,1,348998,0.047585129706609886,0.047871577295300456,nan,65.12158487224079,68.97936248779297,518,294,0,518
scene-0912_CAM_FRONT_44183eea_2f1fd75c,scene-0912,G51-A,29.583374560246256,1,341425,0.03406665582994961,0.03412774974419868,nan,65.12158487224079,69.86587524414062,518,294,0,518
scene-0912_CAM_FRONT_41ce9907_3acae4c6,scene-0912,G51-A,31.86525670803016,1,316422,0.03949293049499358,0.033272707272551744,nan,65.12158487224079,67.72262573242188,518,294,0,518
scene-0912_CAM_FRONT_bf066d5f_83d3ee0e,scene-0912,G51-A,33.01860985024829,1,326728,0.05859841627610729,0.05938705537077614,nan,65.12158487224079,71.37422180175781,518,294,0,518
scene-0912_CAM_FRONT_cbb78ba0_0412bd89,scene-0912,G51-A,30.467122395833332,1,359106,0.03648468574425445,0.029702003230285292,nan,65.12158487224079,71.3334732055664,518,294,0,518
scene-0912_CAM_FRONT_d35d70df_01653ee2,scene-0912,G51-A,30.42162631381381,1,389237,0.04584974784735296,0.05150758465545136,nan,65.12158487224079,68.41764831542969,518,294,0,518
scene-0912_CAM_FRONT_2ef0e6bf_66dcc398,scene-0912,G51-A,28.476576956883786,1,389441,0.035049991337457786,0.014373403500040455,nan,65.12158487224079,64.660888671875,518,294,0,518
scene-0913_CAM_FRONT_1f048fa2_1e6f6e90,scene-0913,G51-A,35.665089495305175,1,318431,0.0368429643313366,0.028932719383549133,nan,65.12158487224079,70.85758209228516,518,294,0,518
scene-0913_CAM_FRONT_3ace3074_d2bfb598,scene-0913,G51-A,33.76797073161066,1,306361,0.03809484927357376,0.03297182635505889,nan,65.12158487224079,71.63687133789062,518,294,0,518
scene-0913_CAM_FRONT_a68a0818_0071536e,scene-0913,G51-A,29.578311248410678,1,325911,0.03248494378508804,0.0270571966185738,nan,65.12158487224079,70.77833557128906,518,294,0,518
scene-0913_CAM_FRONT_1ad48393_3608204a,scene-0913,G51-A,32.662576789529915,1,273608,0.03807574700699545,0.03391474713069985,nan,65.12158487224079,67.9885025024414,518,294,0,518
scene-0913_CAM_FRONT_81530763_ce9df8d8,scene-0913,G51-A,38.813512862647315,1,276869,0.04065704274212756,0.053373755759282944,nan,65.12158487224079,70.7562484741211,518,294,0,518
scene-0913_CAM_FRONT_3b156a67_5e2aad67,scene-0913,G51-A,44.72099878153669,1,276211,0.02562523598498423,0.026229911062291833,nan,65.12158487224079,70.25819396972656,518,294,0,518
scene-0913_CAM_FRONT_13783448_e60fea72,scene-0913,G51-A,50.24282997532894,1,302816,0.02275234120469305,0.026130086814242174,nan,65.12158487224079,70.9993667602539,518,294,0,518
scene-0913_CAM_FRONT_72fb4e43_98ce1160,scene-0913,G51-A,47.12033571896854,1,294638,0.030271084322252673,0.03289923607166566,nan,65.12158487224079,71.39734649658203,518,294,0,518
scene-0914_CAM_FRONT_f8de6e9a_10e6d207,scene-0914,G51-A,34.38357676630435,1,477973,0.022618012605804427,0.011208633290298104,nan,65.12158487224079,71.9144515991211,518,294,0,518
scene-0914_CAM_FRONT_f9fe6f80_1424390f,scene-0914,G51-A,30.34293671135646,1,491480,0.051447254443107715,0.03025637917189887,nan,65.12158487224079,69.47457122802734,518,294,0,518
scene-0914_CAM_FRONT_9a99dae6_614cb312,scene-0914,G51-A,26.05470580237617,1,470926,0.042835390205625545,0.024334597649734585,nan,65.12158487224079,67.77287292480469,518,294,0,518
scene-0914_CAM_FRONT_1c7ffbf1_16767ec4,scene-0914,G51-A,21.73311267946672,1,463384,0.04433679123468659,0.02201338994738172,nan,65.12158487224079,65.85759735107422,518,294,0,518
scene-0914_CAM_FRONT_6d1c615e_e0513430,scene-0914,G51-A,23.697722652151104,1,389518,0.05698903707988112,0.05482551392811523,nan,65.12158487224079,66.53253936767578,518,294,0,518
scene-0914_CAM_FRONT_a6389047_67fa7b67,scene-0914,G51-A,21.023202060403566,1,459302,0.052503163341994785,0.03316161833129184,nan,65.12158487224079,66.38855743408203,518,294,0,518
scene-0914_CAM_FRONT_8a39538c_98605ed7,scene-0914,G51-A,20.772881776588395,1,501298,0.03824085749814765,0.05778598944562687,nan,65.12158487224079,63.88291931152344,518,294,0,518
scene-0914_CAM_FRONT_b8a345e3_8a3346bb,scene-0914,G51-A,19.239997746394234,1,408558,0.04629463367238218,0.036325001409687835,nan,65.12158487224079,69.0420150756836,518,294,0,518
scene-0915_CAM_FRONT_7f8368b7_7c7be93d,scene-0915,G51-A,19.839887119544414,1,504461,0.042790909524008214,0.04778989612876943,nan,65.12158487224079,68.3251724243164,518,294,0,518
scene-0915_CAM_FRONT_a2ef08f7_cce9a021,scene-0915,G51-A,21.400947420634928,1,532884,0.043622329089401335,0.03799057278562461,nan,65.12158487224079,70.54410552978516,518,294,0,518
scene-0915_CAM_FRONT_6de71c96_005cfc5e,scene-0915,G51-A,29.16014192389975,1,675231,0.04014350310812764,0.03174939727671252,nan,65.12158487224079,68.39778137207031,518,294,0,518
scene-0915_CAM_FRONT_c6cebadf_c943bddd,scene-0915,G51-A,27.158423402255632,1,644290,0.03532200360561544,0.021499772842386553,nan,65.12158487224079,69.37065887451172,518,294,0,518
scene-0915_CAM_FRONT_d85a67be_246b21c5,scene-0915,G51-A,27.64788627320954,1,662168,0.031089001977002484,0.013557576397222913,nan,65.12158487224079,71.52213287353516,518,294,0,518
scene-0915_CAM_FRONT_87a927d7_666e8405,scene-0915,G51-A,23.83152326233183,1,579141,0.0381600557061339,0.028220623158478692,nan,65.12158487224079,71.22764587402344,518,294,0,518
scene-0915_CAM_FRONT_20fac9be_88bbcc1c,scene-0915,G51-A,33.738600728683295,1,676408,0.033118638828906644,0.029637114831588842,nan,65.12158487224079,69.31594848632812,518,294,0,518
scene-0915_CAM_FRONT_0a8dee95_cdefb1ef,scene-0915,G51-A,25.454615542763158,1,649363,0.03970969305785843,0.026667834263213754,nan,65.12158487224079,68.90379333496094,518,294,0,518
scene-0916_CAM_FRONT_b5989651_ac8b4d49,scene-0916,G51-A,20.692012716972027,1,507598,0.04275054853681581,0.01743868035428132,nan,64.5614792846793,67.75483703613281,518,294,0,518
scene-0916_CAM_FRONT_c1eed312_d8251bbc,scene-0916,G51-A,22.519719606164383,1,412378,0.060223302149272184,0.033706285202494586,nan,64.5614792846793,68.8213882446289,518,294,0,518
scene-0916_CAM_FRONT_048a45dd_609d5177,scene-0916,G51-A,19.488430542163396,1,609300,0.06414659485476237,0.030891836362795824,nan,64.5614792846793,68.71397399902344,518,294,0,518
scene-0916_CAM_FRONT_b1303058_e174cb43,scene-0916,G51-A,15.677688586297496,1,472432,0.02705650928431247,0.015629639930051432,nan,64.5614792846793,64.64328002929688,518,294,0,518
scene-0916_CAM_FRONT_6ff9723a_55c25897,scene-0916,G51-A,19.64532718082166,1,547688,0.05701072356595427,0.051757431429731146,nan,64.5614792846793,66.2426986694336,518,294,0,518
scene-0916_CAM_FRONT_44237858_e00dc151,scene-0916,G51-A,19.356821598101263,1,549149,0.04411125663341542,0.027918592164871445,nan,64.5614792846793,68.66118621826172,518,294,0,518
scene-0916_CAM_FRONT_e63b83b4_e54b784a,scene-0916,G51-A,22.083789062499996,1,532563,0.05397792554161418,0.04956145975659994,nan,64.5614792846793,67.12543487548828,518,294,0,518
scene-0916_CAM_FRONT_a1289b27_9cdbf5ff,scene-0916,G51-A,16.93655617589942,1,480680,0.05564190862120988,0.04462324201863287,nan,64.5614792846793,70.06367492675781,518,294,0,518
scene-0917_CAM_FRONT_8c5c08c8_f4b1ff82,scene-0917,G51-A,17.57993115717822,1,402521,0.04416587368389013,0.03754876788251901,nan,64.5614792846793,67.54114532470703,518,294,0,518
scene-0917_CAM_FRONT_018ef7dd_99d907c5,scene-0917,G51-A,16.61668253157503,1,503514,0.04530765343704535,0.02443849790929021,nan,64.5614792846793,70.56588745117188,518,294,0,518
scene-0917_CAM_FRONT_1dba2c2c_49eb8915,scene-0917,G51-A,13.979001984963457,1,395095,0.053572373173635945,0.025784655674809896,nan,64.5614792846793,69.45785522460938,518,294,0,518
scene-0917_CAM_FRONT_46285edc_90fbcb8d,scene-0917,G51-A,16.36372786350456,1,331915,0.049598395833028164,0.04845615784377809,nan,64.5614792846793,69.68374633789062,518,294,0,518
scene-0917_CAM_FRONT_37fbabc0_5bdba79e,scene-0917,G51-A,23.882236214571215,1,349248,0.06878692067901393,0.07915855931212418,nan,64.5614792846793,67.32897186279297,518,294,0,518
scene-0917_CAM_FRONT_19ccc1fa_bf452016,scene-0917,G51-A,22.7170884501921,1,300494,0.029826813020052967,0.027497820333645607,nan,64.5614792846793,66.54756164550781,518,294,0,518
scene-0917_CAM_FRONT_5fc28d5d_b34a0291,scene-0917,G51-A,23.612369611322716,1,315353,0.03525933067015474,0.04253765659203026,nan,64.5614792846793,68.96470642089844,518,294,0,518
scene-0917_CAM_FRONT_9dc543d8_3ce2de68,scene-0917,G51-A,21.19981151822763,1,410938,0.03865609931099989,0.025750538209263207,nan,64.5614792846793,70.0815658569336,518,294,0,518
scene-0919_CAM_FRONT_bd0c2713_9d89067a,scene-0919,G51-A,21.123188614698652,1,593760,0.04563023260941712,0.035216468910256,nan,64.5614792846793,70.27998352050781,518,294,0,518
scene-0919_CAM_FRONT_7110a0d1_9ef03c61,scene-0919,G51-A,18.86616785386029,1,649125,0.08527774008408784,0.0616239216942995,nan,64.5614792846793,67.18128204345703,518,294,0,518
scene-0919_CAM_FRONT_67f11693_6d9def1e,scene-0919,G51-A,20.87388189812008,1,490568,0.04289611050111897,0.03268993964397198,nan,64.5614792846793,65.57354736328125,518,294,0,518
scene-0919_CAM_FRONT_fc92fca5_1e606cc7,scene-0919,G51-A,26.607595872772826,1,585371,0.05052304536180108,0.017000401767455074,nan,64.5614792846793,61.1138801574707,518,294,0,518
scene-0919_CAM_FRONT_1752d62f_3beeafdd,scene-0919,G51-A,21.91843204047736,1,548528,0.06318067499607305,0.034648232665574694,nan,64.5614792846793,63.82325744628906,518,294,0,518
scene-0919_CAM_FRONT_a79fa282_72b648d5,scene-0919,G51-A,21.635283580801108,1,709147,0.05201277458524123,0.02462919202944872,nan,64.5614792846793,63.182464599609375,518,294,0,518
scene-0919_CAM_FRONT_a9ade377_188fe796,scene-0919,G51-A,14.53214082263765,1,598794,0.07607982171925709,0.056851674318192,nan,64.5614792846793,61.207828521728516,518,294,0,518
scene-0919_CAM_FRONT_0acad604_772f1168,scene-0919,G51-A,23.78453624175964,1,422053,0.023744887630070544,0.017740680365748357,nan,64.5614792846793,65.44489288330078,518,294,0,518
scene-0920_CAM_FRONT_e8a25125_b4628dfb,scene-0920,G51-A,24.87608027441198,1,393590,0.05355877386988439,0.03241005215306647,nan,64.5614792846793,69.4111557006836,518,294,0,518
scene-0920_CAM_FRONT_dca35073_00ec13f2,scene-0920,G51-A,20.32760851251605,1,684927,0.06878792122877186,0.07365302531187681,nan,64.5614792846793,67.27876281738281,518,294,0,518
scene-0920_CAM_FRONT_e84b6659_1c0fdeaa,scene-0920,G51-A,18.290745823948946,1,661061,0.03435362792886476,0.02032481255063323,nan,64.5614792846793,66.0975341796875,518,294,0,518
scene-0920_CAM_FRONT_f3a8bec1_6511c90b,scene-0920,G51-A,16.360400079617836,1,643598,0.048091699859319936,0.027570541058572505,nan,64.5614792846793,66.79882049560547,518,294,0,518
scene-0920_CAM_FRONT_7a38c623_84f28973,scene-0920,G51-A,15.636942037614979,1,621384,0.03844517251446877,0.020813521839272094,nan,64.5614792846793,70.35194396972656,518,294,0,518
scene-0920_CAM_FRONT_278d97e2_07edc519,scene-0920,G51-A,14.836763422539892,1,525658,0.036012658098216965,0.02151326570123095,nan,64.5614792846793,73.31471252441406,518,294,0,518
scene-0920_CAM_FRONT_79a42b12_d640474c,scene-0920,G51-A,17.773936319694243,1,454931,0.04722939237414003,0.029135866117724615,nan,64.5614792846793,69.64631652832031,518,294,0,518
scene-0920_CAM_FRONT_dcdbe656_d7b4858c,scene-0920,G51-A,23.68273415738162,1,570592,0.0474794081459613,0.029141617000054576,nan,64.5614792846793,69.60602569580078,518,294,0,518
scene-0921_CAM_FRONT_852e22db_5737334b,scene-0921,G51-A,20.175385320683798,1,406993,0.05066856114860929,0.04567492379553021,nan,64.5614792846793,68.75968933105469,518,294,0,518
scene-0921_CAM_FRONT_dce96ecc_4209f80d,scene-0921,G51-A,20.051435350251676,1,397607,0.01986661846229687,0.03034797210263085,nan,64.5614792846793,69.1412124633789,518,294,0,518
scene-0921_CAM_FRONT_94fc83c5_b4f20dcf,scene-0921,G51-A,21.07209549216028,1,284458,0.03418835446348556,0.018359509144029795,nan,64.5614792846793,71.3714599609375,518,294,0,518
scene-0921_CAM_FRONT_28715cdf_1ce20a30,scene-0921,G51-A,19.12919104562122,1,247976,0.018969807219949564,0.011238707045797644,nan,64.5614792846793,71.42774963378906,518,294,0,518
scene-0921_CAM_FRONT_fc46571b_9c40f85f,scene-0921,G51-A,18.129023406669297,1,249527,0.01911439782108104,0.012469536157731581,nan,64.5614792846793,71.02486419677734,518,294,0,518
scene-0921_CAM_FRONT_9742c1ad_05101786,scene-0921,G51-A,20.88598006810897,1,255934,0.016194627167553932,0.03291982262581295,nan,64.5614792846793,68.7440414428711,518,294,0,518
scene-0921_CAM_FRONT_8331a249_4fe7d92f,scene-0921,G51-A,21.560374891020047,1,335493,0.02847105035056874,0.01653938605833562,nan,64.5614792846793,71.94143676757812,518,294,0,518
scene-0921_CAM_FRONT_a024f1b7_791c46fa,scene-0921,G51-A,15.89190617075232,1,387460,0.03551044322563368,0.020744906156020704,nan,64.5614792846793,70.15463256835938,518,294,0,518
scene-0922_CAM_FRONT_73c335a2_54d0e038,scene-0922,G51-A,20.57141176812268,1,553355,0.036863353375943486,0.018408837794134398,nan,64.5614792846793,72.50045776367188,518,294,0,518
scene-0922_CAM_FRONT_2fb8e56b_a2b34ea2,scene-0922,G51-A,20.584794653306027,1,593507,0.05855274605876115,0.02307239083004992,nan,64.5614792846793,71.32781982421875,518,294,0,518
scene-0922_CAM_FRONT_d659884a_5e3a4619,scene-0922,G51-A,17.02221871722601,1,529870,0.050588805846162765,0.028186326465121522,nan,64.5614792846793,74.62726593017578,518,294,0,518
scene-0922_CAM_FRONT_8e2c9989_907f27be,scene-0922,G51-A,17.957283419610228,1,498064,0.040508528487609885,0.03684564738960318,nan,64.5614792846793,73.72344207763672,518,294,0,518
scene-0922_CAM_FRONT_90bf8cc6_b7cf1c23,scene-0922,G51-A,16.033978461417156,1,514781,0.041252646871581256,0.013279153106764875,nan,64.5614792846793,74.5692367553711,518,294,0,518
scene-0922_CAM_FRONT_b2bb80cb_c3ebdce9,scene-0922,G51-A,16.8975945327553,1,514719,0.0609958357013336,0.02596016245824136,nan,64.5614792846793,74.21464538574219,518,294,0,518
scene-0922_CAM_FRONT_85b3158e_af48d5a3,scene-0922,G51-A,18.45029810855263,1,544297,0.040042287229440365,0.02679780070488963,nan,64.5614792846793,73.11539459228516,518,294,0,518
scene-0922_CAM_FRONT_5d168d27_b78891c5,scene-0922,G51-A,18.329387425972925,1,558436,0.052011029544054344,0.03167807984025077,nan,64.5614792846793,72.89285278320312,518,294,0,518
scene-0923_CAM_FRONT_c07a4800_957eef00,scene-0923,G51-A,19.64436527628756,1,463958,0.03370675551709801,0.026522044601897322,nan,64.5614792846793,72.1292495727539,518,294,0,518
scene-0923_CAM_FRONT_9b4c2d1a_2a376dea,scene-0923,G51-A,27.467738003447025,1,497701,0.03182913243383467,0.02203097832356018,nan,64.5614792846793,71.41665649414062,518,294,0,518
scene-0923_CAM_FRONT_f96b2fb0_58bb75a7,scene-0923,G51-A,22.19942072088068,1,481049,0.03778363053999545,0.02038282797808971,nan,64.5614792846793,74.13436126708984,518,294,0,518
scene-0923_CAM_FRONT_ff9eff43_90314f29,scene-0923,G51-A,21.201845161826117,1,497265,0.043659103137617006,0.02817015850473156,nan,64.5614792846793,74.3427505493164,518,294,0,518
scene-0923_CAM_FRONT_84c5a3b5_02e64ee9,scene-0923,G51-A,21.687962242889792,1,479507,0.056021060698021596,0.04424080552030816,nan,64.5614792846793,74.9583511352539,518,294,0,518
scene-0923_CAM_FRONT_0bf7d8af_c217c812,scene-0923,G51-A,22.741649682971016,1,488987,0.05469759260925011,0.027160771111139893,nan,64.5614792846793,72.786376953125,518,294,0,518
scene-0923_CAM_FRONT_b6aec949_07562899,scene-0923,G51-A,28.60765101256983,1,471787,0.058853605434042944,0.03451342490163432,nan,64.5614792846793,70.95536041259766,518,294,0,518
scene-0923_CAM_FRONT_9a72a012_ddabe094,scene-0923,G51-A,21.545909785116205,1,497349,0.07632731345308841,0.05391190533991714,nan,64.5614792846793,74.883544921875,518,294,0,518
scene-0924_CAM_FRONT_c201dea8_9ed40a1c,scene-0924,G51-A,17.948851146625472,1,638330,0.07126546954964086,0.0544087222950321,nan,64.5614792846793,72.81974029541016,518,294,0,518
scene-0924_CAM_FRONT_de7e74c2_d9e3f634,scene-0924,G51-A,17.988052327517316,1,580462,0.04242233791812411,0.019879718153683036,nan,64.5614792846793,74.27326965332031,518,294,0,518
scene-0924_CAM_FRONT_6f5980b6_093439cd,scene-0924,G51-A,17.609662539154268,1,555646,0.07032606950302256,0.0652540790617135,nan,64.5614792846793,73.28475952148438,518,294,0,518
scene-0924_CAM_FRONT_39eacd41_604687c1,scene-0924,G51-A,16.716380191132764,1,513010,0.0557156020710774,0.03898507440182761,nan,64.5614792846793,66.83000946044922,518,294,0,518
scene-0924_CAM_FRONT_77909180_dd3bfc47,scene-0924,G51-A,22.681038831872687,1,556629,0.05339416636168215,0.035139939708771446,nan,64.5614792846793,64.97453308105469,518,294,0,518
scene-0924_CAM_FRONT_eb0ce46b_824c67e0,scene-0924,G51-A,18.577540425938043,1,506895,0.04385786905844036,0.014576953346220865,nan,64.5614792846793,63.63671875,518,294,0,518
scene-0924_CAM_FRONT_cef359e1_70780c59,scene-0924,G51-A,17.27513660099052,1,485974,0.08563013501682515,0.024023711247650046,nan,64.5614792846793,65.05401611328125,518,294,0,518
scene-0924_CAM_FRONT_56ef03aa_00fa4bf2,scene-0924,G51-A,13.759011346181978,1,540993,0.05769449949008676,0.018140401010836072,nan,64.5614792846793,64.60648345947266,518,294,0,518
scene-0925_CAM_FRONT_e6fcfc5c_56b595dc,scene-0925,G51-A,11.156182753921193,1,406846,0.0427840087536655,0.03398062692792286,nan,64.5614792846793,75.50054168701172,518,294,0,518
scene-0925_CAM_FRONT_50ae7fb9_28993b0f,scene-0925,G51-A,11.562458022388062,1,439343,0.02841156404879408,0.01736582459954312,nan,64.5614792846793,74.21690368652344,518,294,0,518
scene-0925_CAM_FRONT_204ed035_1745a8aa,scene-0925,G51-A,11.917169055223159,1,357067,0.022938301739951594,0.015412713190504104,nan,64.5614792846793,73.69684600830078,518,294,0,518
scene-0925_CAM_FRONT_5d09f3c4_03479e99,scene-0925,G51-A,10.213091658614726,1,414364,0.030336827063877303,0.014444006422630896,nan,64.5614792846793,70.91044616699219,518,294,0,518
scene-0925_CAM_FRONT_66725604_e6b2fa45,scene-0925,G51-A,11.991380941901411,1,434123,0.05277101757644864,0.04855569669414231,nan,64.5614792846793,71.67832946777344,518,294,0,518
scene-0925_CAM_FRONT_bbe84595_dd673198,scene-0925,G51-A,17.246274466192165,1,451773,0.04340029239714038,0.02067167787747358,nan,64.5614792846793,71.00724029541016,518,294,0,518
scene-0925_CAM_FRONT_0dd58808_a7d435d5,scene-0925,G51-A,19.409760810959504,1,624408,0.0480708169634434,0.027009101470345583,nan,64.5614792846793,69.85404205322266,518,294,0,518
scene-0925_CAM_FRONT_be34a4c9_2bdb1731,scene-0925,G51-A,17.774672901192336,1,567894,0.07308634877060882,0.03452551194538051,nan,64.5614792846793,69.07465362548828,518,294,0,518
scene-0926_CAM_FRONT_45eda670_78989332,scene-0926,G51-A,14.577765058534743,1,388336,0.02615138877873391,0.03833869339496181,nan,64.5614792846793,71.23674011230469,518,294,0,518
scene-0926_CAM_FRONT_7c4bfd7a_d11e40fe,scene-0926,G51-A,14.319276857206404,1,507466,0.04136019225647947,0.02452725836312644,nan,64.5614792846793,72.48040008544922,518,294,0,518
scene-0926_CAM_FRONT_8a05f7a2_26d153ce,scene-0926,G51-A,19.112026018240876,1,503412,0.047526442935519775,0.016508924619606978,nan,64.5614792846793,74.41216278076172,518,294,0,518
scene-0926_CAM_FRONT_91a161db_1998255a,scene-0926,G51-A,19.741925213788004,1,498091,0.02815178662526563,0.02574182382920384,nan,64.5614792846793,71.40665435791016,518,294,0,518
scene-0926_CAM_FRONT_cc8d4c54_6742957c,scene-0926,G51-A,19.759663709598914,1,459007,0.032468883742628574,0.032254216115853475,nan,64.5614792846793,72.5962905883789,518,294,0,518
scene-0926_CAM_FRONT_e1f394c2_b703e37c,scene-0926,G51-A,17.511686756532768,1,421262,0.025379090170231322,0.02289394296657879,nan,64.5614792846793,72.96137237548828,518,294,0,518
scene-0926_CAM_FRONT_e31dad83_70308748,scene-0926,G51-A,15.924792906746037,1,407571,0.029764613231518577,0.026120529942798457,nan,64.5614792846793,74.13446044921875,518,294,0,518
scene-0926_CAM_FRONT_7f10e68a_76e95a17,scene-0926,G51-A,17.367119403724242,1,403018,0.023928911442799183,0.015251339772247909,nan,64.5614792846793,74.12931823730469,518,294,0,518
scene-0927_CAM_FRONT_5d785cd9_f4e02ed6,scene-0927,G51-A,16.841595598759547,1,496063,0.041335612806675304,0.03051123597349935,nan,64.5614792846793,76.43373107910156,518,294,0,518
scene-0927_CAM_FRONT_3a9bf178_34f1c80e,scene-0927,G51-A,17.52865127682553,1,470452,0.041850625381892215,0.029569991898396545,nan,64.5614792846793,77.53876495361328,518,294,0,518
scene-0927_CAM_FRONT_39685006_f6c8351e,scene-0927,G51-A,18.562169376959243,1,532139,0.0520359795069103,0.026112734482874798,nan,64.5614792846793,75.00236511230469,518,294,0,518
scene-0927_CAM_FRONT_ceb32049_c485bc17,scene-0927,G51-A,18.409421526054594,1,486646,0.04642036107886005,0.036606310183847295,nan,64.5614792846793,74.79855346679688,518,294,0,518
scene-0927_CAM_FRONT_4ef4a5d9_0d9c4c2d,scene-0927,G51-A,17.76421072390224,1,391780,0.039717078612677925,0.031380282046680405,nan,64.5614792846793,71.19161224365234,518,294,0,518
scene-0927_CAM_FRONT_b010e143_486730ca,scene-0927,G51-A,18.371939444982125,1,450642,0.039766500658348525,0.025519371424681702,nan,64.5614792846793,70.58675384521484,518,294,0,518
scene-0927_CAM_FRONT_699b319a_0c6c611c,scene-0927,G51-A,20.27889664446721,1,508053,0.04712478360586747,0.035377362810958955,nan,64.5614792846793,72.02417755126953,518,294,0,518
scene-0927_CAM_FRONT_3ca673f7_89897ce7,scene-0927,G51-A,20.54954641040689,1,531273,0.05518338719255489,0.02080731301631511,nan,64.5614792846793,73.42137145996094,518,294,0,518
scene-0928_CAM_FRONT_fd091598_44bce708,scene-0928,G51-A,18.836681614099355,1,538890,0.053897678484764455,0.017466715879478,nan,64.5614792846793,73.0825424194336,518,294,0,518
scene-0928_CAM_FRONT_bd2e11f5_25d279c8,scene-0928,G51-A,21.46286167331813,1,490610,0.04468386255326173,0.042895236885831335,nan,64.5614792846793,70.87852478027344,518,294,0,518
scene-0928_CAM_FRONT_7723b0a5_0cb0b2de,scene-0928,G51-A,21.253263888888892,1,510802,0.04994791783913599,0.04073456369733892,nan,64.5614792846793,68.2422866821289,518,294,0,518
scene-0928_CAM_FRONT_8dffb9bb_4b1b6413,scene-0928,G51-A,15.748619623034223,1,501912,0.058081917176789455,0.02155992076150119,nan,64.5614792846793,71.28522491455078,518,294,0,518
scene-0928_CAM_FRONT_718a63b0_b1e7b23a,scene-0928,G51-A,14.466507289987918,1,409453,0.0421664082239368,0.023885979350835716,nan,64.5614792846793,69.15008544921875,518,294,0,518
scene-0928_CAM_FRONT_baf7925d_c3dcf31b,scene-0928,G51-A,15.639144199346406,1,427305,0.04296132422637866,0.034265449232239724,nan,64.5614792846793,73.58495330810547,518,294,0,518
scene-0928_CAM_FRONT_20a96478_8a383a92,scene-0928,G51-A,17.586307747060985,1,537469,0.051853587132077994,0.0305158193485158,nan,64.5614792846793,70.06121826171875,518,294,0,518
scene-0928_CAM_FRONT_512e7eaa_7e06e46c,scene-0928,G51-A,17.799923280547226,1,587950,0.041632159063783813,0.0170814095638321,nan,64.5614792846793,69.97949981689453,518,294,0,518
scene-0929_CAM_FRONT_dad9942e_b34fc5bc,scene-0929,G51-A,16.5505866397021,1,477511,0.045235890560336944,0.02887906826970855,nan,64.5614792846793,70.6354751586914,518,294,0,518
scene-0929_CAM_FRONT_cd553502_b5e8f960,scene-0929,G51-A,16.77421350167946,1,412229,0.04320776449483654,0.025758585752153722,nan,64.5614792846793,71.1449203491211,518,294,0,518
scene-0929_CAM_FRONT_5220c913_0f77ffe5,scene-0929,G51-A,17.569164202216843,1,403734,0.031948570657513775,0.018547565383210653,nan,64.5614792846793,73.67684936523438,518,294,0,518
scene-0929_CAM_FRONT_0305c100_cbaaec20,scene-0929,G51-A,17.48736609406694,1,361334,0.024945789922415917,0.015734397483456283,nan,64.5614792846793,72.06890869140625,518,294,0,518
scene-0929_CAM_FRONT_15606151_a84326b4,scene-0929,G51-A,16.21396062658763,1,371339,0.027154756635539457,0.01866635568774445,nan,64.5614792846793,69.36371612548828,518,294,0,518
scene-0929_CAM_FRONT_fc03376a_353a0ef8,scene-0929,G51-A,12.718313883541866,1,298270,0.032754754671640685,0.021858972311358645,nan,64.5614792846793,68.4312973022461,518,294,0,518
scene-0929_CAM_FRONT_14365b25_b7859e2f,scene-0929,G51-A,14.338314824047865,1,357709,0.05177038754983965,0.05755226097435002,nan,64.5614792846793,69.27845001220703,518,294,0,518
scene-0929_CAM_FRONT_c875925c_402da35d,scene-0929,G51-A,15.484575397205205,1,385794,0.030907157992857703,0.01697971891517506,nan,64.5614792846793,70.38548278808594,518,294,0,518
scene-0930_CAM_FRONT_e57fa712_36648b9c,scene-0930,G51-A,20.379378574346404,1,443086,0.055068022855391696,0.030772089851670115,nan,64.5614792846793,68.60427856445312,518,294,0,518
scene-0930_CAM_FRONT_08e65feb_1770f47c,scene-0930,G51-A,22.093912112706086,1,435638,0.05192526545916554,0.03673573566311766,nan,64.5614792846793,71.1121826171875,518,294,0,518
scene-0930_CAM_FRONT_d1c43c49_36f92785,scene-0930,G51-A,20.413652282523508,1,484652,0.05138526523906228,0.030035953110169055,nan,64.5614792846793,75.2989501953125,518,294,0,518
scene-0930_CAM_FRONT_89a95522_80fa5404,scene-0930,G51-A,22.545001921106564,1,504945,0.05222672018906627,0.028098713419168062,nan,64.5614792846793,74.62334442138672,518,294,0,518
scene-0930_CAM_FRONT_ebdaa986_4f0b05fa,scene-0930,G51-A,23.204545253119687,1,648105,0.03731078589340964,0.021776929878370547,nan,64.5614792846793,70.70045471191406,518,294,0,518
scene-0930_CAM_FRONT_e007e23c_39d6e57a,scene-0930,G51-A,21.41274566814994,1,606249,0.031030392283854624,0.01310544036257093,nan,64.5614792846793,70.09602355957031,518,294,0,518
scene-0930_CAM_FRONT_db9f6ddd_5a624b8b,scene-0930,G51-A,20.30176057505304,1,501878,0.04389340205155334,0.011290146018174997,nan,64.5614792846793,65.9449691772461,518,294,0,518
scene-0930_CAM_FRONT_db9fed7b_5619b8bd,scene-0930,G51-A,19.35796224721571,1,423898,0.058746228985752325,0.030943991183409073,nan,64.5614792846793,66.8060531616211,518,294,0,518
scene-0931_CAM_FRONT_b139c133_d9b7405e,scene-0931,G51-A,20.85104411572623,1,445179,0.06911802711319037,0.04163068267363543,nan,64.5614792846793,68.60848236083984,518,294,0,518
scene-0931_CAM_FRONT_c46eb104_1a18bb13,scene-0931,G51-A,19.75576775719616,1,666324,0.04273753225794508,0.02188422485263438,nan,64.5614792846793,71.6732406616211,518,294,0,518
scene-0931_CAM_FRONT_041205de_8e2f2524,scene-0931,G51-A,18.45259778602575,1,708930,0.047371986128911914,0.03016553433527602,nan,64.5614792846793,68.72711181640625,518,294,0,518
scene-0931_CAM_FRONT_20f91bd4_0c8613a6,scene-0931,G51-A,13.940511299560777,1,688772,0.03850891811869861,0.02940987173950826,nan,64.5614792846793,68.62885284423828,518,294,0,518
scene-0931_CAM_FRONT_6e454caa_dc9b951f,scene-0931,G51-A,11.91823321856602,1,647282,0.0339343659977116,0.03344374318019447,nan,64.5614792846793,70.15805053710938,518,294,0,518
scene-0931_CAM_FRONT_b631c946_bc33d196,scene-0931,G51-A,10.840547493152771,1,633053,0.033792795072527415,0.03360144527637527,nan,64.5614792846793,69.93653106689453,518,294,0,518
scene-0931_CAM_FRONT_35e0c40a_6713ca52,scene-0931,G51-A,12.1027180611949,1,636405,0.02967109759929576,0.022241472625181755,nan,64.5614792846793,68.85991668701172,518,294,0,518
scene-0931_CAM_FRONT_7f5e00d5_9fc32f87,scene-0931,G51-A,11.650639755109232,1,497492,0.02434800020162875,0.02353272999767147,nan,64.5614792846793,70.09843444824219,518,294,0,518
scene-0962_CAM_FRONT_b2a93b02_2463d4ed,scene-0962,G51-A,25.27720018999547,1,342937,0.042241776094281036,0.048876236789636644,nan,64.5614792846793,68.46867370605469,518,294,0,518
scene-0962_CAM_FRONT_754e47c5_c8634c59,scene-0962,G51-A,24.972642173423424,1,374936,0.023046344827924337,0.02898417723003979,nan,64.5614792846793,66.75838470458984,518,294,0,518
scene-0962_CAM_FRONT_4911451f_3fb3df6b,scene-0962,G51-A,24.582233515372174,1,379636,0.04941279941013721,0.04992286242137457,nan,64.5614792846793,67.20121765136719,518,294,0,518
scene-0962_CAM_FRONT_1b18579e_c189ad95,scene-0962,G51-A,34.06928929121725,1,346314,0.03709143803059467,0.03060953033120142,nan,64.5614792846793,67.3489990234375,518,294,0,518
scene-0962_CAM_FRONT_0382fe99_b31c7ca5,scene-0962,G51-A,32.255481350806456,1,378637,0.037039056437375706,0.06011728521691859,nan,64.5614792846793,70.89385986328125,518,294,0,518
scene-0962_CAM_FRONT_3139a4dc_d5155238,scene-0962,G51-A,18.985932933340827,1,395129,0.08397971284241601,0.07153514996319497,nan,64.5614792846793,73.27827453613281,518,294,0,518
scene-0962_CAM_FRONT_30c32466_01ac1c5f,scene-0962,G51-A,21.657422604458453,1,397607,0.033732757839404215,0.02825905703597397,nan,64.5614792846793,68.37238311767578,518,294,0,518
scene-0962_CAM_FRONT_6dee25fd_392894fd,scene-0962,G51-A,30.16245039682539,1,252734,0.026124544371642244,0.02871378995247026,nan,64.5614792846793,66.00276184082031,518,294,0,518
scene-0963_CAM_FRONT_637fc435_2894f77b,scene-0963,G51-A,41.390271441605854,1,277736,0.040074344354778635,0.0225194388932936,nan,64.5614792846793,68.24739837646484,518,294,0,518
scene-0963_CAM_FRONT_97411da2_12370234,scene-0963,G51-A,50.46844458856178,1,287426,0.0407807902653865,0.05288169782574329,nan,64.5614792846793,68.73978424072266,518,294,0,518
scene-0963_CAM_FRONT_98a4bccf_abf6a27f,scene-0963,G51-A,35.4880428538603,1,250157,0.024149257408931035,0.021386437835959494,nan,64.5614792846793,69.16101837158203,518,294,0,518
scene-0963_CAM_FRONT_766371d3_bb5af5ca,scene-0963,G51-A,23.09583137531328,1,243252,0.03272246713996707,0.029950636481708467,nan,64.5614792846793,71.19066619873047,518,294,0,518
scene-0963_CAM_FRONT_2cafae36_aae7792b,scene-0963,G51-A,21.48201396384242,1,245463,0.027831062779119176,0.02623269244534602,nan,64.5614792846793,68.88523864746094,518,294,0,518
scene-0963_CAM_FRONT_be97e44a_09a7c6bd,scene-0963,G51-A,32.427377863278444,1,269225,0.029460147488280963,0.025365253172539164,nan,64.5614792846793,66.95365142822266,518,294,0,518
scene-0963_CAM_FRONT_f8814501_be8633f0,scene-0963,G51-A,28.477439186789777,1,285936,0.016396767002285983,0.007338226336106669,nan,64.5614792846793,64.58547973632812,518,294,0,518
scene-0963_CAM_FRONT_882aeb15_ce7c4146,scene-0963,G51-A,27.730907628676476,1,259307,0.017345347519613252,0.024829269908143346,nan,64.5614792846793,66.0558090209961,518,294,0,518
scene-0966_CAM_FRONT_b5cbf927_70fef2d1,scene-0966,G51-A,21.884151273754917,1,396847,0.0262501967150377,0.022722637961843973,nan,64.5614792846793,66.3880615234375,518,294,0,518
scene-0966_CAM_FRONT_d2db7e12_586f3a3f,scene-0966,G51-A,17.192850172476398,1,366428,0.041852328322090404,0.04295109307867021,nan,64.5614792846793,64.64434051513672,518,294,0,518
scene-0966_CAM_FRONT_d8cc7ad7_6c5e3539,scene-0966,G51-A,16.45558048762666,1,365963,0.01989622750203024,0.006400370705781028,nan,64.5614792846793,64.68207550048828,518,294,0,518
scene-0966_CAM_FRONT_dcfd47c0_1cb428b0,scene-0966,G51-A,18.871570374668437,1,370918,0.02258547989515547,0.017424660170251488,nan,64.5614792846793,63.694175720214844,518,294,0,518
scene-0966_CAM_FRONT_9b20ac04_4da9b80e,scene-0966,G51-A,19.24123000841751,1,387933,0.02108645046929869,0.005943214118703882,nan,64.5614792846793,64.51911926269531,518,294,0,518
scene-0966_CAM_FRONT_5ad1d812_97b2a78e,scene-0966,G51-A,24.716071777343743,1,452384,0.04888234243260725,0.04409507867637355,nan,64.5614792846793,63.33576583862305,518,294,0,518
scene-0966_CAM_FRONT_ce4ea8ab_9e5e0d9f,scene-0966,G51-A,29.659961208391117,1,502489,0.03136899457526976,0.027086370945619276,nan,64.5614792846793,65.66790771484375,518,294,0,518
scene-0966_CAM_FRONT_dffffefb_3f6ce131,scene-0966,G51-A,33.056045788369296,1,566172,0.041102369092724356,0.034793720324571564,nan,64.5614792846793,64.37419891357422,518,294,0,518
scene-0967_CAM_FRONT_23d02c83_feeb907e,scene-0967,G51-A,34.10576350934414,1,568498,0.05611413597119386,0.009499445339762951,nan,64.5614792846793,64.8840560913086,518,294,0,518
scene-0967_CAM_FRONT_4d3f8452_ea235f4c,scene-0967,G51-A,30.349055742256002,1,450626,0.02784496262195768,0.008295779540207054,nan,64.5614792846793,65.04531860351562,518,294,0,518
scene-0967_CAM_FRONT_dab412ea_e2024bdc,scene-0967,G51-A,26.518690606725148,1,494858,0.023261551794168334,0.014662675397040553,nan,64.5614792846793,65.92354583740234,518,294,0,518
scene-0967_CAM_FRONT_0d3531c4_d493e106,scene-0967,G51-A,21.38711929066466,1,483267,0.03021508706788323,0.017774677631652195,nan,64.5614792846793,66.52802276611328,518,294,0,518
scene-0967_CAM_FRONT_817e7e53_218372bb,scene-0967,G51-A,19.274242493234805,1,417940,0.03895040130081573,0.02033090985152121,nan,64.5614792846793,66.48741912841797,518,294,0,518
scene-0967_CAM_FRONT_8ccbaa32_d87b0205,scene-0967,G51-A,22.02578062848051,1,449359,0.0450775542689823,0.008880489225835099,nan,64.5614792846793,67.74335479736328,518,294,0,518
scene-0967_CAM_FRONT_aaace027_f10cf1a4,scene-0967,G51-A,20.38117252802051,1,433610,0.039758154732276285,0.014818096704310323,nan,64.5614792846793,67.62324523925781,518,294,0,518
scene-0967_CAM_FRONT_558df2e9_b656c7df,scene-0967,G51-A,23.54960588177275,1,398467,0.05550224802094128,0.03828228186770113,nan,64.5614792846793,68.77467346191406,518,294,0,518
scene-0968_CAM_FRONT_aa298fdc_6c333a63,scene-0968,G51-A,21.120876582418557,1,481112,0.028039400091653732,0.012089666107565525,nan,64.5614792846793,68.83760070800781,518,294,0,518
scene-0968_CAM_FRONT_b06d517f_f53d39f4,scene-0968,G51-A,21.44685996854958,1,467051,0.027004806556580885,0.010939525292869614,nan,64.5614792846793,69.38597869873047,518,294,0,518
scene-0968_CAM_FRONT_e4dbec5e_c428be7e,scene-0968,G51-A,21.551880118015415,1,467705,0.02520376094313681,0.009070658565104464,nan,64.5614792846793,69.23147583007812,518,294,0,518
scene-0968_CAM_FRONT_119c8d25_34c683c2,scene-0968,G51-A,24.332756884477682,1,560686,0.04891417837473222,0.03264970133236106,nan,64.5614792846793,68.88665771484375,518,294,0,518
scene-0968_CAM_FRONT_00460925_bfa13689,scene-0968,G51-A,22.17622101469918,1,595238,0.027708009651120635,0.026706360027355578,nan,64.5614792846793,65.85910034179688,518,294,0,518
scene-0968_CAM_FRONT_22cc5daf_4c27ebb8,scene-0968,G51-A,19.829470061634066,1,518426,0.08247800958568874,0.039318946006499225,nan,64.5614792846793,66.64773559570312,518,294,0,518
scene-0968_CAM_FRONT_5df9f3f1_7f2bc98e,scene-0968,G51-A,20.378185781354794,1,572557,0.036482783338274594,0.02388883686561427,nan,64.5614792846793,64.77459716796875,518,294,0,518
scene-0968_CAM_FRONT_184a3de6_927a2dc6,scene-0968,G51-A,19.070065352043674,1,528113,0.028443490382348724,0.01857601179584358,nan,64.5614792846793,64.15596008300781,518,294,0,518
scene-0969_CAM_FRONT_923b34d4_ea7c5f51,scene-0969,G51-A,16.56058505639098,1,569350,0.03612548873814059,0.008179033051682228,nan,64.5614792846793,63.47832489013672,518,294,0,518
scene-0969_CAM_FRONT_e3a3363b_a04f92ca,scene-0969,G51-A,14.817425013314057,1,554618,0.03787550621114821,0.033339884977668155,nan,64.5614792846793,65.81156921386719,518,294,0,518
scene-0969_CAM_FRONT_0fa78a07_10540722,scene-0969,G51-A,18.541732130524863,1,439947,0.029606069272350766,0.018221736726850325,nan,64.5614792846793,67.33467864990234,518,294,0,518
scene-0969_CAM_FRONT_89804ee2_863d4849,scene-0969,G51-A,21.967638987252133,1,488306,0.03503868993720305,0.030769451641090056,nan,64.5614792846793,65.8558120727539,518,294,0,518
scene-0969_CAM_FRONT_e624c4c4_93d2488a,scene-0969,G51-A,16.80041241465718,1,386361,0.02675751674617821,0.019580589564408717,nan,64.5614792846793,64.4339599609375,518,294,0,518
scene-0969_CAM_FRONT_12831494_6c101672,scene-0969,G51-A,26.868750435965396,1,448276,0.030255338801849163,0.02178943044151999,nan,64.5614792846793,65.95962524414062,518,294,0,518
scene-0969_CAM_FRONT_d3fc0ca6_75f75895,scene-0969,G51-A,27.938252202413988,1,437750,0.058004487837486796,0.06392969930602027,nan,64.5614792846793,66.2573013305664,518,294,0,518
scene-0969_CAM_FRONT_2c16056f_c65d8181,scene-0969,G51-A,29.85153576151213,1,552786,0.03542143552406096,0.034042070465800565,nan,64.5614792846793,63.834712982177734,518,294,0,518
scene-0971_CAM_FRONT_45c4bd03_deefc567,scene-0971,G51-A,15.365541218408465,1,695766,0.07773092568921247,0.015661124801574295,nan,64.5614792846793,68.87195587158203,518,294,0,518
scene-0971_CAM_FRONT_d95a0f0a_ec55283a,scene-0971,G51-A,15.03024015273312,1,740004,0.02641691880606123,0.025408576726397493,nan,64.5614792846793,68.6369857788086,518,294,0,518
scene-0971_CAM_FRONT_0c9100bb_0b91ae54,scene-0971,G51-A,14.156414953044042,1,587302,0.06293682103843579,0.03820926579182552,nan,64.5614792846793,70.8292236328125,518,294,0,518
scene-0971_CAM_FRONT_cb99af54_e5164edf,scene-0971,G51-A,24.35934052115784,1,551516,0.03324014023040256,0.023498517162175655,nan,64.5614792846793,66.7053451538086,518,294,0,518
scene-0971_CAM_FRONT_d651efd7_bcb4f1b8,scene-0971,G51-A,25.68578234671759,1,474471,0.03448538997351713,0.02401852158054107,nan,64.5614792846793,64.5767593383789,518,294,0,518
scene-0971_CAM_FRONT_2c167c01_e63daf85,scene-0971,G51-A,26.945171139927623,1,509446,0.025106757818245118,0.011830876275756533,nan,64.5614792846793,66.25543975830078,518,294,0,518
scene-0971_CAM_FRONT_ed00752c_dd3e8360,scene-0971,G51-A,31.269106066724646,1,485744,0.036729421374510185,0.01698997340311752,nan,64.5614792846793,67.91297912597656,518,294,0,518
scene-0971_CAM_FRONT_11a83de0_b6fdaedd,scene-0971,G51-A,23.718963152431794,1,450775,0.03302394364427563,0.03193053844849956,nan,64.5614792846793,66.60639953613281,518,294,0,518
scene-0972_CAM_FRONT_e80bfd61_c8151359,scene-0972,G51-A,18.994004116263444,1,476369,0.0423720882659393,0.039486906310301405,nan,64.5614792846793,65.69310760498047,518,294,0,518
scene-0972_CAM_FRONT_6cd9c11f_dbaed053,scene-0972,G51-A,17.388591994887673,1,481233,0.024904051014948525,0.0064337636680656205,nan,64.5614792846793,65.9132080078125,518,294,0,518
scene-0972_CAM_FRONT_01c42b37_24d36d6c,scene-0972,G51-A,23.14991726069247,1,425590,0.03910736728616793,0.032849596428703984,nan,64.5614792846793,65.0115966796875,518,294,0,518
scene-0972_CAM_FRONT_68d1a328_53bc14f0,scene-0972,G51-A,29.81480094178083,1,407318,0.03344573535080686,0.027484984177785766,nan,64.5614792846793,64.18447875976562,518,294,0,518
scene-0972_CAM_FRONT_1241c106_98f5dd32,scene-0972,G51-A,25.003649623819825,1,475279,0.04503412530386974,0.025590898871676405,nan,64.5614792846793,66.98835754394531,518,294,0,518
scene-0972_CAM_FRONT_7d8ff417_32acb4d3,scene-0972,G51-A,22.296614113267147,1,621952,0.033154662727477247,0.015817169248175306,nan,64.5614792846793,68.857421875,518,294,0,518
scene-0972_CAM_FRONT_4f5b8cae_82c379e1,scene-0972,G51-A,23.888082620504495,1,574452,0.040902780374257874,0.05724817701617406,nan,64.5614792846793,64.5836181640625,518,294,0,518
scene-0972_CAM_FRONT_6b179cb7_0c381dc5,scene-0972,G51-A,27.20007272897898,1,546290,0.031608272281742344,0.027605562871969313,nan,64.5614792846793,64.53145599365234,518,294,0,518
scene-1059_CAM_FRONT_cb4504ed_fff51b00,scene-1059,G51-A,20.350882007940324,1,347855,0.06361853171044451,0.07144488942500397,nan,64.5614792846793,66.6645278930664,518,294,0,518
scene-1059_CAM_FRONT_97d92ade_bdea805e,scene-1059,G51-A,17.399892821116342,1,312178,0.06216945736087598,0.05385948172846545,nan,64.5614792846793,61.4587287902832,518,294,0,518
scene-1059_CAM_FRONT_a945d7d0_3aeb1dd2,scene-1059,G51-A,18.798860395357984,1,368549,0.05464418207299282,0.04261762898598155,nan,64.5614792846793,62.1328010559082,518,294,0,518
scene-1059_CAM_FRONT_3f8c45e9_2ff6e2f9,scene-1059,G51-A,17.238352982039306,1,452253,0.09544409189056591,0.09665481619983028,nan,64.5614792846793,61.85576248168945,518,294,0,518
scene-1059_CAM_FRONT_eb82a835_82f21b3a,scene-1059,G51-A,12.374606269001406,1,479573,0.08057766434390956,0.04834193142732581,nan,64.5614792846793,67.39860534667969,518,294,0,518
scene-1059_CAM_FRONT_f8ac246e_31c4135d,scene-1059,G51-A,10.317501921538073,1,386029,0.08604628107370704,0.08843254568139566,nan,64.5614792846793,71.81209564208984,518,294,0,518
scene-1059_CAM_FRONT_49e0e239_7dfdfced,scene-1059,G51-A,14.832204971410414,1,421493,0.11486864757330206,0.046963606701139006,nan,64.5614792846793,66.28853607177734,518,294,0,518
scene-1059_CAM_FRONT_171e5846_5253c29c,scene-1059,G51-A,20.810214368741057,1,468879,0.10846954626964855,0.07913505985397876,nan,64.5614792846793,66.26641082763672,518,294,0,518
scene-1060_CAM_FRONT_e74b8ce0_ffced1bc,scene-1060,G51-A,20.668833398744116,1,405316,0.11023001299565349,0.09351915738961383,nan,64.5614792846793,74.21549224853516,518,294,0,518
scene-1060_CAM_FRONT_ce3718b3_6a572eb7,scene-1060,G51-A,26.831746442091983,1,413038,0.10713531722585112,0.11416321572404936,nan,64.5614792846793,66.92113494873047,518,294,0,518
scene-1060_CAM_FRONT_2f51a63b_2fd7d4c5,scene-1060,G51-A,18.576725177586937,1,413654,0.1298915242609997,0.13668896389155813,nan,64.5614792846793,80.56827545166016,518,294,0,518
scene-1060_CAM_FRONT_d6297a6f_8df260af,scene-1060,G51-A,18.962828788610036,1,432492,0.09336736378535626,0.061464173722569584,nan,64.5614792846793,82.09829711914062,518,294,0,518
scene-1060_CAM_FRONT_e0e5ebc1_84eb0d49,scene-1060,G51-A,25.09210655416012,1,354594,0.11864118415739355,0.15275720776480298,nan,64.5614792846793,68.50037384033203,518,294,0,518
scene-1060_CAM_FRONT_263f230e_fb43e7b6,scene-1060,G51-A,20.288177186878727,1,478136,0.11910647148636677,0.10635810508849182,nan,64.5614792846793,75.75553894042969,518,294,0,518
scene-1060_CAM_FRONT_5510e4b6_0b0e7d27,scene-1060,G51-A,23.420926128308125,1,415723,0.07832555790532014,0.038588872512491136,nan,64.5614792846793,68.86207580566406,518,294,0,518
scene-1060_CAM_FRONT_3f9e2573_2deffe9a,scene-1060,G51-A,20.230199925658454,1,472112,0.09704276375061305,0.08369430120071773,nan,64.5614792846793,79.86964416503906,518,294,0,518
scene-1061_CAM_FRONT_79f64892_331fa27d,scene-1061,G51-A,14.898696384803923,1,426418,0.09210450554915472,0.09414359545699243,nan,64.5614792846793,79.17019653320312,518,294,0,518
scene-1061_CAM_FRONT_3eada6f4_9fa6e5f9,scene-1061,G51-A,17.161233067965778,1,520243,0.16121335931050051,0.11812428645748267,nan,64.5614792846793,86.0216293334961,518,294,0,518
scene-1061_CAM_FRONT_f8de8186_f267aa43,scene-1061,G51-A,19.009487214363435,1,467513,0.07958495866165771,0.05345393379561926,nan,64.5614792846793,76.07701110839844,518,294,0,518
scene-1061_CAM_FRONT_50e62add_8a75ea80,scene-1061,G51-A,24.575708725873163,1,556312,0.1450661422729671,0.1816832560326559,nan,64.5614792846793,61.073402404785156,518,294,0,518
scene-1061_CAM_FRONT_bb4f3cfb_50f1c83c,scene-1061,G51-A,27.78128744009585,1,454869,0.07307599098662543,0.03185056766805343,nan,64.5614792846793,61.56105041503906,518,294,0,518
scene-1061_CAM_FRONT_50e79730_01cf2593,scene-1061,G51-A,25.173064983443705,1,531855,0.078526401114829,0.06567691917320745,nan,64.5614792846793,69.04556274414062,518,294,0,518
scene-1061_CAM_FRONT_a08ae80f_1f7bbb7a,scene-1061,G51-A,23.324256080370795,1,491713,0.05237430583325864,0.040097823763225904,nan,64.5614792846793,72.34491729736328,518,294,0,518
scene-1061_CAM_FRONT_c3d70d9f_92e329cf,scene-1061,G51-A,26.78051956300813,1,400993,0.10725887120461497,0.11587580074367942,nan,64.5614792846793,65.28446960449219,518,294,0,518
scene-1062_CAM_FRONT_61789996_6b9a3650,scene-1062,G51-A,17.71399299537839,1,384252,0.08617945578171304,0.0768672361740783,nan,64.5614792846793,64.4617919921875,518,294,0,518
scene-1062_CAM_FRONT_c6d18bda_e1b741c0,scene-1062,G51-A,20.98859526252105,1,468260,0.0861713475405943,0.07382490265774366,nan,64.5614792846793,67.1644287109375,518,294,0,518
scene-1062_CAM_FRONT_cd1b9e25_4eed0329,scene-1062,G51-A,22.919515680889113,1,392875,0.09036997694611504,0.14720914846561808,nan,64.5614792846793,71.80770111083984,518,294,0,518
scene-1062_CAM_FRONT_6582e6af_17d12b97,scene-1062,G51-A,24.216851478494622,1,451356,0.057512472805386405,0.04202277195045448,nan,64.5614792846793,69.86337280273438,518,294,0,518
scene-1062_CAM_FRONT_e9550049_9a12dd12,scene-1062,G51-A,25.802176188546735,1,464564,0.08223753947999679,0.05042071086678727,nan,64.5614792846793,60.271881103515625,518,294,0,518
scene-1062_CAM_FRONT_1d0ccce7_1a776100,scene-1062,G51-A,24.378660010744976,1,394498,0.05240491045009876,0.03869183920112704,nan,64.5614792846793,63.905338287353516,518,294,0,518
scene-1062_CAM_FRONT_d1e5fd1c_62a84ee7,scene-1062,G51-A,23.685396634615387,1,372358,0.054928758055244886,0.02792762602311258,nan,64.5614792846793,64.70542907714844,518,294,0,518
scene-1062_CAM_FRONT_2e849ae0_4f371688,scene-1062,G51-A,23.809984300239233,1,323851,0.042712268312843804,0.009813678453062908,nan,64.5614792846793,64.82170867919922,518,294,0,518
scene-1063_CAM_FRONT_42c25025_7feaed03,scene-1063,G51-A,29.243046950556103,1,336179,0.09398594454088993,0.0741063160962963,nan,64.5614792846793,66.01957702636719,518,294,0,518
scene-1063_CAM_FRONT_291a44ae_b615d1af,scene-1063,G51-A,21.601318359374996,1,357731,0.07093058617259729,0.0567113724458582,nan,64.5614792846793,63.90981674194336,518,294,0,518
scene-1063_CAM_FRONT_01c3289b_e44b9739,scene-1063,G51-A,26.27122005746384,1,444644,0.04614693583456542,0.04917468813322182,nan,64.5614792846793,66.53976440429688,518,294,0,518
scene-1063_CAM_FRONT_4c1be72a_23ef1630,scene-1063,G51-A,31.29825197124304,1,499899,0.0687756535292916,0.0500697569941746,nan,64.5614792846793,65.06214141845703,518,294,0,518
scene-1063_CAM_FRONT_f291dbf1_65b000c4,scene-1063,G51-A,34.6296622199751,1,436568,0.05512094576613036,0.043497890218014895,nan,64.5614792846793,59.82768630981445,518,294,0,518
scene-1063_CAM_FRONT_46cf544f_b8849fcd,scene-1063,G51-A,25.423604860486055,1,408097,0.06164206462769073,0.05263464837699388,nan,64.5614792846793,71.38091278076172,518,294,0,518
scene-1063_CAM_FRONT_b44e59e4_49d97125,scene-1063,G51-A,22.957895043695995,1,335569,0.050111578500867004,0.04754341645179498,nan,64.5614792846793,66.86479949951172,518,294,0,518
scene-1063_CAM_FRONT_8190acd9_4b367031,scene-1063,G51-A,26.20779898022249,1,413432,0.0815937779191045,0.0628385716773284,nan,64.5614792846793,68.42031860351562,518,294,0,518
scene-1064_CAM_FRONT_b62a484b_a354f386,scene-1064,G51-A,28.319687382607054,1,350635,0.10836112389675989,0.11097563958455518,nan,64.5614792846793,62.691795349121094,518,294,0,518
scene-1064_CAM_FRONT_6a26b824_c8241756,scene-1064,G51-A,33.29640191709112,1,397802,0.05466524392291294,0.05134435993395882,nan,64.5614792846793,59.18943405151367,518,294,0,518
scene-1064_CAM_FRONT_6f5c95dd_f722e39f,scene-1064,G51-A,22.435480420124478,1,422768,0.047588825130030044,0.03519808648157862,nan,64.5614792846793,62.05552291870117,518,294,0,518
scene-1064_CAM_FRONT_b8057780_cce69223,scene-1064,G51-A,17.311827452452455,1,347116,0.030474334120102586,0.029161205611661637,nan,64.5614792846793,63.32518768310547,518,294,0,518
scene-1064_CAM_FRONT_b1b4b2f5_3e8da1f9,scene-1064,G51-A,16.939671270011168,1,304936,0.061248497166508375,0.06712197917772422,nan,64.5614792846793,64.14695739746094,518,294,0,518
scene-1064_CAM_FRONT_aef5b6d3_1fcc8d01,scene-1064,G51-A,25.149834307640496,1,435436,0.05651353315538721,0.03993416116356833,nan,64.5614792846793,57.9053840637207,518,294,0,518
scene-1064_CAM_FRONT_d049eb8f_f0890b4c,scene-1064,G51-A,21.492265380668496,1,416093,0.0574805023084175,0.054387632296786094,nan,64.5614792846793,69.2622299194336,518,294,0,518
scene-1064_CAM_FRONT_23a90ef5_9435f311,scene-1064,G51-A,24.498175634096746,1,419333,0.03564106891864194,0.027547688973096385,nan,64.5614792846793,71.00725555419922,518,294,0,518
scene-1065_CAM_FRONT_dc2def2a_cc4e11ce,scene-1065,G51-A,21.597075480936628,1,429004,0.03631066696644192,0.019389536314120118,nan,64.5614792846793,68.84651947021484,518,294,0,518
scene-1065_CAM_FRONT_32e623d9_f7a93963,scene-1065,G51-A,23.697445561139023,1,352584,0.0390561674058294,0.052926012906947734,nan,64.5614792846793,68.54122161865234,518,294,0,518
scene-1065_CAM_FRONT_0acd18a2_f3fc850f,scene-1065,G51-A,25.972073327615785,1,470308,0.05954369364999179,0.04875046380451277,nan,64.5614792846793,72.875732421875,518,294,0,518
scene-1065_CAM_FRONT_d9288fbf_62c42fb6,scene-1065,G51-A,28.781828796504175,1,409983,0.03498144303721018,0.029503463024454103,nan,64.5614792846793,68.56890869140625,518,294,0,518
scene-1065_CAM_FRONT_eb921f24_90c191b4,scene-1065,G51-A,25.968718772710744,1,446009,0.08485453442124369,0.07813136851533307,nan,64.5614792846793,69.46894073486328,518,294,0,518
scene-1065_CAM_FRONT_41664d45_0b356d12,scene-1065,G51-A,23.537201364066444,1,348933,0.03171941978798687,0.0240574366438997,nan,64.5614792846793,71.9130630493164,518,294,0,518
scene-1065_CAM_FRONT_6b2940c6_4cf91043,scene-1065,G51-A,25.90510321100917,1,384428,0.05507993257568633,0.04922170108867543,nan,64.5614792846793,70.07478332519531,518,294,0,518
scene-1065_CAM_FRONT_f03bb2a5_0888060b,scene-1065,G51-A,32.85163853406326,1,412108,0.0641128984067516,0.05387155810073193,nan,64.5614792846793,64.45055389404297,518,294,0,518
scene-1066_CAM_FRONT_21bb21c8_d15d80fd,scene-1066,G51-A,28.71446253474366,1,360759,0.04899650709640646,0.05769526101274304,nan,64.5614792846793,63.30350875854492,518,294,0,518
scene-1066_CAM_FRONT_fc6ff393_99a4c956,scene-1066,G51-A,27.325666848121944,1,339141,0.058975436833167194,0.06130212272070161,nan,64.5614792846793,61.338565826416016,518,294,0,518
scene-1066_CAM_FRONT_f0ad08f0_259ea3f1,scene-1066,G51-A,29.165899305555556,1,401353,0.03750465944684134,0.030870405867519393,nan,64.5614792846793,59.46162796020508,518,294,0,518
scene-1066_CAM_FRONT_43b92f49_a36ddb26,scene-1066,G51-A,27.98296703791811,1,355048,0.03919564468560943,0.02959195724545683,nan,64.5614792846793,65.7935562133789,518,294,0,518
scene-1066_CAM_FRONT_118f9c10_d23b0449,scene-1066,G51-A,32.517336233367445,1,404375,0.05855333191732903,0.040682799950473886,nan,64.5614792846793,63.47345733642578,518,294,0,518
scene-1066_CAM_FRONT_33f8c4af_84324196,scene-1066,G51-A,32.10599656143102,1,432065,0.07371516808522927,0.06573177347907631,nan,64.5614792846793,63.906612396240234,518,294,0,518
scene-1066_CAM_FRONT_e6082479_54d5b307,scene-1066,G51-A,32.35378400827483,1,421663,0.06333558034520426,0.055836261073214745,nan,64.5614792846793,56.51311492919922,518,294,0,518
scene-1066_CAM_FRONT_f153f6d0_887e6f18,scene-1066,G51-A,26.50294518849206,1,351381,0.051891962659904145,0.06061280580198714,nan,64.5614792846793,60.087650299072266,518,294,0,518
scene-1067_CAM_FRONT_b6a9d120_243788e0,scene-1067,G51-A,29.58935575379452,1,326107,0.0617113365040014,0.0497748044283587,nan,64.5614792846793,61.02876663208008,518,294,0,518
scene-1067_CAM_FRONT_5f816fe1_6e1f02cb,scene-1067,G51-A,22.918595767988926,1,350474,0.03777020087507443,0.03442475908491504,nan,64.5614792846793,60.49906539916992,518,294,0,518
scene-1067_CAM_FRONT_dd29902d_f975cc2c,scene-1067,G51-A,22.477309893704003,1,378621,0.0626921025745073,0.05272321179306281,nan,64.5614792846793,64.95194244384766,518,294,0,518
scene-1067_CAM_FRONT_f9cb1bb0_c30d133f,scene-1067,G51-A,26.533639461436167,1,363949,0.040460935723150016,0.02717417896694674,nan,64.5614792846793,62.084415435791016,518,294,0,518
scene-1067_CAM_FRONT_5cd3757b_165cc8e6,scene-1067,G51-A,21.84246104111406,1,281468,0.07152679784662141,0.07899835616072971,nan,64.5614792846793,65.30409240722656,518,294,0,518
scene-1067_CAM_FRONT_08461b5c_c6749814,scene-1067,G51-A,18.42227921498662,1,434429,0.06188654296242513,0.023615729877724662,nan,64.5614792846793,66.9544677734375,518,294,0,518
scene-1067_CAM_FRONT_c80fdd92_e604c860,scene-1067,G51-A,16.656588203463205,1,289958,0.04853366695244876,0.01643458493756283,nan,64.5614792846793,64.34739685058594,518,294,0,518
scene-1067_CAM_FRONT_589b79f6_ff729b4a,scene-1067,G51-A,17.580587312678396,1,296158,0.030847440642619572,0.01512279870176078,nan,64.5614792846793,64.41485595703125,518,294,0,518
scene-1068_CAM_FRONT_2920a331_f634fd06,scene-1068,G51-A,18.05741871204454,1,323106,0.0586287901814484,0.02448570827617246,nan,64.5614792846793,63.26418685913086,518,294,0,518
scene-1068_CAM_FRONT_23529e9b_7b0c6e14,scene-1068,G51-A,18.823424810689197,1,370326,0.0841442832351913,0.01624705286957045,nan,64.5614792846793,61.9344367980957,518,294,0,518
scene-1068_CAM_FRONT_419069c2_e004cf11,scene-1068,G51-A,20.963043947925954,1,334527,0.037208058857399084,0.019141318016321466,nan,64.5614792846793,62.75321960449219,518,294,0,518
scene-1068_CAM_FRONT_7bfe5634_8418f22e,scene-1068,G51-A,20.769477844238285,1,322926,0.0394915232978601,0.03634402813561701,nan,64.5614792846793,65.4412841796875,518,294,0,518
scene-1068_CAM_FRONT_6a32a4b2_7c690197,scene-1068,G51-A,22.816154342218404,1,314917,0.0599532904653417,0.0542722662976285,nan,64.5614792846793,64.24700164794922,518,294,0,518
scene-1068_CAM_FRONT_44963cfa_fcec74d8,scene-1068,G51-A,19.98097932520143,1,326403,0.05826584091066511,0.05791270683712258,nan,64.5614792846793,67.44438171386719,518,294,0,518
scene-1068_CAM_FRONT_f409a006_c3cfb27e,scene-1068,G51-A,27.072574207663195,1,319878,0.04579097902597917,0.038935876734628394,nan,64.5614792846793,61.90412521362305,518,294,0,518
scene-1068_CAM_FRONT_cd4fdfb5_f22f8f2f,scene-1068,G51-A,27.079461297719387,1,328414,0.052003130500833716,0.05161036814206242,nan,64.5614792846793,60.44260025024414,518,294,0,518
scene-1069_CAM_FRONT_b58985f7_ae52c4af,scene-1069,G51-A,20.833540797293878,1,320458,0.039998897625470375,0.028848137030568606,nan,64.5614792846793,59.72163391113281,518,294,0,518
scene-1069_CAM_FRONT_c7200859_ae8a5000,scene-1069,G51-A,26.861179390030063,1,311279,0.048787685231501676,0.024831316482549864,nan,64.5614792846793,58.73476791381836,518,294,0,518
scene-1069_CAM_FRONT_f4550267_e75cb39a,scene-1069,G51-A,31.930604092598585,1,445221,0.046389864703874295,0.036274193312174074,nan,64.5614792846793,60.06067657470703,518,294,0,518
scene-1069_CAM_FRONT_3af22799_f161848f,scene-1069,G51-A,32.45959738026494,1,416403,0.054972399167453556,0.06288927717113438,nan,64.5614792846793,60.87498474121094,518,294,0,518
scene-1069_CAM_FRONT_cd422c2f_e7e97dc4,scene-1069,G51-A,30.503801884541986,1,464131,0.054225622641211224,0.02794862524632731,nan,64.5614792846793,60.71690368652344,518,294,0,518
scene-1069_CAM_FRONT_3e8bbbf0_24dc629e,scene-1069,G51-A,27.250284686947875,1,448110,0.05957537454807893,0.04793236363566984,nan,64.5614792846793,61.10304641723633,518,294,0,518
scene-1069_CAM_FRONT_205bbed2_93001674,scene-1069,G51-A,30.893733527861453,1,441881,0.05334464276860196,0.017998666219798412,nan,64.5614792846793,61.81826400756836,518,294,0,518
scene-1069_CAM_FRONT_99d838dd_5ba9f3b3,scene-1069,G51-A,30.21306849888392,1,505823,0.07061876060748684,0.05353020499760046,nan,64.5614792846793,60.107643127441406,518,294,0,518
scene-1070_CAM_FRONT_23779301_bb88fe0c,scene-1070,G51-A,27.919165108618227,1,432828,0.059208003046710145,0.051630337983955596,nan,64.5614792846793,62.981231689453125,518,294,0,518
scene-1070_CAM_FRONT_55b96b9a_11a46849,scene-1070,G51-A,27.643491683467737,1,305062,0.044378422130955775,0.03523563512239346,nan,64.5614792846793,63.03889465332031,518,294,0,518
scene-1070_CAM_FRONT_1efc1f89_bb05f4d6,scene-1070,G51-A,32.117968213427204,1,479245,0.05450173297440619,0.0401113253233403,nan,64.5614792846793,60.50022888183594,518,294,0,518
scene-1070_CAM_FRONT_c97eef4c_bc33987f,scene-1070,G51-A,30.97445301128093,1,347344,0.03748720422290819,0.039214317855869756,nan,64.5614792846793,64.47587585449219,518,294,0,518
scene-1070_CAM_FRONT_918b8f22_c8c58d10,scene-1070,G51-A,34.12269631410256,1,414036,0.05185892230320843,0.09761758654290771,nan,64.5614792846793,59.75153732299805,518,294,0,518
scene-1070_CAM_FRONT_22312396_f9c8bf23,scene-1070,G51-A,31.174283364661658,1,477236,0.0457707030919452,0.020713323177471873,nan,64.5614792846793,64.88813018798828,518,294,0,518
scene-1070_CAM_FRONT_52e868a4_5e080253,scene-1070,G51-A,30.772209138293803,1,500877,0.06673653714864702,0.04693215519281832,nan,64.5614792846793,63.48971176147461,518,294,0,518
scene-1070_CAM_FRONT_f4f8526c_3c8e6743,scene-1070,G51-A,27.484759335867615,1,321646,0.0348582263604269,0.04977084659642279,nan,64.5614792846793,62.43136978149414,518,294,0,518
scene-1071_CAM_FRONT_7e351605_e4f3ba86,scene-1071,G51-A,31.328508809687783,1,427548,0.04321938403398784,0.02342467740872425,nan,64.5614792846793,62.17291259765625,518,294,0,518
scene-1071_CAM_FRONT_4afe649e_8ff61927,scene-1071,G51-A,28.15257824842023,1,431566,0.04955285521868147,0.04305288887504145,nan,64.5614792846793,63.24401092529297,518,294,0,518
scene-1071_CAM_FRONT_d73837c9_b4128199,scene-1071,G51-A,26.841316627627975,1,447459,0.043171896620246564,0.036022342815037856,nan,64.5614792846793,65.33897399902344,518,294,0,518
scene-1071_CAM_FRONT_f4a78e35_665d9302,scene-1071,G51-A,27.096217347992926,1,428008,0.04414195850339708,0.03407330960654631,nan,64.5614792846793,65.06910705566406,518,294,0,518
scene-1071_CAM_FRONT_8cd233f6_f5fcaa58,scene-1071,G51-A,27.198203722075256,1,503168,0.061822602530725135,0.03731948251412237,nan,64.5614792846793,63.985904693603516,518,294,0,518
scene-1071_CAM_FRONT_8e6c7f7a_8542f5f6,scene-1071,G51-A,25.839423723118273,1,443451,0.04441636622855105,0.03911166220469691,nan,64.5614792846793,63.446250915527344,518,294,0,518
scene-1071_CAM_FRONT_9abd85fd_4ab3ec11,scene-1071,G51-A,27.016421437047924,1,419512,0.05594794053483487,0.04983470269832098,nan,64.5614792846793,62.99386978149414,518,294,0,518
scene-1071_CAM_FRONT_a542b5d6_58ac8c22,scene-1071,G51-A,24.199367575449486,1,484903,0.10120233567070969,0.053699623596030976,nan,64.5614792846793,62.99398422241211,518,294,0,518
scene-1072_CAM_FRONT_f9ad282e_b6b30633,scene-1072,G51-A,27.206659434490486,1,421380,0.06996633359730886,0.05956837003976774,nan,64.5614792846793,63.403831481933594,518,294,0,518
scene-1072_CAM_FRONT_99a58537_1229d8b0,scene-1072,G51-A,30.177325332373897,1,453048,0.057291625798890466,0.04705056847009734,nan,64.5614792846793,58.94102478027344,518,294,0,518
scene-1072_CAM_FRONT_08cf9365_aa84c2a1,scene-1072,G51-A,28.751456799176246,1,462235,0.044316125981586296,0.023159968428032182,nan,64.5614792846793,61.27238845825195,518,294,0,518
scene-1072_CAM_FRONT_031c0539_8a655468,scene-1072,G51-A,26.354565177996136,1,436730,0.09025474663550392,0.08661957386193656,nan,64.5614792846793,64.0537338256836,518,294,0,518
scene-1072_CAM_FRONT_e780de70_53123cc5,scene-1072,G51-A,28.1904448233106,1,390267,0.04224782767079649,0.043054933742286354,nan,64.5614792846793,61.434837341308594,518,294,0,518
scene-1072_CAM_FRONT_c81faf62_0ad9191b,scene-1072,G51-A,23.079850062257886,1,414630,0.037713233782644906,0.029248237982237493,nan,64.5614792846793,66.822021484375,518,294,0,518
scene-1072_CAM_FRONT_8c88fa56_7e7a4ea0,scene-1072,G51-A,25.854266158197333,1,446425,0.04974589863468504,0.026600318078415352,nan,64.5614792846793,65.96137237548828,518,294,0,518
scene-1072_CAM_FRONT_a1bbde13_7d9d7658,scene-1072,G51-A,24.073247443487624,1,496623,0.042887567379716884,0.01786115303821094,nan,64.5614792846793,61.72191619873047,518,294,0,518
scene-1073_CAM_FRONT_127c5ddf_ca68f036,scene-1073,G51-A,10.253479610988904,1,449077,0.07817273379624767,0.01160189641048402,nan,64.5614792846793,62.10761642456055,518,294,0,518
scene-1073_CAM_FRONT_29ac0fcf_b0415129,scene-1073,G51-A,10.695933444849958,1,421227,0.07743908080654816,0.01929396317865857,nan,64.5614792846793,62.41170883178711,518,294,0,518
scene-1073_CAM_FRONT_9bccf886_e44d74c6,scene-1073,G51-A,10.332254877985998,1,446767,0.0771227485826449,0.014767964153108432,nan,64.5614792846793,63.131980895996094,518,294,0,518
scene-1073_CAM_FRONT_b85450b2_40fb1386,scene-1073,G51-A,11.846031183018317,1,463784,0.06138809919081267,0.02523470744934897,nan,64.5614792846793,59.713321685791016,518,294,0,518
scene-1073_CAM_FRONT_3fa66f73_0f3fbd16,scene-1073,G51-A,12.768223106014208,1,455957,0.0790350013732164,0.04771926958927402,nan,64.5614792846793,61.75906753540039,518,294,0,518
scene-1073_CAM_FRONT_1bfa473e_df9df601,scene-1073,G51-A,17.946214559492372,1,430920,0.05802703459099434,0.05053865233414498,nan,64.5614792846793,64.36446380615234,518,294,0,518
scene-1073_CAM_FRONT_bcb9325f_6906b7b4,scene-1073,G51-A,28.394052269345238,1,298145,0.0586236349880207,0.05030107956163597,nan,64.5614792846793,61.324092864990234,518,294,0,518
scene-1073_CAM_FRONT_f9b33fd3_f0ee73d4,scene-1073,G51-A,31.65484045105566,1,273754,0.031262476899680536,0.025553697479188685,nan,64.5614792846793,62.0049934387207,518,294,0,518
