clip_id,group,frame,offset,n_valid,s_c0,s_c3,s_moge,s_oracle,c0_abs_rel,c0_median_abs_rel,c0_median_abs_log,c0_rmse_m,c0_delta1,c0_n_valid,c0_delta2,c0_delta3,c0_absrel_0_10,c0_absrel_10_20,c0_absrel_20_40,c0_absrel_40_80,c3_abs_rel,c3_median_abs_rel,c3_median_abs_log,c3_rmse_m,c3_delta1,c3_n_valid,c3_delta2,c3_delta3,c3_absrel_0_10,c3_absrel_10_20,c3_absrel_20_40,c3_absrel_40_80,moge_abs_rel,moge_median_abs_rel,moge_median_abs_log,moge_rmse_m,moge_delta1,moge_n_valid,moge_delta2,moge_delta3,moge_absrel_0_10,moge_absrel_10_20,moge_absrel_20_40,moge_absrel_40_80,oracle_abs_rel,oracle_median_abs_rel,oracle_median_abs_log,oracle_rmse_m,oracle_delta1,oracle_n_valid,oracle_delta2,oracle_delta3,oracle_absrel_0_10,oracle_absrel_10_20,oracle_absrel_20_40,oracle_absrel_40_80
08_000000_000020_s5,08,0,-4,15883,27.3665,28.35684511457263,23.97878879775108,29.560553168507,0.0731914365600507,0.05204506548713246,0.053423589185640274,3.1571063954377325,0.9760120883963986,15883,0.9872190392243279,0.9893596927532582,0.052302478109174606,0.06823274521294394,0.1090446126171179,0.22688195361405977,0.04971243352983177,0.025527851648303516,0.025618245467404765,2.9662031982170296,0.9775231379462318,15883,0.9876597620096959,0.9896744947428068,0.029061225919016664,0.041947455714342,0.08906315129360895,0.20951798997634744,0.1844025659907658,0.16863664353476202,0.1845928478619081,4.376800976507296,0.7636466662469307,15883,0.9832525341560159,0.988730088774161,0.16802041766857678,0.1801501166876782,0.21269182214079482,0.3184852844898217,0.05347171880510326,0.036068918418249954,0.035731144928333514,2.8812816684128135,0.9775860983441416,15883,0.988289365988793,0.9896744947428068,0.04681911847578497,0.03753303552336328,0.0831657420195237,0.19270817110045158
08_000000_000020_s5,08,1,-3,16381,27.3665,28.35684511457263,23.97878879775108,29.560553168507,0.08675573121236965,0.07992420727977174,0.08322000861616319,2.49486822437444,0.9780843660338197,16381,0.9934680422440633,0.9970697759599536,0.08518526183821216,0.08030319671941702,0.09334619542080708,0.2976067017639862,0.05837790501911011,0.04781956732003133,0.048862529563967305,2.23827752191968,0.9842500457847506,16381,0.9947500152615836,0.9971308222941212,0.05288443101164667,0.05130057344455782,0.07095776137730579,0.27626979472569463,0.1963221993154074,0.19321229086441483,0.2146774212278959,3.9347842629405587,0.5920883950918747,16381,0.9911482815456932,0.9962151272816068,0.19768755184022896,0.19059390310393887,0.19851379251484833,0.3842482825350854,0.0391337008184308,0.024815477725255646,0.024868118801637085,2.1077369095516536,0.9851046944630975,16381,0.9949331542640865,0.9972529149624565,0.020782416718056813,0.03698650690858772,0.060651311996545325,0.2565364528472257
08_000000_000020_s5,08,2,-2,16803,27.3665,28.35684511457263,23.97878879775108,29.560553168507,0.0778481939470476,0.07390802180039786,0.07669279132994333,1.9135440364133227,0.9858358626435756,16803,0.9926798785931084,0.998809736356603,0.08604169818967242,0.06511034069205889,0.08852215117024681,0.12897795182601082,0.04889542726634915,0.041392961178631726,0.042238353284085095,1.6585697267071655,0.9861929417365947,16803,0.9931559840504672,0.9990477890852824,0.05296716768263077,0.03649819938752111,0.06530911463646351,0.10520079763904573,0.18961856766513535,0.18816021476566816,0.2084263124969281,3.3495646298847586,0.6736297089805392,16803,0.9917276676783907,0.9979170386240552,0.19918100272007438,0.178605085482985,0.19481703537528225,0.2360266887877063,0.0338128728850326,0.023084966678817712,0.023108846169608288,1.5604035459174603,0.9871451526513123,16803,0.9957745640659406,0.999226328631792,0.018336039814985453,0.03551868894241043,0.05311239007980882,0.09675402860406886
08_000000_000020_s5,08,3,-1,16361,27.3665,28.35684511457263,23.97878879775108,29.560553168507,0.05403696958091361,0.042393911812297805,0.043304711546201746,1.8364194901981676,0.983925187946947,16361,0.9919320334942852,0.9979830083735713,0.04273343423344596,0.0530237567522503,0.07195267191082579,0.1478516594208583,0.03779634405782549,0.022372095807558848,0.02233164186900649,1.6821229649826985,0.9845363975307133,16361,0.9921765173277917,0.9983497341238311,0.020182365079192348,0.03957384071513244,0.060934848799501534,0.12756592963734065,0.16497851287095802,0.1593457780358324,0.17353944904271668,3.149707418288344,0.8568547154819388,16361,0.9926654849948047,0.995904895788766,0.16111827192238665,0.16333062795557074,0.17195398695895717,0.2425905114261594,0.05256666770291276,0.04261078304256904,0.041966206551522056,1.7334937586391304,0.9841085508220769,16361,0.9931544526618178,0.9987775808324675,0.03713196577787286,0.058323369566825975,0.06423525848449584,0.12311742575416688
08_000000_000020_s5,08,4,0,16101,27.3665,28.35684511457263,23.97878879775108,29.560553168507,0.056656470275326214,0.03938308904867259,0.04015645904611942,1.9289355918087725,0.9786969753431464,16101,0.990124836966648,0.9957145518911868,0.031562363667180404,0.06891398488091997,0.08403874547824722,0.17093716686714253,0.040552611188431335,0.02217465106846874,0.022133236879056106,1.7339585941807314,0.9822371281286877,16101,0.9896900813614061,0.9958387677783989,0.018866590975371612,0.049917911623809395,0.06630379826708324,0.14181045945629453,0.16780589807907917,0.15633054262270255,0.1699778683270714,3.2645508825664633,0.8460344078007577,16101,0.9892553257561643,0.9926091547108875,0.1502314160006477,0.17545127361058926,0.187819610302696,0.2735672235851155,0.056297802432764533,0.0468032462029792,0.04586804947282008,1.7142642358189877,0.9827339916775356,16101,0.9898142972486181,0.9957145518911868,0.05031404034775952,0.05750556812849558,0.06499160136995387,0.11060663458335203
08_000025_000045_s5,08,0,-4,14815,27.3665,22.664676650539917,18.582136140046288,22.062611171272522,0.2220671389864643,0.23520221029270624,0.21125220072989803,3.342563714136507,0.622342220722241,14815,0.9937900776240297,0.995680053999325,0.24748856476166076,0.22105059900313362,0.16336702935754188,0.1705199788242192,0.04814008454812143,0.038387609925117964,0.037830240506597335,1.8619508164433096,0.9848126898413769,14815,0.9935200809989875,0.9962200472494094,0.03794650567775012,0.046188327372462576,0.07064708587112792,0.23939731381413737,0.17588459344742713,0.16183918672540193,0.17654002414434822,3.5121373782272127,0.7997300033749578,14815,0.9912251096861289,0.994802564967938,0.1556125787338757,0.17413136148051817,0.22257863787952165,0.371314591749742,0.04286481489481184,0.02364713249517868,0.023613495579208443,1.9661017864827603,0.9786702666216672,14815,0.9935200809989875,0.9957475531555856,0.023634999008020588,0.04291309932994221,0.08308394849030201,0.2535604299343155
08_000025_000045_s5,08,1,-3,14191,27.3665,22.664676650539917,18.582136140046288,22.062611171272522,0.22803128059529412,0.24143816282979808,0.21627518160875603,3.591182225679323,0.5724050454513424,14191,0.9917553378902121,0.9957719681488267,0.2503846471520978,0.23415941024102735,0.1575586887709477,0.21493399527404472,0.052196543252941215,0.040197636937567206,0.039577230877655634,2.2173524286837654,0.9823127334225917,14191,0.9930942146430837,0.9945740257909943,0.039838788854057415,0.052555233623980346,0.07169977835362398,0.222727961444937,0.1727776511870358,0.15768414472917017,0.17159279009048545,3.7172938247354215,0.8141780001409344,14191,0.9893594531745472,0.9937988866182792,0.15204476567156797,0.16654446760352024,0.2277316748068273,0.3588494188668938,0.04505518747218926,0.024969661624605663,0.02483331265819322,2.3031313761267396,0.9780847015714185,14191,0.9931646818406032,0.9943626241984356,0.022622874087555946,0.045976439535295566,0.08750032137369157,0.24039258968829186
08_000025_000045_s5,08,2,-2,13615,27.3665,22.664676650539917,18.582136140046288,22.062611171272522,0.21615648589137781,0.2273748553240739,0.20487762463304549,3.6038966536865966,0.6752111641571796,13615,0.9889092912229159,0.9950055086301873,0.24540708018060173,0.219314010368886,0.13891411815089988,0.20490072509789556,0.05372976287171948,0.03782661397877199,0.037450803098939556,2.6261181215685405,0.9770840984208593,13615,0.9911127432978333,0.9942710246052149,0.038696843209072476,0.05147395565138653,0.08066173901894136,0.23771985306635665,0.1828889516153328,0.16746126927796764,0.1832244955323863,4.167197011110456,0.7293426367976497,13615,0.986558942343004,0.9923613661402865,0.15690764956281955,0.1791847074352587,0.23903510451355864,0.37426911223194353,0.05153230663538997,0.02697657384760797,0.026906555153736633,2.742194513910188,0.9726037458685274,13615,0.9911861917003305,0.9937568857877341,0.02358840707327929,0.053173107416675275,0.10026086100323052,0.2570683386109663
08_000025_000045_s5,08,3,-1,12420,27.3665,22.664676650539917,18.582136140046288,22.062611171272522,0.2370582872609251,0.24276708801498126,0.21736369144705558,3.831864698493126,0.571256038647343,12420,0.9777777777777777,0.9876811594202899,0.26885276227502103,0.22416929600430585,0.18182463689811304,0.1786364898866224,0.06739757802358431,0.041769125055856025,0.041165064597628476,2.853305290649582,0.9644122383252818,12420,0.9809983896940419,0.9838164251207729,0.056635055538154476,0.06800123850840735,0.08899901949949915,0.1675916092473193,0.17813317522301317,0.1576914213258052,0.17160326706093176,4.220312691210578,0.7667471819645733,12420,0.9752012882447665,0.9826892109500805,0.14349996998878078,0.18701384198844628,0.24487751082860973,0.3175315809892799,0.06035044536139319,0.02880908064303809,0.02866900856239396,2.9445654599173774,0.9616747181964573,12420,0.9809983896940419,0.9835748792270531,0.03483627806361757,0.06709740644283801,0.10703696601503408,0.18970374278674818
08_000025_000045_s5,08,4,0,13527,27.3665,22.664676650539917,18.582136140046288,22.062611171272522,0.19901550744190383,0.20619716191066986,0.18748553436883952,3.2120315022536827,0.8422414430398463,13527,0.9910549271826717,0.996451541361721,0.23552297314181,0.20245067435998637,0.12799920728827918,0.14335594188381554,0.054626113359035895,0.031387543746056935,0.03127916929758334,2.150331348903687,0.9760479041916168,13527,0.9957122791454128,0.9965993938049826,0.03599394923714941,0.0556774523418887,0.07752745850320171,0.15605816182548976,0.19296914432521095,0.18149479308454924,0.200275520657339,4.11618839591921,0.6415317513121904,13527,0.9906113698528868,0.9975604346861832,0.16878847679748152,0.1880592498387277,0.24195471227086765,0.30807562918105513,0.06071871010130395,0.036928094671047684,0.03745183217513226,2.33066567140642,0.9691727655799512,13527,0.9956383529237821,0.9970429511347675,0.027237636155703793,0.06464440961729061,0.10065623076709601,0.17847667037554393
08_000050_000070_s5,08,0,-4,14894,27.3665,25.076819286379415,21.09173693254476,28.674226241614992,0.059501427967667386,0.039372748149272954,0.03909110083597467,2.7068799821729277,0.9499798576608031,14894,0.9956358265073184,0.9985228951255539,0.041939559133872574,0.05491499072335606,0.06774717032601639,0.16711732746523614,0.09520758024327916,0.07890840241846961,0.08198824999622478,3.5348933780026446,0.936551631529475,14894,0.9919430643212032,0.9981871894722707,0.057485922223264284,0.08626401667626968,0.1292083700025909,0.23660255242333636,0.23106983142750645,0.22202062299502806,0.2510386893393286,5.708445163350429,0.29542097488921715,14894,0.9532697730629783,0.9955686853766618,0.2042269208987036,0.21833934501281602,0.2649754049323138,0.3579178461437232,0.0806395766815394,0.07059048467568252,0.06888629211266828,2.5422242700830395,0.9444071438163019,14894,0.9963743789445414,0.9985228951255539,0.08551112213932383,0.07925680750008664,0.06694117379224179,0.1369713389070963
08_000050_000070_s5,08,1,-3,15117,27.3665,25.076819286379415,21.09173693254476,28.674226241614992,0.053978478039692745,0.041801316323768274,0.04118173442421291,2.453825324566936,0.9594496262485943,15117,0.9950386981543957,0.9971555202751868,0.04968818895328886,0.04355670857546566,0.07172669504535616,0.15464715097431317,0.07621622277660785,0.06217697591736106,0.06410724564818038,3.035321047394394,0.9521068995170999,15117,0.9940464377852749,0.9965601640537144,0.039562356282602185,0.07285388708802162,0.11506260856475867,0.20982299332684393,0.22010131115863626,0.21034594654984864,0.23611277595561964,5.016659898240076,0.40894357346034266,15117,0.9605741880002646,0.9952371502282199,0.1921437779952913,0.21534153115620752,0.25324368691088217,0.3340863014266947,0.08655340789056631,0.08123025043797105,0.07838499030643264,2.480832419774407,0.9678507640404842,15117,0.9950386981543957,0.9971555202751868,0.09828091230912693,0.07726386004332565,0.08717321117126539,0.13795243539792987
08_000050_000070_s5,08,2,-2,15302,27.3665,25.076819286379415,21.09173693254476,28.674226241614992,0.05559498983755581,0.04626189697740976,0.04542857810417611,2.25127930228864,0.9885635864592863,15302,0.9920271859887596,0.9939877140243105,0.06869826051738648,0.044048108366494566,0.05423192070066031,0.24159249750994374,0.0562803497293369,0.047033182651808336,0.04816980376318436,2.506946155150676,0.9851653378643315,15302,0.9914390275780943,0.9938570121552738,0.026604676593868556,0.05933902874445835,0.09113220696621299,0.26913374212118546,0.20346472284353975,0.19826564816607653,0.22096855625124068,4.116277579452948,0.52156580839106,15302,0.989935956084172,0.9930074500065351,0.1768751233127058,0.20683220724143228,0.23341558917062777,0.385279342327668,0.09746249713457779,0.0911377280337025,0.08732068971527496,2.4454959039335193,0.9885635864592863,15302,0.9922885897268331,0.9941837668278657,0.119038655503714,0.08648448179864408,0.08098077097519384,0.24695506843856196
08_000050_000070_s5,08,3,-1,15328,27.3665,25.076819286379415,21.09173693254476,28.674226241614992,0.05309186300587964,0.04032762491988027,0.039760642312603345,2.7757336294230917,0.9835594989561587,15328,0.9881263048016702,0.9936717118997912,0.05353768999418699,0.04321407137424457,0.06897189702451023,0.5956076736622579,0.06547148913017042,0.05342811475996541,0.054798334035165874,3.018052822030998,0.9819284968684759,15328,0.9873434237995825,0.9921711899791231,0.05257812489340288,0.05689624736538424,0.11706308436007319,0.6294420810710127,0.21004277645408156,0.20328013949402451,0.22724706088708957,4.3174108863552485,0.45002609603340293,15328,0.9850600208768268,0.988322025052192,0.19823939704751384,0.20295745835266926,0.2557564569971965,0.6883292870971645,0.0921264274745618,0.08464573439333781,0.08127858816635714,2.869901766931018,0.9831680584551148,15328,0.9882567849686847,0.9937369519832986,0.09515863592117914,0.08763077666690629,0.07990932569901975,0.5762835197858176
08_000050_000070_s5,08,4,0,14932,27.3665,25.076819286379415,21.09173693254476,28.674226241614992,0.07838668422014206,0.05409833014092575,0.052835267496416316,3.460209041560419,0.9687918564157514,14932,0.9783686043396732,0.9856683632467185,0.059981148012586166,0.07474483529512783,0.1352610099221443,0.8265747269122284,0.07289141310610306,0.049782207983687654,0.05086478697653818,3.506126879686335,0.9633002946691669,14932,0.9774310206268417,0.9832574336994374,0.0641678627339284,0.05285540177089452,0.14846790355355474,0.8410847483999395,0.2060124157069779,0.1957459383105548,0.21782263465202023,4.418325775022931,0.5512992231449236,14932,0.9754888829359765,0.9799758907045272,0.20805718074713367,0.18561125168670567,0.2483463513966548,0.8663387631804571,0.11743040490307192,0.0972114381402483,0.09306022696047567,3.6118670130849133,0.9547950709884812,14932,0.9783686043396732,0.9859362443075275,0.09929583179893701,0.1220883078169009,0.14795471580260397,0.8182874859213772
08_000075_000095_s5,08,0,-4,15955,27.3665,30.61955444057437,26.351226569252372,33.186537970329574,0.16818431752506527,0.1440093951427257,0.1554916233947632,3.878065007820887,0.8293324976496396,15955,0.9765590723911,0.9825133187088687,0.1485156996515733,0.17536622390924755,0.21379832843474267,0.2281338747994126,0.07606965418627241,0.04402163690203982,0.0449685236811197,3.056016288118903,0.95531181447822,15955,0.9786900658100909,0.9827013475399561,0.053577927885496986,0.08382424842691451,0.12909490772504845,0.1414993065386608,0.19819722776519963,0.17571881437561732,0.19323731186786186,4.2103131992050296,0.7127546223754309,15955,0.9742400501410217,0.9825759949858979,0.1789611264568067,0.20515616673601594,0.24291417930790746,0.2567694390480479,0.07302850559616489,0.05072509198823077,0.04978014503681871,2.8236107338321075,0.9682858038232529,15955,0.9784393607019743,0.9832654340332184,0.06332069132564007,0.07097922479085066,0.1037407579662377,0.1187526391586101
08_000075_000095_s5,08,1,-3,15098,27.3665,30.61955444057437,26.351226569252372,33.186537970329574,0.17708741814067394,0.15460331536567196,0.1679327072235408,4.072849496710109,0.8056033911776395,15098,0.9660219896675056,0.9811895615313286,0.1681047132217054,0.15705434231907575,0.22759702057553666,0.17683597407554116,0.08520237722450727,0.05492018513887682,0.05647646409150886,3.3295323151330676,0.9468141475692144,15098,0.9750960392104915,0.980527222148629,0.07066430861051735,0.06957584382330821,0.1431417847675855,0.07998618138562849,0.20695473626796101,0.18593086186800095,0.20569348094023177,4.391074668050462,0.6096834017750695,15098,0.9632401642601669,0.9811233275930586,0.19860890969808556,0.18678652579733918,0.2560766690718362,0.20737464597981659,0.07523972826156529,0.04856448962643295,0.04783808591489225,3.1795094852199877,0.9607232746059081,15098,0.976155782222811,0.9796661809511193,0.050621060235648545,0.08213230774687,0.12582992710438667,0.06133694076088235
08_000075_000095_s5,08,2,-2,15585,27.3665,30.61955444057437,26.351226569252372,33.186537970329574,0.16861406008310856,0.14314749578109934,0.15436392991107017,3.3897102016410665,0.752390118703882,15585,0.9790182868142445,0.9907603464870067,0.14767817788685392,0.16433963013689132,0.20906532644946912,0.17317298805074383,0.07733747591134552,0.04500233381241698,0.04567186740604523,2.298110606935125,0.9529034327879371,15585,0.9869104908565929,0.9917869746551171,0.05707295391156352,0.07347512940411927,0.1162793430511292,0.07524243920028789,0.19837189206455094,0.17439219345121515,0.19162367572030892,3.80158987877598,0.6153352582611485,15585,0.9748476098812962,0.9905678537054861,0.177897856941035,0.19387920527510455,0.23838819847885198,0.20384755356173462,0.07485193566513694,0.06064929592672645,0.05956171304564606,1.9780914883680236,0.9670195700994546,15585,0.9878729547641963,0.9916586461341033,0.08385086425202341,0.06641051748695775,0.07456702130269693,0.04556513141147494
08_000075_000095_s5,08,3,-1,14605,27.3665,30.61955444057437,26.351226569252372,33.186537970329574,0.16891198120472858,0.14819278416611523,0.1602822493584477,4.58329697193171,0.7624101335159192,14605,0.9740499828825745,0.9813762410133516,0.14246324497499144,0.16240413780768978,0.2118196600499179,0.46942697422505003,0.08082923308346891,0.050095102800234714,0.05098177270847559,3.8025349145706575,0.9576172543649435,14605,0.9765148921602191,0.9826086956521739,0.06185259156278995,0.06898552270238063,0.11953822618942823,0.40635778607361744,0.19931233382521046,0.17966378344290257,0.19798283969988617,4.902875704025008,0.6302636083533036,14605,0.9715850736049298,0.9809654228004108,0.17351097480084823,0.19313718116197953,0.24102318841942708,0.48911077361995553,0.07713340451002151,0.05489854373040743,0.054275996753641476,3.5636352123204347,0.9693255734337556,14605,0.9783635741184525,0.983224922971585,0.09002697012368602,0.0620923851862303,0.06673679840881692,0.36014597713101537
08_000075_000095_s5,08,4,0,15375,27.3665,30.61955444057437,26.351226569252372,33.186537970329574,0.1777826575220835,0.1714936921296297,0.18808117980595007,3.2185203002371203,0.7182439024390244,15375,0.9929105691056911,0.9974634146341463,0.17156284894576113,0.17860491457695205,0.18485106931667075,0.2578457908220097,0.08410197309963517,0.07413037559498051,0.07695026011816575,2.0710473893684167,0.9792520325203252,15375,0.9951219512195122,0.9990243902439024,0.0731046826427195,0.0863760724866864,0.09765706362723048,0.16962595833493896,0.2078233211113337,0.20218142851809162,0.22584426820850667,3.631475998168315,0.47733333333333333,15375,0.9912845528455284,0.9970081300813008,0.20229714922199765,0.20832224621106113,0.21460302083677218,0.28537906873829166,0.04525502813940365,0.03347030145936398,0.03353344539469427,1.6495863515256217,0.9863414634146341,15375,0.9962926829268293,0.9994146341463415,0.03532418498795699,0.04811127781750868,0.055528499303980405,0.10301403054328337
08_000100_000120_s5,08,0,-4,16991,27.3665,35.43657313946183,28.464897495872318,38.16029060143091,0.2516313937756173,0.2476409168855809,0.2845229478383291,5.649503401766644,0.03972691424871991,16991,0.9787534577129068,0.9917014890236008,0.24249330795311053,0.2549451043367302,0.26372051867307933,0.2807437182473404,0.045808826137502714,0.029383297100864184,0.02971618384809993,2.8291861789370674,0.9743982108174916,16991,0.9905243952680831,0.9957624624801366,0.030928792044470486,0.04705412588803769,0.07417330232888704,0.09738210589615377,0.22213538663660928,0.21746413789756602,0.24520478545122293,5.154360050025085,0.23718439173680184,16991,0.9807545170972868,0.9933494202813254,0.21244440773798814,0.22563787116968123,0.2354024196535192,0.2518752367547288,0.06507519092488659,0.05192372941509065,0.05070245793622208,2.8241525483841294,0.9744570655052675,16991,0.9924077452769113,0.9953504796657053,0.06050948614319332,0.057645681278510844,0.08868914890686647,0.09260981530255845
08_000100_000120_s5,08,1,-3,16053,27.3665,35.43657313946183,28.464897495872318,38.16029060143091,0.2508236872632995,0.25088536392405064,0.2888592492290498,4.614918773133352,0.1038435183454806,16053,0.9726530866504703,0.9935214601632094,0.24468116298083664,0.252828889633341,0.2624770619778337,0.250183500442234,0.051253718370641174,0.03753744811961824,0.03788942081859048,1.8871692071822914,0.9714695072572105,16053,0.9937706347723168,0.9985672459976328,0.04326345455207348,0.05015082867730965,0.07109006335219198,0.06819934178321983,0.22114250668007368,0.22086013595035867,0.249514597849267,4.144563469523511,0.24786644240951847,16053,0.976889055005295,0.9954525633837912,0.2145787242503822,0.2235396660469776,0.23311552464928476,0.22008843656932375,0.06441711586228568,0.04815646143614269,0.047097413123911025,2.031061047076485,0.9760169438734193,16053,0.9944558649473618,0.9983803650408023,0.05776051670829645,0.061057419322936096,0.08404884808677501,0.09006721204823989
08_000100_000120_s5,08,2,-2,16915,27.3665,35.43657313946183,28.464897495872318,38.16029060143091,0.2706222257690812,0.27060544515746343,0.315480959791669,6.013497460847425,0.0766183860478865,16915,0.9622228791013893,0.983742240614839,0.2776751811111477,0.26560377506067967,0.2523961338822837,0.3528886093692695,0.07440340489995673,0.060434742916734105,0.062036507832922805,4.038720934139988,0.9588530889742832,16915,0.9835057641146912,0.9892403192432752,0.0657731230157837,0.0700332130395061,0.07916315596766811,0.19502416377688087,0.24192875875315653,0.2413450451890352,0.27618844219065686,5.623628804161392,0.14673366834170853,16915,0.9662429796039018,0.9855749334909844,0.24876187979600875,0.23690770643353876,0.2236339747051851,0.32691577648895054,0.057723725539651556,0.028528935330432294,0.028436889976663604,4.081262778964187,0.9615725687259828,16915,0.9861661247413538,0.9900088678687555,0.02427423695309759,0.05617369623250367,0.1037336324849675,0.19146303108852442
08_000100_000120_s5,08,3,-1,16033,27.3665,35.43657313946183,28.464897495872318,38.16029060143091,0.24457794239965608,0.24678776620370374,0.28340240441060116,4.429727736006958,0.10715399488554855,16033,0.970186490363625,0.9937004927337366,0.2493750437408644,0.24176728971519726,0.23204905423816077,0.3325196644999554,0.048050808070391984,0.03267565460501211,0.03301565206452217,2.3507643211779463,0.970248861722697,16033,0.9939499781700243,0.9973804029189796,0.03728501379842104,0.04503569049285065,0.07167933874711976,0.20018610586561322,0.2147072747462568,0.21657297752736965,0.24405621620326956,4.016550590804099,0.3053078026570199,16033,0.9778581675294704,0.9946360631198153,0.21968052453044656,0.21185662956481832,0.201540884468577,0.3057292919986394,0.07223841707504906,0.054171023405901554,0.05285528062417022,2.6077790609930953,0.9719328884176386,16033,0.9946984344788873,0.9974427742780515,0.048994161009607295,0.07458895359034552,0.11322632028934065,0.22126317490399913
08_000100_000120_s5,08,4,0,16592,27.3665,35.43657313946183,28.464897495872318,38.16029060143091,0.2140879682249559,0.21302272727272728,0.23954143166738107,4.38093334108892,0.3161764705882353,16592,0.9752290260366442,0.9956605593056895,0.22081470338328554,0.20638525445411846,0.19810133925702608,0.2767072553771442,0.0485710480227658,0.02871798662938204,0.028458257191673608,2.2023237044685775,0.9697444551591128,16592,0.9949975891996142,0.9983727097396335,0.019198937824216424,0.054895809412773895,0.09131491344608894,0.10766942032858112,0.18315973329046503,0.1814800708469575,0.2002284124440269,3.9164305076883386,0.7660920925747348,16592,0.979086306653809,0.996142719382835,0.18955355004744806,0.17536165725466385,0.16777664617606286,0.247676764102178,0.11123538288752399,0.09969028966378908,0.09515751243709292,2.7040499316150406,0.96799662487946,16592,0.9963837994214079,0.9983124397299904,0.086589979225088,0.11992436485573621,0.15408516288847227,0.10935099715676153
08_000125_000145_s5,08,0,-4,16382,27.3665,30.84572447093761,24.756134285878566,31.930175352630194,0.1419201497825336,0.13442707961840236,0.14427697934821915,3.899066475289052,0.9308997680380906,16382,0.9735685508484923,0.9863874984739348,0.1369706426504831,0.12644200197284158,0.17413269374408302,0.17629061057615383,0.06597560768140906,0.0382819563605317,0.038617225968779034,3.079044251991365,0.9578806006592602,16382,0.9782688316444879,0.9855939445733122,0.05284222999489704,0.07123082476534,0.08330573242965451,0.08144178014456453,0.2183552131901044,0.2166246304121054,0.24405760454229897,4.927994360143053,0.3334757660847271,16382,0.967159077035771,0.9843730924185081,0.21522255858481362,0.1995261959460774,0.25203413872004204,0.2548604952363006,0.06473468207234215,0.029745991689703266,0.029658345267438158,3.0311730105079016,0.9564155780734953,16382,0.9794286411915517,0.9855939445733122,0.05101829383674948,0.07429237548423506,0.07659244755344802,0.07517532263297495
08_000125_000145_s5,08,1,-3,17276,27.3665,30.84572447093761,24.756134285878566,31.930175352630194,0.15548409297495366,0.135985982291946,0.14612583853026317,3.8622658974259645,0.9076175040518638,17276,0.9652697383653623,0.9791618430192174,0.16132731571605508,0.14657959273606697,0.1460504290900805,0.2997616891563586,0.07346054449786642,0.035478470270406445,0.03603525871761937,3.0263523903299263,0.9440842787682334,17276,0.9708844639962955,0.980608937253994,0.07720380656284231,0.061897428814550924,0.07205078180189005,0.23021497736204988,0.23062330765831812,0.21811121084144502,0.2458862866571344,4.909243119346881,0.2677124334336652,17276,0.9562398703403565,0.9794512618661727,0.23325966355873812,0.22412923882169183,0.22482367813150256,0.36655423034140405,0.07044934093658475,0.02977398079058617,0.029628537770900465,2.979618274507855,0.9431002546885853,17276,0.9712317666126418,0.9798564482519102,0.06566801648171451,0.06718362295359431,0.07433204155302268,0.22006968761965393
08_000125_000145_s5,08,2,-2,17189,27.3665,30.84572447093761,24.756134285878566,31.930175352630194,0.14739199902662584,0.1368476592757552,0.14700885806008612,4.000991550884746,0.9170399674210251,17189,0.9728314619814998,0.98301239164582,0.134573878169393,0.1403903640389081,0.17261860454130157,0.3258068453127662,0.06508991425735211,0.038523855549654644,0.03913074524337201,3.1870140214960188,0.9581709232648787,17189,0.9778346617022514,0.9867938798068532,0.049592152510980855,0.05347740345797276,0.10558296683844082,0.2426156783151323,0.22543463806424494,0.21869729485504977,0.2466458163167895,4.969704165309061,0.26842748269241956,17189,0.9685263831520158,0.980859852231078,0.21539387897798412,0.21763680779189656,0.2486032890478919,0.3901150577509999,0.060743735469496254,0.028687689789866112,0.028662594711673872,3.110020736417519,0.957589155855489,17189,0.9777764849613124,0.9874920006981209,0.04700212879100047,0.04684917831936786,0.10468251571006898,0.22012292588083876
08_000125_000145_s5,08,3,-1,16494,27.3665,30.84572447093761,24.756134285878566,31.930175352630194,0.13289405723429956,0.11546283217311654,0.12262542952736477,3.4418098977220586,0.9317933794106948,16494,0.9801746089487087,0.9888444282769492,0.13263672962444437,0.12823257767468013,0.1321961469629514,0.3091619656949943,0.05651679822964276,0.024262861370331165,0.024367182268173027,2.843574804463472,0.9602885897902268,16494,0.9826603613435189,0.9895719655632351,0.04409971455120463,0.05545343445827027,0.07420486961943616,0.22972760030275385,0.21047192411018362,0.1992531273094878,0.22215656142727458,4.328349609796276,0.5130350430459562,16494,0.9752031041590882,0.9878743785619013,0.20967265132070362,0.2055331507596166,0.21218293670881522,0.3750578573421115,0.06944469765891453,0.04006971152473789,0.03939560273211251,2.8601157029397846,0.958712259003274,16494,0.9823572208075664,0.9893294531344732,0.06154343028805659,0.06506720057196776,0.08554394433582736,0.22363387818808214
08_000125_000145_s5,08,4,0,15338,27.3665,30.84572447093761,24.756134285878566,31.930175352630194,0.1596719594226197,0.1332400760135136,0.14295766670825394,4.079358124555846,0.8620419872212804,15338,0.9564480375537879,0.9763984874168731,0.1367588489277576,0.1615028582230211,0.21667893639508634,0.402771662962248,0.06619523143237892,0.029481075715663448,0.029775558366244903,3.315029579279648,0.9230668926848351,15338,0.9708566957882384,0.9817446863997914,0.03828738093902297,0.069945835801492,0.1326543883571896,0.33065992885594414,0.23790002470776178,0.21566313302741996,0.24284684353738717,4.906037576948403,0.274025296648846,15338,0.9298474377363412,0.9735949928282697,0.21641288447231602,0.23995138469226648,0.29063610330351225,0.4597385522065835,0.06401079953979488,0.030897638002830623,0.03069920737699383,3.1969156137567527,0.9344764636849654,15338,0.9720954492111097,0.9829182422740905,0.04021568481621605,0.0643461534919309,0.12867737217267228,0.32037702660301665
08_000150_000170_s5,08,0,-4,15241,27.3665,31.60820864370529,24.10134211467702,32.90385599055384,0.18905730469046414,0.16335462816455695,0.1782906513685112,3.9270833024140486,0.8032281346368348,15241,0.9377993569975723,0.9616823043107408,0.1673381805964941,0.20147988030577427,0.21860603271666093,0.19809982492693998,0.08558170399271409,0.04068517932365662,0.04141200967631997,2.732450275806474,0.9006626861754478,15241,0.9577455547536251,0.969424578439735,0.05399716172968749,0.11340475736277204,0.10970916089507704,0.08397269715149248,0.2815343549004374,0.26296412037759437,0.3050385673833733,5.266105911022208,0.08332786562561512,15241,0.895282461780723,0.9579423922314809,0.2635369463233197,0.2896447239474313,0.3103080336844603,0.2919491278482141,0.07592474710755803,0.025863463798155604,0.025822462700460402,2.6166355277465776,0.904993110688275,15241,0.9582048422019552,0.9719178531592415,0.04222706192707857,0.10894506966852967,0.09646710648279269,0.06257029581375152
08_000150_000170_s5,08,1,-3,15538,27.3665,31.60820864370529,24.10134211467702,32.90385599055384,0.19478932372086502,0.17338836602468005,0.19016279400085356,4.187450871131538,0.7126399794053289,15538,0.9479340970523877,0.9631870253571888,0.1817745463998914,0.20913287302091285,0.18092206590413903,0.2204732048873209,0.08577518862950312,0.050302235823245875,0.051322582177610876,2.9517001170429022,0.9273394259235422,15538,0.9570086240185353,0.9705238769468401,0.07129062486303941,0.09752251622528028,0.08247958207015386,0.11388365804557671,0.2868900309968651,0.2712326190975043,0.31627612821894013,5.6107004595885845,0.052709486420388724,15538,0.9312652851074784,0.9563650405457588,0.2745926057999239,0.30187852000409876,0.2710779268270356,0.3061793298908589,0.06979455213167653,0.03107464762821492,0.03099175471006621,2.848118117410103,0.9271463508817094,15538,0.9577809241858669,0.973934869352555,0.05136796698512739,0.08296596768289602,0.07540586806980179,0.08838124806652346
08_000150_000170_s5,08,2,-2,16266,27.3665,31.60820864370529,24.10134211467702,32.90385599055384,0.15913964868050648,0.15350000238234973,0.1665931078750762,3.1561774351503247,0.8736628550350424,16266,0.9861674658797491,0.994528464281323,0.16304772852085753,0.15522752573655965,0.15499347033409575,0.19249037609145556,0.053171324138563805,0.03399591582892329,0.034282829557430894,2.0076274080103884,0.9725808434771916,16266,0.9887495389155293,0.9968646255994098,0.04196829504869985,0.05348834227932913,0.07988398368877819,0.07670776241576532,0.25674875058071867,0.25434033016331153,0.2933181177799471,4.602099425792873,0.0855157998278618,16266,0.9708594614533382,0.9905938767982294,0.26283810149515235,0.2516785994744496,0.2502515269055481,0.2886728819488001,0.05251679600029083,0.030627923680808987,0.030426506640197526,2.0411106932036978,0.9733185786302717,16266,0.9897331857863028,0.9969875814582565,0.030678333348269908,0.061652341814910507,0.08571826442343831,0.05260719910815791
08_000150_000170_s5,08,3,-1,14233,27.3665,31.60820864370529,24.10134211467702,32.90385599055384,0.15419566403824223,0.14165439632545931,0.15243695231050047,3.3935387631830345,0.9088034848591302,14233,0.9666268530878943,0.9738635565235719,0.15440241072863517,0.1509142310748009,0.15718832387455456,0.1861004168455188,0.0749011338417022,0.03429715437845228,0.03441569601224548,2.5350253279083574,0.9375395208318696,14233,0.9678212604510644,0.9776575563830535,0.047423371982569164,0.09422342667723586,0.09301794818084301,0.06185573086273693,0.24717479324962996,0.2433299568647912,0.27865778188767965,4.757488221032647,0.18892714115084663,14233,0.9507482610833977,0.9719665565938312,0.24987939914133464,0.23972553328639978,0.2530661431234079,0.2832085834652158,0.0877861481484082,0.0409398885900522,0.040328125689297334,2.641782905568884,0.9258764842267969,14233,0.9676104826810933,0.978289889692967,0.06318187263196404,0.11040345817744962,0.09767643020922939,0.03253139376013353
08_000150_000170_s5,08,4,0,15886,27.3665,31.60820864370529,24.10134211467702,32.90385599055384,0.1377786447817008,0.13247385119756558,0.1417827455560181,3.795136967433465,0.9134458013345084,15886,0.9760795669142641,0.9831927483318645,0.13162193125132468,0.11486384365109084,0.175598270659216,0.2313819371248577,0.07529347144248384,0.03900431748374774,0.03912684963929314,2.9861833797173185,0.9437240337404004,15886,0.9777791766335138,0.9872214528515674,0.049566183719807866,0.09135369477777328,0.10157690354670165,0.11347794512985755,0.23273762249107777,0.2350556243411491,0.26763857981553496,5.073406402153152,0.28880775525620045,15886,0.9550547652020647,0.9811783960720131,0.23067852423962248,0.20777929812569904,0.2652931328352674,0.3230874650074311,0.09392190350523422,0.055552385685979144,0.0542645042218628,3.053490103559162,0.9306936925594863,15886,0.9772126400604305,0.9879138864408914,0.07202449191104744,0.11950587556873535,0.10281132479009526,0.08354769772309917
08_000175_000195_s5,08,0,-4,16387,27.3665,34.50325783374962,26.24963296979866,36.29473796867138,0.24316992052077002,0.24259382603406332,0.27756517407347014,4.426839861592008,0.077378409715018,16387,0.9916397144077622,0.9961554891072192,0.24736321250369878,0.24245246392300868,0.23438068354001929,0.24825978141322788,0.06405110864984873,0.04893652981573315,0.049993455334058634,1.9478562617304118,0.9776652224324159,16387,0.9918838103374626,0.9989625922987734,0.05661817523324724,0.06646298843607007,0.07533399897289408,0.060590406041534435,0.27306242036111467,0.2732903624132921,0.3191208910055865,4.927591514548914,0.04674437053762129,16387,0.9860255080246537,0.9957893452126686,0.27735305920070363,0.27228343601997074,0.264135584625044,0.27859930748211625,0.04522874897428243,0.026706401024135264,0.026583215836071705,1.9141607359801878,0.9727833038384085,16387,0.9899920668822847,0.9990846402636236,0.030304306372987706,0.04747620808495551,0.07205920774434425,0.05552500841650434
08_000175_000195_s5,08,1,-3,16194,27.3665,34.50325783374962,26.24963296979866,36.29473796867138,0.2413811551183971,0.232947679872628,0.26517876620981573,5.089014073327122,0.10973199950598987,16194,0.9779547980733605,0.9862912189699888,0.24440472278530626,0.2374536056684455,0.23637780268158037,0.28043158240235244,0.058454451168637796,0.038530260728113455,0.039118094688610716,3.1272957856911576,0.9727676917376806,16194,0.9851796961837718,0.9903668025194516,0.05051075987502561,0.056555225795477296,0.07233756537834043,0.10444409264577037,0.2719305064653737,0.26423181391008554,0.30676798190665044,5.540681659753249,0.04310238359886378,16194,0.9738174632579968,0.9851179449178709,0.2751250776368718,0.2679840965230504,0.26685526053885983,0.309798225619021,0.05129650042734845,0.031920577526775795,0.031727203452869945,3.112524593602951,0.9728294430035815,16194,0.9854267012473755,0.991169568976164,0.0371079583920715,0.049340528329799314,0.07763781282242697,0.10926091615094051
08_000175_000195_s5,08,2,-2,15459,27.3665,34.50325783374962,26.24963296979866,36.29473796867138,0.24394973431674072,0.23828061740890688,0.2720818434662069,4.73995080673281,0.17258554887120772,15459,0.9670741962610777,0.9791707096189922,0.2509097693768376,0.22080039989015146,0.26699939183095384,0.24938913768227292,0.07555846644175045,0.04572262789845756,0.046582287642547016,2.930179554267896,0.9549776829031632,15459,0.9767772818422925,0.984992560967721,0.06519996792421054,0.07026527294273516,0.11507768113606061,0.056406018229893426,0.2738866256468316,0.2692881607169954,0.3136332920931988,5.166599641447439,0.07464907173814607,15459,0.9577592341031115,0.9780710265864545,0.28086507464848565,0.25131993662310753,0.2957346882630048,0.2800226686282713,0.06633711894146545,0.029858819107441294,0.02963932839578387,2.9437934214528805,0.9477973995730642,15459,0.977747590400414,0.9856394333398021,0.045765122319240084,0.0775222304848251,0.10426938338063911,0.03624312756528153
08_000175_000195_s5,08,3,-1,16382,27.3665,34.50325783374962,26.24963296979866,36.29473796867138,0.22938387767948212,0.23527048711825538,0.2679954088484704,4.0607076114251095,0.26223904285191063,16382,0.985227688926871,0.9964595287510682,0.22786088753608255,0.22106099357951303,0.24615343752869262,0.2290885359668814,0.0685145333772333,0.046744990725509,0.04744708966190081,1.8270637953230986,0.9585520693444024,16382,0.9878525210596997,0.9992674887071176,0.05481695947420767,0.07806681489190097,0.0788063152053294,0.039115866710412034,0.2589817186596665,0.2663058595887821,0.30918648336005117,4.538858996527315,0.0937614454889513,16382,0.9786350872909291,0.994872420949823,0.25789968415562387,0.2502476250231845,0.2755134563117491,0.26055056426362505,0.06606534545131482,0.03792594604873022,0.038150426679056215,1.897508180104821,0.9511659138078379,16382,0.9857160297887926,0.9979245513368331,0.05586276153718322,0.07613046678675475,0.06883798106547025,0.04302525614899134
08_000175_000195_s5,08,4,0,16917,27.3665,34.50325783374962,26.24963296979866,36.29473796867138,0.2486202274508972,0.2557132015876566,0.29526524786482833,5.198917676541821,0.18874504935863332,16917,0.9726310811609623,0.9847490689838624,0.25294186557028936,0.24330112497972195,0.2311929367079307,0.36646420110079264,0.08048997957679496,0.06706616672928763,0.06914261641359665,3.2110634618705682,0.9611633268309984,16917,0.9816752379263463,0.991074067506059,0.06784807715810329,0.09222722672961696,0.06058980253038665,0.20202863542083313,0.27847224141667526,0.2860432399750916,0.33680611058581356,5.63303583184402,0.0705207779157061,16917,0.9683750073890169,0.9832712655908258,0.2832664623085427,0.27241890236653526,0.2624046241692098,0.3923197268802234,0.06676128619410865,0.04231237023630976,0.042469287897200836,3.119941393411944,0.9551930011231305,16917,0.9827392563693326,0.9906602825560088,0.045187256996120286,0.08465543690488106,0.05522613363760172,0.17344814905136305
08_000200_000220_s5,08,0,-4,16531,27.3665,33.409392282439846,25.71278701351016,35.4463497065663,0.22401968970981678,0.2191434608540926,0.24718293619849363,3.9560609034980114,0.27620833585385035,16531,0.9869941322364043,0.9937087895469119,0.20886756045103816,0.23808672183551524,0.22769009637770227,0.24575797782045952,0.06506634549967125,0.049945809486579895,0.05112821164015546,1.884527934935043,0.9767104228419333,16531,0.9920754945254371,0.9969753795898615,0.0443629425969725,0.08048449337103163,0.07797450224016375,0.09932095704664157,0.26981880812154346,0.26613217993110155,0.3093947463936102,4.65347478965988,0.043433549089589255,16531,0.9828806484786159,0.9931038654648842,0.2554196162135241,0.2829083766180633,0.2738570219835713,0.2913355937755383,0.049408128459854386,0.033904202771700476,0.03374205512780426,1.7192551551912696,0.9796745508438691,16531,0.9907446615449761,0.9973988264472808,0.044442952062504815,0.049329279019347125,0.05794921051253317,0.10742331663217249
08_000200_000220_s5,08,1,-3,16360,27.3665,33.409392282439846,25.71278701351016,35.4463497065663,0.23064653039721852,0.22777930482787684,0.2584041366608081,3.9238842508398966,0.13850855745721272,16360,0.989119804400978,0.9952933985330074,0.23130413081373374,0.2324905470463668,0.22389039193358445,0.24021961763845825,0.07114032921668044,0.0592439753914992,0.060891786737921394,1.9116461756026086,0.9798288508557457,16360,0.9929095354523227,0.9968826405867971,0.06453710019677632,0.07654373554494977,0.07045415901204291,0.1052297562988039,0.27639685490445465,0.2743290641383573,0.32062621364953314,4.610190877753889,0.04095354523227384,16360,0.9817848410757947,0.9949877750611247,0.27749262295308136,0.27752903881259927,0.27046913532228584,0.28613190767158264,0.04154461705264955,0.02458727336051459,0.02453675053724247,1.7647895860869018,0.9817237163814181,16360,0.9928484107579462,0.9973105134474327,0.02318162844453609,0.05072502502806311,0.05482966715544681,0.13400566697199173
08_000200_000220_s5,08,2,-2,16711,27.3665,33.409392282439846,25.71278701351016,35.4463497065663,0.1983640015386605,0.1924061211340207,0.21365353402700737,4.083735786045009,0.5949973071629465,16711,0.9742086051104063,0.9803722099216086,0.20515540187986656,0.18965817796513904,0.1868587566672387,0.48240652603804873,0.0595173586400045,0.03467721270749297,0.03487672817897414,3.2720782083032898,0.9643947100712106,16711,0.9794745975704626,0.9828256836814074,0.04849564493655616,0.05864104046070826,0.0770628156348861,0.4568072590429906,0.2457325461856525,0.24114323379290775,0.27594031975697364,4.547130748228862,0.17952247022919035,16711,0.9723535395847047,0.9792950751002334,0.2527101010593655,0.2371034451224063,0.23422598595911995,0.5136838559711153,0.07808706628135967,0.04982354082327296,0.048795689730038116,3.4282530943273453,0.9579917419663695,16711,0.9797139608641015,0.9835437735623243,0.056561577522464636,0.08384533489109505,0.10970275179595591,0.4913191618209219
08_000200_000220_s5,08,3,-1,15441,27.3665,33.409392282439846,25.71278701351016,35.4463497065663,0.1910507881885695,0.17729992211838014,0.19497929989629226,3.2597719570888195,0.756427692506962,15441,0.9689139304449194,0.9804416812382618,0.1990237115754523,0.18374451572138148,0.18108941811888044,0.336896294277314,0.08720530317742584,0.03279310942650676,0.03270465141760592,2.2824407589016227,0.9211838611488893,15441,0.9663881872935691,0.975519720225374,0.10910342789089925,0.0709436592195352,0.05694751979635146,0.28830894346929625,0.23334551291682132,0.22665678688272384,0.2569686982914743,3.808296373798084,0.2808755909591348,15441,0.9687196425102002,0.9805712065280746,0.23695599041558635,0.22894359450577728,0.2288873933994834,0.3769665703280746,0.12736195100170017,0.06982271722352554,0.06755489415992644,2.54563017303651,0.9091380091962956,15441,0.963732918852406,0.9739654167476199,0.15491247395868574,0.11047420351381897,0.08182864934610787,0.31649831689961894
08_000200_000220_s5,08,4,0,15637,27.3665,33.409392282439846,25.71278701351016,35.4463497065663,0.1521335316830236,0.15781083559782613,0.1716837372927702,2.95435296254412,0.8764468887894097,15637,0.9947560273709791,0.9962268977425337,0.14321663279309557,0.15605048865740687,0.16962822591641954,0.2050164384890008,0.0639781019385577,0.03710057609922115,0.03659858622542078,2.0831850568614576,0.9687919677687536,15637,0.9949478800281384,0.9960989959710942,0.0618779107960615,0.06029892761687922,0.08998861774710049,0.07972408167247155,0.20038243677053957,0.2085766798364249,0.23385450512573858,3.532620374746853,0.4041695977489288,15637,0.992837500799386,0.9962908486282535,0.19211836280982703,0.20390472545629892,0.21676536074120295,0.25305599925551037,0.114383460594093,0.0921790107704044,0.08827013130621264,2.481533088268683,0.9483916352241478,15637,0.9938607149709023,0.9960989959710942,0.11873849858012162,0.10670924905359923,0.1322824164585004,0.10269321929236447
08_000225_000245_s5,08,0,-4,14555,27.3665,32.452470849518654,27.363484700520836,33.520522868313286,0.1697779990642925,0.16264114422333853,0.17743473803126886,5.109061274320423,0.8254895225008588,14555,0.9626932325661285,0.9710752318790794,0.14995062093836378,0.17059006159025056,0.18983086636596427,0.37646987916261,0.07686487059937605,0.040092356222459595,0.04022545972923397,4.235940445965978,0.9533493644795603,14555,0.9683270353830299,0.9737547234627276,0.07240469454129457,0.06864484134753537,0.07719350247856281,0.27946651952671014,0.16986639865716824,0.16273340621232857,0.1775449262397517,5.109946189920631,0.8251459979388527,14555,0.9626932325661285,0.9710752318790794,0.15004254604456224,0.17067787027162615,0.1899144879564964,0.37653858104442184,0.08452005534780371,0.043618604417544365,0.042953759820266946,4.2463113605546505,0.9522500858811405,14555,0.9688766746822398,0.9742356578495363,0.07668556720509509,0.08301206010833712,0.08308008804646781,0.27494512367510493
08_000225_000245_s5,08,1,-3,16932,27.3665,32.452470849518654,27.363484700520836,33.520522868313286,0.1712044900383787,0.16664597021977812,0.18223408582466227,3.494882907750091,0.7638790455941413,16932,0.981218993621545,0.9916135128750295,0.15688082378358612,0.1820646469062556,0.17711360412510943,0.20460296635735759,0.05993277466355187,0.041570089753868625,0.0416605126134193,2.2069169043388626,0.9631467044649185,16932,0.9884242853768013,0.996161115048429,0.053949663461988394,0.06105476242587168,0.0666855607608799,0.09966935681151126,0.17129118829421044,0.16673779094847768,0.18234427403314513,3.496064585815993,0.7635246869832271,16932,0.9811599338530593,0.9916135128750295,0.15696806030676355,0.18215157558464765,0.1771986263110689,0.20469060490307114,0.06429461341064877,0.040069417313574524,0.040060703116079344,2.236497084841185,0.9622017481691472,16932,0.9881289865343728,0.9963382943538861,0.06236428767760559,0.060285542201295256,0.07283528896967892,0.10069625666822216
08_000225_000245_s5,08,2,-2,16649,27.3665,32.452470849518654,27.363484700520836,33.520522868313286,0.1659973637241864,0.1681992210737656,0.18412584658974218,2.9043966300448063,0.8357859330890745,16649,0.9965163072857228,0.9996996816625623,0.16581411344217803,0.17205033758991883,0.1565052485338619,0.18654963630436563,0.041617692591855895,0.02913985129703456,0.029275363372739394,1.301500567042636,0.9880473301699801,16649,0.9986785993152741,0.9997597453300499,0.03330493259194683,0.04446302221488637,0.049011970581671296,0.07429211896686978,0.16608675433516928,0.16829087066196516,0.1842360347982246,2.905763608608221,0.835185296414199,16649,0.9965163072857228,0.9996996816625623,0.16590556540625845,0.17213954278893775,0.15659178127658804,0.18663926400458225,0.04531898105910124,0.03102001932558096,0.030863666033156267,1.4029191542281645,0.9871463751576671,16649,0.998438344645324,0.9997597453300499,0.03360117275951742,0.04582847645016942,0.061597599184390645,0.07223635752356786
08_000225_000245_s5,08,3,-1,16220,27.3665,32.452470849518654,27.363484700520836,33.520522868313286,0.15216777696925193,0.1548321374368482,0.16814906316393696,2.7394654720215197,0.9190505548705302,16220,0.9926017262638718,0.9969173859432799,0.16437903846780835,0.1406458342149653,0.1567194774472018,0.14894972321160688,0.04514061841026758,0.02472652951542134,0.024755174237152344,1.84810958624227,0.9791615289765722,16220,0.994944512946979,0.9971023427866831,0.02644019519071163,0.048165208402362505,0.08284390872583129,0.12233469944539559,0.15225530880306307,0.15492236040151275,0.16825925137241937,2.7405508561734986,0.9188039457459926,16220,0.9926017262638718,0.9969173859432799,0.16447008648165443,0.14073183767612812,0.15680242614259102,0.14904349375063602,0.05999970880436378,0.0391937719095133,0.03856338140630178,2.016454385894855,0.9728729963008631,16220,0.9948828606658446,0.9971023427866831,0.03508748676286494,0.06821599003939012,0.09742211252751098,0.1425553239959164
08_000225_000245_s5,08,4,0,15986,27.3665,32.452470849518654,27.363484700520836,33.520522868313286,0.14267855630144827,0.14158584949937433,0.15263170970508078,2.872143786516494,0.9403853371700238,15986,0.9957462779932441,0.9968097084949331,0.13676554956755368,0.14214362520515467,0.15561479645838716,0.2660321410988844,0.046581638946663256,0.028012413977149653,0.02773893388194637,1.9441740959412335,0.9887401476291755,15986,0.9959339421994245,0.997059927436507,0.03857537149105723,0.04928324725628667,0.05407929701418842,0.14472239750359336,0.14276939240103523,0.14168043140575287,0.1527418979135633,2.873179707984036,0.9401351182284499,15986,0.9957462779932441,0.9968097084949331,0.13685981855851528,0.14223285558947393,0.15570213047701525,0.2661130112467903,0.06859094488585936,0.054418111125851654,0.053051046355665044,2.0629111173549948,0.9855498561241086,15986,0.9958088327286375,0.9971850369072939,0.06866949216312034,0.06851245041827626,0.06307863024885817,0.14969614803753664
08_000250_000270_s5,08,0,-4,16933,27.3665,27.462836822821615,21.194291151727214,30.058170929899283,0.06584360072442931,0.04339385304508737,0.043797387053832626,1.9977175343075857,0.9701175219984646,16933,0.9903147699757869,0.9990550995098328,0.04391424023488011,0.06347635453814185,0.11016725884910268,0.08572064133717604,0.06518547971479895,0.04232981406398934,0.04272376406567746,1.976242327622893,0.9708852536467253,16933,0.9903738262564223,0.9990550995098328,0.04429587487716502,0.06276377309081727,0.10783756002089091,0.08366610516101501,0.24074684421055675,0.23808640510023754,0.27188645720406224,4.665934009185967,0.2074056575916849,16933,0.9684639461406721,0.9945077659009035,0.20635959159779152,0.24153025646451876,0.2992639873516235,0.2762863121915072,0.10355271510757728,0.08616711844225412,0.08294261607273179,1.9568988887141292,0.9526368629303726,16933,0.9926179649205693,0.9980511427390303,0.12565424575429632,0.10159525396403211,0.07046862892031595,0.06671816827088434
08_000250_000270_s5,08,1,-3,16689,27.3665,27.462836822821615,21.194291151727214,30.058170929899283,0.08406394217186075,0.07127965686274508,0.07303465622293048,1.9543395073626202,0.9701599856192702,16689,0.9924501168434298,0.998621846725388,0.06919202322723797,0.08728875306554144,0.1121129948034374,0.0887542556712757,0.08273922775330002,0.06934287848942651,0.07080225226932324,1.9262030888744865,0.9713583797711067,16689,0.9927497153813889,0.998621846725388,0.06895004448466056,0.08554638293140157,0.10942338402481808,0.08586656051667617,0.2590987676251807,0.271573366726266,0.31658551464579565,4.730699914782183,0.1889268380370304,16689,0.9683024746839235,0.9948469051471028,0.22646701573153352,0.2701818074397197,0.3061277944237777,0.2926337621837828,0.08196858149581952,0.04655148623983378,0.04629272060422718,1.6902261334659667,0.9545209419378033,16689,0.9933489124573072,0.9985020073102043,0.10567362047829275,0.0698694316519908,0.061528857955789086,0.04437767373524758
08_000250_000270_s5,08,2,-2,16991,27.3665,27.462836822821615,21.194291151727214,30.058170929899283,0.10264293184302205,0.090412888714186,0.09449310139039402,2.0346160614619206,0.954858454475899,16991,0.9837561061738568,0.9984109234300512,0.0959335070262488,0.10963130151514783,0.09284927251645525,0.1097660681503148,0.10071124608450276,0.0873420776222157,0.09114415472036974,2.011157210955892,0.9556824201047613,16991,0.9833441233594256,0.9981166499911718,0.09450278928780947,0.10757699311091667,0.0900251603795432,0.10760979804604365,0.2831539697365368,0.2924402551924623,0.3457337429824012,4.547552385108293,0.0905773644870814,16991,0.9659819904655406,0.9964687187334471,0.26907735548445294,0.2896191683086472,0.29502803224108065,0.3031096861187559,0.07230866356372077,0.035674345775755505,0.03593312055274955,1.8375110632713259,0.9566240951091755,16991,0.980636807721735,0.991054087458066,0.0845386195901236,0.0693052151874606,0.05088398966082877,0.06285895131814719
08_000250_000270_s5,08,3,-1,15952,27.3665,27.462836822821615,21.194291151727214,30.058170929899283,0.07766064932050358,0.06629410216136339,0.06782718603073423,1.543652740426286,0.9728560682046138,15952,0.9843279839518556,0.9963014042126379,0.08076213239625245,0.0758263364711488,0.07294486152712985,0.08236543610308053,0.07617909395907026,0.06433889853829763,0.06556336353537329,1.528491074201856,0.972981444332999,15952,0.9840772316950852,0.9963014042126379,0.07920717515292998,0.07442941222765101,0.07146078492928977,0.07996954028463044,0.256967154066386,0.2690936936852586,0.3128826592020335,3.920414677291295,0.16662487462387163,15952,0.984265295887663,0.9928535606820461,0.25404073875692695,0.257969638269088,0.2623326285869947,0.2880022599026528,0.07809195604047077,0.04095307269412444,0.040337536050820244,1.6992471999073253,0.9571213640922769,15952,0.9845787362086259,0.9968029087261785,0.08045300353032032,0.0750294606267859,0.08164995897675353,0.06510722985041538
08_000250_000270_s5,08,4,0,15814,27.3665,27.462836822821615,21.194291151727214,30.058170929899283,0.061983769718717975,0.047195123444316645,0.04765760701538024,1.5280567999829944,0.9797647653977488,15814,0.9951941317819654,0.9974705956747186,0.059190078746821785,0.05902112225230332,0.07871119365662967,nan,0.062031152457504186,0.045588295913094073,0.04623100388968049,1.5335685248133515,0.9798280005058808,15814,0.9952573668900974,0.9974705956747186,0.059057148998389555,0.05925866032708478,0.07867671395058302,nan,0.22124124790416477,0.2298322021941917,0.2611435973002151,3.498047202079204,0.29828000505880864,15814,0.9883015049955736,0.9950044264575693,0.21948658761031636,0.21850959620740254,0.23411531333828936,nan,0.11580044843786325,0.09438098801509508,0.0903343482421396,2.1884668786666257,0.925572277728595,15814,0.9936132540786645,0.9977235361072467,0.1109139307887937,0.11845902037197475,0.12121415325384532,nan
08_000275_000295_s5,08,0,-4,17045,27.3665,32.151966804392195,24.733310111464963,34.035450175748004,0.1840022750325373,0.17602620259831464,0.19353911859603423,3.387162348655598,0.7267233792901144,17045,0.976767380463479,0.9893810501613376,0.18321472516155535,0.18611807085296378,0.1775788097607751,0.25728099228264856,0.06022250228654424,0.0394981122756312,0.0400228362111088,2.022717376703081,0.9592842475799355,17045,0.9832208858902904,0.9955412144323849,0.051897313502940114,0.0611409496664068,0.07256685649662692,0.16197554405027895,0.2601576823123316,0.25501526304514416,0.29435637928162195,4.479042276776443,0.07497799941331769,17045,0.96186564975066,0.9862129656790848,0.25938540927989323,0.2619126889161012,0.2547497590869388,0.32874501512605586,0.05967471890501349,0.03699616152904539,0.03658354661530261,2.0241585084382434,0.9623936638310355,17045,0.9836902317395131,0.9953065415077735,0.04665213377132931,0.06070718984563837,0.08206441208968804,0.17144813467559034
08_000275_000295_s5,08,1,-3,16982,27.3665,32.151966804392195,24.733310111464963,34.035450175748004,0.19577078180722912,0.19144431818181828,0.21250573181302523,3.448282476313042,0.5768460723118596,16982,0.9782711105876811,0.9972323636791898,0.1939765858303298,0.19813992452436177,0.1903435935868201,0.23472251146240755,0.06506884890663228,0.05385887610587366,0.05514066856380828,1.8279807739044152,0.9659050759627841,16982,0.9942291838417148,0.998998940054175,0.056940526368915514,0.06961349154332745,0.06695043676582714,0.11233251549895473,0.27243718056996236,0.26923623552768927,0.3136217240548046,4.588817928410433,0.03762807678718643,16982,0.9572488517253562,0.9916970910375692,0.2711357316051468,0.27438833420562403,0.26729651139484295,0.3083570991788008,0.04799663588508059,0.03136490261138436,0.031291187811425814,1.6870315464578398,0.9725002944293958,16982,0.9965257331291956,0.9994700270875044,0.028388790150823663,0.057578333943181105,0.060854606849042654,0.10075338880093283
08_000275_000295_s5,08,2,-2,16428,27.3665,32.151966804392195,24.733310111464963,34.035450175748004,0.2109293929317428,0.2041945027985454,0.22835893079140868,4.018060085356566,0.4601290479668858,16428,0.9827733138543949,0.9959215972729486,0.20293302656495502,0.21394513194282705,0.2179410698662171,0.23909132501763702,0.08151974627597618,0.06746324130403869,0.06975158821162708,2.5044078279342528,0.9724859995130265,16428,0.9866082298514731,0.9954954954954955,0.06486957595729612,0.08955808297231872,0.09501361546438461,0.10951488907602633,0.28493364519500736,0.28066816155318886,0.3293747451551474,5.103814865354731,0.02544436328220112,16428,0.9710250791331873,0.9920258095933772,0.2794618251896899,0.2861985325275697,0.29099454503663535,0.31230554784708725,0.049234827355052184,0.03011573053702976,0.03000202016086284,2.293815538447028,0.9749208668127587,16428,0.9897735573411249,0.994399805210616,0.0273570081591294,0.05933438201894644,0.07038542548199182,0.0701572235198071
08_000275_000295_s5,08,3,-1,16499,27.3665,32.151966804392195,24.733310111464963,34.035450175748004,0.20295332119004034,0.19946739440639275,0.22243736625977562,3.8255081599072707,0.5093642038911449,16499,0.9760591551003092,0.9920601248560519,0.19060824097847892,0.20737541753523178,0.2204080058869838,0.23118347262543337,0.07942772591674642,0.06206726097951896,0.06395880939816001,2.35162544707255,0.9558155039699375,16499,0.9848475665191829,0.99684829383599,0.06711147425064416,0.08134668261697427,0.10418827862123847,0.09690921946888333,0.2766428657828592,0.27633113502295026,0.32332800977020293,4.901620161383639,0.050912176495545185,16499,0.9559367234377841,0.990484271774047,0.26538506508506354,0.2803732117383347,0.2930776056569181,0.3051585847523523,0.050887466567147426,0.022181064211634828,0.02218757957684403,2.1827171393386253,0.9544820898236257,16499,0.9852112249227226,0.9959997575610643,0.037012445447482376,0.0493465113591041,0.08835301447264078,0.06931997295096053
08_000275_000295_s5,08,4,0,15899,27.3665,32.151966804392195,24.733310111464963,34.035450175748004,0.19538374955318222,0.18980756578947378,0.21048348643225756,3.6538837431433437,0.6397886659538335,15899,0.9727655827410528,0.9875463865651928,0.19739645611271445,0.17546753532654139,0.2269124749474805,0.21497000642023348,0.07417587025089235,0.05328395158403372,0.05460171789823409,2.2547310328840315,0.9496823699603749,15899,0.9801874331718976,0.9920120762312095,0.06292507131703647,0.0763697426276679,0.09943191330307198,0.07769505439026285,0.2702667595956067,0.26759981398761773,0.31119915926879926,4.704408242251156,0.07201710799421347,15899,0.9499968551481225,0.9840870494999685,0.2728547875485534,0.2499210993925786,0.3010544419609675,0.29050516953173716,0.060076485509819734,0.030639900386465153,0.030392938112917545,2.133306884054242,0.9545883388892383,15899,0.9801874331718976,0.9918233851185609,0.030356016407396335,0.08892658220399709,0.08489400244934728,0.03599525693861271
08_000300_000320_s5,08,0,-4,15930,27.3665,34.03601637198527,27.62511212198872,36.699079087960676,0.25459705902589963,0.23654018081030376,0.26960633853179805,4.7519203032909525,0.10489642184557439,15930,0.9747018204645324,0.9884494664155681,0.2635556437452105,0.25575234530009805,0.23327013974442076,0.2736218932299647,0.10305116030430463,0.054956109033974715,0.0564023786993304,2.5088163686394207,0.9396107972379159,15930,0.9810420590081607,0.9883866917765223,0.11788719405817316,0.0990427395312572,0.08377676998117724,0.10633810631469671,0.2483914127557716,0.22956104646606024,0.2602487002432984,4.638645355538869,0.1241682360326428,15930,0.9765850596359071,0.9884494664155681,0.25772818070196946,0.2495216989930718,0.22652226052153812,0.26675765470629703,0.08962323551643257,0.03695812335925797,0.036485397193899205,2.503992170312278,0.9438166980539862,15930,0.9635907093534212,0.9870056497175141,0.1148196647747982,0.07522027711988706,0.0760972764799446,0.0686313085253305
08_000300_000320_s5,08,1,-3,16507,27.3665,34.03601637198527,27.62511212198872,36.699079087960676,0.24014625616328109,0.2350355495689655,0.26791176938732386,4.761767413473269,0.09910946871024413,16507,0.9830374992427455,0.9929726782577089,0.23727970490967187,0.2480839729149549,0.2136080410408906,0.26694232171960425,0.07077593871704413,0.05275904283893573,0.05406818068559005,2.590802240620475,0.9735869631065609,16507,0.9921245532198462,0.9931544193372509,0.05161927404025815,0.07326009829122458,0.09216941395808621,0.10115501680588557,0.23319198951086686,0.22782315273204104,0.2585061884808644,4.650071704677464,0.14048585448597564,16507,0.9838856242806082,0.9929726782577089,0.23007203443675156,0.2411442899086427,0.20709413581233485,0.26001496156320064,0.0561576217145653,0.03784070248284912,0.03739427954464292,2.611415142798366,0.9723753559096141,16507,0.9913370085418307,0.9929726782577089,0.04025736378886591,0.04692173953790508,0.11291520132524963,0.06845396010500532
08_000300_000320_s5,08,2,-2,14837,27.3665,34.03601637198527,27.62511212198872,36.699079087960676,0.2592472720122453,0.24516731726149632,0.28117734418240703,5.273096291418042,0.09718945878546877,14837,0.9600997506234414,0.9787692929837568,0.27617079984648363,0.23372468990819675,0.24313301595006165,0.3353875620044033,0.09790311899127516,0.06477164904664696,0.06668625995995203,3.533006832029952,0.9531576464244793,14837,0.9760059311181506,0.9781627013547213,0.11018202133305503,0.07134711137887985,0.09664079711586779,0.17777356667908725,0.25253308301748734,0.2380397478089965,0.2718117707247627,5.18115097624949,0.11255644672103525,14837,0.9617173283008694,0.9787692929837568,0.26967301856583514,0.2266855238517102,0.23633387775286244,0.3291070061097825,0.07227878640186289,0.029717416308594837,0.02959551035402841,3.444695096187452,0.9554492148008358,14837,0.9762755273977219,0.9785670957740783,0.06247270239015822,0.06515752757839785,0.09804921836157088,0.1475699984471257
08_000300_000320_s5,08,3,-1,16003,27.3665,34.03601637198527,27.62511212198872,36.699079087960676,0.2261753223388754,0.21916236413043488,0.24728333406680925,4.624911727480771,0.2474536024495407,16003,0.9656314441042304,0.9848778354058614,0.22965887802937865,0.210559403870961,0.23516009391268078,0.3024214190471805,0.07673795679602705,0.04282110063921861,0.04343788637980728,2.6802527800187894,0.9448853339998751,16003,0.9784415422108355,0.9821908392176467,0.05988034849937205,0.08639135631984686,0.09013490300943534,0.1339405330612173,0.2193795620181998,0.2117834856497783,0.23790723772732125,4.521482203516952,0.3290008123476848,16003,0.9661313503718053,0.985065300256202,0.22267611291109077,0.20400330751323476,0.22834213760689281,0.29582933467124317,0.09018621655192871,0.05401748020942397,0.05274077630660745,2.7267429400437018,0.9284509154533525,16003,0.9778791476598138,0.9808160969818159,0.06311693415965146,0.12482793413619761,0.09076637647994391,0.09165714638836585
08_000300_000320_s5,08,4,0,16539,27.3665,34.03601637198527,27.62511212198872,36.699079087960676,0.2479610415399705,0.23743941765810894,0.2709168527592061,5.167603659771697,0.14795332244996676,16539,0.9675917528266521,0.991897938206663,0.25039427741359765,0.23139930798332028,0.2627605738219459,0.35967664290176427,0.08717590951136195,0.061373213032190496,0.06281394857741862,2.6469850110213042,0.9587641332607776,16539,0.9897212648890501,0.994074611524276,0.07669234403811899,0.08213822233370614,0.09994655420155737,0.20362281382127337,0.2410556109247646,0.23026863689067098,0.2615650411937456,5.054793723853586,0.17256182356853497,16539,0.9697684261442651,0.9925630328314892,0.24357542907228658,0.2243804593356165,0.25583381094494734,0.3536256176651385,0.07317584243876643,0.046352698652383534,0.0457069967726893,2.2313488380994966,0.9645081322933672,16539,0.9903258963661649,0.9944978535582563,0.06154903269211722,0.07820421759086597,0.07368037687419753,0.14488004585778538
08_000325_000345_s5,08,0,-4,16923,27.3665,30.8414839206332,26.602232760608867,34.95202170757832,0.22027106890118653,0.21655102159726541,0.24393907263378622,3.856464282971318,0.26721030550138863,16923,0.9902499556816168,0.9966908940495184,0.2100869587370112,0.23257803004432975,0.2123174614230142,0.2339478550274125,0.12331242246107793,0.11738593648625936,0.12486724808630445,2.377526553160352,0.9680907640489275,16923,0.9951545234296519,0.9984045382024463,0.11085387156133159,0.1372248175269763,0.1167789406366864,0.13745667025034694,0.24177318109954213,0.23835145218557807,0.27217244439819144,4.203302854894289,0.08266855758435265,16923,0.9870590320865095,0.9965727116941441,0.23200386887815677,0.25361702957448823,0.23398231637627134,0.2553414770860555,0.03965743610956192,0.026390613965690708,0.026338188752712544,1.4612045897736625,0.9869999409088223,16923,0.9942090645866573,0.9995863617561898,0.02971416050565182,0.038573491293935336,0.06218366176719557,0.06546891335094902
08_000325_000345_s5,08,1,-3,17723,27.3665,30.8414839206332,26.602232760608867,34.95202170757832,0.20785329008263398,0.20663572052177495,0.23141909196154753,4.197465823403903,0.42024487953506745,17723,0.9847091350222874,0.9966709924956272,0.2166890082321587,0.21289585459427907,0.1695449735153052,0.2437430807409386,0.11396649296635887,0.10721108709083478,0.11306437686766868,2.9219828779847234,0.9622524403317723,17723,0.9917621170230774,0.9969531117756587,0.11847746121020002,0.11647464218444971,0.09122949618234881,0.1486627487582233,0.2294349323570049,0.22874361142016733,0.25968465975545874,4.5277413764141645,0.1784686565479885,17723,0.982339333070022,0.9963888732155955,0.23831111482617226,0.23437188965876238,0.19136554444669834,0.26486315045948366,0.04984800930868692,0.030359378949460575,0.030171663743395083,2.5118368381308036,0.9709417141567455,17723,0.993454832703267,0.9970659594876714,0.02785090495711659,0.04417437218814,0.10091873581205839,0.10295983723941841
08_000325_000345_s5,08,2,-2,17332,27.3665,30.8414839206332,26.602232760608867,34.95202170757832,0.18880615935533845,0.1897639318873291,0.2103760652505855,3.624846227075512,0.6318947611354719,17332,0.9904800369259174,0.9954996538195245,0.19290443679383826,0.19834057528404572,0.16158877258401122,0.2956738420567049,0.09417052401276434,0.08834600889253533,0.09212790527099335,2.3880555927077776,0.9726517424417263,17332,0.992499423032541,0.9973459496884376,0.09054706709276421,0.10459348308071521,0.0766167413908212,0.20623887325417947,0.21084234885201078,0.21234662392229806,0.23866682352331248,3.954548488628071,0.35137318255250405,17332,0.9893837987537503,0.9952688668359104,0.2154442828836343,0.21944070639434163,0.1845164470749029,0.31534363572276675,0.05996535682129414,0.040472029831262614,0.03998698510114873,2.2836033218034983,0.97859450726979,17332,0.9941726286637433,0.9978652204015693,0.03281024707705795,0.06023206671611279,0.09560221394175655,0.1318098276896222
08_000325_000345_s5,08,3,-1,17120,27.3665,30.8414839206332,26.602232760608867,34.95202170757832,0.14530095881497468,0.1387719596935076,0.14920180037676634,3.454075840000985,0.8953271028037383,17120,0.9844042056074767,0.9944509345794392,0.16058435702444598,0.12871846381995358,0.14069324513762224,0.37962310996613424,0.06589955428923824,0.044411171957472115,0.04500123548439294,2.661143378309332,0.9599299065420561,17120,0.9875584112149532,0.9962032710280374,0.058078056289460604,0.059583214833025346,0.08081842871629519,0.3101826386393467,0.16706143863372855,0.16259046364047722,0.17740037000613995,3.720185770479165,0.7783294392523364,17120,0.981892523364486,0.9939252336448599,0.18345470185720716,0.1491664046195714,0.16393195240184472,0.3969484432432518,0.12103474987900081,0.10374633461022041,0.09892714222067522,3.0750347991161693,0.9315420560747664,17120,0.9917056074766355,0.9968457943925234,0.08979047851211072,0.13479988162417272,0.13799747169021534,0.27112559512341006
08_000325_000345_s5,08,4,0,17068,27.3665,30.8414839206332,26.602232760608867,34.95202170757832,0.1121676224746303,0.10035278083407961,0.10544759694018802,3.2573537841984175,0.9318022029528943,17068,0.9765057417389267,0.9949613311460043,0.09861352722882283,0.09895706046127065,0.16320767138914083,0.30209887114439266,0.06213996495533137,0.03348017079840164,0.0331721146973154,2.584334917298189,0.9383056011249121,17068,0.9836536208108742,0.9983009139910944,0.043507174691220125,0.06775469039959997,0.08467720025222361,0.21348726616560268,0.1334940918846761,0.12397630494899475,0.13188072370272297,3.499069588328649,0.9192055308179049,17068,0.9735762831028826,0.9927935317553316,0.11997823417228491,0.11976449711179876,0.18575238519918308,0.32158923232022557,0.16981904801673692,0.1557410586071935,0.1451020498150224,3.069790297678831,0.8861612374033279,17068,0.9933794234825404,0.9986524490274198,0.1716804392517002,0.18516439866232937,0.1295768256035681,0.1769038357636023
08_000350_000370_s5,08,0,-4,16569,27.3665,31.324038443003147,25.263555220776457,32.715071794604285,0.17488864022667877,0.14799688669317124,0.16009370560786906,4.033908931939338,0.8141710423079245,16569,0.9439314382280162,0.9727804936930412,0.14976168010345525,0.17938599011843498,0.24710375103960355,0.2128454488417498,0.0844438886015943,0.03852604223559779,0.039034025431778474,3.227418513800871,0.8970366346792202,16569,0.9572092461826303,0.9771259581145513,0.05687350702753672,0.08968984086134708,0.16272225614499242,0.12394989844001854,0.2331334051464759,0.21311303054628883,0.23962332441613965,4.69155686821826,0.3590439978272678,16569,0.9171344076287042,0.9661415897157342,0.20805660267688417,0.23902354661953906,0.2993924742583934,0.27333336486317356,0.08610297648573965,0.040631856881213506,0.04024563923459645,3.145007415952026,0.908745247148289,16569,0.9601665761361579,0.9787555072726175,0.06720967991126321,0.08234545219899145,0.16720709472177803,0.12524125161799404
08_000350_000370_s5,08,1,-3,16322,27.3665,31.324038443003147,25.263555220776457,32.715071794604285,0.1842790690749291,0.1747613784327652,0.1918406972535034,2.923891683535464,0.7624065678225708,16322,0.9685087611812278,0.9833353755667198,0.19242670650539417,0.17299480958980926,0.17845417300955244,0.18469284947660966,0.09363049632170209,0.061986015273133924,0.06343378064253336,1.928436907284268,0.9331577012621002,16322,0.9740227913245926,0.9850508516113221,0.10309887969337585,0.08689492590095957,0.07031586089810589,0.08533994459242575,0.24088694562627289,0.23765144297012547,0.2711066339996362,3.695330430857737,0.2032839112853817,16322,0.9559490258546747,0.9821100355348609,0.2457246386356784,0.23256138821050706,0.24126905419096675,0.2473441171088164,0.0769052361728444,0.034792862465727,0.035239562664674984,1.8717990897845016,0.9310133562063473,16322,0.9742678593309644,0.9865212596495527,0.07996942594587342,0.0806248555094246,0.05276413827979642,0.07976194924559211
08_000350_000370_s5,08,2,-2,16489,27.3665,31.324038443003147,25.263555220776457,32.715071794604285,0.15636416789136337,0.1680760431590258,0.18398140625758352,2.3097928279326148,0.8976893686700225,16489,0.9949056947055613,0.9978773727939839,0.17089805373087025,0.12728273289867223,0.15496036400944999,0.12790432103075028,0.06425871745228295,0.05790728275546224,0.05905879757025789,1.2255628234816107,0.9910243192431318,16489,0.9942992297895566,0.9966644429619747,0.06833068358670524,0.057227933634296846,0.06131667849781274,0.06817293299841364,0.2198933649424892,0.23185136153044558,0.26370002701805806,3.1449383768666648,0.2763054157316999,16489,0.9952089271635636,0.9982412517435867,0.2330342812773308,0.1934748872330104,0.2188195566459962,0.19491943275756202,0.053184703806475324,0.031528742026725745,0.03177123533172033,1.2747568151129927,0.9905391473103281,16489,0.9938747043483535,0.9964825034871733,0.04773205476584139,0.06332323187177877,0.053995007116367254,0.09052860206664251
08_000350_000370_s5,08,3,-1,16355,27.3665,31.324038443003147,25.263555220776457,32.715071794604285,0.15208026692939863,0.1529546154610493,0.16594518850786,2.6413620958339803,0.840782635279731,16355,0.9855701620299603,0.9981656985631305,0.13542576684285434,0.1654497072900455,0.15698430857241633,0.21198109467043838,0.0629086084410587,0.05224863812654432,0.052848765701233535,1.480858487364638,0.9699785998165699,16355,0.99339651482727,0.9981656985631305,0.05857787457707835,0.06807380035856164,0.057917335383409776,0.16152084573151013,0.21647353127260982,0.21795108725540266,0.24579227261532965,3.4907555613467522,0.34888413329257106,16355,0.9752369306022624,0.9954753897890554,0.20101377265097764,0.22873510638735173,0.2215028753414325,0.2725354309170265,0.06024054289006691,0.04084355505188915,0.04091914497853022,1.4380944248010534,0.9774992357077347,16355,0.9960868236013452,0.9980434118006726,0.061001451894562575,0.05928017676345242,0.06007487044089095,0.16869363999940692
08_000350_000370_s5,08,4,0,16014,27.3665,31.324038443003147,25.263555220776457,32.715071794604285,0.1265777303122706,0.12701294757379772,0.13581993453688024,1.8768665956549127,0.9678406394404896,16014,0.9969401773448233,0.9994379917572125,0.12741953705031392,0.13066107346566724,0.10773649128989887,nan,0.039343250419048716,0.028428844934837084,0.028488393540550216,1.08102311060637,0.9873860372174348,16014,0.9981266391907081,0.9994379917572125,0.028755652953674892,0.0439965265651837,0.057247668976174435,nan,0.19254226316797737,0.19407664930567214,0.21576663939178187,2.7126160196624185,0.5839265642562758,16014,0.9900087423504433,0.998626202073186,0.19380213496535323,0.19607496982810127,0.17435606206567913,nan,0.05838729559284237,0.04632060649619021,0.04556036951241005,1.3601890656442042,0.9906331959535406,16014,0.9983139752716373,0.9995628824778319,0.04873070559114882,0.06050281822804531,0.08247288687621249,nan
08_000375_000395_s5,08,0,-4,16399,27.3665,31.586201343761893,25.609745397612652,32.40119745443536,0.16009916751009806,0.1427667192136499,0.15392405203402193,3.0449599790111708,0.8095005793036161,16399,0.9846941886700409,0.990304286846759,0.15401084842638588,0.1682816825936061,0.15501098325450868,0.18528437055968777,0.055181171179787915,0.027009843709394986,0.027085040063597354,2.0326012457696847,0.9649978657235198,16399,0.989023720958595,0.9925605219830478,0.04463321618794634,0.05853951684271054,0.07454534614567264,0.07931101183319098,0.2124313311739051,0.1974499329136187,0.21987693927092367,3.717305991855582,0.5293005671077504,16399,0.9757912067809013,0.9899384108787121,0.2081640183584661,0.21827340131140888,0.20791546071748188,0.23758391312655505,0.057401138004968266,0.03591008967833582,0.03559675669759654,2.0197001683612696,0.9654857003475822,16399,0.9886578449905482,0.9929263979510946,0.0483505085273148,0.057334305949372444,0.08087844701891404,0.08170356754818583
08_000375_000395_s5,08,1,-3,16243,27.3665,31.586201343761893,25.609745397612652,32.40119745443536,0.1567109394057878,0.15202394366197186,0.16466766075654826,3.1613492943736894,0.8672658991565597,16243,0.9928584621067537,0.9961214061441852,0.16158374663977854,0.14780940925734806,0.15502647060984495,0.23089616843438257,0.051845155003138806,0.03262881139531896,0.03297186029347632,2.105567585709846,0.9752508773009912,16243,0.9950748014529336,0.9965523610170535,0.03951452147901762,0.05081417261413323,0.08717473933278745,0.11483365997213002,0.20807602751964743,0.20613222209143087,0.2307175315585206,3.8487537473431708,0.43674198116111557,16243,0.9889798682509389,0.9967986209444069,0.21403204916107235,0.19784521816055275,0.20768273208227309,0.28026772474653944,0.04965433326880489,0.028858544401339815,0.028601878345380083,2.082766305936454,0.9740811426460629,16243,0.9946438465800652,0.9966139259988919,0.03329058750127829,0.05072394051842064,0.09580303294831496,0.09592759152058995
08_000375_000395_s5,08,2,-2,15277,27.3665,31.586201343761893,25.609745397612652,32.40119745443536,0.1687402423139355,0.15874040421195657,0.17284213310399776,3.494551072852303,0.9088826340250049,15277,0.9837009884139556,0.9861883877724684,0.1681981440921098,0.15742325240673113,0.19256941324850987,0.38202789366206846,0.05137476219634568,0.031651478200403114,0.03212440560806362,2.4800106353347693,0.9743405118806048,15277,0.9850101459710676,0.9871047980624468,0.04193145793611357,0.04800136609110431,0.08055066320171053,0.28674140370092843,0.22073984682666822,0.21272030423252247,0.23917169882645073,4.107883198103117,0.23145905609740133,15277,0.981017215421876,0.985926556261046,0.2213853095048362,0.20830551587726434,0.24439318567265264,0.42169775798363546,0.039479502430083434,0.016257594091196235,0.01624020062574294,2.411601621116023,0.9740786803691824,15277,0.9850756038489232,0.9876284610852916,0.023729312614652453,0.0421623638372009,0.07217889748681208,0.2683377034407525
08_000375_000395_s5,08,3,-1,14307,27.3665,31.586201343761893,25.609745397612652,32.40119745443536,0.15102277122283447,0.14132326360682376,0.15231957774465155,2.5669831022775145,0.925141539106731,14307,0.9825260362060529,0.9960159362549801,0.14912751792332254,0.1525729694969713,0.15145947333829832,0.3821901747553215,0.04513437095428163,0.02261334897174578,0.022727501114585325,1.6386555584544988,0.9669392605018522,14307,0.9888865590270497,0.9956664569791012,0.03594283811063551,0.04384444002700104,0.07959335198499946,0.2869287072759481,0.2031901829522552,0.19604387665764467,0.21816992766511345,3.199627858598817,0.5577689243027888,14307,0.9818270776542951,0.9965052072412106,0.20102302089685856,0.20473461330691897,0.20479328102878477,0.42184962166664414,0.04894824488681954,0.027127296826481215,0.0268871401323576,1.6497511448363114,0.9673586356329069,14307,0.9882574963304676,0.9955266652687496,0.04061758236007308,0.046540949156056666,0.08328524923082102,0.2685298398756496
08_000375_000395_s5,08,4,0,13841,27.3665,31.586201343761893,25.609745397612652,32.40119745443536,0.1841288630830536,0.16910658482142865,0.18524901525371607,3.4693311568908114,0.7149772415287913,13841,0.9822267177227079,0.9877176504587819,0.16955832147864527,0.1913878740860792,0.19819537271571808,0.6271484125937867,0.06783691865901978,0.04489488515754683,0.04584248694682458,2.3400015503825684,0.9683548876526262,13841,0.9836717000216747,0.989234881872697,0.047474370340674275,0.07740535975307151,0.09067741140323228,0.5696575992123988,0.23575327469922336,0.22240987099845685,0.2515419087101016,4.087616019853834,0.2632035257568095,13841,0.9765190376417889,0.9864894155046601,0.22116322377571748,0.24321264107977197,0.24965954642186755,0.6510831043586558,0.057133155756101076,0.03241345073521182,0.032437944716723344,2.2286893543718493,0.9733400765840619,13841,0.9838884473665198,0.989018134527852,0.03633543735761616,0.06697833950660181,0.0803991751942274,0.5585537827362511
08_000400_000420_s5,08,0,-4,15943,27.3665,29.082127846865994,24.391389827327327,30.75877789530925,0.1077807176545277,0.09971203150741363,0.10481149280897872,2.983986815240606,0.9630558865959983,15943,0.9947312300068996,0.9959856990528758,0.08110341147144476,0.10365370261141228,0.14957386389444915,0.19855985370987358,0.06818474795448233,0.04838419963920373,0.04928452444065101,2.4672826224371165,0.9653139308787556,15943,0.9954211879821866,0.9959856990528758,0.03355633464581661,0.07274452345205434,0.10631455844353122,0.14831692777591424,0.193814396906179,0.19544408867463953,0.2173455031026572,4.277458096774309,0.5703443517531205,15943,0.9914696104873613,0.9962365928620711,0.1804144131316942,0.17905623784842264,0.23580399704639612,0.28568728074716476,0.058181066257846185,0.030380897237406654,0.030185420607643287,2.2742131763582036,0.9585397980304836,15943,0.994919400363796,0.9959856990528758,0.035053535263626666,0.06566513768582602,0.07555060883230068,0.09938743309912436
08_000400_000420_s5,08,1,-3,15945,27.3665,29.082127846865994,24.391389827327327,30.75877789530925,0.14312793772897994,0.13308176369863023,0.14281061310620302,3.4128063023534008,0.8835998745688304,15945,0.9917215428033866,0.9937284415177171,0.12948494105529873,0.1407274206925286,0.1696224328315699,0.2828911418908296,0.09156015299504229,0.07911102211786909,0.08234342068794387,2.842424979986874,0.9720915647538413,15945,0.9933521480087801,0.99379115710254,0.07496563841204268,0.0899101581785726,0.12208881316058436,0.23793501208956283,0.235471272806837,0.22726498674659534,0.25781909220080634,4.6199603622686345,0.12010034493571653,15945,0.9823769206647852,0.9939793038570085,0.22412174909911617,0.23312931357989555,0.25739940080377804,0.3608506127283235,0.047859568697687586,0.030063897788733186,0.030404779333953247,2.4541729554192373,0.9822514894951395,15945,0.9935402947632487,0.99379115710254,0.026397747372015726,0.04750323985475644,0.08711669791770417,0.19400025237648916
08_000400_000420_s5,08,2,-2,14593,27.3665,29.082127846865994,24.391389827327327,30.75877789530925,0.1274665094230855,0.1235153225806452,0.13180157970977557,3.185659464865884,0.9534708421846091,14593,0.9909545672582745,0.9930103474268485,0.13398126212086522,0.11885862764992879,0.12973070229450112,0.5082846459072973,0.07689258204834613,0.0698767158985318,0.07230393886210251,2.7187212939764978,0.9800589323648324,14593,0.9921195093537998,0.9930788734324676,0.07969400095382113,0.066184246918744,0.09423571509782432,0.4774586157531668,0.22123993085338078,0.2187642004882638,0.24687825472170033,4.319250071784948,0.25621873500993625,14593,0.9892414171177962,0.9925306653875146,0.22812925900718103,0.21363202663371644,0.2205881204549719,0.5617407821329945,0.04226112727923388,0.027700861391817485,0.027894112977866037,2.4931681515918944,0.9883505790447474,14593,0.9924621393818954,0.9931473994380867,0.02736538123852364,0.03615480212439076,0.08189962100535786,0.44733293025228704
08_000400_000420_s5,08,3,-1,15048,27.3665,29.082127846865994,24.391389827327327,30.75877789530925,0.10688205986749934,0.10223747065727701,0.10784968959046237,2.687692249661723,0.9789340776182881,15048,0.9887028176501861,0.990829346092504,0.11436511392417315,0.0892172392325283,0.12106723275885299,nan,0.0587096414752757,0.04860988311668671,0.04972073951064582,2.3715294094537365,0.982589048378522,15048,0.9891015417331207,0.9911616161616161,0.0600280376879748,0.03903725172557183,0.098139464836934,nan,0.2021719194267244,0.19973067205206044,0.22280494686834562,3.6475477712244704,0.5039872408293461,15048,0.9867756512493354,0.9893673577884105,0.20952033376596782,0.18805374718402473,0.20866533068093537,nan,0.04046520305397492,0.023442495040227405,0.023370484102600342,2.325682196490864,0.98471557682084,15048,0.9895002658160553,0.9913609782030834,0.02436808197421231,0.038047156474080975,0.09708667497569191,nan
08_000400_000420_s5,08,4,0,14431,27.3665,29.082127846865994,24.391389827327327,30.75877789530925,0.08598436952559252,0.07146485068007095,0.07414423353624855,2.984922669286255,0.9639664610907075,14431,0.9788649435243573,0.9842699743607511,0.07487585123027551,0.07407359442959414,0.13366936271420746,nan,0.04601771310480856,0.025917525377480485,0.025961022999872352,2.759994801038613,0.970895987804033,14431,0.9801122583327558,0.9847550412306839,0.022682310898877924,0.037938456533545606,0.11648563457589255,nan,0.18390993952704443,0.17236825247545498,0.18918697289370257,3.8259443926922176,0.8043101656156885,14431,0.9767860855103596,0.9811516873397547,0.1753996947970141,0.17392231781369374,0.22186139355472226,nan,0.06394977256930737,0.048182906010626934,0.04714276878018442,2.7885481992460317,0.9761624281061604,14431,0.9810823920726215,0.9848936317649505,0.04165260801908811,0.05915418966192156,0.12592856206964387,nan
08_000425_000445_s5,08,0,-4,14885,27.3665,28.96976629158164,23.94863584060077,30.04906359422687,0.08996754700791644,0.0680405329035499,0.0704638737632175,3.6753910504672955,0.9572052401746725,14885,0.9705744037621767,0.9769566677863621,0.07601619315764434,0.07981963631807854,0.1416249892252666,0.17010438554270582,0.05541711120984219,0.02912363260543422,0.029144928388578073,3.4162159160467334,0.9606315082297615,14885,0.9701713134027544,0.977830030231777,0.03402440682265902,0.05185444864067021,0.11395479113335827,0.12774212076702685,0.20125335613291676,0.18404779704869892,0.20319346265610516,4.7500171127011805,0.6337924084648976,14885,0.9676184077930803,0.9740678535438361,0.19118257949714243,0.18980405809189682,0.24603834500877703,0.2737500016434128,0.0603329954986586,0.03999862065066185,0.03964971682172136,3.3615043181331012,0.9612361437688949,14885,0.9701713134027544,0.9780987571380585,0.03528528189902646,0.06508687549731133,0.1119661184046883,0.11808151229894995
08_000425_000445_s5,08,1,-3,14892,27.3665,28.96976629158164,23.94863584060077,30.04906359422687,0.10018330392860617,0.08469853979342015,0.08839152421342378,2.8846470159294246,0.9674993284985227,14892,0.980593607305936,0.9848912167606769,0.08589625222181407,0.10576096381440442,0.11543713542740475,0.18167752066215268,0.05833952540886711,0.036082414213644734,0.036484376042207445,2.5399863217765035,0.9703196347031964,14892,0.978511952726296,0.9857641686811711,0.03469099891291009,0.0709674124860596,0.08089357410181752,0.1372195299670702,0.2073293929684338,0.19829251397142855,0.22093816619255036,4.1776451364656815,0.5251141552511416,14892,0.9812651087832394,0.9837496642492614,0.19964736559323265,0.2049981856794199,0.2248069695117086,0.28366321125716265,0.05142553815642378,0.028522100753929233,0.02838664830205806,2.4619164646291276,0.9691780821917808,14892,0.9780419016921837,0.9867042707493956,0.023111930731691956,0.0693056669871104,0.07500557092100883,0.1138468080358153
08_000425_000445_s5,08,2,-2,15627,27.3665,28.96976629158164,23.94863584060077,30.04906359422687,0.11137568849585884,0.09548786599099104,0.10024599369492693,3.2266833541748823,0.9568695207013502,15627,0.9765150060792218,0.9838100723107442,0.10528442053908622,0.11734809509243294,0.10875216821602701,0.14016379708761872,0.07062980629625296,0.04586289960467003,0.046808934907313304,2.9635290780383894,0.9655724067319383,15627,0.9774748832149485,0.9832341460293083,0.05415035613029891,0.08125148878639396,0.07560885709423273,0.1298338442530592,0.21451306160219985,0.20764575037896296,0.23271878604477236,4.415896759392356,0.38311896077302104,15627,0.9773468995968516,0.9828501951750176,0.21512381517009582,0.2147481821706735,0.20943544996749944,0.24298689537468424,0.056530393988248634,0.02449945249324178,0.024581155463116344,2.9382570962576207,0.9656363985409867,15627,0.9770909323606578,0.9820822934664363,0.026767084891279602,0.07411057786715237,0.07243783103132537,0.1303482847827761
08_000425_000445_s5,08,3,-1,14944,27.3665,28.96976629158164,23.94863584060077,30.04906359422687,0.1127597680426195,0.10165543365106179,0.10710743105519493,2.7639862098071184,0.9619914346895075,14944,0.9858806209850107,0.9882226980728052,0.11999911073734808,0.09721183218280663,0.12263471423079221,0.11167168465338975,0.07048811810445685,0.052832592392449834,0.05408504239885237,2.4273761170410526,0.9752408993576017,14944,0.9862821199143469,0.9885572805139187,0.07040477702069783,0.05205708368568242,0.10019046958930693,0.07626295519141277,0.21837362275352,0.21306287603640717,0.23953960189927426,4.10536297284094,0.34448608137044967,14944,0.9823340471092077,0.9874197002141327,0.22815670842915117,0.20709139429643178,0.21562629369929417,0.2221945351191203,0.05443924261375378,0.031054216897014507,0.03130246016952998,2.375255977330912,0.9755085653104925,14944,0.9859475374732334,0.988691113490364,0.042100468613593234,0.0425678429675153,0.09882770639419412,0.07240603285291791
08_000425_000445_s5,08,4,0,16464,27.3665,28.96976629158164,23.94863584060077,30.04906359422687,0.09051669846664878,0.08035542461808637,0.08376285102891301,2.376437924772753,0.9803206997084548,16464,0.9859086491739553,0.9884596695821186,0.08444693280486316,0.0860319049319538,0.12145148967063822,0.14391850537832598,0.050190375055742247,0.03288245499398289,0.033224109903692955,2.1159123575714935,0.9826895043731778,16464,0.9853620019436345,0.9885204081632653,0.0359533763434287,0.04956673934438491,0.09175568472863622,0.135399738657016,0.20096290412377976,0.19488669265947367,0.21674567660301824,3.5096137393971905,0.562742954324587,16464,0.9870626822157434,0.9883381924198251,0.19602750931629406,0.19863362204160628,0.22150521653160468,0.24888805214321688,0.04669575847263959,0.029844393146474454,0.029709984021179303,2.096078911467025,0.9826287657920311,16464,0.985240524781341,0.9881559766763849,0.032258789498660054,0.04657963631804682,0.08610047250558951,0.15387110703205872
08_000450_000470_s5,08,0,-4,16430,27.3665,30.194062750977388,26.195638189409628,31.2086936417821,0.15331570265000474,0.13223959331100585,0.14183013920057086,3.0818175664363707,0.887583688374924,16430,0.9721241631162507,0.9866707242848448,0.13771347031866946,0.19161157795357758,0.17019197469693245,0.11369110678440263,0.07201919847561578,0.04542031311218557,0.046328385201049205,2.455678690880016,0.936518563603165,16430,0.9835666463785758,0.986488131466829,0.05203247896600779,0.11105355608665776,0.10139079096573354,0.06928439591447039,0.1888395510195864,0.16934432711235448,0.18553992272604225,3.4810884473991823,0.7269020085209982,16430,0.9494217894096165,0.9863055386488131,0.1743886453265225,0.22600741425708498,0.20104426313637394,0.14725331970689137,0.05623958894574951,0.028888847917474342,0.028777377609575994,2.4026317960909043,0.9404138770541692,16430,0.9842361533779671,0.986488131466829,0.03241732988663301,0.0983420617867201,0.0967337247203301,0.07099462277434418
08_000450_000470_s5,08,1,-3,15669,27.3665,30.194062750977388,26.195638189409628,31.2086936417821,0.12396070567716684,0.11550605701868195,0.12262926758459836,2.7776094799856508,0.9619631118769545,15669,0.9899163954304678,0.9901716765588104,0.12209006804821235,0.13159698876638518,0.12391960762363459,0.11049685674523554,0.05028831679951867,0.031108902439181373,0.031359444023205896,2.3652445541581817,0.9885761695066693,15669,0.9898525751483822,0.9904269576871529,0.040303219398067726,0.04714314084559221,0.10424421895113908,0.06743673009313814,0.15923080987659208,0.153206833485629,0.16629880952917553,3.1834803342091695,0.8449167145318782,15669,0.9899802157125535,0.9901716765588104,0.1594987471575283,0.16850907745819801,0.14512219584128808,0.14248182359491368,0.046173202432652376,0.02789479017582128,0.027691022481346472,2.473218055314396,0.9857680770949008,15669,0.9898525751483822,0.9906184185334099,0.0310383941387145,0.044070345101370444,0.12072649358368985,0.07380326315471213
08_000450_000470_s5,08,2,-2,16300,27.3665,30.194062750977388,26.195638189409628,31.2086936417821,0.13031820232159194,0.11386818056388143,0.12080519045067017,2.922905593630696,0.9265644171779142,16300,0.9819631901840491,0.9858895705521472,0.11811146027654887,0.15639720860977105,0.11624489041257217,0.10999596938706051,0.05605563225584176,0.030004943069282745,0.030319253890912945,2.4132293703070444,0.9643558282208589,16300,0.9825153374233129,0.987239263803681,0.031435105793042366,0.0755982752516827,0.09762985131887968,0.04772814013084654,0.1654093479607324,0.15161055895107528,0.16431305309274957,3.36360890044287,0.8733742331288343,16300,0.9817791411042944,0.9849693251533742,0.15548295981223254,0.19229654237071056,0.14163542009231223,0.1439098352147358,0.05260729290332137,0.027165628442142535,0.02700165836775592,2.4933839396048607,0.9661963190184049,16300,0.982638036809816,0.9874233128834355,0.02581858250574928,0.06776051306101515,0.11400619800337765,0.04290926850813496
08_000450_000470_s5,08,3,-1,15009,27.3665,30.194062750977388,26.195638189409628,31.2086936417821,0.12364890531630024,0.11065702969061876,0.11726642959133193,2.8340584690408646,0.9476314211473116,15009,0.9824105536677993,0.9884735825171563,0.12441633390341485,0.13675976740926937,0.10315845106683409,0.14254810771008322,0.051391280239186106,0.027077660939519008,0.02733786447309594,2.186544219788932,0.9729495635951763,15009,0.9837430874808448,0.9890732227330269,0.039067285901438174,0.056454621456440285,0.062381008926027645,0.09946014511337521,0.1592004286551084,0.148590314150178,0.16079979258436072,3.3546849922325297,0.901725631287894,15009,0.9810113931641016,0.9880738223732427,0.1611694319428636,0.17296249180858972,0.1364200017967123,0.1708360224732451,0.05081755912422878,0.02618208456567329,0.025990226853756848,2.275186619680775,0.9727496835232194,15009,0.9838763408621494,0.9891398494236792,0.03502637744135797,0.05339599274035316,0.07216716724775125,0.09185650013185143
08_000450_000470_s5,08,4,0,17277,27.3665,30.194062750977388,26.195638189409628,31.2086936417821,0.11110055442585488,0.10231082231570512,0.10788404145663133,3.0247382057705194,0.9564160444521619,17277,0.983677721826706,0.9907391329513225,0.10958625234779985,0.10861898229186945,0.11085169356512796,0.18167726160675282,0.05335442726261099,0.027620411128990288,0.02777069520988329,2.5267069367352324,0.9722752792730219,17277,0.9825201134456214,0.9899866875036175,0.029097042286221748,0.04773152764396548,0.08642183616911313,0.15349103208727502,0.14547214162351524,0.1404345127379125,0.1512592732978948,3.4819585651610985,0.9329744747351971,17277,0.9835040805695433,0.9906812525322684,0.14665089843195891,0.14508160307597148,0.13979773882863214,0.20608631265364244,0.061334432327862835,0.033161818206331295,0.032806233770712456,2.6298480017223786,0.970307345025178,17277,0.9825201134456214,0.9891763616368583,0.03464290362736,0.06092164838495905,0.09304284863901761,0.14579662922762868
08_000475_000495_s5,08,0,-4,17753,27.3665,27.334897816527633,23.83473031019373,27.950692735436856,0.04440535964691125,0.02314488031914893,0.023097119168840496,1.9924261131192444,0.9741452148932574,17753,0.9907057962034586,0.9939728496592125,0.017557201948854545,0.050748924224096124,0.06886032747206423,0.11214072395613761,0.04448683369295226,0.02312823748302576,0.02318077309462163,1.991969490993162,0.9740325578775418,17753,0.9907057962034586,0.9939728496592125,0.01802919756480632,0.0504903666478354,0.06881793255063015,0.11221243752295809,0.13918591409220862,0.13290229230599218,0.14248111000842667,3.040899445639659,0.9263786402298203,17753,0.9896355545541599,0.9944234777220752,0.13823927782574658,0.1355513675394888,0.1432636965656155,0.16433922580055235,0.04917486095007466,0.029673957140792812,0.029439725356063207,2.0403155045875816,0.9758913986368501,17753,0.9907621247113164,0.9934658930884921,0.01912050773403787,0.06032813712373076,0.07262353398964082,0.11163268355463203
08_000475_000495_s5,08,1,-3,18366,27.3665,27.334897816527633,23.83473031019373,27.950692735436856,0.04647361489479751,0.03054877753367289,0.030639784836693496,1.7892954529741805,0.9790373516280083,18366,0.9944462593923554,0.9990199281280627,0.02045732422322971,0.05252457168324078,0.06860462924960709,0.11900857498620827,0.0465513106867005,0.030633100997659226,0.03072621104125961,1.7884731946582682,0.9789829031906784,18366,0.9944462593923554,0.9990199281280627,0.020929459206208936,0.05241523078608481,0.06842509495496353,0.11911986774600623,0.13781797636836637,0.13439506125011036,0.14430992602257087,2.799757632094163,0.9145159533921376,18366,0.9961341609495807,0.998203201568115,0.14058293215081805,0.13575188116443382,0.1345834693984215,0.18442907935843542,0.0497039847317842,0.03264182883475283,0.032502582511815925,1.8440370513256505,0.979472939126647,18366,0.9943918109550256,0.9991288250027224,0.01928215080995039,0.05870027947795871,0.07370693916202724,0.11710246978380265
08_000475_000495_s5,08,2,-2,17950,27.3665,27.334897816527633,23.83473031019373,27.950692735436856,0.046152371948957396,0.036239929234580276,0.03651709297204442,1.585648062350911,0.9885793871866295,17950,0.9969359331476323,0.9992200557103064,0.02997919607760647,0.04520312497769135,0.06956956667402041,0.06923977417746906,0.04643575584122935,0.03661933777275639,0.03683233709641054,1.5876903748471194,0.9884679665738162,17950,0.996991643454039,0.9992200557103064,0.030553289894037446,0.04537870888579755,0.06965940711036255,0.06961183193177366,0.14806052192691868,0.14777794858539556,0.15988961239384836,2.7645685246306377,0.9027855153203342,17950,0.9971030640668523,0.9985515320334262,0.15000973708143941,0.14373605981266224,0.15296863813743614,0.17222641830186874,0.044214819785688766,0.03438596697743547,0.034372138622869475,1.588283202777666,0.9890807799442897,17950,0.9965459610027855,0.9992200557103064,0.024502359203886746,0.044487525289053434,0.07016105389172628,0.06638335047298319
08_000475_000495_s5,08,3,-1,18281,27.3665,27.334897816527633,23.83473031019373,27.950692735436856,0.04256217815241963,0.025756454772079697,0.025810536222786062,1.4990196513315253,0.9846288496252941,18281,0.9963349926152836,0.9996170887807013,0.015511707810136157,0.04486943626611027,0.07868638722786343,0.14365882574465474,0.04280578012519263,0.02618067394878442,0.02630798591910599,1.5024015533318693,0.9844100432142662,18281,0.9963349926152836,0.9996170887807013,0.01623206853981534,0.04466985247173565,0.07931145479251192,0.14436967651671695,0.1384812824633155,0.13820357562525862,0.148730540540027,2.700747795128462,0.9096329522455008,18281,0.9967726054373394,0.9988512663421039,0.13910103348936512,0.12029777071213746,0.18324971459586287,0.2515261885468205,0.043996603441771816,0.0254614248763459,0.025293023481522958,1.4742049465186315,0.9855040752694054,18281,0.995787976587714,0.9994529839724304,0.013615231809758054,0.05294776887666854,0.06826359649732744,0.13365273367074915
08_000475_000495_s5,08,4,0,18550,27.3665,27.334897816527633,23.83473031019373,27.950692735436856,0.06629287258187304,0.03531171786054964,0.03555514315040287,2.246852829792851,0.9585983827493262,18550,0.9793530997304583,0.9921293800539084,0.04685121601867511,0.06722988721553784,0.09712124238782537,0.40380438323101264,0.06656116732992635,0.035736608033643036,0.035912657995545993,2.2519331639866884,0.9584905660377359,18550,0.9794609164420485,0.9921293800539084,0.04725082811159393,0.06696374776072427,0.09804410669033455,0.40449285575276556,0.15695611166253018,0.14418011422449484,0.15557853844978853,3.3510009588611314,0.8166037735849057,18550,0.9859299191374663,0.9966037735849057,0.15053310662604646,0.13048747317188414,0.21011490758711973,0.4807461042585485,0.06558154247746517,0.03583961948274003,0.035663978597399115,2.175175048621307,0.9621563342318059,18550,0.9790835579514825,0.9917520215633423,0.047057977127723076,0.07494206367369435,0.08063427920485929,0.3910773940940845
08_000500_000520_s5,08,0,-4,16212,27.3665,23.75662465215412,20.225200172531096,23.938687353911252,0.2063612152451984,0.18184027644238737,0.1671126049336642,3.318791573579321,0.9046385393535653,16212,0.9701455711818406,0.9813101406365655,0.23586740909131498,0.19020661486168103,0.16031532583310099,0.2133159441572552,0.06259883130389819,0.03235092147316865,0.03203285663275535,2.060117838942191,0.960646434739699,16212,0.976745620528004,0.984394275845053,0.07877573147995476,0.05000378523715298,0.04202309964591064,0.1628859896961045,0.14433002931910416,0.1294833700563606,0.13856738995302686,2.888093683968177,0.943807056501357,16212,0.9793362941031335,0.9901924500370096,0.13687561854614896,0.14741929027962383,0.15518186552845814,0.2570634320731576,0.06727660083071621,0.037877300678239426,0.037375814072255764,2.078523041204276,0.9608314828522082,16212,0.9764988897113249,0.9843325931408833,0.08553399732594358,0.053574909287868074,0.04355722120146192,0.1609003751043825
08_000500_000520_s5,08,1,-3,17005,27.3665,23.75662465215412,20.225200172531096,23.938687353911252,0.18089381171035274,0.157361223521183,0.1462393490799616,2.698469613128473,0.9263157894736842,17005,0.9737724198765069,0.986533372537489,0.2472286936182806,0.14620002675461546,0.14483274484276418,0.2145088262559338,0.06004092568537664,0.024608686100929877,0.024548061196405513,1.5807109555519687,0.953307850632167,17005,0.9761834754483976,0.9911202587474273,0.09557528107982653,0.037299309271844404,0.05633759634051244,0.0967749039626891,0.16451549289457648,0.14712018503219987,0.1590076288501936,2.749406950122177,0.8944428109379594,17005,0.981417230226404,0.9920023522493384,0.17068940242002978,0.1585369325181799,0.1710768348626628,0.19333705594926398,0.06183704933413889,0.026468358677954357,0.02639385956470308,1.580777589099258,0.9532490443987063,17005,0.9758894442810938,0.9910026462805057,0.10195221227411592,0.03662024960609684,0.05595707226531311,0.10074986850693723
08_000500_000520_s5,08,2,-2,17520,27.3665,23.75662465215412,20.225200172531096,23.938687353911252,0.1514292428532728,0.13995442105569514,0.1310119679687256,2.530994404005461,0.9390981735159817,17520,0.99412100456621,0.9968607305936074,0.1517860347347663,0.1475357863222882,0.16519795097238704,0.18358806215523774,0.044231831208417914,0.025822723071777944,0.026012375753188932,1.640793653582433,0.9668949771689498,17520,0.9866438356164383,0.9971461187214612,0.027393520008115936,0.05091824882263957,0.08727563549869274,0.06298262106255431,0.1623868349451864,0.15916101143061864,0.17329720900530765,2.796998604038173,0.910958904109589,17520,0.9793949771689497,0.9927511415525114,0.15038665845675941,0.16745208834946979,0.19238083988091872,0.15800146142507016,0.04296413434614026,0.021954184823610036,0.022026177606197406,1.6317558034724013,0.9671803652968036,17520,0.9871575342465754,0.9972602739726028,0.026852356658766608,0.04886898275042985,0.08605176407330736,0.06605603382414779
08_000500_000520_s5,08,3,-1,16868,27.3665,23.75662465215412,20.225200172531096,23.938687353911252,0.1279315181997156,0.11462258635334917,0.10874405406157983,2.3590755880104273,0.9532843253497747,16868,0.9911667061892341,0.9953758596158406,0.13926968104459578,0.10947239894498273,0.15207115235011162,0.17383620883769899,0.061998787834316504,0.04168371241923122,0.04234981271125693,1.8354187159688975,0.954470002371354,16868,0.9868982689115485,0.9959686981266304,0.04350384100743664,0.07272893195063919,0.08965572979524603,0.09814937880941958,0.1858570005243843,0.1790162124771333,0.19719615288676917,3.045545410061751,0.7467393881906569,16868,0.9714251837799384,0.9922338155086554,0.16871890470567755,0.2005820748223535,0.1948633386148947,0.1934890887322154,0.05807400992383879,0.03654829233093488,0.036990620780031014,1.8111323792896723,0.9554778278396965,16868,0.987668958975575,0.9959686981266304,0.040034736740205266,0.06762233464648602,0.08819895259658407,0.09904070603973175
08_000500_000520_s5,08,4,0,15484,27.3665,23.75662465215412,20.225200172531096,23.938687353911252,0.16147387694836615,0.14921139211851417,0.13937837226618766,2.7392044393586894,0.9062257814518212,15484,0.9862438646344613,0.9956729527253939,0.15846485639955177,0.15855661033236407,0.18189428996782117,0.24903866430518837,0.05543789513931228,0.02358004324701024,0.023644379605081145,1.7710898888830418,0.9451692069232757,15484,0.9853397055024542,0.9929604753293723,0.03579180056565666,0.0816625333698801,0.06516283757737669,0.17090193994633474,0.16343704661587746,0.15243098111505649,0.1652555235379729,2.6344465304219504,0.8522345647119607,15484,0.969064841126324,0.9879876001033324,0.1504251506749827,0.18983834904203772,0.14350983429603048,0.22629551280020763,0.05578651697794374,0.02399959077670849,0.023937376057681092,1.7768374173563881,0.9463962800309997,15484,0.9854042882975975,0.9930250581245156,0.03591177282362651,0.08144277732968952,0.06819551284659393,0.17297804039494818
08_000525_000545_s5,08,0,-4,16831,27.3665,24.560365314659894,20.603208103912838,24.28718038355654,0.16382460210371674,0.14607537943061838,0.13667208536456155,3.0982225226006705,0.8974511318400571,16831,0.9711841245321133,0.9853841126492782,0.15819424157895642,0.16323192281324672,0.1833168966671406,0.26883049236092393,0.07674213301698314,0.03770126943075632,0.03722254889099563,2.467609950651092,0.9186025785752481,16831,0.9653021210860911,0.9835422731863823,0.059589973658117704,0.08898417784475006,0.09199683340989595,0.26695691085657,0.16706205633391524,0.14182223657472223,0.1528808935371362,3.2052066343720376,0.8453448992929713,16831,0.9437941892935654,0.9737389341096786,0.1564545097602872,0.18215843684580865,0.14628473998190927,0.3222790451227976,0.07212399106292705,0.030118559980435753,0.02988554366553542,2.4565209153728396,0.9178896084605787,16831,0.9634602816231953,0.9831263739528251,0.05481394489661406,0.0848494102906565,0.08588366213264634,0.2683400273357503
08_000525_000545_s5,08,1,-3,17547,27.3665,24.560365314659894,20.603208103912838,24.28718038355654,0.15773294494714313,0.143452392578125,0.13428012758272168,2.651139396655128,0.938166068273779,17547,0.9848977033111073,0.9953838262950931,0.15932423967965817,0.15160603269601916,0.16938333221429397,0.2947174450256262,0.060976314674361515,0.03720499161563203,0.036708978251382085,1.8289968699019126,0.9656921411067418,17547,0.988659030033624,0.9965806120704394,0.05464776457572714,0.06299287049975924,0.07178976346642967,0.2693750859548786,0.1493519398162378,0.14098234332627674,0.15191089700705818,2.5304847191042907,0.8871601983244999,17547,0.9887160198324499,0.9954408160939192,0.15095612977309644,0.14781555474995234,0.13462161803308786,0.3295926470814356,0.05540359629674671,0.028922381642517526,0.028589084647276497,1.8016750319895138,0.9636405083490055,17547,0.988943979027754,0.9965806120704394,0.04925550429065084,0.057446644719454695,0.0646107788837263,0.26974634061856617
08_000525_000545_s5,08,2,-2,16886,27.3665,24.560365314659894,20.603208103912838,24.28718038355654,0.17822133836952023,0.16176929604157578,0.15021947559478743,2.859332596461498,0.8663981996920526,16886,0.9772592680326898,0.9948478029136563,0.17990604896702758,0.180253920821892,0.15142339185105153,0.33163227071232315,0.08535254578152804,0.053759629074875186,0.052710598072444714,2.1771576257958207,0.9279284614473529,16886,0.9809309487149117,0.9941371550396778,0.07859215021873621,0.09432804375071456,0.07482273395013084,0.28310838932795285,0.14565620481322814,0.1290875289538498,0.13808094282183458,2.815377379532647,0.8596470448892574,16886,0.9695013620750917,0.9870898969560583,0.13369987608365563,0.15718672146688056,0.15469969414772114,0.32695810055617025,0.0784166229013855,0.044740639295368326,0.044062244049798194,2.158234314684754,0.9257965178254175,16886,0.9806348454340874,0.9940187137273481,0.06994781450211643,0.08868524042927185,0.07192620821668233,0.28017637104982096
08_000525_000545_s5,08,3,-1,16566,27.3665,24.560365314659894,20.603208103912838,24.28718038355654,0.19125485439727027,0.17264032944663188,0.15935036946640313,2.6930157179105954,0.8682844380055535,16566,0.9815284317276349,0.9885307255825184,0.20202776011055565,0.18000067092061633,0.1584884129924522,0.16004904072077952,0.08780470438865898,0.058511005119376375,0.05704623442839152,2.01495191829578,0.9480864421103465,16566,0.9824942653627913,0.9887721839913075,0.08712873416852103,0.07911089986702281,0.13317476501692108,0.09703838245355172,0.13536408470596606,0.12002237577685242,0.127657543145846,2.6395592695332564,0.900639864783291,16566,0.9773632741760232,0.9913074972835929,0.12782731362277436,0.1296486551091266,0.21920631556539444,0.22198922200908253,0.07978892445243141,0.04866986574253998,0.047864448407284765,1.995527341344322,0.9529759748883255,16566,0.9815887963298322,0.9890740070022939,0.07769480616824302,0.07162347137031902,0.13375642539905927,0.09732028967190402
08_000525_000545_s5,08,4,0,15258,27.3665,24.560365314659894,20.603208103912838,24.28718038355654,0.2072409468225832,0.1967195531159355,0.17982151175441652,2.900822395550653,0.8591558526674531,15258,0.9785030803512911,0.9879407523921877,0.22437651827489472,0.190557104749317,0.21077816583875886,nan,0.1043426377373829,0.07828477526614694,0.07559960390019826,2.021399252732851,0.9414733254686066,15258,0.9786341591296369,0.9885961462839167,0.10484418937596132,0.0994726479575417,0.14040128235313074,nan,0.12883334204372968,0.10152670623955472,0.10695192001187181,2.3749289815817187,0.888648577795255,15258,0.9676235417485909,0.9884650675055708,0.1224271693268916,0.13089007251363222,0.1622317039616304,nan,0.09592975122633374,0.06731564295663134,0.0653341093502462,1.976199280277629,0.9418010224144711,15258,0.9786341591296369,0.9884650675055708,0.09441903756110262,0.09247518257128004,0.13603809690702373,nan
08_000550_000570_s5,08,0,-4,17079,27.3665,25.701452432343363,22.30536376361986,24.83567265847025,0.13325149120005114,0.11214377775036996,0.10665635398468964,2.725892378480275,0.9377012705661923,17079,0.9814391943322208,0.9852450377656772,0.12583777487890174,0.13511295703631102,0.16020705646349395,0.10174986834853327,0.08005936328948368,0.05176023388266033,0.05069508649623944,2.364076486121356,0.9600093682299901,17079,0.9812049885824697,0.9844838690789859,0.06291606220342608,0.092354957076895,0.11058250296962317,0.10205689494011323,0.11584917216519233,0.09740612872578407,0.10238020158563033,2.6413972247832587,0.9088939633468002,17079,0.978628725335207,0.9843082147666725,0.10297205736744708,0.12283259521157465,0.14498470240179004,0.15837431875341623,0.06227642030283759,0.027883905268457077,0.027755664101283495,2.2993619587107244,0.9590139937935477,17079,0.9810293342701564,0.9844253176415481,0.040642473660622284,0.07845865311219608,0.09792102900596848,0.10221654047709047
08_000550_000570_s5,08,1,-3,15265,27.3665,25.701452432343363,22.30536376361986,24.83567265847025,0.17484647275599824,0.13448973994755234,0.12661309035535995,2.8667338914848584,0.8758598100229282,15265,0.9648869963969866,0.9734032099574189,0.19137600290963178,0.16182691882147907,0.1421787354358327,0.20272825027612806,0.11896539144594062,0.07125200982635164,0.06916190071870254,2.3887141814505455,0.9202096298722569,15265,0.9646904683917458,0.972355060596135,0.12882189516341566,0.11521532706882778,0.09234395820657589,0.15884575971059234,0.12282896922487879,0.08297616648348827,0.08625009317367915,2.578801512268508,0.8956436292171635,15265,0.9606943989518506,0.9725515886013757,0.12960331177217188,0.1169999651921511,0.11103428627638164,0.09723968095727145,0.09658336120021083,0.04288621733090097,0.04227458365212833,2.2744794956114687,0.9246642646577137,15265,0.9639698657058631,0.9719620045856534,0.10197632552173623,0.09825974268363921,0.07546667173077651,0.1360280495761673
08_000550_000570_s5,08,2,-2,14034,27.3665,25.701452432343363,22.30536376361986,24.83567265847025,0.140125532362916,0.10124932602633718,0.096770368664721,2.5501510302219073,0.9303120991876871,14034,0.9747755451047456,0.9828986746472852,0.20067547819908738,0.1081968869914133,0.12059944645830101,0.1688537934957258,0.0905520432260005,0.04382307086952064,0.04325314447993844,2.2019498114485203,0.9419267493230725,14034,0.9742055009263217,0.9823286304688613,0.1342075720652419,0.060582634260903025,0.10014054771650358,0.10280796367331868,0.1362841408554828,0.10876802974872316,0.11482254182279739,2.810982092053469,0.8975345589283169,14034,0.9700014251104461,0.9818298418127405,0.15010093864964832,0.12116428059110432,0.15980964816106455,0.07470675089840385,0.0797721681137145,0.030831949616981328,0.03084889640217925,2.192631442962844,0.940074105743195,14034,0.97320792361408,0.9822573749465584,0.11179131532392295,0.05379823332894247,0.10074568778293375,0.06846591560235486
08_000550_000570_s5,08,3,-1,18269,27.3665,25.701452432343363,22.30536376361986,24.83567265847025,0.11967765927160552,0.101389082847841,0.09700284403985071,2.127662722075758,0.9362307734413488,18269,0.9878482675570639,0.9938693962450053,0.1125926801464641,0.11885901022235498,0.15019546961153568,0.1369648763531334,0.06597161766934799,0.04025080439642746,0.039649623825896096,1.7558683552564527,0.955279435108654,18269,0.9885051179593848,0.9962778477201817,0.05176991082495759,0.06329033807379195,0.13347935670723834,0.08743856992017147,0.11918856751801772,0.10775776156572746,0.11390464895938957,2.2643431362780224,0.9339317970332257,18269,0.9818818764026493,0.996442060320762,0.1281781178716733,0.10362295971523325,0.1730489244042566,0.1360666798074085,0.056591483799684573,0.0283632425816538,0.028573698293983707,1.722880210979669,0.9546773222398599,18269,0.9881766927582243,0.997701023591877,0.05272692306611151,0.04600311453286805,0.1303691542564519,0.07270508560077087
08_000550_000570_s5,08,4,0,16903,27.3665,25.701452432343363,22.30536376361986,24.83567265847025,0.14579427022195493,0.12129679981956698,0.11480809498675626,2.6195304165523585,0.9175885937407561,16903,0.9833757321185589,0.9889368751109271,0.15166804220357016,0.12896762026857703,0.1741840535076439,0.27624479804105967,0.09310266961566054,0.060305917789118195,0.05878334011660735,2.27906379582312,0.9465183695202035,16903,0.9822516713009525,0.989173519493581,0.08687253749409955,0.08795119672885557,0.15764614088069445,0.2165483522059997,0.12089084843650202,0.09078441000122704,0.0949023787664327,2.4738369250287895,0.8985387209371117,16903,0.971602674081524,0.9865704312843874,0.1113199168421846,0.12309526798385623,0.1816336887563478,0.12725981763606353,0.07524905038545046,0.03531199652638234,0.03502433331806487,2.2087512118744845,0.9487664911554162,16903,0.981719221439981,0.989291841684908,0.06463660152683068,0.07494406061653797,0.15050395675092132,0.18550781235593042
08_000575_000595_s5,08,0,-4,16363,27.3665,24.00811602315628,20.023884553026452,22.712822020714302,0.22271626736054553,0.19789815714712908,0.1807778194212779,3.1330328679698254,0.7794414227219948,16363,0.9817881806514698,0.9902829554482674,0.25715067469338654,0.19912695656657103,0.23107013823300493,0.22563365227728296,0.08922618181730431,0.056488937260614214,0.05519777840812301,1.8861382578814734,0.961804070158284,16363,0.9844160606245799,0.9915663386909491,0.10515114363047016,0.0767001044986261,0.1022688591383006,0.14495984565405037,0.13868298469842757,0.1258657268120609,0.13437375169404264,2.4778689768683475,0.9110187618407383,16363,0.9822770885534438,0.9896107070830532,0.14089415477297723,0.1373325683524986,0.12552434357772324,0.19698125777099199,0.06501268366418315,0.031060044095705362,0.031138873175964976,1.7904317731956396,0.9621707510847644,16363,0.9841104931858461,0.9906496363747479,0.07002484165153372,0.05990522031732642,0.07252488714193706,0.13774261421786269
08_000575_000595_s5,08,1,-3,15576,27.3665,24.00811602315628,20.023884553026452,22.712822020714302,0.23952043737721887,0.21995129292020923,0.19939250288890165,3.3873488580169413,0.6841294298921418,15576,0.9684129429892142,0.987673343605547,0.2518943186950468,0.20798242667777328,0.2765095806442268,0.22274679986322873,0.10677398876790653,0.07519144874914349,0.07271949034282921,2.3224298011441773,0.9241782229070364,15576,0.9683487416538265,0.9779789419619929,0.10178145832318837,0.10844687023237953,0.13958425096135643,0.1569736395456709,0.13082835041339252,0.11182253744355225,0.11839450191117518,2.5654241103755453,0.9065870570107858,15576,0.9571135079609656,0.9765665125834617,0.10501220447431184,0.1834148878285922,0.11229541372166421,0.20596517395874528,0.07342693356211893,0.03351700209825989,0.033352017813766954,2.186226182908931,0.9359912686183872,15576,0.9657164869029276,0.977336928608115,0.05506829017905091,0.10185509781219258,0.1003019300653797,0.1521982108419281
08_000575_000595_s5,08,2,-2,12403,27.3665,24.00811602315628,20.023884553026452,22.712822020714302,0.2325502780989763,0.21448267475895313,0.19434978271637604,3.3744789419267875,0.7883576554059502,12403,0.961460936870112,0.9731516568572119,0.22776715769063763,0.2631595869401429,0.21910517386155276,0.22720750540134493,0.09691632562774719,0.06852730916210266,0.06641233704972516,2.168383455803162,0.9501733451584294,12403,0.9640409578327824,0.973877287752963,0.0850932655236028,0.1465675591845353,0.09256215558746755,0.16691873867468968,0.13907050754524752,0.11466449301575192,0.12173332424702465,2.5238160715005318,0.9179230831250504,12403,0.9682334918971217,0.9755704265097154,0.1333005516936301,0.16120462804504795,0.13738840570241467,0.2599408672510276,0.06458315000673112,0.026639615341607567,0.026538469687511945,2.0251625733360563,0.9475126985406757,12403,0.9647665887285334,0.9733935338224623,0.0513436576897833,0.1071808748863468,0.07400571636648527,0.19042924599650599
08_000575_000595_s5,08,3,-1,15975,27.3665,24.00811602315628,20.023884553026452,22.712822020714302,0.21075871789280043,0.20190709459459447,0.1849891968966686,3.034461740396826,0.7839123630672926,15975,0.9603755868544601,0.9830359937402191,0.2155222693647212,0.21103667390128855,0.18926959873067029,0.21321767976871261,0.12146379229243136,0.07750121337974257,0.07551422018058274,1.8048680329744673,0.8891392801251956,15975,0.9549921752738654,0.9868544600938968,0.14235722907394444,0.10085500776748732,0.0833226286061967,0.13545188440698153,0.1754370694872165,0.12679218810007445,0.13542144453980987,2.476598146776514,0.7094835680751174,15975,0.9308920187793427,0.972206572769953,0.19600185807181492,0.15424492242703333,0.14057964702235265,0.1621899307621077,0.10516854391625524,0.04630726442406935,0.04607438307903511,1.7348447284859958,0.8711111111111111,15975,0.9509859154929577,0.9835367762128325,0.1303314486331835,0.07672114770122694,0.06870024025477088,0.11154321895028481
08_000575_000595_s5,08,4,0,17801,27.3665,24.00811602315628,20.023884553026452,22.712822020714302,0.2081220495365975,0.18592849503764533,0.1706052218498315,2.8341124130963498,0.8238862985225549,17801,0.982416718161901,0.9931464524464918,0.21935961480331978,0.20734421508779277,0.14316940289074698,0.2615294106475771,0.07882922185254126,0.04597403294316826,0.045193198234166676,1.4843724396514935,0.9458457390034267,17801,0.986798494466603,0.994494691309477,0.08263063369773693,0.07445921560939822,0.08325380610580971,0.12716917107625314,0.14198223002852098,0.13386860294011552,0.143508559604004,2.264265621767995,0.9021965058142801,17801,0.9834278973091399,0.9939329251165665,0.15245229505638028,0.12568053476623148,0.18655980129534103,0.12789627062350328,0.06280601350595692,0.031125679560503817,0.03142579736749962,1.4080015260227354,0.9529239930340992,17801,0.9864614347508567,0.9950564575023875,0.07174651089224549,0.05046260328697127,0.089515824399928,0.08300415767211955
08_000600_000620_s5,08,0,-4,17471,27.3665,26.27839682321606,23.037724406819606,25.848347734795542,0.0724467540953896,0.043159855769230725,0.04237228729087228,1.7618192093387661,0.952092038234789,17471,0.9927308110583253,0.9978822047965199,0.055417253319886554,0.0894114910843208,0.08675888805588661,0.11498923889201887,0.05512684234421132,0.02738903674291151,0.02745550878453562,1.536510582660629,0.9654284242458931,17471,0.9932459504321447,0.9979966802129243,0.040925501245098805,0.0707993192892245,0.05999954889723003,0.08827000546883856,0.12828069141398132,0.12810043473742877,0.13694350028229163,2.016971023725538,0.9382405128498655,17471,0.9906702535630474,0.9976532539637113,0.13308427729692549,0.1257124497868466,0.1152834603566685,0.10240638343746342,0.05772975179475633,0.03445733030222137,0.03479743256075074,1.499873707480042,0.9670883177837559,17471,0.9931314750157404,0.9980539179211264,0.04842331364483786,0.06926446282642501,0.05497375621589509,0.07827619515106657
08_000600_000620_s5,08,1,-3,16337,27.3665,26.27839682321606,23.037724406819606,25.848347734795542,0.09572563443101949,0.057192654123298554,0.055892029227847306,2.0387441873432075,0.9138764767093102,16337,0.9819428291608007,0.9930831854073575,0.09959337330816359,0.09271844112165259,0.0864858121519837,0.09753249983378984,0.07226511218080357,0.031062097577574537,0.030853719617127462,1.8674313897709451,0.9181612291118321,16337,0.9804125604456142,0.9925934994184978,0.07292106283149348,0.07279908299942019,0.06535662459910611,0.09803482869696166,0.1314341522325662,0.12008691501730674,0.12767446130229887,2.41696214549598,0.9068984513680602,16337,0.9741690640876538,0.9910632307033115,0.12165355526877289,0.14948476976115724,0.1196727364332392,0.18707435311817022,0.07127076996478293,0.031732605080069955,0.031855039990275724,1.8507169704054152,0.9181612291118321,16337,0.9802901389483993,0.9925934994184978,0.07215826125339678,0.07210630112647819,0.061919798264348055,0.10279143942691354
08_000600_000620_s5,08,2,-2,17179,27.3665,26.27839682321606,23.037724406819606,25.848347734795542,0.10637146898594424,0.07487397040878581,0.07261157903791782,2.1182796799800885,0.9401594970603644,17179,0.9802083939693812,0.9905698818324699,0.11321133734997851,0.1004879414758895,0.10567588705128893,0.09954051106485423,0.07268103633870977,0.03952652407828447,0.03891708820114559,1.8281030351058645,0.9548867803713836,17179,0.9802083939693812,0.9911519878921939,0.0762363101417362,0.06680979281580683,0.08037701016047881,0.09365212424855399,0.111175664358498,0.1007226305766664,0.10591916344236507,2.1568167195535013,0.9349205425228476,17179,0.9810815530589674,0.992723674253449,0.11831669639063605,0.10546760517197375,0.1049595343302457,0.17351158392756924,0.06417288380042291,0.028166721345653043,0.028024985391387425,1.763252607054789,0.9586704697595902,17179,0.9803248151813261,0.9909773560742767,0.06770539054350412,0.05789278249961645,0.0727175305746889,0.09547308447148986
08_000600_000620_s5,08,3,-1,17827,27.3665,26.27839682321606,23.037724406819606,25.848347734795542,0.10714858704227924,0.08510251197159835,0.08187909117282999,2.43459755120387,0.9460930049924272,17827,0.986537274920065,0.9931003533965334,0.1076258176137178,0.10144512344981495,0.13413710759057684,0.08464753476813944,0.07061439365150769,0.04489395905636306,0.044103788968748336,2.2189012889629223,0.9616312335221855,17827,0.9869299377348965,0.9935491108991978,0.06450019401291295,0.06894494309962189,0.1048748333448828,0.078324259376434,0.0992966362187719,0.08954939087632263,0.09365886309849802,2.483598155881239,0.9568631850563751,17827,0.9887810624333876,0.9925955012060358,0.09119869729875489,0.10085055837697726,0.12091041744222936,0.17444581621596428,0.05804076283483329,0.03128375774958396,0.030936545981594232,2.1734480641075393,0.9656700510461659,17827,0.9870421271105626,0.9934369215235317,0.048702653964793244,0.058202368271778666,0.09637249718394224,0.0822762904491939
08_000600_000620_s5,08,4,0,16491,27.3665,26.27839682321606,23.037724406819606,25.848347734795542,0.1624815901531819,0.1349224710756722,0.12683557607138596,3.173570725346834,0.9234127706021467,16491,0.9650718573767509,0.972045358074101,0.1727043328469291,0.13757932748154802,0.18962175869520934,0.2134146258573176,0.12415694141667608,0.09185538452048458,0.08832649271459925,2.961399818628258,0.9402098114122854,16491,0.9668303923352132,0.9721666363470984,0.1296292922310249,0.10311891707918268,0.1624870323172915,0.1836750979691779,0.09261836672100855,0.05253353715632067,0.05380666873932238,2.943048040553215,0.9301437147535019,16491,0.9687708447031714,0.971863440664605,0.08269505445011421,0.09375749996397471,0.13590568411986595,0.19778034018063,0.11012018628521598,0.07557132252128275,0.07311468392730891,2.903586940654372,0.9434236856467164,16491,0.9674974228366988,0.9722272754835971,0.11302150155970046,0.09184761150446734,0.1523530418678334,0.17426549097571267
08_000625_000645_s5,08,0,-4,15349,27.3665,26.703740254121094,23.258985691343725,24.850083747930526,0.16186749437348855,0.11238377490942013,0.10662106007465022,2.5450130925443246,0.9283340934262818,15349,0.9693791126457749,0.9765457033031468,0.18881252174866883,0.14492261340862686,0.12073457953971985,0.12689371596508636,0.1396612557603468,0.08661916984889961,0.08362218325248483,2.3171678186067566,0.9346537233696006,15349,0.9692488109974591,0.9763502508306731,0.16587649014956377,0.1245819933448541,0.09603891912303811,0.10669086464624412,0.1097106249910046,0.06287242877630209,0.06476477425218219,2.091316573946108,0.9318522379308098,15349,0.9617564662192977,0.9768063065997785,0.12445280458719987,0.10345290604976373,0.0779782532940173,0.13475435798994387,0.0927987710088453,0.03259571333203006,0.03247434675970062,1.9597977457567006,0.9385627728190762,15349,0.9668382305036158,0.9773275131930419,0.11612169533713097,0.08014601983930025,0.0510530286888672,0.09132178600009049
08_000625_000645_s5,08,1,-3,16718,27.3665,26.703740254121094,23.258985691343725,24.850083747930526,0.1303122718815062,0.10173080454266457,0.0969206490858272,2.424203200417542,0.9597439885153727,16718,0.9827132432109104,0.9867208996291422,0.14296235574329713,0.11644082336440774,0.11788430014868201,0.15336476114871964,0.105532937177354,0.07582806371530194,0.0731789947024255,2.2272117005801078,0.9663835387008015,16718,0.9825936116760378,0.9867208996291422,0.11608050600682222,0.09306713491011126,0.09791293087115384,0.13156378336321872,0.08932187987270049,0.06730577066924044,0.0695706839150747,2.089230268205715,0.9676396698169637,16718,0.9812776647924393,0.9861227419547792,0.08641388416385891,0.09387056566240704,0.08753810298621137,0.08538515375278638,0.05652175965188512,0.021101004533792406,0.021161704746530785,1.9420128223278843,0.9736212465605933,16718,0.9819356382342386,0.9866610838617059,0.05811975686725996,0.0534197550075126,0.058565191803347405,0.0813870020850073
08_000625_000645_s5,08,2,-2,16064,27.3665,26.703740254121094,23.258985691343725,24.850083747930526,0.10781312854881622,0.06723275396877967,0.06522521523469738,2.002886693917314,0.9514442231075697,16064,0.9823207171314741,0.9881100597609562,0.1177486663289535,0.10591624858469754,0.07990435869711988,0.1181465168451272,0.08977270827258003,0.04559681672005207,0.04493372555743269,1.8477131700357026,0.9556772908366534,16064,0.9826319721115537,0.9881723107569721,0.0988318164151288,0.0879192820073245,0.06485825259502673,0.09760457220166929,0.13158491488561713,0.09933414885294951,0.10450728586673375,2.1595139955646823,0.9106698207171314,16064,0.9818227091633466,0.9891060756972112,0.15574410578009573,0.11459532505290658,0.11047557088412513,0.11731461390353037,0.08543908770771014,0.04197836049298842,0.04273523346236208,1.7828630787936706,0.9401145418326693,16064,0.983441235059761,0.9893550796812749,0.10631443897148445,0.07340102998730184,0.05749870130525369,0.07632228315625861
08_000625_000645_s5,08,3,-1,15637,27.3665,26.703740254121094,23.258985691343725,24.850083747930526,0.11237876603510417,0.0735102459016393,0.0710283680516186,1.8230995604272409,0.9244100530792352,15637,0.9718616102833024,0.9890643985419199,0.12980680692813107,0.10215220862701578,0.08120985273483135,nan,0.09140970538745087,0.04982796907155365,0.048864673024527905,1.6445019682497564,0.9284389588795805,15637,0.9722453155976211,0.9893202020847989,0.10763659654819115,0.08053087689555866,0.06686771622840734,nan,0.11484710432964546,0.09362266968629876,0.0981632571726827,1.8560739028476112,0.9235147406791584,15637,0.974163842169214,0.9849715418558547,0.124041820052035,0.10463073073359015,0.11428563233647487,nan,0.07439047114865356,0.03687439795613676,0.03742314567152838,1.5091675107623415,0.9309969943083711,15637,0.9744196457120932,0.9892562511990791,0.08429732333568307,0.06672173012973379,0.06277088100412455,nan
08_000625_000645_s5,08,4,0,17115,27.3665,26.703740254121094,23.258985691343725,24.850083747930526,0.0796694886735474,0.04383921744670977,0.04337591908888827,1.3696264316791273,0.9303534910896875,17115,0.9941571720712825,0.9997078586035641,0.08989051055340345,0.0688454759908728,0.0735052622497437,0.0501823791967088,0.06631640760084052,0.03218125300257965,0.032267445899639924,1.2479821118405536,0.9432661408121531,17115,0.9946245983055799,0.9997078586035641,0.0729765251923817,0.05958032538941953,0.06105208969169131,0.03766450828070534,0.11702987163435842,0.12407423867681365,0.13195862486185028,1.8394889258612714,0.9508618171194858,17115,0.9938066023955594,0.9992404323692667,0.10949295773252919,0.12498257054530214,0.12234786645638127,0.128359440165113,0.07826382179893296,0.07146363557137157,0.07381811153035667,1.3470488489680248,0.9647677475898335,17115,0.9958515921706106,0.999649430324277,0.07733066605249952,0.07977902403087675,0.07654937622818239,0.068732351555154
08_000650_000670_s5,08,0,-4,17854,27.3665,26.347408646194186,23.257208227040817,25.62140436079542,0.068883802580006,0.052221435013680394,0.05114010848757711,1.4351026993928115,0.9616332474515514,17854,0.9953511818079982,0.9991038422762406,0.07601189152541507,0.06142725481673358,0.07691927585842001,0.09454864634470533,0.05427935497351449,0.028633588857732106,0.028597273440906346,1.3080451314990642,0.9598969418617677,17854,0.9954632015234681,0.9989918225607707,0.05725159842978981,0.05154813033288893,0.05517257047894371,0.06486965444543787,0.12866314802440224,0.1166311365578129,0.1238862108416734,2.002511853744064,0.8946454576005377,17854,0.9881819200179232,0.9987677831298308,0.11783598221013585,0.13851579428212735,0.12305391071015379,0.12142540188988923,0.05938934753208917,0.03710607664546263,0.03759429213802434,1.340712128579783,0.9526156603562227,17854,0.9948470930883836,0.9990478324185057,0.0598692408263462,0.060151658336841836,0.05228460645546071,0.0547189581933145
08_000650_000670_s5,08,1,-3,17472,27.3665,26.347408646194186,23.257208227040817,25.62140436079542,0.08041621499650428,0.06608771675388111,0.06411750077564271,1.6673900557532269,0.9697802197802198,17472,0.9939331501831502,0.9967376373626373,0.06340237373383154,0.10130203279657402,0.10013284469810343,0.10582686034324532,0.05042486885590252,0.03020346102675732,0.02989426976793741,1.381571147496154,0.9712110805860806,17472,0.993646978021978,0.9964514652014652,0.03350508811217658,0.0719964045294527,0.0675907028144685,0.07114504918611948,0.10546422449815092,0.09746174891654101,0.10248628459918119,1.6604165317146602,0.9483173076923077,17472,0.9907852564102564,0.9959363553113553,0.10804381284028473,0.10625489696856863,0.08925465782422475,0.09686068509556202,0.04265925505672923,0.02160029462041866,0.021607186526238165,1.2791366184429946,0.970066391941392,17472,0.9934752747252747,0.9963369963369964,0.030931125560524905,0.05831489270394141,0.05237081068725957,0.053705802132749315
08_000650_000670_s5,08,2,-2,16865,27.3665,26.347408646194186,23.257208227040817,25.62140436079542,0.11457149680561018,0.08908957463465553,0.0855350027169699,1.8241732766518874,0.946101393418322,16865,0.9864215831603913,0.9927660836050993,0.12475704206734924,0.10473783858954747,0.09544091705400239,0.1118397167131428,0.07891390017474763,0.051362941170248824,0.05028378028882585,1.5252818876030576,0.9596798102579306,16865,0.9868959383338275,0.9922917284316632,0.08501747928291105,0.07255060621614152,0.06761673569163455,0.08937124484191095,0.08777553858917073,0.07893241309979444,0.08200560463435358,1.7343864149955501,0.9587903943077379,16865,0.9857693447969167,0.9912837236881115,0.08042647475117903,0.09512827579030787,0.09688602257059263,0.12502250493726494,0.058624129344641666,0.029144275580067044,0.028851872640538456,1.4086031719436902,0.9646605395790098,16865,0.9864215831603913,0.9919952564482657,0.059820346849936055,0.05751173211400803,0.05377162335127122,0.08079961440804877
08_000650_000670_s5,08,3,-1,17137,27.3665,26.347408646194186,23.257208227040817,25.62140436079542,0.1044382816132184,0.08474695665083122,0.08148594489751604,1.8026082793218852,0.9534924432514442,17137,0.992414074808893,0.9987162280445819,0.10912488666695114,0.09691155509637299,0.12472925235125468,0.06390172682062731,0.07018074926546779,0.04819139446730375,0.04717866043875363,1.4771356589533695,0.9636459123533874,17137,0.9938729065764136,0.9986578747738811,0.07259609670842071,0.06448211076562918,0.09197551409349486,0.05016059263129878,0.09077863342333316,0.08353128366313023,0.08701430811164368,1.6850271730800126,0.9537258563342476,17137,0.9951566785318318,0.9991830542101885,0.09063816829036728,0.0932135768306876,0.07470279980361386,0.10456028171774709,0.0533919283224132,0.028786821938638952,0.028695786847589888,1.3453619933209557,0.9646379179553014,17137,0.9943397327420201,0.9987162280445819,0.05518823971774843,0.048482248658072824,0.07217547249672242,0.05171295642735905
08_000650_000670_s5,08,4,0,16888,27.3665,26.347408646194186,23.257208227040817,25.62140436079542,0.10802536479291586,0.09786099357593475,0.09353679347366262,2.053086982044604,0.9573661771672193,16888,0.9938417811463761,0.9974538133585978,0.10518858123777014,0.10919088003402688,0.12142733851810188,0.04822993196988686,0.07547514313555581,0.05999689119185163,0.05848555565252789,1.8041440397167523,0.9590241591662719,16888,0.9929535765040265,0.9974538133585978,0.07025606626528969,0.07801046563554204,0.09227518186714254,0.04941785944224621,0.08861685377850367,0.07288267514814793,0.07559555920260119,2.082169654166681,0.9383585978209379,16888,0.9867361440075794,0.9965656087162482,0.08127258743863786,0.09381499450489916,0.09906054209908485,0.14197362267116403,0.05757445122146847,0.03680833127935508,0.03646931848167423,1.7231283851874755,0.9578990999526291,16888,0.9928351492183799,0.9973945997157745,0.050680738717461475,0.061001446404899407,0.07642532168896192,0.06345519063401896
08_000675_000695_s5,08,0,-4,17834,27.3665,28.16462711671113,23.186793945858987,27.849689963903824,0.04596949205202311,0.021486715102526317,0.021476143828728755,1.931184884195579,0.9644499271055288,17834,0.9802063474262644,0.9931030615677918,0.03547687062730905,0.05886522541576786,0.06507404625776235,0.07707362717882192,0.05800617295859526,0.03881782974029169,0.038192656946703485,1.9397947388294767,0.9689918133901536,17834,0.9821688908825839,0.9941684423012224,0.04644208928326341,0.0809915253801517,0.06953799761633811,0.06690641546971686,0.16523726284827983,0.15123803806997435,0.16396199690759716,3.1905772899474005,0.8797241224627117,17834,0.9760008971627229,0.9842996523494448,0.1674102078962792,0.1561370595161336,0.16475353040322865,0.20183671231279465,0.051603269443087546,0.02971873903475302,0.02940508144800491,1.92384981742378,0.9679264326567231,17834,0.9811595828193339,0.9938880789503196,0.039945762757907115,0.07186559678143059,0.06630265141750719,0.06957079603002408
08_000675_000695_s5,08,1,-3,17831,27.3665,28.16462711671113,23.186793945858987,27.849689963903824,0.045280305944642926,0.025235975066785526,0.025411615227686424,1.9644473120233035,0.9786327182995906,17831,0.9915876843699175,0.9933823117043351,0.04191884920598851,0.027882089836612764,0.06478734579588187,0.09637863751278465,0.05140575727412138,0.028491015619177603,0.028180845796182297,1.9557852476419135,0.9770063372777746,17831,0.9919802590993214,0.9933262296001346,0.05198159508663553,0.03767519005936138,0.06144935059454865,0.08429729978922647,0.1626272372990523,0.15976922478383007,0.1740149226970873,3.4331343297770256,0.9145308731983623,17831,0.9876619370758791,0.9927654085581291,0.1553243314112247,0.15845470843889847,0.17566643601797444,0.21722571998910895,0.046558448314763516,0.023085749765423626,0.02299176513480239,1.944688968218704,0.9775671583197801,17831,0.9919241769951208,0.9933262296001346,0.045381044722232644,0.030264611202905075,0.06174551970940158,0.0877761437568616
08_000675_000695_s5,08,2,-2,18135,27.3665,28.16462711671113,23.186793945858987,27.849689963903824,0.05494742453975547,0.0449984745089544,0.04589066508209494,1.805616510203049,0.9759029500964985,18135,0.9945960849186656,0.9970774744968294,0.05132743045879833,0.0442731487787203,0.06925799299819006,0.140756532482258,0.043515578460464784,0.024073243363796078,0.024225800379210627,1.6448638148355745,0.976895505927764,18135,0.9949269368624207,0.9972429004687069,0.041260932233516956,0.03487170565366602,0.05376690655385475,0.11730304351665931,0.18267195702498823,0.18646634265558382,0.20629951105103705,3.70941114316112,0.7805900192996967,18135,0.9875930521091811,0.9958643507030603,0.17275453129240523,0.17793622373829923,0.19693976942507813,0.2715552470357682,0.04664718208592935,0.030634403324696812,0.03102510683255222,1.6937830051293863,0.976509511993383,18135,0.994816652881169,0.9971326164874552,0.044631814858746,0.03618803862232052,0.05881071872055822,0.12622905514880578
08_000675_000695_s5,08,3,-1,18137,27.3665,28.16462711671113,23.186793945858987,27.849689963903824,0.054821473817491674,0.045419752454991934,0.04641536994765305,1.8157601081692853,0.9780007719027403,18137,0.999448640899818,1.0,0.048942265109305744,0.047924669269612336,0.07502069264722445,0.11245598336119812,0.041411731235739435,0.02674553462443943,0.026889414175175208,1.6627572871445537,0.9793240337431769,18137,0.9996140486298727,1.0,0.026544240525863103,0.03930894433688552,0.06505624347837888,0.08927780595714524,0.18638811324573545,0.18756853728595005,0.2074481940796944,3.7001469212859104,0.6716656558416496,18137,0.9904063516568341,0.9997794563599273,0.19146157843359762,0.1733422581984027,0.20359511985297335,0.24704700707980867,0.045055002901319564,0.03214859734643559,0.032528962932342864,1.7085483370710914,0.9789380823730496,18137,0.9995037768098363,1.0,0.03468390724607622,0.04034319731688363,0.06742166956429203,0.09802036478254053
08_000675_000695_s5,08,4,0,18052,27.3665,28.16462711671113,23.186793945858987,27.849689963903824,0.05196974339127216,0.03705208107483127,0.037687576695850655,1.8350992858293114,0.9714159095945047,18052,0.9970086417017505,0.9999446044759583,0.038528484442430934,0.047595253954280936,0.09000564743467329,0.0641780270283303,0.04381472426062124,0.026315920108570985,0.026323209118646274,1.734374776950625,0.9723022379791713,18052,0.9977287835142921,0.9999446044759583,0.02289312956526248,0.04519939343460506,0.07869555158994912,0.06166318825062003,0.18085608691334637,0.1792229326479502,0.19738670410179426,3.519650078017421,0.7523266120097496,18052,0.9851539995568358,0.9988920895191669,0.18451341067966856,0.16782300164555594,0.21181188918531146,0.19753019992466056,0.04523153451560217,0.02806045733945538,0.028140015819428932,1.760034729114717,0.9723576335032129,18052,0.9976733879902504,0.9999446044759583,0.026916290832496925,0.04436175111955687,0.08190508118038656,0.06197804703036094
08_000700_000720_s5,08,0,-4,17516,27.3665,23.711268753974075,19.843491768036913,23.830147381341614,0.13639384990736625,0.13375818986618798,0.12607795089525187,2.1503571107097357,0.9583809088833067,17516,0.9971454670015986,1.0,0.16673819878251905,0.13036640160004925,0.09827406771918248,0.1033575892077539,0.04911403816419096,0.0334696988187526,0.033744753612963585,1.7108371909125302,0.9691710436172642,17516,0.9990865494405116,0.9999429093400319,0.017159343950719014,0.053074132346549806,0.09882545195306416,0.06264578318517218,0.1845841793277113,0.17975299193179134,0.19798825333417325,3.6391924810629104,0.6782941310801552,17516,0.9815597168303266,0.9993149120803837,0.15399631509344883,0.1864838011742076,0.23903688713700944,0.21554679852455186,0.047963010216061405,0.032285600843233106,0.03229132526960976,1.6754571080949159,0.9693994062571364,17516,0.9992578214204156,0.9999429093400319,0.019769845643221706,0.05057749727780681,0.09522763475408229,0.05794627158128784
08_000700_000720_s5,08,1,-3,17584,27.3665,23.711268753974075,19.843491768036913,23.830147381341614,0.134481714957757,0.13594708929474658,0.12775166530669413,2.1552016224736903,0.9737261146496815,17584,0.9993175614194723,0.9999431301182894,0.1626769994618835,0.12471271312518337,0.11531957328554943,nan,0.04184819738310934,0.02704456674973315,0.027110459829631228,1.591431387349647,0.9766833484986351,17584,0.9964171974522293,0.9998862602365787,0.01476897470478743,0.04559442551124287,0.08526959610113385,nan,0.18415739268082174,0.17734336254679,0.19520570096485268,3.397650012138481,0.7224749772520473,17584,0.9859531392174704,0.9968721565059144,0.156941097045375,0.18979687468259787,0.21924106545689184,nan,0.040565594323111666,0.026503228451851008,0.026497038625843072,1.5616856250819113,0.9771383075523203,17584,0.99647406733394,0.9998862602365787,0.01709715011399626,0.04293731743010358,0.08214966670367922,nan
08_000700_000720_s5,08,2,-2,17934,27.3665,23.711268753974075,19.843491768036913,23.830147381341614,0.14266392358307772,0.1342764574963817,0.12622619913835798,2.312207688774704,0.9579011932641909,17934,0.9987732798037248,0.9996096799375488,0.15095420223771142,0.13900803231806333,0.1390198147561737,nan,0.04430539524321011,0.029621272515325613,0.029852576493495153,1.3281652550842609,0.9750195160031225,17934,0.9988290398126464,1.0,0.021896043133242254,0.048216294775485447,0.0793896064033277,nan,0.17848339164328586,0.1784193267369235,0.19650765319092778,3.0125135473461904,0.7999330879892941,17934,0.9870636779301885,0.9997769599643136,0.16693309789676922,0.18072699625902075,0.19560378938946676,nan,0.043022602574669645,0.02768480530225196,0.027870128893996537,1.311537542102499,0.9752983160477305,17934,0.9988290398126464,1.0,0.021307862653684447,0.04667411797216476,0.07760316899588665,nan
08_000700_000720_s5,08,3,-1,17639,27.3665,23.711268753974075,19.843491768036913,23.830147381341614,0.15488170359908954,0.14169084682440844,0.1328774111841411,2.4845018062886934,0.9280571460967175,17639,0.9938772039231248,0.999376381881059,0.158555457333225,0.14991536794138047,0.1658104564036511,0.13608229499377297,0.05376539546509983,0.030110556163048648,0.030210105394247844,1.341506317717262,0.9564034242303986,17639,0.9918929644537672,0.9994330744373264,0.046370429487123464,0.054213897685950384,0.08419920943580672,0.01633238412449636,0.17656209947133417,0.1743317447098642,0.19134994326036892,2.7908375590157304,0.8072453086909689,17639,0.9750552752423607,0.9943307443732637,0.16786919740010214,0.1826290651238748,0.18191755905491816,0.17622495867131643,0.053246098815593654,0.029719020458956514,0.02975773686580485,1.3373399336679632,0.9568569646805375,17639,0.9920630421225693,0.9994330744373264,0.04715452478116132,0.05274659036369818,0.08325118663686366,0.011658030091348718
08_000700_000720_s5,08,4,0,16711,27.3665,23.711268753974075,19.843491768036913,23.830147381341614,0.17993491940975953,0.17715290880503132,0.16339029409356876,2.8766314645102127,0.909999401591766,16711,0.9964095505954161,1.0,0.17875004618872417,0.17596049456771284,0.20073093468639908,0.2091281797040662,0.04983295667938132,0.03744296773837001,0.037055815600101294,1.1437863020450476,0.9792352342768237,16711,0.9996409550595416,1.0,0.05336848123305086,0.04055733916681304,0.07195578140262948,0.04762988423680695,0.1502200149592432,0.14751133777582573,0.15956167849225045,2.211167367095987,0.9133504877027108,16711,0.9928789420142421,0.9998803183531806,0.15231382994790332,0.1486662393856062,0.1480368597286825,0.12325927391302885,0.05101448082624028,0.04083798093719849,0.04029310924497054,1.1732772379241447,0.9790557118065945,16711,0.9995811142361319,1.0,0.055240932170261985,0.040699085593735855,0.07406875608892165,0.05288227304482519
08_000725_000745_s5,08,0,-4,18243,27.3665,27.364421878470868,23.83369090884975,27.425448481491017,0.05465615962268453,0.034812316625916905,0.035055408157714574,1.8449672547651925,0.9690292166858521,18243,0.9907361727786,0.9994518445431124,0.033634664925656324,0.06827943042220264,0.074129579160385,0.10464639729902075,0.0546677532039735,0.034864922887228963,0.035106263388672065,1.8450656116627828,0.9689744011401633,18243,0.9907361727786,0.9994518445431124,0.03364626943208889,0.06829041821943284,0.0741434465437451,0.10465048954172738,0.14872974934194125,0.14127545704708014,0.1520798170927482,2.9132334722193565,0.8952474921887847,18243,0.997971824809516,0.9992325823603574,0.14184541676685372,0.14960054804318348,0.16211506233134165,0.17957816430964463,0.05437476232941609,0.03424397862006189,0.03443087416299839,1.8425246163496927,0.9693581099599846,18243,0.9905717261415338,0.9994518445431124,0.03336785405080801,0.06800948110068308,0.07376181353595612,0.10453031578498698
08_000725_000745_s5,08,1,-3,17981,27.3665,27.364421878470868,23.83369090884975,27.425448481491017,0.06915507987657527,0.041082012300762395,0.04153094234166943,2.027801475334776,0.9576219342639453,17981,0.9858183638284856,0.995884544797286,0.06611974292472743,0.06958961255254674,0.0713395000528423,0.08952260790405978,0.06918293945857108,0.04114183014551673,0.04157791094081542,2.0281837004283005,0.9576775485234414,17981,0.9858183638284856,0.995884544797286,0.0661704349957267,0.06960135944454439,0.07135297123254532,0.08956840600528342,0.1633372144160687,0.15190846323756937,0.16453650520538887,3.446255315176397,0.8079083477003504,17981,0.9845392358600745,0.9958289305377899,0.17098499527291466,0.15151703604093555,0.16753565852854008,0.19222972282998213,0.06839637818391774,0.04006992140100009,0.04041611715767157,2.017295706563233,0.9580112340804182,17981,0.9858183638284856,0.995884544797286,0.06470945068541621,0.06929481298532744,0.07098583359330068,0.08823627000899731
08_000725_000745_s5,08,2,-2,17868,27.3665,27.364421878470868,23.83369090884975,27.425448481491017,0.05930775492585565,0.03836681921747329,0.03883094240440732,1.9205607932564484,0.9762704275800314,17868,0.9967539735840609,0.9993284083277367,0.04376817931534489,0.0616757859263914,0.08015877085155942,0.1015883501055547,0.05934054296750986,0.03842652100400795,0.0388856952034613,1.9211056441296246,0.9762704275800314,17868,0.9967539735840609,0.9993284083277367,0.04379064416508215,0.06171263236872992,0.08020229979263792,0.10163151340692879,0.15968120079507675,0.1502443778246597,0.1627253845505443,3.4181394722719842,0.7907432281173047,17868,0.9963622117752406,0.9991045444369823,0.13818722128614072,0.16626884767501723,0.1841083641726597,0.20003074116280936,0.05841194837459336,0.03757150286486585,0.03781116422743036,1.9053763407356619,0.9769420192522946,17868,0.9968099395567495,0.9993284083277367,0.04317723902194306,0.06065946777153097,0.07894789929148024,0.1003639698003245
08_000725_000745_s5,08,3,-1,18265,27.3665,27.364421878470868,23.83369090884975,27.425448481491017,0.08136853562786212,0.06532010830106495,0.06741345931386489,2.0851350843770646,0.9598686011497399,18265,0.9967697782644401,0.9985217629345743,0.06766998724096425,0.07859338402824276,0.11540014089958303,0.13103558832247447,0.081420901275007,0.06539003092507793,0.06747480902255898,2.0858000947617974,0.9598138516287983,18265,0.9967697782644401,0.9985217629345743,0.06772689632951645,0.07864322331377269,0.11544934016569398,0.13108259043343762,0.1884424026614261,0.18205713718986075,0.2009297760500559,3.582852751901041,0.650095811661648,18265,0.9934848070079387,0.998576512455516,0.173999976791536,0.18910996992468948,0.21557583057355556,0.23480419093755528,0.07989515059709716,0.0634648705730301,0.06539944872512571,2.066445459655728,0.9604160963591568,18265,0.9967697782644401,0.9985217629345743,0.06606665208309667,0.07719316517633996,0.11401497812729595,0.12971671933348664
08_000725_000745_s5,08,4,0,17856,27.3665,27.364421878470868,23.83369090884975,27.425448481491017,0.08610102241088555,0.07012445549235259,0.07250638590033587,2.32230771456232,0.953405017921147,17856,0.9935035842293907,0.9994399641577061,0.07878238970505273,0.07749049061084379,0.12091157729062472,0.16054480903649176,0.08615572992674826,0.0701910987319384,0.0725790721549533,2.3229258700461863,0.9534610215053764,17856,0.9935035842293907,0.9994399641577061,0.07885032343606495,0.07754159945852365,0.12095294693818814,0.16059853506336522,0.19511723351369764,0.18762257633173735,0.2076869262419514,3.7368031662317045,0.6075268817204301,17856,0.9872311827956989,0.9980398745519713,0.19678626017177916,0.18460646662164912,0.21990091644285018,0.2607009540762897,0.08456456586454107,0.06827747990855501,0.07049952773825963,2.3049347280558803,0.9540210573476703,17856,0.9935595878136201,0.9994399641577061,0.07686737507671393,0.0760571730969572,0.11975777451306777,0.15902311315722584
08_000750_000770_s5,08,0,-4,18691,27.3665,29.46862755968851,25.862334669682024,29.31664387457404,0.0837022904841004,0.08231628139269417,0.08586515417001639,2.0284770640132903,0.984645016318014,18691,0.9966828955112086,0.9988229629233321,0.09471889462604886,0.0787850868036193,0.06804740861339151,0.07392050536559885,0.04170126657904507,0.029632167127756653,0.029792082392048336,1.8745736721806996,0.9879086191215023,18691,0.9974319191054518,0.9988764646086352,0.03703710442387521,0.03441349925479244,0.06173086846795449,0.10323179844142943,0.13043973622424848,0.1319532591059406,0.14143371744014788,2.5065376151358563,0.9644213792734471,18691,0.9947033331549944,0.998715959552726,0.14300462442277598,0.1271117118649858,0.10849101450894594,0.10858957432421812,0.04247540636531679,0.031875013893720786,0.03223040264629384,1.8607747384491071,0.987748114065593,18691,0.9972714140495426,0.9988764646086352,0.03998913938914492,0.0343784849613625,0.05950954035553668,0.09976664453537619
08_000750_000770_s5,08,1,-3,18204,27.3665,29.46862755968851,25.862334669682024,29.31664387457404,0.06609790153800166,0.06238924769577127,0.06425868586284711,1.9670930717465507,0.9826961107448913,18204,0.9944517688420127,0.997143484948363,0.07414225843953769,0.06073919182611721,0.054400679438122476,0.0894953683598071,0.04482988478377979,0.021733030948932145,0.02160272513766448,2.1170570957921653,0.984179301252472,18204,0.9950560316413974,0.9976928147659855,0.024259544693712498,0.0458173090476657,0.0989336453997481,0.09330786847447832,0.10770277838129934,0.11234089065167907,0.11910298420187759,2.319978946408059,0.9777521423862887,18204,0.9952757635684465,0.9967589540760272,0.12101892012582839,0.10448760531953406,0.07044830182626413,0.1284871625993681,0.043168535674030395,0.020942307170486403,0.02096353007829954,2.0811154604147144,0.9844539661612832,18204,0.9950010986596353,0.9976928147659855,0.024795972647234613,0.043070147492871254,0.09426464469112604,0.09097012873662522
08_000750_000770_s5,08,2,-2,18145,27.3665,29.46862755968851,25.862334669682024,29.31664387457404,0.06429596318012124,0.054870787755822194,0.05593759654571118,2.5776882841058986,0.9780104712041885,18145,0.9855056489391016,0.9899145770184624,0.07078389943788367,0.05811652387005796,0.05662694042448561,0.11115465037691284,0.058724204699125794,0.033598240440172955,0.03335352090586552,2.696493718564566,0.9773491319922843,18145,0.9861118765500138,0.9900799118214384,0.027263496174683852,0.07086418064753819,0.09703257315856323,0.12135279230335595,0.10341807736826068,0.10239961254283898,0.10795680854507417,2.865541349227271,0.9722237531000275,18145,0.9853403141361257,0.9895287958115183,0.11776605916823882,0.09648512240674913,0.0772509969318392,0.14227586178109466,0.056376225156095576,0.03108792675369531,0.030946330297323188,2.6675203649014425,0.9773491319922843,18145,0.9861118765500138,0.9901350234224304,0.0269789960020054,0.06720647907323939,0.09298148035896053,0.11929036865058863
08_000750_000770_s5,08,3,-1,17384,27.3665,29.46862755968851,25.862334669682024,29.31664387457404,0.055727085817260276,0.03294068736879797,0.03308812834450636,2.8234137487763884,0.9742291762540267,17384,0.9819374137137598,0.9851587666820064,0.05192027871373912,0.046898555255827944,0.0730200687319633,0.1186675168301509,0.08663603825096915,0.06456801863301419,0.06260264114990877,3.1034557505697764,0.9714104924068109,17384,0.9819374137137598,0.9877473538886332,0.05855859585229379,0.09908785621933798,0.1238602451952755,0.11711506099219698,0.08568997882127372,0.07126887699150396,0.07366778836343557,2.9706709491428365,0.9708352508053383,17384,0.9820524620340543,0.9856189599631845,0.09934838518996157,0.0679379507887684,0.08051728195014599,0.14869771682381117,0.08197963831605931,0.05926192695324438,0.05766930804925707,3.065929619394222,0.972100782328578,17384,0.9818798895536125,0.9876323055683387,0.05418846565979756,0.09398260438159783,0.11910607399699583,0.11564407285164945
08_000750_000770_s5,08,4,0,17312,27.3665,29.46862755968851,25.862334669682024,29.31664387457404,0.051590576327483005,0.030497824115956834,0.030733049145510893,2.4160596228871407,0.9796672828096118,17312,0.9844616451016636,0.9856746765249538,0.047724168175603154,0.03371225661027,0.0667814061545252,0.10621147823023842,0.09227373963125941,0.06947568722774522,0.0672058467668073,2.8218209398250367,0.9764902957486137,17312,0.9844616451016636,0.98590573012939,0.07517108844576646,0.08060468812275667,0.12284786876212443,0.10587072498281265,0.07838941983086403,0.06511307935649496,0.06707769106616746,2.567394180721295,0.9783964879852126,17312,0.9843461182994455,0.9856169131238447,0.09153329048177444,0.06284623149441931,0.0685452847494464,0.14435815409441785,0.08710221624157291,0.06404950953122883,0.062095901702878264,2.7721310907486676,0.9772412199630314,17312,0.9844616451016636,0.98590573012939,0.06985445512919852,0.0753273571115714,0.1177819007514752,0.10386196602163877
08_000775_000795_s5,08,0,-4,18585,27.3665,25.06791416781205,21.648689748616242,24.762158741857355,0.11792070229535552,0.126324272260274,0.11936090478348138,1.948112908275978,0.992789884315308,18585,0.997847726661286,0.9981167608286252,0.172137915744079,0.09752147605904653,0.08681661465965543,0.0826842052480653,0.06359652029720762,0.060519379342959444,0.05989642429235298,1.5964429947762795,0.9889695991390907,18585,0.997847726661286,0.9982243744955609,0.07604401709556258,0.05719718365218506,0.05650656619092858,0.12249136373874887,0.12646060824748062,0.11140821708642859,0.11811733575066619,3.0621215053740887,0.8893193435566317,18585,0.9950497713209577,0.9987086359967716,0.0852356267245742,0.13414369314742564,0.16208844945989045,0.2414988444298151,0.06052252986879793,0.05638087711384307,0.05565759645853863,1.6542207052800288,0.9875168146354587,18585,0.997847726661286,0.9983319881624967,0.06401235428498445,0.056806899119251866,0.059633222887199334,0.13277431467081385
08_000775_000795_s5,08,1,-3,18586,27.3665,25.06791416781205,21.648689748616242,24.762158741857355,0.0875610447618492,0.0937563845979094,0.08995798748413142,1.4935509159883806,0.9937587431399979,18586,0.9997847842462069,0.9998385881846551,0.11707312076687719,0.0801124587318579,0.06039708557195036,0.07481272864161902,0.04841880826026853,0.03953925666304933,0.03918339893191547,1.4359039964051632,0.9843430539115463,18586,0.9997847842462069,0.9998385881846551,0.028828360316355307,0.05197613007667805,0.06848279816606988,0.11538152189095649,0.149502293154719,0.13795423754416875,0.14843004441636587,3.0478994225373315,0.8360593995480469,18586,0.9958032928010331,0.9998385881846551,0.1163221669559261,0.153255254783402,0.19061816047064659,0.23604210345246865,0.04916153680762204,0.03529982565340981,0.03516094456205776,1.53100615378618,0.9805767782201658,18586,0.9997309803077585,0.9998385881846551,0.022941668687147174,0.05354480899642654,0.07745412202836129,0.12617128675814768
08_000775_000795_s5,08,2,-2,18332,27.3665,25.06791416781205,21.648689748616242,24.762158741857355,0.07742577354606131,0.07767748974783215,0.07522163191855014,1.4554033971395157,0.9927449269037748,18332,0.9992908575169103,0.9998909011564477,0.09369372874895766,0.07704535466895861,0.05339059744935182,0.07124551757048043,0.05283055768183068,0.03787963425606507,0.038058925165217694,1.585201403672832,0.9779620336024438,18332,0.9992363080951342,0.9997272528911193,0.02459325160447232,0.05531847607315457,0.08742175223055744,0.1260112741989602,0.16352089309516402,0.1546024709501191,0.1679189238090445,3.2210815618069146,0.770674230853153,18332,0.9943814095570587,0.9994545057822387,0.13487054270843543,0.16173806725681683,0.21124161673045544,0.24522197411422844,0.056167181097316256,0.041552408346968495,0.041921608989196946,1.6916529344818712,0.9732162339079206,18332,0.9992363080951342,0.9997272528911193,0.02284838398632721,0.05872140816252041,0.09827680695255236,0.13667138709658705
08_000775_000795_s5,08,3,-1,18153,27.3665,25.06791416781205,21.648689748616242,24.762158741857355,0.07430420256446754,0.07465147405660377,0.07224282366453849,1.4147966734799602,0.9911860298573238,18153,0.9986228171652068,0.999614388806258,0.08000744344398339,0.0788422745599243,0.05218948197107,0.07629529101116642,0.04259724379061061,0.028747693535574673,0.02890938881533467,1.4133919805555395,0.9833636313556988,18153,0.9983473805982482,0.9995593014928662,0.019005219554077128,0.044125052787995146,0.07278933012743163,0.07744066241417659,0.16157364479201003,0.1537122281658771,0.1668941228586367,3.0387898893690473,0.8615655814465929,18153,0.9947116179143943,0.9989533410455572,0.14568960716199786,0.1568339965150017,0.1987683139112984,0.19724107952084782,0.04874743097303955,0.03569425470247797,0.036235461003582436,1.5139797641489496,0.9807194403128959,18153,0.9982372059714648,0.999394039552691,0.02529294694634202,0.048607229377629575,0.08369647081117614,0.08325808059935817
08_000775_000795_s5,08,4,0,18384,27.3665,25.06791416781205,21.648689748616242,24.762158741857355,0.10683106956401724,0.11392833535694864,0.10806346968594949,1.6241011062474224,0.9880330722367275,18384,0.9999456048738034,1.0,0.11502655120727012,0.11297042672611128,0.06542232523134385,nan,0.045520276921275395,0.03867906063134259,0.03843731926911986,1.1685891934188963,0.9891209747606614,18384,0.9998368146214099,1.0,0.02518177182325246,0.047287796164923915,0.0780869103149108,nan,0.1312141157253866,0.12026392617538913,0.12811720201194188,2.5206277787476803,0.9197671888598782,18384,0.9982593559617058,1.0,0.11794113720951699,0.12385355628359357,0.18762452675682598,nan,0.04296231454185262,0.03260719735655994,0.032316541211475425,1.2151625673882176,0.9883594429939078,18384,0.9998368146214099,1.0,0.0193858061991916,0.043760421166180834,0.08588432690569404,nan
08_000800_000820_s5,08,0,-4,18811,27.3665,23.402092231225698,20.384967022904302,22.883494594140835,0.20736236004733088,0.21108150608194615,0.1916650261975823,3.101258618331801,0.8534899792674498,18811,0.9936207538142576,0.9989899526872574,0.21103319028060677,0.20073495784963238,0.239336488391301,0.2133891330646317,0.057219490795308074,0.043999954422583434,0.04315109957862351,1.3394778837682955,0.9785232045080007,18811,0.9972888203710595,0.9998936792302376,0.036992900281812444,0.06406628950758794,0.09061489255351966,0.06545179616984748,0.10992281917687068,0.09857772378735047,0.1036824622213719,1.767572292832066,0.9245122534687151,18811,0.993461272659614,0.9998936792302376,0.09853469049123184,0.11660717942140303,0.10845566865107974,0.12392169845609849,0.04467189560866927,0.02519403310875863,0.024993865671267823,1.2548882092276294,0.9805964595183669,18811,0.9978204242198714,0.9998936792302376,0.019090194502120163,0.05491609039146948,0.07546557778071372,0.06458774900179017
08_000800_000820_s5,08,1,-3,17259,27.3665,23.402092231225698,20.384967022904302,22.883494594140835,0.2161477831168779,0.2022165454428424,0.18426161901846738,3.1238222459838583,0.8103598122718582,17259,0.9871950866214728,0.9955965003766151,0.2246025562008212,0.19958248915236027,0.22646715837293016,0.26414357215351864,0.05616665944913039,0.03474062360927802,0.03429569966767332,1.6849926822798182,0.9679587461614231,17259,0.9904397705544933,0.9965235529289067,0.05058434260678093,0.05958235239218752,0.07640455970054183,0.11231258575134997,0.11087592142649283,0.10638131103602605,0.1123749902479263,2.06397274000597,0.9581088127933253,17259,0.989049191726056,0.9964076713598702,0.09735371507293467,0.13059102453764032,0.11705924303802925,0.1612809592863757,0.047255616220767016,0.02461227072641326,0.02459642566975928,1.6346551347290277,0.969523147343415,17259,0.9907294744770844,0.9965235529289067,0.03964196471112722,0.054735471423589935,0.06442368235937827,0.0990504477144932
08_000800_000820_s5,08,2,-2,16774,27.3665,23.402092231225698,20.384967022904302,22.883494594140835,0.21425521432174296,0.19854177114441826,0.181133106384749,2.9693278022379266,0.8451770597353047,16774,0.9811613210921665,0.9939191606056993,0.21197531181401333,0.21826534168493186,0.20795621305747547,0.24872131699573338,0.05475982277728938,0.03161149143357592,0.03129171761650196,1.343491025182752,0.9676284726362228,16774,0.9871229283414809,0.9946941695481102,0.04694481914616086,0.06170478288077384,0.07591327175936306,0.06782714016888444,0.1164519323640053,0.10948888976224519,0.11581090828477647,1.721394770896471,0.9591629903421962,16774,0.9875402408489329,0.9951114820555622,0.122078526689593,0.10854121946847954,0.11916257649283031,0.06984295150071598,0.04784297180740002,0.023684958622623993,0.023741105543022556,1.2667040651979702,0.9698342673184691,16774,0.9870036961964945,0.9955884106355073,0.04513947260037504,0.048012012307779725,0.06798432842877743,0.04459381625023339
08_000800_000820_s5,08,3,-1,15535,27.3665,23.402092231225698,20.384967022904302,22.883494594140835,0.21312924323236135,0.19877567488262896,0.18133585993460555,3.082141766915669,0.850016092693917,15535,0.9709687801738011,0.9843579015127132,0.21053654636755417,0.21301571050552442,0.23030029373413388,0.35071426125419153,0.06283567977322377,0.03372270806082331,0.03338150955147068,1.7543693153443352,0.9545542323785001,15535,0.9744448020598648,0.9817186997103315,0.04753098736124159,0.07963120780457746,0.09728334619249276,0.20333286960921476,0.12633773133063864,0.10988151376002118,0.11637495233832373,2.1004969047824433,0.9377534599291921,15535,0.9717412294818153,0.9797232056646282,0.11865388081641932,0.13874346507378146,0.12542611447960256,0.156961879039003,0.05589403834731746,0.024767086575621544,0.024771143077102042,1.7100996937395025,0.9555841647891857,15535,0.9738654650788542,0.981074991953653,0.04240626317056933,0.07095298966391551,0.08489003745663082,0.1840534094942946
08_000800_000820_s5,08,4,0,15035,27.3665,23.402092231225698,20.384967022904302,22.883494594140835,0.2068101045976638,0.18145982350885373,0.16685360521968562,3.0363095679883867,0.8337213169271699,15035,0.9651479880279348,0.9765214499501164,0.22120932371048665,0.17619323626654454,0.24213520349172768,nan,0.07327434948367906,0.029184478547910935,0.029120664136602414,1.8180085312964875,0.9448619886930496,15035,0.9717326238776189,0.9762554040571999,0.06625550918815047,0.08086143046973662,0.08857631887413596,nan,0.1445491822918035,0.12366799374362482,0.13182110318367202,2.225319378354846,0.9013634852011972,15035,0.9687396075823079,0.9753907549052212,0.1352892841314074,0.1662692145200449,0.11249442070142333,nan,0.07335045759700763,0.03237191620020769,0.03253784398533366,1.7916637865634195,0.9447289657465913,15035,0.9715996009311606,0.9761888925839707,0.06557326964591961,0.0848469519981181,0.07639269305930725,nan
08_000825_000845_s5,08,0,-4,17316,27.3665,26.03008236970583,23.989546736316562,26.273529820168584,0.11180210690914924,0.07999341701757265,0.07706359887718284,2.144653746391899,0.91002541002541,17316,0.9773042273042273,0.9901247401247402,0.11672383336201436,0.11983032825030439,0.08211528691335822,0.12365346104209386,0.07722043587691053,0.03797771524785093,0.0375187620507218,1.90688207381518,0.922037422037422,17316,0.9790944790944791,0.990933240933241,0.07691660241100705,0.08222714649673976,0.06818185559593158,0.10162682511346195,0.09459347683631733,0.06481193326512938,0.06677318235495011,2.122273991353387,0.9142989142989143,17316,0.9773042273042273,0.9883344883344883,0.09375546473908819,0.09688052964522517,0.09246437964271752,0.10843915285429559,0.08227596221784082,0.04366124166004528,0.04312423338899263,1.929087158206483,0.9202471702471703,17316,0.9786902286902287,0.990933240933241,0.08302891240799876,0.08778920566303447,0.06920640538363472,0.10510460022161158
08_000825_000845_s5,08,1,-3,18183,27.3665,26.03008236970583,23.989546736316562,26.273529820168584,0.07124506125814002,0.045333792754275286,0.04451310227967653,1.616438534373807,0.9581477203981741,18183,0.9906506077104988,0.9988450750701204,0.07295753074379527,0.0723257040081401,0.06159811118217747,0.17711689340561024,0.054100096262850304,0.030536969470918805,0.03073425914197392,1.4513183481747949,0.9612825166364186,18183,0.9919705219160755,0.999395039322444,0.05043609810730193,0.055562176884464146,0.0603218684399863,0.1650463474271841,0.09761854746570632,0.09100564261073982,0.0952323780425326,1.8828586352211882,0.9538579992300501,18183,0.9926304790188638,0.9995050321729088,0.09442244736836349,0.09755075512816802,0.10707696614968817,0.1581946331995221,0.05335661314608012,0.027850507195398336,0.027903223385819853,1.4536765958546698,0.9610075345102568,18183,0.991750536215146,0.9991750536215146,0.04925214823494891,0.05567178971831292,0.05867429267031285,0.16685716589720123
08_000825_000845_s5,08,2,-2,18121,27.3665,26.03008236970583,23.989546736316562,26.273529820168584,0.06788670353854574,0.04333345140638118,0.04286650502532119,1.8032529090648162,0.9719110424369516,18121,0.9875834666960984,0.994371171568898,0.05852037643200172,0.07136218477760428,0.07828280147179209,0.1853753178370146,0.060377224022497886,0.03876183369640426,0.03909820686449672,1.692056064316103,0.9677721980023177,18121,0.9879145742508691,0.9950333866784393,0.06409357402271028,0.05528322895792424,0.06768649516606746,0.15759973130287136,0.10782931710763483,0.0984712970889843,0.10351932567179034,2.0940896248556404,0.9428287622095911,18121,0.988466420175487,0.9959715247502897,0.11933545846156506,0.10146584708921039,0.09858524492714893,0.13670310075202557,0.05883616666365245,0.0359173915795314,0.0361046600294892,1.688834874379902,0.9691518128138624,18121,0.9881353126207163,0.9948678329010541,0.05930576570265683,0.0554642316903926,0.06861196998374355,0.1623879867326888
08_000825_000845_s5,08,3,-1,16843,27.3665,26.03008236970583,23.989546736316562,26.273529820168584,0.0833248440147205,0.06971670454545464,0.06778652813671737,1.7478890276602408,0.9650893546280354,16843,0.9886599774386986,0.9913317105028795,0.08806071833611223,0.08287480279873825,0.06608617612297,0.3281935840130003,0.06370642841405623,0.04013648813373708,0.0399698095092158,1.6253782317784062,0.9612301846464406,16843,0.9890755803597934,0.9914504541946209,0.060875614571167816,0.06516677992885912,0.06660438300451463,0.30239974052248314,0.09694149058303483,0.07495927735633122,0.07770835196305015,1.9577251045166582,0.9230540877515881,16843,0.9884818619010866,0.9923410318826812,0.08847272506685376,0.10372760367980026,0.10456943873235272,0.27485885330119797,0.06566214500067809,0.04262962321315201,0.04238669182331334,1.6268951454024758,0.9627738526390786,16843,0.989134952205664,0.9914504541946209,0.06435993639905822,0.06666137907364605,0.0646856996925357,0.3070984554249643
08_000825_000845_s5,08,4,0,17899,27.3665,26.03008236970583,23.989546736316562,26.273529820168584,0.08040066871533863,0.06514468637184107,0.06322084401290873,1.4653813781751404,0.9702218001005642,17899,0.9949717861333035,0.9993854405274037,0.08615090454728275,0.07057055773164367,0.10915947615320605,0.31602164717221254,0.04941732891894715,0.029078874593028128,0.029136170507768178,1.263483419449809,0.9722889546902062,17899,0.9954187384770099,0.9993854405274037,0.045499935346256806,0.048471612140873054,0.08198337452466482,0.29191919383594683,0.0816876810953032,0.07212111738430753,0.07479421485263149,1.5528635917041262,0.9539080395552825,17899,0.9945248337895972,0.9983239287111012,0.07773071064471272,0.08460608899545467,0.08479441339021064,0.28674679114481394,0.05266166098129936,0.03158546925422821,0.031319259897665486,1.2778108763564275,0.9726800379909493,17899,0.99525113134812,0.9994971786133303,0.05091290566793499,0.04961565700758489,0.08517031936602434,0.2961387945085956
08_000850_000870_s5,08,0,-4,17820,27.3665,24.60444743920699,20.94958739177489,23.975469625110627,0.16949045043765404,0.16482390066926775,0.15262785613847707,2.5312711950581486,0.8847362514029181,17820,0.9928170594837261,0.9973625140291807,0.16903381882585386,0.17098273371880096,0.17156882113060692,0.11850701211608455,0.07033664474216582,0.05334590685945925,0.05231601183096446,1.639043556727688,0.9767676767676767,17820,0.9951178451178451,0.9970258136924803,0.0653336128637578,0.07303003790641723,0.10405869044871995,0.09792605986455226,0.11677082570538401,0.10958972431090863,0.11598607282748419,2.0960613577260228,0.9396745230078564,17820,0.9940516273849607,0.9963524130190797,0.11156537191888279,0.12036882258142706,0.13637102592245498,0.20190008064266704,0.05689143281972871,0.04029505348500831,0.04002518569570479,1.5627386862269481,0.9798540965207632,17820,0.9951178451178451,0.9968574635241302,0.05134065397095756,0.059192812577810526,0.09617363291958246,0.10894897789026024
08_000850_000870_s5,08,1,-3,16735,27.3665,24.60444743920699,20.94958739177489,23.975469625110627,0.16348263241041358,0.14772553281903764,0.13793991437749265,2.6398921827628317,0.9249477143710786,16735,0.9753211831490888,0.9900209142515686,0.16284266216962454,0.16262019549915568,0.16494132541672932,0.3074880379304589,0.06877879400195737,0.040886346245731064,0.0402303823896486,2.0100584996530197,0.9569166417687481,16735,0.9795040334628025,0.9924708694353153,0.055765682614032336,0.08259707084500822,0.09452923545654918,0.2475888023970041,0.13843412544972988,0.12385883249287145,0.13217406230896556,2.4623592329657207,0.9032566477442486,16735,0.9789064834179863,0.9892440991933075,0.13474077829740688,0.13914247550227377,0.15628840623932572,0.30091943095526125,0.05812149494756622,0.02599654647988079,0.025973614202531303,1.9773250921630394,0.9576934568270092,16735,0.9798028084852106,0.99265013444876,0.04412434450693942,0.0722653083161834,0.09033465149023265,0.23935181568676944
08_000850_000870_s5,08,2,-2,15544,27.3665,24.60444743920699,20.94958739177489,23.975469625110627,0.2352300916574298,0.20482945454561285,0.18659021944075116,3.7529399808781063,0.804233144621719,15544,0.9613355635615028,0.9696989191971178,0.24482441245347614,0.18899103320316654,0.2943025318655097,0.4379148701101648,0.1285883391459071,0.08712249432781075,0.08378714387426234,3.221448267267587,0.9406201749871334,15544,0.9644235717961914,0.970084920226454,0.1296480085652517,0.09893131081913446,0.220481306906452,0.37353124777790747,0.12348087992605795,0.0816009493265823,0.08507962777685463,3.2911813373271275,0.9040144107050953,15544,0.9610138960370561,0.9698919197117859,0.1130794813093279,0.12202351183257683,0.2377959034546374,0.38679020650169554,0.10788846481468158,0.062289399064747446,0.06084880859130104,3.1655940415907464,0.9413921770458055,15544,0.9650669068450849,0.9701492537313433,0.10547426471711868,0.08607927258396537,0.2094009952360799,0.35886973459275573
08_000850_000870_s5,08,3,-1,9945,27.3665,24.60444743920699,20.94958739177489,23.975469625110627,0.34138213773860804,0.2013993691161087,0.18351792142422063,4.582270807467116,0.8070387129210659,9945,0.9056812468577174,0.910507792860734,0.3902813005920418,0.25955837763283296,0.32489220242899364,0.20924599597154503,0.22182134769430772,0.08073890222913015,0.07777925325087409,4.103814370941737,0.8925087983911514,9945,0.9054801407742584,0.9104072398190045,0.25265717365172824,0.15937165903361405,0.259552893880314,0.09637422528632475,0.21120251744320495,0.08826747327865557,0.09235731472139075,4.111117018153211,0.8916038210155858,9945,0.9031674208144796,0.9127199597787833,0.22796712165203067,0.16279809980550644,0.29424959971778614,0.11452799947436679,0.19705766870900113,0.0545460467919753,0.05320204893854408,4.049750623942109,0.8943187531422826,9945,0.9041729512317748,0.9126194067370538,0.223306183228587,0.13938682239537964,0.24930451225387132,0.07067093469492745
08_000850_000870_s5,08,4,0,14865,27.3665,24.60444743920699,20.94958739177489,23.975469625110627,0.21820756929471802,0.2017078394396551,0.18407084038960408,2.7691033801628304,0.8092162798520014,14865,0.9642112344433232,0.9797510931718802,0.25198048333862955,0.1737192034582781,0.17997969485570445,nan,0.11802259663123466,0.0865380987873743,0.08352799560180268,1.940450959219508,0.9208879919273462,14865,0.9725529767911201,0.9795492768247561,0.1355757776382273,0.09476406167799531,0.09823579803437664,nan,0.12364929475954813,0.0873149870600254,0.09103955916920148,2.1486300494447645,0.8900100908173562,14865,0.9677093844601413,0.9836528758829465,0.11430464940502569,0.13596960478992556,0.1324962757317455,nan,0.10219204511253678,0.06328062744065201,0.061766837872920144,1.8503246242810922,0.927413387151026,14865,0.9722838883282879,0.9799529095190044,0.1116122801553338,0.08987728429329335,0.08985770085203668,nan
08_000875_000895_s5,08,0,-4,12933,27.3665,24.309373182212408,20.859248746592684,23.44381767083097,0.2622784703701233,0.19893694142512075,0.18174901086865347,3.389426049948332,0.8044537230340988,12933,0.9487357921595917,0.9604113508080105,0.3539611497640658,0.18991754518568196,0.18558391151028514,0.34363132006233427,0.1372658809851854,0.0681891686724387,0.06620503227955199,2.3721478584122067,0.9133225083120698,12933,0.9526018711822469,0.9630402845434161,0.21037077462692164,0.0761895497259844,0.08944943764197297,0.2567659116382396,0.14716768547843587,0.09247237791884115,0.09694069754703927,2.5647715072804784,0.9091471429676022,12933,0.9465707879069049,0.9717776231346169,0.17825627496921334,0.11910881569697876,0.13776709328624778,0.16652149059468221,0.11307957733071447,0.03880437573435313,0.0384960163197694,2.260929112777855,0.9147142967602258,12933,0.9526791927627001,0.9659011830201809,0.17191097394455154,0.06196719452224475,0.08270581422986087,0.2321719587238864
08_000875_000895_s5,08,1,-3,15479,27.3665,24.309373182212408,20.859248746592684,23.44381767083097,0.17292750410498692,0.16148075721821215,0.14988592791579025,2.9598085585729548,0.8719555526842819,15479,0.981523354221849,0.9935396343433038,0.16279916574088346,0.18891219607779794,0.1630268069890099,0.3843504830199209,0.07329057323287118,0.04478097314085327,0.04422897186702324,2.149641260599272,0.9555526842819304,15479,0.9793268298985722,0.9924413721816655,0.06381842765032708,0.07663259693178802,0.09835169839342907,0.30613746206931186,0.13368113013741578,0.11747338491366688,0.12491082581472823,2.582242425643406,0.8860391498158796,15479,0.9764842690096259,0.986562439434072,0.13404231906034725,0.12255326953023854,0.16354206186697867,0.24255824016462038,0.0641572535004272,0.03390861246575679,0.03395151544712949,2.1130623335272185,0.9547774404031268,15479,0.9790684152723044,0.9924413721816655,0.05938523364599977,0.05729868628150415,0.10048422018542935,0.28421650764706125
08_000875_000895_s5,08,2,-2,16560,27.3665,24.309373182212408,20.859248746592684,23.44381767083097,0.21193233175838255,0.18421383463286367,0.1691610596525368,2.976050856424042,0.8769323671497584,16560,0.9685386473429952,0.9831521739130434,0.2590288791762302,0.16287566230160655,0.2161276487161996,nan,0.09333182353757903,0.05554736880791267,0.05423695810739804,2.03717112130625,0.9526570048309179,16560,0.9748792270531401,0.9833937198067633,0.12163313235423469,0.05615398071517978,0.1448390880723983,nan,0.1290455336678943,0.10029956267025482,0.1056508663119129,2.437672891319361,0.9310386473429951,16560,0.977475845410628,0.985024154589372,0.12833586525152005,0.12234991536264148,0.17703169990396914,nan,0.07348151765437869,0.03163736430660643,0.03145019477761657,1.9727662027479527,0.9531400966183575,16560,0.976147342995169,0.9838768115942029,0.08625436678022222,0.05091386554924181,0.13357504035427706,nan
08_000875_000895_s5,08,3,-1,15187,27.3665,24.309373182212408,20.859248746592684,23.44381767083097,0.20420105829075064,0.18436589879154072,0.16958467159193624,2.9481543057557853,0.8620530717060644,15187,0.9646408112201225,0.9756370580101402,0.25420340641573985,0.15152203482153312,0.2055850577595385,nan,0.10113681628694368,0.060391623293058444,0.05890291801995051,2.010735854200964,0.9421215513267927,15187,0.9654968064792256,0.975702903799302,0.12473822040863489,0.07426115298360779,0.11106598352117002,nan,0.14045913303595745,0.10172346659161854,0.10721043269435482,2.3511550240766663,0.8744320800684796,15187,0.9622045170211365,0.9764930532692434,0.13134930964098032,0.1524471016412649,0.12943752725260835,nan,0.0861934555208115,0.04316269070340684,0.042944166417111296,1.9351678594076929,0.9352735892539672,15187,0.9661552643708435,0.9760321327451109,0.09339614403711512,0.07614915112485038,0.09777399096185549,nan
08_000875_000895_s5,08,4,0,16298,27.3665,24.309373182212408,20.859248746592684,23.44381767083097,0.16273290317911382,0.14767889157196967,0.13801137890880266,2.797594269982407,0.894404221376856,16298,0.9805497607068352,0.9884648423119401,0.1723683184848756,0.1447507053319079,0.17039198124581775,nan,0.07351877240023606,0.03695143773553848,0.03674396130540858,1.7172695806931422,0.9511596514909805,16298,0.9781568290587802,0.9872990550987851,0.06432560807302008,0.08166363744475887,0.0856743744829777,nan,0.14793797545941312,0.12810174711099162,0.13701939221344284,2.345136151231926,0.8466069456375015,16298,0.9715302491103203,0.9862559823291202,0.13832316732637148,0.1739454373802253,0.12250330101479064,nan,0.07229059099598724,0.03827134772024162,0.03852032643790082,1.6692104357592668,0.9444103570990305,16298,0.9778500429500552,0.9862559823291202,0.059238296152752605,0.08946988065922448,0.07732845970089829,nan
08_000900_000920_s5,08,0,-4,17896,27.3665,26.71221727559791,23.927530924479164,26.853858346217287,0.06307330788260014,0.03272730619134501,0.032361733230885203,1.6224912624508092,0.9523357174787662,17896,0.9857510058113544,0.99636790344211,0.06400140669294664,0.06223045926546203,0.06215596253950758,0.08445445762982766,0.05646322319762122,0.027197673881823096,0.027193198925086315,1.5436508250362542,0.954682610639249,17896,0.9868126955744301,0.9962561466249441,0.06060285690452542,0.0534190556113419,0.052665119345170965,0.08633481099103674,0.11885470456226177,0.10890066257452245,0.11513019750550313,2.065144959785925,0.9411600357621815,17896,0.988321412606169,0.9941327670987931,0.12990960852629016,0.11139820719940637,0.10842838146803116,0.14919702436364052,0.05685821237095184,0.0267236899030123,0.026823699272361168,1.5538891127477674,0.9542914617791686,17896,0.9866450603486813,0.996312025033527,0.059906812633483,0.054547364902598934,0.054013549543971216,0.08559467837431745
08_000900_000920_s5,08,1,-3,17783,27.3665,26.71221727559791,23.927530924479164,26.853858346217287,0.050345491479428114,0.03956467095015575,0.038941063893130234,1.2316129581964113,0.9814429511331046,17783,0.9971883259292583,0.9999437665185852,0.03943071096709705,0.05350957340675634,0.0744042087597605,0.038676200812546066,0.03944254189527422,0.024320375557067102,0.024292343258359494,1.1574225998804117,0.9836922903896981,17783,0.9979193611876511,1.0,0.027293387803968894,0.042708625311908444,0.06591504211844473,0.04786242846227399,0.10452505020342084,0.09857628690279462,0.10365883932384357,1.8451427717943845,0.9624360344148907,17783,0.9984254625203847,0.9998312995557554,0.09966441602080321,0.10589545558548169,0.11294538138083393,0.14038811091206718,0.040796680273302965,0.026374172376534364,0.026278033165561876,1.1647406067014052,0.9832986560197942,17783,0.9977506607434066,1.0,0.028408716814322926,0.044306071694579806,0.06737040832692942,0.04506689407789966
08_000900_000920_s5,08,2,-2,17351,27.3665,26.71221727559791,23.927530924479164,26.853858346217287,0.06191792196107432,0.05037626991222354,0.04929222433012681,1.6970096147314686,0.973661460434557,17351,0.9933721399342977,0.9989625958158032,0.06500416485629508,0.053858922854083766,0.07724919976679914,0.10427596485676885,0.04451575502743104,0.028700919906857806,0.028400363252088834,1.6329855747290443,0.9744683303555991,17351,0.9936026741974526,0.998789695118437,0.041881197468500025,0.03871116296875919,0.07337374091690413,0.09345956978594794,0.09473211493088633,0.08508587272053515,0.08888024522772486,2.1246764671964047,0.9665725318425451,17351,0.9938908420263962,0.9978675580658175,0.08487513958754506,0.09498375588850602,0.12824549622930798,0.1614385858829634,0.04755500785609641,0.03290493701090745,0.032444174684312044,1.6407031542764277,0.9744683303555991,17351,0.9936026741974526,0.9988473286842257,0.04637247400773714,0.04103166437818006,0.073472950255931,0.09566288463448396
08_000900_000920_s5,08,3,-1,17477,27.3665,26.71221727559791,23.927530924479164,26.853858346217287,0.06801365315887284,0.05639680851063821,0.05499087252706936,1.4681995508293515,0.9767122503862219,17477,0.996853006808949,0.9983978943754649,0.06580410548020134,0.07130120362645131,0.062495161812447124,0.05286460297769303,0.04895662635062969,0.03385406148179808,0.033406248252368265,1.3391210030543677,0.979344281055101,17477,0.9970818790410253,0.9983978943754649,0.041089677039522564,0.054194278094588995,0.05885163108507182,0.043182559694686276,0.08453679986558274,0.07935086091359463,0.0825872206243623,1.7102019396339927,0.9811180408536935,17477,0.9974824054471592,0.9977684957372547,0.07608003499144386,0.08524453943351318,0.11681244807425722,0.12673131136339955,0.05268046687863785,0.03843295810739974,0.03782638944083061,1.3606680048070923,0.9788865365909482,17477,0.9970818790410253,0.9983978943754649,0.04624184303338561,0.05738527311704543,0.058921630960946686,0.04411248696952451
08_000900_000920_s5,08,4,0,16277,27.3665,26.71221727559791,23.927530924479164,26.853858346217287,0.074800086762304,0.05403647840398195,0.05281111389688764,2.0853162354882797,0.9646126436075444,16277,0.9865454322049517,0.9904159243103766,0.06560688136832156,0.07773621041445684,0.10211691799365752,0.18268129905177558,0.0573724742359349,0.03360453787077771,0.033336236945701536,2.022937778893152,0.9683602629477176,16277,0.9868526141180807,0.9901701787798735,0.043818240021110136,0.06254745069145397,0.09538715297471262,0.1810852108507934,0.09621253551156168,0.08313878309606186,0.08669847171309208,2.321511101575862,0.9562572955704368,16277,0.9878970326227192,0.9898015604841187,0.09089303390800273,0.09118743715134171,0.14099373317646882,0.2477097564902403,0.060835715880701975,0.037443679129259944,0.036910078012322156,2.032153896335232,0.967377280825705,16277,0.9869140505007065,0.9902316151624992,0.04826603334469515,0.06550428404675104,0.09643801740515774,0.18101078127748924
08_000925_000945_s5,08,0,-4,15780,27.3665,26.79979316609128,24.789300598648023,25.759100668915437,0.11794722923769527,0.06600369646225751,0.06402187807958426,2.473085682511988,0.9306717363751584,15780,0.976552598225602,0.9804182509505703,0.1435838269793328,0.09356148989837879,0.11625102778123822,0.06836814964436769,0.10059994555295469,0.04556267677329515,0.04465504115064478,2.3783513265155367,0.9309252217997465,15780,0.9769961977186312,0.9804816223067173,0.12475641447505721,0.07706401664021953,0.09951368687872858,0.07771362043135743,0.0941382824052838,0.045306425008053756,0.04622193091484794,2.3643515122260554,0.9311787072243346,15780,0.976362484157161,0.9812420785804816,0.12303163833892536,0.06458032708405474,0.09279808910778298,0.14278243350154657,0.08166871838508603,0.023502084046082453,0.023458086199919514,2.305975338526643,0.9344740177439798,15780,0.9773764258555133,0.9806717363751585,0.10764792911747872,0.05485271470453134,0.08283539069836474,0.10984388628306713
08_000925_000945_s5,08,1,-3,14411,27.3665,26.79979316609128,24.789300598648023,25.759100668915437,0.13850817458711465,0.053961795948616456,0.052704404390770954,2.7338096626012383,0.9375477066130039,14411,0.9505932967871764,0.9592672264242592,0.1613556907833138,0.11062434395369387,0.11104696798294655,0.057373541895092084,0.12232535609105802,0.035630013845737114,0.03514452384436351,2.6688527162157425,0.9376864894871972,14411,0.951495385469433,0.9584345291790993,0.14424734551738502,0.09475419591281041,0.09633904078964751,0.06747869584506277,0.12967362944488808,0.05272148497316916,0.05399539631314676,2.6974021883916293,0.9349802234404274,14411,0.9506626882242731,0.9571854833113593,0.15484964385748634,0.09538030868087573,0.10159314312590524,0.13481091296512043,0.11089143312407683,0.023723210972142656,0.023881818017061462,2.632437081476264,0.9356047463742974,14411,0.9512178197210465,0.9577406148081327,0.13490370984841302,0.07803113246707793,0.08610220767290891,0.10096322799062835
08_000925_000945_s5,08,2,-2,13428,27.3665,26.79979316609128,24.789300598648023,25.759100668915437,0.10391402830126376,0.059059562628529405,0.057546854254018065,2.3722922451411432,0.9095918975275543,13428,0.9636580280011915,0.9778820375335121,0.11022647444040877,0.09895294843030114,0.09394989324115875,0.10796269671629229,0.08940281331401868,0.03970159261178654,0.03905796700541142,2.31633492858747,0.9118260351504319,13428,0.9642537980339589,0.9785522788203753,0.09278782317424406,0.08714281344026496,0.08105917287877895,0.11124868868322876,0.09679884115955843,0.054068076508851495,0.05531057485074231,2.4561656410169004,0.905347036044087,13428,0.9626899016979446,0.9808608876973488,0.09427797665711324,0.09958636517866723,0.09167473203899447,0.1665312676577507,0.07968439082797407,0.03010835121668855,0.030233415088698257,2.3236942936136207,0.9104855525767054,13428,0.9644772117962467,0.9792969913613345,0.0768889034224846,0.08284858947028813,0.07602780996059876,0.13393004312446047
08_000925_000945_s5,08,3,-1,16017,27.3665,26.79979316609128,24.789300598648023,25.759100668915437,0.09656076428823306,0.056198552407126616,0.05489282850522548,2.2515424667988935,0.9320097396516202,16017,0.9717175501030155,0.9812074670662421,0.10847187361038184,0.08448653087796089,0.08990827024911285,0.07415563411380773,0.08328297453762476,0.03961938033124524,0.039087880379002904,2.2196303668847293,0.9413747892863832,16017,0.9725916214022601,0.9812074670662421,0.0905252122160185,0.07368644499665915,0.08438353631360956,0.08532402211649982,0.0938456009508723,0.060872905395574245,0.06244638735098329,2.4332080381456698,0.9373166011113192,16017,0.9719048510957108,0.982768308672036,0.08644575518478799,0.09642520155637331,0.1086790985744536,0.15324775478386019,0.07637725410918499,0.034639018746162105,0.03491450022092035,2.269137584950289,0.9434975338702628,16017,0.9737778610226634,0.9822064056939501,0.07253219818058163,0.07464953367514227,0.09148017246092278,0.12012135076766581
08_000925_000945_s5,08,4,0,16086,27.3665,26.79979316609128,24.789300598648023,25.759100668915437,0.08827910673085551,0.041772585320052236,0.04109117883038338,1.910737319099515,0.9288822578639812,16086,0.9713415392266567,0.9842098719383314,0.09803410930906484,0.08298077514571225,0.06884397633879198,0.039994588038227974,0.07945495050145314,0.030289026849433923,0.030240855679326772,1.9236979350331933,0.9316175556384434,16086,0.9711550416511252,0.9844585353723735,0.08497606841339618,0.07298136662452062,0.08043754868326523,0.05242710095279895,0.10596497945838448,0.07255829788649133,0.0748714525750358,2.28755916776936,0.9188113887852791,16086,0.9660574412532638,0.9842098719383314,0.10065785242860728,0.10162121068160464,0.14175370574398571,0.12351303280452273,0.08523438968727082,0.04370720692652988,0.044313107524180384,2.0566130527883297,0.9301255750341912,16086,0.9682332463011314,0.9846450329479051,0.08228277669518753,0.08136817228462918,0.11032715546617354,0.08922335532886999
08_000950_000970_s5,08,0,-4,17668,27.3665,26.30981103788358,23.57581604251012,26.507648316909883,0.08398753066146598,0.07020810931899633,0.0680651459111099,1.943949604067837,0.9709078560108672,17668,0.9913968757074938,0.9962644328729907,0.08519243971348264,0.07594583457552455,0.1112746378669614,0.1150599848613311,0.05390415259716557,0.0347202370572959,0.034286005397055064,1.7601438031630838,0.9728888385782205,17668,0.9913968757074938,0.996604029884537,0.05290867556635531,0.046542114377569256,0.08590492424430954,0.10040843707314875,0.09383048541355549,0.08127815182064882,0.08475928043630565,2.2209208476285944,0.9649083088068825,17668,0.9894724926420647,0.9960380348652932,0.09337936314565219,0.08803195006850531,0.11696832050076392,0.13258709859551052,0.05876596527166349,0.0411789071044007,0.040512254275718584,1.779499769814643,0.9726058410685986,17668,0.9913968757074938,0.9966606293864614,0.058330801038774076,0.05115905544113067,0.08974945248708097,0.10221681279590905
08_000950_000970_s5,08,1,-3,17984,27.3665,26.30981103788358,23.57581604251012,26.507648316909883,0.08169914226870885,0.064051538716082,0.06218421095233806,2.131089840156811,0.9556272241992882,17984,0.9976089857651246,0.9998887900355872,0.07920093029156905,0.08371179460351977,0.07487285776479118,0.11816410936882993,0.05519499010425824,0.029714599112784096,0.029391132902018224,2.095578171144813,0.9579626334519573,17984,0.9975533807829181,0.9998887900355872,0.04776671387606256,0.05972099286258105,0.05457423167988389,0.11644991122899177,0.1022496773063302,0.09015053079837873,0.09428663366925694,2.81622416995103,0.9267126334519573,17984,0.9941614768683275,0.9998887900355872,0.09444267188004626,0.10568360407894624,0.10737740402547988,0.16466146731469614,0.059035467430477474,0.03545501237929233,0.034981725384299445,2.086899525349017,0.9575733985765125,17984,0.9974977758007118,0.9998887900355872,0.05266283946391199,0.06300048219310786,0.056847175409471984,0.1160933221314301
08_000950_000970_s5,08,2,-2,17856,27.3665,26.30981103788358,23.57581604251012,26.507648316909883,0.10114981476179104,0.07243720346715322,0.06999690335252384,2.1260920307340108,0.9345318100358423,17856,0.9959117383512545,0.9990479390681004,0.09017428765533952,0.11778689926696151,0.08784986165092681,0.11353664657641652,0.06891549152987964,0.03606216859659986,0.035572341319507705,1.9257037324581916,0.9408042114695341,17856,0.9963037634408602,0.9993839605734767,0.05461385011281467,0.08588757395934579,0.06318322873600701,0.10369931989169993,0.0925556184024001,0.08200909473630097,0.0854102758389319,2.284724513874217,0.9448364695340502,17856,0.9946236559139785,0.9998879928315412,0.08417850704424079,0.10061747663790865,0.08866592758778272,0.14305924965666275,0.07417110243066062,0.04273297093275702,0.04198617941642657,1.9496469651328008,0.9398521505376344,17856,0.9963037634408602,0.9993839605734767,0.06068841170953774,0.09096671161043622,0.06652689723471532,0.10504391594578354
08_000950_000970_s5,08,3,-1,17381,27.3665,26.30981103788358,23.57581604251012,26.507648316909883,0.0814580195557698,0.04727197785575985,0.04633019648401371,1.8948101998040394,0.9374029112249007,17381,0.9793452620677752,0.9995397272884183,0.0952775972045135,0.06518511643266123,0.0795888861427561,0.10225252486224179,0.0598707423666201,0.022806017270393577,0.0228084443127079,1.794346955451765,0.9393015361601749,17381,0.9897013980783614,0.999597261377366,0.06892411364761186,0.0496436261363763,0.0470838130861411,0.1082189355639575,0.11690202201301746,0.10529061839540867,0.11120192913010563,2.3202144099061828,0.9167481732926759,17381,0.9909096139462632,0.9993095909326276,0.11723786923858517,0.11864067195656432,0.08376378271345766,0.1942510541343895,0.06148263599076956,0.024059689425741708,0.02395388040393298,1.7994096586178907,0.9393590702491226,17381,0.9884931822104597,0.999597261377366,0.07150384152453636,0.04992606803079334,0.051490545581103046,0.10452175510293724
08_000950_000970_s5,08,4,0,17163,27.3665,26.30981103788358,23.57581604251012,26.507648316909883,0.08198921963400876,0.051625014768431024,0.050364428941747974,1.71612607872304,0.9678960554681583,17163,0.9888714094272563,0.99749461049933,0.08934173650803212,0.07669878325780222,0.0684270620378426,0.14563595217606493,0.056184451398612945,0.028850192567510192,0.02885975549562625,1.5566343584875988,0.9775097593660782,17163,0.9893375284041251,0.9973780807551127,0.05668477226479253,0.05722539462821448,0.03497621541229678,0.17695038633083465,0.09411168804330976,0.09759727795865487,0.1022324007293729,2.038665683849867,0.9765192565402319,17163,0.9909689448231661,0.9960962535687234,0.09339952071496142,0.09250956644852953,0.08768557863062568,0.2624779304654341,0.05870895321115518,0.02859911998750721,0.028556187509706454,1.571713113766626,0.9760531375633631,17163,0.989220998659908,0.9973780807551127,0.060215010036503314,0.0585834953794751,0.03993433817161013,0.1707614442727751
08_000975_000995_s5,08,0,-4,17299,27.3665,28.89278821053182,26.6021544667914,29.185404980400538,0.06227639121534917,0.05496902833230957,0.0562738008519208,2.536914367163365,0.9795363893866698,17299,0.9956066824671946,0.9987860569975143,0.05554663800753067,0.05625689185296263,0.0609220822118814,0.2232722348055403,0.04487102806454095,0.03069800774123191,0.0307060212305017,2.2626731881511426,0.9879183767847852,17299,0.997051852708249,0.9988438638071565,0.03551604932315656,0.03828638556050593,0.06223762798547423,0.1799524668114953,0.0821632149795464,0.07870292390811628,0.08162986672498418,2.7620793669635333,0.9683218683160877,17299,0.9942771258454246,0.9987860569975143,0.07727753063437522,0.07731828536741422,0.07039723421300585,0.24496621824680906,0.04678644060403766,0.03126928679915633,0.03116549250374634,2.24269291225461,0.9882652176426383,17299,0.9973408867564599,0.9988438638071565,0.03689602493253243,0.041594996235928265,0.06646667464020353,0.17164729188161565
08_000975_000995_s5,08,1,-3,16494,27.3665,28.89278821053182,26.6021544667914,29.185404980400538,0.07139020302515328,0.05971495349764272,0.06134006235533507,3.3302208117411998,0.957984721716988,16494,0.9893294531344732,0.9973323632836183,0.06399618807901451,0.04974569999914459,0.07630880283246018,0.2857931246979241,0.05568069152176105,0.029370417023942243,0.029404534943682448,3.058370756169397,0.9661695161877046,16494,0.9943009579240936,0.9975748757123802,0.03835079345321763,0.04044090837065269,0.07820406591104576,0.2459602803935985,0.08999753711334725,0.08277161083221848,0.08597841460382738,3.548083920886144,0.9482842245665091,16494,0.98647993209652,0.9972717351764278,0.08643529909732718,0.06879968195546957,0.08603136758432811,0.305740901539099,0.05712241072666411,0.030849010149262054,0.030762894132127405,3.035097411733766,0.9664726567236571,16494,0.9946647265672366,0.9975748757123802,0.03786137542131658,0.04459623498554787,0.0820765518677653,0.23832361114948888
08_000975_000995_s5,08,2,-2,16413,27.3665,28.89278821053182,26.6021544667914,29.185404980400538,0.0721736315879782,0.05278654839097026,0.05405814262323805,3.6260070901363,0.9422409065984281,16413,0.9829403521598733,0.9953085968439651,0.05495290362335768,0.04811036674098659,0.09617842270207945,0.32939680710079594,0.05908838408836458,0.02801132114264244,0.027889780870248515,3.353792743016286,0.959970754889417,16413,0.9892767927862061,0.9954913787851094,0.02324161323554998,0.0424437379726116,0.10209980854954011,0.29199583338230617,0.09042421620367001,0.07693381009027685,0.07969611971653645,3.8418479223975393,0.9313958447572046,16413,0.979284713336989,0.9950648875891062,0.07862761954846734,0.0694831124648498,0.10204521395912229,0.34812673438590475,0.06234122932503627,0.03360819928024805,0.0331992794792586,3.329325742961347,0.9588740632425516,16413,0.9906171936879303,0.9954913787851094,0.024494751298655994,0.04830034377021635,0.10582557027400381,0.2848253972589504
08_000975_000995_s5,08,3,-1,16235,27.3665,28.89278821053182,26.6021544667914,29.185404980400538,0.06827457842180917,0.04546733356940511,0.046380079774198224,3.2180102630868257,0.9483831228826609,16235,0.9862642439174623,0.9990144748999076,0.04945002942508501,0.05278483779314396,0.1047917898570868,0.3836183250535425,0.06167609940741788,0.03398796321439653,0.03378463551372457,3.008603036427894,0.9493070526639975,16235,0.9909454881429012,0.9991376655374191,0.02491228266459461,0.06018388619554779,0.10375931634547413,0.34924140130886805,0.08556943741243521,0.06854214743434314,0.0706581031823772,3.4003718188265375,0.9398213735756082,16235,0.9834924545734525,0.9987680936248845,0.07512390723082828,0.06683427334140393,0.1132496434070063,0.40083384695064156,0.06643187078089127,0.03871667030939417,0.038317014813777917,2.9950146416426353,0.9447489990760702,16235,0.9917462272867262,0.9991376655374191,0.029226761788293663,0.06660231880723434,0.10679510288645591,0.342650729694701
08_000975_000995_s5,08,4,0,15987,27.3665,28.89278821053182,26.6021544667914,29.185404980400538,0.07948170992153514,0.057835208722014905,0.059185382338868164,3.568627553129274,0.9199349471445549,15987,0.9736035528867205,0.9979983736786139,0.05916749748475167,0.0569201342505932,0.15311321045028442,0.43815764557872555,0.06113472042639106,0.02878803877063097,0.028726475238755267,3.2556341600076775,0.9388878463751799,15987,0.9833614812034778,0.9983111277913305,0.021959322212282622,0.05054146762981305,0.1409690101027121,0.4068224963367461,0.09791122868931397,0.08120383216698521,0.08448404857342995,3.7831277222919675,0.9039844873960092,15987,0.9699130543566647,0.9974979670982673,0.08517553911819405,0.0718024068376411,0.16623792059255985,0.45384988587139374,0.0629948519535047,0.030766863638211434,0.030653471823238743,3.216188581360892,0.940889472696566,15987,0.9848627009445174,0.9984362294364171,0.02162512458851981,0.05515826588057722,0.14032771150919252,0.4008149873412154
08_001000_001020_s5,08,0,-4,16350,27.3665,26.322850262956685,24.037454983736062,27.321467158921948,0.07398529300626748,0.02821010102434554,0.02812190482291177,4.208212643664518,0.8899082568807339,16350,0.9560856269113149,0.9864220183486239,0.021183436991052757,0.03860989659819895,0.19689070330616457,0.36188162871889146,0.08428017935458498,0.04450208107666251,0.04524383078842642,4.405991054072177,0.8864831804281346,16350,0.9436697247706421,0.9828134556574923,0.02751164976039687,0.05672975101548716,0.19715279484512255,0.386100223760729,0.15031225689032454,0.12103637720149069,0.12889650560153765,5.095679723595738,0.8604892966360856,16350,0.9035474006116208,0.9779204892966361,0.11098663190628627,0.12612837810709074,0.23294505393385553,0.4394000616018548,0.07385735114726903,0.0279438443199686,0.027924851284828245,4.214959630702733,0.8898470948012233,16350,0.9557798165137614,0.986177370030581,0.020460632347051352,0.03888651308447458,0.19676761881441038,0.36291808244744905
08_001000_001020_s5,08,1,-3,14276,27.3665,26.322850262956685,24.037454983736062,27.321467158921948,0.05202598518848891,0.03721999049319703,0.036668810503597715,1.8901821983566875,0.9859204258896049,14276,0.9953768562622584,0.9992995236760998,0.03264153168587494,0.04864288141243896,0.10232072844839618,0.36845706555191493,0.04056153179210407,0.026456828459127012,0.026515104544393653,1.7365058540493097,0.9855701877276548,14276,0.9946063323059681,0.9990893807789297,0.025122584527532646,0.03883245800614302,0.07595167756613075,0.3840669335906084,0.09539686906215407,0.0930948439268681,0.09764140503518726,2.089999132791841,0.9754833286634912,14276,0.9941860465116279,0.9984589520874194,0.10030130676681348,0.095249346937449,0.0790398540840647,0.43185676492173347,0.051025637896746454,0.03585878059147682,0.03538136139550252,1.8797688398834094,0.986060521154385,14276,0.9953068086298683,0.9992995236760998,0.031756754100157304,0.047645153418754624,0.101018760859214,0.3691306217093929
08_001000_001020_s5,08,2,-2,13463,27.3665,26.322850262956685,24.037454983736062,27.321467158921948,0.04621367918152314,0.022890012254901913,0.022865198087817618,2.237097468784324,0.9811334769367898,13463,0.9926465126643393,0.9963603951570972,0.021156668825763923,0.04079593495031761,0.10295474723626657,0.389280172501899,0.05111160261792842,0.038399752990826576,0.03902366168445637,2.1723401364862194,0.9818762534353414,13463,0.9924236797147739,0.9960632845576766,0.03665928714881679,0.04664596886979381,0.08469870002987838,0.38604118976744517,0.10971655478303534,0.11342541301939153,0.12031853902058165,2.6267128051652526,0.9687291094109782,13463,0.9910866820173809,0.9948005645101389,0.11650919796865883,0.10633803568102153,0.09935451384544779,0.41186720353251144,0.04570202228586618,0.02255095940063727,0.022520770098720444,2.230627543795436,0.9812077545866449,13463,0.9926465126643393,0.9963603951570972,0.020731113051569758,0.04041968202569681,0.10191637382355354,0.38914041239890845
08_001000_001020_s5,08,3,-1,13852,27.3665,26.322850262956685,24.037454983736062,27.321467158921948,0.056216733343880616,0.02694202738515912,0.026722515623744947,2.169025192872449,0.9761045336413514,13852,0.9909038406006353,0.9942246606988161,0.025284622868191785,0.054599128127785,0.11245184607529089,0.2648852000567895,0.053043573192740605,0.03564222584228416,0.036123177936296824,1.9957226161994772,0.9758157666762922,13852,0.9898931562229281,0.9935749350274329,0.03396531787719695,0.049619572498006824,0.09158168921750237,0.24455191091228196,0.1017562925986036,0.10490714822800215,0.110753026047544,2.302861980074682,0.9678746751371643,13852,0.9872220617961305,0.9927086341322553,0.10729250360533453,0.09696716467044544,0.09969866555026549,0.2000258583752163,0.05533881136571462,0.025902834220739652,0.025735968158031253,2.1578648522676307,0.9759601501588219,13852,0.9909038406006353,0.9942246606988161,0.02453458485834771,0.053751499165990285,0.11128308031784667,0.26400783119812166
08_001000_001020_s5,08,4,0,14799,27.3665,26.322850262956685,24.037454983736062,27.321467158921948,0.05668621355475872,0.02761757028112449,0.02752998735897494,1.877828698191892,0.9853368470842625,14799,0.9918913440097303,0.994526657206568,0.021180538252730603,0.06013364758954787,0.09984558046151819,nan,0.05286168820571997,0.039326432999107847,0.039739829426049145,1.5728015253241938,0.9874315832150821,14799,0.9917561997432259,0.9939185080072978,0.0370079864301244,0.05217970577744132,0.0763626994943513,nan,0.09756969399511672,0.10372896013832801,0.10945014656791496,1.7850939969211843,0.9824988174876681,14799,0.9911480505439557,0.9928373538752618,0.1152595904099638,0.09550139402475676,0.07671684452773658,nan,0.055906606175117904,0.027115421235423532,0.02702082269317163,1.8609103199789336,0.9858098520170282,14799,0.9918913440097303,0.994526657206568,0.020934059785445255,0.05919615198032877,0.09861888744653029,nan
08_001025_001045_s5,08,0,-4,17572,27.3665,29.039729510848417,25.90843890370579,31.271833654577737,0.11998153462840916,0.12730614984456912,0.13598844247188335,2.8225062964987475,0.9716594582290007,17572,0.9919758707033918,0.9982927384475302,0.14053478906712052,0.11911439465499075,0.09219815910579217,0.1233597872431167,0.08013904690044013,0.0784973006318514,0.0810606419741624,2.3928095800558915,0.9832688367857956,17572,0.9933416799453676,0.9981789210106988,0.08830269584258615,0.0743372969334017,0.07318259946681144,0.11237910577920629,0.16248090760116904,0.17360362285678044,0.19065246404475955,3.4420423801383215,0.824265877532438,17572,0.9912360573639881,0.9980651035738675,0.18625456761904763,0.1647604856660498,0.12594635580742253,0.16038358510474612,0.050927384736419466,0.02960032338732977,0.029773151289482547,2.533317433039615,0.9830981106305486,17572,0.9963578420213977,0.9984634646027771,0.031073870095176922,0.03761002171803945,0.08612104891466951,0.14219396517592767
08_001025_001045_s5,08,1,-3,17421,27.3665,29.039729510848417,25.90843890370579,31.271833654577737,0.10942461552556754,0.11551281111287254,0.12266985447098122,2.1226778415551446,0.9748579300843809,17421,0.9965558808334768,0.9990241662361518,0.1322622744350572,0.10904765924356692,0.07338628233579778,0.08603574947809368,0.07120729616884101,0.06957980997073926,0.07156873444029799,1.8267407152471444,0.9877159749727341,17421,0.9966132828195856,0.9998851960277826,0.07939845364375546,0.06783841866606657,0.0583752367594222,0.11249750399085226,0.1508063921294114,0.16235328256156212,0.17715682475537653,2.696857743991141,0.8917398541989553,17421,0.9956948510418461,0.9988519602778256,0.17849344468653214,0.15115375051583807,0.107701735319848,0.10624855015146993,0.05193631335819521,0.029019588048968516,0.029062735250946492,2.262033748473681,0.9878307789449515,17421,0.9978761265139774,1.0,0.021164655906534293,0.04943884268220076,0.0937435994085133,0.172766203595595
08_001025_001045_s5,08,2,-2,17280,27.3665,29.039729510848417,25.90843890370579,31.271833654577737,0.09497136400063357,0.09674582498409665,0.1014268600795809,2.7804290286318505,0.9752893518518518,17280,0.9885416666666667,0.9962962962962963,0.10838496430581503,0.08816159407762042,0.08210582811391157,0.1296716300562374,0.05918723246523413,0.04964757628287725,0.05063603254752502,2.6520563844299074,0.9799768518518519,17280,0.9890625,0.997337962962963,0.05431582571845997,0.04970633093330397,0.06630662653036057,0.15774625612606136,0.13583365944298845,0.14347101114679223,0.15477854412290304,3.195940669192172,0.9599537037037037,17280,0.9881365740740741,0.9933449074074074,0.1558527378547587,0.13062876248178554,0.11918200749272723,0.12752479630234836,0.06434723530962298,0.03849875556568272,0.037842592671351594,3.1119233659859016,0.9680555555555556,17280,0.9905671296296297,0.9979166666666667,0.02092513964334864,0.06341498282442735,0.09862798737376557,0.21305115622045734
08_001025_001045_s5,08,3,-1,17192,27.3665,29.039729510848417,25.90843890370579,31.271833654577737,0.06779616252756343,0.0643703403578966,0.06623229667876718,2.3949796112042256,0.9714983713355049,17192,0.9926128431828758,0.9980223359702187,0.06651092139282982,0.06548740786917773,0.06728293137632443,0.12692512936037523,0.053976300654289495,0.03269181900288188,0.03286996345542692,2.5498444256466914,0.9724872033503955,17192,0.9936598417868776,0.9981386691484412,0.029653521950523794,0.05459777750285166,0.08054088038597598,0.17431173194777178,0.10391314821861096,0.10981405000108012,0.11612947399045415,2.6136983204582904,0.9672522103303862,17192,0.9913913448115402,0.9966845044206608,0.11530757677259147,0.10151040871566387,0.08900739269872102,0.09989442496018823,0.1055434976215364,0.08000965602498422,0.07708890347530462,3.299843031946031,0.9546300604932527,17192,0.9908096789204281,0.9984295020939972,0.0678409888365182,0.10936372419220249,0.14668055416177647,0.24317694559255987
08_001025_001045_s5,08,4,0,16413,27.3665,29.039729510848417,25.90843890370579,31.271833654577737,0.054922157525036715,0.03789648437500002,0.038331576697858694,2.4885723884978193,0.9783098763175532,16413,0.9922013038445135,0.9970754889416925,0.03608203553689027,0.0550025897189996,0.08858604505038406,0.115500317531305,0.07524683385775983,0.04525725429328068,0.04434901532141744,2.8928060418615775,0.9720343630049351,16413,0.9917138853347955,0.997197343569122,0.0440414398686592,0.07654620020326151,0.1291048025648541,0.16598510819340087,0.07549431019833153,0.07455959294530477,0.07697519341768899,2.468489944434799,0.9755072198866752,16413,0.9906171936879303,0.9971364162554073,0.07201362823174612,0.07416007888140734,0.08696919464996802,0.08525499322600423,0.1514132481037518,0.12303204353843289,0.11607401767728032,3.8339838887832736,0.8897824894900384,16413,0.9934198501188083,0.9973191981965515,0.12416766315953491,0.15121423086414398,0.20020964602213476,0.2432558070528051
08_001050_001070_s5,08,0,-4,15695,27.3665,29.057495303484465,24.771142487197398,29.872970547552136,0.09802525082927944,0.09700820996663882,0.1018430990289021,3.1053338994886848,0.9695444409047468,15695,0.9840076457470532,0.9870022300095572,0.11602892434936084,0.08607349997487342,0.08054059299457024,0.22338263199616076,0.06413189522852417,0.05237997501151222,0.05340280657068375,2.998614609396364,0.9747053201656578,15695,0.9845810767760433,0.9873208028034406,0.06189885199681057,0.04809790137374963,0.09167125261114362,0.18917617691308308,0.17565921442330384,0.18176849039224674,0.2005723531606134,3.8765752344589104,0.7478814909206754,15695,0.9806944886906658,0.9857279388340235,0.1995162745482576,0.1666351497237942,0.14206184920120793,0.2970347146746818,0.05619643021768371,0.03430669606992578,0.034666736311564916,3.0794824174021653,0.9744504619305512,15695,0.9848996495699267,0.987639375597324,0.03669731500793633,0.042144021341370304,0.11167029326415735,0.1827315638883941
08_001050_001070_s5,08,1,-3,16714,27.3665,29.057495303484465,24.771142487197398,29.872970547552136,0.07427981214716765,0.05495156702566901,0.05566566172873988,3.1622980753861736,0.9658370228550915,16714,0.9876151729089386,0.989170755055642,0.07751420600533747,0.05261826204100981,0.0925717634186129,0.3549564987913936,0.0686780240547682,0.032669828178927565,0.032558222410935866,3.3702149736548304,0.9562642096446093,16714,0.9880938135694627,0.9893502453033385,0.03862280255025648,0.05514423909346557,0.12926245449565538,0.31711687163745056,0.1357750313125597,0.134681258788624,0.14432346649137873,3.5617693427688826,0.9523752542778509,16714,0.9851621395237525,0.9888716046428144,0.162724818661899,0.11607344460709312,0.11275316676550606,0.4161102366982727,0.08412459750456189,0.04960327038786784,0.048508820434438604,3.590247711910507,0.9428024410673687,16714,0.9867775517530214,0.9897092257987316,0.041454444628324975,0.07797549903018859,0.15482043989109992,0.29912982437800795
08_001050_001070_s5,08,2,-2,17163,27.3665,29.057495303484465,24.771142487197398,29.872970547552136,0.07071226254458764,0.058087809178250266,0.05877779559806573,2.802445204648459,0.9751791644817339,17163,0.9885800850667132,0.989512323020451,0.06434200029121721,0.058586888882763394,0.09248285123102273,0.1761335059489132,0.06595784940714862,0.02748350510068949,0.02746656740540354,3.137503157875986,0.9656237254559227,17163,0.9876478471129756,0.9897453825088854,0.019338923420905898,0.06325621363688524,0.13918720656861977,0.20632651432355964,0.12760348702383972,0.1357012426118147,0.14572482711548274,3.0613482376276746,0.9662063741770087,17163,0.9864825496708035,0.9894540581483424,0.15211712062896526,0.12449757966964616,0.09122966156449636,0.17103136379807088,0.08411846686000223,0.046712959292260894,0.04571117290291049,3.4123124662240967,0.9568839946396318,17163,0.9877061119850842,0.9897453825088854,0.029756150893606784,0.0836390456393937,0.16704731411301812,0.22088696332227453
08_001050_001070_s5,08,3,-1,18278,27.3665,29.057495303484465,24.771142487197398,29.872970547552136,0.07143447753910197,0.057605285639562506,0.05767571175800568,2.223916687357121,0.975051975051975,18278,0.9937082831819674,0.9966626545573914,0.057973284884357726,0.06918259334218058,0.0848969146459919,0.18452192004719195,0.08765126469413938,0.05149817846856588,0.050537288600141395,2.862080054399456,0.9536601378706642,18278,0.9938177043440202,0.9969362074625232,0.024653779789143224,0.09793658696431792,0.13626397804972312,0.22318426415266024,0.10332351687167605,0.11318168813614393,0.1193470621368673,2.2386978667217905,0.9809060072217967,18278,0.9939818360870992,0.9964985228143123,0.1456562111375508,0.09937781299721772,0.06412022091427205,0.1465229523929984,0.11048076777920156,0.07872701955976112,0.07589664704817034,3.268657056716954,0.928219717693402,18278,0.9939271255060729,0.9974833132727869,0.03461703626187414,0.12718529971690648,0.16486383535316593,0.24182901404088752
08_001050_001070_s5,08,4,0,18856,27.3665,29.057495303484465,24.771142487197398,29.872970547552136,0.0785203116339988,0.05415439748260924,0.05396491499457201,2.1017995777409024,0.9767182859567246,18856,0.9959694526941026,0.9981438268985999,0.024635942549941527,0.10589242894748012,0.10941230734296462,0.10282000549256612,0.129399186197586,0.11078103987621592,0.10506340730273855,3.025831089833275,0.9048578701739499,18856,0.9963937208315655,0.9973483241408571,0.046757320466838656,0.17282424768949878,0.17466842846998162,0.16802161563622464,0.07370654149518623,0.07297124141102791,0.07417324103920664,1.3052154933683306,0.992098005939754,18856,0.995863385659737,0.9986211285532457,0.1085256504789391,0.06299427517559106,0.044200314168538056,0.02649494333070358,0.16054130005981876,0.14168144600578808,0.1325456472748463,3.504005438382516,0.8368689011455239,18856,0.9964467543487484,0.9974013576580398,0.07549119628553046,0.2054273548758145,0.2068611324205654,0.19946481292715873
08_001075_001095_s5,08,0,-4,18735,27.3665,26.568847839927795,24.364037692866724,26.713390881414238,0.0985963808130006,0.077907325791227,0.07533395747256,2.2396449854452243,0.963223912463304,18735,0.9932212436615959,0.9946090205497732,0.0888432338055832,0.11239558461337842,0.07180881331298139,0.12805307600973706,0.07497293760100966,0.05264948645009835,0.05185319154140311,1.9741033721222132,0.9823859087269816,18735,0.9918868428075794,0.9946090205497732,0.06282858474748368,0.08453036548927996,0.06856349502859437,0.09994998134725912,0.06705796380926327,0.056145234005679605,0.05732099036238081,1.8701069643987294,0.981531892180411,18735,0.9916733386709368,0.9946090205497732,0.072841064742295,0.052937717370046156,0.10191041816867995,0.07129369091239712,0.07869392752258403,0.05679036781295698,0.05555614916603302,2.0153016893560656,0.9808380037363224,18735,0.9919402188417401,0.9946090205497732,0.0666157553558538,0.08925490304824012,0.06860277700313057,0.10494334105044592
08_001075_001095_s5,08,1,-3,18554,27.3665,26.568847839927795,24.364037692866724,26.713390881414238,0.067014496001111,0.047612451633024855,0.046753141023397005,1.787992439138527,0.9741834644820524,18554,0.9979519241133987,0.9988142718551256,0.04253761416010731,0.08089516220018701,0.07444144616229806,nan,0.05319189676090002,0.0384574834217761,0.03837211169260202,1.6483079215281056,0.9814056268190148,18554,0.9980597175811146,0.9988142718551256,0.028952447458098277,0.06318564020175223,0.06975464921435773,nan,0.0786079624655158,0.07629047600871057,0.07905154320573116,1.9527269467972015,0.9765010240379433,18554,0.9945564298803492,0.9988142718551256,0.07527835472707953,0.07097542318784479,0.10257346810735443,nan,0.05468371089397639,0.03863694370652751,0.038569058947343304,1.6641353962770535,0.9798965182709928,18554,0.9980058208472566,0.9988142718551256,0.029667908645386428,0.06581218039516404,0.06978996179809253,nan
08_001075_001095_s5,08,2,-2,17119,27.3665,26.568847839927795,24.364037692866724,26.713390881414238,0.0700593381914885,0.054342360587791946,0.053199726576752315,2.213865158154192,0.9797885390501782,17119,0.9946842689409429,0.9974297564110053,0.06862678249894492,0.052085368060966294,0.10809643302909588,0.39796732955305175,0.053569264991765606,0.036698828008232376,0.03648847464799365,2.047387494909506,0.9795548805420877,17119,0.9948010981949881,0.9976050002920731,0.04356422864089004,0.041266051577751484,0.09088584858934246,0.398512359667995,0.07635377930719571,0.07016110782786139,0.07248265148316291,2.244505195929733,0.9670541503592499,17119,0.9900695134061569,0.9975465856650505,0.053428485991627674,0.0852597899265542,0.08579631709673209,0.4296644079592212,0.05560402611245832,0.03905996690468237,0.03875464561047126,2.068893282471804,0.9796717097961329,17119,0.9948010981949881,0.9976050002920731,0.047038073678888154,0.042130219098855164,0.09350141412774421,0.39841359442362023
08_001075_001095_s5,08,3,-1,17447,27.3665,26.568847839927795,24.364037692866724,26.713390881414238,0.060162439095273385,0.04124945390513552,0.04060098156000791,1.7824763456754802,0.9743795494927495,17447,0.9896257236201066,0.997592709348312,0.0478950668932568,0.05681070787036496,0.09716431043096417,nan,0.046966802773705574,0.025961890288242393,0.025959854761143486,1.6738752134067274,0.9765002579239984,17447,0.9891098756233163,0.9977646586805755,0.0282117298053497,0.04738213105344427,0.08409186892009209,nan,0.0874813267672519,0.07904586651630559,0.08226712497552313,1.973389956530203,0.96704304464951,17447,0.9885367111824382,0.9976500257923998,0.08146048434159214,0.08903416387744431,0.09371907026913959,nan,0.048172705035154986,0.02664310617087324,0.026584280693195073,1.685082739046893,0.9761563592594715,17447,0.9890525591792285,0.997592709348312,0.030185279112703807,0.047961259133499246,0.0859314536877111,nan
08_001075_001095_s5,08,4,0,16686,27.3665,26.568847839927795,24.364037692866724,26.713390881414238,0.05307457433915882,0.03801259212590181,0.03754413406664581,1.4169609088510229,0.9760278077430181,16686,0.9865755723360902,0.9987414599065084,0.05003984304557302,0.05371441726215094,0.06803638915707959,0.07016262261293155,0.04214331013057802,0.022865031147674842,0.02288424540879941,1.4116616600159473,0.9766271125494427,16686,0.9862159894522354,0.9985017379839386,0.03324022360619927,0.05063631990524986,0.06121006944698641,0.08944699685078827,0.09324279174153641,0.08392041076561038,0.08761600545699155,1.8602982834522537,0.9635622677693875,16686,0.9850173798393863,0.996044588277598,0.07881148956561808,0.10881414636368957,0.11750066730245921,0.16500904278050627,0.042703812486154805,0.024217806267654036,0.024089348930165677,1.4049842692470853,0.9768668344720125,16686,0.9862159894522354,0.998561668464581,0.03471146296292499,0.04989652532806317,0.06146533955983099,0.08449329688973793
08_001100_001120_s5,08,0,-4,16565,27.3665,26.888197567393867,23.856870315522247,27.425518696302756,0.059778188781271155,0.02768974562198066,0.02742818978336592,2.110158746213703,0.9648053124056746,16565,0.9849683066706912,0.9917295502565651,0.05159172148426617,0.07720309935357339,0.05302034977572142,0.13010751116079441,0.054696817014569035,0.02191988695028708,0.0219024630384288,2.079614296464377,0.9619076365831573,16565,0.9847872019317839,0.9921521279806822,0.04643870174697501,0.07172631207741495,0.049260519825014414,0.12435872274155083,0.12490376742046928,0.11351177792899209,0.12039194212976634,2.560507274580834,0.9295502565650468,16565,0.9840627829761546,0.992936915182614,0.11094110817377796,0.15051722796301276,0.1286273385682777,0.1818440831976306,0.06088328385871991,0.02893220848247687,0.0286445396231525,2.1160410771943026,0.9648053124056746,16565,0.9849079384243887,0.9917899185028675,0.052820405270180414,0.07820075319427455,0.05378869760625618,0.13102311677164796
08_001100_001120_s5,08,1,-3,15771,27.3665,26.888197567393867,23.856870315522247,27.425518696302756,0.0740977779235788,0.03214170258620683,0.031700948525032135,2.26764810371796,0.9261936465664827,15771,0.9639845285650879,0.9800266311584553,0.07865923182130538,0.07250292444028955,0.0646259806276074,0.08599539523805419,0.06563700247424795,0.021234426838517114,0.021145445584205946,2.2272304524923525,0.9257497939255596,15771,0.9629700082429776,0.9801534461987191,0.06736336516511439,0.06391078630469317,0.06521567013936662,0.0787802620286185,0.13710699322988873,0.10668106748044442,0.11273778024882342,2.680563449001083,0.917570223828546,15771,0.9454061251664447,0.9796461860376641,0.13677929498036331,0.1365901544828246,0.14105596253456892,0.11479809798245234,0.07543156068997856,0.03412338059406059,0.03362683590719184,2.274798603022157,0.9264472766470103,15771,0.9641113436053516,0.9800266311584553,0.08035611974266194,0.0738407197251276,0.06485316688658783,0.08697773055576641
08_001100_001120_s5,08,2,-2,15742,27.3665,26.888197567393867,23.856870315522247,27.425518696302756,0.047142575267985494,0.01747771651449259,0.017364010047308476,1.8766952368040426,0.9700800406555711,15742,0.9860881717697878,0.9911065938254351,0.0490790931522914,0.03727620375269068,0.059821401858962085,0.09617215713915815,0.05039320467058005,0.022069421485793002,0.022246908887652683,1.9077985634466001,0.9696353703468429,15742,0.9861516960996062,0.9911065938254351,0.05214133423221746,0.03931839524601841,0.0663812675229189,0.08824393497825822,0.14221432025629313,0.12692048287417557,0.13569366033498942,2.770679056947778,0.9402236056409605,15742,0.9848812095032398,0.9910430694956168,0.14289092000026324,0.13001354362588377,0.16406940057496014,0.15529583654748685,0.04750727866409172,0.0183491366958181,0.01829094393088837,1.8754386426729264,0.9702706136450261,15742,0.9860881717697878,0.9911065938254351,0.049749998250939564,0.037725511648517986,0.05924556411367718,0.09720346674005634
08_001100_001120_s5,08,3,-1,16711,27.3665,26.888197567393867,23.856870315522247,27.425518696302756,0.04999470198201711,0.025333910753880307,0.025421732628353233,1.4142132781138015,0.9706181557058225,16711,0.9884507210819221,0.9938962360122076,0.05274640380603015,0.042972334032739985,0.06270333535779295,0.10058068143741686,0.05408246074628685,0.03271837785837306,0.03313933202853647,1.430293065319748,0.9709173598228712,16711,0.9890491293160194,0.9940757584824367,0.05408403392449475,0.05186188328547693,0.06046905235956278,0.085123875620634,0.13816283984730265,0.1348931927663343,0.14480844315804342,2.360714024784651,0.9372868170666029,16711,0.9866554963796302,0.9961701873017773,0.12733870145818457,0.1497661770699952,0.1372133652033702,0.08597770284587904,0.04979930602151569,0.025000679063930213,0.025021419918290988,1.4156289018539214,0.970498474059003,16711,0.9885105619053318,0.9938962360122076,0.0528858315845055,0.04219342291448823,0.0632808640005644,0.10258145152750886
08_001100_001120_s5,08,4,0,17646,27.3665,26.888197567393867,23.856870315522247,27.425518696302756,0.046453257959216274,0.028543183295414845,0.028795055225717237,1.6377681528895949,0.9751218406437719,17646,0.9896293777626658,0.9946730137141562,0.03338226608555904,0.05129791553978314,0.06968849943013489,0.1017873546219351,0.056044674492781,0.041347285877101375,0.04212406538452129,1.6785958363532743,0.9731950583701688,17646,0.9892893573614416,0.9945030035135441,0.04504831437297141,0.06128633805802921,0.07196228589775412,0.08586650718080449,0.1525078014586921,0.1472641764710073,0.15924456543913978,2.5465960689210814,0.902754165249915,17646,0.9868525444860025,0.9931995919755185,0.14907175970430933,0.15522746545109098,0.15597573508490445,0.09736305052854628,0.04556794170831873,0.027235765962637007,0.02747602229522239,1.6352221115307302,0.975461861044996,17646,0.9896293777626658,0.9946730137141562,0.032260378945643674,0.050326744228216064,0.06978443089622716,0.1038553871048498
08_001125_001145_s5,08,0,-4,16587,27.3665,27.39195199376512,23.73706041776837,27.90398656815902,0.05598619001523252,0.027217927631579018,0.02741929646318786,1.7693435820663197,0.9578585639356122,16587,0.9870983300174836,0.9932477241212998,0.05425018418903124,0.05025488477970861,0.08383164610604166,0.1337279659102326,0.05579399594371963,0.026652108219266803,0.026880764245017508,1.7707250320992298,0.9578585639356122,16587,0.9870983300174836,0.9932477241212998,0.05382259585536028,0.050270451254193334,0.08380244534828467,0.13466756051192463,0.1485327875383473,0.1448593623374397,0.15642622601669665,2.422600269824678,0.9319346476156026,16587,0.9790800024115272,0.9906553324892988,0.15806681498889882,0.13535017553419995,0.16333522520859411,0.0658321154919242,0.055565210761094275,0.023133961286555475,0.023136492417598298,1.8180024715901328,0.9566528003858443,16587,0.9867366009525532,0.9931874359438114,0.04921527730670326,0.05433714081816842,0.0849203543940526,0.15357000589282493
08_001125_001145_s5,08,1,-3,16458,27.3665,27.39195199376512,23.73706041776837,27.90398656815902,0.04975374556185753,0.027239541408668796,0.02734100493837277,1.339709860664142,0.9710778952485114,16458,0.9913719771539676,0.9975088103050188,0.03949431131865034,0.05599619610137049,0.0692842726237489,0.055908402679703775,0.049496224783476386,0.02698094958026797,0.027039488401541245,1.339963915354719,0.9708956130757078,16458,0.9913719771539676,0.9975088103050188,0.03897736376984061,0.05592267757708189,0.06932201349354086,0.05640460203677853,0.15302761426727296,0.14532136506784904,0.15686204758610534,2.313734105330237,0.9078259812856969,16458,0.9908251306355572,0.9965973994410013,0.1557693307556622,0.1531769231571735,0.14410741331596721,0.1168240148052179,0.04875618753131035,0.02689179298998689,0.026826141493480282,1.372968257070776,0.972657674079475,16458,0.991250455705432,0.9975088103050188,0.03513804967196854,0.0574433454363608,0.07132277539771087,0.06844925056623834
08_001125_001145_s5,08,2,-2,16335,27.3665,27.39195199376512,23.73706041776837,27.90398656815902,0.06119805336230315,0.031933609501008035,0.03164405262734071,1.7276979437304023,0.9553106825834099,16335,0.9783287419651056,0.9852464034282216,0.05037547998684199,0.06810148391594796,0.07887412012940419,0.08188249462372607,0.06158484673255306,0.032510149086249863,0.032180202502122945,1.731723813029206,0.9552494643403734,16335,0.9783287419651056,0.9852464034282216,0.050901599822241454,0.0683113191727247,0.07943807261860324,0.08283814499834621,0.13272614271250915,0.1164914245248901,0.12377295013641154,2.179140291502359,0.9165595347413529,16335,0.9742883379247016,0.9849403122130395,0.12938502690743273,0.13984556342571508,0.11893972777759881,0.06637025137168426,0.07185535139908951,0.048415680306552716,0.04739483246912357,1.832169381095222,0.9544536271808999,16335,0.9782063054790328,0.9851851851851852,0.06351224656796108,0.07574581764397637,0.09187965540453064,0.10260934180235755
08_001125_001145_s5,08,3,-1,16361,27.3665,27.39195199376512,23.73706041776837,27.90398656815902,0.05753974834610462,0.031100621162701344,0.030911183411688192,2.1867457021607626,0.9599046513049324,16361,0.9893038322840902,0.9944379927877269,0.04155361769994767,0.06621438737584412,0.10658893992861905,0.1450038808605459,0.057850904564637755,0.03136208395607669,0.031211275987757414,2.1905583599559324,0.959965772263309,16361,0.9893649532424669,0.9944379927877269,0.04181257180540801,0.06655932193702715,0.10701252371481024,0.1459093467661435,0.13066843143624784,0.12202342204775633,0.12992906440304797,2.439449481872491,0.9179145529001895,16361,0.9835584621966872,0.9955992909968828,0.13088795726527086,0.13295633737108425,0.12328597960728835,0.10410512442299269,0.0671922683853772,0.0433576373050738,0.04269368049758615,2.2820871805127183,0.9602713770551923,16361,0.9894260742008435,0.9944379927877269,0.050305713059724505,0.07699534527685559,0.1162177830223845,0.16412520261930016
08_001125_001145_s5,08,4,0,16263,27.3665,27.39195199376512,23.73706041776837,27.90398656815902,0.07840467350597806,0.050871930292861384,0.04992852125218494,1.9729370929540813,0.970731107421755,16263,0.9924983090450716,0.9955112832810674,0.07157967644180381,0.07432612425362844,0.11419793111126021,0.31034592283834583,0.07906666160860501,0.051671411157195805,0.05058987606416987,1.9813829838684094,0.9704236610711431,16263,0.9924368197749492,0.9954497940109451,0.07228321127473457,0.07486402979787776,0.1150574253038522,0.31112693273831804,0.10262429526949154,0.09460505411661134,0.09918543608367858,1.7964585139989337,0.9582487855869151,16263,0.992375330504827,0.994588944229232,0.11110090554242916,0.09977151874052759,0.07516754756237777,0.1994374383482188,0.09346167596120535,0.06933972348201313,0.06721837476924719,2.1639706791516775,0.9648896267601303,16263,0.991698948533481,0.9954497940109451,0.08732159826655571,0.08714113236490534,0.13310157276880902,0.3268390248997458
08_001150_001170_s5,08,0,-4,18010,27.3665,27.42080811080607,24.88840307644284,27.950065346788342,0.0455293718298736,0.023310980293535545,0.02321514299399352,1.8338070653144511,0.9707384786229872,18010,0.9919489172681843,0.9952803997779012,0.03458583825283755,0.05318222176675505,0.049920668562461794,0.0851929484439044,0.04608132317091613,0.024310816169772913,0.02418235426054638,1.8346701034077275,0.970682953914492,18010,0.9918933925596891,0.9952803997779012,0.03529198806802433,0.05384512887667525,0.04999449481332398,0.08465426213594213,0.09982062252016698,0.0845660244364517,0.08828962826276021,2.322099643758188,0.960577456968351,18010,0.9935591338145475,0.9961687951138256,0.09534038491158854,0.09933851150231979,0.10691211446851892,0.14337989671527845,0.054731020524370934,0.03656171237279843,0.036060514006898026,1.8718580426612696,0.9687951138256524,18010,0.9911160466407551,0.9952248750694059,0.04707680140800849,0.06240440413838523,0.05307083935475276,0.08053215957825771
08_001150_001170_s5,08,1,-3,16517,27.3665,27.42080811080607,24.88840307644284,27.950065346788342,0.06322027802758518,0.02454629683163752,0.024667282003659086,2.0794377676639293,0.9639765090512805,16517,0.9813525458618393,0.9855906036205122,0.06753332351477807,0.05345830479074655,0.07403222503604473,0.06969342701443283,0.06269234307902564,0.02382887426710978,0.02395066703726023,2.073621516086445,0.9642186837803475,16517,0.9813525458618393,0.9855906036205122,0.06695043885274991,0.0531425999071412,0.07318510888569757,0.06892708713925041,0.12686795891622568,0.1040226571058394,0.10978469477221897,2.7359316231090363,0.9330992310952352,16517,0.9808681964037053,0.9851667978446449,0.13049194617642704,0.11417126339240297,0.1457785022610501,0.13574486256396218,0.06272566125859005,0.025114672150171335,0.02501381326536878,2.0410390072407267,0.9648846642852819,16517,0.9813525458618393,0.9855906036205122,0.0674667791804817,0.05535639914020143,0.06780854880491739,0.06271157500783808
08_001150_001170_s5,08,2,-2,17784,27.3665,27.42080811080607,24.88840307644284,27.950065346788342,0.05319613179860606,0.0404282210050082,0.04111424977436795,1.3486568082950396,0.9741902834008097,17784,0.9965137201979307,0.9994376968061178,0.04988873572030684,0.0505829955532283,0.06741393978882856,0.11268162172339652,0.05198790116258725,0.0389903699483853,0.0395558213051006,1.3381258247318468,0.9744714349977508,17784,0.9965137201979307,0.9994376968061178,0.04819681219526607,0.04947714214043123,0.06689212677082924,0.11201050902183672,0.1292999223079919,0.12352031939268565,0.13180286642417538,2.249050450821312,0.9455128205128205,17784,0.9940395861448493,0.999212775528565,0.1309612600284214,0.12868033387686928,0.12683548238005404,0.16637552253314689,0.04326098821482395,0.02823277678654358,0.028366902125188886,1.2691429763527282,0.9763832658569501,17784,0.99685110211426,0.9994376968061178,0.03517870174240652,0.04156408465007662,0.06457266839844512,0.10782114555238918
08_001150_001170_s5,08,3,-1,18098,27.3665,27.42080811080607,24.88840307644284,27.950065346788342,0.05758139197204378,0.045214681301983445,0.04588053987822238,1.3201937875671599,0.9778428555641507,18098,0.993977235053597,0.9993369433086529,0.0525970515460913,0.059268696340168694,0.06499077695158997,0.14134965724660842,0.056615879676537396,0.04371940149042516,0.04449669748699403,1.3146923387004765,0.9780638744612664,18098,0.993977235053597,0.9993369433086529,0.05129029576203758,0.058349497663505556,0.06481836744707854,0.14222550421607733,0.12612493068811295,0.12450888360144498,0.13286093133759214,2.055624391963001,0.9398276052602498,18098,0.9914355177367665,0.9987843960658637,0.1285817226768758,0.12863687811914346,0.11094898525240023,0.12749812827904736,0.049937120005931306,0.033405871058798074,0.033608718560557804,1.2949063793233577,0.9793347331196818,18098,0.9943087633992707,0.9993921980329318,0.040130304098742804,0.053240017201752116,0.06557595646006711,0.15076103121792495
08_001150_001170_s5,08,4,0,18194,27.3665,27.42080811080607,24.88840307644284,27.950065346788342,0.055965628966839695,0.040159397604773245,0.039529699816441166,1.3032251822524081,0.9832911948994174,18194,0.9982961415851379,1.0,0.03323236669329892,0.06878412361252713,0.07679469812967629,nan,0.057103412212419095,0.04151802583384145,0.040882217777218566,1.31640210911111,0.9834560844234363,18194,0.9984060679344839,1.0,0.03436639030307081,0.06997213868083951,0.07773934917817127,nan,0.07433274194665147,0.06658696705437223,0.06867420816030012,1.3839943187845627,0.9688908431350994,18194,0.9969220622183137,1.0,0.07586977254733757,0.07404777791255157,0.07094445737731687,nan,0.07038646609829652,0.05775853290780496,0.05637223393382129,1.4688485454364588,0.9829064526767066,18194,0.998241178410465,1.0,0.04842418214905701,0.08312302669594758,0.08905743103040142,nan
08_001175_001195_s5,08,0,-4,18255,27.3665,25.892139761507686,21.731865360855487,25.00321938344947,0.11360375284568926,0.10235444594359328,0.09763482361530462,1.9090574745565088,0.9611613256642015,18255,0.996932347302109,0.9992878663379896,0.11522911736396475,0.11314566113310237,0.10778282133197707,0.1897960569052728,0.06678790752367009,0.047295390176760536,0.04635066062101423,1.4153987342900416,0.9577102163790743,18255,0.9971514653519584,0.9994522048753766,0.06356860137501849,0.06900048655870174,0.06987390046608795,0.17061966850620278,0.13613101187933652,0.12731337771926945,0.13614022155594263,2.106738418651402,0.8994248151191454,18255,0.983675705286223,0.999671322925226,0.13419900769511692,0.1373561255345193,0.1384296798994556,0.1957598649971277,0.04851789520223424,0.022698677179174346,0.02266652505084865,1.283393499478912,0.9555190358805806,18255,0.9973158038893454,0.9997808819501507,0.041498607758442954,0.05187934088890089,0.06256117055405726,0.16064221017408975
08_001175_001195_s5,08,1,-3,17882,27.3665,25.892139761507686,21.731865360855487,25.00321938344947,0.10555812647764305,0.0933642556806786,0.08939012106334765,1.8089660230009525,0.9698579577228498,17882,0.9937367184878649,0.9989374790291914,0.09130179444914005,0.1164065533432364,0.13958277956263998,0.17447358442330366,0.057713812466386245,0.04009843790003506,0.03946051255114891,1.3574600791815024,0.9799239458673527,17882,0.9944637065205234,0.9992730119673414,0.041679716731593174,0.06792764281224468,0.10722496205100897,0.12628143431289976,0.1362727540935019,0.1336662652760766,0.14344677537772688,1.9759355804630891,0.9194161726876189,17882,0.9941840957387317,0.9980986466838161,0.14308990426101934,0.12621485625127105,0.14650287454962793,0.14573020571348,0.04379898086785642,0.023730880359713935,0.02375339014095279,1.2357233748081244,0.9766804607985684,17882,0.9950788502404653,0.9992730119673414,0.03230083875846819,0.04843037029094784,0.09420022821553564,0.10155266590272614
08_001175_001195_s5,08,2,-2,16041,27.3665,25.892139761507686,21.731865360855487,25.00321938344947,0.12516873661384365,0.09574878562176153,0.09181250895114568,1.9434195218474433,0.9339816719655882,16041,0.9650894582632006,0.9867215260893959,0.1417698591279795,0.10552919453028545,0.11012845187407717,nan,0.08490153307262395,0.04490216338865876,0.044136909870671426,1.6693836049708253,0.9379091079109781,16041,0.9666479645907362,0.9894021569727574,0.08810343910624445,0.08279828515960454,0.07440865897741109,nan,0.16013409207900714,0.1351408705772618,0.1451076353069296,2.307806283051388,0.8331151424474783,16041,0.9749392182532262,0.9900255595037716,0.15640718965594375,0.1680173565856676,0.14785776495414799,nan,0.07344647368334366,0.02901797564809931,0.028999463171132334,1.633350900010975,0.9327348669035597,16041,0.9683934916775762,0.9894644972258587,0.0671522438177553,0.0831848062154007,0.06904246211763783,nan
08_001175_001195_s5,08,3,-1,16140,27.3665,25.892139761507686,21.731865360855487,25.00321938344947,0.13492123810223097,0.10413406335960894,0.0995407125946326,1.7280156680757266,0.9177819083023544,16140,0.9731102850061958,0.979368029739777,0.16834224738077758,0.09191247906609214,0.0985820545904796,0.12443137803319167,0.0938595825108077,0.053106269552771035,0.052133401537596824,1.4352086801754855,0.9372986369268897,16140,0.973172242874845,0.9824659231722429,0.11746677352310492,0.06277137138732557,0.07352896757109652,0.09110675622795289,0.15412577885338433,0.12884158245214325,0.1378104529448052,2.158215197273934,0.8403965303593557,16140,0.9678438661710037,0.9923791821561339,0.14747676911178204,0.16118313498366219,0.172492500683192,0.16909121180206593,0.08075437402285882,0.03601761521430198,0.03579482498952524,1.4030112535101422,0.9359975216852541,16140,0.9729863692688971,0.985997521685254,0.09507030690392261,0.06103351016844311,0.0751136118676792,0.08190166903534796
08_001175_001195_s5,08,4,0,15608,27.3665,25.892139761507686,21.731865360855487,25.00321938344947,0.1336188196218421,0.12257058617508314,0.11578018343517305,1.7152155047352067,0.9586750384418247,15608,0.9871219887237315,0.9917990773962071,0.14333126027933543,0.12189189505343466,0.12277259693611944,0.19243449622197098,0.08302710982145832,0.0651053756764125,0.06329079886318256,1.2943574728662146,0.9629036391594055,15608,0.9863531522296258,0.9914787288569964,0.09238224952821916,0.07073909149498021,0.0850920302625512,0.14727267264417312,0.13024357531725703,0.11114454786070829,0.11773181468706861,1.7652465151934917,0.9220912352639672,15608,0.982060481804203,0.9890440799589953,0.1344512549916557,0.12288262307509161,0.15427721529453858,0.1734191093293479,0.06004246154511768,0.03519593433049364,0.03478770437647083,1.1666663612034462,0.964185033316248,15608,0.9858405945668888,0.9915427985648385,0.06804722830146616,0.04875460143086606,0.07129015080379748,0.12475228676039937
08_001200_001220_s5,08,0,-4,16081,27.3665,23.13008687554615,19.29883249766791,22.64178942828334,0.1690482014779285,0.16672723317865418,0.1545886419435627,2.434998105638655,0.9373795161992413,16081,0.9919159256265158,0.9983209999378149,0.16129525644641618,0.17978366968332007,0.20029588057411019,0.29033865706748907,0.055184297638766436,0.037218886360970004,0.03717816310926647,1.4924504239988496,0.9609477022573223,16081,0.9937814812511659,0.9968285554380947,0.04872456700735602,0.06308114441637117,0.08484015069699838,0.17837570964982008,0.18606913701690816,0.17873889021416547,0.19689948086063813,2.5312042378283603,0.6919345811827623,16081,0.9774889621292209,0.9960201480007462,0.18533733524930546,0.1869417897779673,0.1849633359462062,0.27244439832266926,0.06074142439074927,0.04104885390597962,0.04168589530945743,1.5370659472154038,0.9555375909458367,16081,0.9932218145637709,0.9968285554380947,0.055377016360405165,0.06799098869450058,0.08112472929905022,0.1778152762798675
08_001200_001220_s5,08,1,-3,13739,27.3665,23.13008687554615,19.29883249766791,22.64178942828334,0.20810968196833932,0.20452418981481468,0.18644336871578648,2.985586580076214,0.822257806244996,13739,0.9815124827134435,0.9895916733386709,0.21063788964134295,0.20967038973681623,0.17675862368563955,0.28211417577006254,0.06528845818764933,0.03695009726868298,0.03677670506120867,1.741258570022633,0.954290705291506,13739,0.9836960477472887,0.9960695829390785,0.0549767891583962,0.07949156443280207,0.07994238477586298,0.16104064575878246,0.1688749406713742,0.15278223848931072,0.16566082885949096,2.552990702327665,0.7985297328772109,13739,0.9775092801513938,0.9939588034063614,0.163227665666964,0.1731018913322336,0.19440223859532924,0.20270263178592068,0.06198485755824872,0.032079163542843285,0.03212751968367722,1.7352937212975377,0.953053351772327,13739,0.9825314797292379,0.9959967974379503,0.051667195743423225,0.07560062267768108,0.07985478141364707,0.14801216378041687
08_001200_001220_s5,08,2,-2,14242,27.3665,23.13008687554615,19.29883249766791,22.64178942828334,0.26997204671308617,0.25491951302586024,0.22801920473839044,3.562804629610748,0.4636287038337312,14242,0.9509900294902401,0.9842016570706361,0.28154005454535125,0.2608639228336623,0.22804762998286965,0.33675538035813274,0.1103154094807375,0.07118801594075602,0.06971899680621851,2.072455696640942,0.910827131020924,14242,0.9647521415531527,0.9865187473669429,0.11161480239421541,0.11098003110706416,0.0965044536725702,0.18320209712305144,0.15371137611706914,0.12197078571535298,0.12965742760065646,2.4934335541676997,0.7973599213593596,14242,0.9613116135374246,0.9877123999438281,0.15449896024644239,0.14674338863804778,0.17833452528141655,0.18002231795908996,0.09899829025823213,0.0583029590665224,0.05755987081468317,2.0093341865458205,0.914337873894116,14242,0.9674203061367785,0.9872208959415812,0.09967097292014697,0.09921710501162245,0.0916753155851597,0.16550323867374
08_001200_001220_s5,08,3,-1,13181,27.3665,23.13008687554615,19.29883249766791,22.64178942828334,0.29435748213538376,0.2648662804878047,0.23518598703778748,3.8392542836897086,0.3770578863515667,13181,0.9423412487671649,0.9735224944996586,0.3469505543976958,0.2398307725890264,0.2529567629842422,0.38997779172678443,0.12514030436826443,0.07465557606535336,0.07225011983488994,2.4622661349716193,0.8931037098854412,13181,0.9564524694636218,0.9790607692891283,0.15028494844544796,0.09392427430331927,0.12269666888568524,0.24557225357538043,0.1543578732815543,0.11325094366264597,0.12000508166480994,2.8959190985095753,0.8487216447917457,13181,0.9462863212199378,0.9776951672862454,0.15194408656904024,0.14886084127282567,0.18384995354929834,0.24093519705039362,0.11043073370342735,0.055151351997670045,0.05392423832312199,2.412833087015064,0.8930278431075033,13181,0.9574387375768151,0.9814126394052045,0.13075897386917287,0.08295785892330591,0.1162751164800136,0.2289277825149634
08_001200_001220_s5,08,4,0,15223,27.3665,23.13008687554615,19.29883249766791,22.64178942828334,0.26304019469427004,0.2564642343120321,0.22872718644860113,3.374189223364711,0.44242264993759445,15223,0.9605859554621297,0.9904749392366813,0.2862950072690821,0.23594133272999038,0.24392513941399602,0.3333006433732871,0.10922079116152708,0.07108628203804956,0.0690985959334185,1.9755661821706716,0.8956184720488735,15223,0.960783025684819,0.9831176509229456,0.1096207994419191,0.10982963866739123,0.10218490408717343,0.12690185856597325,0.15003698203215415,0.11840039001981303,0.12582371072942822,2.5161433469137826,0.8181041844577285,15223,0.9418642843066413,0.9691913551862313,0.12053179475064654,0.18814230449318536,0.15239400173644285,0.05975752158683336,0.09660842318228627,0.05352995386658468,0.05244845232005302,1.930476072012764,0.9027130000656901,15223,0.9612428562044275,0.9827892005517966,0.09268074694652331,0.10194830755791336,0.09492363874443976,0.1031119219429838
08_001225_001245_s5,08,0,-4,17539,27.3665,21.4838906411104,16.917594747340424,20.59934236938148,0.35429278832779904,0.33613512882748303,0.2898924939725944,4.769634009204088,0.136723872512686,17539,0.944010490905981,0.984719767375563,0.39636453008775924,0.30828188956733493,0.3745307291827441,0.48174064192241917,0.09065018847770204,0.05640806965821331,0.0550962710246885,1.9702211987888525,0.9292434004219169,17539,0.9792462512115856,0.987627572837676,0.10703919281715983,0.06957568946531763,0.11311136251650022,0.300437065285626,0.18789323178431652,0.17574019202255123,0.19316875303411662,2.797399028783543,0.7376703346827072,17539,0.9636239238269001,0.9927589942414049,0.1782433557467076,0.2010135920979422,0.16176088918032552,0.28146104098465524,0.06976139033801665,0.029289801097305137,0.029179112306048527,1.8376263192206284,0.9320371742972804,17539,0.98061463025258,0.9881977307714237,0.07498566344238518,0.06036327169632417,0.08930868775450745,0.2731750535509867
08_001225_001245_s5,08,1,-3,17428,27.3665,21.4838906411104,16.917594747340424,20.59934236938148,0.34966947622736005,0.3463334024682604,0.2974032681266845,4.623865494132688,0.09806059215056231,17428,0.9748680284599495,0.9911636447096626,0.35277726339421356,0.3426844481304443,0.37357634399104633,0.4940623597145176,0.07562259025100147,0.0602027862006453,0.05861540697252121,1.7780619003131057,0.9697039247188433,17428,0.9888684874913931,0.9970162956162497,0.06807369342399598,0.07879563247051317,0.09721501640176694,0.3735299635955032,0.1757029507260608,0.1684207143483002,0.18431012532036206,2.466660292351797,0.8046247417948129,17428,0.9885815928391095,0.9956965802157448,0.17349129622543447,0.1795498107966988,0.1584693883903089,0.3893540755030454,0.04981717329071343,0.026657860591495757,0.02642119983035507,1.6009148343150208,0.9724581133807666,17428,0.9897865503787009,0.9969015377553362,0.038981589907379016,0.055721401172481075,0.07450706346156075,0.35540591078664135
08_001225_001245_s5,08,2,-2,16342,27.3665,21.4838906411104,16.917594747340424,20.59934236938148,0.35537517595021506,0.3429506487777667,0.29486916986312617,4.505787914775648,0.09613266430057521,16342,0.9751560396524294,0.9906376208542406,0.35181043573694726,0.36417570683650985,0.33799056700403585,nan,0.08068121167161195,0.05801705879571878,0.05661329354133482,1.8769241335911648,0.9687308774935748,16342,0.9895361644841513,0.9936972218822665,0.0700170899688259,0.09828264009770778,0.09073899375670307,nan,0.17555858722991557,0.17062420104149528,0.1869886858307348,2.428475411966568,0.8094480479745442,16342,0.9824990821196916,0.9955329824990821,0.17907696188898392,0.16659888171476253,0.18261983720996144,nan,0.05447801517472012,0.028388835312974592,0.02823850987490939,1.7122342818130514,0.9673234610206829,16342,0.989964508628075,0.9938196059233876,0.04294544477876922,0.07202867135284974,0.07588169664031638,nan
08_001225_001245_s5,08,3,-1,14826,27.3665,21.4838906411104,16.917594747340424,20.59934236938148,0.3603486469807108,0.35296439342996155,0.3023581479888806,4.588376398816081,0.13435855928773777,14826,0.9608795359503575,0.9855658977472008,0.35872131503343685,0.35926821510578905,0.39122521548892947,0.5462915853611104,0.09643445428472217,0.07162263688919412,0.06954414009255738,2.321028468287044,0.9488736004316741,14826,0.9811142587346553,0.9911641710508566,0.08285425382092597,0.10850316479991669,0.15383738446164968,0.6438191963512516,0.17578088121329657,0.1655513791610899,0.18073144798304064,2.8207208157625603,0.745649534601376,14826,0.9709294482665588,0.9870497774180493,0.17208434586972823,0.17808833861481463,0.1784675875774586,0.7195236843469559,0.07410971756282238,0.045447564068965676,0.04513777969490751,2.208954035284374,0.946917577229192,14826,0.9801025225954404,0.9909618238230137,0.057905649848674565,0.08978441598195727,0.13101753432200974,0.6584840966504384
08_001225_001245_s5,08,4,0,14752,27.3665,21.4838906411104,16.917594747340424,20.59934236938148,0.40515030684501135,0.38455150889230816,0.3253932811205631,4.826657007314628,0.0880558568329718,14752,0.9388557483731019,0.9883405639913232,0.41444006607858963,0.3861151233495363,0.4482043968344976,0.602851936311713,0.12086656649288938,0.09114700087302946,0.08758266983393481,2.599347187145206,0.9543790672451193,14752,0.9852223427331888,0.990306399132321,0.12201280073806442,0.11104073039049614,0.17474735414552667,0.6882215274657735,0.15413740289128885,0.14579726159208115,0.15750594867882017,2.844553111796196,0.8358866594360087,14752,0.982646420824295,0.9909842733188721,0.15585526882932685,0.14810649699306708,0.13242470115203736,0.7544885171224166,0.08889563992504852,0.05554213127675777,0.05469640360163719,2.4592150853105497,0.9628524945770065,14752,0.9862391540130152,0.990306399132321,0.08515365372309157,0.08698988265072403,0.13414413935171607,0.7010582670326149
08_001250_001270_s5,08,0,-4,14837,27.3665,24.39198020789827,20.398485266644016,23.142362681455488,0.2212903293824195,0.20383138456937802,0.18566451111884064,3.872832971784725,0.7384242097459055,14837,0.9702096111073667,0.9792410864730067,0.2231520848112432,0.19531620171772995,0.31398647254396433,0.3797896750701954,0.1021684659122243,0.07592203685761918,0.07346093414820176,3.252686792121688,0.9516074678169442,14837,0.9718271887847948,0.979106288333221,0.09642586513714294,0.09306000431717554,0.19894143518932134,0.3066505509798096,0.12511467174640384,0.10744508086482188,0.1135522045696793,3.3910428657927696,0.9279503942845588,14837,0.970074812967581,0.9794432836826852,0.11560296401293516,0.13694228219902857,0.15013733005542093,0.31861030284159514,0.07008368295399867,0.03767310960279315,0.03763987511898925,3.1659631267854604,0.9534946417739435,14837,0.9716249915751163,0.9784322976342926,0.06160187588422103,0.07015489653817009,0.15123759119709415,0.27917291651228
08_001250_001270_s5,08,1,-3,13541,27.3665,24.39198020789827,20.398485266644016,23.142362681455488,0.2534934405006387,0.21801657196969687,0.19737683240186188,3.9640870395626115,0.7557048962410458,13541,0.966693744922827,0.9731186766117716,0.27578394029221626,0.16294745172450117,0.3231711389791696,0.27521304089310267,0.13463577261029028,0.08872490802246115,0.08530350489595873,3.167649811619428,0.9432095118528913,13541,0.9685399896610295,0.9736356251384684,0.14308522777412241,0.08507680938310667,0.20484630486124789,0.1754377096809849,0.13778229847888984,0.09502202036161403,0.09976903251403524,3.2111129487524974,0.8990473377150875,13541,0.9639613027102872,0.9752603205080865,0.12838170665660717,0.1581376409170211,0.15798021207685367,0.18280138308913665,0.09595286471418815,0.0422833779957936,0.041589287346258885,3.024393078810115,0.938630824902149,13541,0.9683184402924452,0.9739310242965807,0.09436645768704621,0.07909343249814263,0.15818391498947157,0.14227643503198661
08_001250_001270_s5,08,2,-2,14173,27.3665,24.39198020789827,20.398485266644016,23.142362681455488,0.20623871275541972,0.19318498215196314,0.17692362747291512,4.052601933691019,0.834332886474282,14173,0.9702250758484442,0.9844775276935017,0.20592967837997103,0.1839600263403272,0.2519476679152961,0.23930997504502963,0.10231007541457308,0.07369971471778776,0.07153383067829822,3.0716108760865772,0.9391095745431454,14173,0.9729062301559303,0.9838425174627814,0.09357586121696251,0.11739720464792822,0.12558894982315152,0.12864972316239504,0.14557544078506027,0.1162042730692583,0.12334878780348468,3.1519839513306414,0.8588866153954703,14173,0.9685317152331898,0.9797502293092499,0.1369061069511955,0.18808708059809587,0.10930640139183259,0.1957762455427626,0.07816598528963432,0.03573488827268805,0.0356708771298031,2.8937035572038297,0.9367812036971707,14173,0.9720595498483031,0.9828547237705496,0.0691492457254469,0.10488758461369395,0.07855806501692844,0.11032334863832126
08_001250_001270_s5,08,3,-1,13590,27.3665,24.39198020789827,20.398485266644016,23.142362681455488,0.19396607509347322,0.17525655843352908,0.16179125800897431,4.588572221121762,0.8454010301692421,13590,0.9651949963208242,0.9824871228844739,0.17488391292619002,0.19873572200013043,0.23714015453716603,0.22783952207570304,0.09818371062703198,0.058356920192174165,0.05694011063254467,3.526409313906584,0.9060338484179544,13590,0.963355408388521,0.9793230316409124,0.09078183646012834,0.09772887268067686,0.11698322701821903,0.13108123965053886,0.16041145942894916,0.129571251393679,0.13862801927177348,3.876910400198821,0.8345842531272994,13590,0.9455481972038263,0.9711552612214864,0.1651387652305086,0.16558854123890193,0.13743193978593007,0.23408912381400757,0.08185677161467617,0.032328502157154146,0.03254091435917217,3.3914415019278223,0.8986019131714496,13590,0.9574687270051508,0.9766740250183958,0.08212279648023883,0.08047320829294856,0.08037527010500474,0.13500779690644688
08_001250_001270_s5,08,4,0,14348,27.3665,24.39198020789827,20.398485266644016,23.142362681455488,0.2035222675681299,0.17573342420378524,0.16201421500907265,4.40107277870615,0.8086144410370784,14348,0.9753972679119041,0.992054641761918,0.20633189632827903,0.19641684893095748,0.20182824426387316,0.42771509246850636,0.08507525420497886,0.05389458297564865,0.05279829787188872,2.9436452979160985,0.9471703373292445,14348,0.9845274602732088,0.992960691385559,0.0882083566201334,0.0756330469430996,0.08374611806441618,0.38525175532367817,0.1292038823039103,0.1278712253563066,0.1364850040302048,3.3342819377580692,0.927516030108726,14348,0.9875243936437134,0.9916364650125453,0.13004933223195403,0.13716655337732306,0.11470727749305237,0.46433176735900855,0.06438118877073942,0.035454570972192206,0.03570447605844107,2.7128243221820068,0.9583914134374129,14348,0.9870365207694453,0.9928909952606635,0.0711933697142699,0.06039208210300446,0.05158090512305337,0.39398868071403553
08_001275_001295_s5,08,0,-4,17765,27.3665,27.945995898842348,24.767160018844216,28.965911157797507,0.061228515899823276,0.04890651953323194,0.049977650658571626,2.2628032508737634,0.9826625386996904,17765,0.9904869124683366,0.9926259499014917,0.08078013187159973,0.049722528874332074,0.04828901400473724,0.12419852399937352,0.04977858652042221,0.03408597790415536,0.03447261460387452,2.224129810337493,0.9816493104418801,17765,0.9902054601745004,0.9923444976076555,0.06392460253691337,0.038661838504612356,0.041202856822564624,0.12725398498877505,0.14060360619608325,0.13639548643212404,0.14654391776472586,3.1244705709849323,0.955474247115114,17765,0.9900365887981987,0.993188854489164,0.16300256249708056,0.13019673581869895,0.1260134684778872,0.1622230943399769,0.04661014609370173,0.02394076342887184,0.023897703735638487,2.3246765126707,0.9799043062200957,17765,0.9902617506332677,0.992231916690121,0.04028972300033593,0.04341474192660245,0.0503845363283764,0.14893342627826223
08_001275_001295_s5,08,1,-3,17981,27.3665,27.945995898842348,24.767160018844216,28.965911157797507,0.07349978380299248,0.06659032334885691,0.0688699857792825,2.2635925054612134,0.9814804515877871,17981,0.9875424058728658,0.9888215338412769,0.08206696404060829,0.06151581040880922,0.0754319296971904,0.08536846378208936,0.05863666989242106,0.04779024877386856,0.048883815163830224,2.1639115115609497,0.980201323619376,17981,0.987598020132362,0.9890439908792614,0.06400571826954891,0.0477755036154298,0.06303650145811898,0.07570434632688437,0.15591495161510327,0.15379538739893492,0.16698618620741223,3.195754913077541,0.9615705466881709,17981,0.9865969634614316,0.9884878482843001,0.16701720894845684,0.14562410499561332,0.15385510778605632,0.14874483060036264,0.043150644968602284,0.026824025580785168,0.026929172189445794,2.125937535740961,0.9788109671319727,17981,0.9877648629108503,0.9890996051387576,0.0363965411060041,0.03560453468704476,0.05815567681021865,0.07632888404053606
08_001275_001295_s5,08,2,-2,18231,27.3665,27.945995898842348,24.767160018844216,28.965911157797507,0.053006915198199944,0.0497743055555556,0.05098307772620814,1.4589208457674343,0.990565520267676,18231,0.9974219735615161,0.9981350447040754,0.060459181259512954,0.042666740159898776,0.057413013128899563,0.08114712469030505,0.040243379539998195,0.033511720399517476,0.03385549947632738,1.3550700150787818,0.9905106686413252,18231,0.9974768251878668,0.9981350447040754,0.04128311562670791,0.03431038827434867,0.04622209777483435,0.0714755290951298,0.13587756759190475,0.1385451783782075,0.14904497512910764,2.5339656199666356,0.9835445120947837,18231,0.9962152377818002,0.9981350447040754,0.14815205149324065,0.12474085472541957,0.13588075155041904,0.14938135034109662,0.03373440764760362,0.01989996220863362,0.01989086784811267,1.3822192560001239,0.9871098678075805,18231,0.9976413800669189,0.9981350447040754,0.017291855238717332,0.039993196580282823,0.04399015203202043,0.06949516122464007
08_001275_001295_s5,08,3,-1,17969,27.3665,27.945995898842348,24.767160018844216,28.965911157797507,0.051421595597997645,0.04583357023411371,0.046820128110180104,1.6145201835530536,0.9864767098892537,17969,0.9945461628359953,0.9970504758194668,0.06028894200722123,0.03680603215756936,0.07035530799594528,0.11437682717298345,0.040380732235733637,0.031848275563295274,0.03206767469013716,1.5284310290923417,0.9863654070899883,17969,0.9951026768323223,0.9970504758194668,0.04352100776635071,0.02966028207956726,0.05930146351967894,0.11553656700770717,0.13379659803308658,0.1347122731646705,0.14467398152845234,2.5597623435316206,0.9824141577160665,17969,0.9933774834437086,0.9967722188213034,0.1476486019767178,0.11813657206477561,0.1467083597476615,0.17703680593298438,0.03799246625370025,0.024549742188579315,0.024475963303725035,1.5489519762968893,0.9856419388947633,17969,0.9956591908286493,0.9972174300183649,0.023415141920784917,0.0408085387336041,0.054582955841292566,0.1216218763558259
08_001275_001295_s5,08,4,0,17339,27.3665,27.945995898842348,24.767160018844216,28.965911157797507,0.050749553727903664,0.04303248079608944,0.04382073839104805,1.3906913594381063,0.9912913086106465,17339,0.9965395928254225,0.9972893477132476,0.05085298483870942,0.044320845542480836,0.0675650003957888,0.05643986668823792,0.03976595203370919,0.0293438924466581,0.029513394885040345,1.3034841585874435,0.9909452678931888,17339,0.9965395928254225,0.9972893477132476,0.038197888858467706,0.03479945710558023,0.05416269165302289,0.058537562673062,0.1322084850152747,0.13181216720592717,0.14131118292692957,2.4318590191768776,0.9809677605398235,17339,0.9964242459196032,0.9975777149777957,0.13717291204411647,0.12527112322243197,0.14417176793123546,0.11491560108816089,0.039786383976711165,0.02806959343907603,0.027960252639488647,1.364996659239046,0.9886383297768038,17339,0.9963665724666936,0.997231674260338,0.032850285054543196,0.04047202716516823,0.047262335116783766,0.06848696075642872
08_001300_001320_s5,08,0,-4,17659,27.3665,25.352206258969613,21.210326202156008,25.298250860567205,0.11813513606356665,0.09739034919416732,0.09295829830109792,2.5526303992573194,0.9553202333087943,17659,0.996658927459086,0.9976216093776544,0.09649609810730798,0.12198545510352382,0.15097219842520357,0.055197054509105524,0.04931561539991145,0.027068300929660196,0.027092234990631958,1.6729747631440774,0.9828982388583725,17659,0.9967721841553882,0.9978481227702588,0.021198463820385482,0.0542982256513319,0.08587852443606069,0.05469784534254447,0.14035702246098217,0.1499732458359128,0.16235170728517234,2.5409369332327993,0.9593974743756725,17659,0.9967155558072371,0.9976782377258056,0.15019434417105842,0.13695012972977233,0.12828076668992391,0.19569058778222057,0.04845712001442331,0.026990351516646072,0.026966725479768083,1.6579312098370327,0.9833512656435812,17659,0.9967155558072371,0.9978481227702588,0.020056915097646864,0.053566473792300937,0.08502110434681621,0.05598391162213204
08_001300_001320_s5,08,1,-3,17541,27.3665,25.352206258969613,21.210326202156008,25.298250860567205,0.1329166416330853,0.11152716412742372,0.10573489328445795,2.647724512301265,0.9327290348326778,17541,0.9940140242859586,0.9988028048571918,0.10751736083868033,0.14633216402193036,0.14233384279216646,nan,0.06049772875602472,0.036196102969909216,0.03586356811539604,1.75446254684606,0.9753719856336582,17541,0.9950972008437375,0.9990878513197651,0.03182084163516547,0.07247137374810164,0.08215722799418895,nan,0.13199458717352178,0.14009541053574243,0.1507497921241172,2.27909541164866,0.961518727552591,17541,0.9961803774015164,0.9977766375919275,0.1416218918042376,0.12527394918903884,0.13404165386756756,nan,0.059445038283587735,0.03492844429593118,0.03464260645989059,1.737082610593163,0.975600022803717,17541,0.9950972008437375,0.9990878513197651,0.03089109471147455,0.07126564119954919,0.08137139078717277,nan
08_001300_001320_s5,08,2,-2,17441,27.3665,25.352206258969613,21.210326202156008,25.298250860567205,0.13643801994286084,0.12476653275648943,0.11758001550800845,2.8051310851116336,0.9456453185023794,17441,0.9926036351126656,0.9986812682759016,0.10468115546326229,0.14429612314710244,0.179275500988046,0.04498634223316889,0.06448750499424934,0.04479720693841074,0.043931820486177386,1.8868998390471547,0.9732813485465283,17441,0.9960438048277048,0.9988532767616536,0.037206052352302336,0.06903639068240847,0.10925314621346342,0.04516174049868332,0.13058052295877354,0.1313095754278565,0.14029360205528763,2.1702557189725296,0.9752307780517172,17441,0.9950690900751104,0.9984519236282323,0.1438200845285145,0.1253058286232638,0.1201620405009002,0.20115706114703516,0.0635557834830877,0.042966116332565134,0.04238653032270667,1.867830057345788,0.9734533570322803,17441,0.9960438048277048,0.9988532767616536,0.03687891381045875,0.06779486892367924,0.10811589818528179,0.04719385865735556
08_001300_001320_s5,08,3,-1,17152,27.3665,25.352206258969613,21.210326202156008,25.298250860567205,0.1640516038738265,0.1621354046062397,0.1506186845713271,3.4177210453268896,0.9099230410447762,17152,0.9841417910447762,0.9964435634328358,0.11676549257146039,0.17688106759097932,0.18551233684692786,nan,0.09505472535701157,0.0805412866224001,0.07796340490582432,2.474873643273546,0.9542910447761194,17152,0.9907299440298507,0.9965018656716418,0.05765258793650874,0.10070464673778265,0.1263807310851612,nan,0.1198099100771241,0.10414383231716617,0.10961025929061075,2.4633121681735126,0.9293376865671642,17152,0.9918959888059702,0.9970265858208955,0.13445415421218979,0.11025808402304309,0.12965481518778302,nan,0.09382689696821768,0.07855350443554629,0.0763398188709088,2.4547765753702957,0.9551072761194029,17152,0.9906716417910447,0.9965601679104478,0.057382241843761554,0.09908104337248966,0.12513847798263183,nan
08_001300_001320_s5,08,4,0,16661,27.3665,25.352206258969613,21.210326202156008,25.298250860567205,0.1882180356889696,0.18452014925373128,0.16938420711079827,3.2661189020230426,0.8887821859432207,16661,0.9798931636756497,0.9955584898865615,0.15623844573395707,0.2214668848162884,0.200078604123255,nan,0.10731328404668354,0.09783218383794186,0.09347391484847023,2.2487673724676154,0.9534241642158334,16661,0.9883560410539584,0.9957385511073765,0.079777080670491,0.13527431090461683,0.11975719798811796,nan,0.10341178446523462,0.08735386719611404,0.0911200881234504,1.7990530582308997,0.959546245723546,16661,0.9902766940759858,0.9947782245963628,0.11703409247435656,0.08974009103091765,0.09671873691217785,nan,0.10540766468979838,0.0955696449933734,0.09139593923025924,2.224677990025196,0.9539643478782787,16661,0.9884760818678351,0.9957385511073765,0.07816128643125345,0.13304988640178012,0.11780245949905094,nan
08_001325_001345_s5,08,0,-4,17820,27.3665,22.490788178770778,20.1408438014827,23.00647189246972,0.20464356529448244,0.21526216833746023,0.19516046079171678,3.3479895702129614,0.7195286195286196,17820,0.9890011223344557,0.9969135802469136,0.22239476198562264,0.18801856475017084,0.21055626574875808,nan,0.05671277453295574,0.03621071374879688,0.036027898092669375,1.3691545165224117,0.9818181818181818,17820,0.9939955106621773,0.9969135802469136,0.038122683273080625,0.06798149914647532,0.06886594225520166,nan,0.12306574112245411,0.10741478482085684,0.11353886459831486,2.1188586223935553,0.8448372615039281,17820,0.9932659932659933,0.9964646464646465,0.10947213599345729,0.1357641963618455,0.11801583206949451,nan,0.0609562129413233,0.04751727046624983,0.04679984591166586,1.385590763538773,0.9822671156004489,17820,0.9938271604938271,0.9970819304152637,0.04391992997264541,0.0712752218884371,0.07209058250886066,nan
08_001325_001345_s5,08,1,-3,17511,27.3665,22.490788178770778,20.1408438014827,23.00647189246972,0.19078864411358945,0.2045114436619718,0.18607404378479453,3.3487022749801367,0.8193706812860487,17511,0.9971446519330707,1.0,0.21203057754359744,0.1742077830004507,0.2004703700635007,nan,0.055457422802660986,0.031615273160678664,0.03172828098803526,1.485114450596055,0.9841242647478727,17511,0.9994860373479527,0.9998857860773228,0.03341476580178008,0.0662162060749122,0.06369295924356122,nan,0.1279279606179606,0.11383922804848229,0.1208218364446152,2.3745925788401556,0.8377020158757352,17511,0.9982867911598424,0.9996002512706299,0.1090948472757275,0.14156914387615496,0.12139538695311902,nan,0.056997688943839046,0.03770532094447514,0.0372780826250505,1.4590491563229262,0.9893781051910228,17511,0.9993718234252755,1.0,0.039527627887394404,0.06400845216742157,0.06793479566849606,nan
08_001325_001345_s5,08,2,-2,17362,27.3665,22.490788178770778,20.1408438014827,23.00647189246972,0.2038297166059799,0.21013524004652728,0.19076175182852517,3.4111629441129887,0.7955304688399953,17362,0.9956226241216449,0.9995968206427831,0.2251731752649075,0.1842557450647065,0.21152505493865245,0.3300422934494939,0.05079723894855769,0.028839452446322387,0.028917233523820807,1.3537774646679943,0.9797834350881235,17362,0.9989632530814422,0.999884805897938,0.031323111667337596,0.0600570525819536,0.06520639216392271,0.1146728614564983,0.1207444937682073,0.10999119073659355,0.11645983076261457,2.1117007092219846,0.8763967284875014,17362,0.9960834005298929,0.999884805897938,0.10198764347410365,0.13783848078621708,0.11387874242057065,0.04577244728799693,0.05405017888159061,0.03525729045191581,0.03482610720680612,1.3769980554017665,0.9822601082824559,17362,0.9990208501324732,0.999884805897938,0.038818440383748994,0.059256312070477414,0.07049389518591793,0.1374515884566883
08_001325_001345_s5,08,3,-1,17109,27.3665,22.490788178770778,20.1408438014827,23.00647189246972,0.2177264062355553,0.2195795537451361,0.19863793287901754,3.5566616540894618,0.7155882868665615,17109,0.993103045180899,0.9977204979835175,0.21894405150347976,0.20733265897956119,0.24460801566781132,nan,0.05371052060624131,0.030870540433402,0.030937369085937583,1.5555472985581107,0.9701326787071132,17109,0.9943304693436203,0.9991817172248524,0.025869306663786666,0.06885522599057686,0.08085963537295177,nan,0.11476457202158953,0.10347193870724244,0.10916176938961031,2.0913620570709464,0.8920451224501724,17109,0.9931614939505523,0.9987725758372786,0.10542169996505578,0.12848919344400778,0.09877415765943924,nan,0.060064027151930904,0.039551762910612034,0.0390673720824819,1.609375316630767,0.9759775556724531,17109,0.9933368402595125,0.999415512303466,0.03285772551702617,0.072507775039254,0.09340892095997194,nan
08_001325_001345_s5,08,4,0,15709,27.3665,22.490788178770778,20.1408438014827,23.00647189246972,0.2472972816481277,0.2341285026269702,0.2105866496320543,3.7860021599458613,0.5966006747724234,15709,0.9835762938442931,0.9921064358011331,0.25299954125979507,0.23913403567820923,0.25629758863333174,nan,0.06579369603480893,0.03983119688743176,0.03978014754040604,1.6458849599117105,0.9596409701445031,15709,0.9886689159080781,0.9968171112101343,0.052387769239222386,0.07251895147166239,0.09284503058613194,nan,0.10587700439395219,0.09477860158330793,0.09953041955977593,1.9217506950690342,0.9221465401998854,15709,0.987395760392132,0.9985995289324591,0.1086502325170471,0.10413499050903881,0.10134927590705015,nan,0.0762642190931467,0.05042796100990961,0.04949340422445969,1.7510653469043667,0.9598956012476924,15709,0.9894964669934433,0.9969444267617289,0.06374307122809832,0.0819427658419024,0.10387864407454483,nan
08_001350_001370_s5,08,0,-4,17051,27.3665,25.649376502532423,21.747880037732813,24.984123833125224,0.13018568314833398,0.09700333697112154,0.09281848938001769,2.388021296464529,0.9090962406896956,17051,0.9724942818603014,0.9892674916427189,0.16167424224107785,0.09562688144290948,0.13406778809879885,0.203594429919675,0.07786294044826833,0.03654803043787824,0.036113667046790976,1.9639584010926734,0.9197701014603249,17051,0.9757785467128027,0.9867456454166911,0.09874074883652255,0.05176236149346755,0.09168265043541972,0.1618084652921805,0.1507754957462637,0.13502749849926307,0.1442140785926851,2.610927272966327,0.9069262799835787,17051,0.9768342032725353,0.9851621605770923,0.14818946185786305,0.15106727519681643,0.16286846605399033,0.1060883555236812,0.07031986496570893,0.028508751220121042,0.02853508593133869,1.9129295952560537,0.9207084628467539,17051,0.9755439563661955,0.9865697026567357,0.08554546705633657,0.05045452441140333,0.08307968159983968,0.1456196328912539
08_001350_001370_s5,08,1,-3,17684,27.3665,25.649376502532423,21.747880037732813,24.984123833125224,0.102753316787101,0.091661251734372,0.08781598054263284,1.874032103633863,0.9750056548292242,17684,0.9867676996154716,0.991630852748247,0.09574290504803319,0.11010821403142464,0.09818865778524921,0.2515371749189733,0.051362717746821884,0.031051217131055082,0.0308078157707401,1.4459160767802244,0.9799819045464827,17684,0.9877290205835784,0.9906129834878986,0.038681475465258505,0.06088861770293907,0.05738213753534078,0.17858627907066754,0.14349490730012793,0.13426963952202192,0.14416695469679763,2.3410561117370117,0.9156299479755712,17684,0.9877290205835784,0.9922528839629043,0.14216167155257073,0.14260980725382488,0.15165112374339518,0.06415041960522731,0.04529943746701269,0.02302572020173226,0.023051587946465002,1.4207714857729463,0.979416421624067,17684,0.9880683103370278,0.9902171454422076,0.03356407016752373,0.05347469602161292,0.0530700494502826,0.1510782161282515
08_001350_001370_s5,08,2,-2,17912,27.3665,25.649376502532423,21.747880037732813,24.984123833125224,0.11490391720294311,0.10365209480031629,0.09881827718348135,2.319046125564286,0.9572912014292094,17912,0.9893367574810183,0.9973202322465387,0.1124785683292586,0.11425988077358026,0.12265611091039832,0.3020885041130451,0.05965804976950385,0.03978894245624098,0.03920323746412846,1.9471711265955993,0.9766636891469406,17912,0.9910674408217954,0.9978785171951764,0.055657801797978294,0.05690009758611791,0.08430126968849645,0.26221867173100144,0.13241275203627534,0.1250506495706807,0.13357900199072892,2.549473375160657,0.9210026797677534,17912,0.9906208128628852,0.9966502903081733,0.12978731217118772,0.132506777004347,0.14109978294273298,0.26658644458141545,0.04821159018146628,0.024654758753739944,0.02458878544409515,1.9061112576478396,0.9747096918267083,17912,0.9914024117909781,0.9974318892362662,0.047191844529355674,0.04050827190696046,0.07451454802874165,0.24724839853493474
08_001350_001370_s5,08,3,-1,17176,27.3665,25.649376502532423,21.747880037732813,24.984123833125224,0.1427449585821633,0.12538673793738458,0.11822125180882415,2.311832953914556,0.9461457848160224,17176,0.9817768979972054,0.9860270144387517,0.1592684970277241,0.12306865451436619,0.1506602874672669,0.19892079404766888,0.08424463966399144,0.059228088604176166,0.057788981316586385,1.7663401032346453,0.9610503027480205,17176,0.9826502095947834,0.9870167675826735,0.09905308112713869,0.061821505994483966,0.11662292875058917,0.14110509201790625,0.12685218528408923,0.10767085643034362,0.11385155263549596,2.0780012662160905,0.9123777363763391,17176,0.9830577550069864,0.996448532836516,0.13773418301743082,0.11369363941261079,0.1331928284282729,0.1629124302459197,0.06653376558793958,0.03673977018847939,0.03630298232979312,1.646256189727199,0.9634373544480671,17176,0.9827084303679553,0.9878900791802515,0.08180237299122389,0.042372568614100166,0.105857612450231,0.11903200392680678
08_001350_001370_s5,08,4,0,16532,27.3665,25.649376502532423,21.747880037732813,24.984123833125224,0.11482057529904541,0.10907715644125271,0.10383898225550736,2.3416318971746835,0.971328332930075,16532,0.9967940962980886,0.9995160900072586,0.10106703978279306,0.11610259275504028,0.19899425913756036,0.09150075938800975,0.05852380480388251,0.04480080251558109,0.04394319573109673,1.7167345929439022,0.9744737478828938,16532,0.9978828937817565,0.9993951125090733,0.04128342491433407,0.0658310717702249,0.13621844201798436,0.07823117648149912,0.128119555820886,0.12016839306786628,0.12778717281611396,1.9178742946384522,0.9224534236631986,16532,0.9945560125816598,0.9985482700217759,0.12850068080480964,0.13268629756559974,0.10354479690304112,0.16423638584195038,0.04416126119285652,0.024900837927134826,0.024728717841074,1.560163877633734,0.9724776191628357,16532,0.9973989837890153,0.9993346237599806,0.027676794634382818,0.05222840894982088,0.11278340483538371,0.07956786706188651
08_001375_001395_s5,08,0,-4,16716,27.3665,27.171040517481433,21.904176434361094,25.926635924406664,0.07085329879238626,0.051877023357105326,0.05088544102471049,1.879616233990704,0.9777458722182341,16716,0.9900095716678631,0.9955731036133046,0.060382780537364455,0.07521156251940526,0.08807434771293214,0.07481947310624303,0.06582787961328594,0.046436739119378505,0.04570576370736412,1.8184570092306185,0.9772672888250777,16716,0.9900095716678631,0.9953338119167265,0.054245176923429096,0.07225436245100003,0.08138739135891622,0.07112847177021261,0.17022978812893202,0.16440505740162265,0.1796113017374088,2.912260659525424,0.8198133524766691,16716,0.9877363005503709,0.9968892079444843,0.16618239559991774,0.1871571145128685,0.14338667033716235,0.18529784249111608,0.050558051682272856,0.026769103104361994,0.026818657122562373,1.6027126994277823,0.9729600382866714,16716,0.9913854989231874,0.9953338119167265,0.03919797295641624,0.06417043450187655,0.0501901391854532,0.056255242559801424
08_001375_001395_s5,08,1,-3,16468,27.3665,27.171040517481433,21.904176434361094,25.926635924406664,0.07416674640714259,0.05332601114589493,0.052196164804027445,2.100018515375674,0.972431382074326,16468,0.9875516152538256,0.9922880738401749,0.06564989900456412,0.07827318082733482,0.07971956601398539,0.11102972811233586,0.06844361495978385,0.047187263879840416,0.04629150470242627,2.043865705307304,0.9727957250425067,16468,0.987733786737916,0.9925916929803255,0.06077974495859103,0.072080245714354,0.07315909716851388,0.10876403527420594,0.16820277636396522,0.16255890909699455,0.17737997089022173,3.201190229523596,0.8695044935632742,16468,0.9806898226864221,0.9940490648530483,0.18747412849774725,0.15559457251760783,0.15213874495617474,0.2427688165979849,0.05204143640424741,0.030190830978885006,0.030401232517133114,1.8613199663274045,0.9703667719213019,16468,0.987247996113675,0.9929560359485062,0.05948859634074201,0.04357666519357825,0.04899669817528276,0.11379370913226788
08_001375_001395_s5,08,2,-2,18127,27.3665,27.171040517481433,21.904176434361094,25.926635924406664,0.05691042300190718,0.049397721069868866,0.04832620078133676,1.6945431897145953,0.9895735642963535,18127,0.996193523473272,0.9976830142880786,0.032098981041442015,0.07516452705596881,0.0734836621101021,0.13758823166181045,0.05208254049554498,0.04328777305554126,0.04261986344864965,1.6384222229918077,0.9895183979698792,18127,0.996193523473272,0.9976830142880786,0.029517760196108644,0.06803075692160838,0.06767043262273063,0.13771817638134642,0.16762327537601232,0.1650927559350902,0.18043464525387565,2.9757079296626654,0.8395211562862029,18127,0.9928835438848127,0.9969106857174381,0.18909775961258712,0.14405741520744555,0.1588515083285218,0.26371145992609546,0.04171538418075257,0.033235633511066856,0.03330080069313568,1.480464269078342,0.9880289071550725,18127,0.996193523473272,0.9976830142880786,0.04610143748104296,0.03014454544792074,0.04630717722172562,0.15045281368078012
08_001375_001395_s5,08,3,-1,17876,27.3665,27.171040517481433,21.904176434361094,25.926635924406664,0.0586314985887287,0.05067812499999995,0.04962970941398415,1.7605762796230686,0.9892034012083241,17876,0.9968113671962407,0.9981539494294025,0.045965575540498384,0.06409441844431232,0.06547773605677597,0.1127650472614339,0.05318869532415707,0.04451518769957347,0.04379927406159767,1.7128400687448138,0.9892034012083241,17876,0.996755426269859,0.9981539494294025,0.04072462671206756,0.057813798974396716,0.061396731852144434,0.11055441918492603,0.1639754190529776,0.16265273348403425,0.17750156759536373,3.1273143102666277,0.8736294473036473,17876,0.994182143656299,0.9976504810919669,0.16909154292476908,0.1547443153436422,0.17286952717429135,0.24276579120104183,0.03908163590086736,0.02873064370464897,0.028764640585888568,1.607124398022383,0.9893712239874692,17876,0.996755426269859,0.9981539494294025,0.03692793490671332,0.032336247966413496,0.054433918037774774,0.11527052168515337
08_001375_001395_s5,08,4,0,18103,27.3665,27.171040517481433,21.904176434361094,25.926635924406664,0.04748827364315216,0.03846093749999999,0.03806184159341708,1.4163393734764795,0.9905540518146163,18103,0.9987294923493344,0.9995580842954207,0.03700491957787641,0.04939171452090721,0.05802327052901597,0.11383300006427072,0.04415320640030928,0.03419500094993266,0.03379452141493777,1.396446913443024,0.9903330939623267,18103,0.998674252886262,0.9995580842954207,0.032327534050559215,0.045449433848026334,0.058702380786159525,0.11562321160332785,0.17922942311754375,0.1742233980441745,0.19141699485221064,3.248226547705252,0.7334695906755786,18103,0.994586532618903,0.9991161685908413,0.17707237515482926,0.17210329606033348,0.20148505582522977,0.2660164407835965,0.04360721198682881,0.030727215381487746,0.030929493836273858,1.491109341649478,0.987736839197923,18103,0.9985637739601171,0.9995580842954207,0.027414882089840494,0.0417853471820455,0.07447961889234994,0.13658271928289947
08_001400_001420_s5,08,0,-4,18010,27.3665,23.689454235912383,20.256128333124686,23.98153660208883,0.17492969496511288,0.16740491877187616,0.15480120682898812,3.114748343376755,0.8699611327040533,18010,0.9955024986118823,0.999222654081066,0.16700736049166987,0.1882046972241449,0.1398523120039469,0.18266917166104438,0.0464974580071138,0.02638219275452947,0.026380612054524244,1.8154112046374895,0.986340921710161,18010,0.9971127151582454,0.9988895058300944,0.017664608307623616,0.061194524045446584,0.04493979643395984,0.08894857231342163,0.1360995833369622,0.13620964051036827,0.14638743128153586,2.964148922191516,0.9167129372570794,18010,0.9976679622431982,0.9985008328706274,0.13620508401638845,0.12733281399454635,0.16254647977079095,0.19746602761433388,0.05147778915301547,0.03223989556089295,0.03194653405943404,1.8275563489360152,0.9858411993337035,18010,0.9970571904497502,0.9988895058300944,0.02581810458108893,0.06641891117115849,0.04303923572285574,0.08910733459527047
08_001400_001420_s5,08,1,-3,17270,27.3665,23.689454235912383,20.256128333124686,23.98153660208883,0.1666895219051272,0.15648710084224599,0.1454088535470739,3.264040896078653,0.8689056166763173,17270,0.9972206137811234,0.9986682107701216,0.15897580441127235,0.18058975369803398,0.13272639949250684,0.15662285842221096,0.046591955439349915,0.027626301245258826,0.027662801423421257,2.2489810679299387,0.9872032426172553,17270,0.9965836711059641,0.9982049797336422,0.024029135544862586,0.05362419469516319,0.05256697526681772,0.08809895960737409,0.1420557854256702,0.14440350230965257,0.15594256706743936,3.3985273828949696,0.9125651418645049,17270,0.994151708164447,0.9976259409380428,0.14289962229409378,0.130748060718158,0.17057596454373833,0.20823844334394886,0.04912226764318186,0.02931156363176872,0.02929563458897544,2.2422953893330715,0.9873190503763752,17270,0.9966415749855241,0.998262883613202,0.027600137274528685,0.058027819226381394,0.048035766207537876,0.08333927924738806
08_001400_001420_s5,08,2,-2,17616,27.3665,23.689454235912383,20.256128333124686,23.98153660208883,0.15628294636092796,0.14821339062999442,0.13828870046631292,2.6712881677284286,0.9124659400544959,17616,0.9976158038147139,0.9984105358764759,0.1583901913014873,0.16068564985149225,0.13240365012910643,0.2201193532585408,0.04321436782562437,0.02851222704969257,0.028668467331280922,1.4709749847523592,0.9889872842870118,17616,0.9976158038147139,0.9981267029972752,0.025932582171417123,0.051857358059915225,0.050298625037076675,0.12288613651119734,0.14922154195145593,0.1503866438348866,0.16297390808470347,2.816349821633509,0.9201861943687557,17616,0.9947774750227066,0.9979564032697548,0.14438687799001726,0.1457583432572147,0.1688214489532982,0.2149132746152145,0.04364041103484496,0.026953102197511528,0.026981686425285867,1.4618792948845467,0.9884196185286104,17616,0.997672570390554,0.9981834695731153,0.026536200399389444,0.05323371478389654,0.04696075279239065,0.12469309499716925
08_001400_001420_s5,08,3,-1,17300,27.3665,23.689454235912383,20.256128333124686,23.98153660208883,0.1396676459018749,0.12853969959657988,0.12095439289623222,2.4508831351761513,0.9389595375722544,17300,0.9957225433526011,0.9971098265895953,0.14421104683797642,0.1378989710981369,0.1276355711866476,0.2856274853479288,0.04560692471315543,0.03276854746554535,0.03314858175170299,1.5678305081544057,0.9885549132947977,17300,0.9963005780346821,0.9971098265895953,0.03656858539303116,0.04744487146519273,0.0631858573638215,0.16810425797775194,0.16216478822271563,0.16510514574603813,0.1803895329283015,2.8771210018646154,0.8841618497109827,17300,0.9941618497109826,0.9968208092485549,0.15462788612794615,0.16193307815335264,0.1852812885342697,0.2083544759648869,0.04157680511701236,0.026546851568746956,0.026745090719003772,1.5395091826973333,0.9886127167630058,17300,0.9963583815028901,0.9971098265895953,0.03033028670023469,0.04506235016161701,0.05941771925606104,0.17661777745211252
08_001400_001420_s5,08,4,0,16732,27.3665,23.689454235912383,20.256128333124686,23.98153660208883,0.14579979741945806,0.14027083333333318,0.13126580728979897,2.8086075852539354,0.9613315802055941,16732,0.9901386564666508,0.9923499880468564,0.14856279313283224,0.14070407456029904,0.15545083280954267,0.15163487773886009,0.04329807121993304,0.02644305958033895,0.026576816588468333,2.1099746723815853,0.9836241931628018,16732,0.9899593593114989,0.9914535022710973,0.02179541919418896,0.047867464950330944,0.09244290634450517,0.06054745024603794,0.16265905802844652,0.1570127533259328,0.1707883440995288,3.163755140935786,0.8875806837198184,16732,0.9881066220415969,0.990796079368874,0.1510189429824125,0.1603147829155973,0.2068240491894443,0.1646265440205804,0.04150608485280744,0.02565871127662565,0.02572556123212011,2.090439025388223,0.9842218503466411,16732,0.9899593593114989,0.991752330863017,0.01974736287856609,0.04666762361957667,0.0892556305718653,0.06043826690275291
08_001425_001445_s5,08,0,-4,16664,27.3665,26.98526095175709,23.238272000789266,27.535728663653167,0.06722269828306293,0.0391272665797176,0.038569502717171855,2.4314610610086267,0.9659145463274124,16664,0.9786965914546327,0.984637542006721,0.06304048703933646,0.06513755273889256,0.08258599383280318,0.06052587003584248,0.06414810775350947,0.030328143096362337,0.03011461714085073,2.455973964217765,0.9647743638982237,16664,0.978756601056169,0.984637542006721,0.0527611278013195,0.0654663228511847,0.08671319119719902,0.059203630908691976,0.16414307029535774,0.13809140607437134,0.14854268997150366,3.5793137400014756,0.7906265002400384,16664,0.9765362457993279,0.9845775324051849,0.14050115663952356,0.17188284073854887,0.1973193120283851,0.16233382214862582,0.06931547449761923,0.04310890063898523,0.04265550334136203,2.427459618517346,0.9657945271243399,16664,0.978756601056169,0.9843374939990398,0.06805639166066119,0.0658303486766101,0.08180477939529195,0.061920344843061956
08_001425_001445_s5,08,1,-3,16339,27.3665,26.98526095175709,23.238272000789266,27.535728663653167,0.05977334340082062,0.03610344406448458,0.035754965299590324,2.319095581164677,0.963278046392068,16339,0.981639023196034,0.9878205520533693,0.0652390739467026,0.04527381596976123,0.07491178947627952,0.09350517813968037,0.05922383928433696,0.03215911620881788,0.032079187587851665,2.3648661446510357,0.9639512822082135,16339,0.981639023196034,0.9887386008935676,0.05682259621571924,0.04803433773911049,0.08054124873111744,0.09906246495675475,0.1608068547162572,0.14681139138516364,0.15856913648962445,3.725446347089813,0.8551318930167084,16339,0.9801089417957035,0.9878817553093825,0.1390459788226308,0.1598197944867793,0.1941159619522341,0.20858210312196043,0.06101987681854901,0.03891521331961179,0.03859706555260689,2.3065672957933567,0.9630944366240284,16339,0.9815778199400208,0.9873921292612767,0.06979266344341487,0.04524976097764177,0.07340592229278439,0.09139224919044275
08_001425_001445_s5,08,2,-2,15878,27.3665,26.98526095175709,23.238272000789266,27.535728663653167,0.07719468176427688,0.025667560507927935,0.025630311243974635,2.0863639503119273,0.9400428265524625,15878,0.9737372465045976,0.988096737624386,0.1406655709901354,0.0464379696293494,0.059592800622804046,0.15261258077586287,0.07892772587616315,0.030668185346878284,0.03091546655202304,2.1142836239034186,0.9414283914850737,15878,0.9741151278498551,0.988096737624386,0.13813550524189466,0.05030161233732676,0.06240417596202951,0.14878178025730435,0.1795133693373456,0.15461026716724652,0.16770517373635863,3.4329063969017857,0.8388336062476383,15878,0.9773271192845446,0.9876558760549188,0.21459069332324515,0.16192735904653427,0.1719571221894193,0.18616894919843058,0.07789159197356224,0.027326983597114968,0.02716177503904249,2.0827778611908387,0.9402317672250913,15878,0.9735483058319687,0.9880337574001763,0.1435130173786148,0.046293402051545675,0.05936204126533813,0.1546252604488291
08_001425_001445_s5,08,3,-1,18043,27.3665,26.98526095175709,23.238272000789266,27.535728663653167,0.061445546993063115,0.047251582472959776,0.048239761506624124,1.8627709228267344,0.9768331208779027,18043,0.9936263370836336,0.9985035747935488,0.03532076304663092,0.06714457799177369,0.08995356510207815,0.11770964359030925,0.07177012994000034,0.05859201671837982,0.06016395151903353,1.9584472011985152,0.9764451587873414,18043,0.9920190655655933,0.9985035747935488,0.04688360480393106,0.07866977143863045,0.09524689518729851,0.1184569568020232,0.19192683735467464,0.18685237321763404,0.20682052366975956,3.5082579765503423,0.6502798869367622,18043,0.9830405143268858,0.9966746106523305,0.17235043692105445,0.20198862273711363,0.19872637031749904,0.20911350907537102,0.0572059895657853,0.042122215985002445,0.04292249702522222,1.826749025847663,0.9768885440336973,18043,0.9940697223299895,0.9985035747935488,0.03077891059805406,0.06220680395345178,0.08794920046253943,0.11792136727199153
08_001425_001445_s5,08,4,0,17915,27.3665,26.98526095175709,23.238272000789266,27.535728663653167,0.06331270452393313,0.05485853897601489,0.05611439446041544,1.991447534796324,0.9766675969857661,17915,0.9939157130895897,0.9964833938040748,0.05644347460682749,0.06012976885163311,0.08040584555677768,0.1466680528367114,0.07209108444132949,0.06608386505758694,0.068074099714162,2.0678147785003733,0.9754395757744907,17915,0.9935249790678202,0.9964833938040748,0.06942686986526757,0.06781347139148339,0.08522494678036871,0.15718310507896416,0.18773695250738223,0.19289265927277155,0.21429489642274446,3.48227329359006,0.6168015629360871,17915,0.9833658945018141,0.9948646385710299,0.1984186539794875,0.1832656093062936,0.17761984769498323,0.27395762919930416,0.05972483213057683,0.050149744414848714,0.05119180174991689,1.963972485873891,0.9768350544236674,17915,0.994083170527491,0.9964833938040748,0.05070529005392716,0.057179243865104465,0.07857821711378088,0.14225677849879428
08_001450_001470_s5,08,0,-4,17913,27.3665,27.457156489075018,22.610710282519452,28.44580020797287,0.05793110397166552,0.048706636235955156,0.049755689970511385,1.2761662265955727,0.985708703176464,17913,0.9994417462178307,0.9998883492435662,0.0524713993797752,0.06337532950878053,0.05175738680271979,0.07164599756814923,0.056562326001744746,0.046161711147911774,0.0470148674325408,1.2730862501742823,0.9856528777982471,17913,0.9994417462178307,0.9998883492435662,0.050140646016453634,0.06255702929610234,0.05108190711465511,0.07183705364222326,0.19169044546668676,0.20533157458963638,0.22983032628327305,2.971979636119144,0.4421369954781444,17913,0.9963713504158991,0.9996092223524814,0.2060161291237666,0.1795793142410312,0.1948791700379898,0.19096850996646364,0.04931435386111326,0.02788435069083547,0.02799556773671874,1.359988386122508,0.9791213085468654,17913,0.9996092223524814,0.9999441746217831,0.029587124064293563,0.062759898482228,0.05469485546019535,0.08095329644620047
08_001450_001470_s5,08,1,-3,17198,27.3665,27.457156489075018,22.610710282519452,28.44580020797287,0.062002578694276125,0.042636693190748184,0.04317784351580389,1.55264396409878,0.963367833469008,17198,0.999069659262705,0.9999418537039191,0.04257731732953736,0.07327171231059622,0.07381642455428981,0.11521323567172644,0.06125755195197782,0.04104822521612689,0.04144963733807083,1.5592208615317489,0.9629608093964415,17198,0.999069659262705,0.9999418537039191,0.04074504758705124,0.0729744477412965,0.07479211994114708,0.11306322690869999,0.18566795469143513,0.19247463276716245,0.2133827998934188,2.951673931437901,0.5733224793580649,17198,0.9974415629724387,0.9997092685195953,0.19979331825784521,0.1777792470462309,0.1674791824852005,0.26367329397004496,0.0628373215023217,0.03755148613836534,0.03724072967271708,1.7308397812249545,0.9563902779392953,17198,0.9983137574136528,1.0,0.02972682209071593,0.08144220292292238,0.08971763220964812,0.09367566344325669
08_001450_001470_s5,08,2,-2,17087,27.3665,27.457156489075018,22.610710282519452,28.44580020797287,0.05377071568740382,0.033112085192414945,0.033376146637994264,1.5632923700930565,0.9720255164745127,17087,0.990811728214432,0.9990050915900978,0.055804246153639006,0.045399471847330106,0.06881420765354847,0.09814649912413922,0.053341288065488504,0.031737554541435196,0.032031127285375494,1.576183957148538,0.9716158483057296,17087,0.9905191080938726,0.9990050915900978,0.05461870789484476,0.044838173280966655,0.07081372857289436,0.09621779387973078,0.180792069561554,0.18590452992725023,0.2055612222752803,2.992614758835131,0.7084918358986364,17087,0.9950839819746006,0.9985368993972026,0.1850661267869565,0.1865414519749902,0.14905371769421424,0.23388341418951625,0.06175876961649233,0.039180236540557786,0.038651943628261964,1.8235922479809457,0.9686311230760227,17087,0.9870076666471587,0.9991221396383215,0.058539282058390034,0.051646269811409004,0.09655004694833122,0.08952179842422127
08_001450_001470_s5,08,3,-1,16836,27.3665,27.457156489075018,22.610710282519452,28.44580020797287,0.04350083065573347,0.026843245744915985,0.026784412567713023,1.5381741476106539,0.985032074126871,16836,0.9986338797814208,0.9991090520313614,0.02037008966192364,0.04697859596738859,0.08362468961011552,0.1297389842046367,0.044100581099700865,0.027602068794548476,0.027532493945516157,1.56176799038354,0.9852102637205987,16836,0.9986338797814208,0.9991090520313614,0.020029408246968316,0.047594138806599434,0.08616255074718497,0.1285124275118423,0.16700361755610235,0.1707268639100591,0.18720570153289817,2.652892915912404,0.8418270373010216,16836,0.9906747445949157,0.9989308624376336,0.17676830055095064,0.17769737606030409,0.12483735583001777,0.23364543807244603,0.0643902720242109,0.04980277528212307,0.04925017908525131,1.9054256880817706,0.9859824186267522,16836,0.9985744832501782,0.9990496555001188,0.03906397463563855,0.06415102295058747,0.1168194554547939,0.115136357220836
08_001450_001470_s5,08,4,0,17319,27.3665,27.457156489075018,22.610710282519452,28.44580020797287,0.06121775134348139,0.039739594558189775,0.03934726023925528,2.218031211426114,0.9739592355216814,17319,0.9931866735954732,0.9947456550609157,0.024564379187930398,0.06274976594373978,0.1064687666806449,nan,0.06298332942984103,0.04167090872977027,0.04106755906402171,2.2378828761909015,0.9743634159016109,17319,0.9932444136497488,0.9947456550609157,0.025922116566943685,0.06497974659593882,0.10827049770748966,nan,0.15463247594873444,0.15159185207840312,0.16431645047444765,3.118713478368671,0.8721635198337087,17319,0.9829666839886829,0.9943992147352618,0.16805534243138484,0.15537119444391295,0.1363382298024917,nan,0.08923062732845159,0.07248430867184094,0.07021756080175212,2.5318249595470683,0.9725157341647901,17319,0.9933021537040245,0.9948033951151914,0.052901203419833544,0.09380537367526764,0.13086344616268805,nan
08_001475_001495_s5,08,0,-4,18050,27.3665,23.97862756293836,17.72630554401993,23.87520651815888,0.164819446119942,0.16329039847928953,0.15136366303452475,3.2943161820873,0.94398891966759,18050,0.9934626038781164,0.9976177285318559,0.17898143379054685,0.1528398807377441,0.1626791899169112,0.3013214252048553,0.04878384485624237,0.030486853495228425,0.030270600459161745,2.2033567328133596,0.9703601108033241,18050,0.9934072022160665,0.9973961218836566,0.03627528901511071,0.03312470289367501,0.07578169665657772,0.32740641620501615,0.25475124422448026,0.24723588569717664,0.2839914723405248,4.999807794988397,0.05434903047091413,18050,0.9619944598337951,0.9906371191135734,0.24335567971322591,0.2547858588821629,0.2620906522708862,0.49279859250550606,0.04713256897972445,0.027923168153804648,0.0277609212409895,2.2042384925257172,0.970803324099723,18050,0.9932963988919667,0.9972853185595568,0.03285525565109213,0.03200726293185347,0.07522957672610558,0.32837047346172926
08_001475_001495_s5,08,1,-3,18376,27.3665,23.97862756293836,17.72630554401993,23.87520651815888,0.15426038529810562,0.15284333053691274,0.14237703271487012,3.0935611189419987,0.9508053983456682,18376,0.9960818458859382,0.9990204614714846,0.14820980787030402,0.15571386029650267,0.15779404741965428,0.46890185425307507,0.04120929950503491,0.023497920618593536,0.023320297525440292,2.047191978304643,0.9677840661732695,18376,0.9974967348715716,0.9990204614714846,0.018189962580430565,0.04538723375968692,0.06529098992871983,0.5016375025627766,0.257968597570064,0.2537333644513632,0.2926723223343066,4.573994592999009,0.05082716586852416,18376,0.9664235959947758,0.9958097518502395,0.2562615649443871,0.2530226532670415,0.27186934265955076,0.6129453268546308,0.040235844876009924,0.02209125249197853,0.021979859016814873,2.0460893391101806,0.9666412712233348,18376,0.9974967348715716,0.9990204614714846,0.017229373945109816,0.0446070435585707,0.0637230818018856,0.502636818508881
08_001475_001495_s5,08,2,-2,18104,27.3665,23.97862756293836,17.72630554401993,23.87520651815888,0.17112715533504935,0.16592372047244083,0.15371975561855178,3.2385801873359688,0.9346553247901016,18104,0.9902783915156872,0.9987295625276182,0.17285645466553287,0.17246760553297996,0.16014644373712172,0.4130824724507006,0.048255830694815496,0.029132508535605735,0.028834117719571672,2.123824963469133,0.9611688024745912,18104,0.9963543968183827,0.9987295625276182,0.027728934893184908,0.05297427584287366,0.0642820075487482,0.3591933460806522,0.24766651509050602,0.24532560056838898,0.2814688817872987,4.362857183920737,0.07451391957578436,18104,0.9717189571365444,0.9947525408749448,0.24029701004230739,0.24279087726346127,0.27310471571156975,0.4659007267626524,0.0460999716794788,0.026490584950852155,0.026315782453435688,2.1168949639055405,0.9612240388864339,18104,0.99629916040654,0.9987295625276182,0.0234128058214184,0.05191797293431625,0.062340800053292435,0.35754828126343097
08_001475_001495_s5,08,3,-1,17975,27.3665,23.97862756293836,17.72630554401993,23.87520651815888,0.17453872391541977,0.16574080040091632,0.1535384428989226,3.138535032969886,0.9210013908205842,17975,0.9858692628650904,0.9989986091794159,0.1665799565841426,0.17965199224734274,0.1665167887752794,0.3192054417276283,0.05057068939331453,0.029155404737812134,0.028870696949714336,1.9559771602379343,0.9578303198887343,17975,0.9965507649513213,0.998720445062587,0.025405875720139907,0.06102551122139051,0.054556281118150446,0.21966651143846475,0.24563532459386236,0.24525975939623706,0.28138164111308894,4.059086316172996,0.08272600834492351,17975,0.9749095966620306,0.9950486787204451,0.24436253258765214,0.2415163947012357,0.2613340629470993,0.3537125393597852,0.04860781419000447,0.026430222011051746,0.026303324558426766,1.9453338562011984,0.9585535465924896,17975,0.9963838664812239,0.998720445062587,0.022386762653463437,0.05968039812334488,0.052272933408621824,0.21662790229423567
08_001475_001495_s5,08,4,0,17766,27.3665,23.97862756293836,17.72630554401993,23.87520651815888,0.20318932248332294,0.18660969507381767,0.17115713631710117,3.5483451633677086,0.8593943487560509,17766,0.9788922661263086,0.9978047956771361,0.1799852750370593,0.21219354983731945,0.21470840609170733,0.4323821780592453,0.06991700193016444,0.04403942915381248,0.043280433103940474,2.279347437514897,0.948891140380502,17766,0.991725768321513,0.9980299448384555,0.034994368408374055,0.08241353114476566,0.09625713074887021,0.36250438902880483,0.2305793911089891,0.23177544024841998,0.26366359317132826,3.781188089004494,0.17184509737701226,17766,0.9706180344478217,0.9924575030958009,0.2356794064731951,0.22523125779459569,0.24307535293826438,0.4174878880220915,0.06676137056222982,0.04043869790140044,0.03974953597695652,2.2596359116370683,0.9491725768321513,17766,0.9918946301925026,0.9980299448384555,0.031239923392690553,0.079491116507459,0.09355894020525952,0.3603712408413612
08_001500_001520_s5,08,0,-4,17518,27.3665,21.611972103210988,17.366723656771345,20.75264722301926,0.3503909085534559,0.3186798853036077,0.2767119023351525,5.280241831840698,0.11217033907980363,17518,0.9371503596300947,0.9898390227194885,0.33222573097949387,0.3614641961957688,0.34822767068962124,0.5645390532051413,0.0829370836082846,0.04722410985751281,0.04634577166314413,2.588682928390808,0.9308711040073068,17518,0.9874985728964494,0.9970316246146821,0.06219542707413817,0.0907608754852523,0.1043742668834141,0.4891220292145221,0.16316082284756706,0.16514552985656902,0.17971277340856973,3.1316265196209803,0.8448453019751113,17518,0.9872131521863227,0.9941774175134148,0.16571905276855797,0.1594419820203711,0.16036180735325764,0.5028329441108974,0.06593966892387818,0.035565727242908574,0.035719566577802064,2.4588971305515943,0.938520379038703,17518,0.9894394337253111,0.9970316246146821,0.051168733402140884,0.07060760471944547,0.08139860566000695,0.477859988910344
08_001500_001520_s5,08,1,-3,17078,27.3665,21.611972103210988,17.366723656771345,20.75264722301926,0.3546399728207487,0.31535262736758496,0.27458711415368153,5.0079239228400425,0.11781239020962642,17078,0.930963813092868,0.9720693289612367,0.38187041384381637,0.3327848460249224,0.3370932590397141,0.6401364697434843,0.09263556702581789,0.046771055257981656,0.04606619446119331,2.7648810630982843,0.9102939454268649,17078,0.9638130928680173,0.9942030682749736,0.10018102842599488,0.07737178992530593,0.12729661337784895,0.6828227351140842,0.17439442896756932,0.1688299419164382,0.18427599746618206,3.3623609095386455,0.8179529218878089,17078,0.9709567865089589,0.9851856189249326,0.17641268069141022,0.16510701729994348,0.20195859974297908,0.7265289738750099,0.07577112385478194,0.031076806564563596,0.031164359159694177,2.693164729224933,0.9161494320178006,17078,0.9698442440566811,0.9941445134090643,0.0836453712921643,0.06072578448831197,0.10636183208105814,0.689197084241124
08_001500_001520_s5,08,2,-2,16272,27.3665,21.611972103210988,17.366723656771345,20.75264722301926,0.34764352309853214,0.3328006895231791,0.2873782568212955,4.652563221999139,0.1084070796460177,16272,0.9491764995083579,0.9854351032448377,0.37272405057085367,0.31281055893890813,0.37328920458586307,0.6913704487207551,0.08656810001201949,0.05803456788857597,0.05658844217516246,2.3123746191818557,0.9375614552605703,16272,0.9797197640117994,0.9909046214355949,0.0877688057430246,0.07376464810300885,0.1407309006054526,0.7562679461212225,0.16344815239196991,0.15566729069285776,0.16920066108732845,2.898143305360179,0.8592059980334317,16272,0.9754178957718781,0.9880776794493609,0.148722039159971,0.17376516426310687,0.18919440942820898,0.8041443323267504,0.06257785916657539,0.02943121126939415,0.029349451214194078,2.2207113304657717,0.9492379547689282,16272,0.9793510324483776,0.990720255653884,0.05413413366274614,0.06101831409208267,0.11592197084572103,0.7659591032723623
08_001500_001520_s5,08,3,-1,15234,27.3665,21.611972103210988,17.366723656771345,20.75264722301926,0.3156801264086908,0.31766488181453734,0.27602899937668224,4.231243547667592,0.1654850991203886,15234,0.9789287120913746,0.9830641985033478,0.3118951898468264,0.3158384324118649,0.35092295616191616,nan,0.0725163671319448,0.04913657417760005,0.04813429337841435,2.1106816657884107,0.9537219377707759,15234,0.9764342917158987,0.9837862675594066,0.06219946850997594,0.07991493966763115,0.1175241461636283,nan,0.18295545364961988,0.16567083832185786,0.18110610900406376,2.877629803905905,0.7836418537481948,15234,0.959170277011947,0.9791912826572141,0.1771239738878876,0.1885216932418653,0.19766167194261686,nan,0.05823863927633611,0.029018986890172217,0.02902474041784464,2.070550389916832,0.9487987396612839,15234,0.9770250754890377,0.9826047000131285,0.04519226574837603,0.07024112372144913,0.09593979791803701,nan
08_001500_001520_s5,08,4,0,12952,27.3665,21.611972103210988,17.366723656771345,20.75264722301926,0.3328730581578472,0.33159284583443266,0.2863895923573587,4.240236885147333,0.06778875849289685,12952,0.9876466954910439,0.9960623841877703,0.33047749015728917,0.3352188639661586,0.32893550642116687,nan,0.06474010726845071,0.05490390543159209,0.05353884005385595,1.700335691756887,0.9764515132798024,12952,0.9959851760345892,0.996525633106856,0.06129994721155278,0.0669759055327764,0.06374457403613233,nan,0.16332601268063698,0.15528678974207888,0.1687581053778836,2.4479167479935358,0.8949969116738727,12952,0.984017912291538,0.9964484249536751,0.1692561056953854,0.15544004215612023,0.1571660359637178,nan,0.04328254339614402,0.027510059424845554,0.02747981668445365,1.5948058129330198,0.9782273008029648,12952,0.9960623841877703,0.996525633106856,0.03884198271919687,0.04611463137699912,0.0461315600611447,nan
08_001525_001545_s5,08,0,-4,17519,27.3665,27.294822148108175,23.305185287610616,27.782292842100507,0.06582805334951802,0.037210345795892164,0.03718114205841694,1.7750734662350884,0.9695758890347622,17519,0.9901820880187225,0.9924653233632057,0.06980602582487336,0.06085274661030848,0.07259200453766297,0.0729822516574385,0.06534034442934265,0.03679309724555583,0.03685754238308592,1.7776643089122321,0.9699183743364347,17519,0.9901820880187225,0.9924653233632057,0.06843819432445349,0.060603626053691684,0.07387121352537288,0.07308011101443818,0.1500928555278817,0.14199094626591793,0.1530685655947246,2.935531781623214,0.8675723500199783,17519,0.9874422056053428,0.9926365660140419,0.14796020746076988,0.13931309183594562,0.19779851284488725,0.1738185961304244,0.0706141866210814,0.040764133861095314,0.040452750150266725,1.777455430235122,0.9652948227638564,17519,0.9900679262514984,0.9924082424795936,0.07987132946730455,0.0641932086346058,0.06681615709504882,0.07456288929767518
08_001525_001545_s5,08,1,-3,16861,27.3665,27.294822148108175,23.305185287610616,27.782292842100507,0.06438946250655524,0.03629104091144495,0.0364874009625098,1.7612856371105117,0.961864658086709,16861,0.9870114465334203,0.9938912282782754,0.07152889249381414,0.05546110081712301,0.06735146816694434,0.06950055625918418,0.06465539372246273,0.03698694830331734,0.03710676112937783,1.768172261354397,0.962279817329933,16861,0.9869521380701026,0.9938912282782754,0.07095324480052548,0.05639215366427456,0.06826140910740683,0.07015359419935156,0.1621908037828547,0.15577569312992598,0.16919393954591477,3.076437931513263,0.8115177035763004,16861,0.9833936302710397,0.9937726113516399,0.14140380685112974,0.17560613591689475,0.18596956563335454,0.1774547139358463,0.06534306352689977,0.03438967095841109,0.0344347943281349,1.7388188030617757,0.9603819465037661,16861,0.9871893719233734,0.9938912282782754,0.07708333970665533,0.05318677567064859,0.06375112047151552,0.06710871118308227
08_001525_001545_s5,08,2,-2,17501,27.3665,27.294822148108175,23.305185287610616,27.782292842100507,0.08253322788046866,0.04672795930949449,0.0477344609182051,1.7881345777258784,0.9396605908233815,17501,0.983372378721216,0.9906862465002,0.10113089360135423,0.07018191526372826,0.07849724775628583,0.085171558670331,0.08408221988464422,0.04894005926779453,0.05009987264200655,1.8055371043357453,0.9400605679675447,17501,0.9834295183132392,0.99051482772413,0.10212425557908529,0.07197808199877369,0.08050154188517421,0.08592401536265509,0.19631007618662769,0.18223059304352682,0.2009963228706566,3.4228008645083277,0.6680189703445517,17501,0.968230386835038,0.9884006628192674,0.18811706448744697,0.19771566205799995,0.207540512714661,0.21251021818962545,0.07507724492442273,0.0358131957254729,0.036191825938982625,1.7020205570445535,0.9365179132620993,17501,0.983200959945146,0.9910290840523399,0.09778074515145188,0.0609844456100111,0.0675300687717175,0.0819175883846571
08_001525_001545_s5,08,3,-1,17700,27.3665,27.294822148108175,23.305185287610616,27.782292842100507,0.05657020191963859,0.03861299126940135,0.03897814524680898,1.5082454449004161,0.9687570621468926,17700,0.9911864406779661,0.9992655367231639,0.042462029805483435,0.06897902183255451,0.06274579918936478,0.10743533077289844,0.05723567644070887,0.0397828928853127,0.040177680625208656,1.5199091395050155,0.968813559322034,17700,0.9912429378531074,0.9992090395480226,0.04218468767385576,0.07012494740828913,0.06467372381666223,0.10940273092567807,0.1664056636679855,0.16547867186138399,0.1807837046701164,3.006099705626168,0.812090395480226,17700,0.9904519774011299,0.9969491525423729,0.14404134961509438,0.17806346978199974,0.1944695446359322,0.23727574952361155,0.054596047143339946,0.03393962521465348,0.03404577233120176,1.4592710557515627,0.9699435028248587,17700,0.9911864406779661,0.9993785310734463,0.04614916341864169,0.06451076374289366,0.05233577538988968,0.09700730456032762
08_001525_001545_s5,08,4,0,17939,27.3665,27.294822148108175,23.305185287610616,27.782292842100507,0.07572563191330589,0.05792860661120839,0.05953004090219105,1.8032394695145548,0.9574112269357267,17939,0.9959863983499637,0.9996097887284687,0.08059026297337182,0.06920457601757149,0.08483935370487206,0.08732714690897102,0.07769495853274336,0.060184932685295095,0.061980001919892835,1.8222145818135265,0.9571882490662802,17939,0.9959863983499637,0.9996097887284687,0.08282188021875789,0.07097180985618173,0.08690980381457399,0.08818057485424616,0.2011761941177473,0.1940239060741599,0.2154638083318665,3.40927968556206,0.5622944422766041,17939,0.9867328167679358,0.9994425553263838,0.2114578608594583,0.18916919749776678,0.21551100489312308,0.2183099978342457,0.06510173980713542,0.045356833975996616,0.046217857087480496,1.7054539362451475,0.958804838619767,17939,0.9967110764256647,0.9996097887284687,0.06830320602555565,0.05977703770267161,0.07382008456344054,0.08369352705205857
08_001550_001570_s5,08,0,-4,17879,27.3665,27.42151504905715,23.267905527456644,27.308765804565382,0.05667905711048299,0.04149951758147514,0.04090557289146579,1.7592601843876001,0.9785222887186085,17879,0.9985457799653225,0.999216958442866,0.05007400767402971,0.05898404582236872,0.06342778183143147,0.17594131135317306,0.05778156651975826,0.04271524315413662,0.042121926034385915,1.7682197698908149,0.9780748364002461,17879,0.9985457799653225,0.999216958442866,0.051385687950779566,0.06007949874695828,0.06385338721934047,0.17765551765697304,0.12374806807723988,0.12327098226881418,0.13140765544232957,2.428333746745563,0.9594496336484143,17879,0.9977627384081884,0.999216958442866,0.1195967271672244,0.123878826045266,0.13536339079522391,0.1521758029397657,0.05558414556374153,0.04002332615582073,0.039604002415185136,1.7503717320290137,0.9790256725767661,17879,0.9985457799653225,0.999216958442866,0.04877958455102887,0.05788606661867529,0.06302302543617788,0.17414237954351447
08_001550_001570_s5,08,1,-3,17439,27.3665,27.42151504905715,23.267905527456644,27.308765804565382,0.03570531298493867,0.02088509094427249,0.020812361947821323,1.0892950146556355,0.9906531337806067,17439,0.999598600837204,0.9999426572624577,0.023172286007003523,0.037209994319565835,0.07149107512121744,nan,0.036104308437834694,0.021562518103619185,0.021454999992808865,1.095695078058876,0.9908251619932336,17439,0.999598600837204,0.9999426572624577,0.023973488100100186,0.03726562934480533,0.07189564756802468,nan,0.14680205064146268,0.14547377342188872,0.1571909847968742,2.149672457391981,0.9274614370090029,17439,0.9980503469235621,0.9999426572624577,0.14130796007725166,0.1547190430450289,0.13382739130719065,nan,0.03539696951394453,0.020522888790399065,0.02052007104357334,1.0833282093848622,0.9905957910430644,17439,0.999598600837204,0.9999426572624577,0.0224674863817903,0.03726138768189687,0.07109350852376912,nan
08_001550_001570_s5,08,2,-2,16900,27.3665,27.42151504905715,23.267905527456644,27.308765804565382,0.049312281255351406,0.034000201370712996,0.034384134245686426,2.0245193763390623,0.986508875739645,16900,0.9955621301775148,0.9987573964497042,0.0349596584803218,0.05385535884543093,0.0950791345098397,0.7115020948526751,0.0486137370338139,0.03276094840689485,0.03309953254506415,2.0237456786074155,0.986508875739645,16900,0.995621301775148,0.9987573964497042,0.03405450437040989,0.05304784090258908,0.09619453431046063,0.7109221256785183,0.16854714282657549,0.1675967391056363,0.18340469884530197,2.891111763707526,0.8043786982248521,16900,0.9932544378698225,0.9978698224852071,0.16553450507966633,0.17817910640133458,0.12099710950682135,0.754709517043206,0.050133852860174626,0.03541324409795244,0.03584343241582555,2.0257110527740934,0.9862130177514793,16900,0.9955621301775148,0.9987573964497042,0.03605069707362702,0.0547527451960955,0.09391932092619575,0.7121107292939904
08_001550_001570_s5,08,3,-1,16328,27.3665,27.42151504905715,23.267905527456644,27.308765804565382,0.045964988307944724,0.03446349337059176,0.03481728544700324,2.173744164476018,0.9904458598726115,16328,0.9980401763841255,0.9982239098481137,0.0368792505260754,0.04735615771415,0.07626114130644861,0.7326755463330278,0.04539174127020902,0.03354881676473019,0.03374130734013825,2.175515857561518,0.9904458598726115,16328,0.9980401763841255,0.9982239098481137,0.035535467057052995,0.047211100184937585,0.07770471623749212,0.7321381422830884,0.16194912669283534,0.16581057872687455,0.18121551591056573,2.824842343724311,0.8472562469377756,16328,0.9976727094561489,0.9982239098481137,0.17313533317004132,0.1593707455053689,0.09771034242478971,0.7727118874133677,0.04663646434021258,0.03548506690034615,0.03582616417859619,2.1722203500479296,0.9905071043606075,16328,0.9980401763841255,0.9982239098481137,0.03835927188881003,0.04758488863496003,0.07477903549993824,0.7332395118475239
08_001550_001570_s5,08,4,0,15407,27.3665,27.42151504905715,23.267905527456644,27.308765804565382,0.04914560395801585,0.03380273775996519,0.033609126604351225,2.074029546077092,0.9909781268254689,15407,0.9974686830661388,0.9977283053157655,0.03326167979114069,0.06657935801244247,0.08367898336521276,0.777836116462509,0.04990651428996942,0.034702566189320355,0.0344941896938713,2.080030579412102,0.9911079379502823,15407,0.9974686830661388,0.9977283053157655,0.0335551142543311,0.06805329732177297,0.08518377569613879,0.777389498994015,0.13578664242265323,0.13532814154955203,0.14531308030851875,2.4540786466904048,0.9145193743103784,15407,0.9964301940676316,0.9974686830661388,0.14911108986850247,0.11354807963067073,0.11003881800216693,0.8111089012565283,0.048419440298702515,0.03302564195193147,0.0327435421926181,2.06804399126336,0.9909781268254689,15407,0.9974686830661388,0.9977283053157655,0.03305217539814845,0.06506240615670568,0.08214200837454284,0.7783048082232629
08_001575_001595_s5,08,0,-4,15602,27.3665,29.19009890898726,22.66970663265306,28.248316876688644,0.06861818881428894,0.05441543737266225,0.05542361563573994,3.4758168748892175,0.954364825022433,15602,0.9930778105371106,0.9979489808998846,0.06991483426144447,0.039957999909297284,0.07003587214890453,0.2862086378292985,0.06734458746505396,0.039209230403787,0.03902793384918879,3.2467225404605027,0.9567363158569414,15602,0.9932700935777464,0.9980771695936418,0.06146777913536843,0.03627209005159974,0.1108299991312306,0.23864431103197248,0.19843099034815267,0.20387990457520283,0.2279895227171097,5.004549903463926,0.46526086399179595,15602,0.9707088834764773,0.9941033200871683,0.1971134649835878,0.19909648626083948,0.1513079645133478,0.40871354475977506,0.06102035313929909,0.03936449710346678,0.03967914486795876,3.3305527656867278,0.9569926932444558,15602,0.9931419048839892,0.9980130752467632,0.061617738444250426,0.023995327447982783,0.08572885554888925,0.26320850008436575
08_001575_001595_s5,08,1,-3,14811,27.3665,29.19009890898726,22.66970663265306,28.248316876688644,0.07071059481710876,0.056289436448900464,0.05769539027405424,3.5271425879578273,0.9520626561339545,14811,0.9902099790696104,0.9935183309702248,0.06961193094594802,0.0536822755580913,0.06869890182272285,0.3104866512290311,0.059071270432643916,0.029472238308032875,0.02934481223040164,3.2749818354415807,0.9482141651475254,14811,0.9899399095267031,0.9952737829991223,0.04967966581090686,0.03871557075224384,0.10659014653514715,0.26454011840419445,0.2093433383464144,0.21317803693524262,0.23974355686385795,5.0203276289301,0.36263587873877523,14811,0.9675916548511242,0.9906150833839714,0.2047665340979483,0.20729673649865843,0.17586780132280425,0.4288248283143238,0.0587709644982818,0.03678311453341291,0.037078092132410756,3.3741689600980767,0.9508473431908716,14811,0.9902099790696104,0.9946661265275809,0.05350434267713118,0.03898813795958937,0.08340887385458536,0.28826881162044593
08_001575_001595_s5,08,2,-2,14232,27.3665,29.19009890898726,22.66970663265306,28.248316876688644,0.07583238632817921,0.0754656400546018,0.07827116966497305,3.5451289526150203,0.9697863968521642,14232,0.9920601461495222,0.9936059584035976,0.08384777997632643,0.05515633194326409,0.07177641262981815,0.36284557815833557,0.049303708301352236,0.03191392031716126,0.03223171962419036,3.285351856546306,0.9692242833052277,14232,0.9925519955030916,0.9961354693648117,0.027174697173944436,0.046372642072235515,0.09759708648072812,0.32038804400062926,0.2245592810904338,0.23221337395101488,0.26424130688727965,4.968581679159447,0.26721472737492974,14232,0.9721051152332771,0.9926222596964587,0.24108300079328743,0.20499531216290887,0.17853838356092602,0.472197620344282,0.0590642361782495,0.05179693614365954,0.05273626023751554,3.3919324673264053,0.9694350758853288,14232,0.9925519955030916,0.9936762225969646,0.05490444113202203,0.04479320808976327,0.08054884874668074,0.3423148737483169
08_001575_001595_s5,08,3,-1,13708,27.3665,29.19009890898726,22.66970663265306,28.248316876688644,0.07634724081115676,0.06965448668156153,0.07143024896737327,3.7891465326686227,0.9562299387219142,13708,0.9885468339655675,0.9937992413189378,0.07203988809302694,0.061717773624380634,0.08500963134455551,0.3712557250526876,0.059828215787350036,0.03169149800161489,0.03189941012486752,3.560341455150398,0.9577618908666472,13708,0.9911000875401226,0.9941639918295886,0.021664333578092488,0.06938912030180223,0.10249844869551059,0.329358610923153,0.21687193660494622,0.22280386194234236,0.25203312980352455,5.1036033926684246,0.340822877152028,13708,0.9619929967901955,0.991318937846513,0.23130164603676084,0.19363435422599767,0.18655313475189056,0.47916437030618714,0.06345818710723854,0.050061143212093914,0.05074066133134658,3.6530733636743067,0.9584184417858185,13708,0.9907353370294718,0.9940910417274584,0.04292999921934652,0.05998725779913572,0.0899078446988737,0.35099601654886325
08_001575_001595_s5,08,4,0,12542,27.3665,29.19009890898726,22.66970663265306,28.248316876688644,0.07956362308842366,0.06768225165256013,0.06962618469261828,4.1356056875046425,0.9574230585233615,12542,0.9852495614734492,0.9899537553819168,0.09080526891758967,0.05411974189366259,0.12105144634824609,0.4140115327974679,0.06180755963811251,0.04494313729495009,0.0453121469366804,3.878383055884822,0.9618083240312549,12542,0.9876415244777548,0.991070004783926,0.034266324146617816,0.061924758921924644,0.09917020514561307,0.37496350219546715,0.22666938555380994,0.22407106939059712,0.2534925186290097,5.397729049142911,0.3411736565141126,12542,0.9649178759368522,0.9881996491787594,0.24684640616841275,0.19883534758503366,0.25350814302798264,0.5145821847295253,0.06554630566389044,0.05284953367832821,0.052887678760066836,3.990504138368856,0.9609312709296763,12542,0.9878009886780418,0.9900334874820603,0.06161072468216202,0.04980802211629233,0.10732082671897006,0.3951295230437871
08_001600_001620_s5,08,0,-4,12434,27.3665,27.34918650143576,22.801708245213717,28.539059653676556,0.04002656274723416,0.021398672048610193,0.021381210549465623,2.717648260367675,0.9830304005147177,12434,0.991072864725752,0.9952549461154898,0.020587053624502676,0.044558298493614173,0.1257127888893455,0.7245976495377555,0.04009507676294577,0.021445335625760002,0.02143438845236978,2.7189569507120326,0.9829499758726074,12434,0.991072864725752,0.9952549461154898,0.020402775618929715,0.04480438237032179,0.1260489428975133,0.7247718836633947,0.1802341152935955,0.17124769090795164,0.18782405295954363,3.628549066047616,0.7883223419655783,12434,0.9868907833360142,0.9934856039890623,0.15914993050481513,0.18687965990782346,0.263994415936684,0.7705353609235305,0.05439788683040292,0.04333777666566116,0.0425916076520394,2.6769783103131615,0.9839150715779315,12434,0.9923596589995175,0.9949332475470484,0.05478440960390457,0.0457002122705451,0.10962872377174288,0.7127976135565476
08_001600_001620_s5,08,1,-3,13056,27.3665,27.34918650143576,22.801708245213717,28.539059653676556,0.043378164950207916,0.02922057686843029,0.02950513642710806,2.564559488042955,0.9865962009803921,13056,0.9954044117647058,0.9970128676470589,0.024924122799209032,0.0517305587725021,0.09846587559549752,0.8060420995864365,0.04368691287333413,0.029655350842312363,0.02997203420681993,2.5655062948547966,0.9865196078431373,13056,0.9954044117647058,0.9970128676470589,0.025352981644133892,0.051941704247669904,0.09873962847118628,0.8061648076357059,0.18487644297134234,0.18536305350859722,0.20501272941933468,3.403831633076965,0.7254136029411765,13056,0.9919577205882353,0.9963235294117647,0.18381068660233588,0.18007167057001192,0.22541576593786633,0.8383946994652479,0.04346529636203608,0.026726046365561952,0.026465582120621223,2.549236979973271,0.9861366421568627,13056,0.9958639705882353,0.9970128676470589,0.025537570802460108,0.05201795480833475,0.08830643332971286,0.7977316759467031
08_001600_001620_s5,08,2,-2,12767,27.3665,27.34918650143576,22.801708245213717,28.539059653676556,0.05200945694672484,0.03769516537193977,0.038296245509148896,3.2282041192668163,0.9814365160178585,12767,0.9921673063366492,0.9944387874990209,0.03282895555666731,0.05779709191853239,0.11370023577885448,0.8498694412749397,0.05238088595496813,0.038204901351278894,0.03874511370959266,3.229244194708666,0.9813581890812251,12767,0.9921673063366492,0.9944387874990209,0.03330512701836376,0.05809880924154667,0.1137727854039376,0.8499644218246238,0.19655176858180018,0.1937967441870864,0.21539788712180452,3.997376503248801,0.6076603744027571,12767,0.986136132215869,0.9930289026396177,0.19024255567701817,0.1948530644724438,0.21761479918949245,0.8749115451833538,0.04267338597780353,0.02292378801902645,0.022830912888047283,3.197025255686851,0.9822981123208271,12767,0.9925589410198167,0.9943604605623874,0.02127262254684972,0.04968273562737873,0.11379865811058154,0.8434368672905089
08_001600_001620_s5,08,3,-1,12597,27.3665,27.34918650143576,22.801708245213717,28.539059653676556,0.056963047538069356,0.044848536168708826,0.04565696338490577,2.5880584211478475,0.982853060252441,12597,0.992696673811225,0.9949194252599826,0.042722708217304485,0.060505846650350775,0.10120501138208265,nan,0.05730861965402151,0.04532427438472248,0.046142337715527004,2.589910837638978,0.982853060252441,12597,0.992696673811225,0.9949194252599826,0.04309848992623174,0.06084142662731238,0.1014550368196969,nan,0.20115899825082695,0.2007009881433235,0.22399787381920322,3.697445974115178,0.4911486861951258,12597,0.9885687068349607,0.9941255854568548,0.1949760632487895,0.19882170466071272,0.23668562969450577,nan,0.045230393866791854,0.029981942506753897,0.030036218834670336,2.5193533020545664,0.9815829165674367,12597,0.9929348257521632,0.9950781932206081,0.030117267923886047,0.04870370940357947,0.0940897751322726,nan
08_001600_001620_s5,08,4,0,12899,27.3665,27.34918650143576,22.801708245213717,28.539059653676556,0.06688689992702963,0.05228591532060704,0.05353861362846124,2.506603170261367,0.9747267230017831,12899,0.9919373594852314,0.9951934258469649,0.04562107696590811,0.07136582139280495,0.12313107590033334,0.682490426547292,0.06736132337178068,0.05278625432332184,0.05396391655941235,2.5095543165645924,0.9744166214435227,12899,0.9919373594852314,0.9951934258469649,0.046169736048425634,0.0717980388475036,0.12350513150606467,0.682691299934247,0.2148943165937731,0.20762185618208093,0.23271039959003081,3.827583754412529,0.39809287541669897,12899,0.9841848205287231,0.9932552911078378,0.20272934624856184,0.2142477712131111,0.259537130930482,0.7354517143613212,0.04552976201948158,0.028149349612170985,0.028129448105190136,2.3623190123438427,0.9806186526087294,12899,0.9919373594852314,0.9955035274052252,0.023171791104895156,0.050580465527013854,0.10342413316145146,0.6688862420338649
08_001625_001645_s5,08,0,-4,13980,27.3665,27.61201363197912,21.53721914766702,27.59981088538421,0.057961182183949155,0.03781896349750216,0.037646949811349195,3.1141116578476673,0.9611587982832618,13980,0.9928469241773963,0.9954220314735336,0.043196813921081836,0.054040628681079055,0.10001874186650364,0.23099759480498178,0.058593465894791544,0.03817497348950985,0.03804782720423794,3.0702633127578496,0.9640200286123033,13980,0.9929184549356224,0.9954935622317597,0.04758317260530693,0.05250229514731492,0.09498603315221484,0.22409862805731184,0.22477457322008523,0.21606714760100665,0.2434114437949466,5.083913308632542,0.33240343347639484,13980,0.9582260371959943,0.9933476394849785,0.19189496051462682,0.2361783732657062,0.2821953143975177,0.39480118664176495,0.058531045420620945,0.03810250720824885,0.03802732549588228,3.072330438233666,0.9636623748211731,13980,0.9929184549356224,0.9954935622317597,0.047328330629163036,0.05254946052366267,0.09521662864515999,0.22444152691107366
08_001625_001645_s5,08,1,-3,14208,27.3665,27.61201363197912,21.53721914766702,27.59981088538421,0.061224978946997625,0.036515712726239984,0.03642712673387005,3.580938130511173,0.9685388513513513,14208,0.9862753378378378,0.9900056306306306,0.041535136226773864,0.0640931978429667,0.09763011789905966,0.2539863041430396,0.06296967687093293,0.04022805029287871,0.03989684586621767,3.5522290371318794,0.9698761261261262,14208,0.986204954954955,0.9900056306306306,0.04678904380350269,0.06421277790265811,0.09105349098095582,0.24734634893719157,0.22450069954376273,0.2101457724102501,0.23585279883823573,5.235356030380436,0.3973113738738739,14208,0.9734656531531531,0.9887387387387387,0.19530569529583836,0.2328431306778012,0.2856938487282373,0.41281836600042104,0.06285803601943071,0.04003495949964041,0.03965778120851815,3.5535514460211,0.969946509009009,14208,0.986204954954955,0.9900056306306306,0.046497601586768265,0.06418295221833607,0.09137071352396287,0.24767637415870522
08_001625_001645_s5,08,2,-2,14087,27.3665,27.61201363197912,21.53721914766702,27.59981088538421,0.058228412809871184,0.03415532075991177,0.03404644921567268,2.9331404210073764,0.9768580961169873,14087,0.9870802867892383,0.9892808972811812,0.051589335299094236,0.04447143675383233,0.10945076301435328,0.15352907014643102,0.05919945287428425,0.03787120204947819,0.03754297013071417,2.9054817759855163,0.9778519202101228,14087,0.9868673244835664,0.9892099098459572,0.053264720606141944,0.04665185069040036,0.10499746305259942,0.14780412855130498,0.22569930434427218,0.2144732605468944,0.241311188403889,4.69557764072601,0.3645914673102861,14087,0.9801235181372897,0.9879321360119259,0.21796380326890138,0.20994952108429066,0.28643250664861025,0.32735697618347004,0.0591203459062633,0.03762560416393435,0.0373953255757522,2.906729794579285,0.9778519202101228,14087,0.9868673244835664,0.9892099098459572,0.05315065729263799,0.046505948789548425,0.105200174158169,0.1480851126195732
08_001625_001645_s5,08,3,-1,15398,27.3665,27.61201363197912,21.53721914766702,27.59981088538421,0.07775847741654907,0.04079842669731802,0.0409981867101783,3.026992461545349,0.9485647486686583,15398,0.9788933627743863,0.9884400571502793,0.07741231942961747,0.05832180191961381,0.10159520412482646,0.1919292224049482,0.076090054089449,0.03998966482914808,0.04003872884652826,2.970086326407715,0.9473957656838551,15398,0.978243927782829,0.988245226652812,0.07976252725425736,0.05389331112995247,0.09485667783443123,0.1858214593880632,0.24424516418342257,0.23537421071362233,0.26803617129146273,5.322141194564045,0.22606832056111184,15398,0.9738927133393948,0.9901285881283284,0.22094343218912457,0.24699120458067683,0.2871383527793361,0.36385332984063923,0.07615113843650816,0.040014784095431716,0.04002553142624876,2.9727909039299685,0.9473957656838551,15398,0.9783088712819846,0.9883101701519678,0.07962169714341351,0.05408592914532755,0.09518617655788482,0.18610782933203038
08_001625_001645_s5,08,4,0,16678,27.3665,27.61201363197912,21.53721914766702,27.59981088538421,0.07973269664528869,0.06853412542972682,0.07037999827023067,3.274242546238103,0.9615661350281809,16678,0.986509173761842,0.995503057920614,0.04873895365117919,0.07574431290634054,0.13090300098667065,0.22993278768334538,0.07518929345723326,0.06214499948735293,0.06369102275697536,3.1916785666987533,0.9631250749490347,16678,0.9866290922172922,0.9956229763760642,0.04688034731071377,0.06979992398921077,0.12378624591228098,0.2231625190113319,0.2626428170512276,0.26448201659065396,0.30715281219593404,5.906032218602789,0.13203021945077348,16678,0.96120637966183,0.9874085621777191,0.23509389663789532,0.2584130011177024,0.30969602366603227,0.39383328292300945,0.07540052905971673,0.06244193973244985,0.06396371459416161,3.195688142176415,0.9630051564935843,16678,0.9866290922172922,0.9956229763760642,0.04694954072145749,0.07008305187831566,0.1241372660500642,0.2234954817731099
08_001650_001670_s5,08,0,-4,16576,27.3665,28.33750558123495,20.693741243773346,29.889006371655785,0.06907994989566732,0.0562189529385846,0.05738379901638191,2.2652512011292116,0.9863658301158301,16576,0.9975868725868726,0.999034749034749,0.04164656510251689,0.07339676544448301,0.11040322505450857,0.12490325778817571,0.054701388789876876,0.044455841998853995,0.044624462135964826,2.0002284087121702,0.9872104247104247,16576,0.997104247104247,0.9989744208494209,0.04046097660962924,0.0508158502209903,0.08788350171516505,0.1002950191003932,0.28294054455075485,0.28282534024788925,0.33240849344804446,5.449091152341467,0.03185328185328185,16576,0.962234555984556,0.9986124517374517,0.26018185748850986,0.28571255313413757,0.3183112507787162,0.3354897713557449,0.06296907061557239,0.04869701254300386,0.04851649418758619,1.866327276248617,0.98503861003861,16576,0.995777027027027,0.9989744208494209,0.07268172341043455,0.05101781132018753,0.06725806477060244,0.08060403133626765
08_001650_001670_s5,08,1,-3,16470,27.3665,28.33750558123495,20.693741243773346,29.889006371655785,0.08239495870703917,0.06983949647877388,0.07215193738344716,2.831530405810837,0.9809957498482089,16470,0.9947176684881603,0.996842744383728,0.057748437426738596,0.0851903949754911,0.12097172393768812,0.1577183560648293,0.060864558858614214,0.04446933227597044,0.04504827976265979,2.585151201207093,0.9831815421979356,16470,0.9933211900425015,0.9969034608378871,0.03927651905566801,0.06114235149821323,0.09862710483426802,0.13292725437948752,0.29676897171921846,0.29419290782775614,0.34841247362559846,5.802185536223016,0.03139040680024287,16470,0.937826350941105,0.9952034001214329,0.28132852180693546,0.29427738061650216,0.32805814465307626,0.36104022271043096,0.056827917673193666,0.04215013236684981,0.04191063361318814,2.411407803231336,0.9804493017607772,16470,0.9927140255009107,0.9969034608378871,0.04943167433917146,0.0516059437972967,0.07739102337187262,0.1133994693653807
08_001650_001670_s5,08,2,-2,16469,27.3665,28.33750558123495,20.693741243773346,29.889006371655785,0.08464355473979523,0.06915455905306983,0.07147356909212821,2.7135959729798116,0.9622320723784079,16469,0.988888214220657,0.99332078450422,0.05590662768777345,0.0909096870947375,0.13442073686448894,0.13937381464365797,0.059867115501900554,0.03854891777952845,0.03921340334966383,2.465189770512556,0.9712186532272755,16469,0.9885846135163033,0.99332078450422,0.03016676018433967,0.06674450239861757,0.1105271967792939,0.11318424383586206,0.30026176414508204,0.29398108935394074,0.3480738902472411,5.546875958096413,0.02289149310826401,16469,0.9300503977169227,0.9903454976015544,0.2830009356861523,0.29941229392162994,0.3411174216284583,0.34910153673311844,0.05653637181355648,0.04235457122158448,0.04189334315817894,2.2669674105497646,0.9735867387212338,16469,0.9867022891493108,0.9945351873216346,0.046020417488838984,0.054488347907437895,0.08467291594128659,0.09592625077935076
08_001650_001670_s5,08,3,-1,15750,27.3665,28.33750558123495,20.693741243773346,29.889006371655785,0.09596044655055212,0.07925450776287057,0.08253574074989956,2.9791669627632342,0.9483174603174603,15750,0.9921904761904762,0.9953650793650793,0.07125425007800723,0.09165470892927488,0.152364880716208,0.18160592616698412,0.0683134074243037,0.047504208600798334,0.04856326346874695,2.7127338817759457,0.9579682539682539,15750,0.9912380952380953,0.9954920634920635,0.03994159855650816,0.06696216964087501,0.12514963472365875,0.1661673722981581,0.3105724448410946,0.30279875692365193,0.36067199045898457,5.827708285523005,0.014412698412698413,15750,0.8952380952380953,0.9893968253968254,0.2953368304090929,0.30161244921023944,0.35809958203786485,0.38115450644627663,0.05267956935158594,0.03515694154412223,0.0348969731090043,2.4619267722447744,0.9685079365079365,15750,0.9880634920634921,0.9956825396825397,0.03133753429091686,0.050479566901947416,0.0945117647606779,0.1769977778006551
08_001650_001670_s5,08,4,0,16070,27.3665,28.33750558123495,20.693741243773346,29.889006371655785,0.10984463780989744,0.09552324486688701,0.10029315730780097,3.0521129483372524,0.922713130056005,16070,0.9858120721841942,0.9912258867454885,0.08765900361923987,0.11579293287121896,0.146706932521589,0.14088339222643956,0.08263786640175463,0.06413777732427194,0.06622961933879834,2.8038973150286,0.9408214063472309,16070,0.9839452395768513,0.9916614810205352,0.05704290613119397,0.09169494055132249,0.11892352946313835,0.13640187717644525,0.319093205995022,0.31504021327911963,0.37837062535407073,5.74534091714266,0.019228375855631613,16070,0.856502800248911,0.9852520224019913,0.30634210913458676,0.3157129611141042,0.35423466552266025,0.3486560340980445,0.06040027302954943,0.035296688661567835,0.035389453640965574,2.567272694478319,0.9563783447417549,16070,0.9830740510267579,0.9923459863098942,0.031303599707091206,0.07604365134112777,0.08763335626327737,0.15037532039211607
08_001675_001695_s5,08,0,-4,16464,27.3665,29.17958940406902,22.444050435719642,30.845735900173427,0.13104545194792208,0.11999061408701102,0.12774046518531523,3.3721775092426727,0.9581511175898931,16464,0.98694120505345,0.9953231292517006,0.12888078525732577,0.13061156850679517,0.13102006048728795,0.1842562897656733,0.07926870051914323,0.06342752826965958,0.06546592982270427,2.8948884993302912,0.9730320699708455,16464,0.986698250728863,0.9959305150631681,0.08093740934454685,0.07481603805615321,0.0798284008296214,0.13045481846488863,0.2803745817781354,0.27776955177188956,0.3250201835815927,5.445844505796123,0.034256559766763846,16464,0.9786807580174927,0.9930758017492711,0.271418934070815,0.28527777133186116,0.28368812480393457,0.3309852200639359,0.04626125781365754,0.02446242612496984,0.024540640863498053,2.7219117902329013,0.9740646258503401,16464,0.986212342079689,0.9957482993197279,0.04909443319320026,0.03707279772759555,0.051392279177135854,0.12573950928086824
08_001675_001695_s5,08,1,-3,16265,27.3665,29.17958940406902,22.444050435719642,30.845735900173427,0.1367592493068967,0.12007016450648059,0.12783597160819493,3.545584370209997,0.94036274208423,16265,0.9746695358130956,0.9842606824469721,0.12632257750033235,0.13794764892839412,0.14919426412354828,0.19626434650705782,0.08343560377579447,0.06260239549936364,0.06461489961583089,3.112785614488909,0.9534583461420227,16265,0.9766369505072241,0.9864740239778665,0.07129018878816745,0.08415616147019206,0.09972671488466378,0.14792098424635192,0.2877740687991003,0.27777288683286727,0.32536120259148316,5.442856151325143,0.023854903166308023,16265,0.95456501690747,0.9778051029818629,0.2781542727682414,0.290240026155881,0.2963910461898237,0.3408333713123095,0.050162302060561104,0.02378618327828374,0.023802840529906,2.9419365251111724,0.9570857669843221,16265,0.976391023670458,0.9878266215800799,0.03342290186045368,0.049026128677981735,0.0768045983088935,0.14472912181677489
08_001675_001695_s5,08,2,-2,16330,27.3665,29.17958940406902,22.444050435719642,30.845735900173427,0.13129638050136733,0.11860856441452569,0.1260514804089572,3.116912554126048,0.9449479485609308,16330,0.9860992039191672,0.9933864053888549,0.13733986633666947,0.12199552881286592,0.13294790864173422,0.23820129234659324,0.08158016999590219,0.06166608418435439,0.0635917730423764,2.748755652955617,0.9570116350275566,16330,0.9850581751377833,0.9933251684017146,0.08836783595940621,0.07079948405182881,0.08481753992038339,0.19487523568636314,0.2774716502152496,0.2754942498050617,0.3221738843268487,4.927048497437716,0.050398040416411514,16330,0.9698714023270055,0.9898958971218617,0.2775104846086161,0.27329259614018103,0.28187851301995653,0.3752270616834778,0.053498181600776976,0.02604477767474872,0.026033590733145928,2.663064840905083,0.9570728720146969,16330,0.9826699326393141,0.9934476423759951,0.0517523086879904,0.04292386481922117,0.07678181463180299,0.19777316998896421
08_001675_001695_s5,08,3,-1,15359,27.3665,29.17958940406902,22.444050435719642,30.845735900173427,0.088925119158506,0.05569357256063953,0.0571952473656574,2.844558925935526,0.9355426785598021,15359,0.9725242528810469,0.9892571130933003,0.09994094285395465,0.07742146381792026,0.07954150917105375,0.3439545452162087,0.0675167595782909,0.028743308323268813,0.028619800037988252,2.730940140878059,0.9423139527312976,15359,0.9692037242007944,0.9859365844130478,0.07364268855909176,0.05720625200388231,0.06573964453790271,0.3335160787403504,0.23657424858776893,0.22327318097502624,0.25235891703883895,4.3299597695116745,0.16856566182694185,15359,0.9598281138094928,0.9901686307702324,0.24214338224093143,0.22815973336111475,0.2339101791119889,0.45156738440478317,0.10271289637125393,0.07281318625908811,0.07041524841538394,2.9049056578257413,0.9449833973565988,15359,0.9673806888469302,0.9839833322481932,0.11245229414575739,0.09058101226192064,0.09893289834165622,0.3415098401362601
08_001675_001695_s5,08,4,0,14882,27.3665,29.17958940406902,22.444050435719642,30.845735900173427,0.08172298628658513,0.054356658264631666,0.05574891303759544,3.5934985707293263,0.9395242574922725,14882,0.9698965192850423,0.9799086144335438,0.07618051724137938,0.06205861914191188,0.12758894271492544,0.3789081873376547,0.06523900515752132,0.03328873340642945,0.033080503613854395,3.4606897906130625,0.9440263405456256,14882,0.9703668861712136,0.982529229942212,0.040939905994756026,0.06624871861802362,0.11501512384831358,0.37137207580225706,0.23496548578241336,0.22187976308262514,0.25081427640789,4.933507284980514,0.259911302244322,14882,0.9528961161134256,0.9754065313801908,0.23703543768092195,0.20924752277026143,0.2765153166998179,0.4818752026754714,0.09969573590322843,0.07668260684106004,0.0739992527117983,3.559285209632304,0.9408681628813331,14882,0.9707700577879317,0.9857546028759575,0.06881309513467608,0.11331472652477749,0.13932545995423215,0.381399995531099
08_001700_001720_s5,08,0,-4,15042,27.3665,30.58134313550404,24.00974834070796,31.111419445720355,0.183995871548826,0.11362507867462854,0.12047796837452895,3.6932838812914657,0.9238133226964499,15042,0.9625714665602978,0.9771307007046935,0.2965121851864768,0.11331642795560772,0.13025362585955108,0.2654214772745618,0.1300014328459253,0.02788894410249093,0.02801192513906403,3.1037678275399387,0.922882595399548,15042,0.965629570535833,0.9782608695652174,0.2651471514553136,0.042659856564057456,0.07343422356690361,0.2010111426893356,0.26847392112354856,0.22063424827988626,0.24919010208946912,4.994382484238113,0.27376678633160484,15042,0.9542614014093871,0.9697513628506848,0.35262141428648164,0.21423655096942332,0.22836542392165057,0.3532285544829346,0.13375907682234353,0.028355929385384043,0.028160966260510456,3.100545574457173,0.9207552187209148,15042,0.9666932588751496,0.9781943890440101,0.27123039543422905,0.04583015623376677,0.07566625934365767,0.19452442119959934
08_001700_001720_s5,08,1,-3,15222,27.3665,30.58134313550404,24.00974834070796,31.111419445720355,0.1416888641304783,0.1322828811275856,0.14179308026780535,3.9846580557305673,0.9192615950597819,15222,0.971488634870582,0.9841676520825121,0.14415082845889754,0.12517934519887358,0.15981030420499429,0.29326427327196153,0.06616390547734477,0.04044820192206579,0.04095649028681081,3.3636611696084824,0.9559190645118907,15222,0.9768098804362108,0.9852187623176981,0.04819561850254081,0.06312750504675192,0.09705065109252531,0.24716621756724974,0.24267965396293137,0.23811676507691498,0.27192726321620986,5.171728606736108,0.18683484430429642,15222,0.9588753120483511,0.9770726579950072,0.24834473126002346,0.2245209851368847,0.25848857214288257,0.37943831860836136,0.06121664506178167,0.031308895998546665,0.03150216056459165,3.3333390507784353,0.9557219813427933,15222,0.978058073840494,0.9854815398764946,0.03561117229388698,0.06346948031690709,0.09676376125885941,0.2466101333788746
08_001700_001720_s5,08,2,-2,15349,27.3665,30.58134313550404,24.00974834070796,31.111419445720355,0.14685171385983017,0.1337586047940996,0.14327875997667938,3.5771362992528166,0.8916541794253697,15349,0.9680109453384586,0.9861228744543619,0.14937645237721012,0.1322902560745185,0.16084091900212108,0.3723467021372205,0.08322859940889635,0.05134967145738205,0.05209686173244288,2.9733039029500827,0.9398657893022346,15349,0.9725063522053554,0.9857971203335723,0.08249940283562508,0.07516280799248022,0.08850075248740451,0.30619277834599723,0.2426707211181511,0.23842952898279932,0.27217320587230853,4.723044451136459,0.26568506091602057,15349,0.9512020327057137,0.9820835233565705,0.2436797382360961,0.22859324592008345,0.2607867475853399,0.4493341228545575,0.08197427147117464,0.045157655222810233,0.04537510889533358,2.9449306813826768,0.9403218450713402,15349,0.9734184637435663,0.9857971203335723,0.07937530397805315,0.0765115396049274,0.08565732523061273,0.2983367016737975
08_001700_001720_s5,08,3,-1,15223,27.3665,30.58134313550404,24.00974834070796,31.111419445720355,0.15584155854775322,0.11832416546432319,0.12557839667628734,3.460036438569415,0.8619194639689943,15223,0.9509952046245812,0.9748407015699928,0.17367881844954858,0.12911881965048652,0.16059395093677542,0.3735579231425928,0.10207504181282231,0.038716962531750485,0.03888933964011132,2.996118551175531,0.9120409906063194,15223,0.9544110884845299,0.972344478749261,0.11600024423323713,0.07993755072881982,0.10659657121405608,0.30638835878532467,0.24407764196957393,0.2245173564452546,0.25384492004926806,4.512764158133065,0.3030940024962228,15223,0.9277409183472377,0.9765486434999672,0.25931936954709034,0.21679770171324536,0.2570582506158056,0.4503967765195847,0.10407173875366725,0.04110788532409524,0.0408319052264412,2.992782709674875,0.9140116928332129,15223,0.9545424686329895,0.972344478749261,0.11839071968742797,0.0828738967439662,0.1061026032104933,0.29848708438285304
08_001700_001720_s5,08,4,0,14400,27.3665,30.58134313550404,24.00974834070796,31.111419445720355,0.16045546862486937,0.13853128498566494,0.14865551460878135,3.930125687324339,0.8709722222222223,14400,0.9492361111111111,0.9727083333333333,0.14787276263605284,0.14992784982380827,0.23265416396561148,0.2299144287920504,0.08504001753517683,0.04597459975724641,0.04684297430557183,3.281196989139028,0.9063888888888889,14400,0.9656944444444444,0.976875,0.054259091000290714,0.08743754455978832,0.16293561343745994,0.14119280247442167,0.2548277050912885,0.2427605401310437,0.27807226051618983,5.006241270945687,0.14395833333333333,14400,0.9197222222222222,0.9646527777777778,0.25058971514339545,0.2383618696449221,0.32487503804428547,0.32437247125086466,0.07807833674435127,0.03460012982963523,0.03503514243153805,3.2280549470561457,0.9070833333333334,14400,0.9669444444444445,0.9777083333333333,0.042565779476713715,0.0838109393960534,0.1576260760664861,0.1297020362405596
08_001725_001745_s5,08,0,-4,15431,27.3665,35.08507652689707,28.31744766602503,37.383608093287975,0.2313519509312507,0.22194711436170217,0.250767124639657,4.363951239843409,0.2571447087032597,15431,0.9529518501717322,0.9894368479035708,0.22233518987305945,0.22269548897712016,0.2694052682158471,0.2906710818023293,0.06030661582991324,0.030037295608244682,0.029993158849394463,2.479649737680535,0.9418054565485062,15431,0.9862614218132331,0.9963061369969541,0.030296475158372135,0.07142601751753413,0.10265182592678423,0.1717009226736239,0.20607589211307342,0.19531864226240406,0.21685273339808897,4.032041975771012,0.5501263689974726,15431,0.9655239453049057,0.9911217678698724,0.19575842201523846,0.19877615077019628,0.24420897239256373,0.2665301711442278,0.09124343120431866,0.07227140379163191,0.07014326467737586,2.5679598968717228,0.9460825610783488,15431,0.9845116972328429,0.9957228954701575,0.06858154739134001,0.10680886397018982,0.10612187605869094,0.19875293142628855
08_001725_001745_s5,08,1,-3,14601,27.3665,35.08507652689707,28.31744766602503,37.383608093287975,0.2676011815914858,0.2582766798418973,0.29870771984709643,4.491196333011775,0.0673926443394288,14601,0.9413738785014725,0.9800013697691939,0.25797359378394574,0.26449531475309135,0.2958169573980525,0.2929746317450159,0.0820332255532056,0.05485422791609563,0.056286407137958516,2.4370864255523297,0.9371960824601054,14601,0.9765769467844668,0.9883569618519279,0.06126871621056877,0.08438728542512207,0.12156566440411078,0.14629335402890595,0.24332222978732104,0.23262134823449723,0.2646204868981581,4.165926671978223,0.184165468118622,14601,0.9556879665776317,0.9826039312375865,0.2332800690212703,0.24055627333686136,0.27170335064186174,0.26840648734355554,0.06866109409383847,0.03713077881983355,0.03698487658354521,2.345809012934405,0.9440449284295597,14601,0.9778782275186632,0.9878090541743716,0.04843748222209512,0.07152570915101782,0.10407289435318355,0.18155947255990057
08_001725_001745_s5,08,2,-2,14481,27.3665,35.08507652689707,28.31744766602503,37.383608093287975,0.25886491682309876,0.24368366456393933,0.27918329119934593,4.700904028472683,0.09805952627580967,14481,0.9534562530212002,0.986879359160279,0.2599655921984612,0.2578540902407503,0.24571599383299128,0.3860778759668158,0.08108836788680228,0.041794128467096854,0.042368234010301764,3.2000746737205104,0.9483461086941509,14481,0.9739658863338168,0.9800428147227401,0.08086208981981016,0.07521346877921024,0.08602909137607449,0.22890807446843617,0.23479949615374165,0.21749452949550832,0.24515589914609603,4.4192601059847,0.31959118845383605,14481,0.9604999654719978,0.986050687107244,0.23680006463639686,0.23317348433607726,0.220098441449907,0.36474493931176366,0.08711641660907851,0.04931100463585702,0.04847353829603529,3.2668389783872667,0.9473793246322768,14481,0.9739658863338168,0.9792141426697051,0.08671299534151251,0.07777498651301104,0.10402821187976574,0.2307915434828341
08_001725_001745_s5,08,3,-1,15599,27.3665,35.08507652689707,28.31744766602503,37.383608093287975,0.2759956441210171,0.2650210824275363,0.30790999035141686,5.213827948003308,0.057247259439707675,15599,0.9545483684851593,0.9855759984614398,0.27000489288291574,0.27869598643362,0.27937748159807285,0.33122115193112817,0.08878453024848469,0.05950726379301109,0.061271669199858714,3.2522878184307453,0.9571126354253477,15599,0.9803833579075582,0.985319571767421,0.09008348717991274,0.08063772473982776,0.09944733876873992,0.1508148561202569,0.25179136542135894,0.23949824697045993,0.2737549614165218,4.901959335398824,0.12128982627091481,15599,0.9634591961023142,0.9866017052375152,0.24643387865786667,0.2539081771687778,0.2546468895142533,0.30798202070652864,0.06225707183278544,0.023620441878678015,0.023591504957355625,3.0982312914744186,0.9630104493877812,15599,0.9814090646836335,0.9856401051349446,0.07006651929200448,0.04357916489252854,0.08240239799272078,0.12787903448830676
08_001725_001745_s5,08,4,0,15740,27.3665,35.08507652689707,28.31744766602503,37.383608093287975,0.2657551390198931,0.2672056046038486,0.3104577838273124,4.289782509516588,0.06016518424396442,15740,0.9735069885641677,0.9953621346886913,0.26685187713710273,0.26199532415408183,0.2753438370130298,0.27844120703957587,0.07244183698864748,0.06419458833997427,0.06609444435900169,2.1475524618365656,0.9743329097839898,15740,0.9926937738246506,0.998856416772554,0.06272462186150925,0.07354794235287342,0.09851564064518277,0.10352008346867532,0.24067208270255996,0.2418144996687162,0.27672284772850864,3.9596417440458547,0.12668360864040662,15740,0.9819567979669631,0.9963786531130877,0.24146850023105496,0.23704248131252378,0.2507692486292464,0.2533680464210988,0.04849278846503091,0.03155801581631726,0.03149480873547794,2.0422027732154677,0.975412960609911,15740,0.9947268106734435,0.998856416772554,0.031054931611745044,0.05220397090011986,0.0879629366973831,0.11781931049419457
08_001750_001770_s5,08,0,-4,15857,27.3665,35.57475057892705,29.66866041315346,36.77704534696776,0.2559470707752085,0.2349620607028754,0.267588083303703,5.842074109129997,0.12726240776943937,15857,0.919089361165416,0.9738916566815917,0.2440082969629999,0.26193644020063456,0.2596400846860242,0.3352848988086697,0.06990767133735235,0.029858073988350116,0.029852619722766205,3.9989841051139616,0.928927287633222,15857,0.9701078388093587,0.9850539194046793,0.03867595970695812,0.08440356478997775,0.11018059054497206,0.17617449983447153,0.1957802519306124,0.17112595020823237,0.18744182791488684,5.1037479232115315,0.7211956864476257,15857,0.9512518130793971,0.9774232200290093,0.1824707206322437,0.20246217764709543,0.20120885844788314,0.2793668679319416,0.07793435356938401,0.04365338818476858,0.043030669828336254,3.9783039918813823,0.9353597780160182,15857,0.9700447751781548,0.9854953648231065,0.04903154186866546,0.0943469846368051,0.11082210520536906,0.16401744741048016
08_001750_001770_s5,08,1,-3,15766,27.3665,35.57475057892705,29.66866041315346,36.77704534696776,0.27244041408444003,0.2589964846158219,0.29951710880265514,5.740270328923716,0.04103767601167068,15766,0.9403780286692883,0.9827476848915387,0.2560925431943913,0.2879397777514654,0.2775476394473229,0.292257639640556,0.07224245520574948,0.040977179448341325,0.04164956510943263,3.410020761900825,0.9393631866040847,15766,0.977736902194596,0.9894075859444375,0.049889268706187304,0.08945371194960156,0.0901242865198029,0.10263445265949696,0.2138220816219585,0.19704906342049897,0.21929294663421017,4.881318413085839,0.535519472282126,15766,0.9598503107953825,0.9872510465558797,0.19668370225450146,0.23092668845987058,0.21740919918614277,0.23272054124648647,0.06113069172700237,0.026827991350730974,0.026813447141419644,3.3347494185770676,0.9458328047697577,15766,0.9773563364201446,0.989027020169986,0.03970179181019405,0.07454548082739912,0.08857417127654789,0.08904442753445949
08_001750_001770_s5,08,2,-2,15438,27.3665,35.57475057892705,29.66866041315346,36.77704534696776,0.2716202719957823,0.25367302423831983,0.29236799604807184,6.013262079165781,0.04061406917994559,15438,0.9529084078248478,0.979466252105195,0.2703879559730269,0.2680197912824675,0.2578796316786188,0.31525470325070487,0.0705449441787915,0.03359545598564789,0.03409549993609251,3.346493572132364,0.9546573390335535,15438,0.9753206373882627,0.9817333851535173,0.0693339858081292,0.0645789306938627,0.06531614040947771,0.1117459989614735,0.21285629143410603,0.19116600839883346,0.2121150684060954,5.09513403771054,0.6164658634538153,15438,0.9684544630133437,0.9806322062443321,0.21277607143021385,0.2076064162444417,0.19784088431124935,0.25765166613345397,0.06157638745079723,0.024221448394335987,0.024102198824435206,3.194434447869041,0.9578961005311569,15438,0.9749967612385024,0.9816038346936131,0.05982604246676238,0.05825120989983708,0.061224561436594625,0.08803011649128113
08_001750_001770_s5,08,3,-1,16397,27.3665,35.57475057892705,29.66866041315346,36.77704534696776,0.2741981840124809,0.27555380067567575,0.32234044375299087,7.208639748927053,0.07202537049460267,16397,0.9573702506556078,0.9812770628773556,0.2692315336818543,0.2681456468355152,0.2568753700394919,0.3850472444591662,0.07694576727429324,0.06270040873723218,0.06433865384933912,4.799226220971581,0.9624321522229676,16397,0.98682685857169,0.9926815880953833,0.06091109341682914,0.07510072933853082,0.066972584743493,0.2129902093329929,0.21424337276469846,0.21465310671064372,0.24161469277299785,6.374973830789277,0.3976337134841739,16397,0.9699945111910715,0.989937183631152,0.20826234636548802,0.20837186969535113,0.19541999097579724,0.3333153865392369,0.06590764262525929,0.04078417275103407,0.04111776522285693,4.633106115779107,0.9617612977983777,16397,0.9882295541867415,0.9924986277977679,0.05102512060416589,0.06144907081678622,0.06311658289771901,0.19888301796582053
08_001750_001770_s5,08,4,0,16233,27.3665,35.57475057892705,29.66866041315346,36.77704534696776,0.3031512603342624,0.3012422877161182,0.3582000816518254,8.584693889892893,0.04318363826772623,16233,0.91246226821906,0.9578636111624469,0.2808438507954569,0.2940485023408078,0.3179074009342127,0.5125504901595709,0.10918608769345374,0.09493479845953486,0.09936289601821269,6.0014313497210585,0.9168360746627241,16233,0.9655639746196021,0.9895891086059262,0.0787077915090289,0.10288756865940106,0.12585535494667455,0.367834949722812,0.24624759225410967,0.24254900030552956,0.2777041468970287,7.756040898429168,0.24764368878211052,16233,0.9317439783157765,0.9763444834596193,0.22154091973437814,0.23834923942715763,0.2606076865995819,0.47154462660501706,0.0899762209040717,0.06844341327665394,0.07026688129716341,5.742108197155434,0.9201010287685579,16233,0.9722170886465841,0.9897123144212406,0.062431957896678165,0.07771212062387217,0.10940949186216237,0.3504440965893076
08_001775_001795_s5,08,0,-4,16433,27.3665,34.445579385981894,27.244898015802562,36.24391237889065,0.2181862062194994,0.21552308184749622,0.24272858584911372,5.996766546463205,0.3252601472646504,16433,0.9844215907016369,0.9960445445140875,0.193595713232255,0.20784323677425862,0.24958459202110056,0.31045854022166836,0.056855703068827736,0.03211759872954779,0.03235619611225937,2.966366011837211,0.9796141909572202,16433,0.9942798028357573,0.9967139292886266,0.039049524405882045,0.042800552206226646,0.08311937338546949,0.14812784267724696,0.22159868289943388,0.21900887468927113,0.24717653155222297,6.059116820784058,0.30237935860767967,16433,0.9834479401204893,0.9960445445140875,0.1971552843956079,0.21125396352172654,0.2528536447780981,0.31352249102631785,0.07280270054809118,0.0520508822808456,0.05121246160432946,2.664110823179248,0.9846650033469239,16433,0.9939755370291486,0.9969573419339135,0.06970180956323897,0.06781096418584524,0.07361316563870017,0.11503255929646745
08_001775_001795_s5,08,1,-3,16394,27.3665,34.445579385981894,27.244898015802562,36.24391237889065,0.22375508556953108,0.22291135562378722,0.2521461234640696,6.093465087573322,0.302610711235818,16394,0.9809076491399292,0.9919482737586922,0.2258920662674237,0.20238182842529598,0.2213830510511595,0.30306948963677544,0.06057242449643547,0.035537400856077095,0.03586085740037981,3.4330144510089955,0.977674759058192,16394,0.9893253629376602,0.9923752592411857,0.04139754760504937,0.04168162038355379,0.09004672918121683,0.14058765921889882,0.2271579188264285,0.22635974603839326,0.25659793480344883,6.153763826400336,0.27985848481151643,16394,0.9804196657313652,0.9919482737586922,0.22929264212119557,0.20590843819935015,0.22471897352709955,0.30616627340188607,0.06898841876812914,0.04403687773879246,0.043394413352464634,3.2975598035562226,0.975295839941442,16394,0.9885323898987435,0.9928022447236794,0.04964151789427943,0.06365504340507663,0.09239775083804037,0.11212378397865021
08_001775_001795_s5,08,2,-2,16592,27.3665,34.445579385981894,27.244898015802562,36.24391237889065,0.21698626704750643,0.22025597426470592,0.2486359748328364,5.6169455620139335,0.33582449373191897,16592,0.9811957569913211,0.9932497589199615,0.20768601574554466,0.20629537018447427,0.21791785879721473,0.32696758165209744,0.061901147593189605,0.03978514861162208,0.04016029002699706,3.354328636979745,0.9709498553519769,16592,0.9902965284474445,0.9942140790742526,0.034492461001762634,0.061833535255821935,0.08333236865979848,0.15748707114743232,0.22036854731052338,0.22368002934352177,0.25307710513639337,5.66946965190135,0.31292189006750243,16592,0.981135486981678,0.9931894889103182,0.21120663228740122,0.20964509324604935,0.22124088567023362,0.3299581751697305,0.072347881384221,0.04695297435253374,0.04632264902651073,3.247458340143675,0.9658269045323047,16592,0.9879459980713597,0.9942140790742526,0.04958265415538322,0.07360558234517628,0.09863389215210493,0.12549033501946125
08_001775_001795_s5,08,3,-1,16761,27.3665,34.445579385981894,27.244898015802562,36.24391237889065,0.2051762701958729,0.2020043402777778,0.22558930059861404,4.87739751390958,0.4752699719587137,16761,0.9833542151422946,0.9942127558021597,0.19087834428472955,0.20614158086886966,0.20040859451771295,0.33868464179485114,0.05767388998757454,0.033823391897415,0.03392227752917476,2.9433819369318797,0.9704074935863015,16761,0.9915876141041704,0.9946303919813854,0.029860337037813593,0.05378867949396859,0.10260117099349152,0.17194577681017192,0.20858733485857556,0.2055396499009341,0.23004064146443692,4.9263568741453545,0.43070222540421216,16761,0.9832945528309767,0.9941530934908418,0.1944722355606044,0.20941879122884663,0.20386876879203478,0.3416231710089628,0.08340940145025899,0.06375182558907692,0.06205587639559873,2.972407741640729,0.9705864805202553,16761,0.9906926794344013,0.9942724181134777,0.07161709178311206,0.07161742844936031,0.12669574196318834,0.14096096359473698
08_001775_001795_s5,08,4,0,16103,27.3665,34.445579385981894,27.244898015802562,36.24391237889065,0.21588242878915145,0.21063738631556692,0.2365014474038769,4.91556168880086,0.3874433335403341,16103,0.976339812457306,0.9936657765633733,0.21787107207162518,0.21131915185419833,0.20011051313353664,0.3777799163779153,0.05534422724125097,0.03182963249972545,0.03199566496883399,3.0837336759676193,0.9687014841954915,16103,0.9883251568030802,0.9926721728870397,0.03394389409249536,0.05823311364119288,0.07641677374500294,0.22003996459066685,0.21925759774640421,0.2141448885564563,0.24095481023975207,4.964178435323369,0.3533503073961374,16103,0.9760293113084518,0.9938520772526859,0.22133619479373423,0.2145814302203031,0.20355715785721867,0.38054472725164556,0.07467697961295477,0.05252273638301909,0.0513378902033943,3.1551650025523945,0.9700676892504502,16103,0.9885735577221636,0.9914922685213935,0.04559103976219353,0.08828886834528386,0.09977007342097222,0.19098618658154384
08_001800_001820_s5,08,0,-4,16646,27.3665,30.73541634052684,23.675897988505753,33.01192275182371,0.18025527588528567,0.17330364583333338,0.19030655544958386,3.6875584678806894,0.7517121230325604,16646,0.9919500180223477,0.9944731467019103,0.18124396069525625,0.18404710366647575,0.16858709418877454,0.31423379825221665,0.08544097134370815,0.07256496516739105,0.07523743124061832,2.5218571821632016,0.9805959389643157,16646,0.9933317313468701,0.9942328487324282,0.08214809831707286,0.08732009871455894,0.08290953683184382,0.22981346818263768,0.28993221792733764,0.2847523839224826,0.3351194794788367,5.357672002151583,0.02703352156674276,16646,0.9476150426528895,0.9944130722095398,0.29078776534248557,0.29300677871074904,0.2801303553215777,0.4067151211683784,0.04745677145515676,0.026562534518899984,0.026548728473851035,2.2380470088210203,0.9891865913733029,16646,0.9933317313468701,0.9944130722095398,0.028494859345838664,0.04951596245348943,0.06858379638971011,0.18561129209524063
08_001800_001820_s5,08,1,-3,16206,27.3665,30.73541634052684,23.675897988505753,33.01192275182371,0.1597885942584027,0.15815381556023037,0.17213961020818802,3.1726782500896555,0.8585091941256325,16206,0.9955572010366531,0.9964210786128594,0.17338057493727702,0.1496954356998673,0.15167478063935955,0.35146774488401983,0.07032268628996843,0.05906389478174209,0.06067041192038669,2.112092709895388,0.9908675799086758,16206,0.9960508453659138,0.9963593730717019,0.07336527218545365,0.05664124358224679,0.08104024122578378,0.27785333924993766,0.2711920762782127,0.2716473987997994,0.3169670524113517,4.829098305675145,0.06269282981611748,16206,0.9832160928051339,0.996482784154017,0.28308484593878525,0.2638952752153528,0.26206012956861535,0.4389277578652171,0.05186370928096098,0.03191390429108282,0.03180924057972512,2.0451701169823746,0.9872886585215352,16206,0.9959891398247562,0.996482784154017,0.03548636553790583,0.048429070914693104,0.07583954835193384,0.23080616709420326
08_001800_001820_s5,08,2,-2,15702,27.3665,30.73541634052684,23.675897988505753,33.01192275182371,0.13543243954399464,0.13877879130887555,0.1493969328167002,2.7820533711603717,0.9387976054005859,15702,0.9970704368870208,0.9984715322888804,0.14572374801245463,0.12228561198421123,0.1373532184732664,0.2545050150580191,0.04960143324783672,0.04104468492659022,0.04162876244088998,1.7526808872952013,0.9930582091453318,15702,0.9980257292064705,0.9990447076805502,0.04083767038890573,0.039860445258604084,0.07208637556565177,0.16719703629759539,0.2499407689389568,0.25485906924034474,0.29417706656096076,4.471609514931765,0.09756718889313463,15702,0.9935040122277417,0.9980894153611005,0.26093006427346715,0.23985951341927958,0.24692441197274073,0.35504126525390617,0.058278388207502536,0.04364966467277567,0.042882076382074974,1.8548588547427192,0.9842695198063941,15702,0.9981531015157304,0.9992357661444402,0.031190598173388935,0.07007227351036477,0.07501641049638601,0.1541481512036632
08_001800_001820_s5,08,3,-1,15595,27.3665,30.73541634052684,23.675897988505753,33.01192275182371,0.12336609762945853,0.12257311717998079,0.13041075458926232,2.8587454912075922,0.941391471625521,15595,0.9954472587367746,0.9980121833921128,0.12116913340026596,0.10989962760886102,0.14892820844836271,0.30531229220698963,0.051181631198209634,0.035098844754357754,0.03526064423172093,2.053492381491166,0.9818531580634818,15595,0.9960884899006092,0.9983969220904136,0.025114674606930436,0.05400752334287756,0.08444768011564388,0.2230707313278114,0.23555962546534534,0.2400774612429132,0.2744850373004475,4.446060860959698,0.16851554985572298,15595,0.9908945174735492,0.9967297210644437,0.2396868453486777,0.2220714934848849,0.250495155808624,0.39899675502617404,0.08026121533844333,0.06379592620156259,0.06214312566761704,2.264055289836252,0.9627444693812119,15595,0.9969220904135941,0.9982686758576467,0.06013184195865787,0.09465519446643011,0.07968063903278551,0.19281606919478353
08_001800_001820_s5,08,4,0,15497,27.3665,30.73541634052684,23.675897988505753,33.01192275182371,0.1322885314147317,0.12709942749543524,0.1355942289201184,2.937976928807893,0.9165644963541331,15497,0.9979350842098471,0.9992256565786927,0.11424746489231925,0.12671534905306206,0.17396711112753113,0.24428013523843572,0.05371951053359439,0.03510657772829331,0.03531714900469374,1.9151443796871923,0.980125185519778,15497,0.9983222559205007,0.9995482996709041,0.021926216643633246,0.0620227108748657,0.08738250707262427,0.15124825314697465,0.24346510530546792,0.24377742957984042,0.2793596489185268,4.606423955107217,0.10931147964122089,15497,0.9874169194037555,0.9989030134864813,0.23369862188186977,0.23361046268703323,0.28071457413796064,0.3461952962204827,0.07355630135299206,0.06027876893878241,0.05897914326270515,1.9596347361026147,0.9667677615022262,15497,0.9974188552623088,0.9996773569077886,0.06853108502560168,0.08273564833710252,0.057848532468551955,0.09740865092753713
08_001825_001845_s5,08,0,-4,15609,27.3665,24.439907981293953,20.758647872740962,25.156075079761298,0.13814088965638577,0.1399646381578946,0.1312658072897992,2.4793389091908526,0.9454801716958166,15609,0.9909667499519508,0.9999359343968224,0.17084448169552519,0.1279215907172701,0.10412853726944896,0.10661792726529959,0.06686191973283813,0.04817065670689873,0.047496531009062704,1.6989469799071435,0.9597027356012557,15609,0.9975014414760714,1.0,0.04630315916457953,0.08093922717241403,0.06563918619874184,0.12363092064145863,0.15351096502522296,0.13788559360287247,0.14767432359563326,2.9619249805986954,0.7801268498942917,15609,0.9946184893330771,0.9996796719841118,0.11186493306563464,0.17026503407665497,0.18551076832613692,0.22984169059688872,0.07796068458391824,0.06528953347513929,0.06421473435308478,1.7419366567750139,0.9578448331091037,15609,0.9973733102697162,1.0,0.07631706576349256,0.08409405736928749,0.06296215076122229,0.1141508099204667
08_001825_001845_s5,08,1,-3,15927,27.3665,24.439907981293953,20.758647872740962,25.156075079761298,0.09335109995338796,0.09306216825902322,0.08941869735429897,1.9203874147471909,0.9777735920135618,15927,0.997614114396936,0.9996232812205689,0.11473040105679834,0.07618253756358699,0.10154487128929589,nan,0.0663524101487375,0.04106006839961226,0.04144886393932645,1.8921879480505521,0.9487662459973629,15927,0.9986186978087525,0.9996860676838074,0.02133843810913057,0.08460075823536788,0.09331505715057574,nan,0.19169945870991575,0.17751197592405296,0.19531462911463393,3.5442901153448267,0.6322596848119545,15927,0.9925284108746154,0.9990582030514221,0.1544298368963007,0.20619730472536618,0.21553972532510807,nan,0.0615901970275903,0.043592634313241584,0.04304497008049979,1.7359087748738644,0.9792804671312865,15927,0.9983675519557983,0.999748854147046,0.030645112599026518,0.07183049888079061,0.08587982425446705,nan
08_001825_001845_s5,08,2,-2,16537,27.3665,24.439907981293953,20.758647872740962,25.156075079761298,0.08502136672095482,0.07916663396860973,0.0764728965827417,2.0216557567947686,0.9731511156799904,16537,0.9979440043538731,0.999092943097297,0.09847332390966756,0.07289040283972115,0.09538954953023715,nan,0.0772613725200505,0.05748991609470939,0.05897341014006141,2.394719357339822,0.9191509947390699,16537,0.9978230634335127,0.999697647699099,0.025802584912452756,0.08715863429270751,0.12105373498642923,nan,0.20337050339533388,0.19300901276404828,0.21443763077955946,4.2114811464463475,0.5399407389490234,16537,0.9843986212735079,0.999092943097297,0.1667615175985195,0.2054227686162517,0.24593837848197556,nan,0.06667790265675105,0.04563528393901685,0.04550151451622675,2.164558079395135,0.9558565640684525,16537,0.9978835338936929,0.9997581181592792,0.023386552812458678,0.07284146877737083,0.10851292721967767,nan
08_001825_001845_s5,08,3,-1,17289,27.3665,24.439907981293953,20.758647872740962,25.156075079761298,0.07296535185306896,0.05415335584343989,0.05316144438234671,2.190735215053384,0.9625773613280121,17289,0.996298224304471,0.9995372780380589,0.05663179471421594,0.07216292599304171,0.08896444211524265,0.15200637917635232,0.10219862433558365,0.0881498210401258,0.09172858858209798,3.035065929158481,0.8865174388339406,17289,0.997107987737868,0.9988431950951472,0.058338880210032695,0.09978191355324466,0.1488038802693573,0.24269139050831398,0.22386727138848772,0.22027531867636854,0.24871293820914264,4.998019686113505,0.34975996298224304,17289,0.9671467407021805,0.9987275146046619,0.2001765466493404,0.2119321379681176,0.27129562590065337,0.3567609678618486,0.08209191035802745,0.06547432639515723,0.06722727867008027,2.732561358767255,0.9319798715946556,17289,0.997281508473596,0.9995951182833015,0.032421743223419466,0.08252943640919551,0.12838072031994519,0.22049983766289755
08_001825_001845_s5,08,4,0,17498,27.3665,24.439907981293953,20.758647872740962,25.156075079761298,0.0670946160196794,0.05015908878523409,0.04966164426261188,1.9555292010519347,0.9730826380157732,17498,0.9977140244599383,0.9990284603954738,0.06182764249795217,0.06312268766899903,0.07906152767267571,0.14384843665398822,0.10423683905266604,0.10094361205856012,0.10586842918709771,2.9957401433639355,0.8942736312721454,17498,0.9961138415818951,0.9983998171219568,0.07615804370672125,0.09573176525492116,0.1584120455416157,0.2354058638767292,0.22947830882649548,0.23323838858291807,0.26557933244142173,4.991164253267126,0.30734941136129845,17498,0.9744542233398102,0.9971425305749229,0.20472865340879554,0.22084100755591757,0.27980510763169947,0.35057282337176704,0.08467198388506418,0.07799223119333565,0.08067283633114664,2.6643111319938293,0.9462795748085495,17498,0.996628186078409,0.9987427134529661,0.05684300727867362,0.07725246015222752,0.13580791140339749,0.21300082191046413
08_001850_001870_s5,08,0,-4,17533,27.3665,26.69682754464625,23.6623288833014,28.758838998421588,0.06378141990005635,0.052423018292683074,0.05344831529073879,1.5932384160445932,0.9741630069012719,17533,0.9981748702446814,0.9996577881708778,0.04775469752805951,0.07031772732080468,0.07330959358622036,0.06314766861302049,0.07941503183010415,0.07182845299863444,0.07436872164557995,1.8001818920999024,0.967775052757657,17533,0.997490446586437,0.9996577881708778,0.062070002406371776,0.08852168686946595,0.08567250931695121,0.07646851959719751,0.17406456252826955,0.1735583662082232,0.19062598273640985,3.2687341144682245,0.7234358067643871,17533,0.9941823989049221,0.9993155763417555,0.1539159544696171,0.18747077842663917,0.1756058334465369,0.16865041530208022,0.05444889385465649,0.039783677861732945,0.03972650880350659,1.4720457016810387,0.9778703017167627,17533,0.9986311526835111,0.9996577881708778,0.04593816204949469,0.055709595803180384,0.06442920236167918,0.04983573276281724
08_001850_001870_s5,08,1,-3,17065,27.3665,26.69682754464625,23.6623288833014,28.758838998421588,0.06031096781483441,0.04442870999030072,0.04534144824071662,2.0008618501914555,0.9582771755054205,17065,0.9889832991503077,0.9993554058013477,0.05840901776712552,0.0595542891055723,0.06085755461116965,0.10135135153005181,0.07809156289233699,0.06455997973483606,0.06647981630484079,2.16670272994668,0.9548784060943452,17065,0.9873425139173747,0.9991796073835335,0.0789626286951699,0.07823982918827548,0.0740068090398567,0.11063543724920599,0.1743356985323241,0.16837919709559915,0.18406858219025035,3.516946493377451,0.8063287430413126,17065,0.9740404336360973,0.9960152358628772,0.17726447947710836,0.17566061734106123,0.16687504630028197,0.18961669413389085,0.049754954679162876,0.030090820231189266,0.03000359617028181,1.930465694231239,0.9601523586287724,17065,0.9940814532669205,0.9998242015821858,0.044290097047886764,0.04931763423381263,0.053128822146854306,0.11031731019289169
08_001850_001870_s5,08,2,-2,17056,27.3665,26.69682754464625,23.6623288833014,28.758838998421588,0.056666067106046505,0.043875880216402416,0.04471962538398566,1.8323336894767772,0.9736749530956847,17056,0.9922607879924953,0.9995309568480301,0.04636142608822016,0.05568119299514217,0.08149285322780106,0.05286249030609016,0.07457202722810649,0.06386908535148023,0.06589756050293616,1.9823641788898,0.9726782363977486,17056,0.9917917448405253,0.9994723264540337,0.0680422390949815,0.0742879204269294,0.09036893641883965,0.059998976489392924,0.17139105578491093,0.16817081468742226,0.18388122642895732,3.229971887519308,0.8169559099437148,17056,0.9888602251407129,0.9950164165103189,0.1698767913561448,0.1702341814259869,0.179036192472775,0.154578905029539,0.04586282814624435,0.029061509962604433,0.028912761819534172,1.77935588318098,0.9729713883677298,17056,0.994078330206379,0.9998241088180112,0.029593178999696733,0.045265580598191336,0.08086885262521644,0.06037283925591395
08_001850_001870_s5,08,3,-1,16422,27.3665,26.69682754464625,23.6623288833014,28.758838998421588,0.052223092326120796,0.029861828890071634,0.03016086088888148,1.982245739508136,0.9679089026915114,16422,0.989648033126294,0.9954938497137986,0.03188010066972779,0.058169580879220695,0.06911635795387203,0.09833448771972603,0.0664117018052784,0.04676476962711714,0.047788845086531584,2.047986296509171,0.969187675070028,16422,0.989160881744002,0.9954329557910121,0.0529839499171176,0.07053251110273061,0.07752606002169389,0.08826252513768729,0.1596002006060638,0.15215421237913002,0.1648428912380261,3.057360566469989,0.8764462306661795,16422,0.9883083668249909,0.9932407745706978,0.15377688015332738,0.16087345239703105,0.1676001520807749,0.14033347531236795,0.05917665374760942,0.038366189784593774,0.037831299887850056,2.0947604696126407,0.9620630861040068,16422,0.9906223358908781,0.9962245767872366,0.039983619086538996,0.06438649962119748,0.07461074520418166,0.12986985688882924
08_001850_001870_s5,08,4,0,15801,27.3665,26.69682754464625,23.6623288833014,28.758838998421588,0.05934804899188677,0.037065300966608,0.03656636286471304,1.9761859034115548,0.9718372254920574,15801,0.9856971077779887,0.9930384152901716,0.048963147359034696,0.06057107014851979,0.08404375432518643,0.12759681746131546,0.050266898648843324,0.02674899584118831,0.026636910689719517,1.8619382188304274,0.9738624137712802,15801,0.9858869691791659,0.9929118410227201,0.0375651624442688,0.05529679080256037,0.07084521440590047,0.10443035243417348,0.12089880157710024,0.1109942915520325,0.11760839652643051,2.2692301527370615,0.9556990063920006,15801,0.9851275235744573,0.9910765141446743,0.1224431382021783,0.12130160643992632,0.11678751353067861,0.08136548418552378,0.1005758572620872,0.08428040140570588,0.08102533672754308,2.398810180700116,0.9605088285551547,15801,0.9844313651034745,0.9930384152901716,0.09606781359758444,0.09575659675741786,0.12552476444394195,0.18192581786186868
08_001875_001895_s5,08,0,-4,16290,27.3665,29.363807772964883,26.519785927456383,30.611667527627027,0.11693745037750622,0.09302080469363708,0.09751763605218855,3.2523412415047566,0.9188459177409454,16290,0.9734806629834254,0.9885819521178637,0.11706237568499565,0.10299571085634388,0.14328588172365458,0.14490884018869407,0.06539772484185857,0.03181663621208838,0.032260039290437525,2.7446417614632534,0.9410681399631676,16290,0.9815837937384899,0.9898096992019644,0.0641186252901346,0.0514811415216344,0.09222213560179483,0.10412692732476686,0.14201519004129687,0.12053383571478149,0.1282065433119426,3.558691369135478,0.9102516881522407,16290,0.9716390423572744,0.9879680785758134,0.1405744708917551,0.12932663639895955,0.1686136469034364,0.16960520799086692,0.06370242534241279,0.03194143144239757,0.03174188646606413,2.63991702642132,0.9476365868631061,16290,0.9816451810926949,0.9900552486187846,0.06443992484838257,0.049920463919361224,0.08746967790520203,0.0965163655763591
08_001875_001895_s5,08,1,-3,15772,27.3665,29.363807772964883,26.519785927456383,30.611667527627027,0.12499340528869143,0.10648876072866076,0.11256948361991803,2.8484726901619326,0.9327922901344154,15772,0.9754628455490744,0.9928354045143292,0.13137042353733402,0.1251154198815205,0.10550304292256017,0.15314999132449145,0.07054034193310285,0.043641165388291346,0.04452749163838099,2.194021541846796,0.9400202891199594,15772,0.979647476540705,0.9916307380167385,0.07527497332955362,0.07032910909499374,0.05603775230571619,0.09507179056957502,0.1504970124173122,0.1340168913635245,0.14385663854366004,3.209366665929914,0.9217600811564798,15772,0.9723560740552879,0.9930256150139488,0.15557894386669585,0.1512928882318888,0.13172325519132536,0.17935136233208232,0.05360151940833387,0.02042663911593512,0.020414564545945146,2.0188645369556015,0.9466776566066447,15772,0.9828176515343647,0.9905528785188943,0.05719247243091574,0.05113945658741273,0.04845155448282275,0.07264791737915034
08_001875_001895_s5,08,2,-2,16592,27.3665,29.363807772964883,26.519785927456383,30.611667527627027,0.10544173751997772,0.09149573877720707,0.09595106941204623,3.3004966956807658,0.9567261330761813,16592,0.9832449373191899,0.9945756991321119,0.11450436053779582,0.09133149016340987,0.10497352532282449,0.23965073905281958,0.048905881163418555,0.027952478693622915,0.028281269238675466,2.815242855120597,0.9734209257473481,16592,0.9842092574734812,0.9947565091610414,0.05424212275263789,0.035495958493012326,0.05454167817263192,0.18765368643665017,0.1321348993701203,0.11955247377826808,0.12731807062153477,3.5901901176978908,0.944973481195757,16592,0.9831846673095468,0.9943948891031823,0.14032006354498636,0.11893817316793365,0.13146852936214068,0.26317579411255015,0.04522446157342546,0.024485550944093416,0.02433652111934248,2.7041988295275936,0.976976856316297,16592,0.9849927675988428,0.993430568948891,0.04565148301791275,0.03630869094121665,0.05198359220714665,0.16452514862652373
08_001875_001895_s5,08,3,-1,16173,27.3665,29.363807772964883,26.519785927456383,30.611667527627027,0.12647690166232128,0.11703349521021829,0.12446801251807305,3.0631424911377914,0.9605515365114697,16173,0.9926420577505719,0.9943733382798491,0.12125931860400203,0.12179399716311261,0.13937905234521786,0.24637325529547768,0.0648415215829506,0.05293039752525642,0.054370270049617364,2.4881424132457512,0.987324553267792,16173,0.9928893835404686,0.9945588326222717,0.05712559330582045,0.06091668594808705,0.0806414095295449,0.19220728730796272,0.15318371630513347,0.14435230343158953,0.15588332620470124,3.3736048282751585,0.9405181475298336,16173,0.9923947319606752,0.9943115068323749,0.14844738068919952,0.14844627657502368,0.16547803345914858,0.26969031703835866,0.03588682879156188,0.021678471596467245,0.02173047210709189,2.2981681413030826,0.9896123168243368,16173,0.9930748778828913,0.9952389785444877,0.01948749680326704,0.03737447835290341,0.056080976562092565,0.16542432187723885
08_001875_001895_s5,08,4,0,15822,27.3665,29.363807772964883,26.519785927456383,30.611667527627027,0.11543861665073199,0.09541715814916864,0.10027495779792683,3.4460834950483377,0.9237138162052838,15822,0.9843256225508785,0.9902035140942991,0.10330908247689768,0.11846415907144352,0.12389151901509653,0.2389474916479205,0.061005216531842286,0.03280243953628739,0.033121826512039876,3.006671741625413,0.9671343698647453,15822,0.9845784350903805,0.990077107824548,0.043431697507611784,0.06865942978892092,0.07264597106612376,0.18811357222143227,0.14186520011824255,0.1233651651311462,0.13166475317543225,3.710614007476074,0.8965364682088232,15822,0.9827455441789913,0.9893186702060422,0.13023755717232807,0.14448431569658612,0.15023627000684114,0.2624943050426302,0.05599896877093263,0.03215490160492404,0.03190149954678145,2.903594451278245,0.9725066363291619,15822,0.9845152319555049,0.990077107824548,0.0357759626588961,0.07039114182038592,0.06298463393544357,0.16922725121378224
08_001900_001920_s5,08,0,-4,16063,27.3665,26.66909231568369,22.636456898530767,25.842174763615258,0.11618820118715223,0.11345464809134287,0.10751385046113837,2.7576502119093154,0.9725456016933325,16063,0.9841872626533026,0.9883583390400299,0.13780663202139376,0.10176033829874356,0.09636117881904606,0.15544269559540996,0.09069693716647984,0.08542295516903767,0.08205859378448199,2.6033215700938386,0.9735416796364316,16063,0.9846230467534085,0.9882338292971425,0.10916170810786498,0.07709109517813978,0.07498344115255329,0.1460943960207151,0.10023896039552274,0.08123650470101038,0.08467457262032418,3.048839121843554,0.9643279586627653,16063,0.9816348129241114,0.9869887318682687,0.07458787860915389,0.1038091489414006,0.1416349066819752,0.21159551078316835,0.06515045453076007,0.0537102509564869,0.052459917152073654,2.50576027483896,0.9745377575795307,16063,0.9848098113677395,0.9881093195542551,0.07537056504434671,0.05296441197093624,0.06333498003244278,0.13917414713504495
08_001900_001920_s5,08,1,-3,16257,27.3665,26.66909231568369,22.636456898530767,25.842174763615258,0.07072608304765406,0.06457280197538862,0.06263730090070307,2.628598368191865,0.9814233868487421,16257,0.9901580857476779,0.9926800762748355,0.08250737665257368,0.05821285583823544,0.074854131091832,0.16365652375529563,0.05142186379742761,0.04000728335833847,0.039331924224297765,2.57905250600162,0.9829611859506674,16257,0.9901580857476779,0.9926185643107585,0.0559207145722081,0.04114749164937618,0.062144757805426845,0.17618538911957762,0.1340618136196113,0.12165270419295164,0.12969588101670215,3.4584206071370898,0.9565110413975518,16257,0.9897890139632158,0.9925570523466815,0.11919845354859224,0.13618838772949304,0.14654763460917333,0.28984942324849067,0.03941288286562613,0.023685049924238942,0.023535094018784175,2.6067245840177273,0.9845604970166697,16257,0.9902195977117549,0.9926800762748355,0.028930212640511994,0.035717052448363915,0.06061843388972844,0.195602328631136
08_001900_001920_s5,08,2,-2,16826,27.3665,26.66909231568369,22.636456898530767,25.842174763615258,0.048696685135145766,0.04305602509947215,0.042283766281973056,2.7036524421760424,0.9905503387614406,16826,0.9947105669796743,0.9950671579698086,0.049531157446046484,0.038295297651388956,0.06107303543954411,0.2634104499820218,0.03649402620506405,0.0273387582997745,0.027180245334033293,2.690364485030979,0.9915012480684655,16826,0.9948294306430524,0.9950671579698086,0.029361712903608766,0.030773648588371665,0.052557057967681405,0.26631435291755073,0.14861645704665316,0.14009470343111435,0.150917993559595,3.601113052085452,0.9440152145489124,16826,0.9942945441578509,0.9948888624747415,0.13540935786778738,0.1521459571091922,0.14769184151874576,0.3672279305545912,0.038293703813045844,0.023128788658646017,0.023267333462002493,2.7493839909886955,0.9917984072269107,16826,0.9948888624747415,0.9950671579698086,0.020195047526092576,0.03951286455706701,0.058403596825637116,0.2812370561612292
08_001900_001920_s5,08,3,-1,17306,27.3665,26.66909231568369,22.636456898530767,25.842174763615258,0.03835610992465876,0.030286174896429915,0.030049427983176002,1.6918500770217328,0.9900612504333757,17306,0.9981509303131861,0.998382064024038,0.035749715906642325,0.03633457989098317,0.04711669784922585,0.1461511610616242,0.03146261869044445,0.018819423491031308,0.018809624806798597,1.703115646774965,0.9921992372587541,17306,0.9982087137408991,0.9983242805963249,0.018263615869338664,0.03466879653561561,0.04608921591706249,0.16470997185602562,0.15897008126059867,0.15313709739552955,0.1662164597711635,2.9607121478113134,0.9158673292499712,17306,0.9968219114757887,0.9982087137408991,0.1466517796713601,0.16293124122377026,0.1666546690467712,0.29091679130841464,0.04669216331244604,0.03530343077001864,0.03591588366295895,1.8217916023653593,0.9917369698370507,17306,0.9982087137408991,0.9982087137408991,0.028510336716460003,0.05322454995095495,0.05957962176186412,0.19049821784864374
08_001900_001920_s5,08,4,0,17795,27.3665,26.66909231568369,22.636456898530767,25.842174763615258,0.03714991012552676,0.021691842317861358,0.021632175595857284,1.212283582842869,0.9822422028659736,17795,0.9974711997752178,0.9997752177577971,0.0254319282169387,0.04217364016811617,0.05296193350706708,0.12215669106108924,0.04532445991548759,0.030610404406348723,0.03102023305673063,1.308160960178564,0.9813430738971621,17795,0.9979769598201742,0.9997752177577971,0.03562083886988776,0.04874264749288491,0.06100329996310622,0.144527643476621,0.17880351085019175,0.17412079893025095,0.19129413786216087,2.8411495243453357,0.8010677156504636,17795,0.9928069682495083,0.998819893228435,0.1774668351241593,0.1766232115089495,0.19198505573289162,0.27388368163779503,0.06918727829354379,0.0584533722781769,0.06019220203221942,1.525062610158049,0.9767350379320033,17795,0.9977521775779713,0.999606631076145,0.06374655111779022,0.07005219002185292,0.08119364982978629,0.17105292219795615
08_001925_001945_s5,08,0,-4,17672,27.3665,18.148834386676356,14.3538211814579,16.16678168776479,0.6266016888720342,0.6365078642951567,0.49257502184189406,7.535977045908797,0.006620642824807605,17672,0.21186057039384337,0.9921344499773653,0.6418834660623706,0.6231869113549274,0.5110178866113169,nan,0.09050231758536732,0.087247524743296,0.08390893595615045,1.571892166040555,0.9821186057039384,17672,0.995416478044364,0.9973970122227253,0.08948310985354194,0.09331959244550021,0.04868129066216128,nan,0.15233122273409058,0.141985567996993,0.15311512562380414,2.252172759222344,0.8475554549569941,17672,0.9913422363060208,0.9985287460389316,0.14988816010256395,0.15004969539529323,0.21357410721202744,nan,0.05401265273528945,0.036411241678826214,0.03700818921554028,1.4187641511302314,0.9805907650520598,17672,0.9931530104119511,0.997000905387053,0.04869586739062391,0.05366446835857807,0.1144188749898149,nan
08_001925_001945_s5,08,1,-3,17488,27.3665,18.148834386676356,14.3538211814579,16.16678168776479,0.6634356187050047,0.6743217299578058,0.5154194213038148,7.466154306993261,0.003888380603842635,17488,0.13031793229643185,0.9871340347666971,0.6979978265669864,0.6420117447654583,0.5069816980830609,nan,0.11188147517908022,0.11127251880469831,0.10558532561873646,1.6260411355932236,0.9743824336688015,17488,0.9946820677035682,0.9973696248856359,0.12733734871687463,0.10019190289511633,0.10383009604813923,nan,0.13413965915400378,0.12212639361187333,0.13022914214151116,2.0631095268811874,0.9013037511436414,17488,0.9942817932296432,0.997083714547118,0.12197889633826202,0.14018253123390262,0.23133137249291277,nan,0.04367443355057571,0.02142588010115539,0.021478468741251477,1.3334335573828706,0.9817589204025617,17488,0.9963975297346752,0.997483989021043,0.03347340982041063,0.04838982594409583,0.13497716837591311,nan
08_001925_001945_s5,08,2,-2,16830,27.3665,18.148834386676356,14.3538211814579,16.16678168776479,0.6463721550089132,0.6594882284363659,0.5065420529258341,6.926857257705499,0.007783719548425431,16830,0.16209150326797386,0.9864527629233512,0.668718716482185,0.6157796405809396,0.5128005202014866,nan,0.1028241346614841,0.10170909615517913,0.0969713773812213,1.4564731670106885,0.9693404634581105,16830,0.9964943553178848,0.9980986333927511,0.1091367497638452,0.09216554083449509,0.09331345141262101,nan,0.141651699721587,0.12987886115298258,0.139089179986839,2.0138679901591017,0.8958407605466429,16830,0.9915626856803328,0.996969696969697,0.13050938953760355,0.15581199687950856,0.2231900613193153,nan,0.04874006739702963,0.027260975106555473,0.027505611364372684,1.2715915339520922,0.9796791443850268,16830,0.9951277480689246,0.9978609625668449,0.036315462485342745,0.06548969460100172,0.12556133021446572,nan
08_001925_001945_s5,08,3,-1,16328,27.3665,18.148834386676356,14.3538211814579,16.16678168776479,0.6597791186073699,0.669159546967115,0.5125617748354194,6.763021184381426,0.013718765311121999,16328,0.1558672219500245,0.9723174914257717,0.6830997643392693,0.6180510323719461,0.5089180861549887,nan,0.11914355132083122,0.10898559544043607,0.10360872634776919,1.853844856908834,0.9386942675159236,16328,0.9895271925526703,0.9936918177364037,0.1201685609459876,0.1161328374666602,0.1188560516687733,nan,0.13891167473478652,0.1249172637984193,0.1333534739366925,2.3228023072673127,0.8860852523272905,16328,0.9804017638412543,0.9922831945124939,0.12489226729974373,0.16022337219184962,0.2628940726607305,nan,0.056959398502762534,0.028115133941159803,0.02828142292277258,1.7463976232965697,0.9642944634982852,16328,0.9850563449289564,0.9937530622243999,0.03835208592279225,0.09058008934447125,0.16993755753500037,nan
08_001925_001945_s5,08,4,0,15647,27.3665,18.148834386676356,14.3538211814579,16.16678168776479,0.6323050751936525,0.6313123193641617,0.489478030547418,6.401144059896553,0.036812168466798745,15647,0.20911356809612067,0.9626765514156068,0.6617299261124021,0.5805916651838297,0.47211182530973395,nan,0.11633054180977542,0.08836257433500633,0.08495174806913885,1.7705981372882318,0.9034958778040519,15647,0.983575126222279,0.992842078353678,0.11367888847071553,0.12218731778201916,0.11637613303113375,nan,0.15675395052544766,0.14543900820491654,0.15681936459878743,2.394834233269329,0.8501949255448329,15647,0.9572442001661661,0.9863871668690484,0.14180447900505216,0.17981528997732316,0.2728206710427303,nan,0.08051841113421697,0.051709991515881515,0.05252792996277367,1.7805167685685397,0.9325110244775356,15647,0.9693231929443343,0.9912443279861954,0.06405012842196592,0.10839251996541234,0.18099807497482398,nan
08_001950_001970_s5,08,0,-4,15234,27.3665,16.90402576325575,13.25652190044098,15.227607542571457,0.8354317280738189,0.831935115131579,0.605545140974978,8.281557775324899,0.012472101877379545,15234,0.07187869239858212,0.8656951555730603,0.8758661043002336,0.7775549019763836,0.6443451327248647,nan,0.16268977294250475,0.1371276673114396,0.12878728085957802,2.1390259902592095,0.9087567283707496,15234,0.9648155441774977,0.9823421294472889,0.17541883052476304,0.14061181568464393,0.15151699663100357,nan,0.1467148098514842,0.11566177861341279,0.12280103029714218,2.3305424652004545,0.8560456872784561,15234,0.9563476434291716,0.9804384928449521,0.1413613055470944,0.14748700243954277,0.263979529903045,nan,0.08658785334479827,0.03910086157574249,0.03879152529809482,1.8657860864821278,0.9197846921360116,15234,0.9701982407772088,0.9816200603912302,0.08766201479068436,0.07939894986858063,0.15555222522756418,nan
08_001950_001970_s5,08,1,-3,15551,27.3665,16.90402576325575,13.25652190044098,15.227607542571457,0.8010267601843108,0.8117358577893581,0.5944392330186103,7.921571963400753,0.018069577519130603,15551,0.07459327374445374,0.8755707028486914,0.8491904945840513,0.72413434798645,0.6371346697870964,nan,0.1452516780464153,0.12505094632368763,0.11807012147477414,1.9170255356653703,0.9137676033695582,15551,0.9690695132145842,0.9824448588515208,0.15990909185241925,0.12008063022471113,0.11640273019068495,nan,0.1461587688834191,0.12413720091143558,0.13242606958008918,2.3287437723813755,0.8641244936016976,15551,0.9590380039868819,0.9787794997106295,0.12544707523326354,0.1763921773231076,0.25320724800896344,nan,0.07587689569458983,0.036393593006627215,0.0362231014298624,1.7446610790368886,0.9313870490643689,15551,0.9688122950292586,0.9810944633785609,0.06696070640769651,0.08727829552631766,0.14216813215703905,nan
08_001950_001970_s5,08,2,-2,14989,27.3665,16.90402576325575,13.25652190044098,15.227607542571457,0.7803561064056953,0.7943525690184048,0.5849125210025159,7.7619273058810965,0.01447728334111682,14989,0.10140769897925145,0.911735272533191,0.8381461165564225,0.7102965465762123,0.5740815157715904,nan,0.13661157079231206,0.11553541886610678,0.10977131866007861,1.895399392975357,0.9244779504970312,14989,0.9681766628861165,0.9821869370871973,0.15764220944861182,0.10876641722034208,0.09619396865328105,nan,0.16090263720753759,0.13283471956420104,0.14230139098822514,2.4646266082449464,0.7991193541930749,14989,0.9619721128827807,0.9793848822469812,0.14214780845815544,0.1799315024545804,0.2855019335234672,nan,0.08042742976988966,0.037128194239428654,0.03710736434184936,1.8181673358211825,0.9192741343652011,14989,0.9684435252518514,0.9821869370871973,0.0732975907015733,0.08435815378494095,0.17926464966132286,nan
08_001950_001970_s5,08,3,-1,13663,27.3665,16.90402576325575,13.25652190044098,15.227607542571457,0.7845879007753406,0.7951120833333332,0.5854814292829,7.72359591010846,0.012954695162116666,13663,0.10027080436214594,0.9087316109200029,0.8491245841279598,0.7049112026547004,0.6261940340521466,nan,0.13560976238888184,0.11574469114947401,0.11029991456083033,1.6174255352697324,0.9186123106199224,13663,0.9746029422527995,0.9877040181512113,0.1594488411454077,0.1072132803184351,0.059106243600634975,nan,0.15488628227952259,0.13223761707577397,0.14153818081705705,2.178792837718166,0.8357608138768938,13663,0.9716021371587499,0.9842640708482764,0.13237763320961513,0.18148182934165366,0.23087797674134602,nan,0.07573961099929157,0.03867615152095553,0.03859419494597249,1.4771567918047743,0.9192710239332503,13663,0.9767254629290786,0.9865329722608505,0.06741839514297171,0.0848419663532212,0.11651876634838122,nan
08_001950_001970_s5,08,4,0,12568,27.3665,16.90402576325575,13.25652190044098,15.227607542571457,0.832655002284871,0.7936327795832905,0.5853485319006748,7.621249064713192,0.005728835136855506,12568,0.04813812858052196,0.9018141311266709,0.9028438218063561,0.7297047533859462,0.6161600870925695,nan,0.15874559850128867,0.11356135935106881,0.10774550929236237,1.7937100403981423,0.903564608529599,12568,0.9637969446212603,0.9681731381285805,0.18970912103081908,0.11351448037534957,0.060798296238318596,nan,0.16513854026509445,0.1332896744284236,0.14271976482212956,2.1587224716328737,0.8746817313812858,12568,0.961569064290261,0.9685709739019732,0.15318383771340813,0.18038934124476344,0.23215581200830063,nan,0.09018877258633236,0.03500698019601188,0.03506310603055418,1.5999206470223877,0.9376989178866963,12568,0.9649904519414386,0.9688892425206874,0.09250853890444487,0.08413791858829892,0.11798660037719949,nan
08_001975_001995_s5,08,0,-4,12457,27.3665,17.334868353891434,14.04910206231545,17.094449501745164,0.6686068610581676,0.6717025402523934,0.5140143990681691,7.188964266916252,0.011318937143774585,12457,0.14481817452035,0.9525567953760937,0.6804369524596331,0.6444554657905942,0.6120158175063124,nan,0.08627709259906255,0.06573638294817652,0.06391293763225203,1.5900897988239366,0.9417997912820101,12457,0.9918921088544593,0.9958256402022959,0.07817955298404931,0.11264592958402117,0.0811693638135573,nan,0.15456028257067486,0.14289993015351643,0.1538408873515702,2.293233102726045,0.8555029300794734,12457,0.9847475315083889,0.9942201172031789,0.14670969966671857,0.17312633751689335,0.17773142878369172,nan,0.07677683766473803,0.05291899104952105,0.05173973121883613,1.5534195156929993,0.9454122180300233,12457,0.9919723850044152,0.9958256402022959,0.06818403676728714,0.105129911883076,0.07005595903846146,nan
08_001975_001995_s5,08,1,-3,14934,27.3665,17.334868353891434,14.04910206231545,17.094449501745164,0.6073917576818818,0.6234851727197793,0.48477902415924656,6.618991333364311,0.05678317932235168,14934,0.3557653676175171,0.9551359314316326,0.6427474642740882,0.5359549549665839,0.5325181409890417,nan,0.0962489762426192,0.0569270112692893,0.05614825905930054,1.7277780480933647,0.8953394937725995,14934,0.9866747020222312,0.9920985670282577,0.08663533882275361,0.11909720280842248,0.10209556272600871,nan,0.19598303647331528,0.16822221072515012,0.1836695824404193,2.6895674063922668,0.6404847997857238,14934,0.9358510780768716,0.9943752511048614,0.18403555790381396,0.21937161152731152,0.22446998834081433,nan,0.0923279054170724,0.051142917442333305,0.050686962161962,1.7324124481579983,0.8926610419177715,14934,0.9856702825766707,0.9930360251774475,0.08258395938639385,0.11594653166902806,0.09630091314588224,nan
08_001975_001995_s5,08,2,-2,15752,27.3665,17.334868353891434,14.04910206231545,17.094449501745164,0.5289459943793869,0.5821570590098795,0.4590055963699986,5.93579452275577,0.12252412392077197,15752,0.46781361097003554,0.9680675469781616,0.5798317097704985,0.43974222950483105,0.4986995821582532,nan,0.10510531950096784,0.05804890114463908,0.05746965983400221,1.7087027369804773,0.8384332148298629,15752,0.9816531234128999,0.9980319959370239,0.09017245481884929,0.13431150104867012,0.09737893811695181,nan,0.22443276449082575,0.1898252760997094,0.20946311385481298,2.853813189289263,0.5332021330624682,15752,0.8776663280853225,0.9870492635855764,0.2018008861325418,0.2645506474167357,0.23545272220667965,nan,0.10412604807789724,0.05693862167521998,0.057781962586620605,1.7428236626055345,0.8294819705434231,15752,0.9795581513458609,0.9980954799390553,0.08811001596683618,0.13535539075211067,0.09636184149611435,nan
08_001975_001995_s5,08,3,-1,15346,27.3665,17.334868353891434,14.04910206231545,17.094449501745164,0.5436791563810417,0.5908554022329804,0.4645023041782459,6.245772736713844,0.14440245014987618,15346,0.4117685390329728,0.956340414440245,0.6112171743086637,0.4589471600687589,0.452416072786536,nan,0.12084798292187382,0.06566346973690246,0.065694174445732,1.978181091212687,0.801707285286068,15346,0.9632477518571615,0.9869021243320735,0.12249940587324326,0.12361342546448953,0.09517902495431098,nan,0.23132680736682765,0.18491123778986618,0.2042764273869223,3.190937513084835,0.5812589599895738,15346,0.844063599635084,0.9708067248794474,0.2049488926093676,0.2663433221226852,0.25765242216290574,nan,0.11920651743558282,0.06355112303602857,0.0634353414544846,2.018578278736663,0.7921282418871367,15346,0.9618141535253486,0.9866414700899258,0.11625936354947755,0.12744162568749257,0.10120328509026426,nan
08_001975_001995_s5,08,4,0,16089,27.3665,17.334868353891434,14.04910206231545,17.094449501745164,0.5180262339259939,0.5774156992440603,0.45579579085958244,6.288168609241942,0.1689974516750575,16089,0.4529181428305053,0.9694201006899124,0.55893518000125,0.4626520361104916,0.48355169791518865,nan,0.1094502348930749,0.05440122227422776,0.05412310869736103,1.949109709397507,0.7874324072347567,16089,0.9738330536391323,0.9955248927838896,0.1039148713113479,0.12033416748620314,0.08867004869807743,nan,0.23258628267311662,0.19148575319210662,0.21206235224787395,3.232083201824571,0.5496923363788924,16089,0.8296973087202436,0.9827832680713531,0.21443077679318986,0.2579588860463525,0.24190342870235942,nan,0.10947891751224921,0.05360044300690949,0.05382886047475122,1.9945695019086918,0.7735720057181925,16089,0.9712847286966251,0.9954005842501088,0.10161257440679511,0.12351472181700295,0.0906880916849339,nan
08_002000_002020_s5,08,0,-4,16840,27.3665,21.893327635426534,17.771436537788666,20.23855698401676,0.364716009365835,0.3440536995888674,0.2958194735199502,4.4276387390689305,0.15807600950118764,16840,0.9111638954869359,0.9762470308788599,0.4222992033906714,0.322637140926256,0.26071833459948773,0.3115282977984992,0.12090258162669659,0.08490829529361277,0.08195653090315824,1.8570563929825137,0.8903800475059382,16840,0.9700118764845606,0.9874703087885985,0.15432599871352567,0.09263154904087625,0.08383205230845793,0.05246068559979513,0.15142388158103046,0.13231964378249772,0.14140297863209628,2.5610958340187593,0.838895486935867,16840,0.9682897862232779,0.9907363420427553,0.13552566715869324,0.16022619456521706,0.19681049783524254,0.14831118660259712,0.08420737258273282,0.03766624109016373,0.03798259754994471,1.7664730246372489,0.9132422802850356,16840,0.9728622327790973,0.9915676959619952,0.09613384665005907,0.07052629214100677,0.09179129695089201,0.04924958661557127
08_002000_002020_s5,08,1,-3,17033,27.3665,21.893327635426534,17.771436537788666,20.23855698401676,0.3528550074302511,0.3357884762216404,0.2899856634095723,4.224721992152522,0.14736100510773206,17033,0.940233664063876,0.9890800211354429,0.3959897764255936,0.31669656718168676,0.26135708760953463,nan,0.10945004080316412,0.07646772485982094,0.07442809897145652,1.578170352433338,0.9206246697587037,17033,0.9807432630775553,0.9968296835554512,0.12893675446476488,0.09009136507553425,0.08592988990849566,nan,0.1482350886313802,0.13522920418796228,0.14466280291427802,2.349341411928119,0.8514060940527212,17033,0.9776316561967945,0.9923090471437798,0.1335975655494583,0.15802183536968767,0.1939193050096117,nan,0.07416041112244925,0.033996888869309516,0.034281464951172236,1.4832444454439708,0.9228556331826454,17033,0.9812129395878588,0.9963600070451476,0.07358045816844828,0.07180418171777024,0.09231112974812397,nan
08_002000_002020_s5,08,2,-2,17245,27.3665,21.893327635426534,17.771436537788666,20.23855698401676,0.33350864550697956,0.32303201219512195,0.28002716759145185,3.786863024763873,0.17326761380110176,17245,0.9610321832415193,0.9936793273412583,0.3861508859404152,0.28357155393521233,0.23334438759934484,0.3406982308929264,0.09679808504965891,0.068259955895264,0.06641909500511334,1.4876098150429211,0.9457233980864018,17245,0.9902580458103798,0.9994781095969847,0.11195245357410215,0.0811868740515587,0.07338635764646458,0.17256250567161688,0.14895088552319222,0.14240388323114825,0.15327874814338838,2.461081030243541,0.8386198898231372,17245,0.9866048129892723,0.9965787184691215,0.11755409003335696,0.1788491892826358,0.20755857650973633,0.17864564996675333,0.07083859521617863,0.04039392953884224,0.040622439470691774,1.5545430754455554,0.9334299797042621,17245,0.9919396926645404,0.9983763409683967,0.05367702232707017,0.08730206795039651,0.10161530703558941,0.12717332878058515
08_002000_002020_s5,08,3,-1,16390,27.3665,21.893327635426534,17.771436537788666,20.23855698401676,0.30166623755289595,0.31372895603732753,0.27314279525305607,3.6838987856131906,0.2708968883465528,16390,0.9582672361195851,0.9957901159243441,0.3607301118001748,0.23448766332951226,0.2362570103517615,nan,0.10104471277173523,0.07306771293654957,0.07100442381495409,1.7866607404593358,0.9068334350213545,16390,0.9917632702867603,0.9974984746796828,0.1064043119318937,0.09957263905426124,0.06803267051986937,nan,0.17221713199966182,0.14879575771992765,0.1605391919291459,2.82936382011875,0.7537522879804759,16390,0.9562538133007932,0.9952410006101281,0.13713371838362937,0.2110152731504848,0.2140629858954129,nan,0.08872999816837934,0.053119111520142315,0.05377021697587847,1.9546732601655312,0.8724222086638194,16390,0.9876754118364857,0.9974374618669921,0.06594726913588381,0.11525236958809305,0.10787357228024921,nan
08_002000_002020_s5,08,4,0,16445,27.3665,21.893327635426534,17.771436537788666,20.23855698401676,0.26371619802118634,0.2628682802451768,0.23434417674063468,3.1664371081179183,0.42657342657342656,16445,0.9441775615688659,0.9897233201581027,0.30869184805449507,0.18967152342735605,0.2458463762167434,nan,0.10153472687560369,0.051347694797706865,0.05099795595658341,1.974397362444385,0.864639708117969,16445,0.974581939799331,0.9927637579811492,0.09785418460131554,0.10689179543149754,0.10469950238779314,nan,0.21235354002216067,0.18279750601498387,0.2014058482959422,3.13738917840952,0.6168440255396778,16445,0.9238066281544542,0.981635755548799,0.18573079813877016,0.25294692669807073,0.2367037180707755,nan,0.12487309322392616,0.07853868585248781,0.08133650383039015,2.2792202188885806,0.801763453937367,16445,0.968561872909699,0.9920948616600791,0.10288653948695403,0.158440319756676,0.14436578795727914,nan
08_002025_002045_s5,08,0,-4,15584,27.3665,22.848234789331233,18.661562196011673,22.24719618676868,0.25800088210424377,0.26373695039824685,0.2407569157717817,3.48842683184996,0.41940451745379875,15584,0.9643865503080082,0.986973819301848,0.2758611614140138,0.24158489945484402,0.22894898608177797,0.17034735725145006,0.1196009170891304,0.07811220329683899,0.07579349419564263,2.1581778435310386,0.8551719712525667,15584,0.9117043121149897,0.9863963039014374,0.13868217860204782,0.10179214623168699,0.08691861666319221,0.13890027242903916,0.19464437071322602,0.15534952815299144,0.16770643548059683,3.069531663425829,0.6873074948665298,15584,0.8859086242299795,0.9299281314168378,0.1869382785955136,0.20491856949819923,0.19114980992628694,0.26719713276466817,0.11274931529787503,0.06115391060172797,0.06079412304666154,2.1560117973931647,0.8540169404517454,15584,0.9013090349075975,0.9854979466119097,0.1267052318649744,0.10019351514089925,0.08596190043368991,0.15226773421546105
08_002025_002045_s5,08,1,-3,15005,27.3665,22.848234789331233,18.661562196011673,22.24719618676868,0.23867551230414744,0.22858839236493939,0.20603440476375123,3.0634362321996322,0.6655781406197934,15005,0.9667444185271576,0.9899366877707431,0.2575293119315158,0.21758567215805266,0.22272325723770023,nan,0.07075134141692353,0.04297406842660568,0.042576720179613226,1.699079561977441,0.9450849716761079,15005,0.9834721759413528,0.9898700433188937,0.08183904057167853,0.05055778422689182,0.12562398612231115,nan,0.17798158772968428,0.1646971336432562,0.17962787815244008,2.649573056021872,0.748217260913029,15005,0.9768077307564146,0.9910029990003332,0.17088812280829796,0.18049027874480572,0.22674514817668934,nan,0.06493614060935135,0.031595094612388956,0.03164460604172081,1.6969972643359845,0.9434188603798733,15005,0.9839386871042985,0.9898700433188937,0.06950553452035894,0.05186403042785816,0.12625654770580275,nan
08_002025_002045_s5,08,2,-2,16758,27.3665,22.848234789331233,18.661562196011673,22.24719618676868,0.24553226593641977,0.23870046925504662,0.21430727855580833,2.8792084144322527,0.5892111230457096,16758,0.975892111230457,0.9856784819190835,0.25380468409162216,0.22287940277038942,0.27133579093535043,nan,0.06738660920394275,0.04391066199570815,0.04323738449261949,1.7453554859467757,0.9606158252774795,16758,0.981859410430839,0.9866332497911445,0.0566347175935671,0.08317970400506118,0.15644632985624446,nan,0.16864225631153945,0.15690883667378847,0.17056840662537187,2.480544996170576,0.8358992719894975,16758,0.9779209929585869,0.9860365198711063,0.15334347071652638,0.20061410396459245,0.20936809759710545,nan,0.055536158581974804,0.028643413274309644,0.02843571218613372,1.7381743294064766,0.9599594223654374,16758,0.9813223535028046,0.9867525957751522,0.04009177780962903,0.08244500064068476,0.14548745128500215,nan
08_002025_002045_s5,08,3,-1,15449,27.3665,22.848234789331233,18.661562196011673,22.24719618676868,0.27143635009155165,0.2571701353904282,0.2293479916411345,3.04493249833941,0.4570522363907049,15449,0.9449802576218526,0.9799987054178264,0.2784919027913019,0.24341558895971444,0.2953671849296182,nan,0.10942069861721103,0.06542312224164114,0.06400470811863546,1.844351252778054,0.9006408181759337,15449,0.9530713962068742,0.9798692472004661,0.09929445672074161,0.13529578890999572,0.14239273615030415,nan,0.18150943442564796,0.1500423079163511,0.16196040816051616,2.3536275255296277,0.7253543918700239,15449,0.9429736552527672,0.9706129846592012,0.1704150115695063,0.22229211458893477,0.15701243194115477,nan,0.09862677372219937,0.0504830647512246,0.050101835289928065,1.8056830338028615,0.9000582561978121,15449,0.9533950417502751,0.9792866852223445,0.08542109292216699,0.13536346851982703,0.12765240387452367,nan
08_002025_002045_s5,08,4,0,14736,27.3665,22.848234789331233,18.661562196011673,22.24719618676868,0.2559860111162307,0.2168027993720566,0.19747157952472105,3.394704623748251,0.5724077090119435,14736,0.9257600434310532,0.9733984799131379,0.2535826466328186,0.24151008779650798,0.30599125073990335,nan,0.12244775145305165,0.0720589178718748,0.07204727990961257,1.9105588043983206,0.8657030401737242,14736,0.9512757871878393,0.9760450597176982,0.1258288762811475,0.115398930255054,0.1083381629284152,nan,0.20428214779051085,0.1851732514084513,0.20342858886382353,2.355127521623926,0.574986427795874,14736,0.9332247557003257,0.9704125950054289,0.21412651748294093,0.19981921098799066,0.13221716057887425,nan,0.12032893866923197,0.07029749233742358,0.0701294201822329,1.8381801915610392,0.8691639522258415,14736,0.9513436482084691,0.9759771986970684,0.12642934530648364,0.10949214752138614,0.09224549129953469,nan
08_002050_002070_s5,08,0,-4,15751,27.3665,22.22526864300424,18.367725741814464,21.05906667251878,0.386964790227177,0.32856035892994595,0.28424757991207583,3.991183157954848,0.1206907497936639,15751,0.905275855501238,0.9579709224811123,0.4213976774704459,0.31612653673986835,0.3108164189332558,nan,0.1422535698977619,0.08309329269885181,0.08025497800957959,1.6986542345880022,0.8838169005142531,15751,0.949146085962796,0.981524982540791,0.16856552976294029,0.0879920295794959,0.08446449726469478,nan,0.13493989038002965,0.11597698979498886,0.12292592607036879,1.8312239589891293,0.889340359342264,15751,0.9711129452098279,0.9864135610437432,0.13151064700588544,0.14602865165240475,0.12385240337912251,nan,0.10109636509348563,0.04155107123800582,0.041610356742063814,1.4490206276664612,0.9027363342010031,15751,0.9545425687257952,0.9833026474509555,0.12251147463528876,0.05671696395567547,0.05515849858333517,nan
08_002050_002070_s5,08,1,-3,16113,27.3665,22.22526864300424,18.367725741814464,21.05906667251878,0.3484249668377274,0.32243845351180184,0.27963612420155837,4.092127610460368,0.11214547259976416,16113,0.9607770123502761,0.987463538757525,0.36524531260258297,0.31922333442539075,0.3650746210115822,nan,0.10432977424257275,0.07647454796636524,0.07373127899692955,1.6083173163643456,0.9449512815738844,16113,0.9819400484081177,0.9919319803885062,0.11721807071039383,0.08015207404166295,0.12958711189143482,nan,0.12025846758701339,0.11632934575463061,0.12328571178831815,1.6830109085584584,0.9523366226028672,16113,0.9821882951653944,0.993545584310805,0.11669278386765375,0.12810055481817448,0.10601583568675428,nan,0.06678928131420692,0.035017911854996496,0.03492564048131097,1.2954652816253847,0.9576118661949978,16113,0.9829330354372247,0.9929249674176132,0.07670018463581557,0.04823028175990071,0.08599289875314813,nan
08_002050_002070_s5,08,2,-2,16984,27.3665,22.22526864300424,18.367725741814464,21.05906667251878,0.3566701139242369,0.3525319811855803,0.3019783774365721,4.178463627981721,0.042216203485633534,16984,0.9697362223268959,0.9947008949599623,0.3522025682070569,0.36192394138918993,0.363472031717656,nan,0.10701910579052581,0.09889203351585274,0.09434605128850315,1.744264829678974,0.965732454074423,16984,0.9921102213848327,0.9928756476683938,0.09934494963196333,0.11522903169223941,0.12951487046073112,nan,0.10139083950713923,0.09397859945157311,0.09859207716614637,1.5974654598683091,0.977979274611399,16984,0.99234573716439,0.9928756476683938,0.09579045811650394,0.10757259816105447,0.11528154184804977,nan,0.0572262428975486,0.04450057328731112,0.04372683815387057,1.400156842489139,0.9747998115873764,16984,0.9928756476683938,0.9928756476683938,0.04588706627553665,0.06990948452963916,0.08313597111898038,nan
08_002050_002070_s5,08,3,-1,16246,27.3665,22.22526864300424,18.367725741814464,21.05906667251878,0.32298729286178385,0.3144052558827274,0.27339355644495367,3.8226099532953253,0.15179121014403546,16246,0.9679921211375108,0.9926751200295457,0.31057911741009797,0.3518935890058988,0.4021284040948583,nan,0.08593509527094131,0.06946664933714865,0.06733229668391694,1.8453999197134896,0.9558660593376831,16246,0.992182691123969,0.9942139603594731,0.06909313976527316,0.12385848820301722,0.20570708242892333,nan,0.12791480515061415,0.1204130030909715,0.12814745695097374,1.9133055774477215,0.9439862119906438,16246,0.9884279207189463,0.994152406746276,0.12447124502101335,0.13380432379194848,0.16913845988410303,nan,0.05358751522538501,0.032601079858421936,0.032701892588645975,1.6429554606453485,0.9620214206573926,16246,0.9911978333128154,0.9942139603594731,0.03839667963774166,0.08767862256861675,0.16245329039317424,nan
08_002050_002070_s5,08,4,0,14864,27.3665,22.22526864300424,18.367725741814464,21.05906667251878,0.3898862624283112,0.3759463842038254,0.3192471068362879,4.55092303880957,0.18171420882669537,14864,0.8955866523143164,0.9683127018299247,0.38263947799796466,0.39740649808275785,0.46254338999169115,nan,0.14801992536298084,0.12002505121223353,0.11365713257103582,2.5536314581885744,0.8783638320775027,14864,0.961248654467169,0.98748654467169,0.1358194979292945,0.16047286099392472,0.27191126893420486,nan,0.11844066896796161,0.08637137994843072,0.08969081867180151,2.1935049535582714,0.878632938643703,14864,0.979951560818084,0.9851991388589881,0.11867893884878152,0.10832065303718769,0.19054457760392124,nan,0.11047326916525405,0.07231183116647132,0.07108607803715761,2.279500054037274,0.9121367061356297,14864,0.9728875134553283,0.98748654467169,0.10086247360972025,0.11689700756774944,0.2336158748241891,nan
08_002075_002095_s5,08,0,-4,14559,27.3665,20.29889831727642,17.49547526041667,19.650909639499886,0.4853176181699186,0.4453461012071869,0.36982548541026095,5.1644006481768905,0.05130846898825469,14559,0.7799986262792774,0.9641458891407377,0.5113554634865146,0.4056249966969302,0.4420377414991963,nan,0.14419421832272855,0.08098860204245968,0.07806623685601011,2.071738605420228,0.8232021430043273,14559,0.9429219039769214,0.9670307026581496,0.1579257937091584,0.10566523022569067,0.11248936741713027,nan,0.13857372345168084,0.09747744612957362,0.10172867281849118,2.1841512115435973,0.8841953430867505,14559,0.9429219039769214,0.9581702039975273,0.1396649577022231,0.14290030467410078,0.11777156525957203,nan,0.12413418285404436,0.05500161119877985,0.05422358703915742,1.9825503600390597,0.8406483961810564,14559,0.9429905900130503,0.9652448657187994,0.1363360197297817,0.09258766572217182,0.08934547717285811,nan
08_002075_002095_s5,08,1,-3,17079,27.3665,20.29889831727642,17.49547526041667,19.650909639499886,0.42373592557001455,0.4091605308219177,0.3431461663252984,4.5662710297783065,0.0638796182446279,17079,0.8913285321154635,0.979155688272147,0.4313591885198334,0.40695718550529836,0.3894437379867631,nan,0.09359337292316589,0.05514075411585359,0.054134791487663314,1.796628413483684,0.9199601850225423,17079,0.9760524620879443,0.986123309327244,0.08900481882862069,0.1099708260602561,0.09893029604491259,nan,0.12502727013564777,0.10452685781303574,0.10984977505764015,2.066104314111017,0.9094794777211781,17079,0.9696703554072252,0.9858891035774928,0.11708306836302801,0.1512593979839286,0.13944063094959672,nan,0.07921541077576778,0.04012376163704492,0.03998635453695121,1.750177303969064,0.9262837402658235,17079,0.9745301247145618,0.9870015808888108,0.07471780742581667,0.09386260461010372,0.08787306632534676,nan
08_002075_002095_s5,08,2,-2,16835,27.3665,20.29889831727642,17.49547526041667,19.650909639499886,0.44747082029284996,0.4207956299800795,0.3517446035168592,4.9595521318286515,0.06670626670626671,16835,0.8904068904068904,0.9669141669141669,0.4853536441429987,0.40899405650445547,0.36433839942253365,nan,0.10896970673117877,0.06253181063052136,0.060858607481496296,1.6827981808360954,0.8983070983070983,16835,0.9608553608553608,0.986040986040986,0.13130794989337502,0.07624847713657519,0.11044697312286694,nan,0.12664626025866108,0.0964836704799106,0.10118882122825035,1.9074472324883893,0.8859518859518859,16835,0.9616869616869617,0.9831303831303831,0.1316693352752824,0.11495567053731783,0.14878639590185191,nan,0.08908934468637017,0.03797669832535352,0.03762282151674867,1.5942967135613788,0.9044847044847045,16835,0.9634689634689635,0.9855657855657856,0.10670282747866072,0.06035865397782626,0.10500330867445246,nan
08_002075_002095_s5,08,3,-1,17667,27.3665,20.29889831727642,17.49547526041667,19.650909639499886,0.4636670231350424,0.43062246582483765,0.358215262341687,4.709638449704845,0.036735155940453956,17667,0.9080206033848418,0.9668308145129337,0.5033128628686409,0.39512272917467334,0.4254798896237791,nan,0.10397381066578944,0.06490625298322376,0.06303644275404885,1.6055548535429305,0.9387558725307069,17667,0.9647931171109979,0.9812079017377031,0.11602408391964594,0.0786666223383536,0.16783765480939386,nan,0.11315434852344672,0.08909510618307942,0.09315812022580472,1.8532781449465388,0.9263598800022641,17667,0.9662647874568404,0.9928680590932246,0.1063618585286242,0.12345179583207644,0.13643453856045193,nan,0.07890758904176652,0.03542553395628745,0.034909390059788326,1.5297571968956598,0.9398879266428936,17667,0.9647365144053885,0.9846040640742627,0.08469972820903068,0.06396602235924201,0.15681618935379107,nan
08_002075_002095_s5,08,4,0,17355,27.3665,20.29889831727642,17.49547526041667,19.650909639499886,0.4147105816304323,0.41895526693063895,0.34999079347175943,4.122400721241213,0.06707000864304236,17355,0.9483722270239124,0.993834629789686,0.43477111851460915,0.37109086435056704,0.4549143417015602,nan,0.08095384960252087,0.0613752294873343,0.0598168091966107,1.396624857397438,0.9513684817055603,17355,0.9896859694612503,0.9974070872947277,0.07051719225254398,0.09724538404865618,0.19439652498613094,nan,0.10901416323418017,0.0945014793857991,0.09914680673707177,1.7206238722623182,0.9217516565831173,17355,0.9843272832036877,0.9939498703543648,0.09669301840094238,0.13342480611381047,0.12938734202437144,nan,0.06133923803288646,0.037353852476769644,0.03698222707979992,1.3534618049815539,0.946355517142034,17355,0.9891673869201959,0.997003745318352,0.04670218161403757,0.08637022502922753,0.17446731270773466,nan
08_002100_002120_s5,08,0,-4,17141,27.3665,19.665180161940867,16.82316278253944,18.33014419289201,0.49319360981477106,0.471918232570806,0.38657431419095145,5.222582794680599,0.02158567178110962,17141,0.8204888862960154,0.9827314625751123,0.49285261155469995,0.49312236809751037,0.5087180867515055,nan,0.0920132330671699,0.06489200717268935,0.06334852069679364,1.49983607715486,0.943118837874103,17141,0.9844816521789861,0.9968496587130272,0.08855177758899685,0.09497980219651424,0.12908210419326888,nan,0.11131530080860752,0.10050204267935874,0.10538059666566424,1.534022014978267,0.9434105361414153,17141,0.9837815763374366,0.9981331310892013,0.11788692227761861,0.09909577925426667,0.09192726990997994,nan,0.06898219379869298,0.04343670226264789,0.043883527131824085,1.2927437043808996,0.9610291114870778,17141,0.9842482935651362,0.9981331310892013,0.0732656798726199,0.059120200309969825,0.07352822729445106,nan
08_002100_002120_s5,08,1,-3,16278,27.3665,19.665180161940867,16.82316278253944,18.33014419289201,0.49337347288305244,0.48896669409935956,0.3980823854841241,5.016676874020251,0.03311217594299054,16278,0.8395994593930458,0.9834131957242904,0.4977741831590132,0.4649819198926608,0.5095604143441408,nan,0.09715596043998896,0.07506471323687997,0.07280969385518732,1.5186594973490808,0.9323012655117336,16278,0.9813244870377196,0.99533112175943,0.09585777429956414,0.09761151810276181,0.11479532604276758,nan,0.11062803753033268,0.09001983130809389,0.093934066128468,1.5849540277984318,0.9225334807715936,16278,0.9808330261702912,0.9941639021992874,0.11179665845840488,0.10835078615291456,0.08916641914641017,nan,0.0669079152622563,0.03640163197222426,0.03645084410381194,1.3500861020288029,0.9541712741122989,16278,0.9809558913871483,0.9949625261088586,0.06645429433447396,0.06908855930467729,0.06148079846849597,nan
08_002100_002120_s5,08,2,-2,15018,27.3665,19.665180161940867,16.82316278253944,18.33014419289201,0.4932348753417804,0.48378909245796803,0.3958272055469845,4.722771297999652,0.05773072313224131,15018,0.8459182314555866,0.9738314023172193,0.5012554992500982,0.4508617870758724,0.47620517041255805,nan,0.11847363595024575,0.07485759230305347,0.0725344686105085,1.7159788268887841,0.9006525502730057,15018,0.9463310693834066,0.9742975096550806,0.11791544888107398,0.12649074926144457,0.10817824769901288,nan,0.12972354029782307,0.09088769881486511,0.0952345655697926,1.9251021790677438,0.8736849114396058,15018,0.9403382607537621,0.9684378745505393,0.1279262658464447,0.14606844877983435,0.11866534716455338,nan,0.08374947791251275,0.028903966893793886,0.029035684470396173,1.664767356513965,0.9018511119989346,15018,0.9456652017578905,0.9728326008789453,0.08194957828211344,0.10237687082647368,0.06862631537990252,nan
08_002100_002120_s5,08,3,-1,13654,27.3665,19.665180161940867,16.82316278253944,18.33014419289201,0.4284356259319693,0.43465599030627533,0.36715114654227665,4.631512459247935,0.11344660905229237,13654,0.8879449245642302,0.9731214296176944,0.4292751865702334,0.4082553262424662,0.4720995754775278,nan,0.1248441299586704,0.08113820801522087,0.07924033647773598,2.2058507178027593,0.8627508422440311,13654,0.9113080415995313,0.9580342756701333,0.11016897119036376,0.18513489134687194,0.11597723168749484,nan,0.1704192529669112,0.12587275233343503,0.13399778709948074,2.5686066000443812,0.744983155119379,13654,0.9039109418485426,0.9239783213710268,0.1625988880771409,0.21413278168337632,0.13549167342013455,nan,0.12029154560705323,0.059563321873311925,0.06071071134803452,2.269832516923693,0.8494946535813681,13654,0.9099165079830086,0.9432400761681559,0.11136979735963447,0.17175833278784128,0.07643030842710295,nan
08_002100_002120_s5,08,4,0,13253,27.3665,19.665180161940867,16.82316278253944,18.33014419289201,0.4368004016828286,0.4421857263019309,0.37082788791594856,5.177933379239721,0.10925828114389195,13253,0.8791971629065117,0.94838904399004,0.45369288099018323,0.41924083522348304,0.37587778181608894,nan,0.12589412417104065,0.06978802663642664,0.06873104656386397,2.416134042751856,0.8842526220478383,13253,0.919565381423074,0.9330717573379612,0.13715150513210034,0.10985717386576743,0.09935870788160087,nan,0.1812628415532369,0.12883809746236627,0.13737430993997712,2.912436856111605,0.7378706707915189,13253,0.9171508337734853,0.929676299705727,0.18828424578651137,0.1669965395662018,0.1838911016334783,nan,0.1250631586028866,0.06061021876111909,0.06205915585483934,2.526413770181896,0.8619935109031918,13253,0.920848109861918,0.9305063004602732,0.13616776279963827,0.10478215358175409,0.12159643028805858,nan
08_002125_002145_s5,08,0,-4,16295,27.3665,18.779840274684776,14.949053977272728,17.96352745718329,0.5804155868744318,0.520361111111111,0.4191882354692127,6.893075707209935,0.04878797177048174,16295,0.7382019024240565,0.9458729671678429,0.6552460495191148,0.528649575056646,0.41316995924574046,0.4349468481689392,0.12394144727715674,0.051717540135502615,0.050606394661461884,2.539576895195177,0.8994169990794723,16295,0.943356857931881,0.9803620742559067,0.18288212452756727,0.07099868405547553,0.09806212816444629,0.5525148108184644,0.20690888816445283,0.17398274276815218,0.19110298829360484,3.2832346865886173,0.7405339061061675,16295,0.9496164467628107,0.9766799631788893,0.2360089571220088,0.175717657418938,0.23808914185293859,0.6437946143704805,0.10509438558956108,0.030909832281081708,0.0311200801471625,2.4900701686870024,0.8978214176127647,16295,0.942313593126726,0.9798711261123044,0.1607575970266289,0.05298640843868577,0.10018948287128696,0.5719658759089047
08_002125_002145_s5,08,1,-3,16885,27.3665,18.779840274684776,14.949053977272728,17.96352745718329,0.5701050154910697,0.5137552640374331,0.41551405724195445,6.928207901941907,0.022860527095054782,16885,0.6777021024578028,0.9599052413384661,0.5882113355698213,0.5739081496380857,0.35445144875790724,0.36746978574801314,0.11583793011181373,0.04813371019684107,0.04733703866518235,2.422656433242167,0.9153686704175303,16885,0.9594314480307966,0.9665383476458395,0.12747097359555185,0.10883649218631139,0.10269013552432203,0.49973854270017365,0.19820026268294,0.17560364095922462,0.19290306341690644,2.9600044162508863,0.7296416938110749,16885,0.9525614450695884,0.965116967722831,0.24265848682341667,0.16603426302055613,0.26877428972293665,0.6017838587261496,0.1003723270427187,0.03883040844393241,0.039005745475187314,2.315957094556896,0.9241930707728754,16885,0.9586615339058335,0.9664791234823809,0.12758265145384723,0.08143484821715097,0.12585961642722432,0.5214836605351908
08_002125_002145_s5,08,2,-2,17259,27.3665,18.779840274684776,14.949053977272728,17.96352745718329,0.5769580021199477,0.5512056682647334,0.43947710038506793,6.7085229273009706,0.012399327886899588,17259,0.5506692160611855,0.9776927979604844,0.525779133269363,0.6439501739909586,0.37077516226123164,nan,0.09742807671617867,0.0691615041077746,0.06726318902945172,1.6217772798166303,0.9424648009734051,17259,0.9924097572281129,0.9953647372385422,0.059267566048503424,0.1378930645346198,0.09489881544965637,nan,0.14853039474899737,0.15382713336192108,0.1666626914761471,1.9417676024063986,0.8837128454719277,17259,0.9877744944666551,0.9942059215481778,0.17703430363705983,0.11158214889059218,0.25757997273864264,nan,0.06670041618665513,0.037268946950895644,0.03701982025732109,1.355072954859595,0.9592676284836896,17259,0.9919462309519671,0.995306796454024,0.03661278151018758,0.09568689238995798,0.11121914895719998,nan
08_002125_002145_s5,08,3,-1,17340,27.3665,18.779840274684776,14.949053977272728,17.96352745718329,0.6402987372076553,0.6069141859056757,0.4743156851361956,6.794752063452744,0.013379469434832756,17340,0.2453287197231834,0.960553633217993,0.5869166399352471,0.7065594467545235,0.4658820274207187,nan,0.1350929818353344,0.10491143164834293,0.0999187846409445,1.776337598682529,0.884313725490196,17340,0.9910611303344867,0.9997693194925029,0.0917104660501589,0.1863214176760369,0.051387621470789666,nan,0.12053080451103769,0.12428842044235561,0.132273431003455,1.5817653788541923,0.9446366782006921,17340,0.9911764705882353,0.9978662053056516,0.14472846776294285,0.09045344902246981,0.20052108016999007,nan,0.0915132705088991,0.06001812846903755,0.05837761506774175,1.4343121109476542,0.9316608996539792,17340,0.9923298731257209,0.9998846597462514,0.049556603841103324,0.1391675058877783,0.05243369981701796,nan
08_002125_002145_s5,08,4,0,16929,27.3665,18.779840274684776,14.949053977272728,17.96352745718329,0.6171713042248816,0.5849324324324322,0.4605417770404172,6.347027570066731,0.014708488392698919,16929,0.3852560694665958,0.959832240533995,0.6224838405687375,0.6143477742984295,0.45407513991843707,nan,0.12150654860316773,0.09069895768922061,0.08693106717400712,1.607863744621097,0.9106858054226475,16929,0.9878315316911808,0.999645578592947,0.12150160662461598,0.1271861660202707,0.04842681233812315,nan,0.1327508998862582,0.13600093355934742,0.1457455375525336,1.6578961165013917,0.9097406816705063,16929,0.9894264280229192,0.9968692775710319,0.13341983360963264,0.12481747858439439,0.20996699386527345,nan,0.08440964653401406,0.048959439602983434,0.04833240006950357,1.3196722109532022,0.9346683206332329,16929,0.9907850434166223,0.9998227892964735,0.08469154100918865,0.08557831654415345,0.058747264593926964,nan
08_002150_002170_s5,08,0,-4,16462,27.3665,17.545895634584973,14.00376842867943,14.583716870874966,0.810352234014191,0.8075758349363014,0.5919866298753197,7.552408604703893,0.019195723484388288,16462,0.051330336532620584,0.8817883610739886,0.8284220186471661,0.7686147053335517,0.5027435591306472,nan,0.17756242944360673,0.16206826776371394,0.15032131735370147,1.9171330624209515,0.8589478799659822,16462,0.9857854452678897,0.9995140323168509,0.17484465525232312,0.189319907506665,0.08437813507140553,nan,0.09074357339474542,0.07793658514984965,0.08099860386978397,1.56639571603145,0.9396792613291216,16462,0.980257562872069,0.9946543554853602,0.08291450646943611,0.10803829905729016,0.24409414306573438,nan,0.06652207666655365,0.04612316978288735,0.04686239494977207,1.4140058835110147,0.9459968412100596,16462,0.9850564937431661,0.9955655448912647,0.05508427353582183,0.09482823423185041,0.21320916897978584,nan
08_002150_002170_s5,08,1,-3,16681,27.3665,17.545895634584973,14.00376842867943,14.583716870874966,0.8239926868162669,0.8228515342279854,0.6004716032403636,7.637318976698506,0.02523829506624303,16681,0.038906540375277264,0.8931119237455788,0.8450714688605384,0.7759494506743111,0.5575274190575862,nan,0.1864737076620036,0.17155980256006242,0.1583930234356401,2.198893035045229,0.8642767220190636,16681,0.9790779929260836,0.9982015466698639,0.18376080108602694,0.19715981645452454,0.0687706188998459,nan,0.08788347711577042,0.07027510188971686,0.07271413001374238,1.8101816716275188,0.9486241832024459,16681,0.972903303159283,0.9906480426832923,0.07768282032434075,0.10948479176771234,0.23557274353694005,nan,0.06326844429780852,0.03908934594339821,0.03959052357210524,1.699468815634446,0.9512619147533121,16681,0.9774593849289611,0.9934656195671723,0.049023607766062564,0.09613520486316028,0.20391495093522644,nan
08_002150_002170_s5,08,2,-2,17416,27.3665,17.545895634584973,14.00376842867943,14.583716870874966,0.8562001334732467,0.8587341313184269,0.6202392408326441,7.836023928315916,0.017397795130914103,17416,0.027962792834175472,0.8609324758842444,0.8687095348062159,0.8257584892901924,0.5914809598838555,nan,0.20543510151506736,0.19411801179462354,0.17764477501901088,2.6095776919007134,0.8358980248047773,17416,0.9703720716582452,0.9952342673403767,0.20001756963476955,0.21429585928510636,0.475824111260089,nan,0.07892266518732391,0.05347807149280552,0.05474440983851925,2.10298526445219,0.9492420762517225,17416,0.9778364722094626,0.989664676159853,0.07149811420681945,0.08945434268458316,0.5711876539591171,nan,0.061416498504141936,0.03163086173603269,0.03169829749909492,2.0458250187063065,0.9474046853468076,17416,0.9771474506201194,0.991789159393661,0.050925814525638734,0.08043112017144578,0.5534289304164376,nan
08_002150_002170_s5,08,3,-1,17373,27.3665,17.545895634584973,14.00376842867943,14.583716870874966,0.8944937182760163,0.9002596178102925,0.6420019015333702,8.694676453575154,0.02711103436366776,17373,0.040407528924192714,0.7877741322742187,0.9222949656294896,0.8497722062720786,0.7797947403709502,nan,0.23566935053160498,0.22097727354070693,0.19975167705698915,2.3978876843443206,0.7475392850975652,17373,0.9652334081620906,0.9947619869913084,0.23738954766589565,0.23953398133717918,0.15617452164122358,nan,0.0702046271930726,0.037093986752106824,0.03757981969023172,1.39730731777138,0.9381799343809359,17373,0.9676509526276406,0.9863581419443965,0.06190894798945932,0.08418573782247996,0.09748077194846327,nan,0.06522512688221195,0.02717230483260349,0.026987839467563557,1.3407736196146751,0.9324238761296264,17373,0.9679963161227192,0.9893512922350775,0.05558128689637966,0.08428123077766075,0.06633553990975281,nan
08_002150_002170_s5,08,4,0,16839,27.3665,17.545895634584973,14.00376842867943,14.583716870874966,0.8981637839707907,0.892939723320158,0.6381340310356696,8.816216266672576,0.0065324544212839245,16839,0.024585783003741316,0.7666132193123107,0.9022887560679312,0.9020866744966376,0.7846698109493234,nan,0.223948618511693,0.21403842882704335,0.19417410449289862,2.220153113737487,0.7542015559118712,16839,0.9829562325553775,0.9988716669635964,0.2275517332625886,0.22440252319760204,0.14423219063860285,nan,0.061696589134345704,0.04046116978133995,0.04088893523708581,0.8578854251443861,0.9590830809430488,16839,0.992279826593028,0.9991685967100185,0.06298555969895131,0.05365634622792353,0.08676291253213145,nan,0.053828981390358625,0.025873942101768743,0.025771664188443122,0.788492354864059,0.9605083437258745,16839,0.992279826593028,0.9994655264564404,0.054456516118502815,0.05190977820323959,0.05299889259026511,nan
08_002175_002195_s5,08,0,-4,17770,27.3665,20.19840485556839,18.765128386305463,19.384053123764755,0.4203772192987544,0.43255656008276566,0.3594606523053734,4.502329583819043,0.050928531232414184,17770,0.9522228474957795,0.995160382667417,0.4419010545080306,0.38847416080107416,0.32178344030893063,nan,0.07222596372118154,0.0636546817465855,0.061950509233837714,1.0744979397628096,0.9792909397861564,17770,0.9929656724817107,0.9997186268992684,0.0747742534888526,0.07020955855833957,0.05495653077363379,nan,0.05428856725110877,0.035176964684719626,0.035442731328605315,1.2293018850147992,0.9712999437253799,17770,0.9930782217220033,0.9983117613956106,0.04745714781315588,0.06175561707563273,0.09438715243522211,nan,0.053858730966068705,0.035256790409795395,0.0349340613700857,1.0891850442661124,0.9782779966235228,17770,0.9930219471018571,0.9996623522791221,0.05044371139132479,0.058758406389126445,0.07002350921939302,nan
08_002175_002195_s5,08,1,-3,17111,27.3665,20.19840485556839,18.765128386305463,19.384053123764755,0.3996728971726919,0.41260355813287497,0.3458121974067976,4.591879990998458,0.10595523347554205,17111,0.9564023143007422,0.9944480158962071,0.42260031679234134,0.3772322218863247,0.312356101694729,0.251742181243616,0.07894541405869605,0.05896714198620149,0.05776640271126343,1.2311028236986477,0.9457658815966338,17111,0.9900648705511075,0.9962597159721817,0.08505821030602569,0.06963476747064426,0.06482856388706133,0.0961092634547152,0.07202969511979863,0.04180088351304589,0.04215819297888568,1.499966884521681,0.9251943194436327,17111,0.9894220092338262,0.9954415288410964,0.06671083820902601,0.07324221060822869,0.10348726867437835,0.1602492454354179,0.06550092884269133,0.037660152180143104,0.03755499974961962,1.320158173496146,0.9356554263339373,17111,0.9897142189234995,0.996025948220443,0.06505149985462165,0.061986700485185744,0.078146191422291,0.132551992072663
08_002175_002195_s5,08,2,-2,16569,27.3665,20.19840485556839,18.765128386305463,19.384053123764755,0.375688981734952,0.36978610517885746,0.3148566682524794,4.274720048694546,0.12921721286740298,16569,0.9526827207435572,0.9780312632023659,0.40751667330497854,0.35273922211031666,0.26591914044297216,0.22676489668999789,0.08024138274687746,0.0467752970651547,0.046694238070812855,1.3261634143992884,0.9275152393023115,16569,0.9781519705474078,0.9972840847365562,0.0970557799928025,0.0488745320192292,0.07388935110734605,0.12782565410610278,0.09848820323789502,0.07130218845204911,0.07363508494315729,1.7981425606733574,0.8961916832639266,16569,0.9779105558573239,0.997706560444203,0.10053639086150527,0.08125436650538073,0.13379927932711702,0.18971504467943237,0.08206834506389976,0.050443343599361715,0.05111672935418854,1.5495977776599246,0.9097109059086246,16569,0.9780916168748869,0.997827267789245,0.08946174872826752,0.05841310917035131,0.10590840974936577,0.16298965314920508
08_002175_002195_s5,08,3,-1,16337,27.3665,20.19840485556839,18.765128386305463,19.384053123764755,0.3363633102579134,0.35402110648476254,0.30331616426715113,3.9008996692165705,0.11017934749341984,16337,0.9903899124686295,0.9996939462569627,0.358710676609457,0.32734318161065595,0.2424899943524041,0.1939273811676117,0.05392090588487094,0.038653075511524505,0.03851721367750871,1.3524900083915505,0.9691497827018425,16337,0.9878802717757238,0.9962049335863378,0.046945481254180334,0.05359601047859762,0.09121883630398427,0.13922529158270158,0.0920467776239095,0.07310886100827299,0.0757994685943415,1.9196525242267537,0.9459509089796169,16337,0.9815755646691559,0.9953479831058334,0.07525046122879182,0.10243197210133571,0.15192732185116012,0.20030576520094637,0.0667661760560042,0.046165306724924506,0.04706002644129903,1.6426662430896877,0.9580094264552855,16337,0.9850645773397808,0.9960825120891228,0.05071012511883466,0.07626033064861164,0.12517188989660885,0.17392968430602843
08_002175_002195_s5,08,4,0,17058,27.3665,20.19840485556839,18.765128386305463,19.384053123764755,0.3099850812602565,0.3260626606496209,0.28364028771580196,3.6118502869571074,0.2609332864345175,17058,0.9799507562434049,0.9956032360182905,0.34224756436956005,0.28495239578722487,0.22271838238834266,0.18590042018318786,0.07029436344849364,0.04042949591109468,0.04069342424751343,1.8637895300945817,0.9393246570524094,17058,0.9671122054168132,0.9862234728573104,0.043330588331697846,0.1043067961380778,0.10146126051789217,0.12472194817573679,0.12139407357599596,0.09551346115272377,0.10021458059065058,2.3906729253242607,0.8989330519404385,17058,0.9596083948880291,0.9811818501582835,0.08812123308637958,0.1623065347424555,0.16330331140203944,0.18683157736242786,0.09466556143259025,0.06785477754450656,0.06997816337135032,2.1394958661641703,0.9183374369797163,17058,0.965587993903154,0.9828233087114551,0.0614792596911191,0.13553618731230457,0.13625565215554844,0.16001108127360608
08_002200_002220_s5,08,0,-4,17999,27.3665,22.847986251065414,21.61242897727273,21.666951835417574,0.28492819394387364,0.28638937125748504,0.25190128591150707,3.457825606618818,0.31340630035001943,17999,0.9813322962386799,0.9956664259125507,0.2908405938874902,0.28428039997296994,0.2524422979449471,0.16072124908547383,0.08580526991511934,0.07733086603335382,0.07471994868999632,1.2783324852125786,0.9708872715150841,17999,0.9858325462525696,0.989610533918551,0.08461569671092274,0.09447845755859591,0.057857595620151865,0.053189421457128405,0.05459244835974608,0.040503828334355244,0.04045269932524986,1.1026431675782782,0.9737763209067171,17999,0.9864436913161843,0.9891105061392299,0.05460406705369452,0.05798524192012398,0.037520419727986455,0.0939614414620549,0.05525690844686814,0.04069768542980354,0.04068348644308584,1.1011379283629064,0.9734985276959831,17999,0.9863881326740375,0.9891105061392299,0.05535200734629974,0.058754771895711475,0.03726662956893899,0.09207405807237863
08_002200_002220_s5,08,1,-3,17806,27.3665,22.847986251065414,21.61242897727273,21.666951835417574,0.24621808065002765,0.2492229879810171,0.22254859381070147,2.8503518802399523,0.5075255531843199,17806,0.9985959788835224,0.9999438391553409,0.26221472807435214,0.23286475057199993,0.18952318197000637,0.1226515329733684,0.05352673499419598,0.04709759901517843,0.04611933385678135,1.00612735873614,0.9866337189711333,17806,0.997865887902954,0.9999438391553409,0.062440202276835985,0.03982455223368457,0.045019243470936485,0.11119054278758121,0.038001712210141404,0.02413310428228739,0.024271460877330897,1.1224093310982446,0.9882062226215882,17806,0.9976974053689768,0.9999438391553409,0.035178537914483936,0.034381431322876375,0.0730762458118113,0.15057660056972527,0.03727794104401628,0.023302332501620178,0.0234242606943158,1.1086135640856791,0.9885431876895429,17806,0.9976974053689768,0.9999438391553409,0.03496254768019276,0.03311112149903823,0.07097217862806474,0.14873348089292548
08_002200_002220_s5,08,2,-2,17835,27.3665,22.847986251065414,21.61242897727273,21.666951835417574,0.2398889528445228,0.234788730557663,0.21090987034972475,2.857842203046756,0.6356602186711522,17835,0.9848612279226241,0.9994953742640875,0.23519310292677423,0.25413211522292456,0.20435103299798507,0.202809908578141,0.04678885987954343,0.034638266288118405,0.034244074594028895,1.0103121745250596,0.9780768152509112,17835,0.9970283151107373,0.99977572189515,0.041328851833610084,0.05406405643500506,0.05583223884594321,0.04864366505296439,0.04255477594137431,0.03045658135564058,0.030792786823586216,1.0371071133032048,0.9776843285674236,17835,0.9970843846369498,0.9987104008971124,0.046209232723774814,0.030431525792268165,0.07636663553028121,0.06338176690541718,0.041301379848890304,0.0287341827418244,0.02897397536112578,1.027119122129495,0.9777403980936361,17835,0.9970843846369498,0.9987104008971124,0.044653669315082974,0.029782111746443022,0.0745086717982872,0.06157952096624046
08_002200_002220_s5,08,3,-1,17333,27.3665,22.847986251065414,21.61242897727273,21.666951835417574,0.23115715119281371,0.22962915917266172,0.2068019728614452,2.5610813753231145,0.7442450816361853,17333,0.9862112732937172,0.9965960883863151,0.23156368380457076,0.2476747383008754,0.16635453354092444,0.19752660834827893,0.04639966206853938,0.03290255865571784,0.032569337459458225,1.1205269446834603,0.9766341660416546,17333,0.9920383084290082,0.9957306871285986,0.040685778438154956,0.06480529613346837,0.04298386717767865,0.047983476410412014,0.048593173359342934,0.03210882176689906,0.0325587614774161,1.2165296283408467,0.9763456989557492,17333,0.991922921594646,0.9957306871285986,0.04085258625519179,0.0622000931013855,0.08482571021509815,0.09082886125700981,0.04689143537413935,0.03006267094626857,0.03047370694611473,1.2061824921075375,0.9761149252870247,17333,0.9920383084290082,0.9957306871285986,0.0391065931134414,0.06073894007503874,0.08275032223497707,0.08853524543626164
08_002200_002220_s5,08,4,0,16830,27.3665,22.847986251065414,21.61242897727273,21.666951835417574,0.2492831273541688,0.22819102939783514,0.2056430560269309,2.4458066169039454,0.7197860962566844,16830,0.9660724896019014,0.9832442067736186,0.27509995317840286,0.20520403948662894,0.11989956117937514,0.26235682454524745,0.06875797514250573,0.0338073285573039,0.033403041609644135,1.5286325496340079,0.9488413547237077,16830,0.9716577540106952,0.9922756981580511,0.07051743290275389,0.05747008960737139,0.08810339065295966,0.22928585025617235,0.07054616875060887,0.03827374158396089,0.03880512288524196,1.716486505927518,0.9440879382055852,16830,0.9723707664884136,0.995068330362448,0.06001800317921123,0.08418439492595794,0.13343327447451564,0.27096398605628147,0.06911995274024245,0.036469372552184076,0.03702572940689486,1.7043695128363598,0.944503862150921,16830,0.9725490196078431,0.9951871657754011,0.05877794972253511,0.08239556655312598,0.13127809318631467,0.26912480697962443
08_002225_002245_s5,08,0,-4,16358,27.3665,23.391354867541118,22.112297810299292,21.271961019984815,0.29794682192244876,0.2715794445120261,0.24027168963084455,3.5436396930102325,0.23768186819904633,16358,0.976036190243306,0.9926030077026531,0.3147948688263614,0.2622535899472356,0.3283006082430339,0.3040583845049424,0.11184867572017032,0.08714379676774298,0.08356421684301196,1.5043790723822958,0.9581855972612788,16358,0.9879569629539063,0.9938256510575865,0.12523704442942102,0.08266244023377943,0.14012495239171538,0.11568674343126117,0.057651138925626004,0.02996720986597813,0.029670619425207434,0.9927875637252309,0.9703508986428658,16358,0.9908913070057465,0.9938256510575865,0.0654897455284557,0.03872822900089994,0.08319517360990795,0.0705590584903744,0.04687406246293827,0.02484674211550163,0.02504897960983432,0.8279723501460186,0.975302604230346,16358,0.9913803643477198,0.9938256510575865,0.049810324391179994,0.04092290062744141,0.050640541450980896,0.05570450256738404
08_002225_002245_s5,08,1,-3,17686,27.3665,23.391354867541118,22.112297810299292,21.271961019984815,0.24451247979634755,0.23630292653671003,0.21213448212725283,3.2372704490277995,0.6129707112970711,17686,0.9928191790116476,0.9979644916883411,0.22517524053155183,0.2836862772769683,0.3146505145073124,0.267197891083415,0.07110099609610132,0.05829769075140731,0.056766226692044564,1.4505465902618524,0.9844509781748275,17686,0.9962682347619586,0.9983037430736176,0.05535094333659173,0.10103372504138093,0.13611744076209947,0.08312994199959363,0.03957917647065557,0.023296246310888523,0.02334673466111714,1.1030769904517541,0.988295827207961,17686,0.9967205699423273,0.9983037430736176,0.030894950663596227,0.05311119905312329,0.08753836042903648,0.024128571478729793,0.052570203073652975,0.04401330588212149,0.04467206473487073,1.0549383045273353,0.9872780730521317,17686,0.9967205699423273,0.9983037430736176,0.05474818399106579,0.04385558491013823,0.0622580782141501,0.015007978962111848
08_002225_002245_s5,08,2,-2,16445,27.3665,23.391354867541118,22.112297810299292,21.271961019984815,0.3023590303643562,0.28627087555268976,0.2518937950784137,3.6544742996627066,0.1733657646701125,16445,0.983399209486166,0.9967771359075707,0.28517675240808676,0.35103924882328547,0.31007157047373196,nan,0.11790182732831245,0.1004186300981603,0.09585511222741472,1.7683231050836101,0.9672848890240194,16445,0.9880206749771967,0.9957433870477349,0.10021640279367063,0.16585593255717235,0.13179936802842193,nan,0.06165320072509528,0.04298040936437358,0.04210455938072677,1.2930913788315157,0.9775007601094557,16445,0.9896625114016419,0.9952569169960475,0.04359474363545724,0.10814369017832542,0.08269896494123151,nan,0.04383988309178126,0.025608532298523577,0.02578384411825807,1.0967438535803529,0.9778656126482214,16445,0.9899665551839465,0.9944055944055944,0.03217362602546897,0.07361939802366252,0.05814120354735077,nan
08_002225_002245_s5,08,3,-1,16551,27.3665,23.391354867541118,22.112297810299292,21.271961019984815,0.3161750333798987,0.29562598632298775,0.2591918529112376,3.736828305256691,0.2338227297444263,16551,0.9670110567337321,0.9847743338771071,0.32841547390045334,0.32002772059053547,0.22849829514224707,0.33822349330576795,0.13246684249778481,0.10891196945191607,0.10350381861747104,1.7793140447843727,0.9401244637786237,16551,0.976194791855477,0.9938976496888405,0.13887444422666934,0.1393112041493389,0.07363121648689286,0.16144543137146278,0.08218647324101118,0.052278430730141094,0.051248039908548204,1.380190093841168,0.956800193341792,16551,0.9786719835659476,0.994078907618875,0.08497263837081254,0.08418939726872768,0.05894839423765249,0.10456468358786103,0.06296885418347893,0.034944222571793214,0.03478452967742807,1.2895721295285232,0.9556522264515739,16551,0.9819346263065676,0.9943810041689324,0.06654652843935639,0.052914910073684755,0.06648897126217217,0.07032886375359952
08_002225_002245_s5,08,4,0,17184,27.3665,23.391354867541118,22.112297810299292,21.271961019984815,0.292454690391589,0.29188634049718576,0.2563829435467626,3.5493731830055917,0.24150372439478585,17184,0.9774790502793296,0.9937150837988827,0.3126532756939034,0.2845852003689222,0.20846238337610185,0.18515432099027956,0.11926955254770871,0.10660466187159703,0.10151559655961906,1.688518435310707,0.9464618249534451,17184,0.9822509310986964,0.99487895716946,0.1343560682534198,0.11302746359162828,0.057549240494176084,0.06879934021323517,0.07617986116089101,0.053309324948067366,0.05253119357304881,1.4452851188475453,0.9560637802607076,17184,0.9818435754189944,0.9933077281191807,0.0828540307101564,0.0721382728115652,0.055179587340385854,0.06400864593786605,0.05923575200960123,0.030277773504812748,0.030409735767306545,1.4890233981811172,0.9561219739292365,17184,0.9814944134078212,0.9910963687150838,0.0579571823887799,0.056867634777427296,0.07893123777966594,0.07973077078723693
08_002250_002270_s5,08,0,-4,17429,27.3665,18.716652283165104,17.2144933670071,17.879400529258493,0.5267494571493548,0.5211457731213872,0.4195306545988515,6.643761721258726,0.006426071490045327,17429,0.8190372367892593,0.9875494864880372,0.579386501119716,0.5040050437605936,0.462622824145548,0.5129390884450497,0.057202081501068466,0.044334946234574624,0.0435424646336684,1.0544723986288116,0.9788283894658328,17429,0.987778989041253,0.9945493143611223,0.08354100323494067,0.04398488083391221,0.041030799634605784,0.03624281903851521,0.060178637643437165,0.04603015924502324,0.047058125807263096,1.2641980470563887,0.9769349934018016,17429,0.9892707556371565,0.9950656951058581,0.05171098160030154,0.06232529842333855,0.08366561607190624,0.048307971325413236,0.0404839496773736,0.021779803683795933,0.0218293857691938,1.0451907894752115,0.9787136381892249,17429,0.9885822479775087,0.9948361925526421,0.04410610777123766,0.03697965191185648,0.05295052681562624,0.0218815705517206
08_002250_002270_s5,08,1,-3,17640,27.3665,18.716652283165104,17.2144933670071,17.879400529258493,0.5300681420477606,0.5439340069483483,0.43478768251380107,6.452854039629866,0.010714285714285714,17640,0.6492063492063492,0.9979024943310658,0.5675696228590954,0.5044295713114105,0.4625594027632987,nan,0.0627989785439065,0.05906598215961314,0.05749708698294698,1.1289348051650778,0.9826530612244898,17640,0.9937641723356009,0.9948412698412699,0.07430047377381317,0.053131657921452205,0.058738669667038994,nan,0.04716107975640157,0.030856420259918905,0.03131770915214682,1.2467568678452197,0.9808390022675737,17640,0.9918934240362812,0.9947845804988662,0.022050897804198596,0.0649588183596753,0.08626752881587961,nan,0.038598395218394095,0.026524235889462264,0.02641428643804189,1.0790706782643524,0.9828798185941043,17640,0.9934240362811791,0.9947845804988662,0.03036270322394971,0.043809281209965904,0.05702721478538024,nan
08_002250_002270_s5,08,2,-2,17318,27.3665,18.716652283165104,17.2144933670071,17.879400529258493,0.4948016373300939,0.5027006467021675,0.4073112349908463,5.868175397773469,0.01639912230049659,17318,0.8986603533895369,0.9976902644647188,0.5281895304042002,0.46829428683182234,0.3998609147990394,nan,0.0454245297258472,0.03494637582031105,0.0345062704225213,0.9792122430795986,0.9847557454671441,17318,0.996073449590022,0.9991915925626516,0.04743984454811754,0.04059909086331358,0.06347303273867506,nan,0.0668686493855389,0.056414148918295715,0.057966333232727596,1.3395388652266453,0.9779420256380644,17318,0.994167917773415,0.9991338491742695,0.0455519462064924,0.08382505708793236,0.12737766356656272,nan,0.04105126382598429,0.026184385650612478,0.026332526134547507,1.087112698711023,0.9819840628248065,17318,0.9945143781037071,0.9991915925626516,0.023003870543724624,0.05513267694144149,0.09385605946977055,nan
08_002250_002270_s5,08,3,-1,17106,27.3665,18.716652283165104,17.2144933670071,17.879400529258493,0.48295875807892885,0.4901266571969697,0.3989198605262776,5.678302016854759,0.022623640827779727,17106,0.9318952414357535,0.9940371799368642,0.5063548579714438,0.4662758386005951,0.3809325068199735,0.334844737238974,0.04526271031853149,0.028302525471314746,0.02800028618770245,1.0594044615964602,0.9739272769788379,17106,0.9931018356132352,0.9983631474336491,0.04417825210766799,0.043245131545257394,0.06811339589554749,0.09478890070131495,0.07828626151287876,0.06384071442675926,0.06587078638786359,1.4321343204948211,0.9666198994504852,17106,0.988249736934409,0.9984800654741026,0.06707576780988939,0.0850362934875926,0.13542499523785131,0.16033559734768216,0.04915280251250089,0.0303609475231614,0.030796861305483425,1.1869099475086375,0.97223196539226,17106,0.9901788846018941,0.9984800654741026,0.03796878729289229,0.05646777131024089,0.10225689297324494,0.12790368876296102
08_002250_002270_s5,08,4,0,16362,27.3665,18.716652283165104,17.2144933670071,17.879400529258493,0.47179740352207256,0.4729871323969943,0.3874648403236124,5.289944520331224,0.020963207431854296,16362,0.9258036914802591,0.9966996699669967,0.48901589937577866,0.45598874013368595,0.39690618797754706,0.40546772294824035,0.04324241329947682,0.025561927855768773,0.025496655003969915,1.073994353722014,0.9761031658721427,16362,0.987593203764821,0.9976164283094976,0.03984863708281033,0.04663115842937197,0.05669535638567939,0.04330764410857009,0.08379340393788523,0.0742341018734039,0.07699096586401255,1.4901460689575634,0.9679134580124679,16362,0.9877765554333211,0.9949883877276616,0.07254237007265332,0.0954945598565358,0.12425631932926959,0.11591124936564565,0.05471677369453171,0.04192813952699229,0.04270450593971509,1.2406328540639293,0.9734751252903068,16362,0.9880210243246547,0.9955384427331622,0.042935852328328875,0.06771219838486263,0.09251107825096673,0.08176345716344804
08_002275_002295_s5,08,0,-4,16307,27.3665,17.89828814746113,17.50282352411807,18.060713619360136,0.4558754170816438,0.4887391028281163,0.3979295219817369,5.827333525839438,0.0895934261360152,16307,0.9164162629545594,0.9969951554547127,0.4424677373509771,0.48228711868982177,0.45681720468244086,0.3476580464729226,0.06519946223227593,0.033521950817226726,0.03397626668385989,1.2461836936065727,0.9339547433617464,16307,0.9890844422640583,0.9984669160483228,0.07387177865610171,0.04821633352118803,0.06464170955683642,0.11860223119445555,0.07929866679275721,0.05025489039323041,0.05144959092152246,1.3723037780104514,0.9053167351444165,16307,0.9887165021156559,0.9986508861225241,0.08894154364305173,0.06020972642753686,0.07944540300898038,0.13807681076230882,0.062089880224670074,0.030025413502259006,0.030182270392521637,1.2068343799844998,0.9442570675170172,16307,0.9890844422640583,0.9984669160483228,0.07010099854421538,0.04684961528373681,0.0599536136058088,0.11060361996697457
08_002275_002295_s5,08,1,-3,16256,27.3665,17.89828814746113,17.50282352411807,18.060713619360136,0.4948946450801705,0.5019397788046848,0.4067574585234456,6.036828749703183,0.04982775590551181,16256,0.8433193897637795,0.9897883858267716,0.49069286537719076,0.5073576146634122,0.4567887282121273,nan,0.05913182189305965,0.02865166100354988,0.028928228402768208,1.0875134464256249,0.9474655511811023,16256,0.9897883858267716,0.9971702755905512,0.07259776100593711,0.039330257754784693,0.06500901730185125,nan,0.07119656808759636,0.04350845430541309,0.044293895787088644,1.1910430181370217,0.9384227362204725,16256,0.9889271653543307,0.9964936023622047,0.08518214952287075,0.050303702787688115,0.07919664268509043,nan,0.05632873930133791,0.024827505048413877,0.02496165927509686,1.0608910975974697,0.9513410433070866,16256,0.9899114173228346,0.9972933070866141,0.06941329657857266,0.03736201458461084,0.06045139631685285,nan
08_002275_002295_s5,08,2,-2,16567,27.3665,17.89828814746113,17.50282352411807,18.060713619360136,0.49722322476533176,0.5093677307692306,0.4117418217003368,5.977642750762267,0.036759823746001084,16567,0.8826582966137503,0.9952918452345023,0.49085499820157247,0.5060075821008538,0.5050676459095662,nan,0.04634257888791045,0.022130091802752716,0.02221090237298995,0.9778079942239962,0.9612482646224422,16567,0.9908251343031327,0.9953522061930343,0.05224543493177226,0.03585640023068714,0.05674444213642683,nan,0.058677086388080474,0.037759096478883224,0.03842110667240828,1.0516401246249516,0.9543067543912598,16567,0.9877467254179997,0.9953522061930343,0.06528865810725605,0.04782250071087348,0.06370307730955672,nan,0.04473676027616943,0.020030538072585813,0.02001044194243784,0.965292702750419,0.9645077563831713,16567,0.9911873000543249,0.9953522061930343,0.050259805839148866,0.03461507798248046,0.05677501410025851,nan
08_002275_002295_s5,08,3,-1,16461,27.3665,17.89828814746113,17.50282352411807,18.060713619360136,0.49010248884556057,0.4862345353311567,0.3962609598835667,5.506355170449288,0.00291598323309641,16461,0.9006743211226536,0.9973270153696616,0.4910125877647912,0.4949858326496713,0.4465340315017863,nan,0.04176067430381721,0.03298271950225774,0.0333912318576024,0.7540229554857665,0.9947147803900127,16461,0.9980560111779357,0.9992102545410364,0.039371353881680914,0.044161664856517166,0.05814763442933939,nan,0.05731047564015883,0.05104372458523982,0.05230496329255674,0.879675994851921,0.9941072838831176,16461,0.9979952615272463,0.9993925034931049,0.056572063341176856,0.05570879178326107,0.07739422279993398,nan,0.036673161129313035,0.02645169039997689,0.026717091767276102,0.7196346513795245,0.9949577789927708,16461,0.9981167608286252,0.9992102545410364,0.03375981752635125,0.040455764511407186,0.051164334285429415,nan
08_002275_002295_s5,08,4,0,15316,27.3665,17.89828814746113,17.50282352411807,18.060713619360136,0.5326662295518083,0.512607170129926,0.4138347646949492,5.727609042064757,0.006267955079655263,15316,0.7659963436928702,0.9874640898406895,0.5511655995153351,0.5122618627445926,0.45320415065267405,nan,0.04600605593494113,0.02741981146470015,0.02750851803850829,0.9094022424276713,0.9811308435622879,15316,0.9880517106294071,0.9930138417341342,0.046731504952867355,0.04285825616921252,0.054110682848133286,nan,0.05326712458719584,0.038029934169171824,0.038580391530573466,0.9970135790784199,0.9804126403760773,15316,0.9878558370331679,0.9932750065291198,0.05313823750696048,0.04944981722159529,0.07274525081565471,nan,0.04535357924796947,0.025836293238136177,0.025818514906434942,0.8906853684270754,0.981000261164795,15316,0.9881170018281535,0.9929485505353878,0.046938255329696636,0.041641203022001944,0.04793629204309388,nan
08_002300_002320_s5,08,0,-4,17572,27.3665,24.855430037217758,24.091785599743417,24.624082869051776,0.15500857761040657,0.14152333636253067,0.13240742672639816,2.1640355696797697,0.9499772365126338,17572,0.9847484634646028,0.9924880491691327,0.17449024998828638,0.13163413030660623,0.11649662479669257,0.15610514677746812,0.06016523671689513,0.04021231327760482,0.039507126130912784,1.5187436201261812,0.9769519690416572,17572,0.9867402686091509,0.993455497382199,0.07191352952362047,0.04072785156483738,0.0439503537293565,0.13664887465329945,0.04420263080134621,0.021423101663428597,0.02133905844162509,1.535852772995624,0.9761552469838379,17572,0.9878784429774642,0.9933985886637833,0.048053952211360794,0.032338829381291255,0.04581441021131141,0.15250419962487122,0.05373765474703074,0.03229133975366128,0.03188511941433736,1.5113742537953696,0.9768381516048259,17572,0.9870248122012292,0.9933985886637833,0.06342604837151375,0.035839876171685506,0.042942070310721156,0.14098594789608018
08_002300_002320_s5,08,1,-3,17151,27.3665,24.855430037217758,24.091785599743417,24.624082869051776,0.13294661853743242,0.11926832833195354,0.11272118430859646,1.9890294563961362,0.9630925310477523,17151,0.985248673546732,0.9948107982041864,0.1486574510844139,0.11344584809621114,0.12155085842568626,0.15920264847020896,0.04658583883321772,0.026847877725497765,0.026606062326547608,1.1377686847076847,0.9747536586787943,17151,0.9883388723689581,0.9967348842633083,0.05602520191457046,0.03445287614084155,0.039212694625332944,0.10680649331926924,0.04485872321337936,0.024745986779617465,0.02487035628862344,1.12968122773676,0.9749868812314151,17151,0.9893883738557518,0.9973762462830156,0.04886735186560888,0.040168278542132715,0.039335393679000706,0.09995708935827873,0.0434024666962044,0.02158632992139001,0.02154728852774035,1.118035811818108,0.9747536586787943,17151,0.9885720949215789,0.9971430237303948,0.05107270785134667,0.03370389628400433,0.03655014782938536,0.10339475392141614
08_002300_002320_s5,08,2,-2,18006,27.3665,24.855430037217758,24.091785599743417,24.624082869051776,0.12306764733889125,0.11931342182760717,0.11276040596944514,1.6885718639943172,0.9897811840497612,18006,0.9981672775741419,0.9998889259135844,0.12714498416585254,0.12002120782963185,0.11183806723191349,nan,0.03202696013568335,0.021348671238040788,0.021207089790901135,0.8839577919994362,0.9866155725869155,18006,0.9992224813950905,0.9997223147839609,0.03489838075461785,0.026125365428182095,0.048384342862042545,nan,0.03099584419744241,0.023198044284719974,0.023305214188526602,0.9075435807398492,0.9849494612906808,18006,0.9991114073086749,0.9996667777407531,0.03068844479985094,0.027818239461922183,0.052246232084606374,nan,0.02899673564728444,0.01851071243873223,0.018514936808708082,0.8724124511481665,0.9862268132844607,18006,0.9992224813950905,0.9997223147839609,0.030444702565937804,0.024245392894528803,0.04801177016777103,nan
08_002300_002320_s5,08,3,-1,17958,27.3665,24.855430037217758,24.091785599743417,24.624082869051776,0.1173521182697595,0.11369891119909498,0.10772143691610747,1.7048869410439018,0.9826261276311393,17958,0.997716894977169,0.9996102015814678,0.11411020963469559,0.11845243559606523,0.13785337536136028,0.06809601915094828,0.0290586216752105,0.019441707005860787,0.01940818308684289,1.008004539890079,0.9880276200022274,17958,0.9974384675353603,0.9992760886512975,0.02057403845821859,0.03279546663679299,0.07086568675280945,0.06730046125189368,0.032776731380932046,0.024343682020360816,0.02451087978664912,1.033836071019616,0.9884731039091212,17958,0.9964361287448491,0.9992760886512975,0.0255504096340635,0.03442529532306182,0.07720370767997027,0.09383064522818908,0.02737486313018896,0.019457027133741603,0.019475530721986045,1.0005709211709728,0.9880833054905892,17958,0.9972157255819134,0.9992760886512975,0.018444001691848965,0.03133330090544252,0.070964018023854,0.07438406770052466
08_002300_002320_s5,08,4,0,16890,27.3665,24.855430037217758,24.091785599743417,24.624082869051776,0.11125862947743563,0.10214302734374997,0.09734125150788397,1.6914146381807893,0.971166370633511,16890,0.9898164594434576,0.9940793368857312,0.11001162725317538,0.11636724480622249,0.10517094140088433,0.037087805685117735,0.037149492376556154,0.019359575562866264,0.019410228768970583,1.4764074691970255,0.9721136767317939,16890,0.9905269390171699,0.9936648904677324,0.022582774802283274,0.05331308526483457,0.11760581550132342,0.1216972329186845,0.048665288024850005,0.0332820492352037,0.03377973794091693,1.5765195193561257,0.9702782711663707,16890,0.9903493191237419,0.9939609236234458,0.030924340118696075,0.06964319934446121,0.14120327369807723,0.1486817196684879,0.03824778922971365,0.020825849755145655,0.0208962892854464,1.499039964981949,0.9716992303137951,16890,0.9904677323860273,0.9939609236234458,0.02222773335187079,0.05654138365658376,0.1245556124618006,0.12987222154903022
08_002325_002345_s5,08,0,-4,14893,27.3665,23.422023167347778,20.46006180311033,22.122857931250778,0.3088834545289816,0.2566385190743608,0.22911313959684243,3.762646128297143,0.4557174511515477,14893,0.8995501242194319,0.9650171221379171,0.3590040352038312,0.24565178994160813,0.23163764272162055,0.2218614147917,0.15377085464733467,0.08582978015205787,0.08313627941808654,2.4145984763880417,0.8467736520512993,14893,0.9398375075538844,0.9709259383603035,0.1873278854602531,0.11414079166379489,0.0887621381479139,0.07864807714636773,0.14157483106247185,0.08209085538711777,0.08503041246619603,2.464362654323412,0.8072248707446451,14893,0.9400389444705567,0.9788491237494125,0.15489135691562692,0.12322763381692216,0.13259456052303972,0.11112885033841263,0.12130468281612676,0.03678552037212759,0.0365967552011317,2.291465196546847,0.8493923319680386,14893,0.94923789699859,0.974081783388169,0.14711681102690286,0.08967080416943042,0.07683696240392213,0.07118304035890957
08_002325_002345_s5,08,1,-3,15441,27.3665,23.422023167347778,20.46006180311033,22.122857931250778,0.25150505845916626,0.23301546446917798,0.21000127497556909,3.074306560710704,0.6700990868467068,15441,0.9703387086328605,0.9838093387733955,0.27201524073323524,0.2145191342616936,0.24111080475759794,0.15633681534304716,0.09505724171242215,0.061150612931149304,0.059417967691245854,1.8010372626288067,0.9227381646266434,15441,0.9740301793925263,0.9842626772877404,0.09700370858754703,0.09225408892048677,0.0907580793224011,0.07523959708028703,0.1114963858409849,0.08117289350501798,0.0845832886979736,2.042068693076907,0.9062236901755067,15441,0.960494786607085,0.9872417589534357,0.09757929344320856,0.1368364215345236,0.11927678678107073,0.14397696448662944,0.06564903915586608,0.022286821984849162,0.02234234598767726,1.7492743075453796,0.9187228806424454,15441,0.9733825529434622,0.9859465060553073,0.057198608785900266,0.08104910773663514,0.07033503986809093,0.08477206836911783
08_002325_002345_s5,08,2,-2,13420,27.3665,23.422023167347778,20.46006180311033,22.122857931250778,0.2655385121603133,0.2251902756954712,0.20330042243793567,3.2540826568223364,0.7431445603576751,13420,0.9507451564828614,0.9719076005961251,0.28604829132338794,0.22024362151557153,0.2592691382885626,0.12704076384340945,0.09793475236055067,0.05240585671595369,0.05129201078485435,2.016960580668962,0.9268256333830104,13420,0.963338301043219,0.9782414307004471,0.11033226569888392,0.06343672136650491,0.11917550723826298,0.1228315683328824,0.12081016843025327,0.08901123667396539,0.09315905233544686,2.1943441767647855,0.9236959761549925,13420,0.9652757078986587,0.9827123695976155,0.123898879252232,0.10881409960329892,0.13681876840017027,0.21227491713015662,0.07464009901052945,0.02481992789943309,0.024956858673062632,1.9493086759122245,0.9301043219076006,13420,0.9652757078986587,0.9804023845007451,0.08093779452799789,0.052814381706604706,0.10048955576179647,0.15465469335419008
08_002325_002345_s5,08,3,-1,11847,27.3665,23.422023167347778,20.46006180311033,22.122857931250778,0.2960606827077119,0.25559834558823535,0.2279448140792235,3.716441709846468,0.44880560479446274,11847,0.9375369291803832,0.9772938296615177,0.32824932112173255,0.2542687277073062,0.25816587417023523,nan,0.13187343639442206,0.0801823362434249,0.07736980155483963,2.178973673856653,0.8889170254072761,11847,0.9669114543766354,0.9803325736473368,0.15679939377599422,0.09205200427421135,0.12294990291334659,nan,0.1134538730886879,0.07006597795774422,0.07235993750516867,2.2061435811279844,0.8990461720266735,11847,0.9576264033088545,0.9856503756225204,0.1281378708928898,0.08554197888879507,0.12000181817442307,nan,0.0962648569959393,0.042477825320123286,0.04217149515955665,2.017138721022816,0.9036886975605638,11847,0.9669114543766354,0.9832869080779945,0.11813716847860616,0.05820893141560631,0.09707695495132539,nan
08_002325_002345_s5,08,4,0,13982,27.3665,23.422023167347778,20.46006180311033,22.122857931250778,0.28461818171598213,0.2651112081485437,0.23535208883962966,3.4990156829102377,0.37584036618509514,13982,0.9665999141753683,0.9883421541982549,0.3069574723730287,0.2401561845855351,0.2408184868197205,nan,0.11330028036500259,0.08573769425472066,0.08237698115961423,1.932938138573616,0.9463596052066944,13982,0.9748247747103419,0.9902016878844229,0.12554798897127625,0.0835786261278792,0.09572007981118565,nan,0.08376571652755782,0.059718222044797833,0.06105383009717924,2.05220174004858,0.9417107709912745,13982,0.977828636818767,0.9924903447289372,0.07097318822743587,0.10374665026773384,0.1152385691565421,nan,0.0752662768735141,0.049400118449910345,0.04952640135646558,1.7944226389621298,0.9472893720497783,13982,0.9794020883993706,0.9912744957802889,0.07758774844828134,0.05977892018544126,0.08372629647190034,nan
08_002350_002370_s5,08,0,-4,14414,27.3665,21.281044274560497,18.325300292968745,20.34820249962439,0.34186529002796,0.33909805492212697,0.2922746143496664,4.603042014432522,0.11204384626057999,14414,0.9689884834188983,0.98272512834744,0.3604755922583064,0.33802029301040903,0.2951368940884855,0.2691330016914463,0.07713281063631229,0.04808764140462794,0.0470695653240113,2.1399415666479578,0.9391563757458027,14414,0.975718051893992,0.9882059109199389,0.07988254674076727,0.08325664549000325,0.06042994792236287,0.24257190665302852,0.12869693492113152,0.10498255398858176,0.11087223512708944,2.8295098850135902,0.9105730539753017,14414,0.9652421257111142,0.984945192174275,0.11408719220468387,0.13230805867927836,0.16289406244441898,0.3477717971995211,0.059401433268233376,0.021655031615587298,0.02163847974144062,2.202098163520596,0.9387401137782712,14414,0.9763424448452893,0.9874427639794644,0.049664605069320404,0.06670217569408028,0.07567310914036425,0.2757733115215334
08_002350_002370_s5,08,1,-3,14494,27.3665,21.281044274560497,18.325300292968745,20.34820249962439,0.35903711617740197,0.3376186116982217,0.29122670839993026,4.842620156928774,0.11363322754243135,14494,0.9299710224920656,0.9761280529874431,0.4107481155058676,0.3362085564726394,0.2544970317078276,0.28091956882202535,0.08809353979034354,0.047520385477377663,0.04669732145468419,2.2543434436586933,0.9181040430522975,14494,0.9684007175382917,0.9852352697668001,0.10618707775693367,0.07935075694678051,0.04947187235065411,0.2413547228453786,0.13238046115621838,0.10748287629475572,0.11336757807026476,2.907134499026765,0.9098937491375741,14494,0.9656409548778805,0.9810956257761833,0.1126719236575776,0.14106506957194467,0.16724028402676308,0.34672366918008984,0.07050951548859635,0.023811600825425244,0.02387255986757353,2.2972839076346276,0.9321788326203947,14494,0.9688146819373534,0.9846833172347178,0.07086542294258405,0.06648654706079563,0.07900556759165708,0.27460948223393905
08_002350_002370_s5,08,2,-2,17204,27.3665,21.281044274560497,18.325300292968745,20.34820249962439,0.3430269470832311,0.32752994355384124,0.2834864257217571,4.2355788284115965,0.13031853057428505,17204,0.9675075563822367,0.98552662171588,0.3943392274951731,0.31510350458435893,0.24243128158663166,0.1823198907738207,0.07106616539991056,0.04043230174737824,0.03995193441906153,1.4276921141919896,0.9572192513368984,17204,0.977795861427575,0.9882004185073239,0.09506190559420775,0.05379509682543914,0.05501281988162742,0.1321019728805285,0.1315780916227166,0.11326187802196083,0.12015828427831654,2.196059050959309,0.9269355963729365,17204,0.9787258777028598,0.9870960241804232,0.1230027784907333,0.1330237429656278,0.1723452761498452,0.2526451350109833,0.06155601093698583,0.02955025594284713,0.029675803759227626,1.4748054335224337,0.9551267147175075,17204,0.9803534061846082,0.9865728900255755,0.066607399343156,0.05457612392348923,0.0831035915510813,0.17014576084677457
08_002350_002370_s5,08,3,-1,17183,27.3665,21.281044274560497,18.325300292968745,20.34820249962439,0.3523031260385991,0.33209708880037486,0.2870176402891671,4.031895291943631,0.12646220101262876,17183,0.9532677646511086,0.9815515334924053,0.42813337862615836,0.31496083517032525,0.24436876537654167,0.11725501858281286,0.07981143672644121,0.04548686053383987,0.04466386460756322,1.409052093300777,0.9389512890647733,17183,0.9746842809753826,0.989699121224466,0.12366116509078398,0.054285915668264254,0.0541633725780018,0.15882767367400671,0.13439505602954152,0.11200367285225521,0.11874041676970837,2.126758233616712,0.9150904964208811,17183,0.9728801722632835,0.989699121224466,0.13700712801015028,0.12826435843921835,0.1806420264710914,0.27565887842798187,0.0676860883867999,0.02756321982790054,0.02760545036229889,1.4552242567920062,0.9367979980213001,17183,0.9733457487051155,0.9908048652738172,0.0900906859436329,0.051253696754860086,0.09023222690899736,0.19569995662184528
08_002350_002370_s5,08,4,0,17696,27.3665,21.281044274560497,18.325300292968745,20.34820249962439,0.3304874194781551,0.33782730285964274,0.29107564623668747,3.7824877071973586,0.13895795660036167,17696,0.9820298372513563,0.9970614828209765,0.34320041007288554,0.3288635488840712,0.2246616702303692,0.17712647977323023,0.059264311854773835,0.04876784513229837,0.047973315749931134,1.3506274489492467,0.9756442133815552,17696,0.994122965641953,0.9985872513562387,0.05891257429127601,0.05806198059134458,0.062333080953090855,0.2679339692474019,0.11807867131979889,0.10517813062023415,0.11105425955293036,2.0393271389311463,0.9473327305605787,17696,0.9905628390596745,0.9976830922242315,0.10833205727396684,0.11996649903538112,0.18806635406688246,0.36961129939192755,0.04545310189133658,0.024075706502835515,0.0240618221586264,1.4028626179841077,0.978243670886076,17696,0.9933318264014467,0.9987567811934901,0.03735449949460609,0.0473605029117062,0.09889128884561589,0.3000236433577101
08_002375_002395_s5,08,0,-4,17080,27.3665,18.75451828009101,16.681078941993466,18.35486301136139,0.49174984576921554,0.4818113000162476,0.39338250104364114,5.585808183010562,0.033196721311475406,17080,0.8608899297423888,0.9831967213114754,0.4997178539763984,0.47776660980907354,0.4785282200405499,nan,0.05615092391206717,0.02882537972385471,0.028675641503679627,1.4501700259786543,0.952751756440281,17080,0.9889344262295082,0.9973067915690866,0.05364392456550118,0.05608390997503887,0.09205123768750674,nan,0.10886285206251518,0.09847289178070551,0.10357065528649834,1.7669636138432276,0.9403981264637002,17080,0.9891686182669789,0.9966042154566744,0.10458683027287281,0.11401836839099214,0.13038389883273724,nan,0.05248184955504756,0.025730198010336915,0.025797744472193074,1.4342744766090194,0.9497658079625293,17080,0.9899297423887587,0.9973067915690866,0.049518814122573425,0.05373291105327694,0.08472537658683152,nan
08_002375_002395_s5,08,1,-3,16300,27.3665,18.75451828009101,16.681078941993466,18.35486301136139,0.5162738046484,0.4934646353468175,0.4012146246028847,5.33777770821907,0.023006134969325152,16300,0.7712883435582822,0.9837423312883435,0.5441750454818172,0.45855505113158407,0.45541142520403316,nan,0.06688019296160268,0.033884314806666246,0.03361162253232175,1.2129400987812053,0.9507361963190184,16300,0.9820858895705521,0.9975460122699387,0.07014071953758978,0.05684565111565603,0.0861700105386229,nan,0.10032347549322267,0.09251854176212497,0.09678182932427737,1.5721291904906622,0.950920245398773,16300,0.983680981595092,0.995398773006135,0.0883827760792899,0.12422673542366769,0.1329111104379261,nan,0.05954905951454958,0.029140417232923474,0.029175126474483948,1.198924666520938,0.9551533742331288,16300,0.9825766871165644,0.9977300613496932,0.06002981260475523,0.05552405746361887,0.0830009230022463,nan
08_002375_002395_s5,08,2,-2,15640,27.3665,18.75451828009101,16.681078941993466,18.35486301136139,0.5053567169242549,0.488099274683752,0.3979484654034374,5.339624023126716,0.03861892583120204,15640,0.8562020460358056,0.9664322250639387,0.5229821119483119,0.47310622988349427,0.4551487763523439,nan,0.07325125118346379,0.03364946544652467,0.03330025699164607,1.3159210525339535,0.9187979539641944,15640,0.9778772378516624,0.9907289002557544,0.0859741503274268,0.045916774886125916,0.05861726061511235,nan,0.11981918634377092,0.09753468362555297,0.1022912441444479,1.7066003062322443,0.9124040920716112,15640,0.9778772378516624,0.9898337595907929,0.1230359929334028,0.1114715253403867,0.123431096723616,nan,0.06818576367142248,0.027147422996761233,0.02712407445922249,1.3148883449196471,0.9191815856777493,15640,0.9783248081841432,0.9906010230179028,0.08022229259591132,0.04140778429250892,0.05946226642400128,nan
08_002375_002395_s5,08,3,-1,15231,27.3665,18.75451828009101,16.681078941993466,18.35486301136139,0.544217140255616,0.5081585942466624,0.41108572856863157,5.5681382758972875,0.021403716105311537,15231,0.8479416978530628,0.9623793578885168,0.5762546672087069,0.49699011984161556,0.45222733487492645,nan,0.08313228105787819,0.03950275153797267,0.038862027733887805,1.2939798230480262,0.9287637056004202,15231,0.9715054822401681,0.9858840522618344,0.10159160305904347,0.048960495178698854,0.08272010790146239,nan,0.11483489234185008,0.08475238533549455,0.08816683085889676,1.5790496472377005,0.9399908082200775,15231,0.9717024489527937,0.984702251986081,0.1258821185116293,0.09153314194396903,0.13622748140373608,nan,0.0714586358083994,0.024041798836194696,0.023873028225337656,1.262661715739116,0.9327686954238067,15231,0.9717681045236688,0.9858840522618344,0.08922509166271353,0.03709821540667773,0.08243542365592578,nan
08_002375_002395_s5,08,4,0,16171,27.3665,18.75451828009101,16.681078941993466,18.35486301136139,0.5159896384658852,0.510280713728549,0.412779159630255,5.076613224063415,0.015892647331643063,16171,0.8739719250510173,0.9711211427864697,0.5329642612183323,0.4771971944288573,0.42859823617595316,nan,0.06958733891764401,0.041617590728940994,0.040873671950745205,1.625345721561508,0.9433553892771009,16171,0.9770576958753324,0.9893636757157875,0.07025571861802636,0.051455172179919094,0.14956576179041248,nan,0.10621703306550806,0.08171639239952583,0.08523491739376365,1.9660932175778347,0.9437264238451549,16171,0.980706202461196,0.9888689629583823,0.099278154304569,0.10725607150839504,0.21650505474182322,nan,0.057708717898733955,0.02470895502809013,0.0244891060513881,1.6347911631953707,0.9468183785789376,16171,0.9787891905262507,0.9894255148104631,0.05503638564487891,0.04724451863745178,0.15477970741362865,nan
08_002400_002420_s5,08,0,-4,15476,27.3665,21.00456802764745,20.04496734938882,20.653664202804688,0.3537672896019135,0.3428902147814761,0.2948583789774768,4.056642481223052,0.025717239596795036,15476,0.9602610493667615,0.981842853450504,0.35089753210845104,0.3642427021669657,0.3609207341380612,0.2088099379419437,0.0592083202698125,0.03296099372605645,0.032461404533179805,2.2234476125626363,0.9533471181183768,15476,0.9773197208581028,0.9790643577151719,0.04722980949040681,0.07776099385606328,0.13925080190907663,0.07986641014592602,0.04957463962832552,0.024541369387163156,0.024718699525599908,2.261767765807135,0.9580640992504523,15476,0.9764797105195141,0.9790643577151719,0.03688797536563539,0.06572827402268284,0.14313337339799098,0.12190301931352775,0.04890084509678722,0.02054788316596321,0.02044014325099941,2.224534084226078,0.9547686740759886,15476,0.97719048849832,0.9791289738950634,0.03594001363751111,0.06795347831786781,0.1376138423615459,0.09523822810576722
08_002400_002420_s5,08,1,-3,16561,27.3665,21.00456802764745,20.04496734938882,20.653664202804688,0.32739242867267637,0.3113114583333333,0.2710933255855035,3.6221297809480735,0.035323953867520075,16561,0.9657629370207114,0.973552321719703,0.320860597777387,0.3542814332908209,0.3235877138680508,0.3153701259428456,0.04589547788039408,0.021055390232862157,0.02102753207713226,2.006743606285289,0.9667290622546948,16561,0.9711973914618682,0.978624479198116,0.03130972654334752,0.09497461273806126,0.07101081383000446,0.13160934302915447,0.0628452003625413,0.04355330523749581,0.04443979499097539,2.0724640268111942,0.9672725076988105,16561,0.97168045407886,0.9780810337540004,0.051266704997844935,0.1000847904459279,0.08729784302704796,0.1712820590938615,0.046494405339257965,0.021723783272813876,0.021792911051434327,2.0187141410022336,0.9671517420445626,16561,0.9713181571161161,0.9785640963709921,0.03277878122696596,0.09193447916087309,0.07190045458353364,0.14611673982911239
08_002400_002420_s5,08,2,-2,16125,27.3665,21.00456802764745,20.04496734938882,20.653664202804688,0.26456446077949325,0.24863561287100452,0.22205790711933515,2.954622976825877,0.5146666666666667,16125,0.9689302325581395,0.9776744186046512,0.25955123744182124,0.29022006232979086,0.25461865311126863,0.22576935703291776,0.06671133044296272,0.046305902872778,0.04730838180956365,1.8149507676556733,0.9648372093023255,16125,0.9710387596899225,0.9753178294573643,0.0501227638710813,0.13405392110149736,0.07554788130251547,0.1356775095754664,0.10417866920015725,0.0881912041513222,0.09223503407910827,1.9972477558280266,0.9642170542635659,16125,0.9706666666666667,0.974077519379845,0.08835861796847563,0.1711695664008803,0.10453301839670547,0.17516437009808514,0.07994620321842345,0.061057378875471434,0.06293810356467322,1.8713952951873425,0.9653333333333334,16125,0.9709147286821705,0.9748217054263566,0.06363120179528985,0.1474581117302469,0.08490733017840767,0.15011694329237876
08_002400_002420_s5,08,3,-1,16257,27.3665,21.00456802764745,20.04496734938882,20.653664202804688,0.26263782958968146,0.24119750146541613,0.21614544183923767,2.8929838050129195,0.5751368641200714,16257,0.9685673863566464,0.9777941809681984,0.262463341897671,0.2709351530725159,0.21998380555627006,0.30383765432652965,0.07852201437200318,0.0515484011984691,0.05286533931866222,1.7045148520260538,0.9626007258411761,16257,0.9723196161653441,0.975887310081811,0.0745223924484845,0.08488381727960469,0.10456843360488144,0.19308164966623337,0.11624341421177314,0.09415899647694158,0.09884056676877395,1.877022436924111,0.9599557113858646,16257,0.971889032416805,0.976625453650735,0.11327209018263894,0.11883294784848977,0.1449602795704385,0.22994598295127947,0.09181033005170115,0.06699481243048357,0.06927573826836864,1.7571176417340075,0.9629697976256382,16257,0.9722581042012671,0.9758257981177338,0.08816859498979414,0.09677955826897895,0.11917012371092782,0.20656208568830403
08_002400_002420_s5,08,4,0,15164,27.3665,21.00456802764745,20.04496734938882,20.653664202804688,0.26087438346338754,0.24785801019558476,0.22160463369734273,3.5059372804803717,0.5197836982326562,15164,0.9659720390398312,0.9911632814560802,0.25678995696029694,0.2672515191709295,0.2626506283450003,0.49792883612911926,0.07055063014791171,0.04666767136421541,0.047777381111008044,2.432458979487782,0.9542337114217885,15164,0.9742811922975468,0.9820627802690582,0.06498034904390258,0.07071909284362424,0.11928531993034501,0.4278803703732604,0.10735095341035734,0.08886512048232638,0.09298691973356177,2.5862498178646596,0.9525850699024004,15164,0.9728963334212609,0.981271432339752,0.10455184513522849,0.10137902996506003,0.15470489667821494,0.4396413622462454,0.0836049755605715,0.061888019251033675,0.0638185834906525,2.479193533044746,0.9538380374571354,15164,0.9738195726721182,0.9818649432867317,0.07912026140672668,0.08140624221443406,0.13187352620050335,0.4273537248225945
08_002425_002445_s5,08,0,-4,14699,27.3665,22.65621150953771,20.317079236891384,21.627210343780266,0.2914784070939615,0.2665372367527174,0.23640005300662192,4.232850011770419,0.35505816722226,14699,0.9493162800190489,0.9737397101843663,0.28089754432894004,0.30159563373519443,0.3620419905303488,0.6005546457630146,0.09154543385730061,0.05231966679419474,0.05104956905036184,3.0574196349716063,0.9279542826042588,14699,0.9612898836655555,0.9721069460507518,0.0694685279600967,0.12822220084431468,0.13692606344968777,0.6534768960173025,0.09497175503750727,0.06770290778851319,0.06983144992899804,3.051685230175495,0.9335328933941084,14699,0.9644193482549833,0.9693856724947275,0.07834484910278038,0.128937849772028,0.0686857002775489,0.6856309284270347,0.06798437463046812,0.02422095769677843,0.024253404257590372,2.997891832113924,0.9330566705218042,14699,0.9627865841213687,0.9708143411116402,0.04475641266427704,0.10943734796274442,0.09476359624739351,0.6676216868956675
08_002425_002445_s5,08,1,-3,14920,27.3665,22.65621150953771,20.317079236891384,21.627210343780266,0.28258376245447614,0.25564878749107056,0.2278278331651845,4.261687629150038,0.4524128686327078,14920,0.9584450402144772,0.9773458445040214,0.26812654367126976,0.30020229154175093,0.38973198262408176,0.49350983622502675,0.07788243743530626,0.041625571517742474,0.04081208706029871,3.1281042305950573,0.9402815013404826,14920,0.9656166219839142,0.9767426273458445,0.05524813092326373,0.1157771773926779,0.18030664823759726,0.46828264328392943,0.09317715833090107,0.07397759836264983,0.07662943535862232,3.1191716657562947,0.9500670241286864,14920,0.9660857908847185,0.9735924932975871,0.08329598227465311,0.1086812740312237,0.09653612122435275,0.4714506220997544,0.060197228436053594,0.026038967167296163,0.026180694558276985,3.070006990920507,0.9475201072386059,14920,0.9654155495978552,0.9753351206434316,0.041220804897296945,0.08972977006735777,0.13962885346880174,0.466452308857832
08_002425_002445_s5,08,2,-2,13565,27.3665,22.65621150953771,20.317079236891384,21.627210343780266,0.3311816080682946,0.28653106277233115,0.2522628705485612,4.042764501261018,0.1736822705492075,13565,0.9315149281238482,0.9806855879100627,0.3285090182126816,0.3245075301144359,0.4075677330418413,0.4978137102484851,0.11765812348765413,0.06691773609561993,0.06481442964830375,2.1694298756981207,0.9012900847769997,13565,0.9630667158127534,0.9807593070401769,0.10735520973241723,0.13377365486525766,0.17952832615590616,0.3856508119041152,0.09159129424807833,0.05439125892127867,0.055842563784544996,1.8172095688912462,0.9161813490600811,13565,0.9636564688536675,0.9766310357537781,0.08952659661116409,0.09874013906056939,0.07230304749837879,0.3299506449521087,0.08054652464394231,0.025007565260478527,0.02485476593031688,1.9315880428472625,0.9102100995208257,13565,0.9647622558053814,0.9792112053077774,0.06858246318357622,0.10299862281957535,0.13148402823545915,0.3611479065332888
08_002425_002445_s5,08,3,-1,13219,27.3665,22.65621150953771,20.317079236891384,21.627210343780266,0.29444617739127804,0.26663953262558265,0.23711700009191583,3.714582595660226,0.37884862697632193,13219,0.9650503063771844,0.9750359331265602,0.2911296084537633,0.2772244291665866,0.42168299742805915,nan,0.10593053118247547,0.056965441599084836,0.05546756626127558,2.2192925576832696,0.8874347530070353,13219,0.9653529011271654,0.9839624782510024,0.10194161063044231,0.09434444675259604,0.21615594073611816,nan,0.11130712347898336,0.0661550819501746,0.06798642819981549,2.108775852055408,0.8915954308192753,13219,0.9278311521295105,0.9858536954383842,0.12168698420245613,0.0781328842677471,0.1214684649639206,nan,0.08624068022524928,0.030887940486778936,0.030842278523539157,2.09611691237108,0.8905363491943414,13219,0.9617974128148876,0.9850972085634314,0.08673213251533221,0.06654403908287826,0.17173276173936555,nan
08_002425_002445_s5,08,4,0,12858,27.3665,22.65621150953771,20.317079236891384,21.627210343780266,0.30262579873450074,0.2875683555613757,0.25405581370804964,4.370599341909828,0.3662311401462125,12858,0.9606470679732463,0.9899673355109659,0.2742610056774073,0.34913127047363224,0.4634643074471259,nan,0.12460034426638622,0.09392201852152686,0.09034420173870472,2.6074848859998827,0.8361331466791103,12858,0.9825789391818324,0.9894229273603982,0.10443294816190757,0.15227742251597995,0.25873456470120487,nan,0.10661954622112278,0.07409144102708538,0.07562131599967747,2.265953776920775,0.8730751283247783,12858,0.9535697620158656,0.9889562918027687,0.10616811802178348,0.08902291096342137,0.1764841309358794,nan,0.10416874982393025,0.05972700582037223,0.05916337375783687,2.3881682944349882,0.8710530409083839,12858,0.9797013532431171,0.989034064395707,0.08920819625994675,0.12002343176968579,0.22083776786313067,nan
08_002450_002470_s5,08,0,-4,14971,27.3665,25.402407913287828,22.270038128321517,25.37114903061267,0.17346292246001338,0.13754779850746265,0.12910830914977822,3.2541192296434396,0.8982699886447131,14971,0.9557811769420881,0.9684055841293167,0.1957260281617436,0.17696885973528395,0.11815293582929498,0.10949837057383213,0.10809300202434384,0.060546907674702125,0.059043545588068014,2.8829067004746105,0.9209137666154565,14971,0.9569835014361098,0.9653997728942623,0.11540635942744731,0.12496177538274018,0.07488719050612382,0.11339473882172373,0.1246846220659981,0.08109861815928962,0.08440360266549352,3.343904118975674,0.916037672834146,14971,0.9552468105003006,0.9630619197114422,0.10279678750505906,0.1554992590355383,0.14698626376436308,0.22083266151419803,0.10725713011957434,0.05948337695382697,0.0580042962525944,2.881024932965797,0.9209137666154565,14971,0.9569835014361098,0.9653997728942623,0.11421742642115133,0.12423705255094437,0.07475621008732196,0.11428886148473484
08_002450_002470_s5,08,1,-3,15402,27.3665,25.402407913287828,22.270038128321517,25.37114903061267,0.14543145287028503,0.11975214010049731,0.11331242465770286,2.7462498983049723,0.9278665108427477,15402,0.9700688222308791,0.9769510453187897,0.1760335124998311,0.16075095535163647,0.0939328226693472,0.13663785668203948,0.08720753811878532,0.0476590180448607,0.0468822645075615,2.2873833015501015,0.9507206856252435,15402,0.9713673548889754,0.9755875860277886,0.10002797296048996,0.09958075043902652,0.0581225402587634,0.16377881887697238,0.12753486123570573,0.0927975091329329,0.09723920662049723,3.0382637948936004,0.9222178937800286,15402,0.969029996104402,0.9772756784833139,0.11469081033439259,0.14516493149176515,0.12627565749008204,0.2594801692670242,0.08656818037607797,0.0467221038019553,0.045865438519716584,2.2859086567057765,0.9508505388910531,15402,0.9713673548889754,0.9755875860277886,0.09901865119039029,0.09877155791648905,0.05804890030366218,0.1644368246071049
08_002450_002470_s5,08,2,-2,16870,27.3665,25.402407913287828,22.270038128321517,25.37114903061267,0.10204892477540023,0.08037335592661402,0.07737003908466722,2.1201140712089437,0.9583876704208655,16870,0.9845287492590398,0.9906935388263189,0.13629479324378838,0.0914336701573464,0.07622964175012484,0.09202388762046272,0.05801526088406764,0.026548367967215856,0.02658151049050428,1.7341928899074124,0.9607587433313575,16870,0.9848251333728513,0.9904564315352697,0.07670817153997922,0.043422626921305794,0.05238837520288974,0.1274327761074769,0.14224107029537653,0.12498169839985548,0.1333278808229279,2.787064936107671,0.9377000592768228,16870,0.9823947836395969,0.9884410195613516,0.15638061890715357,0.12797845149383805,0.14067469957100243,0.2350290015048005,0.05796568308162068,0.026606144285809073,0.026636719583218893,1.7354017085799875,0.9609365737996444,16870,0.9848844101956136,0.9903971547125074,0.07626342632488231,0.04355180917248264,0.05253473539727868,0.1285065119742085
08_002450_002470_s5,08,3,-1,17933,27.3665,25.402407913287828,22.270038128321517,25.37114903061267,0.10333657092238337,0.09733470936213977,0.0929259527082602,2.093753701155456,0.9676573914013271,17933,0.9960965817208498,1.0,0.10093108512160644,0.11639076588575066,0.08016449540543685,0.11587682608007807,0.04486333003607451,0.030552458211788678,0.030320705917654678,1.4769491192971365,0.9798695143032399,17933,0.9987732113979814,1.0,0.02875224161878938,0.05041580299125075,0.05292940612745882,0.12100431748864958,0.11398573718181403,0.10919847486713934,0.1155318451563847,2.3549772615142848,0.9705013104332795,17933,0.9984386326883399,1.0,0.1040952536015728,0.1074499819350238,0.13765833178124728,0.2271363714986955,0.04441403681820273,0.029853957368846305,0.029679385168728256,1.4741762544515224,0.9797022249484191,17933,0.9987732113979814,1.0,0.027970251604527423,0.04988137670023073,0.05305310953991743,0.1216184043561699
08_002450_002470_s5,08,4,0,17752,27.3665,25.402407913287828,22.270038128321517,25.37114903061267,0.10513576952383054,0.09649151686826787,0.09215353084560596,2.147570057216078,0.9612438035150969,17752,0.9920572329878323,1.0,0.09826652223941404,0.1176215925818229,0.08329690902536022,0.07012292261179483,0.0494352672543127,0.030542920090358406,0.030208197049186314,1.6295126510654334,0.9707638575935106,17752,0.9952681388012619,1.0,0.021083537858033467,0.062220948969461155,0.055155757277033056,0.12079169167272324,0.11793895697503802,0.11005072731831614,0.11640029585271106,2.459320690202775,0.9512730959891843,17752,0.9950428120775124,1.0,0.10626359507679745,0.1140228552955314,0.1424087563728793,0.22920682889501412,0.048949793717840945,0.029679546114091748,0.029397456468909677,1.6277649076947522,0.9707638575935106,17752,0.9952681388012619,1.0,0.020148106903913922,0.06174696150467189,0.05524696242395302,0.12187359971273432
08_002475_002495_s5,08,0,-4,17060,27.3665,22.29877330142929,19.09155234990158,23.818963132952593,0.22093960129155576,0.22150771418880816,0.2001481077220073,3.8880154974133334,0.7329425556858148,17060,0.9892145369284877,0.9997069167643611,0.23317329413521024,0.21307568905792298,0.22716583846516825,0.16578573935443666,0.04896661613302339,0.028583931658491525,0.028582468782009207,1.4414738719038886,0.9804220398593201,17060,0.9992966002344665,1.0,0.02282587006270138,0.059628081816947565,0.055120552085536435,0.050094388398088226,0.1547312730244774,0.14867877630943332,0.16076499868360505,2.7482452893568627,0.8798358733880423,17060,0.9959554513481829,1.0,0.14046514425223014,0.16310366735916823,0.15024518268463263,0.1867188178373578,0.07989434813876238,0.071319078115572,0.06900366485594511,1.7888015916859934,0.9735638921453693,17060,0.9974794841735053,1.0,0.07331625270123245,0.08167557317914774,0.08482728280896329,0.026283642646679557
08_002475_002495_s5,08,1,-3,16979,27.3665,22.29877330142929,19.09155234990158,23.818963132952593,0.2308763769094007,0.2141161586468885,0.19402165232120305,4.324487593800023,0.7319041168502267,16979,0.9840980034159844,0.9985864891925319,0.20829547142848048,0.23449928368705675,0.24729481867319975,0.15349190846569657,0.05413379973277587,0.030621798986182277,0.030819044974458087,1.6677653609892253,0.9709641321632605,16979,0.9977030449378644,1.0,0.019523204451091843,0.06384745085668754,0.06519391172982875,0.06983353305440368,0.15178151082090827,0.15375136836748635,0.16686047015142735,2.713947617646101,0.9017609988809706,16979,0.9952294010247953,0.999882207432711,0.15706296943614106,0.1533655759349119,0.14048329954665453,0.20361889159720767,0.08450031436171868,0.06185450122055379,0.06006380399514999,2.139663767246889,0.9479945815419047,16979,0.9942870604864833,1.0,0.05166335803513608,0.0931636225902618,0.09778929235157248,0.028949650992890964
08_002475_002495_s5,08,2,-2,16998,27.3665,22.29877330142929,19.09155234990158,23.818963132952593,0.22458728578265327,0.20900245967987272,0.18979916420063891,4.000895651089545,0.7278503353335687,16998,0.9915284151076598,0.9985292387339687,0.1919807184808015,0.22763710735287607,0.2752425285257503,nan,0.052229893370306826,0.0330289690164426,0.03324172363622602,1.4948373690616255,0.9794093422755619,16998,0.9977644428756324,1.0,0.029168022402114056,0.05640693580124902,0.0801438490807807,nan,0.1527611581329034,0.1571025159404581,0.17081798459636932,2.4586341678888726,0.9083421579009295,16998,0.9944111071890811,0.9997058477467937,0.16844454764220776,0.15250172661495273,0.12366614020265881,nan,0.07964094652797397,0.05897811295952844,0.05735267980235825,1.9546158011853347,0.9638192728556301,16998,0.9968231556653724,1.0,0.037672795356869376,0.0890506747566138,0.12335480104163407,nan
08_002475_002495_s5,08,3,-1,17107,27.3665,22.29877330142929,19.09155234990158,23.818963132952593,0.23753152931817786,0.22664209421641793,0.20440623703806482,3.7976145906922354,0.6268778862453966,17107,0.9909978371426901,0.9991231659554568,0.2100951970698891,0.24256689785269708,0.30152126958260633,nan,0.052831266045718216,0.029054518056505163,0.02914347510588433,1.4739647240289082,0.9732857894429181,17107,0.9981878763079441,0.9996492663821828,0.019963843881666908,0.06460016637359865,0.09193513891694641,nan,0.14354766919835543,0.1447663260687724,0.1561452781019268,2.2008941866208325,0.9107967498684749,17107,0.9900625474951774,0.9996492663821828,0.15580743598106236,0.14256408853010555,0.10666409552449063,nan,0.09408521498462295,0.07770629132536568,0.07505322364567624,1.9310473891047155,0.9670310399251768,17107,0.9986555211317004,0.9997077219851522,0.05327245696341683,0.1074980653012907,0.1505040813143764,nan
08_002475_002495_s5,08,4,0,18094,27.3665,22.29877330142929,19.09155234990158,23.818963132952593,0.2805127521519151,0.27591732560259086,0.24372884448625576,4.242717679090881,0.3000442135514535,18094,0.9833646512656129,0.9954681109760142,0.26435460511183734,0.2842817964429794,0.34440854578939,nan,0.07542091926035346,0.053385919032887155,0.05206731424977917,1.7773892533932132,0.9684978445893666,18094,0.9939759036144579,0.9975129877307395,0.03638163906400238,0.0993923580177147,0.11531724906486664,nan,0.11920619756096221,0.11090251558497469,0.11740701670160536,1.9465244390718737,0.9005195092295789,18094,0.990494086437493,0.9979551232452747,0.11953823277244471,0.12229664096474925,0.09349636623349543,nan,0.13158419259061443,0.11251171012162606,0.10725047294187351,2.3610521635295423,0.9363877528462474,18094,0.9940864374930917,0.9962971150657677,0.10059326269989387,0.1481587846331061,0.18216125228668728,nan
08_002500_002520_s5,08,0,-4,16984,27.3665,17.708820671024164,14.94721856174699,16.797089589327435,0.5624206318394578,0.555327878497812,0.4416863777030646,6.80414032941399,0.012541215261422515,16984,0.5217263306641545,0.9912859161563825,0.5692882096582282,0.5593170702037886,0.5163189961279803,nan,0.0573855430411389,0.046736714715308214,0.04700083596898752,1.134504660158487,0.9786858219500707,16984,0.9967027790861988,0.9995289684408856,0.049004004285922,0.06481949927235267,0.058506365616883015,nan,0.15012691224310085,0.1510164738187418,0.16363796041822376,2.0330711995866357,0.8417922750824305,16984,0.9932289213377297,0.9978803579839849,0.14772723423901885,0.15032410196084459,0.1778971379544718,nan,0.06454766642706082,0.05464921015750038,0.05577460721610272,1.2057825629756,0.9761540273198305,16984,0.9962317475270843,0.9994700894959963,0.0604656905701027,0.06729724216480076,0.07716306515404132,nan
08_002500_002520_s5,08,1,-3,16571,27.3665,17.708820671024164,14.94721856174699,16.797089589327435,0.6040238591356155,0.6293395991808074,0.48818581923613014,7.020433690603857,0.02130227505883773,16571,0.3010077846840867,0.987508297628387,0.64037580992069,0.5565956807632502,0.5919181870561274,nan,0.07927301867310348,0.06953525517338704,0.068676884969614,1.4282283790894192,0.9658439442399372,16571,0.9935429364552532,0.9985516866815521,0.07239765030220581,0.09099582310431577,0.048371756945711296,nan,0.12977367886123303,0.11097462591799094,0.11736925007804522,1.9764686332204164,0.8204694949007302,16571,0.9878100295697303,0.9962585239273429,0.11073595731717831,0.15398495802233864,0.1346181419633392,nan,0.0617019605784196,0.04035526386707895,0.040372840656278,1.3783768163712873,0.9622231609438175,16571,0.9927584334077606,0.9985516866815521,0.045894261698061614,0.0844762569589437,0.03894171656095371,nan
08_002500_002520_s5,08,2,-2,16024,27.3665,17.708820671024164,14.94721856174699,16.797089589327435,0.6243642685925498,0.6629690844214298,0.5088793109776562,7.062106853796298,0.02908137793310035,16024,0.23658262606090863,0.986145781328008,0.6260856426043274,0.622884203179353,0.6106750387254277,nan,0.09491256173108086,0.08314055256608338,0.08060736075473063,1.9076525111428062,0.9548801797304044,16024,0.9878931602596106,0.9936345481777334,0.08917425844178943,0.10051698285852104,0.1306168139919672,nan,0.12178291789680512,0.09268232651266026,0.0972334766741958,2.192788980983104,0.8409261108337494,16024,0.9749126310534199,0.991263105341987,0.12082678737471994,0.11633454060394822,0.17559103522492966,nan,0.0673851016181555,0.0427481896733794,0.04217880594641743,1.8214035157317892,0.9509485771342986,16024,0.9869570644033949,0.993572141787319,0.06336115539254722,0.06867724385162977,0.11218997574997444,nan
08_002500_002520_s5,08,3,-1,16022,27.3665,17.708820671024164,14.94721856174699,16.797089589327435,0.707589959625618,0.7119085903578101,0.5382582217578957,7.543953907882665,0.010797653226813132,16022,0.04063163150667832,0.981275745849457,0.7202781674905977,0.686322687692846,0.6597467160772068,nan,0.11874211990831104,0.1097710720938378,0.1042362518912463,1.856601105989044,0.9670453126950443,16022,0.9866433653726127,0.9928847834227936,0.12250077058486793,0.1079779511926746,0.13701840502784737,nan,0.07957710119424126,0.06579883989081316,0.06806348909389115,1.7675823512916604,0.9681687679440769,16022,0.9827736861815004,0.9915740856322557,0.0725957497867258,0.08640956757681865,0.1412322061862878,nan,0.06816313336107001,0.053877329278151836,0.052629987807327416,1.6138526931122752,0.9712894769691673,16022,0.9857071526650855,0.9930096117837973,0.06965603975515543,0.06115468274287067,0.09519374073966148,nan
08_002500_002520_s5,08,4,0,15405,27.3665,17.708820671024164,14.94721856174699,16.797089589327435,0.7012901286904191,0.71040625,0.5374951492907196,7.254270651227065,0.009477442388834793,15405,0.08503732554365466,0.9736449204803636,0.724713000046663,0.6577251656293154,0.6537754198425654,nan,0.12168279280782432,0.10998404187988439,0.10441315374947413,1.574162681058023,0.9544952937358001,15405,0.9783836416747809,0.9863031483284648,0.1248595807752904,0.1201950783843865,0.07799554081342501,nan,0.09042964863762233,0.06731376069099017,0.06964451709121011,1.5459634114450636,0.9452125933138591,15405,0.9811749432002597,0.9839662447257383,0.07969339324201433,0.1122357775366377,0.09672984662153676,nan,0.07603535321581832,0.055618199329279416,0.054347585140345434,1.3221651501497764,0.958455047062642,15405,0.9794871794871794,0.9856540084388186,0.0739877231491061,0.08390524676680887,0.04597432643606696,nan
08_002525_002545_s5,08,0,-4,16345,27.3665,19.64190418989516,17.407442748091597,19.86547935128614,0.45821503219567267,0.44399043273925765,0.36752348939159774,5.190256309054547,0.027041908840624043,16345,0.9316610584276537,0.9756500458855919,0.4989403406834457,0.4110474633313252,0.37784571594687366,nan,0.07314507652499602,0.04561195715875346,0.0448371490369559,1.2748622269597942,0.9555215662282044,16345,0.9765677577240747,0.9923524013459774,0.08280743226376115,0.06465154543230846,0.03969930330146367,nan,0.10540067369947717,0.08471866640141747,0.08846405525780998,1.6985011793836244,0.9418170694401958,16345,0.982074028754971,0.995289079229122,0.09364918668831013,0.11948034559715931,0.1260904097920046,nan,0.0808142562729654,0.05509976462226641,0.05395461094033038,1.3081188510937607,0.9550933007035791,16345,0.9765677577240747,0.9917405934536555,0.09339411767454905,0.06911408920382071,0.0406920598605174,nan
08_002525_002545_s5,08,1,-3,15102,27.3665,19.64190418989516,17.407442748091597,19.86547935128614,0.4261624737171565,0.4283960696832614,0.3566164436152489,5.111082844052612,0.0343663090981327,15102,0.9447093100251622,0.9876837504966229,0.47457274627110746,0.3806877825676681,0.37656179302971937,nan,0.058155680091310905,0.0391086760655248,0.03862682578734877,1.1779594395851358,0.9670242352006356,15102,0.991259435836313,0.9988743212819494,0.06443484151036714,0.052494181866388254,0.05004415990812845,nan,0.10922694107931244,0.09380204793362336,0.0983893314749148,1.8207455900121077,0.9481525625744934,15102,0.9934445768772348,0.9984770229108727,0.0877132621072487,0.1292698355208256,0.13158402550140882,nan,0.0639214126158188,0.04639181509623018,0.04560370528461877,1.191229401900046,0.9659647728777645,15102,0.9909945702555952,0.99880810488677,0.07519328868804165,0.05366204800736027,0.05024632736287566,nan
08_002525_002545_s5,08,2,-2,13632,27.3665,19.64190418989516,17.407442748091597,19.86547935128614,0.3828434466640755,0.37487514511035935,0.31844400731061095,5.017279163134507,0.050836267605633804,13632,0.9620011737089202,0.9900968309859155,0.41242662540188246,0.35743526761809113,0.3759780292995736,nan,0.04980444287758785,0.025282863916313125,0.025427550956249267,1.4337857006542583,0.9658890845070423,13632,0.9880428403755869,0.9950117370892019,0.05266925227421332,0.04713298141470018,0.04963639807723742,nan,0.13595711974922256,0.12672283404166212,0.1354360759528992,2.2077838628119113,0.9268632629107981,13632,0.9903902582159625,0.9942048122065728,0.1286262299154983,0.14239074366124005,0.1364021629859063,nan,0.04768311670757118,0.021856376177651245,0.02188980405399854,1.4172048873347256,0.9674295774647887,13632,0.9879694835680751,0.9950850938967136,0.053547445464495004,0.04171025032918177,0.0504142568731233,nan
08_002525_002545_s5,08,3,-1,14407,27.3665,19.64190418989516,17.407442748091597,19.86547935128614,0.4168201135185957,0.3969107369575253,0.3342631819968127,4.897826965255383,0.043381689456514196,14407,0.9416255986673145,0.9762615395293954,0.4492374707911459,0.3783912045602373,0.39808597468745177,nan,0.05733386778426431,0.025778731689237878,0.025735654575794964,1.1176887050161601,0.9480113833553134,14407,0.9834108419518289,0.9993058929686958,0.06890057091331446,0.046001023041700624,0.03425866579748774,nan,0.1253064272985157,0.11438249076190045,0.12123552473751609,1.7138095458976064,0.9229541195252308,14407,0.9913236621086972,0.9989588394530436,0.12482539861405725,0.1271732030068746,0.11665083908178446,nan,0.060130004544513053,0.029701226360238447,0.029440165335824275,1.1333425388196663,0.950579579371139,14407,0.9826473242173943,0.9992364822655654,0.07372683231961345,0.04628051005548698,0.036639889125815804,nan
08_002525_002545_s5,08,4,0,14741,27.3665,19.64190418989516,17.407442748091597,19.86547935128614,0.39053613658633096,0.37131467053817835,0.3160800949133562,4.525774532923628,0.036293331524319926,14741,0.9514279899599756,0.9872464554643511,0.4133812113007362,0.35649373597418815,0.36546626530992915,nan,0.05349170933140683,0.02812241149270979,0.02833244770158183,1.1136839069396258,0.9563801641679669,14741,0.9824299572620582,0.997557831897429,0.05054155563191542,0.06090541768940217,0.03952128448607728,nan,0.13531340248234938,0.12949686137064514,0.13852170291230914,1.8180252650551196,0.937385523370192,14741,0.9871107794586528,0.9915202496438504,0.1281316556903547,0.14761767445049875,0.134047645364846,nan,0.05182525620215548,0.023520028824256498,0.023563890056799153,1.1055020329960699,0.9559731361508718,14741,0.9821586052506615,0.9982362119259209,0.05000400912269549,0.05786713198525252,0.034850921468998576,nan
08_002550_002570_s5,08,0,-4,15736,27.3665,23.91081768905446,19.676759400406503,23.551980917481664,0.18795237194677744,0.1727471076584931,0.1595582481124005,2.7800252455013994,0.8730299949161159,15736,0.9865277071682765,0.9991103202846975,0.19220356865571894,0.17475003030176886,0.20219469697188286,0.2941926874732697,0.05958161960255806,0.03406810514551104,0.033603106772316704,1.3437597089713251,0.9482079308591764,15736,0.9913573970513472,0.9975851550584647,0.05478023187372311,0.0658775655476906,0.061052874691805405,0.1359493601155833,0.16302972676101748,0.15949900737603123,0.17354535260542414,2.2585944587861313,0.8904422979156075,15736,0.9769318759532283,0.9951703101169294,0.158536818147357,0.1781836955369195,0.14064175824655373,0.07250171709106769,0.053601511984469226,0.024121138705094403,0.024087042151898275,1.2783960343653165,0.9519572953736655,15736,0.9902770716827657,0.9974580579562786,0.04891075984997364,0.06124686227328511,0.04943120845947912,0.11989404737728909
08_002550_002570_s5,08,1,-3,16670,27.3665,23.91081768905446,19.676759400406503,23.551980917481664,0.17103596474911004,0.16063281249999994,0.1490248196007582,2.941899513506651,0.9128974205158968,16670,0.9919016196760648,0.9986202759448111,0.15820783251436388,0.17648738666320918,0.22378766035808148,0.27797121280097925,0.04836050947115593,0.02694054694078861,0.026903251678992213,1.3168749360893734,0.9769646070785842,16670,0.9915416916616676,0.99874025194961,0.032006204755503816,0.0683743669678556,0.07826254997406056,0.1302311542741028,0.1682584638734824,0.16650555608891895,0.1821221564088379,2.0709963637433484,0.8614277144571085,16670,0.9875824835032994,0.9962807438512298,0.17565282686218067,0.17055057627770245,0.12245675888691779,0.081127214845502,0.04546010827750099,0.027333542247641413,0.027341028284963542,1.216311701574914,0.9756448710257949,16670,0.991121775644871,0.9986202759448111,0.033384835709689316,0.061179687915790634,0.06403747394639983,0.11807387346892358
08_002550_002570_s5,08,2,-2,16835,27.3665,23.91081768905446,19.676759400406503,23.551980917481664,0.20952215220027326,0.19441223943254185,0.17775401377956035,3.3195240777376327,0.82001782001782,16835,0.9849123849123849,0.9964359964359965,0.2194194019972152,0.18937921266089328,0.23604321743507628,0.28999140941695156,0.07815071181176672,0.05099331123613658,0.04983816945731512,1.5087138232633652,0.9568161568161568,16835,0.9904959904959905,0.9973269973269974,0.09903098250376122,0.05043621304069818,0.08627892033559093,0.15235363942061458,0.14932692895764746,0.1423780853441245,0.15354924882111498,2.0081070659216387,0.881021681021681,16835,0.9852093852093852,0.9956637956637957,0.1566728122798339,0.15162253511984478,0.11262315684537863,0.13731029591804175,0.06678645795028755,0.036884826365704906,0.03626645595944278,1.3756935466797249,0.9584199584199584,16835,0.9903771903771904,0.9973269973269974,0.08939427384744876,0.038046413404208716,0.07149941430337733,0.13806138434973372
08_002550_002570_s5,08,3,-1,16884,27.3665,23.91081768905446,19.676759400406503,23.551980917481664,0.2176192691876772,0.215720562572821,0.19540206695638873,3.415280378348149,0.8505685856432125,16884,0.996150201374082,0.9998815446576641,0.20911668034206424,0.2131411871036099,0.27023646481423036,nan,0.07084707722955379,0.06346524259602915,0.06156652896724735,1.5322291454626378,0.9878583274105662,16884,0.9986377635631367,0.9996446339729922,0.061265528450782966,0.07081142513900504,0.113605703246192,nan,0.12828811697345163,0.12605097865510842,0.13470743434070342,1.7989913085305949,0.9604359156597962,16884,0.9952025586353944,0.9989931295901445,0.13262278820449425,0.13303810505759914,0.09263314363795365,nan,0.05705558368306744,0.04807840289857519,0.0470161965456648,1.3775196415769508,0.9878583274105662,16884,0.9986377635631367,0.9994077232883203,0.04767397414505229,0.057480733109667344,0.09738512882999496,nan
08_002550_002570_s5,08,4,0,17229,27.3665,23.91081768905446,19.676759400406503,23.551980917481664,0.22707943808984235,0.22476255100945008,0.20281949963842427,3.5513688956520557,0.801207266817575,17229,0.993441290846828,0.9971559579778281,0.22478111378473858,0.21933590445268256,0.2650303286834754,nan,0.08113583493913033,0.07192107792613171,0.06960842224517982,1.6676154600885613,0.976609205409484,17229,0.9947182076731093,0.9994195832607813,0.0723028399755577,0.07668324204751714,0.1313945966756079,nan,0.12618741230484246,0.1198893558923609,0.12769175238059294,1.7963991239302357,0.9489233269487493,17229,0.9921643740205468,0.9988391665215625,0.12968691654627607,0.13049913415869346,0.09665221851942112,nan,0.06783257919785027,0.056576463517822737,0.05514080755860373,1.511697180210818,0.9788147890185153,17229,0.9946601659991874,0.9996517499564688,0.058479192770682774,0.06354708130315467,0.1194302573367277,nan
08_002575_002595_s5,08,0,-4,18341,27.3665,26.548628640105424,22.117557278430745,26.324631899602874,0.07141574550028017,0.04652007648183557,0.04550264729532971,2.8648680265164184,0.9437326209039856,18341,0.990513058175672,0.9999454773458372,0.06570770588813511,0.04930207239334366,0.11707461123218472,0.264561017488203,0.05155109582223883,0.023194169239830406,0.023153985948204614,2.4953877128542112,0.9601984624611526,18341,0.993838940079603,0.9999454773458372,0.038578686248945136,0.04024385468430421,0.0908599599137629,0.22848396720181574,0.15640041002832794,0.15783356091885875,0.1716613465054917,2.3609841493454606,0.9232866255929338,18341,0.9937298947712775,0.9988550242625811,0.1572341686012601,0.16910424228545418,0.13465442523200707,0.062349505624873625,0.049100791172039075,0.021995322813555675,0.022026358319081396,2.4053395199206,0.9625974592443161,18341,0.9941115533504171,0.9999454773458372,0.035110849354440914,0.040706389654236154,0.08398543076074125,0.21862185308438362
08_002575_002595_s5,08,1,-3,18326,27.3665,26.548628640105424,22.117557278430745,26.324631899602874,0.0918229597633623,0.07151837577503006,0.06918556266789255,3.16443966477042,0.9367565207901343,18326,0.9923060133144167,0.9995634617483357,0.05758839561720315,0.09907843908807488,0.1582051299814199,0.3119579759478259,0.06793541793597162,0.04221538500550187,0.0414478576291728,2.763684313301666,0.945105314853214,18326,0.9925788497217068,0.9995088944668776,0.03541559403116011,0.07615934200037008,0.12563132899302984,0.2747519172334425,0.14019658052966708,0.13764892349234548,0.1479386149427473,2.0613589976947106,0.9380661355451272,18326,0.9892502455527665,0.9969442322383499,0.15241777730689934,0.14165966937818003,0.09065972758514501,0.08241699781495272,0.06263554885465497,0.03681750263960634,0.03669246121472525,2.6612852961560916,0.9507257448433919,18326,0.9931790898177453,0.9994543271854196,0.031345757227333605,0.070600027961742,0.1169056151784676,0.2645620068298766
08_002575_002595_s5,08,2,-2,17858,27.3665,26.548628640105424,22.117557278430745,26.324631899602874,0.12256475201159679,0.09859296437656112,0.09403253510468601,3.378562417175281,0.9165080076156344,17858,0.9788330160152313,0.9981520886997424,0.09798346519266582,0.11889353841141134,0.23887232285728394,0.26941256282888976,0.09178494329772098,0.06622509164333426,0.06419837598650746,2.9495873684959597,0.924627617874342,17858,0.9798409676335536,0.9965281666480009,0.06707116257461408,0.08891138923768159,0.2057028557805824,0.23260284624681235,0.12242606584729619,0.11451422017942176,0.12123698810744643,1.826902791181417,0.9611938626945906,17858,0.9790010079516184,0.9846567364766491,0.12556943900038225,0.12723588859697135,0.09234004616671193,0.05343618677161663,0.0836589854212969,0.05748091450097988,0.05589969934825567,2.8373152408540308,0.9288834135961473,17858,0.9798969649456826,0.9959681935267107,0.058939760806014166,0.08101351452443054,0.19676245080412158,0.2225214851214261
08_002575_002595_s5,08,3,-1,17032,27.3665,26.548628640105424,22.117557278430745,26.324631899602874,0.13103939793602076,0.09540918354510333,0.09120007128851071,3.892409728874906,0.8900892437764208,17032,0.9852043212775952,0.9990605918271489,0.09941720380496093,0.11643354219720177,0.302076162491745,nan,0.10058025719453324,0.06356700731625342,0.06172214515057428,3.434280452137752,0.9058243306716769,17032,0.9866134335368718,0.9995302959135745,0.06936797473795091,0.08767211698728625,0.2641082048802985,nan,0.12012972940978386,0.11914333677302372,0.1256575184459381,1.9230392487156693,0.963069516204791,17032,0.996066228276186,0.9981211836542978,0.13178365959382884,0.11433905866344804,0.09607008563030452,nan,0.0930152739995823,0.05506661663331547,0.05366816647893935,3.31303874738698,0.907996712071395,17032,0.9874941286989197,0.9995302959135745,0.062030488841449426,0.0806578048600849,0.25375085417949467,nan
08_002575_002595_s5,08,4,0,17056,27.3665,26.548628640105424,22.117557278430745,26.324631899602874,0.19127842473569487,0.15918527843601898,0.1477515087090766,4.433995206187765,0.8293855534709194,17056,0.984873358348968,0.9915572232645403,0.1563683114938753,0.1756044483106457,0.36454375480393725,nan,0.15675720345554814,0.12458468869332803,0.11745356598377343,4.009682398447775,0.8734169793621013,17056,0.9873358348968105,0.9912640712945591,0.12238483024668227,0.14110468990016498,0.32779603221167625,nan,0.0835658401242475,0.07416465149806804,0.07687942571134165,2.442248956930871,0.9761374296435272,17056,0.9899155722326454,0.9908536585365854,0.0793240449044234,0.06038636058589494,0.15206708237928368,nan,0.14738351064572014,0.11514065685817736,0.10899888238265598,3.8973847831698745,0.8803939962476548,17056,0.9878635084427767,0.9911468105065666,0.11313432354306754,0.1317651669798476,0.31784457540636096,nan
08_002600_002620_s5,08,0,-4,16373,27.3665,22.13681791532354,20.10754981602405,21.32837851388919,0.3305881307276438,0.29514450674404014,0.2586236837664413,5.231039106634903,0.1480486166249313,16373,0.9647590545410126,0.9721492701398644,0.34488327776137234,0.3470250073111462,0.28903120797034015,nan,0.09103980068187383,0.05090825790730866,0.049795999914652,3.122454795412135,0.9583460575337446,16373,0.9705612899285408,0.9778904293654187,0.091460179906302,0.10067035797241734,0.08208559414282689,nan,0.08467745761680585,0.05292810035811483,0.05435615097787316,3.15682982332639,0.9613387894704697,16373,0.9747144689427716,0.9783790386612106,0.07344601252750618,0.06698080059031145,0.12137064687273205,nan,0.06836961045745218,0.027775805912622024,0.027768441945921207,3.0599526598331233,0.9633543028156111,16373,0.9708666707384108,0.9785011909851585,0.060583218279871565,0.0724246974872545,0.08000943479922017,nan
08_002600_002620_s5,08,1,-3,16873,27.3665,22.13681791532354,20.10754981602405,21.32837851388919,0.3341013017609475,0.3305733116113743,0.28565675621960684,4.535984086704086,0.15770758015764832,16873,0.9694778640431458,0.9844129674628104,0.36720668051951183,0.3414649480931021,0.2557194577429224,nan,0.09135195706737112,0.07931474783481923,0.0766123661801168,1.7907092962863924,0.9663367510223434,16873,0.9822201149765898,0.990635927221004,0.11227816750882756,0.09474336964486625,0.043743580778904764,nan,0.061059635005702,0.03239917291989526,0.032507190331660496,1.7849259643505644,0.9690037337758549,16873,0.9822793812600011,0.9918805191726426,0.04653638024462533,0.05888964271223181,0.09381911350948478,nan,0.06679398408715817,0.04747171443905139,0.04669858722452247,1.6577776517629537,0.9702483257274936,16873,0.9822793812600011,0.9910507912048836,0.08002538412010876,0.06363230024344173,0.04483007013203044,nan
08_002600_002620_s5,08,2,-2,18880,27.3665,22.13681791532354,20.10754981602405,21.32837851388919,0.3275075395233388,0.3108412255650125,0.2707023723764672,4.304883616098907,0.20476694915254237,18880,0.9706567796610169,0.9793961864406779,0.3861521596899096,0.29488218714856435,0.2473111437037704,nan,0.08557702673766886,0.06253486910664041,0.06076528408245463,1.8511925622178977,0.9672139830508475,18880,0.976853813559322,0.9790783898305084,0.12732106645518163,0.05824272561317608,0.1603899688525972,nan,0.06844828734116618,0.04331740723662482,0.04403586264496928,1.877460288884616,0.9672669491525424,18880,0.9768008474576271,0.9895127118644068,0.06040399016124277,0.06809563602727803,0.23434218499928616,nan,0.06526580269712907,0.04081926707767487,0.04084503762042546,1.7511871800942147,0.9680614406779661,18880,0.9770127118644067,0.982521186440678,0.0943217859189638,0.04404181979881271,0.18785531604458724,nan
08_002600_002620_s5,08,3,-1,19241,27.3665,22.13681791532354,20.10754981602405,21.32837851388919,0.25121565215509195,0.2459727235438883,0.22011914464549065,3.449861908519366,0.5322488436151968,19241,0.98560365885349,1.0,0.28160086545665125,0.24187268069858386,0.12405370383614014,nan,0.040813540117979864,0.026930161289900882,0.02691218184587063,1.3475393586243867,0.9752611610623149,19241,0.9955303778389897,0.9994283041421963,0.03939258538542162,0.03762622194431551,0.15956861127042618,nan,0.09167564554717278,0.0860664933037014,0.0899470960805755,1.8519280874349247,0.974169741697417,19241,0.9943869861233824,0.9994283041421963,0.07076908241611733,0.09601979542498594,0.23411262226653035,nan,0.04720207110496539,0.0335134736340991,0.0339054992439034,1.4451407034024777,0.9797307832233252,19241,0.995946156644665,0.9994283041421963,0.030238102546510437,0.049882965963170996,0.189266173485596,nan
08_002600_002620_s5,08,4,0,18534,27.3665,22.13681791532354,20.10754981602405,21.32837851388919,0.25180709222862735,0.24655507826125544,0.22042881772696665,3.3101154973185256,0.524927160893493,18534,0.9868889608287472,0.9966008416963419,0.26896750798140495,0.2481992312971687,0.16149767065536724,0.26303123548473917,0.047057553007820475,0.029905435832841932,0.029891548564853654,1.522347479831875,0.9668177403690514,18534,0.9892090212582281,0.9997841804251646,0.04167318168942555,0.044583967070677015,0.14576078777243942,0.4038644565671429,0.09455350374310265,0.08644011183954073,0.09031552060457126,1.975827718890339,0.9615301607855833,18534,0.9901262544512788,0.9996762706377469,0.08760339760025002,0.09209683041815109,0.20946908671591766,0.4585118248462789,0.053129059366162926,0.0377658935254159,0.03820503513108697,1.6182173944503833,0.9672493795187224,18534,0.9906118484946584,0.9997302255314557,0.04024926207084779,0.053187024519884635,0.1631588248370237,0.42563540231689284
08_002625_002645_s5,08,0,-4,18276,27.3665,21.229372144030982,18.26729079026442,21.098711036730574,0.34621844639472743,0.33217666934454415,0.28698354218787636,4.316928064386992,0.04716568176843949,18276,0.9842963449332458,0.9954585248413219,0.3288236936447329,0.3619747973136252,0.26587150356674955,0.06628490880590299,0.05918357083493231,0.037456001804755876,0.03681589673492214,1.456285580614101,0.971930400525279,18276,0.9933245786824251,0.9995075508864084,0.03857133759327237,0.06761555383441607,0.10106990706835217,0.275677008479078,0.11187951978496087,0.11163280040951348,0.11831736243490976,1.9424159821097076,0.9557890129131101,18276,0.9906981834099365,0.997209455022981,0.12804210478332842,0.0983210137691034,0.1672523734655317,0.3767399891801717,0.05453247422877788,0.03230976875939881,0.031943919879336535,1.4358129168319853,0.971602101116218,18276,0.9932698621142482,0.9994528343182315,0.035170004904806006,0.06199414689233133,0.10020528962951587,0.28013502275633384
08_002625_002645_s5,08,1,-3,18335,27.3665,21.229372144030982,18.26729079026442,21.098711036730574,0.3624881072922265,0.347145023398128,0.29798912755342943,4.35512625922334,0.03414235069539133,18335,0.9843468775565858,0.9910008181074448,0.3520242591554016,0.3877742077691212,0.33555514111050194,nan,0.06624574200105367,0.0483918911400178,0.047277216673205835,1.2245053936790906,0.9813471502590674,18335,0.9915462230706299,0.9999454595036815,0.050034748381696616,0.09729300467075358,0.06228234654378259,nan,0.10041368654983032,0.10202014687928897,0.10758282872115887,1.4493526322624892,0.9619307335696755,18335,0.9970002727024816,0.9998909190073629,0.11124884341737498,0.07805876494016119,0.10871359466233317,nan,0.0605466601121619,0.04213452927223976,0.04129708662470355,1.1840433842642586,0.9814562312517043,18335,0.9924188710117262,0.9999454595036815,0.044172830120954576,0.09155991690620438,0.05829443342218463,nan
08_002625_002645_s5,08,2,-2,17257,27.3665,21.229372144030982,18.26729079026442,21.098711036730574,0.39289267908383885,0.3873615619730186,0.32740378650599977,5.119489158260958,0.041142724691429565,17257,0.9756620501825346,0.9936257750478067,0.3731317608239296,0.42182545538538513,0.4053582475302466,nan,0.09165664333843221,0.08120665981480102,0.07829577853553538,1.524803008492206,0.973228255200788,17257,0.9925247725560642,0.9997682100017384,0.06630915842489071,0.13041151175008425,0.10153933768362118,nan,0.08085850392791535,0.07565536666044254,0.07851839991500809,1.22473957919527,0.9608274902937938,17257,0.9972764675204265,0.9988989975082575,0.09537574755143641,0.06109777369851926,0.0661440285673774,nan,0.08559693582135959,0.07502247701254158,0.07252011350340348,1.463463160548045,0.9736918351973113,17257,0.992640667555195,0.9997682100017384,0.059971874222646625,0.12466484677109567,0.09600187185145204,nan
08_002625_002645_s5,08,3,-1,16216,27.3665,21.229372144030982,18.26729079026442,21.098711036730574,0.41713112000743546,0.4063340277777777,0.34113175102536086,5.40402168793074,0.019486926492353233,16216,0.972496299950666,0.9932782437099161,0.392056631577767,0.4580492799204555,0.396607940350356,nan,0.10441254405091198,0.09212436900394703,0.08814696946740175,1.6410229209297562,0.9798347311297484,16216,0.9905032067094228,0.9988283177109029,0.08401239004948503,0.13448842785783352,0.09761411080034024,nan,0.07061171975472837,0.06343380033217805,0.06527589843811132,1.2261488185214071,0.9818080907745437,16216,0.9897015293537247,0.9986433152442032,0.08939697585993484,0.04374033158973456,0.07358237645253428,nan,0.09812566657511652,0.08554337808606485,0.08222436875327133,1.5751769247708194,0.9811297483966452,16216,0.9900715342871238,0.9988283177109029,0.0777865158188621,0.12783794994066805,0.09223187649100291,nan
08_002625_002645_s5,08,4,0,15326,27.3665,21.229372144030982,18.26729079026442,21.098711036730574,0.46570904761119497,0.44861364226772615,0.37067382781570957,5.4873093409832565,0.01846535299491061,15326,0.7959023880986559,0.9969985645308626,0.500991875125101,0.44558980546195326,0.334928813703615,nan,0.14144092810246964,0.12433055296108639,0.11730126917994466,1.7301648986302254,0.9456479185697507,15326,0.9952368524076732,0.998825525251207,0.16580962458783682,0.12346402989064428,0.06906751747535463,nan,0.057554847776178426,0.04908984669163594,0.04943617032315761,1.3541649508428881,0.9857758058201749,15326,0.9962155813650007,0.9989560224455174,0.049909241930457135,0.05578117493823605,0.11316429259631765,nan,0.13494377895370568,0.11753103553235171,0.11119864637353394,1.6669084297526515,0.9652877463134543,15326,0.9953673496019836,0.998760276654052,0.15874422408014882,0.11697974360804413,0.06606589994150634,nan
08_002650_002670_s5,08,0,-4,16091,27.3665,25.932870974195207,22.178633840460524,26.435112452969072,0.09518687309695127,0.07536537839586019,0.07306756804681136,2.19956448862439,0.9598533341619538,16091,0.9911130445590702,0.9967683798396619,0.09987035461222815,0.08832530908446092,0.09960378997395068,0.20423611314487267,0.06338268050243791,0.04196637026047251,0.041614801032257454,2.0804936460081436,0.9708532720154124,16091,0.9914237772667951,0.9963955005903922,0.051997374650539385,0.06404769423027844,0.09001686493828785,0.22328842746631902,0.13831815131149575,0.13463723318917423,0.14460213419882395,3.0585636595456305,0.8640855136411658,16091,0.9819775029519607,0.9945932508855883,0.11993283069491716,0.14090315951503943,0.17990945172400488,0.328515669929502,0.07162177640182636,0.05085310447538961,0.05020807998811927,2.0866760048793154,0.9699210738922379,16091,0.9913616307252502,0.996581940215027,0.06490549068219251,0.07037486579382804,0.09092739343451474,0.21251464381567153
08_002650_002670_s5,08,1,-3,16051,27.3665,25.932870974195207,22.178633840460524,26.435112452969072,0.09333470884295778,0.07374264586049531,0.07180528037917133,2.2058337098495624,0.9585695595290014,16051,0.9890972525076319,0.9950781882748738,0.07838565869657833,0.10538466511886285,0.09336710743473324,0.11826258062039548,0.06838193369969804,0.04644747144588141,0.04636355660801739,2.1262227228228254,0.9594417793283908,16051,0.9862313874524952,0.9944551741324528,0.04892891913533423,0.07946549511902358,0.08562134317379787,0.12964848945190877,0.14754985183702457,0.13765236512279744,0.14806975236141406,3.095046765546946,0.8229393807239425,16051,0.9745810229892219,0.9912778020061055,0.1329597021961505,0.146155648719265,0.19682119278814708,0.2540664306975035,0.07440665827535599,0.05077407385116998,0.05043630445939451,2.120957167740998,0.9599401906423276,16051,0.9869167030091583,0.9946420783751792,0.05590575816353156,0.086760785570713,0.08437513255325142,0.11716977153660113
08_002650_002670_s5,08,2,-2,15942,27.3665,25.932870974195207,22.178633840460524,26.435112452969072,0.10173175503642054,0.07146516432706489,0.06954552248433865,2.102147278246463,0.9296825994229081,15942,0.9769790490528164,0.9924099861999749,0.10177141330253829,0.12184859498339379,0.07208478834757337,0.08276825009759692,0.07821021260443517,0.047068003754925286,0.04688832135008503,2.049327394651455,0.9398444360807928,15942,0.9776063229205871,0.9917199849454271,0.07439662344014815,0.09059033715468257,0.07622915612030393,0.10673570761996742,0.15759500006173222,0.14225487743471554,0.15335260241650206,2.971141053822137,0.7896750721364948,15942,0.9716472211767658,0.9838163342115167,0.1455324287510018,0.16300553833995643,0.2024664630967322,0.23439353596459556,0.08366205720863826,0.051091242748358454,0.05068567919729405,2.037552120813634,0.9384644335716974,15942,0.9779199598544724,0.9919708944925354,0.08178568046908889,0.0992469650302874,0.06855926948936311,0.09466812782896328
08_002650_002670_s5,08,3,-1,15618,27.3665,25.932870974195207,22.178633840460524,26.435112452969072,0.12317711744417739,0.07439427006610033,0.07193392966639478,1.6754933708671869,0.8852605967473428,15618,0.9772698168779613,0.9857216032782686,0.1673449977876914,0.06760672386922453,0.07445618742023231,0.09594282537377212,0.08782028531088217,0.038261671626556096,0.03810393949247959,1.5477758879353611,0.9435907286464336,15618,0.9775259316173646,0.9861057753873735,0.11814614345145459,0.05071303277769577,0.05017406718038994,0.08825707374225257,0.13902362826971446,0.1346658610264383,0.14452745213400076,2.533515369558292,0.8621462415161992,15618,0.9761173005506467,0.9884108080420028,0.11537298073420542,0.16911108579356354,0.1615697464607899,0.21130189984304393,0.09719989763328508,0.04839429294087011,0.047701857790877655,1.554770638009587,0.9298245614035088,15618,0.9774619029325138,0.9859136893328211,0.134221776904323,0.05098890695352448,0.05469659142029598,0.0855172532918287
08_002650_002670_s5,08,4,0,16678,27.3665,25.932870974195207,22.178633840460524,26.435112452969072,0.04460136835289027,0.022135489207957982,0.022189458097694903,1.5664864805102434,0.9802734140784267,16678,0.9946036695047368,0.9988607746732222,0.01491292519855517,0.0581708859217113,0.06417963540400605,0.17030110337552407,0.07646027263208452,0.06062449898257945,0.06238920847817875,1.8514257810870025,0.9564096414438182,16678,0.9931046888116081,0.996762201702842,0.05506558997632414,0.08610570863893513,0.08989004643098616,0.2137659388816742,0.20458930713331636,0.1956589696557992,0.21773193264465274,3.2637457408626616,0.577946996042691,16678,0.9837510492864852,0.9952032617819883,0.19014976786157012,0.21007628979859674,0.21966980953465115,0.32758708544869236,0.06244891893228739,0.04415467948645473,0.044986243552263994,1.724626351395635,0.9688811608106488,16678,0.9935244034056842,0.997541671663269,0.037772781654852504,0.07390347868865466,0.07642653546766401,0.19853895695933407
08_002675_002695_s5,08,0,-4,15339,27.3665,27.414416833172982,23.38151137408088,28.083190413014112,0.05869680461314438,0.030668529772524475,0.030856892049676787,1.4189222862606035,0.9388486863550427,15339,0.9840276419584066,0.997196688180455,0.05415631972610272,0.06307008646770486,0.07352076063335831,0.07457317113987322,0.05822204683124089,0.030015733321304767,0.030152304682877773,1.416534953029611,0.9400221657213639,15339,0.9842884151509225,0.997196688180455,0.05326212810618483,0.06310487099534368,0.07374720282563663,0.07517350534154411,0.17612380025897686,0.16266029066361815,0.17751140625491102,2.4036653052466797,0.7964665232414108,15339,0.9683160571093291,0.9937414433796206,0.18337866891260576,0.16692241722443898,0.16794989509699212,0.12642868563492649,0.05678125681692976,0.03212722240521137,0.031869826352090236,1.4168873744675947,0.9485624877762566,15339,0.9883303996349175,0.997261881478584,0.0459436023876725,0.06894965103685312,0.08109939195823998,0.0907516777148203
08_002675_002695_s5,08,1,-3,13731,27.3665,27.414416833172982,23.38151137408088,28.083190413014112,0.07483081017486883,0.03701796259842512,0.03707859223009846,3.1268734147839057,0.9223654504406088,13731,0.9599446507901828,0.974364576505717,0.0608409569422916,0.07383546267565487,0.16323027486183336,0.32754753253699664,0.07483144585120831,0.0372253552032852,0.03723351736293612,3.126756777271568,0.9228024178865342,13731,0.9598718228825286,0.974364576505717,0.060686582424178764,0.07393676756120665,0.16403575163603037,0.32837521272278436,0.17171255399071014,0.15071214773529273,0.16298299166872576,3.627145569842249,0.8131235889592892,13731,0.9518607530405652,0.9657708834025198,0.16329054379247482,0.17592825806760526,0.20483406177734215,0.3466338347579401,0.08026476147929894,0.04189918769744132,0.041587732065242466,3.1409217040189645,0.9250600830238147,13731,0.9597989949748744,0.9762581021047265,0.06566850972323914,0.07834373443267202,0.17615981574365894,0.3399271163891753
08_002675_002695_s5,08,2,-2,12974,27.3665,27.414416833172982,23.38151137408088,28.083190413014112,0.08760308699943971,0.03499696597329649,0.03490472750580098,4.659214687611757,0.9182210574996146,12974,0.9414213041467551,0.9606906119932173,0.06035231698024551,0.0942694007895998,0.1314799774985726,0.4423141643880254,0.08809465015554636,0.03543947330823745,0.03523983792143626,4.658530636035896,0.9184522891937722,12974,0.9414213041467551,0.9609989209187606,0.061159959311770117,0.09445771160547928,0.1316871245339746,0.4429533974425661,0.175972390157204,0.1360006143210029,0.14614444315464714,5.096726020613619,0.839139818097734,12974,0.9324803453059967,0.9512871897641437,0.14880998147935579,0.18730933176677342,0.20949896177448749,0.47560537388762636,0.09761162045976834,0.05040451754944893,0.04939551654551477,4.6609482136260745,0.9189147525820872,12974,0.9430399260058578,0.962848774472021,0.07646037739243734,0.09864538515598262,0.13556192315624369,0.45240479576568693
08_002675_002695_s5,08,3,-1,14392,27.3665,27.414416833172982,23.38151137408088,28.083190413014112,0.06383323839049913,0.02664317459154563,0.026534264977229327,2.4204723809230044,0.9328793774319066,14392,0.9749166203446359,0.9871456364647027,0.03815149916881268,0.10237882441348667,0.0978109446442521,0.1266537643757319,0.06399057441437772,0.02725451925977676,0.027104484467053158,2.4179544687390386,0.9331573096164536,14392,0.9747081712062257,0.9871456364647027,0.038353367965922106,0.10242087357487804,0.09811169309606624,0.1261876608229656,0.1700559704524789,0.1466044772322675,0.15842610441441818,3.221373974286136,0.8132295719844358,14392,0.9678293496386882,0.9857559755419678,0.14827136948614483,0.20070509341796075,0.20426377272922755,0.2391720465558213,0.07179971584421153,0.04194724577805481,0.04137739397763385,2.404374036268328,0.9409394107837687,14392,0.9746386881600889,0.9871456364647027,0.049111509712573956,0.10492685804058437,0.1054283783434581,0.12047965181691954
08_002675_002695_s5,08,4,0,14323,27.3665,27.414416833172982,23.38151137408088,28.083190413014112,0.0737783144043307,0.03350843340611363,0.03319588602608192,2.1937750768737785,0.9418417929204775,14323,0.9690009076310828,0.9845702715911471,0.07581103970247427,0.0676154182728473,0.07169441160871017,0.2976912404625056,0.07453562514913246,0.034548523416645056,0.034245706979010304,2.1970674730646436,0.9415625218180549,14323,0.9689310898554772,0.9845004538155414,0.07654980700525167,0.06833848575756873,0.07266647618783717,0.29879612048847254,0.15487190298658085,0.1305730745632077,0.1398908935629335,2.7721387140063625,0.8759338127487258,14323,0.9671856454653355,0.9846400893667527,0.16489863189451356,0.14228648586822046,0.13783260958142912,0.27671060378276463,0.08799757894265116,0.05256855747364504,0.05145838247660839,2.2694463307207178,0.9384905396914054,14323,0.9690707254066886,0.9856873560008378,0.09042431717705914,0.08081507383348484,0.0873955126039753,0.31421689271675046
08_002700_002720_s5,08,0,-4,16110,27.3665,29.356033452925082,26.21793012108981,29.93970748007135,0.0968725475331183,0.08074594107730766,0.08412785583311766,2.403940010816303,0.9382991930477964,16110,0.9765983860955928,0.9942271880819367,0.09453733108968267,0.09884509329683339,0.0948632499472579,0.16319120299376394,0.05290661476306001,0.027810375788911317,0.02791440248868504,2.054167812556846,0.9448168839230292,16110,0.9857852265673495,0.9947858472998138,0.04367304340526666,0.05969436975917824,0.062283741253192096,0.13361906980958435,0.1326066001384333,0.119014979104865,0.12669933488490792,2.7615662879973994,0.9194289261328368,16110,0.9678460583488516,0.9933581626319057,0.13022322257946042,0.13488830869377158,0.1304182258088124,0.19415505831731397,0.052885300372812596,0.028440169305683535,0.02831211885551954,2.0388240131235693,0.946617008069522,16110,0.9876474239602732,0.9947858472998138,0.0393498709301568,0.06398704287642991,0.06734044976817558,0.12904465002025767
08_002700_002720_s5,08,1,-3,16413,27.3665,29.356033452925082,26.21793012108981,29.93970748007135,0.10431447064966437,0.08574713541666673,0.08954879298734397,3.73612109012632,0.9566197526351063,16413,0.9758727837689636,0.9828184975324438,0.09951341063012993,0.0858809341485407,0.14689869039366407,0.45660653066640966,0.05378327147386954,0.027141930293220082,0.027281641424381053,3.509889090607101,0.9641138122220191,16413,0.9783708036312679,0.983244988728447,0.04098274704405472,0.04060826377165271,0.10494219788125562,0.41760564773622555,0.14001570876439992,0.12375875539409059,0.13207339574046273,3.9690519394311656,0.9449217084018766,16413,0.97556814720039,0.9826966429050144,0.13677600790634148,0.12155043607139698,0.17895991364620029,0.47941271235837135,0.05054695786616945,0.02311465334077639,0.023010767755526018,3.491694543427491,0.9642356668494486,16413,0.9796502772192774,0.9835496252970206,0.03160925381474103,0.04383500091241836,0.10281645578909032,0.41175152855300834
08_002700_002720_s5,08,2,-2,17292,27.3665,29.356033452925082,26.21793012108981,29.93970748007135,0.07976840893265442,0.06656543062245623,0.06869197539504945,2.5628324392521047,0.9620633819107102,17292,0.9817256534813786,0.9943904695813093,0.06853158252901924,0.07406919738012917,0.13025468257423517,0.21961671460286195,0.055396918271114405,0.021806238255284598,0.021796204885466075,2.3283198375056737,0.9580152671755725,17292,0.9857159380060143,0.994853111265325,0.04352317485203208,0.05714928173643994,0.08366422317510365,0.16288316619874782,0.10900180493498164,0.10362854235425213,0.10928946130676542,2.8473134458297045,0.9495142262317835,17292,0.9792389544297941,0.9936386768447837,0.0988633613277524,0.10058367293215632,0.1651081930344857,0.25236934046338944,0.06478204378696531,0.032480233592714146,0.03216105334359809,2.33451556745415,0.9551237566504742,17292,0.9857159380060143,0.994853111265325,0.05525223673094469,0.06701202369279376,0.08467200843782041,0.14904434670148778
08_002700_002720_s5,08,3,-1,16992,27.3665,29.356033452925082,26.21793012108981,29.93970748007135,0.10396581334868331,0.09628237310993149,0.10111012607184267,2.6197994832612497,0.9548022598870056,16992,0.9831096986817326,0.991466572504708,0.090792400489037,0.10588479188750954,0.1555325482765781,0.32404616430933253,0.06388474859167048,0.03857458289611228,0.03900181890247523,2.2889711264164747,0.9633356873822976,16992,0.9836393596986818,0.99299670433145,0.05868898945516539,0.05980305255125594,0.10517761136108343,0.27490459455289273,0.13556811940214125,0.13355122205713243,0.14331737004805356,2.912101175522159,0.9134298493408662,16992,0.9831096986817326,0.9905249529190208,0.1194795893233819,0.14022119705494107,0.18806899850633318,0.35241589427875153,0.05686699457213701,0.02570439986126514,0.025960786993282303,2.2463511402955354,0.9641007532956686,16992,0.9829331450094162,0.9933498116760828,0.05474070999014933,0.05053130675326191,0.09413142685483789,0.2604878186611076
08_002700_002720_s5,08,4,0,15254,27.3665,29.356033452925082,26.21793012108981,29.93970748007135,0.11098146185969861,0.08021769672897233,0.08351996270369433,3.806489725214553,0.9200209781041039,15254,0.9623049691884096,0.9791530090468074,0.09820603421104328,0.11348260077103489,0.1317740567487826,0.43343129482071246,0.06336494806050215,0.02578095709626102,0.025893021357917823,3.5548526146388535,0.9383112626196407,15254,0.9640749967221712,0.9822997246623837,0.049749828693546695,0.06342578172090006,0.09508311299357583,0.39224197969694274,0.14553566799219764,0.11812263134246595,0.12566084066188765,4.038322124287733,0.8878982561950963,15254,0.9617149600104891,0.9752196145273371,0.13263919752906503,0.14992621201050943,0.16167556581911027,0.4572101393606455,0.06355496071107151,0.027234081470662214,0.027069978347268764,3.5221816977506166,0.9425724400157336,15254,0.9648616756260653,0.9819063852104366,0.051944498383826615,0.06218014440929716,0.0922009204145416,0.38037834273326604
08_002725_002745_s5,08,0,-4,15554,27.3665,29.527510392333294,27.08277889047411,30.863452825506915,0.13169244750876855,0.12042053889548691,0.12818244964459613,3.1994435916772526,0.90992670695641,15554,0.9782692554969783,0.9884917063134885,0.14309736370597942,0.11535726880156963,0.1279550540470055,0.33100356691493854,0.07815991310097511,0.05742414469190596,0.058730144992427125,2.7209254022316878,0.9526166902404526,15554,0.9786550083579787,0.9895846727529896,0.0831644926485624,0.06924546573716102,0.07388037499663132,0.2807028213281279,0.1398036224379777,0.12939460611688464,0.1385391998011467,3.2808285337936276,0.9017616047319018,15554,0.9783335476404783,0.9882345377394882,0.1512551037121481,0.12346261772420764,0.13601556139453053,0.3379393610524335,0.061045852272671015,0.029918739052244306,0.03005888077316632,2.588252837635577,0.9606532081779606,15554,0.9790407612189791,0.9897132570399897,0.05557175772382129,0.06281363867324956,0.05984983431186815,0.2673436318933597
08_002725_002745_s5,08,1,-3,16564,27.3665,29.527510392333294,27.08277889047411,30.863452825506915,0.13138822803186054,0.11366288594222684,0.12050695794594435,2.7536285283132513,0.9215769137889399,16564,0.9785679787490944,0.984846655397247,0.13589683347774248,0.12600653907721024,0.12701295959439324,0.33992314246675126,0.07890383646283607,0.047967906939610575,0.048902412172858956,2.3583131709045286,0.9532117845930934,16564,0.9785679787490944,0.9856918618691137,0.0859370991155829,0.06749274075653354,0.09204743060736226,0.29721664653327134,0.13928170866822173,0.12263534442788679,0.13057492459290865,2.8278054568819067,0.9109514609997585,16564,0.9784472349673992,0.9847862835063994,0.14343813603639605,0.13461528538769013,0.133010610662193,0.3467664632564648,0.06738949689721423,0.03031169993154792,0.030377475586310432,2.3051839825651066,0.9521854624486839,16564,0.9779038879497706,0.985329630524028,0.0723275955180835,0.054429844575214985,0.09538373974870117,0.27968015870058716
08_002725_002745_s5,08,2,-2,14922,27.3665,29.527510392333294,27.08277889047411,30.863452825506915,0.09975108525263293,0.07435180704283367,0.07714834273665827,2.3489043528864793,0.9416298083366841,14922,0.981034713845329,0.9878702586784613,0.09192662499883213,0.10434286073866232,0.11465206926519317,0.20115135944334764,0.05923083693413816,0.020780757567436477,0.02075777615460661,2.1169270660995014,0.9450475807532502,14922,0.9800965018094089,0.9897466827503015,0.043066832537994953,0.07635614493832599,0.07965503360842542,0.15133232980101366,0.10739500411707176,0.08359217543047553,0.08719628948026314,2.4099221093095538,0.9360675512665863,14922,0.9808336684090605,0.9881383192601528,0.10029699300821353,0.11086846262062759,0.12187727298683669,0.20943339122095833,0.0821517791038086,0.052381093910330495,0.051246088532530765,2.2092057973517902,0.9357994906848948,14922,0.9797614260822946,0.9898807130411473,0.06978997220728003,0.09847102089872432,0.09158124204407192,0.1430209538022895
08_002725_002745_s5,08,3,-1,16168,27.3665,29.527510392333294,27.08277889047411,30.863452825506915,0.09091575559848054,0.061322502990430676,0.06315272141313011,1.8648242356555822,0.928438891637803,16168,0.9798985650667986,0.9917738743196437,0.09964776286470713,0.07792835391699983,0.09152047409224343,0.11652522735477294,0.07232509705219498,0.034140120316025604,0.03384989478577616,1.7928755127176295,0.9303562592775854,16168,0.9764967837704107,0.9914027709054923,0.07303035377583637,0.0730215244752504,0.06539603547421136,0.06915761884609699,0.09809617363161746,0.07046014451677532,0.07291920897999127,1.9165216992009433,0.9260885700148441,16168,0.9800222662048491,0.9917120237506185,0.10663930432351053,0.08511218105731842,0.09973905675119024,0.1249613060173568,0.10247864913185131,0.07046521159515325,0.06843002777162299,2.033629557484051,0.9227486392874814,16168,0.9737135081642752,0.990536862939139,0.0992555142261739,0.11227982136686264,0.08253177630517614,0.07305202397107001
08_002725_002745_s5,08,4,0,15681,27.3665,29.527510392333294,27.08277889047411,30.863452825506915,0.10475287120305084,0.08291993343195253,0.08631289939100295,2.3904923221974586,0.9301702697532045,15681,0.9853325680760155,0.9982781710350105,0.09053327512456993,0.10606909376559971,0.13229015368800193,0.34542819363722926,0.06823616355389182,0.024874736723775808,0.02490188541777627,2.1281221696243935,0.9222626108028825,15681,0.983100567565844,0.9982781710350105,0.05267252515988243,0.07364275145143487,0.08072548431339811,0.2984670684499133,0.11129632415386244,0.09163424396159117,0.09566156373598389,2.4531952775300443,0.9273643262547031,15681,0.9845035393150947,0.9982143995918628,0.09701341933337004,0.11236883711620488,0.14022957260500243,0.3517087112424179,0.088601247153376,0.04785548985853113,0.04679345709759364,2.1893442283938276,0.8979019195204387,15681,0.9802946240673427,0.997640456603533,0.07795941889635405,0.09534942191899039,0.08103132087166967,0.2737260139639813
08_002750_002770_s5,08,0,-4,15514,27.3665,27.645340988186025,24.321108947226225,28.196658353200966,0.09369782911772784,0.03986388673407191,0.04000591331757031,2.220571630105054,0.9069872373340209,15514,0.9621632074255512,0.9869150444759572,0.09592511776422342,0.09561486962029403,0.07476890507141787,0.12045946733842272,0.09665495865889348,0.041291292697953064,0.04109929376484733,2.24137980529822,0.9052468737914142,15514,0.9623565811525074,0.9869150444759572,0.09960165099172268,0.09819611074605923,0.07572617888366397,0.12011870679524436,0.13370493141510445,0.1114764679421363,0.11776026769913606,2.5882617806292743,0.8851360061879593,15514,0.9686089983240944,0.9888487817455202,0.12730593610971574,0.14183222989424496,0.133184239911542,0.19317729005045545,0.10591324071389786,0.05132479145001642,0.050441520476803614,2.309358090836147,0.8986077091659147,15514,0.9615186283356968,0.9854325125692922,0.1114984766170981,0.10529522963285845,0.08007973143023948,0.12270663807362422
08_002750_002770_s5,08,1,-3,15503,27.3665,27.645340988186025,24.321108947226225,28.196658353200966,0.07931431326371133,0.025044867114485933,0.025032310345627806,2.7950684743136227,0.9096303941172676,15503,0.9514932593691544,0.9847771399084049,0.08128566283326578,0.06963054197193386,0.09408497609013011,0.2330189925647516,0.0808288788812198,0.025699097993325194,0.02560759207812824,2.7882881277949805,0.9099529123395472,15503,0.9520092885248016,0.9847126362639489,0.08371814851055755,0.07085665577625518,0.09463894854042006,0.22723068730156085,0.14708489823457715,0.11564124704572035,0.12265767885944667,3.3365414561704703,0.8817003160678578,15503,0.9502676901244921,0.9799393665742114,0.15278683491807554,0.13608705159745865,0.1549009159844822,0.3122618843861815,0.08892771526354502,0.03939032636393019,0.038751644637971205,2.798411679436264,0.9093723795394439,15503,0.9525253176804489,0.9844546216861253,0.09542801171365452,0.07746959537007851,0.0993852209634507,0.215786196208754
08_002750_002770_s5,08,2,-2,16546,27.3665,27.645340988186025,24.321108947226225,28.196658353200966,0.06216087905266097,0.025026038755603434,0.025157480847564195,2.1000330897100206,0.9463918771908618,16546,0.9732261573794271,0.9893025504653693,0.04945748484132836,0.06628645556738498,0.09443130844151758,0.10984372549622809,0.06137132085049712,0.024732010099861396,0.02465340391332771,2.083631476680914,0.9483258793666143,16546,0.9732865949474193,0.9894838631693461,0.04831072413857612,0.06613409637879063,0.09235118191170778,0.11253446911933478,0.14238238200272152,0.12126878193287496,0.1292092387378535,2.7592974880188543,0.9132720899311012,16546,0.9647648978605101,0.9859180466578025,0.14247959570691424,0.13451367626810376,0.17386807193666676,0.1668344084719629,0.06623189957876284,0.0321008945342844,0.031829507256127876,2.0776908938440792,0.9495950682944518,16546,0.9737700954913574,0.9896651758733228,0.055462439487168204,0.07009925727282433,0.09176605994502161,0.11957896283576742
08_002750_002770_s5,08,3,-1,15693,27.3665,27.645340988186025,24.321108947226225,28.196658353200966,0.0844597674560382,0.05373357928240744,0.055071198914960595,2.651529140817764,0.9216211049512522,15693,0.970177786274135,0.9872554642197158,0.0668092914498899,0.08683945870865055,0.1664856140666055,0.16832482225942097,0.07977754186486263,0.04579414922414241,0.0465323585822488,2.5981341015766883,0.9233416172815905,15693,0.9700503409163321,0.9875103549353215,0.06343676711024174,0.08089357755862689,0.15930402012290001,0.15985077083117938,0.16929133347599565,0.1544917995782576,0.16767243253134834,3.4945482067191245,0.8127190467087236,15693,0.9597272669343019,0.9845791117058561,0.15007917599541284,0.17257544100137565,0.2561644572340569,0.26087506233780866,0.07393937001958431,0.03659091058911417,0.03669649924906393,2.50837094824013,0.9251895749697318,15693,0.970177786274135,0.9878289683298286,0.06053714676081131,0.07216433123847463,0.14820593659863865,0.14311976190409634
08_002750_002770_s5,08,4,0,14822,27.3665,27.645340988186025,24.321108947226225,28.196658353200966,0.1087151659294981,0.06189352261262065,0.06340960913234817,2.80104097129059,0.8869248414518959,14822,0.9454189717986776,0.9724058831466739,0.10761773774947889,0.08664561315005478,0.19898217580700542,0.1313443719373163,0.10250756340801796,0.05350810337015778,0.05472678505147888,2.750260862029454,0.8897584671434354,14822,0.9464309809742275,0.9728106868168938,0.10285734945597809,0.07923330171673676,0.19149917270404307,0.12249352167431767,0.1864737402645074,0.15683655505221578,0.1702973575397183,3.6064418002053635,0.7907165024962893,14822,0.9322628525165295,0.9632978005667251,0.1679498941777141,0.1809676884271563,0.2847701593479886,0.22800985994797454,0.09165242657689872,0.038063808510672426,0.03862970533344223,2.664713167999885,0.8971798677641344,14822,0.9489272702739171,0.9736202941573336,0.09384929332244511,0.06735360625349672,0.17719169300344959,0.10499384389422457
08_002775_002795_s5,08,0,-4,15145,27.3665,27.494525178029384,23.750216448011745,28.701736341447386,0.08940455656352532,0.04828856857579875,0.04937776878857569,2.61749323237559,0.9057774843182569,15145,0.9677781446021789,0.9878507758336085,0.08599799797010974,0.08517722752924552,0.11405158196809047,0.1462653072500174,0.08611785125812116,0.044117475436002467,0.0450301863314293,2.598271187177272,0.9067679102013866,15145,0.9678441729943876,0.9877847474413998,0.08258915012487145,0.0820399805060298,0.11085190154662182,0.1423208944737943,0.19701355856975178,0.17176089572184702,0.1882914787797043,3.599924533830925,0.7279630241003632,15145,0.949290194783757,0.9830967315945857,0.1936614486801295,0.1941668212633317,0.21571317380963545,0.2588764572277114,0.06976272948519269,0.025569669688702966,0.025493576990061495,2.4891066757218137,0.9160779135028062,15145,0.9690326840541433,0.9881809177946517,0.06525249696034612,0.06747149533583188,0.0935016407936841,0.11666484144705938
08_002775_002795_s5,08,1,-3,14908,27.3665,27.494525178029384,23.750216448011745,28.701736341447386,0.06758721184540495,0.031302628504672955,0.03167667971223831,2.1949787467731356,0.9319157499329219,14908,0.9763214381540113,0.9921518647705929,0.05405262058969632,0.0772891828438414,0.08762718094761096,0.06955400495127013,0.06524558474422536,0.02796627079607287,0.028206193265373658,2.182630897277252,0.9334585457472498,14908,0.9763214381540113,0.9922189428494768,0.051600466922957215,0.07496377122696855,0.08558517690206847,0.06808866666209212,0.17356118280049188,0.15497369798554672,0.16832234438577487,3.1675172847581288,0.8392138449154816,14908,0.9753823450496378,0.9904078347196136,0.16337042874782945,0.18032437381289962,0.19023021480882532,0.17733424349436475,0.06824311399794265,0.03269855791189169,0.032328512432797885,2.1663923706329498,0.9502951435470888,14908,0.9757177354440569,0.991414005902871,0.058908135456140515,0.07432278986782229,0.08347212137659946,0.0768746118109477
08_002775_002795_s5,08,2,-2,15100,27.3665,27.494525178029384,23.750216448011745,28.701736341447386,0.07790628692245051,0.0345237697187929,0.03476694251156287,2.077481058908473,0.9327814569536423,15100,0.9625827814569536,0.9796688741721854,0.09644443487068746,0.0663666374954913,0.0584779658546256,0.1562410311244148,0.07620048765656744,0.03247411039869218,0.032672741598871236,2.0665712164424543,0.9329801324503312,15100,0.9621192052980132,0.980066225165563,0.09536334162076053,0.06422976283977481,0.05629325080600674,0.15520805275260574,0.17787212555003612,0.1546405201518691,0.16785646288143008,3.041314960927983,0.812251655629139,15100,0.9651655629139073,0.9808609271523179,0.18680294736462338,0.17309412745792888,0.16510227064117156,0.25781282831653457,0.08099304949332332,0.038701211656550084,0.038369963756163195,2.068743089460413,0.9323841059602649,15100,0.9617218543046357,0.9809271523178807,0.10481643840935699,0.06749140380285547,0.05288695019113971,0.15488492582610647
08_002775_002795_s5,08,3,-1,16616,27.3665,27.494525178029384,23.750216448011745,28.701736341447386,0.06763546519232491,0.03187271037477539,0.032014102647594855,2.4093854062337554,0.9438493018777082,16616,0.9754453538757824,0.9897087144920559,0.0625693331185453,0.06976551679398492,0.0806420818496826,0.18690810668420535,0.06795589928934297,0.031851003564348244,0.031874030341970006,2.4077476205274806,0.943307655272027,16616,0.9755055368319692,0.9897087144920559,0.06305698575548883,0.07005177555055701,0.08023807382326877,0.18749428728247866,0.1541593626409316,0.13597800140141103,0.14603740012515387,3.028174425623601,0.8606764564275398,16616,0.9746629754453539,0.9873013962445836,0.1479424004794255,0.15632749373194596,0.17315434100647903,0.2635510141836184,0.0843602624578024,0.055736575625950247,0.05456699841293644,2.46918484294022,0.9393355801636977,16616,0.9755055368319692,0.9898892633606162,0.07984461939594874,0.08838636959623147,0.0881622365494488,0.20339155505200684
08_002775_002795_s5,08,4,0,15548,27.3665,27.494525178029384,23.750216448011745,28.701736341447386,0.0630707415474021,0.021077245388997565,0.02115820993814521,1.9830555477811938,0.9338178543864163,15548,0.9708001029071264,0.9911885773089787,0.06257863240139759,0.06001309420569456,0.07671370284842095,0.2358569555175163,0.0625837171933984,0.02158722113814632,0.02154079238669193,1.976734015803391,0.934589657833805,15548,0.9704785181373811,0.9912528942629277,0.06205106855121991,0.05956391225838951,0.07617866689252799,0.23596334743411024,0.16566038443332276,0.1402916441995749,0.15097900411907927,2.7818989002021075,0.8376640082325701,15548,0.9653974787754052,0.9839207615127348,0.16730473746325925,0.16210367888622856,0.17285750841422445,0.29360683653272057,0.07779420826247566,0.048382447963717004,0.04743341043534466,2.010075116952566,0.9358759969127862,15548,0.9712503215847698,0.991510162078724,0.08639451115666913,0.06725736703560485,0.08930344997065126,0.24127923503860857
08_002800_002820_s5,08,0,-4,14410,27.3665,31.29581377864686,27.04352573874296,33.22918008147685,0.16950654918737446,0.16052690891137172,0.17474298456754678,3.0700643094399793,0.7975711311589174,14410,0.97529493407356,0.9873004857737682,0.15299852560292743,0.19114668569584328,0.1868730631294758,0.22428387160015553,0.07921607946765695,0.047759886292860106,0.04875905337331721,2.1745756507442473,0.9489937543372657,14410,0.9795975017349063,0.9879944482997918,0.0693501190733609,0.09327797632518324,0.08592482242042393,0.11538495865626164,0.17801725736650292,0.1703193767654339,0.18657728875108903,3.17344299020176,0.7340735600277585,14410,0.9750867453157529,0.9873004857737682,0.1611414096525019,0.1999972145185265,0.19624534692205334,0.23343872675207888,0.07119013570545452,0.03347261729819096,0.03323018997699023,2.1351519065936557,0.9384455239417071,14410,0.9791811242192922,0.9879250520471895,0.07006429003231551,0.07474982095322577,0.06564320607977137,0.08071551154041665
08_002800_002820_s5,08,1,-3,16453,27.3665,31.29581377864686,27.04352573874296,33.22918008147685,0.18657742771159194,0.18433537564212335,0.20352073434945517,2.936563874820225,0.6478453777426609,16453,0.9857776697258859,0.9941044186470552,0.18571395554890383,0.19231814598396005,0.17311956319125568,0.20110624046887748,0.09375072152380734,0.07357067846459697,0.07618312295929663,2.0200818328375854,0.9555704126906948,16453,0.98766182459126,0.993192730808971,0.0947892638418776,0.09579205658613098,0.08246838116365378,0.10051570838728782,0.19512662919564325,0.19388095554779738,0.21515520709238367,3.042487064982645,0.5719929496140521,16453,0.9852914362122409,0.9938613018902328,0.19415911151974913,0.20088423102016917,0.18201783235169136,0.21053463364328495,0.0651297469420538,0.03430604104951747,0.034589842920217606,1.9977005026157226,0.94967483133775,16453,0.986081565671914,0.9932535099981766,0.06013507253348148,0.06850753501981821,0.07716634846852656,0.08445654827956109
08_002800_002820_s5,08,2,-2,14766,27.3665,31.29581377864686,27.04352573874296,33.22918008147685,0.17545652128641773,0.16088949492546264,0.17537040863708442,2.565035406429158,0.7407557903291345,14766,0.9776513612352702,0.9884870648787756,0.19396245422690872,0.14511761257856134,0.1428375504412824,0.11336529131301078,0.08003049280795019,0.05223790198362861,0.052985897633893164,1.9719812255527647,0.9633617770553975,14766,0.9826628741703914,0.9886902343220912,0.08950805326561943,0.0546060689191537,0.07844130040480835,0.11113225098274836,0.1845831791260626,0.1707775628203598,0.18720280795784872,2.6565211071147967,0.6824461600975213,14766,0.9769064066097792,0.9885547880265475,0.2029857326673868,0.15483933772908334,0.15144797111279842,0.12093443030661725,0.07659262883876958,0.04737142782696388,0.047050835607327146,2.1637915623045956,0.9632940539076257,14766,0.9835432750914263,0.9885547880265475,0.07256284561494986,0.07484368434169282,0.09613490464339677,0.14891498043224682
08_002800_002820_s5,08,3,-1,15339,27.3665,31.29581377864686,27.04352573874296,33.22918008147685,0.1449906916644846,0.12646764840665548,0.1350836602886547,2.3447440928513847,0.9037094986635373,15339,0.9789425647043484,0.9896994588956255,0.16339791337386203,0.13751589566191008,0.11910345239368315,0.14812084869110606,0.07303320563281253,0.036187869599749595,0.036153515442149065,1.8612106984416612,0.9596453484581785,15339,0.9787469848099616,0.9885911728274334,0.07946863978218698,0.06706711524514253,0.07463207347102925,0.12824820548663593,0.15395059987991833,0.13663126740702936,0.1468046041782729,2.4492275226660256,0.8818697437903383,15339,0.97946411108938,0.9893082991068518,0.1724489219644326,0.14641336793792706,0.12814653541389046,0.15478803891854007,0.10355724018955478,0.06723803037667739,0.06554945972009851,2.2842368534556994,0.9507138666145121,15339,0.9779646652324141,0.9869613403742096,0.11573180148677095,0.090535383835888,0.11599298187462358,0.1547686356854139
08_002800_002820_s5,08,4,0,15809,27.3665,31.29581377864686,27.04352573874296,33.22918008147685,0.15114368425382302,0.12766711786429646,0.1365022276948884,2.5007679438753034,0.8809538870263773,15809,0.961604149535075,0.9802011512429629,0.1617457801005404,0.14320473102484044,0.13590606478860426,0.08486269999426875,0.07821797332216598,0.0348543073607792,0.034896617136718655,2.0413300039229627,0.9371876779049908,15809,0.9626162312606743,0.9818457840470618,0.08091203211971809,0.07543619874024088,0.07447953504619324,0.12256995589263056,0.16003687816571038,0.137867459232165,0.14822070732774684,2.589364808951917,0.8643810487696881,15809,0.961414384211525,0.9802011512429629,0.17016958864377432,0.15228896378668438,0.14598628276841916,0.09386737690634409,0.1087810040133892,0.0705277088104654,0.06851408525773262,2.333777393178941,0.932317034600544,15809,0.9628692516920742,0.9810867227528622,0.11327838940968439,0.10496985200671677,0.10029510892363455,0.18407279017205724
08_002825_002845_s5,08,0,-4,14986,27.3665,27.856074315926865,25.543715699017913,29.63416578491796,0.11842650124428653,0.07835896897420253,0.08128107155172959,2.544317369863562,0.9413452555718671,14986,0.9696383291071667,0.979314026424663,0.13158301489492538,0.10878567849732895,0.09048243187232967,0.1145468877444258,0.10694831996555057,0.06410938221940965,0.06565709252461427,2.478896859898146,0.9436140397704524,14986,0.9697050580541839,0.979314026424663,0.12025806487082101,0.0948986500468948,0.08251861487431088,0.11592121666214639,0.16821079690608637,0.13764175477961466,0.1478225558508034,2.96797605903315,0.8514613639396771,14986,0.9686373949019085,0.9787134659015081,0.17928365301615193,0.16341240334543233,0.14019497768966935,0.13607325088502653,0.08628629626122776,0.03569775181204541,0.03567002581366263,2.452547876585533,0.9467503002802615,14986,0.9698385159482183,0.979914586947818,0.09632919366207242,0.07062832869679415,0.0780813847491144,0.13727530159639537
08_002825_002845_s5,08,1,-3,15304,27.3665,27.856074315926865,25.543715699017913,29.63416578491796,0.08919645309670916,0.05449466276025021,0.05558486498284987,2.193320100602325,0.9519733403031887,15304,0.9713800313643491,0.9822922111866179,0.10648872647797668,0.07744731558173786,0.09115647745786126,0.13329415915525197,0.0802802724296214,0.04575665013532082,0.04626461687577388,2.1615578975078424,0.9535415577626765,15304,0.971118661787768,0.9823575535807632,0.0979527410700151,0.0670911233536484,0.08951232459053679,0.13037497622277036,0.13543269156227705,0.1121561975457245,0.11882530323965779,2.5233882610104796,0.9331547307893361,15304,0.9730135912179823,0.9814427600627287,0.14581553962980204,0.13124473104045642,0.11696940211774808,0.1635303416737407,0.0840033497777042,0.04136468810885888,0.04082962933253231,2.273019300066284,0.9485101934134866,15304,0.9708572922111867,0.9826842655514898,0.11659423351224177,0.06052823819043058,0.10247475008171576,0.129223877305117
08_002825_002845_s5,08,2,-2,15637,27.3665,27.856074315926865,25.543715699017913,29.63416578491796,0.07097998545483773,0.0450603921888599,0.045553672350171937,2.2024267056549935,0.9545309202532455,15637,0.9756347125407687,0.9885527914561617,0.05727632075172509,0.08355647388968424,0.113338594681191,0.134447378981951,0.06719768882966046,0.04191973174405391,0.042147501325706216,2.1969249023216118,0.9547227729104049,15637,0.9767218775980048,0.988744644113321,0.05177099642702601,0.08061363208846752,0.12222671422473237,0.12552878328239475,0.11287050918572296,0.09388846337943213,0.09839145773726687,2.4238381424310114,0.9350898509944363,15637,0.973908038626335,0.9890643985419199,0.10343488436875457,0.12444595040461034,0.11997586554934936,0.17739202162819234,0.08667456362361894,0.06276580864456863,0.06121097482292237,2.3732346086927056,0.9460254524525165,15637,0.978832256826757,0.9891923003133594,0.07272395776742,0.09511330223110806,0.16759113372050607,0.09856108493532742
08_002825_002845_s5,08,3,-1,14280,27.3665,27.856074315926865,25.543715699017913,29.63416578491796,0.08857793846597586,0.05213451165880852,0.05309299160018832,1.9902029021836927,0.925280112044818,14280,0.9648459383753502,0.9854341736694678,0.09961102124277768,0.07490470843340125,0.07630994487971124,0.16937982756918676,0.08252155872398713,0.04102322245306312,0.04173240877618101,1.9597158036557725,0.9264005602240897,14280,0.9650560224089636,0.984873949579832,0.09252750613276568,0.06990882378699877,0.07206363494056611,0.15531083363977302,0.1316966391622384,0.10536756743847588,0.11098190261834007,2.3272091790115006,0.9121848739495798,14280,0.9634453781512605,0.9854341736694678,0.13981968436552217,0.12509592405798955,0.11063218728944493,0.2244979307145698,0.09670626715629195,0.05532522843467362,0.054125827393566195,2.0895228002956903,0.9170868347338935,14280,0.9633053221288516,0.9810924369747899,0.1080674524583938,0.08392414338813313,0.08309792431490248,0.11354473088240825
08_002825_002845_s5,08,4,0,14548,27.3665,27.856074315926865,25.543715699017913,29.63416578491796,0.07592765157115325,0.033065168762624206,0.033197590307015634,2.235609394721251,0.9162084135276327,14548,0.9632939235633764,0.9845339565576025,0.06773310971982176,0.08412277465287629,0.07997416811733053,0.3394830381817635,0.07692677696541823,0.0347856922142462,0.034657875300486585,2.2109796932246963,0.9186142425075612,14548,0.9637750893593621,0.9847401704701677,0.06756160868117514,0.09009112099068806,0.07471659485305027,0.3276666882743857,0.11365014658809053,0.08099499576671279,0.08422137994963452,2.57183169385161,0.8988864448721474,14548,0.9602007148748969,0.9830217211987902,0.11590572381089705,0.10609678275419646,0.11917725516466751,0.38347770131130754,0.10973798520507361,0.08219870284505973,0.07917512843906604,2.376312350680981,0.9204701677206489,14548,0.9661809183392907,0.9846026945284575,0.10251224327931996,0.1291985987337648,0.0901746875164169,0.2847507298970659
08_002850_002870_s5,08,0,-4,17242,27.3665,32.367713763582884,27.000234107448637,33.214920316011245,0.16030832175014975,0.1536607472516549,0.16674972374808872,3.4515969089532303,0.8994316204616634,17242,0.9878784363762905,0.9932142442872056,0.16840077512901347,0.15182199825099266,0.1595051522188704,0.2425468214007392,0.047649531358005974,0.02326341365598001,0.02327679938997318,2.250202169865711,0.9703050690175153,17242,0.9861384990140355,0.9929242547268299,0.03598293349174748,0.0466498465225431,0.062200442478817446,0.13908733900535983,0.17097265402104242,0.16491672182604383,0.18014027003722854,3.603846449841525,0.8511773576151258,17242,0.987704442640065,0.9935622317596566,0.1788573711200742,0.1624420666746547,0.17061161937109867,0.25268437149028383,0.057881933565076496,0.03460840542258536,0.03423182173196149,2.3121298068803204,0.9691451107760121,17242,0.9846885512121564,0.9932722421992808,0.044761628330127944,0.06015407430664561,0.06819752364538662,0.14984800997835193
08_002850_002870_s5,08,1,-3,16749,27.3665,32.367713763582884,27.000234107448637,33.214920316011245,0.16372302847039913,0.1570140625000001,0.17079672580446026,3.2510398647825367,0.8893068242880172,16749,0.9824467132366111,0.9890739745656457,0.1644259964361854,0.15820118164089778,0.17176468535979006,0.2146647838978196,0.04926653028142422,0.023491796443802018,0.02358373887503662,1.9203156169187536,0.9741477103110634,16749,0.9811929070392262,0.9899695504209206,0.04819203533742958,0.04574234019322042,0.05618077604744437,0.10474816427680285,0.1746280711205214,0.16828947620187848,0.1842252953577337,3.4009629774961114,0.8470953489760583,16749,0.9821481879515195,0.9890142695086274,0.17501533533996091,0.16937597398375875,0.18276156745146804,0.22517549969551687,0.05707298694813878,0.03149582085275177,0.031210991202620608,1.9404047539050406,0.9747447608812466,16749,0.9811332019822079,0.9900889605349573,0.05737527784583224,0.05507120943021085,0.05724113610811652,0.11200967571411498
08_002850_002870_s5,08,2,-2,16059,27.3665,32.367713763582884,27.000234107448637,33.214920316011245,0.19377970696896457,0.19412639524403774,0.21578299789715905,3.4951856562790233,0.5773086742636527,16059,0.9873591132698175,0.9936484214459181,0.18445880940484216,0.20002380709724693,0.20006958041911882,0.25736566651254783,0.06315991090078467,0.0524184647736026,0.05344805124539498,1.992956904728677,0.9792639641322622,16059,0.9920293916184071,0.9948315586275609,0.046164060950652654,0.07224505034269703,0.07943883663464402,0.15477566869333373,0.2044611461062326,0.20488357475662883,0.22925122526915942,3.6371331709765724,0.4384457313655894,16059,0.9860514353322125,0.993586151067937,0.1953462916957759,0.21056711989222202,0.2105924214028064,0.2673048851555627,0.05160388152087419,0.03633027241046317,0.0366588670508321,1.8987250197856522,0.9815679681175665,16059,0.9921539323743696,0.9952051808954481,0.03208347792399868,0.05939923223814425,0.07485157662547644,0.16145252017053494
08_002850_002870_s5,08,3,-1,14635,27.3665,32.367713763582884,27.000234107448637,33.214920316011245,0.1882984086022088,0.18645433381088827,0.20630593466483083,3.4837363541048396,0.7515544926545952,14635,0.9863341305090536,0.9909121967885207,0.20518508801872215,0.1798875995031137,0.16375652268134422,0.3202285610417933,0.06996390214734095,0.04511532503650273,0.045805593496743846,2.488241409924579,0.9734882131875641,14635,0.9895456098394261,0.9920737956952511,0.07192728922314208,0.06243513040708599,0.08249100055920376,0.23231878164452985,0.1986890889002541,0.19731051809990915,0.21971302058095432,3.6044717737012806,0.5499829176631363,14635,0.984967543559959,0.9908438674410659,0.21538239569217693,0.19060017814957256,0.17352728268007056,0.3293264395728787,0.059920217072204254,0.02695493582794689,0.02724053831424178,2.4987645336133055,0.9732832251451998,14635,0.9890673044072429,0.9921421250427058,0.05720175407654242,0.05228243702741322,0.08493260427043943,0.24118661611938122
08_002850_002870_s5,08,4,0,14975,27.3665,32.367713763582884,27.000234107448637,33.214920316011245,0.18268729153295513,0.19448885345458988,0.21612611332108989,3.353005860625542,0.582237061769616,14975,0.9918530884808013,0.9941903171953256,0.20085799987953631,0.16928671152023755,0.16048718254620603,0.700325693533229,0.06713904629360108,0.05737995192190948,0.05854471377573223,2.4913082696028614,0.9814357262103506,14975,0.9936560934891486,0.9963272120200334,0.05920161597297082,0.061684044765208924,0.1032299669061936,0.6455603685521839,0.19317684719884934,0.2052261423809068,0.22950027457262978,3.4608770618090756,0.43786310517529214,14975,0.9913856427378965,0.9941235392320534,0.21155350196966116,0.1797185290323043,0.1706647386700705,0.7043364540372307,0.0567567996120162,0.03923248070287784,0.03988507036881295,2.5052903460777585,0.9790317195325543,14975,0.9935225375626043,0.9965275459098497,0.03770816042968668,0.056206229408934306,0.11174316292931631,0.6362831121974045
08_002875_002895_s5,08,0,-4,14054,27.3665,38.80458437320605,30.824391795602605,37.4043001643264,0.28812248983059235,0.28580109756097566,0.3365828417884481,5.359446542353115,0.06845026327024335,14054,0.9443574782979934,0.9780845310943503,0.29633347128444604,0.2648683364956699,0.28874681799457697,0.8043554531837601,0.06428763870674582,0.029133411289779573,0.02896971016393657,3.9062788451301924,0.9552440586309947,14054,0.9784403016934681,0.9822826241639391,0.027646372917047912,0.08640466169073696,0.12287626386228478,0.7225839868419988,0.20026323453508788,0.1957170913563647,0.2177233020717424,4.584172602882169,0.5633271666429486,14054,0.9740287462644087,0.9810018500071154,0.20811179796222234,0.1769928256861892,0.199059024622091,0.7796348029986704,0.06624227858689025,0.036702314306661744,0.037211637815390164,3.879958828769497,0.9634267824107016,14054,0.9780845310943503,0.982140315924292,0.044208120894237965,0.07148909627421306,0.10869040058578879,0.7325946922467892
08_002875_002895_s5,08,1,-3,13362,27.3665,38.80458437320605,30.824391795602605,37.4043001643264,0.2624967876273767,0.26527942299391105,0.30814598801345117,3.9024587997483637,0.11697350696003592,13362,0.9680437060320312,0.9867534800179614,0.2747316037979699,0.24767634955507362,0.2450906115539151,0.4301996439819805,0.0834856768269904,0.04653126874800988,0.045576139189503095,2.6422530583401893,0.9305493189642269,13362,0.9795689268073642,0.9861547672504116,0.04658810992982999,0.12548049417658744,0.12684451696196866,0.3979504897686055,0.17611126187269002,0.172697540439261,0.18952467853108168,2.9704395920016315,0.8009280047897022,13362,0.9839844334680437,0.9865289627301302,0.18484564474192097,0.16897796298842951,0.15424992378510372,0.3582025681335471,0.06391899759097115,0.02367662354770576,0.023649460961362112,2.4491677287596176,0.9479119892231702,13362,0.9802424786708577,0.986304445442299,0.03316308453039047,0.09661716947071376,0.10452669128172183,0.3814675546614225
08_002875_002895_s5,08,2,-2,12702,27.3665,38.80458437320605,30.824391795602605,37.4043001643264,0.2725828149288654,0.27799204027714763,0.32563621753471117,4.596020959871476,0.13021571406077784,12702,0.9264682727129586,0.9786647772004409,0.278939043169113,0.2728088760085373,0.2505676036919902,0.40657544342448537,0.08922299600996259,0.03948013820366088,0.03912077040579476,3.0690232010418694,0.911037631868997,12702,0.9733112895606991,0.9796882380727444,0.04754652164681605,0.1160893882358233,0.1504950156468856,0.22100375658559163,0.18808197491667347,0.18718101101115403,0.20717383782908816,3.652532048359235,0.6979215871516297,12702,0.9767753109746496,0.9798456935915604,0.19255264247830323,0.19127271611896027,0.1653863093776134,0.33159333371036087,0.08097888827168251,0.03524923589815265,0.0354066637064443,2.9478912039188696,0.9312706660368446,12702,0.9745709337112266,0.9801606046291923,0.05015990245275034,0.09941349467821052,0.12823779994824555,0.20636846877964568
08_002875_002895_s5,08,3,-1,15024,27.3665,38.80458437320605,30.824391795602605,37.4043001643264,0.2340611247057665,0.24246933266135084,0.277628123742955,3.902656667936093,0.2299653887113951,15024,0.9367678381256656,0.9910809371671991,0.24307172601043417,0.2198506065621946,0.2494801743168929,0.3756103234151622,0.11695602396003077,0.08279027184315561,0.07966210249095118,2.6321589957523424,0.8987619808306709,15024,0.9885516506922257,0.9947417465388712,0.08967299907521732,0.1320797095056502,0.16058448016608323,0.2783449866850505,0.1475972766167471,0.14732214259867082,0.15930717337280287,2.8990843087545413,0.9114084132055378,15024,0.9884185303514377,0.9932108626198083,0.1532551442278074,0.13294339074803335,0.1783028519891628,0.29671561857816536,0.08446822628031225,0.04597223136157076,0.04508841132814734,2.397124380950644,0.9201277955271565,15024,0.9887513312034079,0.9946086261980831,0.05361085890474173,0.09969837965685123,0.14183771619327434,0.2584592490777299
08_002875_002895_s5,08,4,0,15434,27.3665,38.80458437320605,30.824391795602605,37.4043001643264,0.21987751380756237,0.22376001451133914,0.253187180161236,3.8459389425477224,0.35110794350136065,15434,0.9373461189581443,0.9869120124400674,0.22582577430084358,0.20121573318963085,0.27799375105146257,0.32549122630017396,0.13752759813796844,0.11270013570147835,0.10721189784193164,2.7744736316581164,0.8735907736166905,15434,0.9919657898146949,0.998639367629908,0.09863036355936658,0.16134973953777032,0.16601312410733768,0.22526031222708867,0.13138812732104627,0.12671920298963835,0.13501768611173381,2.906928428704284,0.9160943371776598,15434,0.9680575353116496,0.993650382272904,0.13193923419974726,0.1174179187254462,0.1876412101044865,0.24026372718122915,0.10282687372360129,0.07558015612735407,0.07311323327439956,2.535457173182124,0.8986004924193339,15434,0.9910587015679668,0.9974083192950628,0.059292011491639374,0.12671605802398792,0.1466039838356277,0.20801291721442747
08_002900_002920_s5,08,0,-4,16142,27.3665,30.160897767156552,28.20897329029512,31.81525039987935,0.13134150192689514,0.12266001335371518,0.13080372530925544,3.801144227274643,0.9139511832486681,16142,0.971379011274935,0.9875480113988353,0.12209833383917636,0.1363136418419075,0.14131670962258322,0.3434680167711078,0.06936962542577835,0.047944618947448225,0.048585470235225636,3.4011489914777573,0.9518647007805724,16142,0.98438855160451,0.9889109156238385,0.06150572735841785,0.07387578450260283,0.0716326639521161,0.29034441015442786,0.10769207971151575,0.09616364416230619,0.10094676754729393,3.6432827907084473,0.9319786891339363,16142,0.9736092181885764,0.9877338619749721,0.09922534746418929,0.11142470536729919,0.11609674402363498,0.32575391033111867,0.0682882007066319,0.03781519378673795,0.03751344483372154,3.351812530511717,0.9549622103828522,16142,0.9852558542931483,0.9907694213852063,0.057144134188705314,0.07830362557834072,0.07436400363277126,0.2792741404960252
08_002900_002920_s5,08,1,-3,12948,27.3665,30.160897767156552,28.20897329029512,31.81525039987935,0.15201987282500345,0.12848883662959848,0.1375238548297225,3.53223084776051,0.9158171146122953,12948,0.955205437133148,0.9655545257954896,0.1330866917692389,0.15941750314623332,0.19572984290423823,0.22787558929711813,0.07656210338419799,0.04316748260066749,0.04391347803961598,2.9545545854283684,0.9398362681495211,12948,0.9586808773555762,0.9668674698795181,0.05908872680472787,0.07875534078542881,0.13103007329858635,0.17323314391065261,0.1272214355321695,0.10190240065464506,0.1073878967357148,3.3180185373303086,0.9291782514674081,12948,0.9553599011430337,0.9657089898053753,0.1084876112252448,0.13411863212892686,0.17175611680945535,0.20476465052402884,0.06764918880233635,0.031672464446510444,0.03141768642184961,2.8323367549919007,0.9437751004016064,12948,0.9609206054989188,0.9681804139635465,0.05692864483919036,0.06074939135716066,0.12670607765778233,0.16604086605523907
08_002900_002920_s5,08,2,-2,14237,27.3665,30.160897767156552,28.20897329029512,31.81525039987935,0.13813808921316187,0.12101050088939204,0.12894491269600428,2.6328557960300296,0.9412797639952237,14237,0.9688838940788087,0.9735197021844489,0.13468098835422687,0.13844153732036982,0.15369008390801545,0.19057227040066413,0.06329076846888008,0.03619543959369365,0.03673301758420089,2.166182821900074,0.9554681463791529,14237,0.970148205380347,0.9759780852707733,0.05019734124439721,0.07270763288450752,0.09302985381504766,0.14963719861787864,0.11383352512967021,0.09486855329846292,0.09951192974865597,2.44209687084916,0.9488656318044532,14237,0.9691648521458173,0.9748542530027393,0.10884760211546154,0.1161334131015635,0.12938471148745995,0.16883494692546386,0.06111977971279821,0.03308690414521042,0.032866342806227244,2.162706759788442,0.9533609608765892,14237,0.9703589239306034,0.9775935941560722,0.0402845982449789,0.07956091416448564,0.09603882386921175,0.1547907620601959
08_002900_002920_s5,08,3,-1,13820,27.3665,30.160897767156552,28.20897329029512,31.81525039987935,0.135718086698958,0.11795156294756898,0.1254252814994301,4.200040340013035,0.9331403762662808,13820,0.9552821997105644,0.9677279305354559,0.11790333251528777,0.1323576727064656,0.2036764657634075,0.34254519541628364,0.07362984587271416,0.03704947214183363,0.03755272445172109,3.8175869511711293,0.9376266280752532,13820,0.959479015918958,0.9756150506512301,0.05474184346438115,0.07339347738265091,0.14023675551125914,0.27638050837253963,0.11402935272097398,0.09161273528557282,0.09580433423601242,4.050716272779247,0.9370477568740955,13820,0.9563675832127352,0.9696816208393633,0.09662134786317234,0.1107477330722592,0.1799620383103765,0.3223055552563079,0.0773388042372231,0.03311851458301815,0.03271510773470765,3.7596728841806213,0.932561505065123,13820,0.9596960926193921,0.9778581765557164,0.055197711234159036,0.08897662943197956,0.1360657127767646,0.25376199940161326
08_002900_002920_s5,08,4,0,12331,27.3665,30.160897767156552,28.20897329029512,31.81525039987935,0.1535811397732478,0.11905228421919105,0.1266620040801889,5.135131311925622,0.8777065931392426,12331,0.9329332576433379,0.9694266482848106,0.13723105557178414,0.12034027936732768,0.24987815479248338,0.3848368572657349,0.08205772120754296,0.0347233876705033,0.03515410147197029,4.641425945703523,0.9022788095045009,12331,0.9462330711215635,0.9729948909253102,0.0625457611447466,0.05101104141196495,0.18109326602679413,0.32948623560181595,0.1293137910897829,0.09204769212095062,0.09654962959378333,4.954110489872243,0.8919795637012408,12331,0.9369880788257238,0.9709674803341173,0.1132480931707164,0.09485472698821412,0.22687085815851457,0.365899159097258,0.082600392301093,0.036625606933646165,0.03611032686199689,4.510705115957453,0.9136323088151812,12331,0.9545860027572785,0.9755899764820372,0.058953450556771064,0.06365444238031964,0.16844378765428716,0.31850496304534415
08_002925_002945_s5,08,0,-4,14535,27.3665,33.77384365955309,27.619097435503694,36.090464507567425,0.21087309332579118,0.20473493048501784,0.22907561777763208,4.361178735374019,0.4243550051599587,14535,0.9901616787065703,0.9967664258685931,0.20865701598118003,0.19723586700918652,0.24214049323618633,0.23554101936204186,0.05153359601574878,0.02898066913895288,0.029305334166113806,1.8738552529863373,0.9830065359477124,14535,0.9944272445820433,0.9966976264189886,0.04742765669737073,0.041740726122127356,0.0755703645634451,0.088500543263766,0.20375832511705674,0.19740064403252994,0.2198877859006898,4.242497636113897,0.5398692810457516,14535,0.9909872721018231,0.9968352253181975,0.20163530891292678,0.1900053072687149,0.23515229697775164,0.2284849333423858,0.07227185551803018,0.05344907695875912,0.0523549529995333,1.7972264049756301,0.9828001375988992,14535,0.994358445132439,0.9965600275197798,0.0908983069223116,0.0690484956631388,0.05257371837008977,0.086428838297775
08_002925_002945_s5,08,1,-3,16549,27.3665,33.77384365955309,27.619097435503694,36.090464507567425,0.19933165821332405,0.20674529043891962,0.23159878409471846,3.6010669133080278,0.41301589219892443,16549,0.9965556831228473,0.9992144540455616,0.19116055875509022,0.20172028467448852,0.21390344073244202,0.21193795331128215,0.04505020340509727,0.0347645942253096,0.03499674213478454,1.4351109045747683,0.988700223578464,16549,0.9989727475980422,0.9996978669406006,0.04141420730339788,0.03986725363410186,0.05943392381173206,0.10233256667665866,0.19210114701239397,0.1994234149584469,0.22241807130950253,3.4919119278245025,0.5106048703849175,16549,0.9965556831228473,0.9992748806574415,0.18400445800936474,0.19435835356627396,0.20674521314249836,0.20466400698963477,0.06547558907580751,0.04852667880872157,0.04751098359596018,1.6093796484299376,0.981630309988519,16549,0.9993353072693214,0.9998187201643604,0.07049750788073633,0.057701307605538196,0.06376267722146241,0.11914628497597383
08_002925_002945_s5,08,2,-2,16273,27.3665,33.77384365955309,27.619097435503694,36.090464507567425,0.21890317509145124,0.22359607892953928,0.25308237737744244,4.048634085887469,0.20979536655810238,16273,0.9958212990843729,0.9995083881275733,0.21676897098408096,0.2181596095373574,0.22360691004456096,0.2354764049122046,0.057866219672968455,0.048416270532076554,0.04950923271814034,1.733453062498678,0.9948380753395194,16273,0.9992625821913599,0.9997541940637866,0.05547953441127003,0.050917550643613335,0.07101004638713634,0.1413023451024274,0.21170615576087662,0.2164310613090211,0.24389454550050016,3.937319548348633,0.2595710686413077,16273,0.996374362440853,0.9995698396116266,0.20953961577474323,0.2109655930695617,0.216459140192761,0.22841972249022,0.04883698235235199,0.031914619675843435,0.03161071631885459,1.6912886628273847,0.9930559823019726,16273,0.9995083881275733,0.9997541940637866,0.04404402517675265,0.04131513220196886,0.06734614991453226,0.14362601324317362
08_002925_002945_s5,08,3,-1,15803,27.3665,33.77384365955309,27.619097435503694,36.090464507567425,0.21344274129257695,0.21790464521832728,0.24576136549783145,4.380301234430595,0.36100740365753337,15803,0.9936088084540909,0.9994304878820477,0.20608722805820234,0.21178202480020777,0.22182195825380632,0.2741249107122128,0.052346653391498056,0.045792646439521224,0.04630585985793845,1.9953197125376332,0.9915205973549326,15803,0.9992406505093969,0.9996836043789153,0.035817827181760874,0.045012855555315534,0.08504921893786159,0.13144157970873643,0.20619872674380726,0.21068577247474649,0.23658377563979638,4.263293667895498,0.4221350376510789,15803,0.9946845535657787,0.9994304878820477,0.19875927855036868,0.20452595209610286,0.21467674885261634,0.26742496055234166,0.05618405683317024,0.04499699021586874,0.04434187339378326,1.959132479355175,0.993545529329874,15803,0.99917737138518,0.9997468835031323,0.04789115984748837,0.04600693911567191,0.08272081911244941,0.12180341423815197
08_002925_002945_s5,08,4,0,15544,27.3665,33.77384365955309,27.619097435503694,36.090464507567425,0.2289403469434479,0.22249009974807246,0.2516559191153289,5.226816303499347,0.2067035512094699,15544,0.978448275862069,0.9974266598044261,0.2192326559890262,0.21653661691379958,0.253342336200136,0.36125708206988727,0.056409222994022526,0.04274716371906221,0.0435901836365451,2.725319516957248,0.972143592382913,15544,0.9965259907359753,0.9992923314462172,0.036570117114233476,0.04318398751747336,0.09321122234243354,0.22206011899899858,0.221862706722932,0.21531394240936136,0.24246808723838664,5.113659104808963,0.2983787956767885,15544,0.9810216160576428,0.9975553268142049,0.2120260410100481,0.2093500280817685,0.2465013365698971,0.3556727180796466,0.049284621809546736,0.03780820991191339,0.03742012926258531,2.2916225134635293,0.9862326299536799,15544,0.9971049922799794,0.9991636644364384,0.030398413033119142,0.04579755564510454,0.06881216532830575,0.1736643505107525
08_002950_002970_s5,08,0,-4,15242,27.3665,27.28768455099363,23.02984035326087,27.507843574925555,0.03203795177962304,0.023663505357802653,0.02370517878553846,1.4708731205168546,0.9933079648340113,15242,0.9956698595984779,0.9971788479202205,0.02986410127245926,0.025558744826442163,0.054444480110506926,0.08016674710758191,0.032621707326152535,0.023950437196038434,0.02404749808914053,1.4753021987727344,0.9933079648340113,15242,0.9956698595984779,0.9971788479202205,0.03192415758330045,0.024987313061604354,0.05494644268016644,0.07916628152675072,0.16905756676723105,0.16675179880517677,0.18239430503589937,2.9135646982695635,0.8792809342605957,15242,0.9955386432226742,0.9965227660412019,0.17966840183016586,0.15656646616803624,0.17999781790991978,0.17630020144110986,0.031450575152108876,0.023643614259814833,0.023607545562813637,1.4661229703182757,0.993439181209815,15242,0.9956698595984779,0.9971788479202205,0.02655022216147323,0.027145732665274633,0.05390027365444697,0.08213024726668175
08_002950_002970_s5,08,1,-3,14610,27.3665,27.28768455099363,23.02984035326087,27.507843574925555,0.03672289040244593,0.0248844042496981,0.024747444853902345,1.5810841803927287,0.9898699520876112,14610,0.9956194387405887,0.9982203969883642,0.026541399645940107,0.039780937029638995,0.05569384630511843,0.09949771244837002,0.03592046271466804,0.023823105871071244,0.02374551431182459,1.5746554813338856,0.9900752908966461,14610,0.995687885010267,0.9982203969883642,0.026192149240862876,0.0385094693734138,0.05463848579746356,0.09805392597030299,0.15040790122937445,0.14843663864759502,0.1606434699869932,2.70757251171944,0.9355920602327173,14610,0.9964407939767282,0.9973990417522245,0.15136996363618963,0.14831208629474263,0.151020166881531,0.17624785294107428,0.038635224745268565,0.027015916472916443,0.026847165751592295,1.5956917926575325,0.9893223819301848,14610,0.9955509924709104,0.9981519507186858,0.027878199948055373,0.042323305391348744,0.057848864329101295,0.10243926057136328
08_002950_002970_s5,08,2,-2,13803,27.3665,27.28768455099363,23.02984035326087,27.507843574925555,0.049313363858271,0.019323031069364126,0.019338663908084364,2.8186228632840455,0.9694993841918423,13803,0.9821053394189669,0.99058175758893,0.04101344521251804,0.031372043224382425,0.09659402577049818,0.2181857333268726,0.04926748954535333,0.01947411658709221,0.019538475365012964,2.8155835351719123,0.9698616242845758,13803,0.9823226834746069,0.99058175758893,0.041297623956392714,0.03144923893195319,0.09537892325647361,0.21842136576648355,0.1621202772664909,0.1590760107818975,0.17314109287818846,3.599980134313399,0.9228428602477722,13803,0.987756284865609,0.9900021734405564,0.1649594510176305,0.15934559892089242,0.15084919944472244,0.30155255447532103,0.04999093201752811,0.01931238543449441,0.019252939402896407,2.825842240417353,0.9689198000434688,13803,0.9819604433818735,0.9906542056074766,0.0412447180459975,0.03183864578216178,0.09898090895627785,0.21783792550157235
08_002950_002970_s5,08,3,-1,13080,27.3665,27.28768455099363,23.02984035326087,27.507843574925555,0.05363472586474337,0.023662002652519915,0.023568439565377797,2.848338197174773,0.9660550458715597,13080,0.9870030581039755,0.9893730886850153,0.03857750441095263,0.0446739523404641,0.10144354056224161,0.28578851078404394,0.0530870298896119,0.022953656679209303,0.022840138614185324,2.8452590097177466,0.9675076452599388,13080,0.9870030581039755,0.9892966360856269,0.03799511245864018,0.0444043157420822,0.10040495002494645,0.2851889186344582,0.1641652790232593,0.1525083259356732,0.1654666237495227,3.6024859973024617,0.8924311926605505,13080,0.984480122324159,0.9884556574923548,0.169926907178002,0.1618388083683085,0.14532443927906555,0.35344751423349746,0.05499993442556737,0.025801732503707958,0.025665990270510974,2.855572642658872,0.963914373088685,13080,0.9869266055045871,0.9894495412844037,0.04002880479386347,0.045628872605685045,0.10345586723531426,0.2869135540216812
08_002950_002970_s5,08,4,0,13072,27.3665,27.28768455099363,23.02984035326087,27.507843574925555,0.06809491629661382,0.025850899282853883,0.02575027113818551,3.1041267503382386,0.9202876376988984,13072,0.9778151774785802,0.9857711138310894,0.043342732093710104,0.07249426780385687,0.11266040157110604,0.3463987651349212,0.06733624428406815,0.025439837464513115,0.02537862594297302,3.09832603079805,0.9225061199510404,13072,0.9778151774785802,0.9857711138310894,0.04280695268563171,0.07161265168893449,0.11156937989625577,0.3460272239825229,0.16012839434142798,0.15022089854184756,0.16242572684016554,3.6388137169049375,0.8992503059975521,13072,0.9662637698898409,0.983093635250918,0.16020559547784727,0.15204185656530417,0.16967387085417118,0.3913969172962015,0.06988162113332802,0.027718340998492193,0.02752884329449734,3.1160130664745176,0.918375152998776,13072,0.9776621787025703,0.9856946144430845,0.04494812404665316,0.07436310764979236,0.11482118850631613,0.3470650679394346
08_002975_002995_s5,08,0,-4,12514,27.3665,26.20829825405547,21.545009300595243,25.62888984722831,0.0955844318333663,0.060320424963634225,0.05888976596794526,3.293463679977463,0.9271216237813649,12514,0.976506312929519,0.9879335144638005,0.07126320072133042,0.11256743100716728,0.12448742923735352,0.4301305186600354,0.06839042000300441,0.02732568325521416,0.02719770462914095,3.1656608367326506,0.9273613552820841,12514,0.9769058654307176,0.9881732459645197,0.04491304035335936,0.08304554641621825,0.09873848880457574,0.41552565962466204,0.18337717829480762,0.17182671486640166,0.18802791170425137,3.9191482880663164,0.8073357839220073,12514,0.9647594693942784,0.989291992967876,0.18540404991301193,0.171939659730968,0.18930719331942233,0.4161877423136317,0.06773579683309917,0.02778124992735113,0.027813356346203855,3.1511398201146634,0.9263225187789675,12514,0.9776250599328752,0.9884928879654786,0.05089017573351924,0.07494469317580973,0.09196118027679603,0.40914783197546634
08_002975_002995_s5,08,1,-3,12195,27.3665,26.20829825405547,21.545009300595243,25.62888984722831,0.12807220272223954,0.09240761316872421,0.08853413294456436,3.413915411170972,0.9357113571135711,12195,0.9674456744567446,0.9775317753177531,0.12578859325893743,0.10581248852105918,0.19082822488530965,0.4593578587126529,0.0905505592405544,0.04829188080669618,0.04736091848006874,3.2299352019287957,0.9432554325543255,12195,0.9667076670766708,0.977449774497745,0.08619161375764679,0.06974891293785711,0.1582873313190776,0.44461940143490064,0.16993055090146403,0.1441439154521428,0.155600089599073,3.666354402483376,0.8860188601886019,12195,0.9580155801558016,0.9751537515375154,0.17630878813885323,0.15583636083432348,0.17046822990912514,0.40861083481492577,0.07698074110036321,0.031371894134419064,0.031228370596231958,3.1804284148094752,0.9431734317343173,12195,0.9657236572365724,0.9772037720377204,0.07282642302786092,0.05544639099504404,0.14560535906343794,0.43724625933742556
08_002975_002995_s5,08,2,-2,12935,27.3665,26.20829825405547,21.545009300595243,25.62888984722831,0.12033129297013884,0.0860678183685446,0.08263068835214238,3.133752452104706,0.9448009277155006,12935,0.979126401236954,0.9877850792423657,0.12449660757672804,0.10107693814107858,0.18484234643909936,0.46064560002898686,0.07916983937655611,0.041880120212784075,0.04108759661383887,2.9073484558333367,0.949980672593738,12935,0.9812137611132586,0.9880170081175106,0.0801240522873589,0.061450427054492725,0.14806381228501694,0.45352122319484833,0.15662317549559862,0.1484603392782496,0.16061740822207127,3.399241991455212,0.9275608813297256,12935,0.9758020873598763,0.9874758407421724,0.17004572047458108,0.14393541773157753,0.1463533104245519,0.4759230218724037,0.06299628023670047,0.02459375086242,0.02453128175315289,2.8438924303696176,0.9506764592191728,12935,0.9816776188635485,0.9880170081175106,0.06277118351867646,0.04627320370644118,0.13121169416564482,0.4499739548215836
08_002975_002995_s5,08,3,-1,13115,27.3665,26.20829825405547,21.545009300595243,25.62888984722831,0.10605526509771468,0.08956167367788463,0.08600049696380285,3.5058152388173403,0.9635531833778117,13115,0.9910026686999619,0.9936713686618376,0.08036224555114138,0.11313514261191492,0.12679687619878435,0.6227269636079306,0.06592012418486844,0.04747415605017764,0.0465255750229745,3.347742000045175,0.9774304231795654,13115,0.9906976744186047,0.9932901258101411,0.03651350989123829,0.07220791839000888,0.1029498265871288,0.6275259880069548,0.14402506879862112,0.1441795380395091,0.1556827762288937,3.835849862223418,0.9319100266869996,13115,0.987800228745711,0.9913076629813191,0.15164521571920395,0.13011758790927683,0.15834237299340695,0.6491790035846922,0.05111136912549104,0.03065413693653329,0.030474252998379026,3.310168025837401,0.9824628288219596,13115,0.990773922988944,0.9928326343881052,0.022893743553153312,0.054914004225766894,0.09705356619346604,0.629929942848612
08_002975_002995_s5,08,4,0,14369,27.3665,26.20829825405547,21.545009300595243,25.62888984722831,0.12142265511935402,0.09549434451219496,0.09148991613027935,3.5069465704785716,0.9527454937713132,14369,0.9846892616048437,0.9878210035493076,0.0974588900778344,0.1401282105745834,0.17358814821749424,0.6648755492814182,0.07958209225583045,0.052123927774878565,0.0510275558016926,3.2925638738246397,0.9677778551047393,14369,0.9847588558702763,0.9882385691419027,0.05413802476178618,0.09836967511588465,0.13773380486247008,0.6677728114454663,0.1403782314010353,0.14000493752502338,0.150813820084299,3.4750249702175324,0.9381306980304823,14369,0.9848284501357089,0.9894912659196882,0.1460378730594069,0.11870334405236853,0.1402507217734553,0.6794381112882545,0.06379376974424542,0.034856754745074374,0.03447234934989751,3.2210556522304126,0.9733453963393416,14369,0.9846196673394112,0.9883777576727678,0.03992976320362862,0.07947715270807608,0.12110196440597124,0.6692222118288709
08_003000_003020_s5,08,0,-4,13678,27.3665,27.72258275773402,22.51633978001165,28.472278883139964,0.08909780126531,0.04925003412662486,0.0501019894034207,3.5480328150086273,0.9429010089194326,13678,0.9594970024857435,0.9640298289223571,0.06995189754841998,0.09252758053053506,0.17027638336607565,0.42211758435270286,0.08350156135520213,0.043462283423919036,0.0438104140611576,3.547294331048971,0.9448749817224741,13678,0.9597163327971926,0.9642491592338062,0.06261424406618679,0.0861289724181049,0.17458442408604505,0.4254414170399421,0.23052156667948323,0.21186399335953238,0.23806842246076287,4.313204781115189,0.35823950870010235,13678,0.9503582395087001,0.9634449480918262,0.2216343136749142,0.2460021711327994,0.24168920762464954,0.41325694203477803,0.07797094427252846,0.03651031638076649,0.03656725231892344,3.573150162257791,0.9445825413072086,13678,0.9597894429010089,0.9640298289223571,0.05205272594782855,0.0842395167123964,0.18681168020564312,0.432439409593634
08_003000_003020_s5,08,1,-3,14082,27.3665,27.72258275773402,22.51633978001165,28.472278883139964,0.10632432716805643,0.05473044835906836,0.05577672299281833,3.0057218014787783,0.9181934384320409,14082,0.9581025422525209,0.9691805141315154,0.12691955556752996,0.09217264644497083,0.08551999894108493,0.5896434691525174,0.10190001939218372,0.04761976399146017,0.04828041844485198,3.0160195058969945,0.9177673625905411,14082,0.9588836812952706,0.9692515267717654,0.11863839889626507,0.08678362948089936,0.09168808191214389,0.5843040620248855,0.23179146342459847,0.2097151998756895,0.23530315891508646,4.011509453031956,0.4021445817355489,14082,0.9416986223547792,0.9663400085215168,0.2550379081239593,0.2340405010014905,0.17017352553084844,0.6623708885130087,0.09925205986810962,0.03934783514430844,0.039758136113744014,3.079995010113371,0.9138616673767931,14082,0.95987785825877,0.9691095014912654,0.10722790770739465,0.08409615152251688,0.10850938020704422,0.5730624819466372
08_003000_003020_s5,08,2,-2,15392,27.3665,27.72258275773402,22.51633978001165,28.472278883139964,0.05695922373193071,0.042097809770742387,0.042806319600509846,1.674295877548782,0.9825233887733887,15392,0.9942827442827443,0.9972713097713097,0.04294178015481774,0.05890892952519434,0.0845144856715381,0.2531593584984409,0.05206858388951199,0.03395390958900529,0.03435949810566341,1.713610555901361,0.9825233887733887,15392,0.9940878378378378,0.9975961538461539,0.03305132237318952,0.054388095696442845,0.09177477852392268,0.2493474632159588,0.19697473363923282,0.20217693692872113,0.225804345374212,2.8679742360255753,0.4726481288981289,15392,0.992983367983368,0.995777027027027,0.20657720044208985,0.20590550908864258,0.14009416334336397,0.35341514288136916,0.051345310242690546,0.02930968806902228,0.02914784326192943,1.8586165073822534,0.9794048856548857,15392,0.9939579002079002,0.9975961538461539,0.02352088348589268,0.0545598704440983,0.11172712329126802,0.24814717719591825
08_003000_003020_s5,08,3,-1,15791,27.3665,27.72258275773402,22.51633978001165,28.472278883139964,0.07527121515365529,0.05378443233944965,0.05459792721709755,2.4867564913175526,0.9649167247166107,15791,0.9875878665062378,0.9934772971946045,0.06743734783330523,0.06970116101917348,0.12823209633809526,0.21631425063136203,0.0710149439262573,0.04715875336080228,0.04778876592684389,2.5183381555148996,0.965296687986828,15791,0.9880944841998607,0.9934772971946045,0.05779809036302817,0.06969953223285698,0.13836296847006455,0.20877265662869182,0.20318449371233535,0.20799396005016826,0.23300798536178102,3.24368679454339,0.4197327591666139,15791,0.9840415426508771,0.9901209549743525,0.22055695212722734,0.19169645545624364,0.14634192694277165,0.3368966938309869,0.06821527531776397,0.04004013857303324,0.040020710633242196,2.6244833452723086,0.9639034893293649,15791,0.9864479766955861,0.9936039516180103,0.044188770567532086,0.07652163672084393,0.1613030656449311,0.193596524601964
08_003000_003020_s5,08,4,0,15478,27.3665,27.72258275773402,22.51633978001165,28.472278883139964,0.08284680187919663,0.06797036339551749,0.06873322505181967,1.8351074214456806,0.9642718697506137,15478,0.9930869621398113,0.9962527458327949,0.07617260149724751,0.07618391220739397,0.17611209623077667,0.16049097746475824,0.0807695708556675,0.0641449735369376,0.06466727242455161,1.90761776165542,0.9629151053107636,15478,0.9934746091226256,0.996317353663264,0.06802411534111598,0.08425123199135358,0.1897079717712704,0.14956759713161588,0.1946078482402732,0.1966101749984663,0.21888054308295712,2.198763518924721,0.5289443080501357,15478,0.9818451996381962,0.993797648274971,0.2285092784516592,0.1425040671263279,0.08500684901890167,0.3092770211832364,0.08361504668097416,0.05869149000862468,0.05936858733670913,2.0928208430967286,0.9539346168755654,15478,0.9934746091226256,0.9966403928156092,0.05970965261521801,0.1064835962258485,0.21838987520551162,0.12656952790690673
08_003025_003045_s5,08,0,-4,16984,27.3665,30.519728110911014,25.118531361408195,31.453013044714215,0.09553022177710437,0.08712174247871203,0.09100662934093995,3.158643616668569,0.9573716439001413,16984,0.9890485162505888,0.992522373999058,0.08241468495545315,0.084798384647266,0.13169346322168127,0.2510024915387006,0.059123192157462534,0.03962598844332556,0.03932180367727944,2.4886339162485993,0.9756241168158266,16984,0.9894017899199247,0.9929934055581724,0.04644644076165337,0.06568884787940547,0.0666634603211096,0.17421425444671026,0.16519034930236823,0.16063640051864705,0.17504520334603435,4.041941651887223,0.8334314649081489,16984,0.9876943005181347,0.9929345266132831,0.15382060136078665,0.15315724694899455,0.2003420461202809,0.3125274548845577,0.07630636041198671,0.05975493904698351,0.058337980430276604,2.494781682672949,0.974152143193594,16984,0.9894017899199247,0.9930522845030617,0.06656675591706655,0.08920686610777144,0.06836535273257273,0.15982810425851554
08_003025_003045_s5,08,1,-3,16825,27.3665,30.519728110911014,25.118531361408195,31.453013044714215,0.1050504646295883,0.0859178595773688,0.08972489066330969,2.761552579177669,0.9286775631500743,16825,0.9878751857355126,0.9931649331352155,0.09920419471857142,0.08038522687993246,0.13828047982928868,0.2955907745467622,0.05952307243606243,0.03351542104211907,0.033196231739414994,2.056812170618986,0.9718276374442794,16825,0.9828826151560178,0.9932243684992571,0.05997215966438628,0.04216657383587154,0.07401570879780457,0.21442719969121962,0.17260101641772185,0.1603416640982262,0.1747484061333051,3.6950463624511625,0.8221693907875186,16825,0.9882317979197622,0.9926300148588411,0.16308892894098828,0.15399490569855145,0.20599676186244475,0.3534531189296252,0.07807639429306723,0.05872503082233822,0.05726140733914753,2.0876388407836903,0.9703417533432392,16825,0.9826448736998514,0.9929271916790491,0.08478054842968342,0.06703282756289757,0.07520200561918018,0.19056235996185308
08_003025_003045_s5,08,2,-2,16404,27.3665,30.519728110911014,25.118531361408195,31.453013044714215,0.1301579366068132,0.1258657474585769,0.1344900894325629,3.5789689108525957,0.9067910265788832,16404,0.9865276761765424,0.9964642770056084,0.11900175848922553,0.1220662219930328,0.14407002353225554,0.33128197572269513,0.05972001840913895,0.04236567407090438,0.04272408637452507,2.519052744023361,0.9711655693733235,16404,0.9926237503048037,0.998415020726652,0.04001509329532728,0.057317502310250054,0.07500136412028177,0.2542308192933354,0.19921622293607186,0.1974681599472247,0.2199806338025202,4.632490149522631,0.528895391367959,16404,0.9790295049987808,0.9945135332845647,0.18649921999125005,0.19317568265625523,0.21253571287698203,0.3862125348601973,0.05617532379666605,0.03384235319737361,0.03386981473728734,2.3880137167191404,0.9753718605218239,16404,0.9937820043891734,0.998415020726652,0.03701967386413949,0.055675243683416205,0.06882748130728089,0.23191233222423377
08_003025_003045_s5,08,3,-1,15765,27.3665,30.519728110911014,25.118531361408195,31.453013044714215,0.1397842983594094,0.14699111008659393,0.15888235765717518,3.069876871516704,0.8875991119568665,15765,0.9926419283222327,0.9974627339042182,0.1335074132921456,0.14346904559278795,0.13909205157223234,0.2442843655839813,0.07145118371033868,0.0593612359164266,0.060547380154586605,2.150576018119279,0.970440849984142,15765,0.9963843958135109,0.9976530288614018,0.058033914859062875,0.07654326904723152,0.07822373466842053,0.19063057338406894,0.20684410525241476,0.21643273966455226,0.2438962926310433,4.03405706208508,0.3847764034253092,15765,0.9847764034253093,0.99720900729464,0.20000079416119212,0.20988755552372057,0.20832392082207532,0.30636117649735056,0.06372127055177161,0.045521589862364695,0.045786038448439204,2.069140790032906,0.9772914684427529,15765,0.99720900729464,0.9977164605137964,0.04929895449691689,0.06583072069586567,0.07720659108296488,0.1932106300194327
08_003025_003045_s5,08,4,0,16286,27.3665,30.519728110911014,25.118531361408195,31.453013044714215,0.17239176908073284,0.17616831967065233,0.19359329542086323,3.3211391943074404,0.6493921159277908,16286,0.9769126857423553,0.99619304924475,0.1819624880693087,0.16911938967347698,0.1632520352193321,0.2646910423775281,0.09710377211104095,0.0895578616729326,0.09253448884014315,2.43164707457905,0.9510008596340415,16286,0.9893159769126857,0.9975439027385484,0.09064824476213777,0.09909747637595506,0.10028856026846993,0.25158715941817544,0.2386796138947395,0.24351048640148293,0.2790666075889472,4.196546465504991,0.2550657006017438,16286,0.9635269556674444,0.9926317082156454,0.2491586100436884,0.23426463360148567,0.23094050713296693,0.3234534079386292,0.08302520102963996,0.07311433021476335,0.07464272430492391,2.30644291636941,0.9597200049121946,16286,0.9926317082156454,0.9976053051700847,0.06695153006429015,0.08680011539310312,0.09718149552074953,0.2592806259054928
08_003050_003070_s5,08,0,-4,16871,27.3665,27.143608940664834,21.603348496835437,27.74108201691317,0.05406314303954831,0.028499681504796173,0.02839194544019108,2.0625689012670203,0.9671625866872148,16871,0.9952581352616917,0.9972734277754727,0.03508669683176136,0.06009448668768786,0.0814875209913215,0.21545510450157174,0.053451858602742125,0.028630930046772612,0.028813919469285576,2.0677573561809783,0.9669847667595282,16871,0.9950210420247763,0.9972734277754727,0.03658496481928898,0.05696128469361751,0.08377415698657141,0.2129598698147303,0.21089405590282634,0.20634648544435427,0.23108575056001213,3.7909084386380174,0.4084523738960346,16871,0.9755201232884831,0.9951988619524628,0.21834355960933508,0.19236201262492564,0.2508526643670875,0.32315349857287734,0.05769311276838426,0.03429677102477168,0.03389335743907296,2.0700734009162507,0.9674589532333591,16871,0.9955545018078359,0.9973327010847015,0.03646888581412631,0.06729574978996664,0.07898022187980168,0.2196484985500218
08_003050_003070_s5,08,1,-3,16663,27.3665,27.143608940664834,21.603348496835437,27.74108201691317,0.059093873750278185,0.031154007177033382,0.03085791041380581,1.6098073006588087,0.9681930024605413,16663,0.9940586929124408,0.9985596831302886,0.03975941962732929,0.07654643266388635,0.058951312477490754,0.16389141445793567,0.0557005548073807,0.02689059937125629,0.026685687628900112,1.5958464914693902,0.9698733721418712,16663,0.9941187061153454,0.9985596831302886,0.03471814046951793,0.07313347699337941,0.06024503890320116,0.1609648913462545,0.1898980984466475,0.1949932505314584,0.21685252509165664,3.308894812254993,0.5815279361459521,16663,0.9884174518394047,0.9983796435215747,0.18822010741196457,0.17841743464855683,0.22757562975781753,0.24504869606824015,0.06724042367700642,0.04047327506796966,0.040002264788020714,1.653293800623402,0.9651923423153094,16663,0.99417871931825,0.9985596831302886,0.05153433035182896,0.08412701177909811,0.05863175547400231,0.1695215490957472
08_003050_003070_s5,08,2,-2,15440,27.3665,27.143608940664834,21.603348496835437,27.74108201691317,0.0655653679372244,0.031071722745399193,0.031349795800186375,2.0349944521532404,0.9381476683937824,15440,0.9884067357512953,0.9954015544041451,0.05247632514310287,0.06849640164691176,0.08576829745722092,0.16598966688559194,0.06681048696468495,0.03435410640225278,0.034732443328283735,2.0456709768478905,0.9397668393782384,15440,0.9882124352331606,0.9954663212435233,0.052211017948925784,0.07102745082946717,0.08743833865467536,0.16171762465917502,0.21396400259135628,0.2177463269463799,0.24546396018011318,3.9041928305041886,0.3162564766839378,15440,0.9713082901554404,0.9930051813471502,0.1983051600472472,0.21525133746474795,0.2461480729492093,0.26863460040630927,0.06604429440869287,0.030322944617813825,0.030234176276070945,2.0341835936762958,0.9360751295336788,15440,0.9883419689119171,0.9957901554404145,0.056565070890350545,0.0662310012064072,0.08458211415757971,0.17335473364017268
08_003050_003070_s5,08,3,-1,15176,27.3665,27.143608940664834,21.603348496835437,27.74108201691317,0.07406509366444428,0.0371118100395502,0.03685875640433944,2.093914540891266,0.9071560358460727,15176,0.9874143384290985,0.9947285187137586,0.07056769015308145,0.05988928419040262,0.12148665084265159,0.2021611191809851,0.07331662940300492,0.03551389290961599,0.035596536657968914,2.0805569586826493,0.9107801792303637,15176,0.9868212967843965,0.9947285187137586,0.0684544666580474,0.06075902746855713,0.11983523103659188,0.19813905577073085,0.20213747819283692,0.20690779151325056,0.2316992737741893,3.4917985180468936,0.4474169741697417,15176,0.9688982604111755,0.9903136531365314,0.18302666901561995,0.21121023561930372,0.22547849114878354,0.3005491277196582,0.0776374654868345,0.04011964206300085,0.03987126056339341,2.1314369214040005,0.9028070637849236,15176,0.9877438060094886,0.9947285187137586,0.07749676620063588,0.06029302344447237,0.12505274267346003,0.20892044200380058
08_003050_003070_s5,08,4,0,15825,27.3665,27.143608940664834,21.603348496835437,27.74108201691317,0.08168193416078087,0.049287810660562384,0.048346024646297225,1.8909491486977719,0.9254976303317536,15825,0.9883096366508689,0.9935545023696682,0.06918843327515656,0.08923653597680135,0.12092414172384794,0.24148501806335557,0.07753726731193725,0.04343894201823498,0.04305912779706733,1.8440166166394945,0.9282780410742496,15825,0.9881200631911532,0.9934913112164298,0.06595711160628802,0.08454562420728352,0.11370792542216601,0.23707480231452904,0.1847127936804248,0.18307236949939046,0.20167162033402009,2.6466549670078727,0.646003159557662,15825,0.9698578199052132,0.9936176935229067,0.18865604725257096,0.1855739171005666,0.15458482278490174,0.2777529971915719,0.09060493065839452,0.06143754263669215,0.059849613192059836,1.9814341027320745,0.9214533965244865,15825,0.988436018957346,0.9937440758293838,0.07727344160458449,0.09857424191905428,0.13310647724886415,0.24889665456032958
08_003075_003095_s5,08,0,-4,15650,27.3665,26.59870183512769,21.887913741223667,25.40413134120853,0.08813583925357393,0.054559282017246996,0.05358718256863071,2.1192984193860007,0.9274760383386581,15650,0.9835782747603834,0.9940575079872205,0.07309430671910727,0.09180202965081928,0.1614956178892387,0.13877901007295512,0.07336175951531139,0.03951494515513591,0.03927857336209617,1.9678205118957963,0.9325878594249202,15650,0.9828753993610224,0.9940575079872205,0.06071749939647544,0.07673278502965736,0.13402808682808512,0.1104887702758805,0.17033586938811857,0.16623499764227495,0.18166390092425733,2.597806947338198,0.7877955271565495,15650,0.970479233226837,0.9876038338658147,0.16634118732888376,0.1835869825687024,0.142107758690439,0.11151154006701164,0.07554702118188579,0.04722560287000482,0.047688944368595054,1.874928645498402,0.9359105431309904,15650,0.9806389776357828,0.9939936102236422,0.06913385708597351,0.0797492998274679,0.09706196747535319,0.06648596158713901
08_003075_003095_s5,08,1,-3,15479,27.3665,26.59870183512769,21.887913741223667,25.40413134120853,0.10738807839933802,0.070239748916185,0.0684053878392683,2.5319314670643807,0.9145939660184766,15479,0.9783577750500678,0.9838490858582596,0.07338141091007486,0.14829250670828553,0.16006881780013202,0.14348209453343824,0.08496500985337134,0.04821220018203602,0.04720360767794651,2.3055468857928,0.924155307190387,15479,0.979908262807675,0.9835260675754248,0.05313326292730426,0.12475528144455139,0.1301584264737686,0.11252265408061367,0.15670991158669842,0.15106717537363884,0.1635554626666771,2.389180771576712,0.8759609793914336,15479,0.9688610375347244,0.9821047871309516,0.16418456687996044,0.165322839429379,0.09603513954190847,0.10454759550363209,0.07307716458208956,0.03738267025714741,0.03761921977104299,2.0634102619864367,0.9366238129078106,15479,0.9808127139996123,0.9824278054137864,0.056018105966874655,0.09829146554267928,0.08683836845365239,0.06449361143946351
08_003075_003095_s5,08,2,-2,15287,27.3665,26.59870183512769,21.887913741223667,25.40413134120853,0.1690277173427926,0.12858773053278677,0.121051213880081,2.768489109045763,0.8469287630012429,15287,0.986982403349251,0.992608098384248,0.15103151384461036,0.1840557530749747,0.1927781710023026,0.1662884824156452,0.1375963707016579,0.09730618131714894,0.09293339189040029,2.408370137106818,0.8880748348269771,15287,0.9871132334663439,0.992738928501341,0.11944925850221248,0.1525627616029592,0.16237807581991306,0.134091573476268,0.10463221438727356,0.10205395891221773,0.10684915306295162,1.60076913218485,0.9698436580100739,15287,0.9860011774710539,0.9919539477987833,0.12777395580023476,0.08349863739905411,0.08281362693864218,0.06740614422890288,0.09116333135013412,0.049633159916004754,0.048540353385852164,1.909074871116213,0.9317066788774776,15287,0.9871786485248905,0.9937855694380846,0.07337183489830316,0.1052644449297756,0.117951310933392,0.08757903516813874
08_003075_003095_s5,08,3,-1,15650,27.3665,26.59870183512769,21.887913741223667,25.40413134120853,0.17579189620676886,0.13299755619281114,0.12508087590040518,2.8171892207303677,0.8291373801916933,15650,0.9721405750798722,0.9885623003194888,0.15477464892869794,0.19875006551413507,0.21007250233057861,0.16468367260517464,0.14650790390696455,0.10371952633977108,0.09902477701400336,2.4734125773296287,0.8776357827476038,15650,0.9751437699680511,0.9883067092651757,0.12712323588329194,0.16743556802716458,0.17969880707564823,0.1320071525356374,0.11175186581816503,0.10225353795762308,0.10711776171799525,1.646576125480796,0.9244089456869009,15650,0.9777635782747603,0.9833226837060702,0.1303965125048012,0.09051286050509522,0.08781345951024552,0.06847803841215899,0.10210711243368881,0.058206427247152755,0.05671319149892984,1.9980476681640968,0.9134185303514377,15650,0.977444089456869,0.9880511182108627,0.08551237228426187,0.119592122818285,0.13328887982569496,0.081167741209982
08_003075_003095_s5,08,4,0,14860,27.3665,26.59870183512769,21.887913741223667,25.40413134120853,0.19979126935718575,0.15874462927350597,0.1474530067764941,2.8942498825327148,0.7767160161507403,14860,0.9752355316285329,0.9996635262449529,0.19641511594887484,0.20416548197430012,0.19329016767970555,nan,0.1670542627166019,0.1266285532916943,0.11929672971186789,2.542642646192385,0.8219380888290714,14860,0.984656796769852,0.9996635262449529,0.1629840315960507,0.1721340640603522,0.16090944275362623,nan,0.08853684397778938,0.0845676381713571,0.08759907479885731,1.5293461953982446,0.9631224764468371,14860,0.9954912516823687,0.9973755047106325,0.09911767256699025,0.07968610421329993,0.06353267009876133,nan,0.11709801466880826,0.0773595418017606,0.0747344754485324,2.0448388581103094,0.8872812920592194,14860,0.9945491251682369,0.9996635262449529,0.1114950634929633,0.1238262687417648,0.11120658565756782,nan
08_003100_003120_s5,08,0,-4,16581,27.3665,23.86522555087777,19.8416412821623,22.65217540167364,0.223261304531367,0.2243853956143896,0.20259334968444476,3.1092601541630662,0.7889150232193475,16581,0.9868524214462336,0.9936674506965805,0.211801202646827,0.23937533536246713,0.23281268585565768,0.1761581404535588,0.084150143189295,0.07040766996801424,0.06815474124025034,1.709811144376166,0.9588685845244557,16581,0.99029009106809,0.9949339605572644,0.06912119674151777,0.1027076890292393,0.1067555450168343,0.07707858614702999,0.12922929848345344,0.11323964373496735,0.12008753311615283,2.1089137049602367,0.9102587298715397,16581,0.9819070019902297,0.9939690006634099,0.126494855127869,0.12823881927380154,0.15218673269128932,0.18377022854041083,0.05110355089523608,0.025656755374066094,0.025448691697866455,1.5292555573271267,0.9638743139738255,16581,0.990229781074724,0.9945721005970689,0.03667188503258721,0.06809886475158282,0.07525777448361286,0.07835480807813656
08_003100_003120_s5,08,1,-3,16347,27.3665,23.86522555087777,19.8416412821623,22.65217540167364,0.26232097303498875,0.2533614971572962,0.22591107644895914,3.266091536319013,0.45953385942374747,16347,0.9702086009665382,0.993332109867254,0.2701867611997536,0.25445719928451893,0.23913301138478163,0.3033535819748366,0.1140763765473309,0.09508155217635345,0.09095474962727468,1.828070168025875,0.9385208295100018,16347,0.9832385147121796,0.9918027772680003,0.11349651135650721,0.11571232450244258,0.10986725349237585,0.18312600862900466,0.11142386731594923,0.0936127321271374,0.09818078454789703,1.9404183536199855,0.9283048877469872,16347,0.9790175567382394,0.9919862971799107,0.10606608293520851,0.11638918425325558,0.12659459552000019,0.22096696150926667,0.07089230238176632,0.04370647156935056,0.04299052957896832,1.5728536237956203,0.9456169327705389,16347,0.9849513672233438,0.9914357374441793,0.0670051154031161,0.07653431607945876,0.07290495711548287,0.14756216885725867
08_003100_003120_s5,08,2,-2,16108,27.3665,23.86522555087777,19.8416412821623,22.65217540167364,0.25577349170104663,0.2157936235746884,0.19566995473680548,2.9061847974812283,0.747082195182518,16108,0.9594611373230693,0.9752296995281847,0.3067663046488176,0.19058182482412653,0.18750729047795342,0.23132851155488185,0.11525565720693406,0.06728874630058941,0.0653079534819705,1.6814698760569755,0.9201018127638441,16108,0.9678420660541346,0.9826794139557984,0.14379706952137952,0.07296477015239092,0.11040152364972176,0.08003312557509362,0.1507226473996042,0.12274494744110925,0.1306530006774993,2.2148144919258317,0.8792525453190961,16108,0.9665383660293022,0.985969704494661,0.1462503195256504,0.15149868140853753,0.18556591483991072,0.12292341418604723,0.08498481414648829,0.02872669405854626,0.028730993257161552,1.5788566889137057,0.9223988080456916,16108,0.9688353613111498,0.9850384901912094,0.1032502755594493,0.055135449710861144,0.09857107189371302,0.03439222994191845
08_003100_003120_s5,08,3,-1,17129,27.3665,23.86522555087777,19.8416412821623,22.65217540167364,0.21505462410873588,0.19261799908184668,0.1763983660601367,2.659710678520039,0.829412108120731,17129,0.9680658532313621,0.9854632494599801,0.24125712602619878,0.18261313054518927,0.20054518863834042,0.1250950188704446,0.09300216293865429,0.0495760061180958,0.04851828368664801,1.707968062489658,0.922587424835075,17129,0.9747212329966723,0.9874481872847218,0.1004042391706166,0.07852203305590486,0.12104567974789789,0.05838705939354372,0.1621464568531428,0.13785003206896604,0.1481997920766931,2.5107323060489657,0.8373518594196976,17129,0.9590752524957674,0.9854632494599801,0.15400675006388748,0.16584091564038334,0.20495760938229174,0.18435230036019548,0.07623329709726549,0.02644145392680981,0.026621521977571394,1.7375001138648134,0.9011617724327164,17129,0.9738455251328157,0.9874481872847218,0.07921813040959891,0.06630702288928175,0.11120142630254033,0.07417690577970114
08_003100_003120_s5,08,4,0,17379,27.3665,23.86522555087777,19.8416412821623,22.65217540167364,0.16122753508652954,0.153027735943775,0.14295866654821232,2.198823935714828,0.9058633983543357,17379,0.9885493986995799,0.9940157661545543,0.1636597141625274,0.15604954961781187,0.16050820701735968,0.13723628025478393,0.061740691867596106,0.029616887866922435,0.029554880306063236,1.502286501795393,0.9420565049772714,17379,0.9862477702974854,0.9928074112434547,0.045204183275831644,0.0951169509807371,0.07768983280824983,0.016561333665234608,0.18219123060428927,0.16670355726368646,0.1823118963298116,2.562938718408431,0.780827435410553,17379,0.9574198745612521,0.9897577536106795,0.1681289596994926,0.21387326471369392,0.18230734582460417,0.17546510054716472,0.07968991935061474,0.05268296547635557,0.053747710507829005,1.65459424375295,0.919903331607112,17379,0.9819897577536106,0.9923470855630359,0.061932381940821464,0.1168341773775635,0.09122146346136581,0.05867116023319574
08_003125_003145_s5,08,0,-4,15682,27.3665,24.4715702406052,19.491811752319336,23.73674606131916,0.22363450657939982,0.19863115157480304,0.18155680911309202,2.79117123362922,0.790396633082515,15682,0.9660757556434129,0.9778089529396761,0.2372702487295601,0.18757539876918375,0.23830714106720996,nan,0.11128218394052675,0.07700278085689469,0.07448976932121365,1.7880560369995047,0.9324065807932662,15682,0.9670322662925647,0.9743655146027292,0.12083181648238657,0.08683004032610209,0.11783738864237804,nan,0.1717286057986807,0.15030351316344548,0.16280277151454325,2.2521135635329843,0.8554393572248438,15682,0.9558729753857926,0.9744930493559495,0.16543420659845967,0.19475462969111543,0.13752808635823457,nan,0.08775276834082069,0.048978749587019976,0.04801627887253268,1.6419920609171539,0.9349572758576712,15682,0.9665858946562939,0.9744292819793394,0.09579982108558185,0.06787715162902702,0.09005946811956353,nan
08_003125_003145_s5,08,1,-3,15324,27.3665,24.4715702406052,19.491811752319336,23.73674606131916,0.20795726443595747,0.17339601955307257,0.1600235583738825,3.074231709670854,0.8519316105455494,15324,0.9596711041503524,0.9754633255024797,0.2137983282778499,0.19250041752593192,0.23387807403415392,nan,0.10478901597189974,0.05844540589951633,0.05701497261381849,2.0684266248736254,0.9184286087183503,15324,0.956538762725137,0.9698512137823023,0.0975773532073504,0.11069318972787569,0.11980644657402681,nan,0.1987683790274173,0.17067388460585903,0.18691808749036332,2.754789390717061,0.7508483424693292,15324,0.9430305403288959,0.9585617332289219,0.19954336272887296,0.21147996539957503,0.14927993562457922,nan,0.09045772087112577,0.03640753600097062,0.036124872237716765,1.9482814399597799,0.9195379796397808,15324,0.9558209344818586,0.9686765857478465,0.08453020035823175,0.09778180252798054,0.09387664353470342,nan
08_003125_003145_s5,08,2,-2,16739,27.3665,24.4715702406052,19.491811752319336,23.73674606131916,0.19344210909634268,0.1866873879928315,0.1714989375262519,2.8881751371734814,0.8879861401517415,16739,0.9802855606667065,0.994981779078798,0.1711285324476065,0.23515430868435336,0.21410296413712407,0.23735382511942021,0.09172464565288065,0.06987309485917252,0.06794631006993956,1.8069416135183092,0.9368540534082084,16739,0.9823167453252882,0.9919350020909253,0.07423343972914645,0.1286653179955007,0.09474022328708252,0.11096338750995544,0.17451009133548653,0.1572513908091687,0.17087308244963095,2.379571776939525,0.8352350797538682,16739,0.9590178624768505,0.9838700041818508,0.17907829959869756,0.1705651505463993,0.15655262388703675,0.1318631119115069,0.07006166959450234,0.042748429211304916,0.04198945461034986,1.6533223315984416,0.9325527211900353,16739,0.9811219308202401,0.9914570762889061,0.05466445119977981,0.10370873507752446,0.06933886242882917,0.07888152117638525
08_003125_003145_s5,08,3,-1,15552,27.3665,24.4715702406052,19.491811752319336,23.73674606131916,0.27137657106306184,0.22307659636345128,0.20157690379430038,3.5827800143790403,0.7139917695473251,15552,0.942772633744856,0.975951646090535,0.29428809400867206,0.24244157259072383,0.24019737142784203,0.30398893978048147,0.1493164821863709,0.09607380609807173,0.09183051186297542,2.335712749191766,0.8940329218106996,15552,0.9605838477366255,0.9735082304526749,0.1645736477515992,0.13378243367115022,0.11667208652928918,0.18720489959217718,0.1618338473301888,0.1326095078431636,0.1420102074723233,2.3414932561620874,0.90625,15552,0.9560828189300411,0.9699074074074074,0.17076598711352284,0.15516257890315985,0.13571858282294866,0.13637901217838116,0.11984638394453484,0.0644545440296474,0.06256819728324681,2.1089049024689817,0.8987268518518519,15552,0.9623199588477366,0.9729295267489712,0.13270111759782705,0.10840539669515468,0.08711799168322301,0.1575614389152525
08_003125_003145_s5,08,4,0,15915,27.3665,24.4715702406052,19.491811752319336,23.73674606131916,0.3002572695424295,0.2730548147394137,0.24173757881362423,3.79109285079967,0.2997172478793591,15915,0.980521520578071,0.9873704052780395,0.3188219444069875,0.2803739357696262,0.3020849726250154,0.33848303833020793,0.17056968093233535,0.1404485405891325,0.1317010703574133,2.236306993261924,0.8982720703738611,15915,0.9815896952560478,0.9898209236569274,0.18503111886564003,0.1556465980783968,0.1673200929889427,0.19689334362656338,0.11091622556093694,0.09555040164427324,0.1002522750220467,1.5546684579972698,0.9420672321709079,15915,0.9726044612001257,0.9856738925541941,0.11635592099232175,0.10950456646482813,0.07631549257176802,0.04666437371220872,0.13843637309605553,0.10695402305190309,0.10167804440593953,1.882292534813759,0.9313854853911404,15915,0.9803330191643104,0.9898209236569274,0.15145508186607193,0.12511644295538585,0.13457926136437623,0.16095342803161042
08_003150_003170_s5,08,0,-4,17207,27.3665,25.298394294067005,20.98705853288267,25.61625627803898,0.1095338035345001,0.09489172311600341,0.09083105024266525,1.7359198336051165,0.9705933631661533,17207,0.986284651595281,0.9956413087696867,0.12070033393724511,0.09205273378597514,0.14459194607925796,0.12362556764925307,0.051184268465057955,0.030771394128270277,0.030828302921269923,1.1988533934806205,0.9719881443598536,17207,0.989248561631894,0.9968036264311037,0.06074504392083428,0.03562489249949957,0.0859090289082027,0.0595915219748238,0.16855685714305702,0.16364269091137632,0.17845888925480669,2.328590220846845,0.8618004300575347,17207,0.9888417504503981,0.9974429011448829,0.16742851395828742,0.1701273048034526,0.16883196575826714,0.1436503727216615,0.05551037816998464,0.03626878891850407,0.03582373710636677,1.2379135825339425,0.9726274190736328,17207,0.9886674028011856,0.9965130470157494,0.06621762657621302,0.038258085531668436,0.09314727536709189,0.06478401547298519
08_003150_003170_s5,08,1,-3,17073,27.3665,25.298394294067005,20.98705853288267,25.61625627803898,0.11024193653045225,0.09754657981738027,0.09336396010312153,1.9428258837867112,0.958179581795818,17073,0.9877584490130615,0.9957242429567152,0.11264043397757639,0.09952800660678655,0.13587822411653225,0.1211159234482942,0.05975604749761422,0.0356648628602413,0.03557038633610787,1.5351638533423153,0.9584138698529843,17073,0.9858841445557313,0.9950213787852165,0.05508933289476466,0.05961273472630886,0.08615332051652533,0.09094066901677589,0.17249535696742654,0.1637780187559696,0.178820282981488,2.6641271155291344,0.7809992385638143,17073,0.9754583260118316,0.993439934399344,0.16131740621269267,0.1885009263167303,0.17829598653382925,0.17256956710706575,0.0632282301258973,0.03939392290188158,0.03902316648636983,1.5553018013125535,0.9595853101388157,17073,0.9860012885843145,0.995079950799508,0.05869329913953581,0.062197774295361545,0.09216552346988496,0.09495766508403594
08_003150_003170_s5,08,2,-2,17044,27.3665,25.298394294067005,20.98705853288267,25.61625627803898,0.11409035295894186,0.10360146721814306,0.09901405623865789,2.3057412819657963,0.955644214973011,17044,0.9858601267308144,0.9911992490025816,0.0936947152179928,0.14432688691823486,0.14826318500303134,0.1716402461743498,0.062111580342783,0.040016287948350174,0.03974890885545401,1.8799330212220662,0.9615113823046233,17044,0.9854494250176015,0.9907298756160525,0.04661772950756224,0.08032806252603665,0.0998822496945242,0.09109790771248646,0.17128946394347988,0.15921421297091326,0.1733099078191297,2.7448628261590224,0.7903074395681765,17044,0.9719549401548933,0.9896737854963623,0.17235123067696184,0.1611378144934931,0.19095087282159048,0.13751733682734468,0.06634608312614458,0.0452053835648615,0.04455477679951647,1.9110242397851447,0.9619220840178362,17044,0.9859774700774466,0.9908472189626848,0.048602292970984035,0.08896161027500493,0.10529723692531444,0.10321114130948096
08_003150_003170_s5,08,3,-1,15412,27.3665,25.298394294067005,20.98705853288267,25.61625627803898,0.1606385252159278,0.14131227549975733,0.1326732710725529,2.569671001065803,0.8664676875162212,15412,0.9727485076563717,0.9848170256942642,0.17681553102617134,0.13623522407844416,0.1677389000950119,0.16237599860912258,0.09746837606400292,0.06190937656211286,0.06044981960069162,2.075609933620447,0.921100441214638,15412,0.9671035556709058,0.9840384116273034,0.10533226148991177,0.08569166445491763,0.10088826644578548,0.08669770777891339,0.151506470353685,0.12927975316086182,0.1383426540567284,2.7566595652178476,0.8330521671424864,15412,0.955813651699974,0.974954580846094,0.13450630534242627,0.17154321459361752,0.1628854636461604,0.15756487288941956,0.10531283291732683,0.07320853912113845,0.07096931786809679,2.120743522810647,0.9146768751622113,15412,0.9682065922657669,0.9842330651440436,0.11507545519903409,0.09060123740003992,0.10975402009818586,0.09704508381435019
08_003150_003170_s5,08,4,0,17405,27.3665,25.298394294067005,20.98705853288267,25.61625627803898,0.13537819087180136,0.12911904034229835,0.12212350107450876,2.492116069690214,0.9353634013214593,17405,0.9880494110887676,0.9900603274920999,0.1251467226646957,0.13944115445284347,0.17416545808299047,0.2472831030446865,0.07454179102832152,0.057891488016291084,0.05695409497875925,1.9471027660396365,0.9584602125825912,17405,0.9876472278081011,0.9899454179833381,0.06801167769150084,0.07462552788675461,0.10973057640567473,0.17893499536347834,0.15286972653140235,0.13964343379983674,0.15039132294622437,2.5761317050844363,0.8385521401896007,17405,0.9778799195633439,0.9896006894570526,0.1518926158508221,0.15079781112005197,0.16648484327698104,0.2098297589789335,0.08142324768598483,0.06676266953071733,0.06534419761559107,2.0008734604582283,0.9565067509336398,17405,0.9879345015800057,0.9899454179833381,0.07368082278719222,0.08269527619641395,0.11827682024832412,0.18943990574883884
08_003175_003195_s5,08,0,-4,18028,27.3665,27.16725342585124,22.182488817551118,27.056965037264295,0.06860083957636659,0.04686130517461433,0.045946926502070884,1.8737935119041946,0.9654426447747948,18028,0.9833037497226537,0.9870201908142889,0.05648886647938613,0.08343144292093059,0.08699437822096871,0.05895340279843027,0.06350536365172188,0.04029524684805376,0.03962947687115115,1.8538557492961523,0.9646660749944531,18028,0.9829154648324828,0.9868537830042157,0.05166049718379405,0.07753475306765036,0.0823915504463948,0.06061602758938881,0.17282877164828178,0.15791487866239234,0.17183061529950916,2.897121070523726,0.8583314843576658,18028,0.9716552030175283,0.9872420678943865,0.17901706010899068,0.15944060655812903,0.18309351775114002,0.21026280174294132,0.06094103512834476,0.0367456671180966,0.03619564320022883,1.8451685008391676,0.9642223208342579,18028,0.982804526292434,0.9867428444641668,0.049355144571003415,0.0743781890994503,0.08001609838080236,0.061720040087357694
08_003175_003195_s5,08,1,-3,17757,27.3665,27.16725342585124,22.182488817551118,27.056965037264295,0.08575278339884614,0.059052882519616365,0.057464662036975866,2.155034750288327,0.9522441853916765,17757,0.9819789378836515,0.9914963113138481,0.0766120304703482,0.10135849656742514,0.10493128381694256,0.07550151056550057,0.07928314526220283,0.05191021545932509,0.05068629838878369,2.1403615088861208,0.9530889226783804,17757,0.9814157796925156,0.9911584163991666,0.06926007293808703,0.09513727432933809,0.10179160701712041,0.07906553101599495,0.15149218592516633,0.14495182203420684,0.1565120060389129,3.1658065085212734,0.9136115334797544,17757,0.9756715661429296,0.9891873627301909,0.13929608663166776,0.14968662074606953,0.21989828344845438,0.23783292043713158,0.07576795427212736,0.04802927865859164,0.04701376325999096,2.134369078570727,0.9535957650504027,17757,0.9811342005969477,0.9909894689418257,0.06523628620996258,0.09175393591932948,0.10023059210576082,0.08130405902711052
08_003175_003195_s5,08,2,-2,16473,27.3665,27.16725342585124,22.182488817551118,27.056965037264295,0.08143411463043564,0.032055439614050274,0.03176597576682427,2.061575047308738,0.9218114490378194,16473,0.967886845140533,0.9866448127238512,0.10038593492196411,0.05304212751155728,0.0877572196938549,0.16277815056068065,0.07818367894375897,0.027346456117075625,0.027078810643028195,2.077193101782894,0.9206580465003339,16473,0.9680082559339526,0.986705518120561,0.09445993769629743,0.05135874089723411,0.08822815115307242,0.1650082117416607,0.19485775051381668,0.17677753974111077,0.19446348109817957,3.656298728626916,0.7555393674497662,16473,0.9525890851696716,0.987980331451466,0.17418981182298696,0.20347999054279958,0.2276358693227435,0.30171774351252,0.07692814055593222,0.025442042029058975,0.025284657592030246,2.0881415869782263,0.9201724033266557,16473,0.967886845140533,0.9867662235172707,0.09176493480483049,0.051025468495665145,0.0888168112240517,0.16628133336983178
08_003175_003195_s5,08,3,-1,17695,27.3665,27.16725342585124,22.182488817551118,27.056965037264295,0.044809879841335803,0.020832109899328738,0.02071802445236881,1.7277560172521225,0.9725911274371292,17695,0.9880192144673636,0.9915230291042667,0.033950067968785747,0.05216740356353718,0.07426341877973765,0.09876419061428868,0.04374201820126372,0.01862512169268142,0.01859798383728295,1.745370407236486,0.9723085617406046,17695,0.9880192144673636,0.9915795422435716,0.03283750213014472,0.04980706426715256,0.07649550667195983,0.10241150644301306,0.19238871071085287,0.18391322409179223,0.20322955912699703,3.3301988270230756,0.7486295563718565,17695,0.9810680983328623,0.9899971743430348,0.1852573541855744,0.18886453256287597,0.2313875368174614,0.26474691503980413,0.04386426444980195,0.018694854989074014,0.01875589718645454,1.7574941471973047,0.9723085617406046,17695,0.9880192144673636,0.9915795422435716,0.032964587798814914,0.04929676854791574,0.07809166582342328,0.10515619774919795
08_003175_003195_s5,08,4,0,17254,27.3665,27.16725342585124,22.182488817551118,27.056965037264295,0.054406213697566215,0.03531698536094323,0.03474800204758788,2.7141041507782155,0.9711371276225803,17254,0.9897415092152544,0.9935667091688883,0.04349511554289571,0.06147369704445384,0.06374221781001563,0.34325138882145323,0.04916872174447751,0.02876354934188355,0.02842599301187798,2.7099691216445825,0.9716587457980758,17254,0.9896835516401994,0.9937405818940536,0.037005178617776975,0.05662901986587945,0.06278559153865605,0.3461000391890127,0.17124717849790386,0.16475534282143786,0.18000939875375632,3.637421403021376,0.8900544801205518,17254,0.983482091109308,0.9904949576909702,0.16615719245485125,0.16534586259514336,0.20059055888025185,0.45884547926198516,0.04655408254788399,0.025304442865456373,0.025050197576776956,2.7092500987787926,0.9720064912484062,17254,0.9896255940651443,0.9936826243189985,0.033744256021908316,0.05412107404771651,0.06274108556439922,0.34770328566013115
08_003200_003220_s5,08,0,-4,16914,27.3665,26.704963403576308,21.214096330563944,26.63811214226013,0.08853112919977256,0.03720755297102572,0.03661366347014594,2.6131480022347566,0.9280477710772141,16914,0.9686650112332978,0.9892988057230696,0.08351413771745367,0.0976728957977167,0.07697894743342498,0.13262540386510674,0.07457728920754936,0.020432755048917707,0.020315479192816954,2.504408659097794,0.9302353080288518,16914,0.9723306136927988,0.9903038902684167,0.07208086230629715,0.07954212444316186,0.06535416108825796,0.12661551985769873,0.21196260319496002,0.2019495031703154,0.22525648215356964,3.4072013121725497,0.466122738559773,16914,0.9760553387726144,0.9919593236372236,0.2195898288970233,0.20375956330788378,0.20197815847168857,0.27728771508202876,0.07395833674348111,0.01961121467898108,0.019584412690146102,2.496032521327611,0.9301761854085373,16914,0.9726853494146861,0.9903630128887312,0.07202256925972368,0.07825461126410359,0.06451055321434428,0.12659176811507386
08_003200_003220_s5,08,1,-3,16853,27.3665,26.704963403576308,21.214096330563944,26.63811214226013,0.09211875407258578,0.050575387613875186,0.049453568558386785,1.8264091425880378,0.9254138729009672,16853,0.9689076128879132,0.9932949623212485,0.09379635333223175,0.09437528738851016,0.07532524082254052,0.09000346298163167,0.07285184045030653,0.029141232083111722,0.028834071577192866,1.6826156646233896,0.9305168219308135,16853,0.9719337803358452,0.9942443481872664,0.07283784334767339,0.07462931210182361,0.06619361760218011,0.08262136523139893,0.18995795712419877,0.1893486067315999,0.2096645821605312,2.839006805744495,0.6957218299412568,16853,0.9849284993769655,0.9953717439031626,0.1988167468544051,0.17074206461092067,0.20864240152338184,0.21650084785956467,0.07126943867856482,0.027337906280121612,0.02718885653029357,1.6714602522302837,0.9312288613303269,16853,0.972289800035602,0.9943036848038925,0.0711731148810326,0.07289778199452981,0.06552048386350992,0.08212345236197975
08_003200_003220_s5,08,2,-2,15944,27.3665,26.704963403576308,21.214096330563944,26.63811214226013,0.079454092640034,0.06082724862569014,0.05926745082750795,1.5104958285148182,0.967824887104867,15944,0.9900903161063723,0.993665328650276,0.0742081259496445,0.08649885126985606,0.06857412378283362,0.1398500872473951,0.06119802134771774,0.038886819495414074,0.038273550794639344,1.3634157207019846,0.9717134972403412,15944,0.9900275965880582,0.9940416457601605,0.052971311991397714,0.06956388080112774,0.055818886261904975,0.11650027253617531,0.188339667567187,0.18305681441793054,0.20216069051781205,2.842791172065718,0.718452082288008,15944,0.9815604616156548,0.9943552433517311,0.19160232921723244,0.18432938316355493,0.19355961398275606,0.15074718834674633,0.059688019136862024,0.03680248623696466,0.03633557434351653,1.3528538346526524,0.9720898143502258,15944,0.9900275965880582,0.9941043652784747,0.051246698511329875,0.06809975047199815,0.054916404579060545,0.1141406682854313
08_003200_003220_s5,08,3,-1,18158,27.3665,26.704963403576308,21.214096330563944,26.63811214226013,0.11510759932750994,0.09303857374001694,0.08917163725050226,1.7748519210641214,0.9114990637735434,18158,0.9932811983698645,0.9996144949884348,0.110246777421227,0.12300960312418326,0.10495430282963422,0.1779788499223813,0.09151881962178367,0.06778386279827628,0.06572149494713675,1.5341590586697749,0.931875757241987,18158,0.9941623526820135,0.9993391342658883,0.08561805083953028,0.10000787660263313,0.08491485420255203,0.1545046578116854,0.15215493040202543,0.15564584010275606,0.16893452893515004,2.1754922047072722,0.8896904945478576,18158,0.9904174468553806,0.9979623306531556,0.14734862155525041,0.15702241813502776,0.15792637956259273,0.15110379714270633,0.0892435872915747,0.06530728491279114,0.06337307584929164,1.511990946447257,0.9340786430223593,18158,0.9941623526820135,0.9992289899768697,0.083245701789031,0.09778431089618186,0.08298879571329182,0.15213248466289525
08_003200_003220_s5,08,4,0,17733,27.3665,26.704963403576308,21.214096330563944,26.63811214226013,0.11088288317451214,0.09882396449704127,0.09438303110495738,1.805504135384121,0.9586082445158743,17733,0.9974059662775616,0.9988721592511137,0.10847329730815386,0.113598211866354,0.1078972124345617,0.28571037272410177,0.08659333326172632,0.07315022373067201,0.07068493919737184,1.6130169056762018,0.9653188969717476,17733,0.9973495742401173,0.9988721592511137,0.08257367609875782,0.09061313727898176,0.08820269142438505,0.26796755739927597,0.14843248369565373,0.14900969785074378,0.16120339937597405,2.2776813486816847,0.9281565442959454,17733,0.9944735803304573,0.997462358315006,0.1445270968648665,0.14929965135156104,0.17157900105078988,0.31523334793651386,0.08419902080856274,0.07055635729784837,0.06826332502562438,1.5959096118396319,0.9658828173461907,17733,0.9974059662775616,0.9988721592511137,0.07997438502943688,0.08838900520777059,0.08637088429557138,0.2661745657640787
08_003225_003245_s5,08,0,-4,17292,27.3665,25.558698388547356,21.79320590307892,24.28922380093605,0.12209729343604098,0.10027778981106156,0.09563130896137784,1.8922625480454534,0.9462179042331714,17292,0.9924242424242424,0.9989012260004626,0.11683254191678563,0.13057410047237678,0.1290146485187303,0.21195553779526338,0.05848984157335763,0.03317136183923763,0.03268697703448975,1.3283211140661426,0.9690030071709461,17292,0.9955470737913485,0.998380754105945,0.05090965904255321,0.06960581423604142,0.07676517146988401,0.14622080566853557,0.12298651108756986,0.12583222590261792,0.13437214351907523,1.653136381050093,0.9513647929678464,17292,0.9925399028452464,0.9978024520009253,0.1241507076412972,0.12078235003578887,0.12332796385890471,0.1043056199968237,0.052339588905040965,0.03595254300092034,0.036305318873250725,1.171972814190894,0.9728776312745778,17292,0.9946217904233171,0.998265093684941,0.051109629311738645,0.05112059149231517,0.07033550636619369,0.1228187721809784
08_003225_003245_s5,08,1,-3,16129,27.3665,25.558698388547356,21.79320590307892,24.28922380093605,0.17533992138632845,0.14436572859116023,0.1348744163410771,2.2715649154824185,0.8722797445594891,16129,0.9786719573439147,0.9921879843759688,0.17430776232871206,0.1744057383982186,0.2007557301942831,0.12369588811722823,0.10300592838954857,0.07047233492195452,0.06817613219936458,1.6740231023551193,0.9343418686837374,16129,0.9786099572199144,0.9941099882199764,0.1005199077731571,0.10246989937803076,0.1454394663494921,0.06471409763195762,0.10065105997613823,0.09365181635508237,0.09795884022478152,1.6193073926792905,0.9564139128278256,16129,0.9833219666439333,0.9928079856159713,0.1033848000257055,0.09132558587923463,0.12342869862324914,0.10636418502300941,0.06430451268404001,0.02916089858150423,0.02907253682647526,1.4238497047362042,0.9541199082398165,16129,0.9800359600719202,0.9952259904519809,0.06258731466435537,0.06091647829814866,0.1116639392244423,0.0631161304635518
08_003225_003245_s5,08,2,-2,15640,27.3665,25.558698388547356,21.79320590307892,24.28922380093605,0.14503004135495465,0.1237073729039915,0.11683482433358883,2.124897853923662,0.9019820971867007,15640,0.9874040920716113,0.9929028132992327,0.1440794925379787,0.14117671457614506,0.17731704823095473,0.12514228505443775,0.0794807635683013,0.05246071057445624,0.05140580434711561,1.5803983384519764,0.9611253196930947,15640,0.9879795396419437,0.9940537084398977,0.07507152380642157,0.07985683315277475,0.11960256697597511,0.06599257976076342,0.11152776167355229,0.10795455441269328,0.11397033880222929,1.8033549938307392,0.9574168797953965,15640,0.9840153452685422,0.9927109974424553,0.10602694367960094,0.11934153728679028,0.11793382979076862,0.10957397577165143,0.05661873579905914,0.03037254946191836,0.030464127820765685,1.4154848368332271,0.970460358056266,15640,0.9879795396419437,0.9930946291560102,0.05315328076461002,0.05599498389379421,0.0938246826556802,0.03680066986337197
08_003225_003245_s5,08,3,-1,15695,27.3665,25.558698388547356,21.79320590307892,24.28922380093605,0.1440584079010574,0.12400035428068798,0.11712129990363462,2.180918636382784,0.9205479452054794,15695,0.987639375597324,0.9924816820643517,0.13626176168581,0.15799270864744455,0.16869386266746406,0.13239928677240964,0.07970861952071943,0.053626652107127935,0.05245257423168104,1.7659564632921927,0.9500477859190826,15695,0.9861739407454604,0.9911436763300414,0.06906388917283639,0.09545763413773718,0.12949255296605558,0.05759420554408362,0.11465334553155805,0.10825939437846561,0.1142645037308454,2.037141789960081,0.9424020388658808,15695,0.9822873526600828,0.9903791016247212,0.11055794085141558,0.11212933617977777,0.17579826708410687,0.09821822954594708,0.057051549979608644,0.031074418425259473,0.0312530892696925,1.6719774945881527,0.9611341191462249,15695,0.9850270786874801,0.9910799617712648,0.048123678673296255,0.06569625659964336,0.12152535052221158,0.024389379596938016
08_003225_003245_s5,08,4,0,13401,27.3665,25.558698388547356,21.79320590307892,24.28922380093605,0.17592464541451777,0.15607416044776123,0.14516457168061425,2.6836399350869002,0.8560555182449071,13401,0.9714946645772704,0.9863443026639803,0.16142598857818186,0.19589511269218673,0.21812427460430808,nan,0.10937747315426319,0.08283327755918242,0.07974536839022872,2.1980813894830096,0.9283635549585851,13401,0.976121184986195,0.9847026341317812,0.09119974050026158,0.13269937502599422,0.168817955009925,nan,0.10671691210508717,0.08605332386979643,0.08960716124899193,2.1797970084106075,0.9324677262890829,13401,0.9755988359077681,0.9857473322886352,0.10723892233413981,0.09104084079423365,0.16213272297392325,nan,0.07904408985224116,0.046351641045742846,0.046182152294373946,2.017722142139483,0.942093873591523,13401,0.9770912618461309,0.9849264980225356,0.06233479640458028,0.09734463056287893,0.14562544847908732,nan
08_003250_003270_s5,08,0,-4,14210,27.3665,26.75922802299384,23.531935072667316,26.746491171752037,0.09307269053084267,0.06111228510432158,0.05971440050657184,2.1246896734813108,0.9161154116819141,14210,0.9685432793807178,0.9798733286418015,0.07257150084956294,0.14068009127836253,0.06090664107035902,0.10880225494133133,0.08255580953574539,0.04722887167963505,0.046800416836808356,2.071522886376966,0.9204081632653062,14210,0.9682617874736101,0.9791695988740323,0.06206962277782037,0.130200216698882,0.04954257672858609,0.1104996891642841,0.12808252465346556,0.10319797086292906,0.10846843369064063,2.5006397932199484,0.8952850105559466,14210,0.9597466572836031,0.9773399014778326,0.11268076028072949,0.15903762435208163,0.1144705049479465,0.19796521211580914,0.08238639331781653,0.04698952769100709,0.04659258506523134,2.0708781701102326,0.9206192821956368,14210,0.9682617874736101,0.9791695988740323,0.0619096044532453,0.13001212085908523,0.049364243385685916,0.11059293040838375
08_003250_003270_s5,08,1,-3,15989,27.3665,26.75922802299384,23.531935072667316,26.746491171752037,0.1231125739805753,0.05332669699787458,0.05223884373609833,2.084620698064162,0.8731627994246044,15989,0.9595346800925636,0.9766089186315592,0.1406478371759061,0.11872303567565629,0.06735664146128825,0.11943714758143648,0.10987794432125039,0.03933761093455784,0.038820490679565944,2.0162517959000574,0.8796672712489837,15989,0.9600350240790544,0.9774845206079179,0.1220485301632481,0.10809318063428493,0.061913231115487764,0.12700359865680536,0.14829967172727235,0.11514137585359571,0.12167671107902689,2.440592005049647,0.857401963850147,15989,0.9596597660891864,0.9869910563512415,0.16622508940045666,0.13360649032871363,0.13665176173503596,0.22269006392010302,0.10967956096288302,0.038977518356967084,0.038555778577842315,2.015328374824333,0.8798549002439177,15989,0.9602226530739884,0.9774845206079179,0.12176917478609373,0.10792203349382014,0.06188794547119009,0.12719700339109924
08_003250_003270_s5,08,2,-2,14785,27.3665,26.75922802299384,23.531935072667316,26.746491171752037,0.13568733438015607,0.06223193580316734,0.06072641087909103,2.3485892832679984,0.842272573554278,14785,0.9492729117348664,0.976868447751099,0.15918220357330196,0.09992801971577676,0.07653980804425761,0.15379057482659877,0.1199314760981741,0.04617958271227271,0.045571007118271556,2.2919533038145707,0.8523503550896179,14785,0.9535339871491376,0.9779506256340886,0.13937681004264543,0.08965387647351569,0.07142147741365522,0.15268984020203227,0.13957479491596836,0.10799742413177707,0.11358853929143375,2.639029739808042,0.8678390260399053,14785,0.9592830571525195,0.9795062563408861,0.13752343359627997,0.13982733205774384,0.14535485706059334,0.22744363127879555,0.11965982495153756,0.04593672408829121,0.04536356523881091,2.2911833090795146,0.8524856273249916,14785,0.9536016232668245,0.9779506256340886,0.13901442381132006,0.08949708391544013,0.07141376665214245,0.15271521608355768
08_003250_003270_s5,08,3,-1,14822,27.3665,26.75922802299384,23.531935072667316,26.746491171752037,0.09082535192394355,0.049620880583164884,0.04861674387009951,1.876000501524969,0.9296316286600999,14822,0.9693023883416543,0.9823910403454325,0.12367148450365224,0.0639262801950208,0.07349876067267384,0.13458101543553627,0.0786331205134256,0.03276556219260277,0.03249088932797961,1.8839683365235869,0.9330049925785994,14822,0.9700445284037242,0.9817838348401026,0.10464687802469413,0.054352092250334605,0.07742071516276675,0.15352662766381373,0.13446310562837205,0.10986364826970635,0.11618749615585877,2.6098788956617134,0.8974497368776143,14822,0.9666711644852247,0.9832681149642424,0.12684298407501482,0.13217378727729168,0.17279730513540764,0.2556154302567839,0.07846121004773504,0.032527231496931805,0.03224721271708386,1.8846604717148907,0.9331399271353393,14822,0.9700445284037242,0.9817163675617325,0.1043013680801705,0.054265600959876224,0.07757510555428605,0.1539295318662193
08_003250_003270_s5,08,4,0,16997,27.3665,26.75922802299384,23.531935072667316,26.746491171752037,0.05842168345361874,0.035525135869565266,0.0359569541048117,1.8928850023447514,0.970288874507266,16997,0.98382067423663,0.989115726304642,0.05381683039693238,0.0534257476861116,0.09618833877618971,0.16093182289969096,0.06869115770109031,0.05188474654445228,0.05306672284130132,2.0026581943259956,0.9681120197681944,16997,0.9840560098840971,0.9892333941283756,0.05999114629421478,0.07084466945181353,0.11122077075322957,0.1795510321793086,0.16160490836123775,0.16222462460334522,0.17699519735756275,2.969432881803758,0.8875683944225452,16997,0.9822321586162264,0.9892922280402424,0.1453996761987063,0.17771826754710915,0.2109357563943721,0.27850116510822376,0.06894100661428995,0.05226880306311681,0.053452363321852214,2.0052994866053826,0.9680531858563276,16997,0.9840560098840971,0.9892333941283756,0.060162550111813935,0.07123288874523799,0.1115589198465655,0.1799415492915977
08_003275_003295_s5,08,0,-4,16990,27.3665,28.76203799872049,23.538953478804626,28.851564363077934,0.10245431942004382,0.0722101488660464,0.0739765336951701,1.5504925494890405,0.9476751030017657,16990,0.9699823425544438,0.9728075338434373,0.12900767505394764,0.07369977508849856,0.052595404127065405,0.09058555940519714,0.09282447219603661,0.05468574197176773,0.05530980843306921,1.6253301323352072,0.9372572101236021,16990,0.970453207769276,0.9733961153619777,0.10808951025726485,0.07033330119206703,0.08213386139440165,0.14460573102180072,0.196205862350534,0.18882052547979045,0.20921443926259997,2.443415397913231,0.5788110653325486,16990,0.9663331371394939,0.9718658034137728,0.2181976958505273,0.1761910442861953,0.14650322446748737,0.06793298946246498,0.09290056608485435,0.05330804433650532,0.05415966673524453,1.6385961260506958,0.9361977633902295,16990,0.970453207769276,0.9736315479693938,0.10715163768838236,0.07135583685525143,0.08451653100229357,0.14807122574228399
08_003275_003295_s5,08,1,-3,17969,27.3665,28.76203799872049,23.538953478804626,28.851564363077934,0.08252122816427576,0.06791837885498696,0.06976991829138957,1.6473776112172898,0.9322722466470031,17969,0.9947687684345261,0.9972730814179976,0.08547948983711813,0.0762122699860925,0.08899021345921022,0.08653743519685336,0.06568560150107809,0.03767443301463468,0.03808592000524369,1.640015167831491,0.9297679336635316,17969,0.9949913740330569,0.9972730814179976,0.06021225584350443,0.06637921053620036,0.09388596177724749,0.1356234147760214,0.18575654923533672,0.18928753560648864,0.209588926712311,2.6591573723502306,0.6040402916133341,17969,0.9739551449718961,0.9956591908286493,0.18717113359533283,0.18170217627841878,0.196928531765029,0.1080191991113713,0.06553635735849601,0.036156177895912966,0.036522095139109645,1.6482212273148542,0.9296566308642662,17969,0.9949913740330569,0.9972730814179976,0.059221533425827984,0.06711144388216976,0.09533228406641085,0.138838974271216
08_003275_003295_s5,08,2,-2,17571,27.3665,28.76203799872049,23.538953478804626,28.851564363077934,0.07542572472821521,0.06369051411290325,0.0654909888512154,1.8821079430385896,0.9577713277559615,17571,0.9937396847077571,0.9986910249843493,0.07334090604986075,0.07789179081377585,0.07151573694786745,0.1971758937575499,0.0534267970476959,0.028192496214945604,0.02846896818271971,1.8048455587556387,0.9634056115189802,17571,0.9965852825678675,0.9986910249843493,0.05033460519695962,0.051481299399607584,0.0654299576820682,0.23071513781720723,0.1853856029892185,0.19013211057675014,0.2108252377919011,2.9452735776209376,0.6535200045529566,17571,0.9823003813101132,0.9971544021398896,0.17740626778619392,0.19797307027148256,0.1856757941441303,0.23562880524423319,0.05291691985728069,0.026318371183806213,0.026514947797214194,1.8077967368645542,0.9634625234761823,17571,0.9965852825678675,0.9986910249843493,0.04951226924554734,0.05105846805722391,0.06615457260059068,0.2330316664793016
08_003275_003295_s5,08,3,-1,16595,27.3665,28.76203799872049,23.538953478804626,28.851564363077934,0.06829318579957254,0.055116114864864924,0.05650837610902748,1.4283253443634065,0.9602892437481169,16595,0.9930099427538415,0.9980717083458873,0.06269378614406641,0.07735669758930656,0.06971448450353705,0.04838711752347987,0.04697369062432807,0.019013901905091668,0.019043439952271646,1.4080770256992634,0.9602892437481169,16595,0.994576679722808,0.9984332630310334,0.037028133955821906,0.05143631236812175,0.08634282808850972,0.08396252837658011,0.18152455171062748,0.18384641853172295,0.2030197589842564,2.575255357740121,0.7995179270864718,16595,0.9795119011750527,0.9966857487194938,0.17496399892698541,0.19858124547623332,0.1630151527219298,0.11288123847973378,0.04705273309929628,0.018358459811900686,0.018410094910544572,1.4172108147944136,0.960409761976499,16595,0.994576679722808,0.9983730039168425,0.036970097021720376,0.05121409692362876,0.08809225870907154,0.08733653213353135
08_003275_003295_s5,08,4,0,15998,27.3665,28.76203799872049,23.538953478804626,28.851564363077934,0.07254803129567558,0.045032241655334655,0.04564496906909621,2.0259350666545672,0.9490561320165021,15998,0.9771846480810101,0.9858107263407926,0.06338717126849573,0.07948695657758148,0.09582919649313996,0.12163335380940761,0.07705480526105127,0.040231877901643676,0.0397600531441602,2.240257455853088,0.9415551943992999,15998,0.9772471558944869,0.9872484060507564,0.05515941219861813,0.09180786236448021,0.13993371186048448,0.16511213491848462,0.16600594858624731,0.1607311358247045,0.17512143092384003,2.5329322845560083,0.8192899112389048,15998,0.9718089761220152,0.9826228278534817,0.1731051380298178,0.1722833141646745,0.10470616695386005,0.2025715619331841,0.07854792465386508,0.04248816546277688,0.04173329750739385,2.2604112718220306,0.940742592824103,15998,0.9773096637079635,0.9873734216777097,0.056249480297706385,0.09346924980353878,0.14295791219020143,0.16796056528431177
08_003300_003320_s5,08,0,-4,16281,27.3665,28.89103038513297,23.878807529112983,28.261957491580254,0.09894610450503476,0.050070787831513246,0.05115948932477821,2.5458665206357396,0.9004360911491923,16281,0.9629629629629629,0.9706406240402924,0.11235328562665713,0.08699100468290138,0.08333448295689659,0.07437917958591106,0.09323489778267478,0.027624050823713976,0.027414979274160256,2.5733767251634165,0.8868619863644739,16281,0.9619802223450648,0.9713162582150974,0.09586576652794249,0.0939201535677817,0.08278481585404567,0.07481744001431687,0.18242392436338628,0.16484728527721917,0.17924840837032985,3.2393750381592845,0.8668386462747989,16281,0.9578035747189976,0.9702106750199619,0.18604581275331714,0.17645260918881153,0.1851449718652008,0.18164549557173298,0.08976369361336668,0.028693881860224157,0.02890908091989841,2.534657420383962,0.8926970087832443,16281,0.9627172778084884,0.9710091517720042,0.09734740497833232,0.08378438965186287,0.0791546397799109,0.06910637823665354
08_003300_003320_s5,08,1,-3,17850,27.3665,28.89103038513297,23.878807529112983,28.261957491580254,0.05994505265668034,0.031373080758771085,0.03158021565799762,1.6261667099812989,0.9450420168067227,17850,0.983249299719888,0.993781512605042,0.055249893177987355,0.06483504220214742,0.06479058431462362,0.046034888765867116,0.07063311752263066,0.046649895605477734,0.04573897414327033,1.6373710100504353,0.9565266106442577,17850,0.9846498599439776,0.9923809523809524,0.06280133310814652,0.08328316705169471,0.06096925482938252,0.06306806806859346,0.1589969049822498,0.1451626772405766,0.1567187431622663,2.6020501706754118,0.8671148459383754,17850,0.9766386554621849,0.9932212885154061,0.15460319115645155,0.16146530119891123,0.1717017920141354,0.1412549428143399,0.059658983544226434,0.02964035027598636,0.0295009018365886,1.5906717013885399,0.9545098039215686,17850,0.9840336134453781,0.9928291316526611,0.05084915409963281,0.07119174161898616,0.058924118483714934,0.05052613349159352
08_003300_003320_s5,08,2,-2,17744,27.3665,28.89103038513297,23.878807529112983,28.261957491580254,0.04698274677897788,0.02951209110485357,0.02976684416180375,1.256811762463636,0.9757664562669072,17744,0.9976330027051398,0.9990419296663661,0.03548412280073043,0.05560174475119285,0.07437132325889487,0.06343815090815574,0.056373452480379865,0.04393379171269636,0.0431865698233298,1.219717860595377,0.9829801623083859,17744,0.9976330027051398,0.9990419296663661,0.047980173856252,0.0634198610365102,0.07397004328039947,0.05388764162913847,0.15144024376393397,0.1449485751868496,0.15659109497047774,2.406247249167513,0.883453561767358,17744,0.9944206492335438,0.9987037871956718,0.14149581373914216,0.16043152968894855,0.16688971636691158,0.1709786455281745,0.045596758832396674,0.02905356631523405,0.028919168780432436,1.1818261948658668,0.9803313796212805,17744,0.9976330027051398,0.9990419296663661,0.03435794656397544,0.05489623605213558,0.06873076222738259,0.05377975982684007
08_003300_003320_s5,08,3,-1,16046,27.3665,28.89103038513297,23.878807529112983,28.261957491580254,0.06733253215836948,0.04568498431929263,0.04661822127149606,1.3886753819416124,0.9558145332170012,16046,0.9839212264738876,0.9952636171008351,0.056271469255366635,0.08947236027281943,0.06050330713934534,0.0699334439952755,0.059785790572902744,0.03131147321621865,0.03116485658213841,1.3057103074766956,0.952636171008351,16046,0.9872865511653994,0.9961361086875233,0.052466377731925425,0.08023541626726267,0.036915829043103865,0.05456588321969663,0.16571048625398724,0.16167724475336157,0.17624674432229726,2.4940064722967974,0.8413311728779759,16046,0.9740745357098343,0.9901533092359467,0.15915797724327393,0.1742066295246119,0.17540582192265788,0.18749885100206007,0.05655267408345818,0.029128392802321143,0.029133876806651804,1.2943358327503247,0.9575595163903776,16046,0.9861024554406083,0.9957621837217998,0.04695272350012176,0.07872823119504731,0.041281121295280505,0.05487669210827022
08_003300_003320_s5,08,4,0,16524,27.3665,28.89103038513297,23.878807529112983,28.261957491580254,0.08199482014241516,0.0680010355604543,0.07001895021191151,1.6331929446513866,0.9557613168724279,16524,0.9772452190752844,0.9927378358750908,0.07256189604633921,0.09498227914336539,0.08475977592603763,0.11941674259735366,0.06733363441320507,0.033223699834962026,0.03337375309457302,1.4468372168710493,0.9461994674412975,16524,0.9822076978939724,0.995763737593803,0.06475271621233153,0.07581215746428399,0.04543748967810062,0.12103482705669585,0.17008948081797548,0.1780964788646358,0.19610806204100717,2.757168098540724,0.7910917453401114,16524,0.9700435729847494,0.9857177438876785,0.15807060757443228,0.1799536954278826,0.20033127854935887,0.23035713861447543,0.07044816602516871,0.04438648134545077,0.045078765653025044,1.4877774547616762,0.9523723069474703,16524,0.9804526748971193,0.9950375211813121,0.06488378938752404,0.08110639862501506,0.05865598638887865,0.11253455317539475
08_003325_003345_s5,08,0,-4,17882,27.3665,27.176995582776726,21.987691290045767,26.16103849683544,0.0993040583913316,0.07445170117315231,0.07194011201171646,2.1181596784618524,0.9651604965887485,17882,0.9898221675427804,0.992953808298848,0.10331154612286439,0.09878283997106005,0.0723841766494426,0.18647526641109813,0.09284128647790024,0.06750590858823488,0.0654460985090981,2.07426412965645,0.9678447600939493,17882,0.9898780896991388,0.9930097304552064,0.09630448215883676,0.09247399769120501,0.06812764030093575,0.1821812438472857,0.1460179816364109,0.1391358794752413,0.14978372018600528,2.643512685391418,0.9193043283749022,17882,0.9856839279722626,0.9920590537971145,0.15026006275061227,0.13726178447277348,0.1603930441524264,0.2057714459140609,0.06131451572728043,0.032672572243504325,0.03234925334941252,1.9117832619327222,0.9752264847332514,17882,0.9903254669500056,0.992953808298848,0.0615325651608046,0.061636807950238126,0.05120835177285601,0.15916044720930006
08_003325_003345_s5,08,1,-3,18139,27.3665,27.176995582776726,21.987691290045767,26.16103849683544,0.11190117824548255,0.09610541373239426,0.09181920753063322,1.847118368596645,0.9541871106455703,18139,0.9925023430178069,0.9964165610011577,0.11876167164935371,0.1018680711172404,0.09916289436644642,0.21239346081128863,0.10488620822313943,0.08865378058420284,0.08507517913370988,1.7836292551098216,0.9578256794751641,18139,0.9927228623408126,0.9964716908319091,0.11129852964359621,0.0952879524429984,0.0935256571574012,0.20623178653552987,0.12328802414523131,0.12067149851731694,0.12849129016624516,2.0124573427331507,0.9526986052152819,18139,0.9941011081095981,0.9989525332157231,0.11855214340080668,0.12845934137227832,0.13497503126397994,0.14904152416923844,0.07015585767465575,0.0501799796094436,0.049120407736458205,1.5035287895681575,0.9721594354705331,18139,0.9931087711560725,0.9968024698164176,0.07331719905759633,0.06390314275316336,0.06823873072781078,0.1731982734731733
08_003325_003345_s5,08,2,-2,16927,27.3665,27.176995582776726,21.987691290045767,26.16103849683544,0.07924288080170501,0.0618056519492025,0.06008274343355957,1.777585236042932,0.9715838601051574,16927,0.9887753293554676,0.9928516571158504,0.07834570088299847,0.08328102467214624,0.06606268365876941,0.2507342349374029,0.0732474800624348,0.055040194711472874,0.053732877992867856,1.7522553932831844,0.9717610917469132,16927,0.9886571749276304,0.9926744254740947,0.0717801177813059,0.07683686174263181,0.06449851953089998,0.24700273062577227,0.15752223423013934,0.1509274695099742,0.16357397140515273,2.701915474441531,0.9038222957405329,16927,0.9813906776156437,0.9918473444792344,0.1547723123717876,0.1475797111353697,0.1977741893118464,0.3167112036412918,0.04872481943307733,0.025601834858403488,0.025395313572501355,1.6982583277338668,0.9724700183139363,16927,0.9879482483606074,0.9920836533349088,0.043757975667250516,0.04935306269729223,0.06810651904740953,0.22739796910240526
08_003325_003345_s5,08,3,-1,18000,27.3665,27.176995582776726,21.987691290045767,26.16103849683544,0.0515363070545058,0.03188214283138091,0.031835569847355805,1.7326324590287916,0.9680555555555556,18000,0.9932777777777778,0.9977222222222222,0.044567055565849514,0.049801688661973,0.10712030151283315,nan,0.0510413322915831,0.031730563155909164,0.031851100908192986,1.7409100512811404,0.9675555555555555,18000,0.9932777777777778,0.9977222222222222,0.04271124742158366,0.050924365981786915,0.1087379769703392,nan,0.1934646127532428,0.19279612083938794,0.21411570377529132,3.081619022494255,0.5691666666666667,18000,0.9806111111111111,0.9936666666666667,0.17499825908771385,0.20994657005056042,0.2454330629891483,nan,0.0608697590832215,0.04844938831567082,0.049239798987594674,1.8531208833798245,0.9655,18000,0.9927222222222222,0.9971111111111111,0.04745020680924811,0.06741368177181657,0.12354916891108357,nan
08_003325_003345_s5,08,4,0,17520,27.3665,27.176995582776726,21.987691290045767,26.16103849683544,0.05986826401345032,0.03474853245856353,0.034802374210769926,1.486927810207606,0.9482876712328767,17520,0.9925228310502283,0.9981164383561644,0.05280211257022992,0.06248271273838593,0.09784759309296173,nan,0.06018380750188807,0.03547069652455204,0.035614582235541814,1.4948396412464473,0.9473173515981735,17520,0.9917237442922374,0.9980593607305936,0.05138391335893412,0.06551927106992461,0.09848382751432386,nan,0.19994506833477255,0.1998782489835903,0.22275802563401648,2.8949138163752366,0.5023972602739726,17520,0.967351598173516,0.9940068493150684,0.17840935838008717,0.22741324501107213,0.23125536513263323,nan,0.07265024701806647,0.05673110419622726,0.05804995621226827,1.6131774128609093,0.9411529680365297,17520,0.9897831050228311,0.9980022831050228,0.05705884215549891,0.08920575292858178,0.10973849662102655,nan
08_003350_003370_s5,08,0,-4,17562,27.3665,28.646473393406602,23.224576089197363,29.50354550642787,0.09965086510376496,0.09921596293301396,0.10395668526116886,1.6773738092989796,0.949834870743651,17562,0.9896936567589113,0.9958432980298372,0.09611535823296265,0.12077101747117677,0.06466494690757504,0.09597464530330668,0.07579784548345685,0.0646779492399808,0.06640726183093837,1.6742395915225226,0.9678282655733971,17562,0.9902630679877007,0.9961849447671108,0.07124260225571882,0.08540559906288145,0.06603745930502841,0.1426237902770207,0.2207247533269882,0.23333601158257808,0.26565380206286715,2.905068104950854,0.28425008541168434,17562,0.9791595490263068,0.9924268306571006,0.21953417461126043,0.24750999959988385,0.17695937144394747,0.09026588158699866,0.06578918947419778,0.04456254598188145,0.04525513183678065,1.8033623292858292,0.9724974376494705,17562,0.9906047147249744,0.9968112971187791,0.06024620362406524,0.06517840769024537,0.08212530165687297,0.17386012804717288
08_003350_003370_s5,08,1,-3,17172,27.3665,28.646473393406602,23.224576089197363,29.50354550642787,0.0785396302284698,0.07442564396932902,0.07657589518291386,1.7574667376476627,0.9780456557186117,17172,0.9958071278825996,0.9993011879804332,0.08277436715741038,0.07049319043277329,0.06987856167074515,0.13149959051558047,0.06463573306623314,0.04499630394281512,0.04558172681485151,2.1735595903637006,0.972396925227114,17172,0.9951665501979967,0.9995341253202888,0.050962692386267515,0.057119383191426155,0.10695062084284611,0.18348143920285237,0.1863347908396804,0.20332248839381994,0.22706527663793952,2.3840492757327936,0.47379454926624737,17172,0.9902166317260657,0.9970882832518053,0.2104517728290848,0.1918855370206433,0.11330567414821403,0.049393999602411455,0.06600566670973289,0.032243993890198774,0.032279675196860036,2.542233543529407,0.9617982762636851,17172,0.9942930351735383,0.999475890985325,0.03971620278489203,0.0627420652142376,0.13675593984705667,0.21828856341547206
08_003350_003370_s5,08,2,-2,16618,27.3665,28.646473393406602,23.224576089197363,29.50354550642787,0.06902474282110214,0.047871960420382775,0.048427479369651305,2.2802027299711334,0.9647370321338308,16618,0.9932001444217115,0.9979540257552052,0.06131252954553249,0.05144550812929137,0.11912590313442899,0.1167016646619392,0.07963333988991692,0.03822257353827069,0.03771444517699063,2.862104869879682,0.947045372487664,16618,0.9910939944638344,0.997893850042123,0.04102818538296332,0.07839979822489886,0.15928118911716657,0.15776219966504326,0.14900696142822697,0.1635216239060272,0.17816473587175463,2.2295484405919983,0.8535323143579251,16618,0.9955469972319172,0.9992177157299315,0.18408319005119717,0.14116150689878965,0.09406164786084459,0.1075440125784828,0.10385305791537311,0.06703240888955928,0.06496985954960888,3.3115585051674383,0.9241786015164279,16618,0.9904320616199302,0.9978336743290408,0.056455133259541844,0.10847085629493297,0.1896102885798811,0.18525639577737993
08_003350_003370_s5,08,3,-1,16261,27.3665,28.646473393406602,23.224576089197363,29.50354550642787,0.07018798998539207,0.04334420687134511,0.043750651951983244,2.1964772391572236,0.9629789065863108,16261,0.9972941393518234,1.0,0.04600989613841529,0.06357317571631718,0.16101937989037332,nan,0.09144798523991071,0.06637792590119865,0.06460545236645476,2.76589860871136,0.9404095689072013,16261,0.9969866551872578,1.0,0.05157689618532084,0.09595051079042648,0.19997318652130167,nan,0.13218429927708739,0.14204571969659152,0.15291393105410345,1.9431048309646923,0.9431154295553779,16261,0.9953877375315171,0.9979091076809544,0.15138068644670702,0.1262789925003813,0.08976057811721574,nan,0.12035272115087939,0.09501600830791793,0.0912957921784443,3.1941348403715226,0.903326978660599,16261,0.9972326425189103,1.0,0.08069983062820817,0.1250140833957274,0.2278880808317705,nan
08_003350_003370_s5,08,4,0,15939,27.3665,28.646473393406602,23.224576089197363,29.50354550642787,0.07914973869785037,0.04459252470200751,0.04386914807617792,2.3605574105462206,0.9433465085638999,15939,0.9965493443754313,0.9987452161365205,0.05386342383321231,0.07518221908286511,0.19239731450093056,nan,0.11501598609833592,0.08699577324035211,0.08377984129424298,2.9446904546557024,0.8903946295250643,15939,0.9966120835686053,0.9987452161365205,0.08289841673995883,0.11626818331388074,0.24116512736447274,nan,0.1194599309371747,0.12486085862437306,0.13247263911233675,1.7020975525240145,0.9547650417215635,15939,0.9934123847167325,0.997490432273041,0.13540666930063497,0.11121900987372065,0.07820292731571889,nan,0.14578889849517634,0.11796159447854289,0.11169494629124843,3.3683807645900727,0.842022711587929,15939,0.9965493443754313,0.9989961729092164,0.11296644730437211,0.1467625989637064,0.2755976760256086,nan
08_003375_003395_s5,08,0,-4,18265,27.3665,25.864551056710358,19.816783733921504,25.003092780283385,0.11099341131915771,0.0926911870503596,0.08874980100828855,2.289594727161563,0.9432247467834657,18265,0.993430057486997,0.998029017246099,0.08630898002463672,0.13983905205343014,0.12522215534699646,nan,0.06453866415890011,0.04051429511314486,0.040394751570988596,1.655839984464771,0.9682452778538188,18265,0.9938680536545306,0.9981932658089242,0.05072162295348821,0.08337971701990744,0.06841682401567231,nan,0.20494700437346297,0.21068742754719436,0.2365176229549748,3.1234722814898874,0.40695318915959483,18265,0.9886120996441281,0.9975910210785656,0.2210427368102417,0.1886033714270681,0.1909585131361878,nan,0.05551695719803743,0.0384044840229581,0.03853536959001613,1.4385349420815547,0.9738844785108131,18265,0.993594306049822,0.9980837667670408,0.05203696786373746,0.06968779454542644,0.04337212440162433,nan
08_003375_003395_s5,08,1,-3,18550,27.3665,25.864551056710358,19.816783733921504,25.003092780283385,0.14924833700412962,0.1262494679343359,0.11929856727200461,2.405389111434785,0.9070080862533693,18550,0.9912129380053908,0.9975202156334232,0.14473179838086225,0.15882035882180046,0.14277303705445143,nan,0.09085851124608225,0.06683019767284268,0.0648906216152858,1.6874089002976989,0.9504043126684636,18550,0.9935309973045822,0.997843665768194,0.08727224210408112,0.09918022194181164,0.08418564526779447,nan,0.17943449165990746,0.18651303715630005,0.20621163525427455,2.669567441093151,0.6391374663072776,18550,0.9845283018867924,0.9987601078167115,0.1890025578725104,0.16897402198647551,0.17451662544408494,nan,0.06576814615333293,0.03686379198090474,0.03654559641146227,1.3712578877481778,0.9611320754716981,18550,0.9943935309973045,0.9986522911051213,0.0677565419633228,0.06904578927267967,0.05483717916249919,nan
08_003375_003395_s5,08,2,-2,18642,27.3665,25.864551056710358,19.816783733921504,25.003092780283385,0.17044717138245924,0.14498269628099164,0.13541766105398456,2.5882617672161756,0.8793047956227873,18642,0.9873940564317133,0.9970496727818904,0.17327436860438,0.169373999839664,0.15469473861765057,nan,0.10898748430331186,0.08360823234879772,0.08064138445313507,1.8611143182741703,0.9398669670636198,18642,0.9918463684154061,0.9978006651646819,0.11056130691163438,0.1077606974114169,0.10539254806989515,nan,0.1649462823426802,0.17245485214467138,0.18893949239014907,2.3400776911694248,0.7948181525587383,18642,0.9947430533204592,0.9993562922433216,0.17486472057719385,0.15529445410843626,0.1857864352488553,nan,0.07732838260480085,0.05058294397219282,0.04944605284538195,1.5095407298031887,0.9577834996245038,18642,0.9935629224332153,0.9981225190430212,0.08070232524521956,0.07353663871309406,0.08747769632295732,nan
08_003375_003395_s5,08,3,-1,18360,27.3665,25.864551056710358,19.816783733921504,25.003092780283385,0.20686392184042174,0.19012954156838113,0.17416569841395368,3.156850067851409,0.7725490196078432,18360,0.9976579520697167,0.9985294117647059,0.19956367451894177,0.20293388732759504,0.40011860143120287,0.500893979189861,0.1426283593872296,0.1252182506571915,0.11801673209233554,2.4355870322820885,0.922276688453159,18360,0.9980392156862745,0.998474945533769,0.13372831401056975,0.13938302605157402,0.3390762711100368,0.5282862931702856,0.1319298536793648,0.13863794964078613,0.1492335388128736,2.14766476954054,0.9471677559912854,18360,0.9955882352941177,0.9980392156862745,0.13200999528073867,0.13124139983604172,0.12399799687690181,0.6385845440705735,0.10688911496560657,0.08881792015307773,0.08519276546832466,2.069772115307159,0.9575708061002178,18360,0.9980392156862745,0.998474945533769,0.0959748159826129,0.10472578269541066,0.30494348171898294,0.5439974368109203
08_003375_003395_s5,08,4,0,17325,27.3665,25.864551056710358,19.816783733921504,25.003092780283385,0.21683490180599305,0.20505894886363624,0.18696484825299198,3.1176939133115846,0.7254834054834055,17325,0.9931313131313131,0.9993073593073593,0.19951675397921245,0.21828387482313008,0.4614083207592193,nan,0.15228645475013872,0.13959734952302646,0.1307105641113866,2.43182558310777,0.9194227994227995,17325,0.9984415584415585,0.9989033189033188,0.13368396859937584,0.15472381578425307,0.3873033502411466,nan,0.12611217693744617,0.12849820775022255,0.13723786428449536,1.8485479766881667,0.9486291486291486,17325,0.9915151515151515,0.9984992784992786,0.13189932577630173,0.12281330678037805,0.11323388762851774,nan,0.11634390815803135,0.10210081081995759,0.09740240674764689,2.0743077530401073,0.953015873015873,17325,0.9984992784992786,0.9987878787878788,0.09592489690850528,0.1199869482550601,0.3454542036720446,nan
08_003400_003420_s5,08,0,-4,18624,27.3665,22.271683724709003,18.08905748892792,22.345951302852264,0.2929730932795132,0.30276400207696375,0.26457151620893526,3.6855820587169887,0.20881658075601375,18624,0.9976911512027491,0.998926116838488,0.330963304478219,0.2748963431116766,0.2253645735128747,0.08464482357673579,0.0725549693847878,0.06454807386906615,0.06269202656792161,1.8881215730301804,0.9862006013745704,18624,0.9965635738831615,0.9986576460481099,0.08496763626498273,0.054847697403866524,0.06227440460837755,0.2198743923305361,0.14824240271111166,0.13907371727603818,0.14973841417744804,3.2992187064939076,0.8794029209621993,18624,0.9897981099656358,0.9966709621993127,0.1202816875169924,0.15847206243353057,0.19996133618926357,0.3663821226923363,0.07511367566747518,0.06778603238431491,0.06582331229570926,1.8872406769391266,0.9865764604810997,18624,0.9966172680412371,0.9986576460481099,0.0884487380437411,0.05712446079097995,0.0626791790417974,0.21727297071170842
08_003400_003420_s5,08,1,-3,17614,27.3665,22.271683724709003,18.08905748892792,22.345951302852264,0.2380567521482577,0.24193934670800227,0.21688942155175717,3.2145743109654643,0.5587600772113092,17614,0.9956852503690247,0.9993754967639378,0.2583127819338005,0.22369300833899053,0.193763440178387,0.10403571965535864,0.04828351486601268,0.03422143154499882,0.03398007089370836,1.7133152740850315,0.9831951856477802,17614,0.995231066197343,0.9981832633132736,0.043249083103312075,0.04684180236335051,0.05887208781144422,0.21647919667663565,0.18561091446311595,0.17953417027989704,0.19785082324408487,3.4246650688693236,0.6909276711706597,17614,0.9878505734075167,0.9959123424548655,0.1697742722859528,0.19510014295122885,0.2174452948988034,0.3635824935202507,0.04911654703314299,0.035233910995820114,0.03497700247993962,1.7030683912086424,0.983422277733621,17614,0.9952878392188033,0.9981832633132736,0.045290203755341464,0.0463422016507191,0.057851380175078994,0.21389821164963102
08_003400_003420_s5,08,2,-2,17179,27.3665,22.271683724709003,18.08905748892792,22.345951302852264,0.22990793355277978,0.2259134924892704,0.20396010187993707,3.347331607243452,0.6020722975726177,17179,0.9906280924384423,0.9976133651551312,0.25473022524153194,0.22203927443598176,0.19097551937820248,0.06469933191540096,0.05903512209860454,0.04264896814104482,0.04266513291233709,1.99869111701741,0.9675184818673962,17179,0.9894056697130217,0.9951685197042901,0.04725523427668285,0.0588308647689758,0.0889974676247629,0.16762068924550688,0.19559577476355264,0.19124749633058138,0.21215011029669717,3.7512895774063786,0.5656324582338902,17179,0.9744455439781128,0.9898131439548286,0.17228088415134343,0.19901843043111556,0.24702949422323928,0.32394167450719064,0.05914029422346396,0.04268875126883165,0.04270889577020798,1.9864937453079374,0.9678095348972583,17179,0.9894056697130217,0.9952267303102625,0.0486496606436297,0.05829194445033667,0.08754291513086965,0.16484502143922836
08_003400_003420_s5,08,3,-1,17562,27.3665,22.271683724709003,18.08905748892792,22.345951302852264,0.24068452500885296,0.240539694547443,0.21562072518151576,3.710876076724944,0.5613825304635007,17562,0.98707436510648,0.9973237672246896,0.24951490130103876,0.24317127485181303,0.21974934863484077,0.06555673918743067,0.06077154710736878,0.03964140719300212,0.039599662395686464,2.02320473075488,0.960938389705045,17562,0.9917435371825533,0.994989181186653,0.04493803425326273,0.060471304300486646,0.09283049745133594,0.18869205352244553,0.18797548017159585,0.18092001386195827,0.1995634706427396,3.5975710203446885,0.6345518733629427,17562,0.9761416695137228,0.9918574194283111,0.17559225804534778,0.18184041297159725,0.23574125540086016,0.34105583275795687,0.061402084541555955,0.0402317099041037,0.04005105832372191,2.018180869244422,0.9612230953194397,17562,0.9918004783054322,0.9950461223095319,0.046129530647532675,0.061031849130802576,0.09260201195408012,0.18598665068635814
08_003400_003420_s5,08,4,0,17669,27.3665,22.271683724709003,18.08905748892792,22.345951302852264,0.24834107637982894,0.24327415030211477,0.2178250024946502,3.6275916050217445,0.5498330409191239,17669,0.9938875997509763,0.9998302111041938,0.2396488724372851,0.2645697520982407,0.2028860716682178,0.10137305472140641,0.061579985538798336,0.03698799458821484,0.03703536739660196,1.8377823451582143,0.9628728281170411,17669,0.9954722961118343,0.9994340370139793,0.033001985063716655,0.06794296435362777,0.09739628142748837,0.17817980907480077,0.1804251178677915,0.17857307301255046,0.1967122961763803,3.474917482993882,0.6757598053087328,17669,0.9776444620521818,0.9956986813062426,0.1824896683775577,0.16632335906348278,0.2326741395192537,0.331155196528463,0.062453792309762314,0.0370851232465393,0.03698141264853039,1.8328386052947512,0.9623068651310205,17669,0.9955288924104364,0.9994340370139793,0.0340909567203032,0.06901672609688714,0.0969564902826785,0.17595949585790538
08_003425_003445_s5,08,0,-4,17251,27.3665,19.311537682463914,16.848399808114035,19.18910816154199,0.3751251683491464,0.37038573042168665,0.3150922552631745,4.708108103323898,0.08724131934380616,17251,0.9510173323285607,0.9987247116109211,0.37780649310341974,0.3852457738460017,0.2689623008125441,nan,0.06117758645449915,0.041522945907121835,0.042077946206964256,1.8579083365434046,0.9501478175178251,17251,0.9942612022491449,0.9993623558054605,0.038822666992800896,0.06884511030677604,0.13185267292997535,nan,0.1574324166511624,0.15642000654753396,0.17009632567380684,2.779434237532006,0.880122891426584,17251,0.9755376499913049,0.9981450350704307,0.15234253585470542,0.15132839049460314,0.23905075213327234,nan,0.0640292326854779,0.04594030229552219,0.046852525047265114,1.8851159772881068,0.9488145614746971,17251,0.9936235580546056,0.9993623558054605,0.04387780882331727,0.06995243483116542,0.13594726925344522,nan
08_003425_003445_s5,08,1,-3,17909,27.3665,19.311537682463914,16.848399808114035,19.18910816154199,0.42721247647381466,0.4180103229434447,0.3493032988064879,4.851959977705098,0.08548774359260707,17909,0.8591211122899101,0.9975431347367245,0.450034640517716,0.4148782852098228,0.23541849743875293,nan,0.06553646252197516,0.03185281361205757,0.031992421734043486,1.478312436265304,0.9464515048299738,17909,0.995700485789268,0.9988832430621475,0.038810695899410934,0.08242304049457691,0.1842361549924733,nan,0.1309195820891723,0.12771285583628444,0.13627949859211874,2.0955633879815,0.8826288458317048,17909,0.9816851862192194,0.9984923781338991,0.12240479871313258,0.13333713541192851,0.2882847738131242,nan,0.06550810539336431,0.03426696219871983,0.03456240307195557,1.4827062775319904,0.9474007482271484,17909,0.9953096208610196,0.9988832430621475,0.03960213170219704,0.08165904733222284,0.18940786003077217,nan
08_003425_003445_s5,08,2,-2,17828,27.3665,19.311537682463914,16.848399808114035,19.18910816154199,0.46425164282963316,0.45689763881973666,0.37632719655764957,5.130958212991587,0.09187794480592326,17828,0.7640789768902849,0.9892865155934485,0.5071995984892329,0.40084010779869667,0.3330105734140789,nan,0.08880499969707635,0.05849469756773422,0.05749923335510321,1.4943124328282344,0.9184428988108593,17828,0.9941103881534664,0.9996634507516267,0.08416723009984584,0.09835824908824967,0.08322033744180232,nan,0.11821698747708413,0.10690919464971968,0.11285139674660982,2.0610077628197874,0.8708772717074266,17828,0.9715054969710568,0.9985416199237155,0.09752877720722426,0.14836639785999528,0.18126032731349204,nan,0.08615985489303865,0.05498768438616203,0.05421555045798465,1.4930945959228252,0.9184428988108593,17828,0.9937738389050931,0.9996634507516267,0.0800843440167284,0.09764507072079617,0.08615923784569039,nan
08_003425_003445_s5,08,3,-1,17070,27.3665,19.311537682463914,16.848399808114035,19.18910816154199,0.48515530864699824,0.47856873839655556,0.3916238321296962,5.168351564149022,0.05295840656121851,17070,0.7510251903925015,0.9929701230228472,0.5069699738176198,0.45311250635859307,0.3864556384020475,nan,0.08192591646031405,0.05896536085209933,0.0577808577373351,1.5833557499552189,0.9690099589923843,17070,0.9923257176332747,0.9927357937902753,0.08408510158645689,0.0699001283247305,0.09518150996109766,nan,0.10005702844416017,0.09174440477945003,0.09609962404833217,2.1020805837171004,0.9161687170474516,17070,0.9902753368482718,0.9926772114821324,0.08603537854741686,0.1113727609272388,0.1880158101523419,nan,0.07808852123112621,0.054228100259570415,0.05323756607934482,1.580828612580485,0.9673696543643819,17070,0.9923257176332747,0.9927357937902753,0.07939774404566953,0.06681497528720362,0.09658398725418679,nan
08_003425_003445_s5,08,4,0,16308,27.3665,19.311537682463914,16.848399808114035,19.18910816154199,0.4677496557937124,0.47823512708681404,0.3913450729180591,5.006752096598344,0.0739514348785872,16308,0.8424699533971057,0.9877360804513122,0.4939610736585408,0.446198641081701,0.35708149034907266,0.1806262020741427,0.08388227944678499,0.05984897035810395,0.05836166271321408,1.930452554647568,0.9405199901888643,16308,0.9855898945302919,0.9876134412558254,0.08153445132871887,0.0747629322315575,0.1199078534116219,0.17242730574292725,0.11626848528233265,0.09400504964971851,0.0982919371284644,2.5867941429009895,0.8915256315918567,16308,0.9795192543536915,0.9870615648761344,0.09879021537320368,0.11994492951196353,0.216536673858883,0.2779821134708166,0.08078364928026786,0.05431413256176583,0.05312038068606251,1.9414000900175943,0.9396001962227127,16308,0.9855285749325484,0.9875521216580819,0.07706215810174598,0.07261204098338767,0.12314088969989037,0.17767387544400093
08_003450_003470_s5,08,0,-4,17235,27.3665,21.46932863939456,19.37795888078592,21.74460733590487,0.27691449464841783,0.2801705916324434,0.24738909152781852,3.7317900569999116,0.368262257035103,17235,0.9746446185088483,0.9859588047577603,0.2954265203074449,0.2747916677639506,0.21448246530704115,0.17450214203779513,0.08299797079589363,0.047063524997681974,0.04673826082916421,2.203909979453819,0.917783579924572,17235,0.9769074557586307,0.9843922251232956,0.07003007947117491,0.09033277593876485,0.11442424650341253,0.09665117262805545,0.12631823053417945,0.09825231047613166,0.10332422634874394,2.7771489107950673,0.8503046127067014,17235,0.9604293588627792,0.9836379460400348,0.10232398294205661,0.1395396507379126,0.1845689420155542,0.1846481682850907,0.08514514685630005,0.052241818212581156,0.051702118418115894,2.172128717209973,0.9205105889178996,17235,0.9776037133739484,0.9846823324630113,0.07487624802896528,0.0919299791936252,0.10800058834573763,0.0850684775252021
08_003450_003470_s5,08,1,-3,17739,27.3665,21.46932863939456,19.37795888078592,21.74460733590487,0.2617588450263913,0.2752668394431089,0.24348269410926204,3.431428547726802,0.3920175883646203,17739,0.9871469643159141,0.9967867410789785,0.2838796058455211,0.2422271111792655,0.21446103723567247,0.11121070588267518,0.07004880824376924,0.046969066701360244,0.04685634785463222,1.725303533953957,0.9415976097863464,17739,0.9857376402277468,0.993573482157957,0.05993304107236381,0.08190940925995467,0.0797655668667884,0.1372475809182552,0.12192663459372223,0.09953263487423929,0.10473752267236569,2.506767171794919,0.8741191724448955,17739,0.981115057218558,0.9901347313828288,0.10511476687256945,0.13960698386736506,0.1475608415217248,0.21941335575495127,0.07168921736277523,0.05028232412252907,0.05001813531563348,1.6709251901314581,0.9448672416708946,17739,0.986075878008907,0.9939680929026439,0.06488994495794617,0.08016464535482269,0.07537294615236305,0.12660238504638555
08_003450_003470_s5,08,2,-2,17152,27.3665,21.46932863939456,19.37795888078592,21.74460733590487,0.2614823401984306,0.2712280224027791,0.2401748596627702,3.390664289014052,0.4363339552238806,17152,0.9875233208955224,0.9970848880597015,0.29387409793504143,0.23827342801393028,0.20478612781004776,0.08981320154203541,0.07966229560126396,0.062030326549930286,0.062022121732860036,1.6635362115555496,0.9408815298507462,17152,0.9899137126865671,0.9952192164179104,0.08745198478002439,0.06777041385722136,0.08082880204517455,0.15907798216957214,0.12324391159031112,0.1029708117997963,0.10834948582828186,2.493300495506486,0.8654384328358209,17152,0.9759794776119403,0.9934118470149254,0.10652570404676716,0.13306227408886176,0.15810278063241578,0.24099385885943167,0.08090367886738514,0.06293884889574874,0.06264875096813216,1.6026752762733272,0.9442630597014925,17152,0.9906133395522388,0.9956856343283582,0.0945303194545284,0.06375989164408036,0.0744298821403158,0.14829572060828528
08_003450_003470_s5,08,3,-1,16115,27.3665,21.46932863939456,19.37795888078592,21.74460733590487,0.2610016587043358,0.25231483695652157,0.22516335795682574,3.1936682270206824,0.48786844554762643,16115,0.9746819733167856,0.9905677939807632,0.32834394569144365,0.20212211590473805,0.2021012026937436,0.09274848196036775,0.07397263766580439,0.05484585902604717,0.054707328864601834,1.5567366283297657,0.9585479367049333,16115,0.9865342848278001,0.9967111386906609,0.06471679821653789,0.08125403465809616,0.08362333240838114,0.14415007398892593,0.12811462894624792,0.11717339719734096,0.12455045965875211,2.3820531833815553,0.879863481228669,16115,0.9861619609059882,0.9960905988209743,0.09416728077322255,0.15659144315837806,0.16227986799400626,0.22752010773477296,0.07331967014537033,0.056617225068073686,0.05660962108421064,1.4932665872616748,0.9596028544834005,16115,0.9861619609059882,0.9965870307167235,0.07071410395152523,0.07450639953465599,0.0780804691995061,0.1331764075088074
08_003450_003470_s5,08,4,0,16705,27.3665,21.46932863939456,19.37795888078592,21.74460733590487,0.24824096480761024,0.23051975710900457,0.20778624557043202,3.0376386227218934,0.591140377132595,16705,0.9844357976653697,0.9969470218497456,0.26708210698051893,0.22383179024576028,0.2161083142468025,0.09057447355011299,0.0700705156593558,0.05387554482389986,0.054835944199367104,1.443366471443983,0.9617479796468124,16705,0.9832984136486081,0.993415145166118,0.0689716556483362,0.06597682367071607,0.08698157910358922,0.14471261676582794,0.1327011030817598,0.13087008524512422,0.14009763810557363,2.2072460792423674,0.9219395390601617,16705,0.9765938341813828,0.9904818916492069,0.1224093818515633,0.14482734983395334,0.15377705295883,0.2280278521073421,0.06666000542244464,0.048423524972205284,0.048677621559528816,1.3870067005158488,0.9607303202633942,16705,0.983837174498653,0.993055971266088,0.06716458336375285,0.05976825095558004,0.08292415406100055,0.13374616318206764
08_003475_003495_s5,08,0,-4,17389,27.3665,23.18616490074752,21.706475070691948,23.75883382628973,0.1109899246572447,0.10937010497319821,0.10384723428937237,2.10689719631626,0.9760768301799988,17389,0.9920639484731727,0.9953418827994709,0.10581497981697009,0.10807273690171298,0.1591002696639817,0.09349372240315953,0.07778027029664975,0.06419199027339015,0.06613336120087876,1.4087794784408278,0.9796423026050952,17389,0.9937891770659613,0.9952843751797114,0.07557872179432042,0.08951530034246183,0.047360874480279404,0.08396975862358781,0.13122395931980985,0.12242315285201974,0.1305396611340346,1.8824195798725698,0.9130484789234573,17389,0.9940192075449997,0.9953418827994709,0.12995546996678234,0.14351156248642538,0.09187443331092364,0.14242878528842146,0.06289418319680849,0.04628057840159285,0.04701954881591819,1.3122633293742685,0.9832077750301915,17389,0.9938466846857209,0.9952843751797114,0.060716135543452406,0.07208739123383419,0.04269895819358442,0.06136080242576322
08_003475_003495_s5,08,1,-3,16425,27.3665,23.18616490074752,21.706475070691948,23.75883382628973,0.12363184241226287,0.11794177001740644,0.11161199547986267,2.3306520509850723,0.9616438356164384,16425,0.9901978691019787,0.9976255707762557,0.1011592438397665,0.15440498128602725,0.18655567902454923,0.16935636180140004,0.07565205432611259,0.058945669996337206,0.06043297153594751,1.077567944672664,0.9640791476407915,16425,0.9951293759512938,0.9982952815829528,0.08892088402995887,0.05692335497574123,0.041268594022109986,0.03273146224938821,0.12626800488282783,0.11620420484993882,0.12332343763140008,1.4583934338552351,0.8960730593607306,16425,0.9948249619482497,0.997869101978691,0.14341500559757048,0.10601333648886184,0.07056058417507131,0.07335999654973363,0.06344932959358726,0.04341573432814191,0.04382746717278385,1.065392742971228,0.9737595129375951,16425,0.9945205479452055,0.998234398782344,0.07049482716340458,0.05317481258366662,0.04638983622453939,0.037061046305251574
08_003475_003495_s5,08,2,-2,15775,27.3665,23.18616490074752,21.706475070691948,23.75883382628973,0.19816099669886492,0.1963204641515341,0.1792890022282303,2.7928546091321804,0.8472900158478606,15775,0.979080824088748,0.9908082408874802,0.1888119105168342,0.21099403509439943,0.24888021568511237,0.2365742936269368,0.06846840008519241,0.04347883506722045,0.04309665599248502,1.1238827355504237,0.9668462757527734,15775,0.9864342313787638,0.995689381933439,0.07269597678782863,0.050943126808987306,0.08464477753261378,0.058242075775104395,0.08516794317644036,0.05760188242405108,0.059184507340636294,1.0660988266658664,0.9525832012678288,15775,0.9876386687797147,0.9976545166402536,0.09921323317676228,0.05085475911780487,0.05943112259685757,0.031179285623353523,0.0776455603956733,0.05641957549038276,0.055412265925775195,1.2724162563734231,0.9641204437400951,15775,0.985229793977813,0.9953090332805071,0.07886333297503594,0.06641201916273545,0.10299764487439199,0.07746454717543685
08_003475_003495_s5,08,3,-1,14999,27.3665,23.18616490074752,21.706475070691948,23.75883382628973,0.2530351951647561,0.2501633468511449,0.22346715423444952,3.494312689932826,0.4980998733248883,14999,0.9771984798986599,0.9947329821988132,0.2683763159856039,0.2218762967736157,0.29300938144004235,nan,0.08414267088959478,0.06431476007611951,0.06289392994541698,1.5649400299025409,0.9537302486832455,14999,0.9891992799519967,0.9960664044269618,0.08788381417271549,0.07054920686260337,0.11992213939145363,nan,0.06544896100774154,0.04310929308820854,0.043118343027848116,1.3321210045796996,0.9618641242749517,14999,0.9915327688512567,0.9962664177611841,0.06548699068074154,0.06373720486455345,0.07260767145822582,nan,0.1007191790871483,0.08823944222202065,0.08484538828511123,1.7607664728746881,0.9477298486565771,14999,0.98859923994933,0.9960664044269618,0.10797387244000052,0.08082373566643798,0.14209794480272334,nan
08_003475_003495_s5,08,4,0,17097,27.3665,23.18616490074752,21.706475070691948,23.75883382628973,0.2977456841974562,0.2956178353658535,0.25914265611540155,3.8586049728835596,0.34865765923846287,17097,0.9506931040533427,0.9935661227115868,0.2904217533109427,0.3166906212657817,0.2812607907719163,0.31588643553751017,0.11547584793629685,0.10102702320909794,0.09655991048759249,2.0808278482074183,0.9132596361934843,17097,0.9861379189331462,0.9964906123881383,0.10210216026093327,0.13449098858808253,0.1537085928009102,0.14882514170314162,0.08028449790790873,0.05448717058865436,0.05430823690403663,1.773362883282129,0.9409837983271919,17097,0.9884190208808563,0.9945604492016143,0.07000278398087398,0.09203376133176736,0.12263935748076979,0.08969139007475067,0.13642519544353698,0.1270377039690822,0.11992554515450449,2.2686289323035314,0.8958296777212377,17097,0.9842662455401533,0.9957302450722348,0.12422324666076463,0.15438001082177197,0.16853944080318328,0.1717110609819399
08_003500_003520_s5,08,0,-4,16681,27.3665,24.079386424431313,22.446451123172828,23.67943773031545,0.27716451199584824,0.2538343919376694,0.2266587035009704,3.3527659865674826,0.453629878304658,16681,0.9489239254241353,0.9890893831305078,0.2888353706423237,0.2707851446515381,0.21943620873140687,0.20671591840935769,0.14712449629645166,0.10625912444332293,0.10120496423019176,2.3418567459795523,0.8491097656015827,16681,0.9461063485402553,0.9890294346861699,0.14267693975353257,0.16160893351491246,0.12492826718996737,0.10254575278136427,0.09589456908689661,0.040018902040341045,0.03959400300855753,2.2191041878427207,0.8898147593069959,16681,0.9427492356573347,0.9817157244769498,0.08103352972218365,0.12075922635860398,0.10909884169204581,0.061130070945442434,0.1327105585296976,0.08862348474817373,0.08505982058324157,2.281665864415402,0.8616389904681974,16681,0.9458066063185661,0.9896289191295485,0.12584290693015984,0.14984574243991963,0.11780172781617819,0.09053311043861825
08_003500_003520_s5,08,1,-3,17230,27.3665,24.079386424431313,22.446451123172828,23.67943773031545,0.2089315334206776,0.18286115089367544,0.16800410958711243,2.5682635818575243,0.8096923969820081,17230,0.9600116076610563,0.9784677887405687,0.2443203504791318,0.1622706779082692,0.16220106817485014,0.08766693703578687,0.09187942808115292,0.049839730962821446,0.04896282125753215,1.989355293248211,0.9281485780615206,17230,0.9691816598955311,0.975507835171213,0.10179728724177162,0.06922176157953054,0.1191487464280265,0.06033491355116646,0.08540323759685255,0.04568578247471762,0.046226199243047716,2.155047783432331,0.9355774811375508,17230,0.9690075449796866,0.9777132907719095,0.07307939749761376,0.08774690512151517,0.1607104427047264,0.12386765936473398,0.08354285520800141,0.03891371911132155,0.03853476054955518,2.000781158631254,0.9301218804410911,17230,0.9692396982008126,0.9759141033081834,0.08744285509946284,0.06706007578215402,0.12600946383953496,0.07574159096487977
08_003500_003520_s5,08,2,-2,17904,27.3665,24.079386424431313,22.446451123172828,23.67943773031545,0.1220976888545877,0.10621275193804872,0.10174468961361471,1.8131771407950097,0.9452636282394995,17904,0.9772117962466488,0.9857015192135835,0.1212751653748504,0.13049277208731913,0.08487609285164402,0.062017719671182824,0.0744909598515569,0.04699810156721728,0.04754144138906358,1.6724405654151464,0.9343163538873994,17904,0.9771559428060769,0.9835232350312779,0.060230650036942904,0.10365899792052163,0.07498023289278642,0.11866864338429829,0.11800126698783463,0.10091072069061993,0.10624819195022772,2.0637877267473894,0.897899910634495,17904,0.9750335120643432,0.9817917783735478,0.10298272621316393,0.1465189319156722,0.13143661143722704,0.17843582594272175,0.08127782228504764,0.05576349049786174,0.05698867167049171,1.7465608107501163,0.9248771224307417,17904,0.9766532618409294,0.9830764075067024,0.06614977323382357,0.11123457225541497,0.08769852483649036,0.1333071943402385
08_003500_003520_s5,08,3,-1,16406,27.3665,24.079386424431313,22.446451123172828,23.67943773031545,0.14090575075229742,0.11421812941816195,0.10854055128367024,1.7966453871065766,0.892600268194563,16406,0.9681214189930514,0.9879312446665854,0.16332912068313823,0.11953409394358525,0.07189134119099702,0.06998032587484337,0.09090621065126733,0.061231770595209886,0.061562356938809404,1.5850319611950399,0.9255760087772766,16406,0.973424356942582,0.9894550774107034,0.09004276257699606,0.09213502905024164,0.08626148515974663,0.14778433495138754,0.12109218536377953,0.10171631705679277,0.1067747210954364,1.9694419615609349,0.8944898207972692,16406,0.9717176642691698,0.9875655248079971,0.10636427204910137,0.1372565383947877,0.14586865713220123,0.2055770469090064,0.09457388109813294,0.06567641973957776,0.06675734315489246,1.6556871427112696,0.9247836157503353,16406,0.9729976837742289,0.9884188711447032,0.08994842426982295,0.09956697270125335,0.10011232456920831,0.1619392862584296
08_003500_003520_s5,08,4,0,15543,27.3665,24.079386424431313,22.446451123172828,23.67943773031545,0.13048308292552427,0.1225578883495144,0.11580954905310747,1.5340695498558055,0.9423534710158914,15543,0.9861030689056167,0.9980055330373802,0.13585583717481403,0.12445955921550744,0.08627681515382367,0.08405165310427544,0.0604366908108838,0.03466113542478296,0.03466796833327024,1.1612685458467529,0.9554140127388535,15543,0.9902206781187672,0.9969761307340925,0.06286820389126342,0.04885822033081417,0.08361032864511245,0.12431941029021774,0.1026393781494069,0.08609596964557908,0.0897777924616181,1.5253355869165235,0.9454416779257544,15543,0.9882262111561475,0.9953676896352056,0.10000094685539586,0.10140348630160964,0.14357510347203692,0.18370338803614245,0.06587037106430173,0.0409909598329195,0.04167344720606159,1.2236967413006905,0.9560573891784083,15543,0.9895773016792125,0.9966544425143151,0.06628242700182248,0.05805382923467343,0.09794313033112181,0.138864104334485
08_003525_003545_s5,08,0,-4,16535,27.3665,23.158065433453544,21.50829181763285,22.960542848828194,0.21412319971549568,0.2046097042828008,0.18623471646810574,2.85184115556182,0.7021469609918355,16535,0.9853643785908679,0.998185666767463,0.20336652843791547,0.25122296374622727,0.19808944270994827,0.2390210564782397,0.06542907113729095,0.047256173532126224,0.04696204739899201,1.2968650520151281,0.9734502570305412,16535,0.9913516782582401,0.9970970668279407,0.05744167369181944,0.0813027433282668,0.0878645176149231,0.051607996372971844,0.07628170833392757,0.06474360918965691,0.06666856745448757,1.3015141863482715,0.9726640459631085,16535,0.9912912004838222,0.9958875113395828,0.07725423454314279,0.06847132744237108,0.09169740221275897,0.033600916064127254,0.0634772874314992,0.045917254540506096,0.04597874400496149,1.2680246799049235,0.9750831569398246,16535,0.9912912004838222,0.9969761112791049,0.0564702578066782,0.07622477299181936,0.08673644154430708,0.0444020883112179
08_003525_003545_s5,08,1,-3,16324,27.3665,23.158065433453544,21.50829181763285,22.960542848828194,0.2095712941103261,0.20193388003671287,0.18409961707847855,2.514116029739954,0.8048272482234746,16324,0.9710855182553296,0.9906885567262925,0.2198184934804839,0.1874475793493992,0.21148441694326978,0.11701564685641709,0.0720761158699809,0.03880078253692032,0.038503793993386215,1.6845585781440282,0.9268561627052193,16324,0.9760475373682921,0.9912398921832885,0.058714455089913145,0.10013980377157247,0.08113212886049688,0.10796396307420966,0.09258504128468495,0.06424999154604805,0.0662637694988053,1.9318803265324542,0.9081107571673609,16324,0.9762925753491791,0.9891570693457485,0.0797788969989469,0.12033548052546471,0.09261337024466111,0.1700134331358247,0.07035497153407134,0.03653180271260742,0.03640684584985965,1.6963937427157585,0.9252021563342318,16324,0.9759250183778486,0.9911786326880666,0.0564178572578533,0.09965675735873564,0.07909253714123868,0.11442308846135937
08_003525_003545_s5,08,2,-2,16737,27.3665,23.158065433453544,21.50829181763285,22.960542848828194,0.20247065317264212,0.19563321621237914,0.17898128032946592,2.3473035911929263,0.7642349286013025,16737,0.9756228714823445,0.9876919400131445,0.20940551012737177,0.1894269385884117,0.1787742732874089,0.1785055304750512,0.07784422658420184,0.05359402583929303,0.053165262503593436,1.1966881730517918,0.9500507856844118,16737,0.9791479954591623,0.9924120212702396,0.0785061845097855,0.07961379930712638,0.05776167027407153,0.07789329869170304,0.09544363322090103,0.07216691348370168,0.07458675632727374,1.3884492258188152,0.9296170161916711,16737,0.9814781621557029,0.9928900041823505,0.0951344232174648,0.09773956731105517,0.08544868936916654,0.11151388919725964,0.07680051302944951,0.0514008407813125,0.05105630291980967,1.1955148343671604,0.9502897771404673,16737,0.9794467347792316,0.9924717691342535,0.07730411673018414,0.07900785788567694,0.05642843643596533,0.07755697253270803
08_003525_003545_s5,08,3,-1,15174,27.3665,23.158065433453544,21.50829181763285,22.960542848828194,0.19976044531740522,0.20106922100912994,0.18341937831151411,2.1129620199702406,0.8243047317780414,15174,0.9789112956372743,0.9947937261104521,0.21767582490351703,0.15765617589117126,0.16589751977630507,0.12187841246150831,0.07653337503317914,0.04400304517464855,0.04358015735791243,1.3763361037905795,0.935481745090286,15174,0.9775273494134704,0.9931461710821141,0.0759071825362073,0.08405907543631684,0.05356255808832657,0.10338101694143847,0.09799960412360698,0.06755960328181296,0.06954999991602373,1.7246628889200082,0.8977197838407803,15174,0.9735732173454593,0.9902464742322393,0.08737505498724334,0.12523293331266655,0.10828792656959253,0.16725588360267338,0.07498935889417374,0.04006270366918013,0.039823802086400795,1.4005927437919636,0.9348886252800843,15174,0.9770660340055358,0.9925530512719125,0.07295342120140799,0.08524671146156607,0.056711495695650926,0.11102856848095705
08_003525_003545_s5,08,4,0,14120,27.3665,23.158065433453544,21.50829181763285,22.960542848828194,0.16021452603530567,0.1668815824435343,0.1574811695953866,2.0965889434671334,0.8951841359773371,14120,0.9869688385269122,0.9941218130311614,0.16288878583194202,0.1639236059177914,0.11941686784686933,0.10776725298102195,0.10112497215639489,0.053016938697873994,0.05274206048765895,1.837836527438388,0.8327195467422096,14120,0.980028328611898,0.9929178470254958,0.10590021277329523,0.09403199382076897,0.07560888836167283,0.19256940772862474,0.14441454367017204,0.10652188087797625,0.1125915820760035,2.272656630561131,0.7652266288951841,14120,0.9186260623229462,0.9924929178470255,0.1503530711362319,0.1300898681007243,0.13878044843266765,0.250090520256941,0.10346038615937779,0.053070134442508354,0.0535779715410486,1.8779618605594233,0.8260623229461757,14120,0.9771246458923513,0.9929178470254958,0.10848949283842627,0.09477938580384719,0.08220381592186887,0.19945624281203503
08_003550_003570_s5,08,0,-4,15360,27.3665,26.90554080010157,24.208948241236612,26.655801251114497,0.09070383632103686,0.058853636180020014,0.058119365008184376,1.9118289051856665,0.9315755208333333,15360,0.970703125,0.9841145833333333,0.10075228729831669,0.06854624484714261,0.0851263107452724,0.09679865926909587,0.08454717957601442,0.049567454335735235,0.048837220521824376,1.8930034800423905,0.9391276041666666,15360,0.9707682291666667,0.9842447916666667,0.09372944047498834,0.06512147230518839,0.07775282414700817,0.0875203982429675,0.1220223535375467,0.09170483095576173,0.09546695563684426,2.35096085479692,0.898046875,15360,0.9708333333333333,0.9850911458333333,0.1235403760306492,0.1202221030787057,0.11396248219117074,0.12906160949969975,0.08227503499292878,0.044166242100943914,0.0436738059081303,1.8957594887368132,0.9420572916666666,15360,0.9707682291666667,0.9843098958333333,0.09083783633452906,0.0647175332113061,0.07494377338677342,0.08285717507610063
08_003550_003570_s5,08,1,-3,16172,27.3665,26.90554080010157,24.208948241236612,26.655801251114497,0.08839884102136875,0.0497668908234538,0.04890989126829748,2.519276820970928,0.9283947563690329,16172,0.9747712094978976,0.9876329458323028,0.08955138130565649,0.06852441283041974,0.13225896512668153,0.13167986184989586,0.08497969156555389,0.041194000787759893,0.04110558237460926,2.5338673002605256,0.9297551323274796,16172,0.9748330447687361,0.9883131338115261,0.08488473228013614,0.06699217120044154,0.12858691159564248,0.1390028000124721,0.13358056662187132,0.10430051004582352,0.10987158526282703,3.051406084008937,0.8418253771951522,16172,0.9636408607469701,0.9882512985406876,0.12807660864077897,0.1237804123449552,0.1781064286622746,0.20679057964448702,0.08476550803088091,0.041242236371660045,0.04140800144511625,2.5518018030547,0.930311649765026,16172,0.9744620331437052,0.9885604748948801,0.08427354284744133,0.06766805149635342,0.12747512038991327,0.1429807751275664
08_003550_003570_s5,08,2,-2,16839,27.3665,26.90554080010157,24.208948241236612,26.655801251114497,0.08622973657544987,0.04756137414800392,0.0468812582759206,2.4746016892357883,0.9138309875883366,16839,0.9738107963655799,0.9855098283746065,0.07039839308799804,0.10300181474791341,0.10872457955590178,0.14708515492124352,0.0788028405240374,0.037988595606524234,0.03772959432901679,2.489818985449306,0.9119900231605202,16839,0.9723855335827544,0.9842033374903498,0.059239186453538546,0.09878781180547055,0.10809029795453752,0.1611434136234789,0.11764331803280964,0.08794194998131832,0.09175531034588591,2.980897304773383,0.8922738879980997,16839,0.9626462379001128,0.9795118474968822,0.08587638829813961,0.1484013406895825,0.16967362027427513,0.24521733897528766,0.07623130647257499,0.03422712987059975,0.03409389560289666,2.5073725505617412,0.9102678306312726,16839,0.9713759724449196,0.983490706098937,0.05438724765100118,0.09800171940286359,0.11023996583563614,0.16892975276837785
08_003550_003570_s5,08,3,-1,15458,27.3665,26.90554080010157,24.208948241236612,26.655801251114497,0.11263851321750436,0.04972093729175628,0.04909496124545876,2.698454923219398,0.8747574071678096,15458,0.9527752620002587,0.98246862466037,0.13175637385863553,0.11136882716142273,0.07026138003474647,0.21894489980462475,0.1046211834459931,0.04078528932828446,0.040395520983377176,2.716068481836759,0.8737870358390477,15458,0.9531634105317635,0.9814335619096908,0.1189040187255365,0.10814041374552484,0.06525831141788095,0.23210093123219666,0.13883952227681348,0.0948663324984079,0.0991349405978712,3.302061927262824,0.8335489714063915,15458,0.9510285936084875,0.9768404709535515,0.1240427442636938,0.15795351203254662,0.13840140818033636,0.30906317964724334,0.10220457078385486,0.03817305226643905,0.03814236306830754,2.736892420683239,0.8724932074006987,15458,0.9531634105317635,0.9814335619096908,0.11355536147395934,0.10868695946565615,0.06470290331084842,0.2392286365820531
08_003550_003570_s5,08,4,0,16225,27.3665,26.90554080010157,24.208948241236612,26.655801251114497,0.1124678735767581,0.06913661933581615,0.06710962223029426,2.339864108222149,0.8988597842835131,16225,0.9680123266563945,0.9834822804314329,0.12336890911392347,0.10370087342688529,0.09229524055415682,0.16584962148986787,0.10116080871108162,0.053982265115540606,0.052816199794863294,2.314771543805269,0.9020030816640986,16225,0.9683204930662558,0.9837288135593221,0.10787436850418759,0.09613950186151016,0.08675752561655012,0.17989998566040494,0.11116764918228093,0.07273605350321828,0.07515823777296493,2.6396088711925856,0.8871494607087828,16225,0.9632049306625577,0.9834206471494608,0.09439884080730462,0.1312399531956744,0.1253942956140725,0.26209404422342214,0.0958296366834425,0.046363099829225596,0.0455824285639288,2.311423630782144,0.9044067796610169,16225,0.9682588597842835,0.9834822804314329,0.09995854897285031,0.0936497669895266,0.08430654098871818,0.1875122246868247
08_003575_003595_s5,08,0,-4,16502,27.3665,24.70638047451069,22.03255272570301,23.36687991814122,0.2277340486389674,0.20687543808411205,0.1883482498308091,2.9577317425864824,0.7915404193431099,16502,0.958308083868622,0.9798206278026906,0.25058013099543774,0.20817096770162763,0.1524127047509128,0.08204379927616626,0.12437740142970434,0.09331773050960554,0.08955851164119477,2.151291316020569,0.9127984486728882,16502,0.9677614834565508,0.979154041934311,0.1375713859915056,0.11603249119111586,0.066561309330806,0.11360335798411049,0.081960924257408,0.04494084751244462,0.04584090698133947,2.2497218899534954,0.9214034662465156,16502,0.9687310629014665,0.9807902072476063,0.07212291953283584,0.09600077029664263,0.0916842928619173,0.20275126359881088,0.08333391566568854,0.04329612021277317,0.04269787757123822,2.0668295732792425,0.9232214277057327,16502,0.9693976487698461,0.9810326021088352,0.08723918121790003,0.08341151774469897,0.05325879722835427,0.15446858472083877
08_003575_003595_s5,08,1,-3,15956,27.3665,24.70638047451069,22.03255272570301,23.36687991814122,0.20971998016721735,0.15807994460298141,0.14705749828518755,2.833998360643801,0.8806091752318876,15956,0.9440335923790424,0.9718601153171221,0.25492293853487435,0.16671666070050922,0.163188568335441,0.12278420908936206,0.11217385756817481,0.05628194185808144,0.05515547430548762,2.2402041488564017,0.9148909501128102,15956,0.9541238405615442,0.9712333918275257,0.14576618467254063,0.07515023229130385,0.09231685733033737,0.13910052635017825,0.11969816464041906,0.08276837127893358,0.08623853245284385,2.5429749410620075,0.91144397092003,15956,0.9548759087490599,0.9686638255201805,0.1216254560678884,0.11412567927407759,0.12566039916079128,0.2207841159718883,0.09649451815635886,0.038377367941577124,0.03861552659258649,2.2766175138858613,0.9177738781649536,15956,0.9553146151917774,0.9707320130358486,0.11462181133044573,0.07418287999395448,0.09095715010793096,0.17359353593412674
08_003575_003595_s5,08,2,-2,16547,27.3665,24.70638047451069,22.03255272570301,23.36687991814122,0.19605628563102512,0.1659857039304123,0.1537386631418578,2.4066938725639155,0.9023387925303681,16547,0.9568501843234423,0.9817489575149574,0.22404278233982475,0.15591909882179464,0.1397885697374171,0.09943138468943864,0.09172443271300268,0.05689184351092135,0.05550963947903531,1.7404714101914058,0.9348522390765698,16547,0.96573396990391,0.9789689974013416,0.11291400154847409,0.05321593476684308,0.07725047214830794,0.09634695672941233,0.09860931377735162,0.06930077966461666,0.07171602285582068,2.0000337593078545,0.9332205233577083,16547,0.9703269474829275,0.9794524687254488,0.09974661754038551,0.08684097998126632,0.13173566184685565,0.18809036198974005,0.07074595878349582,0.03237259571419185,0.0324160321732645,1.745255411068008,0.9356378799782438,16547,0.9680304586934187,0.978545959992748,0.08039461934917509,0.0465772102907496,0.0869386967984458,0.13891979508870542
08_003575_003595_s5,08,3,-1,16019,27.3665,24.70638047451069,22.03255272570301,23.36687991814122,0.17372057401869895,0.13097875436554124,0.12335312159946765,2.070971792522638,0.8752106873088208,16019,0.9604844247456146,0.9872026967975529,0.2031404047216558,0.1346887249659676,0.1097057235573477,0.10401979157812731,0.09036273354500643,0.036556620254125004,0.03640152337328617,1.7123362386188472,0.9121668019227168,16019,0.9803982770460079,0.9873899744053936,0.10629622175276728,0.054692242410533845,0.1010731060826384,0.14803075271103355,0.12789751937407023,0.09918500294527206,0.10401863599623784,2.238137177381867,0.9062987702103752,16019,0.9748423746800674,0.9870778450589924,0.13034554610305918,0.10456085957957562,0.18608817141513356,0.24023442523531285,0.0951455894559107,0.0535711925047157,0.05454542812324803,1.8818765741590173,0.9129159123540795,16019,0.9795867407453649,0.9870154191897123,0.10246755278052444,0.0666471871805921,0.1382681594308189,0.194221787530182
08_003575_003595_s5,08,4,0,16466,27.3665,24.70638047451069,22.03255272570301,23.36687991814122,0.1577666311938058,0.12407537828871573,0.11740227851723994,2.164515339045935,0.8661484270618244,16466,0.9613142232479047,0.985120855095348,0.16901617467284002,0.14210796850972082,0.11373308817776964,0.07390132493198157,0.09162711859501095,0.042709922923700724,0.04255331389047956,1.9974041843236272,0.9001579011296004,16466,0.960281792785133,0.9927122555569051,0.08929017216328697,0.09034540421401059,0.11647072753292587,0.12828863439441918,0.13451523130428975,0.10612125926938182,0.11172575027514275,2.4868803752859328,0.8652374590064376,16466,0.9564557269525082,0.9873679096319689,0.11841239016897986,0.1574978122320619,0.19712795326071783,0.22262888146994314,0.10154243460278617,0.06000446304552401,0.0611637180688519,2.174060504174272,0.9003400947406778,16466,0.9571845013968177,0.9910725130572088,0.08998504441673667,0.11590328438779163,0.1537789667641602,0.17555002342819237
08_003600_003620_s5,08,0,-4,16263,27.3665,22.33776391024218,22.36224591869398,21.83916911864838,0.2860688897244288,0.26682188039102916,0.23707907073489798,3.3462712088275213,0.37287093402201316,16263,0.958740699747894,0.9850581073602657,0.31319362031745307,0.24428381598541746,0.24010719105316103,0.22719478488287528,0.08568754164923444,0.04764472445378997,0.04677506575823065,1.655284404600229,0.9227079874561889,16263,0.970731107421755,0.988501506487118,0.08775111278305231,0.08929795850089013,0.057550821738273555,0.0872438060139131,0.0863337052462615,0.04847009218996738,0.04763991678612989,1.6564264501520567,0.9222775625653323,16263,0.970915575232122,0.9883785279468733,0.08857031523194094,0.08968850200802274,0.057880145035363574,0.0871876717936884,0.07604945448399891,0.03553148532010745,0.03531316322162459,1.6560619137281247,0.9271967041751215,16263,0.9691323863985735,0.9886244850273628,0.07507875166307018,0.08384940314635822,0.054534066965677606,0.08960295519751328
08_003600_003620_s5,08,1,-3,16097,27.3665,22.33776391024218,22.36224591869398,21.83916911864838,0.2839137547168349,0.2808802880288029,0.24822950656278042,3.407270846500849,0.3391315151891657,16097,0.9581909672609803,0.9837857985960117,0.2978066815794192,0.2689270132096922,0.2210459822456463,0.2828627092309516,0.08931421513085518,0.06118783838424804,0.06015762893771792,1.817511626231222,0.9310430515002796,16097,0.9691868049947195,0.9865192271851898,0.08449181405452103,0.09497627144302234,0.10741532819892882,0.13622190533692624,0.08990240206082117,0.06175696276855831,0.06085048987700925,1.8190445877983021,0.9311051748773064,16097,0.9691246816176927,0.986457103808163,0.08521290735481189,0.09545079671457804,0.10728655481295954,0.1366391125753101,0.07940359689819326,0.048637053415102875,0.04826981339880865,1.8066628650974443,0.9318506554016276,16097,0.9683792010933714,0.9856494999068149,0.07227875087589973,0.08690723831982929,0.11046678928172692,0.12879970391133483
08_003600_003620_s5,08,2,-2,16246,27.3665,22.33776391024218,22.36224591869398,21.83916911864838,0.28031605535885146,0.27146089574809273,0.24048097622521736,3.1206173885393307,0.3892034962452296,16246,0.953219253970208,0.9766711805983012,0.30817579205655815,0.2589284895569976,0.17255582024790359,nan,0.0917394296462551,0.05550875040854317,0.054808450637061856,1.7322004883325293,0.9203496245229595,16246,0.9672534777791456,0.980549058229718,0.09160823972948484,0.09441793610196834,0.08511654467564961,nan,0.09221622911829536,0.056084078723386104,0.055380032610437224,1.732081872250569,0.9204111781361566,16246,0.9671919241659486,0.980549058229718,0.09223927132701817,0.09489391086826335,0.08466553934332519,nan,0.08413730620385564,0.04291297824942615,0.0423991395024923,1.7548760232120315,0.9188723378062292,16246,0.9666379416471746,0.9806106118429152,0.08111079858246714,0.08685896186133754,0.09487289450208926,nan
08_003600_003620_s5,08,3,-1,17423,27.3665,22.33776391024218,22.36224591869398,21.83916911864838,0.22967910964892407,0.23018466248506556,0.20741745947036905,2.7483250815261417,0.5553004649027148,17423,0.9821500315674683,0.994891809676864,0.23524554608483086,0.2152742237935258,0.20935268374348495,0.40221210427691806,0.06569987835925971,0.049642787652730856,0.04926216378054171,1.3377937387475607,0.9692934626642943,17423,0.990185387131952,0.9951787866613098,0.06448280481268906,0.06523188567132929,0.08055317364606636,0.3056187991306839,0.06579398548822146,0.04994307200975872,0.049627483638088776,1.3376795554707739,0.9692360672674052,17423,0.990185387131952,0.9951213912644206,0.06458834618371546,0.06528793768799523,0.08065625671113674,0.3057544836052607,0.06558756191622807,0.044381094940677004,0.04425585002411614,1.362459638607939,0.969867416633186,17423,0.9900132009412845,0.9951787866613098,0.06374928627049502,0.06703937834233888,0.08068842107112603,0.3032526106067009
08_003600_003620_s5,08,4,0,17780,27.3665,22.33776391024218,22.36224591869398,21.83916911864838,0.23539342823489737,0.24176881782517112,0.21653682905263694,2.3070111416082644,0.5467379077615299,17780,0.9964566929133858,0.999718785151856,0.23546775264881184,0.22849334978052258,0.2601965550790228,nan,0.04772190854580452,0.042664587214979954,0.042547875016996195,0.7642322605405023,0.9955568053993251,17780,0.9994938132733409,0.9996625421822273,0.047498938004114026,0.04643935951688739,0.055398187742719526,nan,0.04797459768816202,0.04301071442881619,0.04274322315483914,0.766066677994187,0.9954443194600675,17780,0.9994938132733409,0.9996625421822273,0.04772166879855331,0.046777728513030005,0.0559156604296025,nan,0.04601269264506053,0.03739146060932866,0.0372705629109491,0.7549900503004243,0.9962317210348707,17780,0.9994938132733409,0.9996625421822273,0.04623199167637854,0.043942231213976946,0.04779617400785769,nan
08_003625_003645_s5,08,0,-4,16527,27.3665,23.68616555970318,23.143262148953745,23.9740072765937,0.20093939859411386,0.20199308268229152,0.1855354372238569,2.74249241453919,0.7173715737883464,16527,0.9802747020027833,0.9844496883886973,0.19321405157396146,0.23379704176690425,0.1932935107189442,0.13725741972168196,0.11608402437628487,0.05365723036210642,0.0531528094136271,1.7808876745904605,0.7847764264536818,16527,0.946693289768258,0.9840261390451988,0.1256257996876832,0.09953693528576177,0.075408349578971,0.14226184045830653,0.11505606475752149,0.044905389577255664,0.04474313436046984,1.7727410039928124,0.7830822290796878,16527,0.9078477642645368,0.9837841108489139,0.12767638868808523,0.0884626902202119,0.07182054986509628,0.14682772166762076,0.1190111374703368,0.06100365620808169,0.059891500728928904,1.8030001574327932,0.7848974405518243,16527,0.9565559387668663,0.98408664609427,0.12684796150960878,0.10765310699096295,0.08064732696181956,0.14092862742874893
08_003625_003645_s5,08,1,-3,16432,27.3665,23.68616555970318,23.143262148953745,23.9740072765937,0.18863894286522653,0.17559427397030325,0.16182386650654823,2.616062575179566,0.8868062317429406,16432,0.9696324245374879,0.9931231742940604,0.18181941913527253,0.21199887957031677,0.1855729376603286,0.1312847656568907,0.07146869155475587,0.042802944351350986,0.04242877304348913,1.5833782444212017,0.94115141187926,16432,0.9820472249269717,0.9953140214216164,0.06513208311411606,0.07531759487861932,0.10521068984644545,0.13053224544526906,0.06890045463916052,0.03785109213175338,0.03792599926005069,1.577277362485746,0.941333982473223,16432,0.9810735150925024,0.9953140214216164,0.06474178991282986,0.06568339607103306,0.10335529807712361,0.13260523769636592,0.07520618896362039,0.04715284370892739,0.04673300541569514,1.6068658545112149,0.9410905550146057,16432,0.9813169425511198,0.995070593962999,0.0679107235550102,0.08239250173798204,0.10822397387385248,0.12968805149208737
08_003625_003645_s5,08,2,-2,16066,27.3665,23.68616555970318,23.143262148953745,23.9740072765937,0.16280981881445908,0.14323768392121788,0.13440313512602997,2.3876144613510473,0.9029005352919208,16066,0.9673222955309349,0.9915971617079546,0.16663392640011118,0.15640675604144316,0.158200266725888,0.12056522946378372,0.08033769636700668,0.051437332466936624,0.05188212372878154,1.6958046725303761,0.9352670235279472,16066,0.9739200796713556,0.993215486119756,0.08068967110303137,0.08071678577228102,0.07746590145183975,0.09593248533089423,0.0844132825544102,0.05945929592906346,0.060897254984087046,1.764228692194476,0.936511888460102,16066,0.9752894310967261,0.993215486119756,0.08481964628690775,0.08541724731383399,0.08002780695107434,0.10168420453748209,0.08034609942773993,0.05156750584609063,0.051481484952972334,1.6788042188299053,0.9343956180754388,16066,0.9739823229179634,0.9935267023527947,0.0803266794134513,0.0812500132528546,0.07828748672769584,0.0940548498155818
08_003625_003645_s5,08,3,-1,16286,27.3665,23.68616555970318,23.143262148953745,23.9740072765937,0.1581829110328572,0.14685076536706745,0.13762697849492678,2.3735134476737487,0.9024929387203733,16286,0.9864300626304802,0.997666707601621,0.1545954874828607,0.18361775439454528,0.12315828693705085,0.12135974693547225,0.0668384400611514,0.047125967925309264,0.04736811472670199,1.5982016859194472,0.955790249293872,16286,0.9874739039665971,0.9977895124646936,0.05824126751317276,0.07508136131599571,0.09515935436401132,0.1163049983419871,0.07067198730022911,0.050191496244136845,0.05086525826128907,1.6612748665528874,0.9497728110033158,16286,0.9872896966719882,0.9974210978754758,0.06457120130614721,0.07026790119162578,0.10408713364847968,0.12211060990342765,0.06706603892212057,0.04802634064053163,0.04798231916769946,1.5855802424121026,0.9575709198084245,16286,0.9874739039665971,0.9975439027385484,0.05755790172574903,0.07943025864326266,0.09146171080726115,0.11355519546919508
08_003625_003645_s5,08,4,0,16183,27.3665,23.68616555970318,23.143262148953745,23.9740072765937,0.19080257174078794,0.18688567872117398,0.17224907912674947,2.512608627894334,0.795464376197244,16183,0.9723166285608354,0.9890625965519372,0.20161240685086135,0.19088151634914974,0.1349750713832927,0.1823334474883238,0.10340167802884803,0.06703099721065472,0.06615407052597955,1.7310873777399398,0.8948896990669221,16183,0.9344991657912625,0.9889390100722981,0.11680086145386122,0.08330339375608611,0.10541493329235962,0.03546398034325062,0.10164519934484205,0.0595519722704641,0.0596666151138594,1.769763175792737,0.8837669158994006,16183,0.9303590187233517,0.9891861830315763,0.1159835317000173,0.07751153590413919,0.11299053488126441,0.026435139539810443,0.1054448421994575,0.07204456071608603,0.07089919528128075,1.7291679342764257,0.8976703948588024,16183,0.937403448062782,0.9886918371130199,0.11825288521301797,0.08776820752756051,0.10193932114281146,0.046095715579110075
08_003650_003670_s5,08,0,-4,17253,27.3665,23.36496176826898,21.327096533587596,23.743127912770433,0.1864270349159047,0.165503600493782,0.15323374013188795,2.6551142155494327,0.8622268590969686,17253,0.9761200950559323,0.9917115863907726,0.19145235356998516,0.19261443716056134,0.13903116975191127,0.06090030937548523,0.07026694753834123,0.03748304275369049,0.037386625337753276,1.7220061491196932,0.9318959021619428,17253,0.9831333681098939,0.9899727583608647,0.066763699666777,0.0795551488856282,0.05173062402219627,0.15150066821240926,0.1177595119512693,0.10062576589012404,0.10533218602029626,2.185992106375399,0.9402422767055005,17253,0.979365907378427,0.9880600475279662,0.11097449623440327,0.1273965813569671,0.117301525347085,0.22550580920299182,0.07160026058171519,0.03930750070860114,0.039201297559865456,1.708169248643264,0.9265055352692285,17253,0.9830754071755636,0.9903205239668463,0.06950764831358047,0.07989572438611466,0.04877071642609922,0.1378344065845761
08_003650_003670_s5,08,1,-3,17670,27.3665,23.36496176826898,21.327096533587596,23.743127912770433,0.18904650084948066,0.16313581569674585,0.15127251952108445,2.7197328061268435,0.9149405772495756,17670,0.966213921901528,0.9814940577249576,0.193129188515142,0.1935583788163125,0.15544341306741602,0.039700341080940824,0.06781724516027741,0.032684093546085966,0.032579223896781695,1.6805876101028947,0.9434634974533107,17670,0.9766836445953594,0.9814374646293152,0.0647209287422654,0.07324545572243815,0.058549859168307856,0.14346081999964183,0.12161548791919446,0.09949039587374456,0.10451008782231652,2.1143029042257773,0.9426711941143181,17670,0.9717600452744766,0.980192416525184,0.12046178336401873,0.12347566450626908,0.11555233022981007,0.21816718735333204,0.06840794301116342,0.035435428543701165,0.03535912539452446,1.6774989182853821,0.9427277872099604,17670,0.9760611205432937,0.9816638370118845,0.06513743335910961,0.07487992391268229,0.05646694987299668,0.12959757799960286
08_003650_003670_s5,08,2,-2,17684,27.3665,23.36496176826898,21.327096533587596,23.743127912770433,0.16644915795955117,0.1547291527005002,0.14391687566593503,2.170108835374413,0.9402850033928976,17684,0.9834313503732187,0.9946279122370505,0.17794937037421163,0.16186484852845665,0.11187008496576151,0.08939492716546471,0.053877507188946565,0.03124310195897214,0.0313324095642451,1.4694769448788927,0.9625084822438362,17684,0.9883510517982357,0.9947410088215336,0.05254973353701125,0.04504228800374424,0.09155806658498568,0.20385952191659157,0.11527031379389074,0.1046007365423812,0.11030751723629806,2.075518366008118,0.9479190228455101,17684,0.9862587649852974,0.9945713639448088,0.1136945390587452,0.1071957420224526,0.151098626389332,0.273297983588382,0.052723881496433436,0.03156934254367012,0.03160973909736686,1.4200628042153058,0.9627912237050441,17684,0.9884076000904772,0.9948541054060167,0.05142692056868877,0.045702279918178296,0.08334661455777041,0.19097384386308744
08_003650_003670_s5,08,3,-1,16938,27.3665,23.36496176826898,21.327096533587596,23.743127912770433,0.15898688223094032,0.14462645087543974,0.13523595698673052,1.79490027615565,0.9152202149014051,16938,0.9801039083717086,0.9943322706340773,0.18863250688425853,0.12612619508397918,0.08779848195356266,0.10037606785215518,0.06674894047411391,0.037770202213184,0.038199032132296695,1.4801467982366756,0.952473727712835,16938,0.9864801039083717,0.9968119022316685,0.06576011972326473,0.057941177774835026,0.10239351431768304,0.21496240720869106,0.126405209240314,0.11324842261502224,0.11984299388820308,2.1441759037049715,0.9081355531940016,16938,0.9893139685913331,0.9971661353170386,0.1157243432138122,0.130825368165829,0.17539776618748007,0.2834324879275902,0.06404517176202526,0.035834360405135504,0.03590963932405278,1.4006659011694318,0.951706222694533,16938,0.9857125988900697,0.9969299799267918,0.0669691869198875,0.05061493930113536,0.0916403683490747,0.202256431367645
08_003650_003670_s5,08,4,0,16172,27.3665,23.36496176826898,21.327096533587596,23.743127912770433,0.1498927600344728,0.13972183323114468,0.13102688671645257,2.1521230147907704,0.9308063319317339,16172,0.9893643334157803,0.9987014593123917,0.15000942915498824,0.15371145329220015,0.1411072195630119,0.09205340131190724,0.06276526400309868,0.04003744239168559,0.040515371620595486,1.6450938037924459,0.9523868414543656,16172,0.9946821667078902,0.9970937422705911,0.05025605042311186,0.06770178352496438,0.11932929909433534,0.2248136383542964,0.12478091603123004,0.11645075168343513,0.12350990335571943,2.1891010586488284,0.9050828592629235,16172,0.9917140737076429,0.9962280484788524,0.11571377879551252,0.13027328712816535,0.16004233171360083,0.2924245059630032,0.05872138385198579,0.035644017496826365,0.03569518339029365,1.5959007621119543,0.9530051941627504,16172,0.9949913430620826,0.9971555775414296,0.04658852740193199,0.06320185286431328,0.11441188591774164,0.2122671064763038
08_003675_003695_s5,08,0,-4,16416,27.3665,23.197019447489595,21.172791225686503,23.472890866662073,0.22599903703040075,0.19922718474262235,0.18206197130617596,2.65468931443603,0.8089059454191033,16416,0.9557139376218323,0.9857456140350878,0.26483148535954704,0.171204773924857,0.19062284113723257,0.29429952288771133,0.08132229052189455,0.039489079014863857,0.03916294239735152,1.7748893539594435,0.9168494152046783,16416,0.9743542884990254,0.9879385964912281,0.08648911667594414,0.07237660826074777,0.08696768537487219,0.21318540152850088,0.11011249815995619,0.07962046537941832,0.08288473359060622,2.056156787068119,0.9017422027290448,16416,0.9730750487329435,0.9856237816764133,0.09928051527221911,0.1233683690726207,0.13297757621884118,0.23056725647282542,0.08604850863713863,0.04498459082154884,0.044541923088620705,1.7758577071039232,0.9181895711500975,16416,0.9742324561403509,0.9878167641325536,0.09495599793663059,0.07198678484511711,0.0871001214714867,0.21855227337080296
08_003675_003695_s5,08,1,-3,16623,27.3665,23.197019447489595,21.172791225686503,23.472890866662073,0.17300360347354596,0.16033288154664482,0.14902084289238937,2.2196026203303463,0.8937616555375083,16623,0.9743126992720929,0.9817120856644408,0.1530518544215428,0.2375130320327771,0.17588513070052195,nan,0.06932192184212431,0.04262134890080579,0.042730427428670836,1.4996776173583448,0.9496480779642664,16623,0.974252541659147,0.9794862539854419,0.05463131510896033,0.11582687461548588,0.07645405461225345,nan,0.12465308282942261,0.10756102958315897,0.11351992922101273,1.7907157757667382,0.9328039463394092,16623,0.9666125248150154,0.977200264693497,0.1199375582445188,0.1398426142269958,0.12532345672264003,nan,0.0676758774545359,0.04171813623128346,0.04195441816042922,1.4942489922438047,0.9495277627383746,16623,0.9744330144979847,0.9797870420501714,0.051263663251470894,0.1191412806711073,0.0782734322049933,nan
08_003675_003695_s5,08,2,-2,15849,27.3665,23.197019447489595,21.172791225686503,23.472890866662073,0.1938502657563852,0.1801087473849371,0.16572071137284938,2.8286940276377113,0.8963972490377942,15849,0.9730582371127516,0.9822701747744337,0.1886415992586688,0.21473175198668085,0.18022407246203964,0.20511176301982897,0.05790174629152919,0.031205530016042773,0.031123266442051545,1.9288163134231255,0.9662439270616443,15849,0.9753927692598903,0.9803773108713484,0.04468605675170248,0.09483608941855422,0.07456574454819502,0.07120930818210118,0.10882905412430667,0.08981179851506316,0.094092366736239,2.2051313646455903,0.9541295980818979,15849,0.9756451511136349,0.9815130292131996,0.09939001805788714,0.1327015220248972,0.12744239443550448,0.12419530370366617,0.05968379725266166,0.03520839156208,0.03498356647512013,1.930715332550058,0.9667486907691337,15849,0.9752665783330179,0.9803142154079122,0.04688831375496696,0.09600737428972192,0.07369841339568337,0.07514453211798557
08_003675_003695_s5,08,3,-1,16074,27.3665,23.197019447489595,21.172791225686503,23.472890866662073,0.22788061285350403,0.18732997745398133,0.17202463694937065,2.8950364641297806,0.7039318153539879,16074,0.9456886898096305,0.9695782008212019,0.24642005000244147,0.1967555412513945,0.2023364529244449,0.2108275723479062,0.10811652006230334,0.06563953438020442,0.06592869772651,1.7978143056430476,0.926962797063581,16074,0.959250964290158,0.975177304964539,0.12372391634360166,0.0846265522867662,0.07213127196482504,0.026349395915115044,0.1276510434879948,0.10777836586442252,0.1119680922863806,1.956040896473318,0.9219236033345776,16074,0.9637924598730869,0.9809008336443946,0.1300608487169138,0.12929867964500494,0.0881691945612461,0.06321234357235896,0.10971773652374005,0.0664069742558795,0.0661209173534163,1.8187268324424042,0.9219858156028369,16074,0.9585666293393057,0.9747418190867239,0.12581609329160892,0.08475622604010778,0.07687751173957375,0.038555294395256234
08_003675_003695_s5,08,4,0,16037,27.3665,23.197019447489595,21.172791225686503,23.472890866662073,0.19795659086947845,0.185103440281899,0.1699301667554618,2.7506426768916565,0.7917316206272994,16037,0.9774895554031302,0.9854710980856769,0.18994109500956372,0.20368700451047636,0.2768748201163451,nan,0.06054284020110292,0.041887126758965054,0.04209317824624126,1.6209860085569179,0.9685103198852654,16037,0.9781754692274116,0.9837874914260772,0.04485703157784184,0.08374004553687335,0.11575118679308516,nan,0.09918566991594044,0.0874311908229082,0.0912778861338781,1.761051049738776,0.9662031552035917,16037,0.978237825029619,0.9814803267444036,0.08978507557662326,0.11980033592751314,0.07595042450743578,nan,0.062476922376572125,0.04018168679169414,0.040246475815272964,1.6457075155872103,0.9679491176653988,16037,0.9778636902163746,0.9841616262393216,0.04709442617673945,0.08426102179398251,0.12462721798500392,nan
08_003700_003720_s5,08,0,-4,16002,27.3665,25.261763369788817,21.544423947554098,23.929141155506077,0.16756737303792282,0.1478024198856727,0.1379260277338431,3.2179272577988747,0.9178227721534808,16002,0.9606924134483189,0.9823772028496438,0.14752849344174018,0.21315617879916723,0.18819200508586592,nan,0.09998030606868386,0.06817672118114754,0.06729324866303532,2.6465715966149332,0.9351956005499312,16002,0.9665041869766279,0.9791901012373453,0.08536581786511663,0.13279835122326938,0.11441486531249338,nan,0.12881167194289178,0.10514111413879954,0.11089466408597659,2.682234941534312,0.8923884514435696,16002,0.9695038120234971,0.9851268591426072,0.12858872862104104,0.12024790926569145,0.1503616291647536,nan,0.07983609792881848,0.045926641189916906,0.045673690787276566,2.4850738910402095,0.9396325459317585,16002,0.9702537182852143,0.9807524059492564,0.07236017601422559,0.0930728037713252,0.09486345511391672,nan
08_003700_003720_s5,08,1,-3,14973,27.3665,25.261763369788817,21.544423947554098,23.929141155506077,0.18472590447383655,0.16650303945835748,0.15416320146281715,2.80678896705697,0.8788485941361117,14973,0.9575235423762773,0.988445869231283,0.18369606430298474,0.20389654726444373,0.15561888539494112,nan,0.10464665505961586,0.07858660589661541,0.07587779685526685,2.196468075699194,0.9238629533159688,14973,0.9682762305483203,0.9895144593601817,0.10256097750772751,0.12075697969462014,0.08664459037709224,nan,0.11742040634059492,0.09191778084633626,0.09602176223520642,2.4087987834888733,0.9358178053830227,14973,0.9767581646964536,0.9876444266346089,0.1182389926662606,0.09650978857863407,0.1505800097304453,nan,0.0796175041659571,0.04613492743460863,0.0460171856587166,2.0590087471231135,0.9370867561610899,14973,0.9742202631403193,0.9905162626060242,0.08012496311840474,0.07624717571184703,0.08282104409622208,nan
08_003700_003720_s5,08,2,-2,14961,27.3665,25.261763369788817,21.544423947554098,23.929141155506077,0.16635910146097013,0.12880362193588926,0.1212423354640233,2.6349787159664704,0.9019450571485863,14961,0.9499365015707506,0.9663792527237484,0.19995068348393216,0.16110882457646428,0.07132877922486781,nan,0.09909468394997777,0.050173318527706214,0.04941541307488739,2.3474553011547328,0.9293496424035826,14961,0.952342757837043,0.970723882093443,0.11504403526720754,0.09909895538641439,0.05093418496773215,nan,0.15128386502577268,0.11955042013561143,0.12725258611236923,3.142235750470625,0.8810239957222111,14961,0.9529443219036161,0.9766058418554909,0.13085843065182984,0.18322940684450992,0.17861006231866713,nan,0.08837383969463516,0.04048737908191184,0.04064862849750206,2.4622110253911274,0.9305527705367288,14961,0.9513401510594212,0.9746006283002473,0.08370485021069805,0.09669346806492456,0.09295294602591436,nan
08_003700_003720_s5,08,3,-1,16583,27.3665,25.261763369788817,21.544423947554098,23.929141155506077,0.13543480020820253,0.11200406337698778,0.1064095151835538,2.006724821089378,0.9451245251160827,16583,0.9709943918470723,0.978954350841223,0.17735690910493018,0.11303167607106805,0.08131569699215346,nan,0.07870611282020995,0.045390900409219864,0.044848294819347156,1.702727364235853,0.9387927395525538,16583,0.9708134836881144,0.9790749562805282,0.08922087578938376,0.08262637904327548,0.054266211143436216,nan,0.1513695945146907,0.13192782779969775,0.14146508120808843,2.856562586411189,0.8590725441717422,16583,0.9632153410118797,0.980522221552192,0.11078185562208816,0.20888845369750803,0.16295475256736075,nan,0.0800430495004112,0.04807744864500792,0.048433356217084,1.9287982483560893,0.935777603569921,16583,0.9699089428933245,0.9793161671591388,0.05433898272905011,0.12277648162578031,0.0801958645920491,nan
08_003700_003720_s5,08,4,0,16927,27.3665,25.261763369788817,21.544423947554098,23.929141155506077,0.08305741249450327,0.07399925160630838,0.07189634666209632,1.5837728530377608,0.9798546700537603,16927,0.9943876646777338,0.9982276835824423,0.09716882058398965,0.05072284731348903,0.10414996376091835,nan,0.04854828492019827,0.02974772868146414,0.029814167167650396,1.2645871418138608,0.9842263838837361,16927,0.9943876646777338,0.9975187570154191,0.036667748692402295,0.061719768917706676,0.05109091522516223,nan,0.16189499006593064,0.15696239698289455,0.17074371578637093,2.662699297242351,0.8116027648136114,16927,0.9915519584096414,0.9956282861700242,0.1461880771163319,0.19457159947390051,0.14320531778217988,nan,0.07778809295011047,0.066340273987484,0.06842083759625739,1.5891933152457178,0.9796774384120045,16927,0.9946830507473268,0.9969870620901519,0.06110562303695349,0.1062777750445221,0.06691886635348113,nan
08_003725_003745_s5,08,0,-4,17572,27.3665,22.525735095025027,19.983142787738217,22.904765325133972,0.22937109942250955,0.23285210193294958,0.20939985748217715,3.5343774578052987,0.5845663555656727,17572,0.9928295014796267,0.9951627589346688,0.26419828260966555,0.21440918130686074,0.19581860603421533,nan,0.046901625485703924,0.0385986607279725,0.03832211307068123,1.5571469709671484,0.9874231732301388,17572,0.9935693148190303,0.9986341907580242,0.047371068083547324,0.04327958817620266,0.0580427307675645,nan,0.11082179312716511,0.10105091571740064,0.10647614949935202,2.363040247428217,0.9665945822900068,17572,0.9957318461188254,0.9978374687002048,0.08535056771385555,0.12132275970816028,0.13331556610809897,nan,0.05285469962566325,0.04729025664263881,0.046699156366251326,1.5658937637800732,0.9878784429774642,17572,0.9935693148190303,0.9985772820396085,0.06130444010481582,0.04501672314025326,0.060053333798510765,nan
08_003725_003745_s5,08,1,-3,17641,27.3665,22.525735095025027,19.983142787738217,22.904765325133972,0.1996481279276328,0.1947236222250903,0.17804344841860376,2.9130528652659344,0.8158267671900686,17641,0.9945581316251914,0.9975624964571169,0.24266148082309166,0.18371417457624595,0.16839142932803994,nan,0.04544124397838611,0.03342800635420677,0.033463247221704684,1.4419538551623103,0.9822572416529676,17641,0.9941613287228616,0.9956918542032764,0.033363264040927244,0.04495669903188312,0.09384739281558034,nan,0.13181533413819782,0.1284512320027009,0.13747859458192924,2.4245603627577923,0.9520435349469984,17641,0.99161045292217,0.9956351680743722,0.09810548693193728,0.14185182199154903,0.1748915363098923,nan,0.044009104395455946,0.03460806321541119,0.03454166158844485,1.3912148920351641,0.9831075335865314,17641,0.9939912703361488,0.9956918542032764,0.04568933732197096,0.03753166889120694,0.09008744763722216,nan
08_003725_003745_s5,08,2,-2,17200,27.3665,22.525735095025027,19.983142787738217,22.904765325133972,0.19073139293138913,0.18615939879478,0.17075898410006074,2.4891941756873104,0.8945348837209303,17200,0.9980813953488372,0.9988953488372093,0.22809330135011335,0.17735925630792698,0.11050962113674558,nan,0.041263154409923716,0.032429525188647085,0.032671597032472244,1.0251801006401327,0.9925,17200,0.9977325581395349,0.9996511627906977,0.016912686858772123,0.049614261583087564,0.1117960789145025,nan,0.13386598850370585,0.1341907323296282,0.14404603118550297,1.9986507882925597,0.9636627906976745,17200,0.9969186046511628,0.9996511627906977,0.10324068486857524,0.14455757780074877,0.21205209486812784,nan,0.03773206823392276,0.029650167246570748,0.02957523022544517,0.9722321136768793,0.9922674418604651,17200,0.9977325581395349,0.9996511627906977,0.028965924669814926,0.040155897827001644,0.09686584979180748,nan
08_003725_003745_s5,08,3,-1,16670,27.3665,22.525735095025027,19.983142787738217,22.904765325133972,0.18361304309558674,0.17938221640262775,0.16506912231330695,2.5032133848208833,0.928134373125375,16670,0.9961607678464307,0.9986202759448111,0.1912057631896192,0.18253680608669273,0.10915357313840267,nan,0.04613263785245463,0.0345590114607848,0.03506123715469034,1.2349760573239577,0.9861427714457108,16670,0.9974805038992202,0.9995800839832033,0.02288265168562797,0.05232344314477465,0.10650728324132429,nan,0.1419889103879492,0.13925069385603014,0.14993912518544938,2.0477835087502823,0.9410917816436712,16670,0.9943011397720456,0.9995800839832033,0.13017613303144945,0.14439146358829127,0.20637281942028063,nan,0.03991755645349206,0.025609834577782098,0.02568263006156668,1.1965322277952417,0.9845830833833233,16670,0.9976604679064187,0.9994601079784043,0.01938401292038937,0.04534524110400351,0.09428725891703957,nan
08_003725_003745_s5,08,4,0,17092,27.3665,22.525735095025027,19.983142787738217,22.904765325133972,0.24032634668454325,0.23293842031964795,0.20942558632580255,3.644838654943136,0.6689679382167095,17092,0.9841446290662298,0.9953779545986426,0.2310539636591754,0.24820629652720427,0.18005189677430478,0.7810967488525502,0.04591380442604563,0.027525719202777858,0.027492398995361933,2.367530736284946,0.9714486309384507,17092,0.9944418441376083,0.9966065995787503,0.024645115647054277,0.05580966370158283,0.052802483558223666,0.8198177828079152,0.10797502532630883,0.10131456626707235,0.10677581524329738,2.6812970837717875,0.9720922068804119,17092,0.9939152820032764,0.9971331617130822,0.10115580249731257,0.10654698834406912,0.15168715273029668,0.8401558502410023,0.05398985336596898,0.036777006286609626,0.036238701334211365,2.3875588720579968,0.9710390826117482,17092,0.9945003510414229,0.9963725719634917,0.034078142864033954,0.06397743350178212,0.047766851128758586,0.8167859391430691
08_003750_003770_s5,08,0,-4,17015,27.3665,17.513492718569932,16.694455566406255,17.813821867357003,0.47990715904852826,0.4824614093959731,0.3937038207893675,5.492052820715772,0.02727005583308845,17015,0.8409050837496327,0.9946517778430797,0.4834843242984985,0.47702341882404703,0.4411852724721871,nan,0.06625395284630584,0.05348166010381343,0.05481405944511053,1.829141493959541,0.9673817220099912,17015,0.9968851013811343,0.9986482515427564,0.059184110459139974,0.07308718796866422,0.08713658705840442,nan,0.10274993263966588,0.09647945474814379,0.10142011472374568,2.0618420952824335,0.9307081986482515,17015,0.9961210696444314,0.9984131648545401,0.09854058575629432,0.10513479379524544,0.12848924949760168,nan,0.0570052781296967,0.04149771696757562,0.041974220107618976,1.7703977849035346,0.9730238025271819,17015,0.9969438730531883,0.9986482515427564,0.04804829772556776,0.0667215846061793,0.0757924132131073,nan
08_003750_003770_s5,08,1,-3,18461,27.3665,17.513492718569932,16.694455566406255,17.813821867357003,0.5019008561947867,0.5208030765503875,0.41924057694841155,5.939965569448791,0.05059314229998375,18461,0.6835491035155192,0.9878121445208818,0.5021941643778102,0.49609022778375667,0.540481179890097,0.7231972161293718,0.07082843228643239,0.045674953407445075,0.0456353847804849,2.3120879436763992,0.9365689832620118,18461,0.9892205189318022,0.9944748388494664,0.055976139263151155,0.08698145998631361,0.11111985462997559,0.8228570135092856,0.0971869133536838,0.07527749084183365,0.07806134910281615,2.4424674913889093,0.8982720329342939,18461,0.9882996587400465,0.9932831374248415,0.08915050819773607,0.10361642255840499,0.12579004755526735,0.8311412940644307,0.06758076401279609,0.04579486054467727,0.04594456031047822,2.2886671882678185,0.9450192297275337,18461,0.9890038459455067,0.9947456800823358,0.04981941566930778,0.08820435836666905,0.11029329804072315,0.8198192869289135
08_003750_003770_s5,08,2,-2,17782,27.3665,17.513492718569932,16.694455566406255,17.813821867357003,0.5322776049846181,0.5665707669989076,0.44888900552421984,6.156169563716258,0.07693172871443033,17782,0.47739286919356655,0.9893150376785513,0.5429573423278191,0.5069645005383331,0.5737132810916831,nan,0.07376322212450213,0.041263200222276045,0.040915869612574984,1.38476229859091,0.9076031942413677,17782,0.981048251040378,0.9952761219210438,0.06105308571979497,0.09964901672900447,0.05036692172946795,nan,0.08577695622824895,0.04936120522743953,0.050287450385518406,1.5003169217947594,0.871161849060848,17782,0.9758744798110449,0.9938139691823192,0.07804407457846928,0.10366424050079748,0.057003904900488636,nan,0.07743957497067924,0.04938699752683767,0.04878582076947113,1.3867859478687141,0.914070408278034,17782,0.982847823641885,0.9955010684962321,0.06322716391732297,0.10544473896210797,0.05760763527216518,nan
08_003750_003770_s5,08,3,-1,16980,27.3665,17.513492718569932,16.694455566406255,17.813821867357003,0.5539376453390803,0.5702016492240465,0.4514786833093365,6.176914642776855,0.04010600706713781,16980,0.44434628975265017,0.9918727915194346,0.553847301373598,0.5467124625051469,0.5828395636720637,nan,0.059457314698479,0.031802281215258174,0.03165216728093179,1.2591179013299818,0.941696113074205,16980,0.9782685512367492,0.9890459363957598,0.05839408820210038,0.06520928332108954,0.04765253257654791,nan,0.07352680442302946,0.04613426456649388,0.04710313249577336,1.3429223850202412,0.9290341578327445,16980,0.9739693757361602,0.9879269729093051,0.07557124781084908,0.07330529067934058,0.0535086063659931,nan,0.06455772704214273,0.038382240628690126,0.03799394970889036,1.2769956732242174,0.9428739693757362,16980,0.9790930506478209,0.9892226148409894,0.06233449208891867,0.0724134053982086,0.05631131938063567,nan
08_003750_003770_s5,08,4,0,15157,27.3665,17.513492718569932,16.694455566406255,17.813821867357003,0.5708849247327724,0.5653620148401824,0.4481431390277226,6.428716943120487,0.016164148578214688,15157,0.47621560994919837,0.9852873259879924,0.5855062598938345,0.543732196249025,0.5359274377440651,nan,0.04649385544766561,0.02426522489165165,0.0242880701871786,1.0357783119225257,0.9676717028435706,15157,0.9901695586197796,0.9974929075674606,0.04538812446921967,0.051312915194345186,0.04053986699298052,nan,0.063986522824373,0.04868338164740156,0.04978733606271346,1.1761728802726639,0.9676057267269249,15157,0.9889819885201557,0.9965692419344198,0.06120668040273954,0.07011155760493941,0.06704087027437446,nan,0.051573670785465625,0.02893817065598804,0.028774055563236534,1.048621966457569,0.9669459655604671,15157,0.9910272481361747,0.9978227881506895,0.051149402622237355,0.056150797532941964,0.04123319189991628,nan
08_003775_003795_s5,08,0,-4,15927,27.3665,26.694555329318693,21.11996013452238,25.878227864494388,0.09660764237105757,0.07415741042345264,0.07220075356639999,2.243995707158438,0.9605701010862058,15927,0.9822942173667357,0.9894518741759276,0.0949797118311968,0.1031851990666652,0.08569764920578493,0.14023535986869662,0.07945689031772397,0.0552184087078648,0.05416480068629559,2.221577544729105,0.9624536949833616,15927,0.9810384881019653,0.9885728636905883,0.0733809824553544,0.08283201460177636,0.08816252195956018,0.13893494137724002,0.19476834831879292,0.1818857972789741,0.2007071617783449,3.9183442284838934,0.7183399259119734,15927,0.9711182269102782,0.9833615872417907,0.1838232127504223,0.1839987531625312,0.24454743052868466,0.2896411322272278,0.0663688740439713,0.03578718293350245,0.03550225329621148,2.281718950700016,0.963332705468701,15927,0.9795316129842406,0.987819426131726,0.05580967980235527,0.06653577086463884,0.09475234859456103,0.14255641801606475
08_003775_003795_s5,08,1,-3,17233,27.3665,26.694555329318693,21.11996013452238,25.878227864494388,0.07937439701917141,0.051619249286733185,0.051068128931240464,2.4037380703929685,0.954157720652237,17233,0.9710439273486915,0.9773109731329426,0.0731581574572822,0.07695406520918224,0.10122568897441492,0.12747996046583485,0.07406794810307948,0.04193399465348888,0.04156587135655343,2.4417517127744333,0.9547380026692973,17233,0.9715661811640457,0.9776011141414728,0.0678471721293948,0.06649774811848717,0.1096412933905126,0.14013591398495462,0.2265038297027282,0.21148108022417236,0.23741964585564101,4.276265259567065,0.4125224859281611,17233,0.9673881506412116,0.9757442116868799,0.22351457891847953,0.21119527764147203,0.27381787310797784,0.30893544007183504,0.07812007525629547,0.04493165287600402,0.04542388702735112,2.5617566305839325,0.9529971566181165,17233,0.9712760401555156,0.9785295653687692,0.07280087035144946,0.06603751186235363,0.12298076969958778,0.15994126615607895
08_003775_003795_s5,08,2,-2,17067,27.3665,26.694555329318693,21.11996013452238,25.878227864494388,0.0657250895913531,0.03451125039234144,0.03444323557037121,2.2534347177252836,0.9558211753676686,17067,0.978144958106287,0.9875197750043945,0.060607810209259885,0.05567262956253475,0.11623816198983408,0.09984119203863394,0.06535335157753218,0.03498187320671897,0.03523630359220009,2.332862913247607,0.95529384191715,17067,0.9772660690220895,0.9878713306380735,0.058614001956065066,0.05475602700265107,0.12203404809257665,0.11545298732823824,0.23202522655564406,0.22158239780226494,0.25041637249112614,4.3102933928395135,0.28352961856213743,17067,0.9667194000117185,0.9821292552879827,0.22013976980862335,0.23005812280875654,0.28410963849457693,0.2925675953051357,0.07791491404241566,0.05040758686888224,0.05140354379573275,2.497535688558756,0.9520126560028125,17067,0.975742661276147,0.9879299232436867,0.06953772758095254,0.06944940583871691,0.13382204470254586,0.13685195326621277
08_003775_003795_s5,08,3,-1,16841,27.3665,26.694555329318693,21.11996013452238,25.878227864494388,0.08096305790401225,0.05096164622890295,0.05030975916743419,2.8315355328979854,0.9459058250697702,16841,0.983670803396473,0.989727450863963,0.0821834142238011,0.07569155592151766,0.08384196429208282,0.11279074043665897,0.07171177515410054,0.038514347954691656,0.038559976236725024,2.8600049559301595,0.9438275636838668,16841,0.9842052134671337,0.9900837242444035,0.06484516294056782,0.07211534257609577,0.08877552649034187,0.12914190252828178,0.2151197899650744,0.20390212381128758,0.22788941317993627,4.430011371386265,0.45888011400748174,16841,0.9625319161569978,0.9884804940324209,0.186935310432333,0.23772822271933888,0.2562732468313271,0.30563911870713784,0.07362816773255904,0.03988661655984798,0.04013048397999963,2.95447147283945,0.9405023454664212,16841,0.9842645923638739,0.9898462086574431,0.0585227882280843,0.08187149211371948,0.10047349461388161,0.15161658144167986
08_003775_003795_s5,08,4,0,15248,27.3665,26.694555329318693,21.11996013452238,25.878227864494388,0.08608424775488589,0.03712603817352449,0.03720760382485122,3.251942922816705,0.9020855194123819,15248,0.965897166841553,0.9750131164742917,0.08239398504958031,0.0751075397808379,0.12497506459082491,0.12010491773986057,0.09405734750722111,0.04538640221836334,0.046125973524944186,3.312459910925681,0.8933630640083945,15248,0.9645199370409234,0.974094963273872,0.0954539805053389,0.0697686096199748,0.13107229013250235,0.1338541645483939,0.26550806406337346,0.23802625015748097,0.271723614079177,4.8244067337514664,0.14106768100734524,15248,0.8999213011542497,0.9664218258132214,0.26787252603944955,0.23948159537422006,0.29997822814087377,0.30805488671722814,0.11365216531196966,0.07030088256873107,0.07264898405754139,3.430634023019315,0.8852964323189927,15248,0.9619622245540399,0.9729144805876181,0.11828670853101218,0.0819362823166939,0.14780996683424158,0.15417850079383286
08_003800_003820_s5,08,0,-4,15637,27.3665,30.375159217953765,26.861906184520688,30.494603429986125,0.11716477960280354,0.07781208087446363,0.08075593593671115,3.3638114432375215,0.894481038562384,15637,0.9477521263669502,0.9674489991686385,0.10230612828950246,0.12384089794446054,0.15851697972058484,0.1551019855486815,0.09290866844876507,0.04380096230989856,0.043255225523412655,2.9181306336935364,0.9096373984779689,15637,0.9538914113960478,0.9755068107693291,0.08372367571951936,0.11283128677206279,0.09616985776783248,0.08559157822872496,0.1299789314503166,0.09387460247595907,0.09837100258434806,3.5045524643814745,0.8875743429046492,15637,0.9464091577668351,0.9662978832256827,0.11572622957230952,0.13416190533304453,0.17292764547884182,0.1700411897383543,0.09503286247991496,0.04696737036544739,0.04600104349642575,2.9170374987092917,0.9093176440493701,15637,0.9540193131674873,0.9756986634264885,0.08656076827885234,0.1155905241223816,0.09508917387238332,0.08346693458804925
08_003800_003820_s5,08,1,-3,16622,27.3665,30.375159217953765,26.861906184520688,30.494603429986125,0.13970884582512608,0.12057015757790378,0.12838188663222228,3.0869440782589574,0.9278666827096619,16622,0.9593911683311275,0.9737697028035134,0.15997114233570245,0.11386673036944178,0.14577617965155046,0.17288111914050916,0.08832539076469924,0.04064672335184619,0.040994274342772474,2.612903322009019,0.9386355432559259,16622,0.9577668150643726,0.9725063169293707,0.10315408356555782,0.0712078698791128,0.08509240761363898,0.11906495030634898,0.15276052205686405,0.13660764912230627,0.14678993466557877,3.235772030120263,0.9220310431957647,16622,0.9599326194200457,0.9746721212850439,0.17162008893469016,0.12788294574494538,0.16063809172990345,0.1855364506842857,0.0877542416532116,0.03896146516450684,0.039212352487993374,2.6120517732501614,0.9385152207917218,16622,0.9575863313680664,0.9724461556972687,0.10194449138112127,0.07158366150200993,0.08396445417881293,0.1171680187536422
08_003800_003820_s5,08,2,-2,15832,27.3665,30.375159217953765,26.861906184520688,30.494603429986125,0.14482103742449098,0.11821389670410909,0.1257019442029932,3.044749746431443,0.8955912076806468,15832,0.9476376958059626,0.9626705406771097,0.14582957972748392,0.14004672977851312,0.14879495756509428,0.12556450041409548,0.09141151528197519,0.04765520171430651,0.04810124896321333,2.683954624126045,0.9247726124305204,15832,0.9529434057604851,0.9658287013643254,0.09424393405178738,0.08554762585940001,0.08990048355485693,0.09498217223886202,0.15853023846744158,0.13400279777506782,0.1437297400949542,3.1627149058951143,0.8668519454269833,15832,0.9470060636685195,0.962733703890854,0.1593929404939144,0.153649659120658,0.16312988329001227,0.13971703124704893,0.0908318099729096,0.04625931446779941,0.04671145590032766,2.6838090270211477,0.9248989388580091,15832,0.9532592218292066,0.9662708438605356,0.09349959238855698,0.08556187364184459,0.08902347218353983,0.09504108662165629
08_003800_003820_s5,08,3,-1,15774,27.3665,30.375159217953765,26.861906184520688,30.494603429986125,0.1548395909937074,0.1257971578082058,0.13361980545372232,3.1937751609086473,0.900659312793204,15774,0.9490300494484595,0.9596804868771396,0.1549595046326924,0.15643096718168029,0.14998488757720768,0.15304487286032598,0.10309918084447228,0.05243237878175729,0.053114680831586325,2.8054096516267424,0.9294408520349943,15774,0.9501077722835045,0.9597438823380245,0.10137341379691973,0.10961926691327051,0.08835045782687201,0.16637947196017064,0.1674573837965795,0.14068865796412824,0.1513781809485515,3.3124611366181695,0.8781539241790288,15774,0.9487130721440344,0.9599340687206795,0.1672106652230239,0.16891075335558914,0.16476366059024186,0.16141608298424007,0.10270764785965336,0.05080995984385128,0.051417192144721735,2.80325199831432,0.9282363382781793,15774,0.9499809813617345,0.9597438823380245,0.10119446939571564,0.109199501468119,0.0870513901516959,0.16772360285185225
08_003800_003820_s5,08,4,0,14330,27.3665,30.375159217953765,26.861906184520688,30.494603429986125,0.15836206210654244,0.14001276612343178,0.15078364649537002,3.629104746507661,0.8629448709002093,14330,0.9394277739009071,0.9560362875087229,0.14834856995033743,0.14505394468448138,0.24059864678518827,0.12428241147887108,0.10066305206575366,0.06569336169977051,0.0671930073504553,3.266228580500016,0.9240753663642708,14330,0.9469644103279833,0.973831123517097,0.08782966606009501,0.08704429920178097,0.19071090459799653,0.211521373810075,0.17255272717644163,0.1558081920071816,0.16934754002369468,3.7288243725339547,0.8190509420795534,14330,0.9368457780879275,0.9534542916957433,0.16264477739036406,0.1595901793699406,0.2539470105747184,0.11541627609356422,0.09946190314928327,0.06333910206675782,0.06459407310466914,3.2611517558368486,0.9249127704117237,14330,0.9475226796929519,0.9740404745289603,0.08650891847293293,0.08584357394445397,0.18983432351416263,0.21520598358701354
08_003825_003845_s5,08,0,-4,13923,27.3665,31.449984121045585,27.48644996455577,30.905020207517467,0.14279888303102062,0.11388591867469888,0.12066203515076412,2.431688424420537,0.8290598290598291,13923,0.9560439560439561,0.9820440996911585,0.16229422121688528,0.10926287914316755,0.11934314808206423,0.23687425025040576,0.08592124830143164,0.047489188580962086,0.04684842509878906,2.3077798778660816,0.9363642893054658,13923,0.9681103210514975,0.9823313940960999,0.07888158498645885,0.09569233029819833,0.09573225047465071,0.3503794523226748,0.1394361965939178,0.11006786602558773,0.11648654531571512,2.4103344189093274,0.8330819507290096,13923,0.9561157796451915,0.9821159232923938,0.15894884032316473,0.1057771288772976,0.11607544239820314,0.2402083993647112,0.08104317234647175,0.039101971265951094,0.03887201036103116,2.2482894381151186,0.9331322272498743,13923,0.9647346117934353,0.9824032176973353,0.07886697159519508,0.08130655342881375,0.08776933453756566,0.33523154497357877
08_003825_003845_s5,08,1,-3,14906,27.3665,31.449984121045585,27.48644996455577,30.905020207517467,0.13988710557235426,0.1073161248932282,0.11337164547945477,2.738831032160562,0.8827317858580438,14906,0.9355293170535355,0.9663893734066819,0.1346324150345183,0.14323072625535235,0.15428357388814384,0.1095251794652626,0.09339585585784685,0.044166994999456394,0.043643339034801776,2.416981071296355,0.91171340399839,14906,0.9505568227559372,0.9628337582181672,0.0831996164547088,0.1033044234128496,0.10022971735284986,0.16118661735229253,0.13662383459675545,0.10353578109871221,0.109085051889247,2.713217459592368,0.884610224070844,14906,0.9358647524486784,0.9663222863276533,0.13146265206883892,0.13982210369908352,0.15093942168113378,0.10973583666823834,0.08564249119533354,0.03284218740059112,0.03252081896150916,2.3863246078163667,0.9133234938950758,14906,0.9489467328592514,0.9624983228230243,0.0747240047263884,0.09548329395173301,0.09660625123519602,0.14874154078387458
08_003825_003845_s5,08,2,-2,14618,27.3665,31.449984121045585,27.48644996455577,30.905020207517467,0.15335888751068527,0.13699189211212523,0.14682838177067503,3.249531066649866,0.8766589136680805,14618,0.9553974551922287,0.9711314817348474,0.14237163456717017,0.15248745151231868,0.19409790033675364,0.2955585977044961,0.08941253915964541,0.03563410882597978,0.03592085155635372,2.5964578549357915,0.8979340539061431,14618,0.9621699274866603,0.9751676015870844,0.09465819340990649,0.07312999948074492,0.10029828783706095,0.22312143038521948,0.15042764210514448,0.1333511652193943,0.1427538561642827,3.219071606783294,0.8812423040087564,14618,0.9556710904364483,0.9709946641127377,0.1398430834783222,0.1490594009440893,0.19076100025592507,0.2925244166148002,0.09179971221437598,0.042209270050950834,0.04267756980725679,2.628082316215572,0.900465179915173,14618,0.9614174305650568,0.9746203310986455,0.0948843085899846,0.07668450707276003,0.10925780569469601,0.22735768416031338
08_003825_003845_s5,08,3,-1,15283,27.3665,31.449984121045585,27.48644996455577,30.905020207517467,0.1654268208890795,0.14942641947588586,0.16170572797937988,3.521485191651365,0.9079369233789177,15283,0.9509912975201203,0.9711444088202578,0.16031697807168105,0.15763658291982752,0.1905258256184072,0.24621088366449975,0.08252129657418494,0.036389489508476126,0.03672979672165955,2.897637312391436,0.9248184257017601,15283,0.9556369822678793,0.9708826801020742,0.07302060569826667,0.07862691174333736,0.11666149247272858,0.16986564266702567,0.1622008362481511,0.14574449585182506,0.1574094872973575,3.4910510836620006,0.9107505070993914,15283,0.9511221618792122,0.9712098409998037,0.15715566212317894,0.1542603720595659,0.187307296052483,0.2430766348666018,0.08752262127213979,0.04743938286396011,0.048291964412899624,2.9227051407140716,0.9256690440358568,15283,0.9553752535496958,0.9710789766407119,0.07846211657478863,0.08332185387097191,0.12052257360780436,0.1752916701791705
08_003825_003845_s5,08,4,0,16279,27.3665,31.449984121045585,27.48644996455577,30.905020207517467,0.19177941723442965,0.17982567473668823,0.19792332704393756,3.598179502997547,0.6393513115056207,16279,0.9497512132194852,0.9710670188586522,0.18784398218967796,0.19441889431495582,0.19646381776132046,0.2080108814796139,0.09872131307554483,0.06831694439099058,0.07009291217504465,2.705871112086684,0.9283739787456232,16279,0.9533755144664906,0.9764727563118127,0.10335645012908294,0.09329446874768564,0.09857589366607147,0.10685651510066438,0.18854369197757145,0.17623440618274117,0.19362878189751953,3.56135068732824,0.6749186067940292,16279,0.9497512132194852,0.9711898765280422,0.18486485257959737,0.19095957080121564,0.1930236097958935,0.20453951807197765,0.10656072760693533,0.0807222071663472,0.08330072857040571,2.770047177274659,0.9273296885558081,16279,0.9533755144664906,0.9760427544689477,0.11030139273717976,0.10243592927174973,0.10548382069303461,0.11448767723015596
08_003850_003870_s5,08,0,-4,17351,27.3665,30.34164724726833,25.170070602580246,31.99714641022934,0.14589085378475125,0.1330301836818932,0.14257521375010995,3.4105801310646715,0.9131462163564059,17351,0.951818339000634,0.973488559737191,0.11551010831645213,0.20227652229757437,0.14671342058817952,0.19105145562185705,0.08812524546120497,0.050763516282532464,0.05163235861952886,2.884763349123762,0.922655754711544,17351,0.949801164198029,0.9817301596449772,0.06631616942417877,0.1397078861042679,0.07298574536484032,0.11643519302877685,0.20677190191384032,0.2017865920946542,0.22515947986521745,4.144346859242882,0.4836032505331105,17351,0.9495129963690854,0.9676675695925306,0.1792448028717893,0.2536581547499639,0.21287275069301043,0.2559774916100934,0.0876133117091888,0.03214808372352497,0.03199253630206411,2.9277834736524055,0.9224828540141778,17351,0.9504351334217048,0.9829404645265403,0.06709044654911372,0.14522929595888437,0.061463352281032606,0.10018469474891346
08_003850_003870_s5,08,1,-3,17632,27.3665,30.34164724726833,25.170070602580246,31.99714641022934,0.17951817525800196,0.1544941026592873,0.16749944004223216,3.3594069676822156,0.8691583484573503,17632,0.9602994555353902,0.9799795825771325,0.21156844990090304,0.14977825091907251,0.16040330478223358,0.18404537585183092,0.11023725396817988,0.06493951372176945,0.06707020049927448,2.643151465135098,0.9086887477313974,17632,0.9589950090744102,0.9790721415607986,0.15757552421967402,0.06477787023100637,0.0835730406647307,0.12182989717945808,0.23405581968416628,0.22051581944066084,0.24825583506582538,4.208111055554036,0.30200771324863884,17632,0.9557622504537205,0.9845167876588021,0.252474281078359,0.21530152368370947,0.22428869104303942,0.249533718293854,0.09232710672282267,0.030533926494570172,0.030655603869611525,2.605051129824232,0.9074977313974592,17632,0.9542876588021778,0.9769169691470054,0.14075080446960178,0.04808347767101123,0.06086624335598862,0.126251533862244
08_003850_003870_s5,08,2,-2,17368,27.3665,30.34164724726833,25.170070602580246,31.99714641022934,0.13244836761123133,0.12769281250000003,0.13654760030873403,2.6497016117199363,0.9550898203592815,17368,0.9967181022570244,0.9989060340856748,0.1296830613919837,0.1318603992211652,0.1363293139123125,0.16198385369921908,0.05132533517315989,0.037360795083616095,0.0379820504405477,1.6682669345519539,0.9770267157991709,17368,0.9952210962690005,0.9991939198526025,0.03619597673970118,0.05625178941060869,0.05936925605163574,0.07717403207439781,0.19950329143534515,0.1973446912865511,0.2197316191336509,3.6722357673027894,0.5362160294795025,17368,0.9921119299861815,0.9986757254721327,0.19953451148720994,0.19730735371263777,0.20348121324815951,0.22924284915890325,0.04790095892938948,0.034070959373259664,0.03384694240144359,1.6359411371099974,0.980366190695532,17368,0.9941271303546753,0.999251497005988,0.02798949831163771,0.054683092615193406,0.05926281089574455,0.05853879534809776
08_003850_003870_s5,08,3,-1,16841,27.3665,30.34164724726833,25.170070602580246,31.99714641022934,0.129737608482185,0.11720967741935494,0.12459408336278122,2.7874308494731688,0.9308235852977852,16841,0.9815925420105694,0.9910931654889852,0.12412820434846995,0.12845554668238135,0.14652549925275454,0.10216498647143253,0.055449226388219856,0.028530991746014693,0.02885391996447506,2.2014358497697146,0.9438275636838668,16841,0.9771985036518022,0.9941808681194704,0.04007504602159812,0.05583518527319737,0.08719348077550851,0.07804231339645666,0.19480879841836843,0.18749991686603287,0.2075512189082791,3.575589517671903,0.7050056409951904,16841,0.9690042159016685,0.9873522949943591,0.18988966587843578,0.1918841833138251,0.21388191610029467,0.17270894083705168,0.06618999910158545,0.03814112612618081,0.037465249804371714,2.268833295337966,0.9455495516893296,16841,0.976485956890921,0.9948934148803515,0.05137253606208313,0.06519764642694398,0.09954664148096552,0.10089431729611527
08_003850_003870_s5,08,4,0,15696,27.3665,30.34164724726833,25.170070602580246,31.99714641022934,0.1394700550725372,0.09902134664401022,0.10418606438221478,3.1766880236721984,0.8868501529051988,15696,0.9361620795107034,0.9610091743119266,0.1291646228215511,0.1397891309924502,0.18858358139201392,0.0610632254175919,0.09020888821733915,0.028674473339552288,0.02867362442286492,2.9856867367631805,0.8948776758409785,15696,0.9441258919469928,0.9654051987767585,0.06492910767002222,0.09836322890686237,0.17528072030936154,0.1431487144088475,0.20233700888504808,0.1709464611083873,0.18740201774822463,3.6352123866607666,0.8143476044852191,15696,0.9166029561671764,0.9561671763506626,0.1935736369439958,0.202461901056101,0.24715345675200515,0.06722601756373701,0.12205062562061636,0.0662598961555631,0.06424021458093865,3.1274420825854095,0.8998470948012233,15696,0.9442533129459735,0.9664882772680938,0.09837665352333198,0.12961168028504386,0.20079933389550889,0.20378900186148613
08_003875_003895_s5,08,0,-4,16176,27.3665,27.381229262583858,23.904539772727272,27.182196207276675,0.07198691584390067,0.029543771150045677,0.02926898891151475,2.17087792573101,0.9216122650840751,16176,0.9631552917903067,0.9814540059347181,0.06652227088130556,0.07310812078371563,0.08805672858660095,0.08725369240140746,0.07217034858579756,0.029878537473944998,0.029585880467005277,2.1713070824368654,0.9216740850642928,16176,0.9631552917903067,0.9814540059347181,0.0666603199830391,0.07336968221311224,0.0881890102158074,0.08732119712950916,0.14453426211953543,0.11746499526103239,0.12488856679101401,2.7520945242074784,0.8622032640949555,16176,0.9591369930761622,0.9771884272997032,0.14945457092613015,0.13113666020510487,0.16539481004361475,0.1407348805855031,0.07024716781325846,0.026639758585478155,0.02653710347845495,2.1678212525768563,0.9199431256181998,16176,0.963402571711177,0.9812685459940653,0.06550561188047167,0.0703112606005187,0.08664172727696116,0.08648518663185595
08_003875_003895_s5,08,1,-3,17061,27.3665,27.381229262583858,23.904539772727272,27.182196207276675,0.10404136824502597,0.03118798390383054,0.031065642191282716,2.3287894821082644,0.9217513627571655,17061,0.9533438837113886,0.9724517906336089,0.14327235987200923,0.06584505796157035,0.07168351793139716,0.10447728889951419,0.10421260930048654,0.03131942817221137,0.031235742370935515,2.3294205308218108,0.9217513627571655,17061,0.9534024969228064,0.9724517906336089,0.14346818390785482,0.06598102407496059,0.07189813805868564,0.10430013245108376,0.1656477861896796,0.12183377554785618,0.12977985092113498,2.8079859954669946,0.8852939452552605,17061,0.9556884121681027,0.9706933942910732,0.1858129289664054,0.14422830610477852,0.15399395090840026,0.19336946115239345,0.10242151735497756,0.029860673205271204,0.029875321147542877,2.3229477243077636,0.9216927495457476,17061,0.9535783365570599,0.9726276302678624,0.1415017573651596,0.06453316851647584,0.06934573572516292,0.10679125797329996
08_003875_003895_s5,08,2,-2,16299,27.3665,27.381229262583858,23.904539772727272,27.182196207276675,0.08317660490277487,0.02402637006482019,0.02392705161986708,2.4782401958311304,0.9056383827228665,16299,0.9352721025829805,0.9588931836308976,0.06672792477588028,0.10816294940801985,0.06505823881280115,0.12423927016759735,0.083307480691701,0.024226537543724204,0.02412756587716869,2.4782714601923748,0.9055156758083318,16299,0.9353334560402479,0.9590158905454322,0.06694739341471491,0.10817525115050589,0.06520700911423778,0.12433030958778872,0.1579754869700014,0.12241714184930101,0.13048206544831142,2.9469174728946155,0.8801153444996626,16299,0.9290754033989815,0.9501809926989386,0.13456138803661777,0.1918692832076476,0.14217687474515686,0.16855713936874145,0.08212593075845182,0.02357423635839843,0.0235932115948021,2.479434549043707,0.9054543223510645,16299,0.9353948094975152,0.9580955886864225,0.0647219267759498,0.10845203203644334,0.0635759280717465,0.12316486867525299
08_003875_003895_s5,08,3,-1,15748,27.3665,27.381229262583858,23.904539772727272,27.182196207276675,0.08862612239832492,0.027235289855072446,0.0271166788182704,2.548171691798006,0.9328803657607315,15748,0.956756413512827,0.9671704343408687,0.09418383004603133,0.0693290023497677,0.11471125357636801,0.10919692934353649,0.08880520590897206,0.027476673954453287,0.02733543153225071,2.548374880974709,0.9328803657607315,15748,0.956756413512827,0.9671704343408687,0.09442033914895785,0.06943899949041109,0.11472123449131273,0.1089448971048315,0.15636800049749622,0.11954795083909665,0.12720725699823499,2.9154679266207486,0.9187198374396749,15748,0.9566294132588266,0.9645669291338582,0.15021180312667834,0.15687241129073518,0.19976901772093839,0.20034105250362647,0.08693018619734007,0.025610954837126217,0.02552393005425424,2.5469744901719618,0.9339598679197358,15748,0.9566294132588266,0.9669799339598679,0.09174110311532267,0.06863590670766441,0.1148714692021772,0.1124399414059672
08_003875_003895_s5,08,4,0,16353,27.3665,27.381229262583858,23.904539772727272,27.182196207276675,0.07628006743673836,0.02840500445560603,0.028557400031873792,2.5771715177311676,0.9293707576591451,16353,0.9570720968629609,0.9682627040909925,0.06279677593893059,0.08550597853079929,0.11948323022530748,0.05245498448169692,0.07621278810911734,0.028292213606198546,0.028364867279252692,2.5763418755529695,0.9293096067999755,16353,0.9570109460037913,0.9682627040909925,0.06281048729530601,0.08535168650871557,0.11930337268508459,0.0523181620667448,0.16085129600506953,0.13662536451695695,0.14675811725022792,3.1635467413528393,0.8846694796061885,16353,0.9524246315660735,0.9658778205833792,0.13731941540645337,0.18101844301203757,0.2171628292783915,0.15012717241965218,0.07764846753513516,0.03135267659152177,0.031702601173731804,2.588920380756792,0.9295542102366539,16353,0.9569497951446218,0.9682015532318229,0.06313994255907432,0.08800484916145904,0.12218010608337643,0.05416701112672884
08_003900_003920_s5,08,0,-4,15203,27.3665,26.287475379429427,23.35004896214547,25.368291519213265,0.11572418821035858,0.07531135554425225,0.07294492276309894,2.5449473951644475,0.9067947115700848,15203,0.9540880089456029,0.9677695191738472,0.10794340380089418,0.13508313759226684,0.11315497573102323,0.11168502534572004,0.09366751948212645,0.045993013949630845,0.04527583240252753,2.476055622631893,0.9129119252779057,15203,0.9534960205222653,0.9663882128527265,0.08438513602589479,0.11588230877665606,0.0934688741184004,0.08668436870321623,0.13579269620105688,0.09181458596389915,0.09615331564568663,2.7617226652951183,0.8915345655462737,15203,0.9496809840163126,0.960928764059725,0.12067272036264212,0.17016381572968786,0.1425821728057304,0.09641914736657865,0.08684386383529966,0.030472475715173943,0.030520112071298122,2.493135029358844,0.9150825494968099,15203,0.9522462671841084,0.9646122475827139,0.07581147508847454,0.1125577529640117,0.08930469780330497,0.06799850270515931
08_003900_003920_s5,08,1,-3,16819,27.3665,26.287475379429427,23.35004896214547,25.368291519213265,0.09899946050366305,0.06296968386828998,0.06123922847345287,2.0323418474292287,0.9287115761935906,16819,0.9687853023366431,0.9857304239253225,0.09509383467757639,0.1026981565705876,0.11093034877486857,0.20267753279782197,0.07697595333622682,0.03462595392023707,0.03451271000308065,1.877334243606097,0.9314465782745704,16819,0.9715203044176229,0.9861466198941673,0.07432578119379239,0.07704761762615245,0.09256213763722702,0.1740331164272532,0.13063616204650888,0.1018113504654171,0.10720524855693225,2.161340483461374,0.8954753552529877,16819,0.9740174802306915,0.9859682501932339,0.13636684503480567,0.12083307684268477,0.1217326983421793,0.13165444361680406,0.07731738333958874,0.032824031770205854,0.03319748631080954,1.8556764790844607,0.9256198347107438,16819,0.9735418276948689,0.9865628158630121,0.08014667182256345,0.06847528265971196,0.08384983989672859,0.15137970757870478
08_003900_003920_s5,08,2,-2,16740,27.3665,26.287475379429427,23.35004896214547,25.368291519213265,0.09563824457331824,0.07448597756410252,0.07220564905061133,1.8228609800162918,0.9422939068100359,16740,0.9767025089605734,0.9910394265232975,0.09229067225345376,0.0937655379643232,0.13170524660047797,0.3010354577171736,0.07370023508589098,0.04534804526142015,0.04484733304480826,1.6254693324939347,0.9397252090800478,16740,0.9763440860215054,0.9921744324970131,0.07564726964110698,0.06543405207496125,0.09730603548248028,0.27438028064829284,0.11943598576517424,0.09266010053369844,0.09715645665966877,1.8745685779852062,0.9007765830346476,16740,0.9709080047789725,0.9879928315412186,0.13459757350147236,0.1013699863124294,0.07896298794555776,0.2143954752818848,0.06792937912707275,0.03039910828904851,0.030539260820175218,1.5768687458468287,0.9336917562724014,16740,0.9735364396654719,0.9915173237753883,0.07725119036632325,0.05117113530969882,0.07209088979120545,0.25167365460303776
08_003900_003920_s5,08,3,-1,15662,27.3665,26.287475379429427,23.35004896214547,25.368291519213265,0.1300778235473446,0.09267942704740878,0.08904671603785674,2.3484211042932337,0.9056314646916103,15662,0.9517303026433406,0.9832077640148129,0.1258833364798362,0.13196663075098933,0.15395614801670707,0.25462411340871627,0.09849824483539177,0.054884213313901906,0.053731671258547054,2.143276874327057,0.9103562763376325,15662,0.9551781381688162,0.9802707189375559,0.08953765004088556,0.11176214015970498,0.11668923987650794,0.2164212902784263,0.1146165174909845,0.07915511722828138,0.08228440415375637,2.1589870829925437,0.8912016345294344,15662,0.9620099604137403,0.9787383475929,0.11026771401323344,0.1343504894242919,0.07352132543191392,0.11242182656053513,0.08144480923168686,0.03093928647647781,0.030821419950421758,2.0517617907775114,0.908887753799004,15662,0.9575405439918273,0.979312986847146,0.07151665907707226,0.09977980688388713,0.08814235421121193,0.18387762281559614
08_003900_003920_s5,08,4,0,15213,27.3665,26.287475379429427,23.35004896214547,25.368291519213265,0.14843665031189962,0.1190555342304912,0.11263698745630601,2.389621922984362,0.8946953263656083,15213,0.9700913692236902,0.9857358837836061,0.14854970101870518,0.13594006977930514,0.19324275263698953,nan,0.11155199507829575,0.0771923887132223,0.07460004774875983,2.0921989861185346,0.9172418326431342,15213,0.9746269637809768,0.9869190823637678,0.11216162384464995,0.09737482288463092,0.15850972284051784,nan,0.08790962983666402,0.05736670045813521,0.058836350096514334,1.8519085326751898,0.9340695457832118,15213,0.9762702951423124,0.9888910799973707,0.09397512160119678,0.07087848912149218,0.10105212441393087,nan,0.08497716008776134,0.04694919778931369,0.046220747287369246,1.912891697412378,0.9264444882666141,15213,0.9739696312364425,0.9883652139617433,0.08651135258954487,0.06875033544673671,0.13196284685268206,nan
08_003925_003945_s5,08,0,-4,15863,27.3665,26.834371539163122,24.691720232151766,27.017922415173363,0.11936664598255516,0.06382666760089689,0.06224594641803893,1.9023597359071551,0.9041795372880288,15863,0.9334299943264199,0.9902918741726029,0.16323181044643992,0.06583370498382168,0.10942728080845036,0.1873134706334457,0.1053801030968207,0.04802859990081394,0.04709123442290686,1.8169525653747465,0.9051881737376285,15863,0.9382210174620186,0.9909222719536027,0.14545694903014422,0.05553433886193575,0.102642603308923,0.16908785996164455,0.1048872339289082,0.053476559067250774,0.054871843021273126,1.8179133427499992,0.8959843661350312,15863,0.9653911618231104,0.9924982664061023,0.13569099294300566,0.06620230054506297,0.10778429644261603,0.10472313114763825,0.10987844069165362,0.05346120238432641,0.052283200032447796,1.8429784655267165,0.9051881737376285,15863,0.9367711025657189,0.9904179537288029,0.1513496429089078,0.0586422581387555,0.10470729369652641,0.1753745502081491
08_003925_003945_s5,08,1,-3,15932,27.3665,26.834371539163122,24.691720232151766,27.017922415173363,0.07817617048691682,0.046520076481835426,0.04573725837496845,2.100143096499407,0.9349108712026111,15932,0.971190057745418,0.9853125784584484,0.07320416028355936,0.07772273998320528,0.120656064839662,0.13163920024814793,0.07123932123006138,0.032664104096587696,0.032397436189280815,2.10864790409467,0.934032136580467,15932,0.9710017574692443,0.9853125784584484,0.06457491643144571,0.07323050652636708,0.11824827707725288,0.11051886083536396,0.10737059290929518,0.07389733124092812,0.07659413053797459,2.3897855588892147,0.9037157921164951,15932,0.9693698217424053,0.9848104443886517,0.09706888983299673,0.11729293431823269,0.1551446597181482,0.049978752206762025,0.07312006277810354,0.0369067516500914,0.03644023124010809,2.1027456506941564,0.9341576700979162,15932,0.971190057745418,0.9851870449409993,0.06715886802550712,0.07393298427083855,0.11896453645973308,0.11780405057085246
08_003925_003945_s5,08,2,-2,16358,27.3665,26.834371539163122,24.691720232151766,27.017922415173363,0.06955726236816921,0.04906349358938199,0.048448109952206164,1.9517073124694408,0.9666829685780658,16358,0.9762195867465461,0.9830052573664262,0.059575394264823806,0.0784470321896839,0.12954435902278771,0.1842362389684797,0.06608711480384395,0.03918540241448903,0.03880856798958465,1.9524152274151596,0.9657048538941191,16358,0.9761584545787994,0.9823328035212129,0.0561315137402505,0.07481002539841655,0.12736023260200102,0.16745935788663635,0.1090671826774323,0.08231809859262909,0.08587734793639612,2.1936115046948927,0.9287198924073847,16358,0.9762807189142927,0.9807433671597995,0.10336319055152564,0.10970296289853919,0.16713379702328338,0.13443893519207248,0.06672584405565982,0.04282700649778386,0.042419840053200764,1.9493414644437186,0.9661327790683457,16358,0.9762195867465461,0.9828218608631862,0.056613479564989994,0.0757961974055229,0.1277437919925675,0.17324632747373384
08_003925_003945_s5,08,3,-1,15745,27.3665,26.834371539163122,24.691720232151766,27.017922415173363,0.07559007610790801,0.06255546825895664,0.06171976442160565,2.5488483994957396,0.9701492537313433,15745,0.9838678945697047,0.9887583359796761,0.0719448935517116,0.07676203784021621,0.10763560972069196,0.7757288229482787,0.06791947763157645,0.05325464098413654,0.052553712019790755,2.528290953119519,0.9710384248967926,15745,0.9835503334391871,0.9886313115274691,0.06621486394564643,0.06490127126872411,0.08900715520350871,0.78008966837077,0.08952670644306472,0.06116664260911202,0.06303183024124559,2.6058253558043054,0.9706573515401715,15745,0.9825341378215307,0.9875516036837091,0.08664013736008208,0.09796585838095541,0.06578565560297249,0.7976489079752076,0.07039396628986168,0.05678176553734979,0.05596077377789288,2.533598517674313,0.970847888218482,15745,0.9836773578913941,0.9886313115274691,0.068076397775156,0.06862319287849449,0.09538853918081577,0.7785854507685301
08_003925_003945_s5,08,4,0,14876,27.3665,26.834371539163122,24.691720232151766,27.017922415173363,0.073638637803088,0.052207317900205365,0.051264981935514986,2.52524516359572,0.9588599085775746,14876,0.982858295240656,0.9893788652863673,0.06521927324861455,0.07776436813417152,0.10611379867748955,0.6738070478756018,0.06458585438250279,0.039852450312198404,0.0395181205169024,2.495089645688327,0.9573137940306534,14876,0.9831271847270772,0.9888410863135252,0.054072925257255836,0.07212955381341885,0.09957849879439584,0.6801497133077831,0.08637980962226453,0.06284626698458101,0.06483987197194319,2.607805483464533,0.9474321054046787,14876,0.9814466254369454,0.9868916375369723,0.08174185752982537,0.09107010537049116,0.0861393657889092,0.7056888854784018,0.0672850480234037,0.04324378836891103,0.042658334719318014,2.502891541298175,0.9581204624899167,14876,0.9831271847270772,0.9891099757999462,0.05746042704088165,0.07366232539727319,0.1016145236914105,0.6779618923547639
08_003950_003970_s5,08,0,-4,14486,27.3665,32.09853105840171,28.209295280612245,32.445029604625326,0.1770482837184747,0.14809502138456343,0.16017920469152402,4.637767639925813,0.841985365180174,14486,0.9604445671683004,0.9743890653044318,0.17359097876039029,0.17556191520672323,0.16065304883698464,0.423122286206497,0.0702805943933939,0.027260927775816443,0.027170203141134275,4.128071355088066,0.9401491094850201,14486,0.9668645588844401,0.9774264807400248,0.06634457064920055,0.0630556872369545,0.07384415874812665,0.3521657753763974,0.15333104919702287,0.12210548046088512,0.13010751833338052,4.494675785820431,0.9032859312439597,14486,0.9618252105481154,0.9755626121772746,0.1503322854446089,0.1510455737923946,0.13528875738209126,0.40535641133482736,0.07216515567705785,0.030362036268714143,0.03017535924598924,4.121669197868512,0.9405633024989645,14486,0.9672097197293938,0.9774264807400248,0.06788203826619432,0.06516950031873403,0.07820412439195253,0.3510357950332534
08_003950_003970_s5,08,1,-3,14607,27.3665,32.09853105840171,28.209295280612245,32.445029604625326,0.16450894277322697,0.14814685926133192,0.16024036160038513,3.6175190236662247,0.8823851578010543,14607,0.9730266310672965,0.982337235571986,0.17186980316494976,0.1484450517669282,0.15494493826186886,0.42771198084456946,0.060352251124516455,0.020165613235149576,0.020168798227950813,3.022091844812901,0.9428356267542959,14607,0.9707674402683645,0.9834326008078319,0.06781527422200312,0.03894474699478416,0.06985668893841272,0.33560048740909887,0.14151372431274944,0.12237996933133358,0.130265044664152,3.434926364329007,0.9315396727596358,14607,0.9731635517217773,0.98309029917163,0.15111152497007532,0.12257976445682366,0.12912384045572797,0.4100874529840419,0.0628978020634747,0.023320106478774597,0.023184595656801532,3.026031031062839,0.9408502772643254,14607,0.9706989799411241,0.9833641404805915,0.06884978142416935,0.04336531129152983,0.07495215598840244,0.33086047152902476
08_003950_003970_s5,08,2,-2,15198,27.3665,32.09853105840171,28.209295280612245,32.445029604625326,0.13916274856032496,0.1343022972864356,0.1441986422033792,4.126400182724488,0.9454533491248849,15198,0.9865113830767206,0.9923016186340308,0.12983736233490684,0.134076151296872,0.15438365124489187,0.41299807546998346,0.04817252993682569,0.02522324214289233,0.025108569102984535,3.3932790659333687,0.9747993156994341,15198,0.9865771812080537,0.9927622055533623,0.0456935607255067,0.03879284560043612,0.054931803410568,0.3157362468105344,0.11431928873083509,0.10774990000166876,0.11398585747616541,3.919410762699146,0.958810369785498,15198,0.9866429793393867,0.9923674167653639,0.10572570142555272,0.10855804146238733,0.12835858321819896,0.39492040928306865,0.055159932078545595,0.032511231705007484,0.032119206134766154,3.387864800839339,0.9744045269114358,15198,0.9866429793393867,0.9927622055533623,0.055287633827229635,0.04501334262524371,0.05667304417281332,0.3101691367190257
08_003950_003970_s5,08,3,-1,14337,27.3665,32.09853105840171,28.209295280612245,32.445029604625326,0.1423886382572588,0.14137378043695803,0.15240502833552894,3.2625795729701217,0.9420380832810211,14337,0.9942107832879961,0.9954662760689126,0.1308619252846431,0.14303899403168918,0.1719637832018166,0.4157474579702143,0.04152628977825428,0.024696537027402442,0.02466988850087759,2.344248086730787,0.9874450721908349,14337,0.9942805328869359,0.995326776871033,0.034063658279884244,0.034795500356380765,0.07145365825329363,0.31472243924896387,0.11662811463755607,0.1150715882859437,0.1221333466418093,3.012018947799085,0.9600334798074911,14337,0.9941410336890563,0.9954662760689126,0.10516626904257126,0.11680721792816182,0.14660076489431326,0.3977544634291362,0.04513051299990625,0.02768146045365218,0.027514671670222812,2.338840663092681,0.9880030689823533,14337,0.9942107832879961,0.995326776871033,0.04010414760560363,0.036289624227392486,0.07083492335430687,0.30732497678789755
08_003950_003970_s5,08,4,0,14034,27.3665,32.09853105840171,28.209295280612245,32.445029604625326,0.1634962409647976,0.15567139348087067,0.16921351595159662,4.33507670552829,0.8550662676357418,14034,0.9858914065840103,0.9890266495653414,0.15188649216679834,0.151270297586757,0.19521752105607282,0.5121501430035406,0.054671787545359396,0.03686554629442783,0.03706550443799628,3.376504903829819,0.9738492233148069,14034,0.9879578167307966,0.990309248966795,0.030279664478963342,0.0561526433342129,0.08614662539564885,0.4279664534245043,0.1380898285209621,0.1297235028528268,0.13890147540228015,4.094706877240171,0.9185549380076956,14034,0.986817728373949,0.9893116716545532,0.1262616087348306,0.12523807332604578,0.1709989687368064,0.49712602383872323,0.054416903648318006,0.035761125073677014,0.03589341769924881,3.3526866489907188,0.9765569331623201,14034,0.9879578167307966,0.9903805044890979,0.029630682750726018,0.05796641346801007,0.08288843183258832,0.42223506572761355
08_003975_003995_s5,08,0,-4,14937,27.3665,32.89806382986593,28.1161431760204,33.96036544975716,0.18200439850734232,0.17723754292020927,0.19504767830241843,3.962121207866055,0.7417821517038227,14937,0.9865434826270335,0.9948450157327442,0.187676459295298,0.17060138878157644,0.18297320383280852,0.27651188627848605,0.041408969049591605,0.026805383238505388,0.026893896771602144,2.505977554467015,0.9811876548168976,14937,0.9930374238468234,0.996451764075785,0.031439640394229806,0.023874761472440654,0.07362827329782756,0.21018780685812177,0.16029647894601814,0.15469983216305566,0.16806348649416458,3.6739414085905655,0.8891343643301868,14937,0.9918323625895428,0.9952467028185044,0.16542469896752457,0.1480109595177862,0.1627130879173168,0.26554411362030744,0.045292229916610506,0.03197115003975654,0.0316786556609272,2.5053928433105876,0.9789114279975899,14937,0.9934391109325835,0.9965187119234117,0.025306117482716745,0.03725799154708088,0.07897337283371814,0.1999981102323341
08_003975_003995_s5,08,1,-3,14828,27.3665,32.89806382986593,28.1161431760204,33.96036544975716,0.19970225100964925,0.19316253758340834,0.21463304064296185,4.600126269084318,0.6158618829241974,14828,0.9834772052872943,0.9857027245751281,0.20026463265967967,0.18864591460664956,0.1995523212492436,0.397291745173641,0.049673293251287366,0.033076866742528174,0.03353282796108603,3.3817846134246685,0.9775424871864041,14828,0.985028324790936,0.9871864041003506,0.03883115848209416,0.033911344988148365,0.07409223881875461,0.3340384738861928,0.17814573900509492,0.17106342713070688,0.18760877664751963,4.367555848788582,0.8467089290531427,14828,0.9842190450499055,0.9857701645535474,0.17835769678008817,0.1664962466943086,0.1786057855588847,0.38853475547718724,0.03917418250047889,0.020345792031261176,0.020383388531029167,3.3270171007550156,0.978486646884273,14828,0.9851632047477745,0.9870515241435123,0.01647099279339491,0.03058118800544925,0.07703377262171142,0.3219321483315003
08_003975_003995_s5,08,2,-2,14961,27.3665,32.89806382986593,28.1161431760204,33.96036544975716,0.18223361255743373,0.1753057936176143,0.19274262028889844,4.242382660542437,0.8369092975068512,14961,0.9829556847804292,0.9894392086090502,0.1777011937942441,0.1696367664364959,0.2086738700476905,0.2680074829387502,0.03923754382139864,0.020494557022379033,0.020535015571430115,3.067968312154532,0.9738653833299913,14961,0.9891718468016844,0.9900407726756233,0.01861879898246472,0.02429992661415347,0.08815574948633977,0.300839444030934,0.16049048389269394,0.15272068539398614,0.16572486938150655,3.9966848208600054,0.906156005614598,14961,0.9870329523427578,0.9894392086090502,0.15522443193405167,0.14692244452058995,0.18749258811626193,0.2717846203887096,0.04692109303374911,0.03140330083455903,0.031046397704703743,3.073390922674933,0.9725285742931622,14961,0.9891050063498429,0.9903749749348305,0.02399353714689497,0.039935371337868314,0.08519899951230861,0.307878791765644
08_003975_003995_s5,08,3,-1,15026,27.3665,32.89806382986593,28.1161431760204,33.96036544975716,0.18085403923327575,0.17341367559583595,0.19045092143530606,3.780067725292217,0.7562225475841874,15026,0.9888193797417809,0.996539331824837,0.17478488816694493,0.17074843059496828,0.20652636100466368,0.3934769358147894,0.039994093062718485,0.026307653429500165,0.026357219244963592,2.222702916545146,0.9848928523891921,15026,0.996140023958472,0.9970051910022627,0.02047462536295117,0.03372917864680978,0.08183964536366099,0.2905984680672914,0.15859644669061154,0.1507762601859149,0.16342665743986418,3.497128475938978,0.8781445494476241,15026,0.9927459070943697,0.996539331824837,0.15217999249762065,0.14811375792896994,0.1856360074785739,0.37686261260336557,0.04573174742143494,0.036349180391650575,0.03596342595901114,2.1662977260931267,0.9863569812325302,15026,0.9962065752695328,0.9971382936243844,0.02858027039566839,0.043160994957250794,0.07396978607085633,0.2779871090712291
08_003975_003995_s5,08,4,0,14392,27.3665,32.89806382986593,28.1161431760204,33.96036544975716,0.1729875490223861,0.16417583506738592,0.1793350533603909,3.781091898814331,0.8090605892162313,14392,0.9861728738187883,0.9952056698165648,0.1614958729439497,0.16620735231741682,0.20469530281794873,0.4352918250893194,0.043417803073285334,0.029393594627244717,0.029249750621720194,2.3822653049507907,0.9787381878821567,14392,0.9949277376320178,0.9960394663702057,0.022894172553622895,0.03836607182668107,0.0894268038527401,0.3211479150253534,0.15065721603313245,0.14128528000070656,0.15231593766866514,3.513344852328759,0.8880628126737076,14392,0.988952195664258,0.9953446359088383,0.13852695485385738,0.14350679784636763,0.18459250210927677,0.4198229258963379,0.05488879728247767,0.04717339361925843,0.04639020428261453,2.356430582389064,0.9799193996664813,14392,0.9947887715397443,0.9963173985547527,0.04240743670909939,0.04868291074403709,0.08816804962026827,0.29922730373149276
08_004000_004020_s5,08,0,-4,14497,27.3665,25.797618208677775,20.96499993423822,25.435897435897427,0.06738850495482404,0.06322550675675674,0.06187526304770019,1.5733226728328882,0.9939987583637994,14497,0.9968959094985169,0.9977236669655791,0.07642531928274389,0.0597197109210908,0.069690335354762,nan,0.039411332059116004,0.02886471505085276,0.028761522631919778,1.4485029550312187,0.9927571221632062,14497,0.9967579499206732,0.9978616265434228,0.02608543008995157,0.044101341889825396,0.05542790986611598,nan,0.1932738145316469,0.1878916200609854,0.2081136800965564,3.2415467042809127,0.6417189763399324,14497,0.9953783541422363,0.9972408084431261,0.1754877583118824,0.20181829798520848,0.20704056263052506,nan,0.04074785506117691,0.028648164726947586,0.028686283965552395,1.492399704778153,0.9926191625853625,14497,0.9966889701317514,0.997792646754501,0.021336029177427673,0.049312389044846174,0.058585688410291964,nan
08_004000_004020_s5,08,1,-3,14349,27.3665,25.797618208677775,20.96499993423822,25.435897435897427,0.07881115112165223,0.07646717787474326,0.07371313745129449,1.979699044214827,0.9908704439333752,14349,0.9950519199944247,0.9968638929542128,0.08814128911737902,0.07143602842066955,0.0750766208345542,0.5494899005214555,0.039918431321806794,0.031294237043998294,0.031137409329089927,1.8071298478965394,0.9920551954840059,14349,0.9950519199944247,0.9964457453481079,0.033245929319382285,0.039775540320785556,0.05133993258777719,0.5753169917416939,0.18165940575363182,0.17629217625632465,0.19390305097489868,3.299846828325364,0.7464631681650289,14349,0.9940065509791624,0.9955397588682138,0.1663939794723692,0.18536790450673876,0.20276853825243404,0.6548720440706214,0.037795161427402205,0.026889216428315686,0.02686292914749666,1.8255340378696032,0.99212488675169,14349,0.9953306850651613,0.9962366715450554,0.024902333794337803,0.04099726271514466,0.05323602840179873,0.5812716758017209
08_004000_004020_s5,08,2,-2,13548,27.3665,25.797618208677775,20.96499993423822,25.435897435897427,0.07261302030449901,0.06683605852953566,0.06485733740323618,2.140940642690048,0.9884115736640094,13548,0.9942426926483614,0.9961617950989076,0.07963284927475849,0.06778379046074895,0.06120644290561589,0.6703057759749139,0.04055431258671578,0.030647555725981452,0.030492582821876946,2.0370158411907124,0.9886330085621494,13548,0.9940950693829348,0.9957189253026277,0.03202679934998641,0.04017037955016698,0.051192363773488916,0.6892066681159281,0.1888525890537488,0.1839208466584104,0.2032439270783999,3.5142298150666758,0.6810599350457632,13548,0.9932831414230883,0.9947593740773546,0.17308284964660753,0.19046663693282684,0.2126048934615215,0.7474269860959695,0.04063499640197641,0.028129836449575774,0.028121197858627545,2.06509798289143,0.9893711248892826,13548,0.9940950693829348,0.9953498671390612,0.026007540837838575,0.04279178270010844,0.05679018283722545,0.6935644504226013
08_004000_004020_s5,08,3,-1,13616,27.3665,25.797618208677775,20.96499993423822,25.435897435897427,0.07129026870252878,0.06680079345067008,0.0648085048561724,2.1248201819792136,0.9899383078730905,13616,0.9943448883666275,0.9961809635722679,0.08020337457782391,0.06593174865333219,0.05660357847628119,0.6748150275246939,0.04024968276894276,0.030745500645233452,0.030606317543331762,2.0403415930009494,0.9907461809635723,13616,0.9942714453584018,0.9954465334900118,0.03131758817902986,0.0396168371225196,0.05244671373192714,0.693457410808202,0.1896007349241255,0.18370912760862007,0.20297052922807746,3.545343984753045,0.668698589894242,13616,0.993683901292597,0.9948589894242068,0.17258224818229673,0.19127689836783968,0.21580152999047014,0.7508814453232947,0.04034847113760513,0.028162091407065666,0.02820115793622202,2.0727032837870922,0.9909665099882491,13616,0.9943448883666275,0.9953730904817861,0.024906893293786023,0.042265322151088594,0.059184574895852514,0.6977555914136986
08_004000_004020_s5,08,4,0,11740,27.3665,25.797618208677775,20.96499993423822,25.435897435897427,0.11109732723478083,0.08285325644021163,0.07959946153709907,3.9512741555539685,0.9544293015332198,11740,0.9637137989778535,0.9657580919931857,0.10460070071379537,0.10170157688046202,0.14861429036549123,0.6747467932065764,0.06788989495305926,0.03295401689017628,0.03270854743246454,3.8867779270284624,0.9552810902896082,11740,0.9637137989778535,0.9656729131175469,0.05550152911993336,0.053912270354734004,0.13708918061999176,0.6933930882646717,0.19702527462103944,0.17424787190835256,0.19144214483489408,4.712668541560598,0.7724020442930153,11740,0.9621805792163544,0.9686541737649063,0.17659266245430152,0.18694771643540417,0.2801793606993681,0.7508291721983119,0.06441575912435421,0.026769047268321054,0.02665835694206653,3.896917078656862,0.954855195911414,11740,0.9638841567291312,0.9656729131175469,0.04735283931269517,0.05225224408006786,0.14204292682039368,0.6976921707673887
08_004025_004045_s5,08,0,-4,12738,27.3665,24.44084567948292,21.207750237191654,24.724412974137945,0.11219204296718206,0.10430681818181813,0.09922089594103767,3.4172741282782537,0.9736222326895903,12738,0.9774689904223584,0.9813942534149788,0.13292379733724785,0.08732467684422371,0.09750480576168405,0.7212938923556832,0.053074896151660216,0.028349080087095895,0.028456681337734047,3.3921010411188894,0.9718951169728371,12738,0.9785680640602921,0.9805306955566023,0.030307794458674125,0.054865985990625574,0.10107836510113535,0.7510893622909726,0.16513646291985412,0.14887149799026128,0.16118643819404754,4.141955131807279,0.8717224054011619,12738,0.9779400219814728,0.9827288428324698,0.13986950193642936,0.17077747078312527,0.212177815717545,0.7840158763268769,0.05183994034664329,0.02891098511630149,0.028840442010497735,3.362033345425501,0.9717381064531324,12738,0.9785680640602921,0.9804521902967499,0.035035281961532556,0.04911725367421364,0.09380967367105048,0.7482014541935347
08_004025_004045_s5,08,1,-3,13226,27.3665,24.44084567948292,21.207750237191654,24.724412974137945,0.08888130292487079,0.08062318708220605,0.07763126793295871,3.573463453596697,0.9845002268259488,13226,0.9885830939059428,0.9903977014970513,0.10613020108962698,0.06903442616226625,0.0785257438014074,0.7431147130563421,0.0512705801078999,0.038735432294885616,0.039359803918605385,3.654738539273958,0.9838953576289128,13226,0.9886587025555723,0.9897172236503856,0.02048190175407797,0.057197469313566826,0.09723107388310435,0.7705773973464043,0.17107127560980573,0.1645010964819187,0.17971821048693926,4.449216807569264,0.8398608800846817,13226,0.987146529562982,0.989490397701497,0.1428028511259675,0.17640349341190373,0.21560451083398144,0.8009259859642116,0.04628467307307922,0.031115579854966414,0.031392270301498604,3.6169526521239295,0.9838953576289128,13226,0.9885830939059428,0.9897172236503856,0.019913222250428637,0.04948699078688522,0.08825114388735054,0.7679155931019707
08_004025_004045_s5,08,2,-2,13589,27.3665,24.44084567948292,21.207750237191654,24.724412974137945,0.08272288019540981,0.07525221370711552,0.07265207635471782,2.3503279433904427,0.9904334388108028,13589,0.9930826403708882,0.9944072411509309,0.10197587867495919,0.07457821671020115,0.0529327901702122,0.6354484676369904,0.05246862941501526,0.045605123587559374,0.04644693599170746,2.4573144190471097,0.987857826182942,13589,0.9927882846419899,0.9941128854220326,0.02200702372720004,0.05325742303982498,0.11208065449877117,0.6658642697147389,0.17056905480451598,0.16899683332247734,0.18508922189847077,3.560738487677207,0.7887261755831922,13589,0.9918316285230702,0.9937449407609096,0.14622631519638501,0.17007325555480463,0.22189376488055776,0.7100645695267378,0.04782375780307416,0.038312394290512045,0.03878264175644386,2.400014850395812,0.9885201265729634,13589,0.992935462506439,0.9941864743542571,0.021115826756272008,0.047237882929255744,0.10369446316493677,0.6619875640423116
08_004025_004045_s5,08,3,-1,14135,27.3665,24.44084567948292,21.207750237191654,24.724412974137945,0.08472664476527651,0.07931885622258768,0.07637123471305207,2.8464634711901136,0.9869119207640609,14135,0.9912274495932083,0.9923593915811815,0.09475295448711696,0.07851214895817554,0.06972160771361617,0.549716145558328,0.05314603841668656,0.04482229699347237,0.04553372506200759,2.942947428171449,0.9842235585426247,14135,0.99115670321896,0.9920056597099398,0.024282620228472,0.05053491027324058,0.11755181385906915,0.5730377997192676,0.17168681906071248,0.16654594351908145,0.18214997099434393,3.95222865137332,0.803537318712416,14135,0.9888220728687654,0.9917934205871949,0.15162437406102613,0.16681618361657333,0.22506959990958397,0.6295174142899321,0.047800333097797194,0.037481339936696265,0.03800729888054044,2.8927801310218353,0.9851432614078528,14135,0.9910152104704634,0.9922178988326849,0.01988511519361064,0.04514415752131401,0.1100561248359803,0.5680841038594225
08_004025_004045_s5,08,4,0,14228,27.3665,24.44084567948292,21.207750237191654,24.724412974137945,0.07867158314814406,0.07072286436373063,0.06844370577361913,2.353698935501622,0.971253865617093,14228,0.990019679505201,0.9923390497610346,0.07758972038940154,0.07636937438483285,0.08496187364860888,nan,0.059504354064044605,0.04754854770529311,0.04868171070054794,2.4187756121522686,0.9817261737419174,14228,0.9897385437166151,0.9915659263424234,0.04545069240637199,0.056234937462830245,0.10456840358869446,nan,0.1778893088243593,0.17203571334662093,0.18878011977701592,3.5174807157568693,0.7977228001124543,14228,0.9890357042451504,0.9909333708181052,0.16608392711696382,0.1734271702631829,0.22056786463076036,nan,0.05084561739795761,0.03705741486579881,0.03760234423159381,2.363869799149745,0.9813044700590385,14228,0.9898088276637615,0.9915659263424234,0.03528293426710719,0.048754709617723845,0.09668985126998972,nan
08_004050_004070_s5,08,0,-4,15132,27.3665,28.53657855563969,25.792290768678157,31.142398904490435,0.12495171242254897,0.11684659156930594,0.12424773529358357,3.4466673202268994,0.9406555643669046,15132,0.9860560401797516,0.9918054454136929,0.11155158851494094,0.12815820452270904,0.13716454431395836,0.23596259042204923,0.08875124997273731,0.07922196989662195,0.08248270539787639,3.042059760611318,0.9738302934179223,15132,0.9864525508855406,0.992466296590008,0.07365586321352234,0.09222962126280754,0.10391903820478925,0.20365145981354013,0.17466054678955856,0.16738088360975523,0.1831649356891527,4.095990140520291,0.8011498810467883,15132,0.9856595294739625,0.9884351044144859,0.1625570259773927,0.17685619667637859,0.18625990637082387,0.2799124832922678,0.04702610745098658,0.03406429433814588,0.033909231257471806,2.5528788741944197,0.9809014010044937,15132,0.9863864657679091,0.9927967221781655,0.029664124296618542,0.04700184314115005,0.07465511898751402,0.14875574346838394
08_004050_004070_s5,08,1,-3,15285,27.3665,28.53657855563969,25.792290768678157,31.142398904490435,0.12997176318632106,0.11112746062992132,0.11770175298129093,3.867554346295238,0.8959764474975466,15285,0.9852142623487079,0.9874386653581944,0.11740156444745534,0.12809323538078168,0.14042335740565803,0.22759357539430156,0.0963493030160552,0.07397780769357694,0.07669679500444548,3.4699279172245845,0.9630356558717698,15285,0.984429178933595,0.9882891723912333,0.08027914613502364,0.09403524427401584,0.11190958028906503,0.19651475286809736,0.1782753528183739,0.16202262059568862,0.17674484668988777,4.518061937368929,0.7373895976447498,15285,0.98534510958456,0.9867190055610076,0.16781226298837143,0.17515705922315658,0.1881958385085279,0.27180291577268334,0.058364739476065144,0.03596777682512909,0.03582019475191567,3.0044428798602834,0.977036310107949,15285,0.9844946025515211,0.9896630683676807,0.03853606687619021,0.050865950453362264,0.08901718123476425,0.13615692348674654
08_004050_004070_s5,08,2,-2,15217,27.3665,28.53657855563969,25.792290768678157,31.142398904490435,0.12587249635504255,0.11317435596791742,0.12006865163799718,3.089824326667465,0.8950515870408097,15217,0.9901426036669514,0.9942827101268318,0.11705644406922165,0.1268088495272008,0.1279102557290198,0.20572269707373264,0.09253903610794018,0.07598439569056117,0.07879495034956685,2.624665719320212,0.9749622133140566,15217,0.9901426036669514,0.9946112900046001,0.08072968914659896,0.09244737242901716,0.09978619954253068,0.1760818983185762,0.17425014481651854,0.16401979206766099,0.17914019136194304,3.821309620745479,0.7348360386409937,15217,0.990996911349149,0.9940855622001709,0.16736040026399296,0.1748907270991273,0.174777802869136,0.24980954322804086,0.0537518857405875,0.034097375491264646,0.03393479965166568,2.082774981574598,0.9856739173293028,15217,0.990405467569166,0.9948084379312611,0.03687926123337758,0.046203239773956725,0.08215460747559394,0.11770107215800166
08_004050_004070_s5,08,3,-1,14825,27.3665,28.53657855563969,25.792290768678157,31.142398904490435,0.14201705296443712,0.12218652799377919,0.13030844673748687,3.5387857893588133,0.8563912310286678,14825,0.9871163575042159,0.9924451939291737,0.11589958291472814,0.15249849549897532,0.15826300437553978,0.22630483509060637,0.10778848807249748,0.08525787391474382,0.08898868338124943,3.052722175090623,0.8716357504215851,14825,0.9863069139966273,0.9929848229342327,0.0801498768001792,0.11778112537538347,0.1269732841292811,0.1932248240894701,0.18957642668459068,0.17249733783824253,0.18934295462218786,4.266011210272931,0.6659021922428331,14825,0.9866441821247892,0.9922428330522766,0.16521430554941968,0.19951807906088131,0.2042189006277028,0.27081027315646944,0.05920464382027859,0.033880192715770814,0.03387018733616998,2.300788016857272,0.9772006745362564,14825,0.9859696458684655,0.9921753794266441,0.04268127150156853,0.05287176119134268,0.08698345065220772,0.1258266813854407
08_004050_004070_s5,08,4,0,15180,27.3665,28.53657855563969,25.792290768678157,31.142398904490435,0.13571153068077751,0.11755961103889692,0.125005387246383,3.3454658047514623,0.8631752305665349,15180,0.986231884057971,0.9942028985507246,0.12514526857964908,0.1432869628521682,0.13321370248381392,0.21922429239275423,0.10300453872789828,0.08058019672963201,0.08388018616673232,2.938117570476977,0.882806324110672,15180,0.9868247694334651,0.9950592885375494,0.09067589097070153,0.1096081877740272,0.10535206441318393,0.1916330329464564,0.18290112480620507,0.1679717353084968,0.18388453980854425,3.9961065476031763,0.722266139657444,15180,0.9849143610013176,0.9937417654808959,0.17292947910819093,0.18990135528374388,0.18075614780554602,0.26246069220233925,0.06281474585511532,0.03350019893823646,0.033427574332286714,2.44301473364626,0.9726613965744401,15180,0.9870223978919631,0.9934782608695653,0.04593242500100426,0.0583676425898681,0.0955456612723107,0.15259297992587767
