clip_id,frame,n_valid,s_frame,mad_log,moge_mask_fraction,lingbot_conf_fraction,fov_x_deg
08_000000_000020_s5,0,60584,23.722951768913212,0.02208182195492503,0.9572531715388858,0.7627488341774056,88.31484985351562
08_000000_000020_s5,1,63653,23.712337183167243,0.028828394072602848,0.9556611342325628,0.8022865165722308,89.9261474609375
08_000000_000020_s5,2,65286,24.807622704802252,0.038904669292204375,0.958168279596851,0.8211402497116783,86.14887237548828
08_000000_000020_s5,3,61364,23.957654628829047,0.04481992889418307,0.9537557037557037,0.7723888081030938,86.41513061523438
08_000000_000020_s5,4,61149,23.712441001827038,0.03690481348755226,0.9515619515619516,0.7694554480268766,86.95299530029297
08_000025_000045_s5,0,56032,18.424308426556426,0.033279065336972335,0.9508098079526651,0.7024018452589881,86.9516830444336
08_000025_000045_s5,1,55966,18.026191039862912,0.0360540822043085,0.9485283056711629,0.7016120944692373,86.57510375976562
08_000025_000045_s5,2,55366,18.54745767019052,0.03177135098650807,0.9455071955071955,0.6941031941031941,87.6307144165039
08_000025_000045_s5,3,52256,19.066557634083047,0.03788410573391521,0.9431755503184075,0.6550669407812265,84.4678955078125
08_000025_000045_s5,4,52381,18.912009622501845,0.036172537785871484,0.9405305119590834,0.6568344782630496,85.62747192382812
08_000050_000070_s5,0,56657,21.716959205969655,0.052734838201601075,0.9385624028481171,0.7106378177806749,86.98470306396484
08_000050_000070_s5,1,56650,21.30356007628735,0.029589848008343855,0.9419595848167277,0.7107631750488893,84.3058090209961
08_000050_000070_s5,2,51012,20.844546827070545,0.028220736666105584,0.9494935566364138,0.6396103896103896,86.32679748535156
08_000050_000070_s5,3,53020,20.371375363372085,0.027716401397628987,0.9811086596800882,0.6667000952715239,86.8270263671875
08_000050_000070_s5,4,50690,21.349607780612246,0.028874197696103998,0.95572381286667,0.6378052449481021,86.61341094970703
08_000075_000095_s5,0,55154,25.97738801345609,0.04492400034302402,0.937735044877902,0.7038935967507396,88.04373931884766
08_000075_000095_s5,1,51813,24.80951217678894,0.0533544673973263,0.935290578147721,0.6638294138294139,89.46905517578125
08_000075_000095_s5,2,53422,27.271641549556207,0.05415909281950437,0.9424860853432282,0.6798751441608585,88.645751953125
08_000075_000095_s5,3,53886,26.761927320467713,0.07424515359920303,0.9315423958281102,0.6864187935616507,89.5495834350586
08_000075_000095_s5,4,54334,26.3303291363743,0.04562955607405872,0.952113523542095,0.6945043373614802,90.41717529296875
08_000100_000120_s5,0,59900,28.272159049326703,0.022084672319310883,0.9616406759263902,0.7579100436243293,90.4554443359375
08_000100_000120_s5,1,57630,28.74186606862436,0.021161669286899443,0.9688361831218975,0.7273855488141202,89.72120666503906
08_000100_000120_s5,2,60220,31.009482301311735,0.02850377301622764,0.978914907486336,0.7578097578097578,89.77998352050781
08_000100_000120_s5,3,57504,27.609922329215113,0.02279860055880123,0.97999297999298,0.7229604372461516,93.79417419433594
08_000100_000120_s5,4,60278,27.605412792699724,0.024931721710860666,0.9881412024269167,0.7557538986110415,93.16715240478516
08_000125_000145_s5,0,63935,25.104306651734927,0.03443092752547949,0.9880534523391666,0.8063230206087348,93.96236419677734
08_000125_000145_s5,1,67852,25.29036951546717,0.053206290188198,0.9755177255177255,0.8654164368450082,94.50621795654297
08_000125_000145_s5,2,67701,24.607954319267506,0.04673737221636243,0.9820739106453392,0.8516647445218873,93.40000915527344
08_000125_000145_s5,3,67251,24.017099355722404,0.05357614583227832,0.971155292583864,0.8527553527553527,95.26567077636719
08_000125_000145_s5,4,66780,24.356220747447047,0.13265501456983353,0.9750288321716893,0.8469387755102041,95.35870361328125
08_000150_000170_s5,0,62085,25.79157927852349,0.037981809116884424,0.9705410419696134,0.7831319259890689,92.88603973388672
08_000150_000170_s5,1,61727,23.704871067110975,0.026774866229734684,0.9705159705159705,0.7819034247605676,97.0118179321289
08_000150_000170_s5,2,61735,23.313257444598335,0.027839810891023387,0.9717820789249361,0.7757609186180615,96.03218841552734
08_000150_000170_s5,3,63459,24.48072621367824,0.03950972887629245,0.9741011883869026,0.7980494409065838,93.91056060791016
08_000150_000170_s5,4,65097,24.224598955246,0.03843772790105193,0.9768841197412625,0.8257032542746828,93.20638275146484
08_000175_000195_s5,0,65071,26.413061143529887,0.031600032347519846,0.9777992277992278,0.826217219074362,93.7509536743164
08_000175_000195_s5,1,66210,26.78074975944717,0.046068572004798636,0.9717570074712932,0.8379631951060522,93.61782836914062
08_000175_000195_s5,2,65061,26.34393865411932,0.04304370723521522,0.976382690668405,0.8241112169683599,95.68807220458984
08_000175_000195_s5,3,64902,24.76782392644557,0.04166362250881095,0.9826505540791255,0.8249009677581106,98.04499053955078
08_000175_000195_s5,4,67182,26.15774492454884,0.034584802770324385,0.987890487890488,0.848129669558241,95.8202896118164
08_000200_000220_s5,0,64579,25.567983179419514,0.03630125858641042,0.9900466329037758,0.8168655668655669,94.83902740478516
08_000200_000220_s5,1,60402,26.36488060762426,0.05307898088900487,0.9719575791004362,0.7799854585568872,93.98316955566406
08_000200_000220_s5,2,61305,25.942264959939916,0.02164272461840877,0.9607381035952465,0.792257935115078,92.41840362548828
08_000200_000220_s5,3,56723,25.606155934571014,0.05198420937420378,0.9603369603369604,0.7313217670360528,95.24574279785156
08_000200_000220_s5,4,58746,25.186160007911397,0.04417180169389523,0.9720453291881863,0.7415133129418844,94.63137817382812
08_000225_000245_s5,0,60568,27.395295460178446,0.036454695797918824,0.9783633355061927,0.7614701900416186,89.58087158203125
08_000225_000245_s5,1,61866,25.546020900321547,0.05869055298525194,0.9816727673870531,0.7846236774808203,93.11101531982422
08_000225_000245_s5,2,58053,28.096914373342177,0.04468490083783916,0.9842551271122699,0.7283633355061927,90.14665222167969
08_000225_000245_s5,3,61961,28.126376309237642,0.04507697460941573,0.9940706012134584,0.7783934212505641,89.92562103271484
08_000225_000245_s5,4,58702,26.920428499552774,0.043407112702072315,0.9905104547961691,0.742979992979993,89.94935607910156
08_000250_000270_s5,0,62084,23.193373018538416,0.03797359395888744,0.9984204984204984,0.7789951361379933,91.65862274169922
08_000250_000270_s5,1,64646,22.549741972477072,0.05527654780860658,0.9943213157498871,0.8111492754349897,91.84413146972656
08_000250_000270_s5,2,64520,20.786938583903275,0.059419518107393765,0.9885924885924886,0.8089429875144161,94.5360336303711
08_000250_000270_s5,3,58306,20.99204757893279,0.031429710708199776,0.9768590482876197,0.7332397332397332,93.93966674804688
08_000250_000270_s5,4,55084,20.802090034740093,0.04488328912224948,0.9707040064182921,0.6907436193150479,91.1435775756836
08_000275_000295_s5,0,64970,23.526050695711678,0.04036278779291691,0.9698641127212556,0.8209396780825352,94.22190856933594
08_000275_000295_s5,1,61195,25.6830419921875,0.042426694120084374,0.9709045780474352,0.7728400942686657,93.49466705322266
08_000275_000295_s5,2,60647,24.38395207683308,0.025388228556346704,0.9657398585970014,0.766171087599659,96.43769073486328
08_000275_000295_s5,3,60838,24.629214418976545,0.02974864769815011,0.9660031088602518,0.765632051346337,94.97073364257812
08_000275_000295_s5,4,60094,26.187919050075017,0.040320900556411576,0.9652384295241438,0.754688361831219,91.58377075195312
08_000300_000320_s5,0,60895,26.924572786114776,0.02268776206262224,0.9685478614050043,0.7705711277139848,95.30300903320312
08_000300_000320_s5,1,60799,27.409970434725167,0.0166297429733393,0.9686230757659329,0.7688913403199118,92.37397766113281
08_000300_000320_s5,2,62246,28.525842901034935,0.042096401854172294,0.9678458607030036,0.7861655718798576,91.21987915039062
08_000300_000320_s5,3,61402,27.94711442338452,0.042279580392134086,0.9684726470440757,0.7748708820137391,92.16226959228516
08_000300_000320_s5,4,65937,27.439585563882936,0.04654432484511073,0.9812089454946598,0.8333375119089405,93.60054016113281
08_000325_000345_s5,0,60692,26.570950725885833,0.047835849365662764,0.9867497367497368,0.7619340119340119,91.6307601928711
08_000325_000345_s5,1,65297,27.604032409301684,0.033155848013753264,0.9891565962994534,0.8190342476056762,92.19609069824219
08_000325_000345_s5,2,65795,26.221028208892616,0.033029550291820975,0.991901920473349,0.8252268966554681,91.7975082397461
08_000325_000345_s5,3,64289,26.156375273323604,0.03972548165104328,0.9963521034949606,0.8062603419746277,92.51395416259766
08_000325_000345_s5,4,66008,26.266266860821585,0.04444023415371223,0.9982700696986412,0.8274707917565061,90.41477966308594
08_000350_000370_s5,0,66721,27.892786855916036,0.03760832550305393,0.999686606829464,0.8365842651556937,91.28092193603516
08_000350_000370_s5,1,62409,26.075390905419958,0.03784057082253689,0.999147570576142,0.7831319259890689,92.7342300415039
08_000350_000370_s5,2,59538,25.211666474831187,0.042521349661263086,0.9998621070049641,0.7463521034949606,95.44055938720703
08_000350_000370_s5,3,59996,22.215632267441855,0.0363830256126918,1.0,0.7520934663791806,96.25121307373047
08_000350_000370_s5,4,56333,22.717746310763886,0.027499771182717847,0.9999874642731785,0.7061750990322418,94.88619232177734
08_000375_000395_s5,0,57633,24.893575290084392,0.04265904722651026,0.9999498570927142,0.7225216868074011,92.3604736328125
08_000375_000395_s5,1,60487,24.9885148673222,0.05311066735453851,0.9997868926440355,0.7584490798776513,91.05870056152344
08_000375_000395_s5,2,57650,25.409585236710956,0.049241521223238216,0.9992353206638921,0.723399187684902,90.88914489746094
08_000375_000395_s5,3,52080,26.090197475570033,0.036465373107496646,0.9987840344983202,0.6532116532116532,90.13758850097656
08_000375_000395_s5,4,47875,26.603252267282684,0.029871701206364065,0.9973674973674974,0.600147921576493,90.9046401977539
08_000400_000420_s5,0,49752,24.13032844387756,0.06606069427565564,0.9993230707516422,0.6236774808203379,88.5173110961914
08_000400_000420_s5,1,52093,24.621864201222756,0.04643076017216785,0.9999874642731785,0.653036153036153,92.13143920898438
08_000400_000420_s5,2,50692,25.143069161442,0.0477924279619486,0.9996740711026425,0.6356867071152785,90.84352111816406
08_000400_000420_s5,3,54845,24.627449972587716,0.04042231668475571,0.9556485985057414,0.6909191194905481,88.75655364990234
08_000400_000420_s5,4,53291,23.882161458333336,0.03199026263882532,0.9539061324775611,0.676139497568069,87.88218688964844
08_000425_000445_s5,0,57558,23.60641205495356,0.054496655569180597,0.9420097277240135,0.7376773805345234,88.74528503417969
08_000425_000445_s5,1,56984,23.663006756756758,0.09102275604084098,0.9237075665647094,0.7365742365742366,90.4024429321289
08_000425_000445_s5,2,57898,23.944379371413195,0.06832793273396698,0.9085393371107657,0.7500752143609286,90.63542938232422
08_000425_000445_s5,3,53918,24.527020919421496,0.05510679818703457,0.8834804191947049,0.6868199368199368,90.5487060546875
08_000425_000445_s5,4,52972,24.009018071086256,0.023099378306288942,0.8891465677179963,0.6640425211853783,88.07996368408203
08_000450_000470_s5,0,58303,24.86365786154709,0.06092990918703789,0.8874667803239232,0.7409617409617409,88.47981262207031
08_000450_000470_s5,1,59012,25.75384483097484,0.03990401884788297,0.8867271724414582,0.7513789299503585,88.24818420410156
08_000450_000470_s5,2,58405,26.31108132845187,0.04584881923401518,0.8876673519530662,0.7449606378177807,88.0168685913086
08_000450_000470_s5,3,59462,26.220160457466346,0.05606106754598894,0.8866644938073509,0.7523692523692523,88.67094421386719
08_000450_000470_s5,4,60881,26.80427924584322,0.025183883227255954,0.8933335004763576,0.7752218823647395,86.40852355957031
08_000475_000495_s5,0,63543,24.45753847947762,0.027560465501530906,0.8957528957528957,0.8079526650955222,84.38912963867188
08_000475_000495_s5,1,65298,23.909624653477824,0.02605801291678822,0.9055432984004412,0.8310058667201524,83.73698425292969
08_000475_000495_s5,2,61911,23.37243966584158,0.06457163785436348,0.8937346437346437,0.7894123251266109,86.15174865722656
08_000475_000495_s5,3,65570,22.99614514802632,0.03847302240228134,0.9118613047184476,0.8357694429123,87.2123794555664
08_000475_000495_s5,4,68514,23.790068449797445,0.06346569937598323,0.9152334152334153,0.8778769493055207,85.62158966064453
08_000500_000520_s5,0,59322,20.16331387657323,0.027700777665469634,0.8837436694579551,0.7494484280198566,84.9749526977539
08_000500_000520_s5,1,65738,20.352192257612174,0.037867945138653436,0.9135160206588778,0.8277340420197563,85.69188690185547
08_000500_000520_s5,2,67161,20.090788246268648,0.04079233055533926,0.9135661635661636,0.8456475956475956,87.94249725341797
08_000500_000520_s5,3,67999,20.44956330713938,0.04362397038630439,0.9197337411623125,0.8542220327934613,87.98760223388672
08_000500_000520_s5,4,66123,19.962194501018327,0.035855793512189926,0.9274432131574989,0.8305044376472948,90.60806274414062
08_000525_000545_s5,0,68996,20.288948139391444,0.02755274271057595,0.9329463972321115,0.8696785839642982,89.89350891113281
08_000525_000545_s5,1,69459,19.629587359856096,0.03262507935526626,0.9379105450534022,0.8776387704959133,90.71792602539062
08_000525_000545_s5,2,68739,21.046947337962955,0.04132208901290291,0.9335355763927192,0.8712204783633355,86.8966064453125
08_000525_000545_s5,3,67520,21.13124930984982,0.03723885024447138,0.942310585167728,0.849094920523492,86.25745391845703
08_000525_000545_s5,4,64471,20.881002331867865,0.04087076665773637,0.9412199769342626,0.8123652409366695,86.58747100830078
08_000550_000570_s5,0,69639,20.81988436195199,0.039211242350593256,0.9371584014441158,0.877601163315449,87.31529998779297
08_000550_000570_s5,1,68421,21.95437129671832,0.06084846407469069,0.933924183924184,0.8631850774707918,85.7956771850586
08_000550_000570_s5,2,66484,22.58731505807522,0.07298539616700084,0.9347139347139347,0.8372110514967658,86.62088775634766
08_000550_000570_s5,3,70496,22.512720242979576,0.032546835633662674,0.9343880058165772,0.8849596349596349,88.15709686279297
08_000550_000570_s5,4,68136,22.871561341366515,0.03729754191723167,0.9320312891741463,0.8544351401494259,83.71003723144531
08_000575_000595_s5,0,69570,21.424078525641033,0.045152762683325465,0.9337361480218623,0.8755703755703755,84.70523834228516
08_000575_000595_s5,1,70117,19.757746900744614,0.05426846441722111,0.9370455799027227,0.8814872386300958,85.55463409423828
08_000575_000595_s5,2,66026,19.548483069265288,0.05178693759805242,0.9347390061675775,0.8318332246903676,86.76655578613281
08_000575_000595_s5,3,66507,19.239621242088614,0.0730470486657877,0.9334603620317906,0.8393797322368751,88.3096923828125
08_000575_000595_s5,4,66196,20.24996746599111,0.05022139779746837,0.9339868625582911,0.8316702602416888,85.29911041259766
08_000600_000620_s5,0,66597,22.965324289229084,0.024758616049166626,0.9248232462518177,0.8352429423857995,86.39505004882812
08_000600_000620_s5,1,66460,23.412678915176347,0.03338962199095752,0.926991926991927,0.8331996189139046,85.43840789794922
08_000600_000620_s5,2,65611,22.866789274005914,0.041183304599664794,0.9276187133329991,0.8225567868425011,85.88374328613281
08_000600_000620_s5,3,66794,23.421021059168925,0.025105927587324883,0.9340244697387554,0.8385774457203029,83.61737060546875
08_000600_000620_s5,4,66170,22.167872582063307,0.024502430479469428,0.9381737953166525,0.8296269367697939,84.21757507324219
08_000625_000645_s5,0,65746,23.45328549156272,0.05097196737646548,0.9463596249310535,0.8276086847515419,83.0947265625
08_000625_000645_s5,1,68179,23.019457986999146,0.031195135698764087,0.9511357368500226,0.8668705811562954,83.56393432617188
08_000625_000645_s5,2,67522,23.909645720923265,0.040979861531723394,0.9557363485934914,0.8612044326330041,83.91710662841797
08_000625_000645_s5,3,68751,21.932834682786158,0.041313575440436345,0.9630948202376773,0.8702552273980846,86.02349090576172
08_000625_000645_s5,4,68031,24.12034058415033,0.046954355933675807,0.9629819986962844,0.8600762172190743,81.77757263183594
08_000650_000670_s5,0,69687,23.45260162247034,0.029459478223388125,0.9596224239081382,0.8737903023617309,79.72598266601562
08_000650_000670_s5,1,69860,23.921173013356718,0.03292631525110101,0.9633329990472848,0.8761971619114476,79.22724151611328
08_000650_000670_s5,2,69107,23.482310427068473,0.02583373317752713,0.9638344281201424,0.8664192949907236,79.73702239990234
08_000650_000670_s5,3,67268,22.606654762902146,0.015801396871710116,0.9621044978187835,0.8437170937170937,82.60572814941406
08_000650_000670_s5,4,65752,22.378078982126805,0.03434603947557324,0.9646367146367146,0.8247881462167177,79.90426635742188
08_000675_000695_s5,0,69465,22.875481404049296,0.025988754766192113,0.9672942887228602,0.8909517123802838,82.03441619873047
08_000675_000695_s5,1,70460,23.45500383030431,0.07600847837061764,0.9679962894248608,0.8957403600260743,82.2377700805664
08_000675_000695_s5,2,71616,24.13687507025629,0.04719710995885773,0.9692122549265406,0.9074988717845861,83.72883605957031
08_000675_000695_s5,3,71799,22.563744028662413,0.04183847181970446,0.965840144411573,0.9141177355463069,86.89434814453125
08_000675_000695_s5,4,71086,23.037719164026505,0.035080800584520455,0.9635711778568922,0.9067717996289425,85.908203125
08_000700_000720_s5,0,65902,18.829187935756977,0.039262381675869484,0.9575791004362433,0.8373990873990874,86.94519805908203
08_000700_000720_s5,1,60883,19.440402472861305,0.019006785424743988,0.935829614401043,0.7789324575038861,86.89656829833984
08_000700_000720_s5,2,65279,19.896246483340683,0.025367242436490134,0.9514992729278443,0.8256907185478614,86.12118530273438
08_000700_000720_s5,3,65731,21.167815371762742,0.03506666435788475,0.9250614250614251,0.8336258336258336,84.2038345336914
08_000700_000720_s5,4,59770,19.894978517351905,0.01367219896984806,0.8924559995988567,0.7538860753146468,87.25587463378906
08_000725_000745_s5,0,66238,23.827297141335222,0.03736712254419272,0.894850323421752,0.8452840595697738,87.3081283569336
08_000725_000745_s5,1,63989,23.4775225638576,0.042326651386654035,0.866657473800331,0.8245625031339318,87.23593139648438
08_000725_000745_s5,2,64583,23.341778336125067,0.02482645999995947,0.8854359925788498,0.8276462919320062,88.5311508178711
08_000725_000745_s5,3,67370,24.291022414542287,0.03476368668984309,0.922616958331244,0.8681993681993682,88.67012786865234
08_000725_000745_s5,4,66819,23.652220083448036,0.03122002967195403,0.9225793511507797,0.8539587825302111,89.13557434082031
08_000750_000770_s5,0,70510,25.47929186698718,0.018175272023750466,0.9346763275334704,0.8974702903274332,84.62615966796875
08_000750_000770_s5,1,69255,25.926124830852505,0.017949142571491716,0.922077922077922,0.8844832773404202,84.95100402832031
08_000750_000770_s5,2,68995,25.996228722052848,0.022312111915851585,0.9178283106854536,0.8857995286566716,85.06398010253906
08_000750_000770_s5,3,68881,26.64619954427084,0.03194749346842851,0.9373589730732588,0.8770746627889485,85.51807403564453
08_000750_000770_s5,4,68353,25.479439558383234,0.026113954147521934,0.9495060923632352,0.8632226846512561,85.3330078125
08_000775_000795_s5,0,71920,22.911750602038527,0.06647635592142898,0.9582811011382439,0.9095923381637667,83.53902435302734
08_000775_000795_s5,1,71673,21.998811635735077,0.07119445601552066,0.9573283858998145,0.9051922980494409,84.78877258300781
08_000775_000795_s5,2,69196,21.161540103667306,0.048682357036440305,0.9430376573233716,0.88422002707717,86.74470520019531
08_000775_000795_s5,3,67734,21.421507745726494,0.04707796604205017,0.9357794714937572,0.8559394273679988,84.7046890258789
08_000775_000795_s5,4,65114,21.007843269411104,0.035668587773487026,0.9265782480068194,0.8189088903374617,85.2040023803711
08_000800_000820_s5,0,67688,19.669819297817607,0.031232637836182464,0.9523642380785238,0.8504738504738505,84.78687286376953
08_000800_000820_s5,1,63097,20.362924299568967,0.022357508209014387,0.9098179812465527,0.7942009727724013,84.78340148925781
08_000800_000820_s5,2,65173,21.107600745837185,0.022070111246426105,0.9182294539437397,0.8234969663541092,83.3494873046875
08_000800_000820_s5,3,63906,19.69808084239131,0.030833857783841845,0.9218648147219576,0.8057213057213057,87.2041244506836
08_000800_000820_s5,4,61838,21.324910558981664,0.02833603646417826,0.9190693476407762,0.7763250263250263,86.27352905273438
08_000825_000845_s5,0,69507,23.012540894220276,0.034959200783010846,0.9242591385448529,0.8839442410870982,86.07596588134766
08_000825_000845_s5,1,69919,24.10204075788124,0.023384408763342357,0.932106503535075,0.8961665747380033,85.8441390991211
08_000825_000845_s5,2,70052,24.410941384055402,0.03087961360589353,0.9345384345384345,0.8914907486336058,86.562255859375
08_000825_000845_s5,3,68878,23.96052111737729,0.031151852471591024,0.94572030286316,0.8737401594544452,86.16473388671875
08_000825_000845_s5,4,68718,24.362887300531913,0.0495415657890006,0.9479516622373765,0.8659680088251517,84.78691864013672
08_000850_000870_s5,0,71445,21.370201185022438,0.027058157116173653,0.9500827357970215,0.9004161861304718,85.88581085205078
08_000850_000870_s5,1,71647,20.84653155723315,0.03343519331450473,0.952627488341774,0.9058065486636915,85.26554870605469
08_000850_000870_s5,2,71345,20.073474919684582,0.041574482413003544,0.9547334904477761,0.9022087950659379,85.12728881835938
08_000850_000870_s5,3,64047,20.82669642857143,0.04192773484446821,0.948703805846663,0.8088928446071303,85.97443389892578
08_000850_000870_s5,4,66952,21.339309421685336,0.02795006182339499,0.9425863711577998,0.8449079877651307,83.54825592041016
08_000875_000895_s5,0,63873,21.10518213148067,0.044319961655431506,0.9417339417339418,0.8068119139547711,84.21456909179688
08_000875_000895_s5,1,67472,21.6323499582022,0.046073580953210236,0.9372461515318659,0.852479566765281,83.93787384033203
08_000875_000895_s5,2,67441,20.809468971108487,0.024990218852074086,0.9338489695632552,0.8519405305119591,85.27345275878906
08_000875_000895_s5,3,64924,20.314210134896317,0.05733075320248049,0.9299879657022514,0.818094068094068,85.31951141357422
08_000875_000895_s5,4,64111,20.421520691609977,0.039683963649674414,0.9171639171639172,0.8046683046683046,84.92974090576172
08_000900_000920_s5,0,68177,22.998827048898068,0.030130700472660532,0.9243092814521386,0.8572682144110716,85.87535095214844
08_000900_000920_s5,1,68890,22.605110271197006,0.034659465651398325,0.9264904979190693,0.8675349746778318,85.92123413085938
08_000900_000920_s5,2,68143,24.228739053092507,0.036876529267868996,0.920285313142456,0.8581707867422154,83.79560089111328
08_000900_000920_s5,3,66920,24.609054182509517,0.03839329724153351,0.9168254525397382,0.8400065185779472,83.207763671875
08_000900_000920_s5,4,66107,24.40930230131345,0.024412860696359395,0.9208118136689565,0.8324224038509753,85.08838653564453
08_000925_000945_s5,0,66609,24.714938337197317,0.03140694840747704,0.9200972772401343,0.8431028431028431,84.48643493652344
08_000925_000945_s5,1,65812,25.702906185165972,0.030620564052380672,0.9276688562402848,0.8320714034999749,82.6226806640625
08_000925_000945_s5,2,67105,25.40151693099819,0.030201205023626887,0.9333224690367548,0.8439803439803439,82.45332336425781
08_000925_000945_s5,3,67422,23.215696244154323,0.037241393034830095,0.9315800030085745,0.8555382841097127,85.82988739013672
08_000925_000945_s5,4,67864,23.1771079009434,0.042557201078343265,0.9500451286165572,0.8559895702752846,87.58892059326172
08_000950_000970_s5,0,68624,23.523669624099647,0.02986908003743105,0.9481146266860553,0.8764228049942335,85.82271575927734
08_000950_000970_s5,1,67604,23.710361129778967,0.0349905050530257,0.9485659128516272,0.8580955723812866,83.78678894042969
08_000950_000970_s5,2,65359,22.766628689236104,0.051682845123258936,0.955523241237527,0.8216542145113573,85.17703247070312
08_000950_000970_s5,3,61710,23.499047517123284,0.05844862297693876,0.9591962091962092,0.7809632452489595,85.95049285888672
08_000950_000970_s5,4,61893,25.03635612201365,0.04655637481756303,0.9707541493255779,0.7759238830667402,84.1073226928711
08_000975_000995_s5,0,64296,27.264799890350883,0.03758313435556815,0.9718196861054004,0.8115128115128115,81.71285247802734
08_000975_000995_s5,1,60897,25.286846769957975,0.029459503921247077,0.9802687659830517,0.7650428721857293,85.36360931396484
08_000975_000995_s5,2,59941,25.522303350397312,0.028467103776851577,0.9892318106603821,0.7519931805646092,83.77899932861328
08_000975_000995_s5,3,62000,26.583575915868924,0.03478089582238497,0.9958632101489244,0.7773153487439202,85.14726257324219
08_000975_000995_s5,4,64563,28.257122125789,0.0316906305721294,0.9983452840595698,0.8094318808604523,82.70344543457031
08_001000_001020_s5,0,68351,25.06504348595383,0.022900606273438484,0.9964899964899965,0.8578699292985007,85.08360290527344
08_001000_001020_s5,1,61744,23.964464441389485,0.022513113968402276,0.9779496565210851,0.7789199217770646,84.45796203613281
08_001000_001020_s5,2,54253,24.375346830323554,0.027630977842835414,0.9418216918216918,0.687083187083187,84.10857391357422
08_001000_001020_s5,3,53414,23.920856632598458,0.0243953792813858,0.9266033194604624,0.676365140650855,85.7118148803711
08_001000_001020_s5,4,55785,23.16447607155054,0.021363429254162902,0.930715037857895,0.7028907386050243,84.95626831054688
08_001025_001045_s5,0,65289,25.282856544593347,0.06232195515600658,0.937960687960688,0.8361204432633004,88.51952362060547
08_001025_001045_s5,1,61451,25.700838571723,0.03419580984968196,0.9353657925086496,0.7894373965802537,87.45536804199219
08_001025_001045_s5,2,65114,26.329335088315215,0.045908322080396635,0.9245098530812816,0.8415484129769844,84.80550384521484
08_001025_001045_s5,3,66451,26.717747181266272,0.05823574749219018,0.920398134683849,0.8670586170586171,82.68328857421875
08_001025_001045_s5,4,65827,25.237550918767845,0.05749498387203689,0.9134282705711277,0.8506618863761721,82.97786712646484
08_001050_001070_s5,0,62528,26.498218997361477,0.04810794103582339,0.8891591034448177,0.8286992929850072,84.92413330078125
08_001050_001070_s5,1,60871,24.584274279050046,0.047870432678867036,0.8569924284209999,0.8144587073158501,86.58888244628906
08_001050_001070_s5,2,60126,24.8806251695605,0.05127049033120934,0.8658802587374016,0.7838966053251768,83.88838195800781
08_001050_001070_s5,3,63009,24.331315295087972,0.03162921979636346,0.8887704959133531,0.8116130973273831,83.64356994628906
08_001050_001070_s5,4,68047,24.12662908669486,0.02449443260596018,0.9300381086095372,0.8819385247956677,82.15437316894531
08_001075_001095_s5,0,71512,24.896156718603557,0.03289244902573363,0.9721080078222936,0.9036504036504036,80.30464935302734
08_001075_001095_s5,1,69459,24.783345860314515,0.025142061650216707,0.9437647294790152,0.8861254575540289,81.45782470703125
08_001075_001095_s5,2,61495,23.59961449057098,0.02764526602262718,0.8770370556084842,0.7768139196710625,82.55052185058594
08_001075_001095_s5,3,61781,23.61397083113108,0.02672551196494366,0.8743168028882314,0.7789073860502432,85.69733428955078
08_001075_001095_s5,4,60909,24.253915651323716,0.04217285636171697,0.8767612696184125,0.7674748031890889,86.09625244140625
08_001100_001120_s5,0,64485,25.375279017857146,0.036305711479878156,0.8838564909993482,0.8085543799829514,82.49515533447266
08_001100_001120_s5,1,63422,23.910502323065174,0.04043063020005033,0.8821014892443464,0.7961314747029032,86.34664916992188
08_001100_001120_s5,2,63434,24.28083320873206,0.024973272425526494,0.8903249260392118,0.7965326179611893,85.53445434570312
08_001100_001120_s5,3,66799,22.657394386574076,0.03452863945829465,0.8908012836584265,0.8383392669106955,88.46533966064453
08_001100_001120_s5,4,66391,23.018974347583267,0.028222753257409305,0.8903750689464975,0.8335882264453693,88.60176849365234
08_001125_001145_s5,0,66474,23.639170427089258,0.038556491018239214,0.8992378278092564,0.8341272626986913,87.41796112060547
08_001125_001145_s5,1,65640,23.882025240384625,0.04032028390435638,0.8889083889083889,0.8237226094368951,89.57443237304688
08_001125_001145_s5,2,65364,23.670756622638724,0.036573340616824934,0.890588176302462,0.8222935365792509,86.9753646850586
08_001125_001145_s5,3,65275,23.34017861855997,0.030596061644295514,0.9011934011934012,0.8188838188838189,88.05110931396484
08_001125_001145_s5,4,65077,23.99947690527879,0.02920364219428695,0.9041016898159755,0.8158000300857444,85.53315734863281
08_001150_001170_s5,0,68297,25.57765427599611,0.02387243858715582,0.893258286115429,0.8659178659178659,85.50768280029297
08_001150_001170_s5,1,67148,25.700170376121456,0.04142605566786628,0.8959534673820388,0.8522037807752093,87.23833465576172
08_001150_001170_s5,2,68035,24.80969985650511,0.039577080019045585,0.9026851526851527,0.8651155794012937,89.45537567138672
08_001150_001170_s5,3,68490,23.615234375,0.03892914420106286,0.9089279446422304,0.8713709070851928,89.12001037597656
08_001150_001170_s5,4,69385,22.869475534216043,0.022015815093500368,0.9223161008875295,0.8785914857343429,86.82833862304688
08_001175_001195_s5,0,69112,21.623107142857144,0.03082859835267593,0.9204733490447776,0.8759213759213759,86.10176849365234
08_001175_001195_s5,1,67893,22.234636157539118,0.031036369149466392,0.9166123451837738,0.8585844657273228,86.5504379272461
08_001175_001195_s5,2,65968,21.557624392186458,0.04022185369412523,0.9147695933410219,0.8301659730231159,88.3274917602539
08_001175_001195_s5,3,65264,22.46694772211005,0.05836280266467608,0.909855588427017,0.8207014992729278,87.72869110107422
08_001175_001195_s5,4,63701,20.012084635416663,0.05699494393399762,0.91570977285263,0.7992152635009778,88.95390319824219
08_001200_001220_s5,0,64873,19.837861263529764,0.040141748274804545,0.9171764528907386,0.816928245499674,86.77619934082031
08_001200_001220_s5,1,64076,19.812974351869702,0.0772542695899312,0.9214636714636715,0.8106102391816677,87.14837646484375
08_001200_001220_s5,2,66167,19.463783139088115,0.04643460974699076,0.9318181818181818,0.8399563756706614,87.12738800048828
08_001200_001220_s5,3,65223,18.264821361740804,0.0762005213845196,0.937421651707366,0.8231083588226445,89.41736602783203
08_001200_001220_s5,4,67095,18.721688565340912,0.03946343648302797,0.9389635461064032,0.8475780975780975,87.2005844116211
08_001225_001245_s5,0,70047,17.113859507517343,0.05455332227171228,0.9369076869076869,0.8891340319911748,87.52485656738281
08_001225_001245_s5,1,70163,16.99449517316879,0.04553417283218453,0.9396530110815825,0.8890838890838891,87.17245483398438
08_001225_001245_s5,2,69866,16.97478706756498,0.05090253001353573,0.9422102993531565,0.8826530612244898,86.63629150390625
08_001225_001245_s5,3,68588,16.489724799158378,0.03921303316528779,0.939640475354761,0.8637241137241137,88.85958099365234
08_001225_001245_s5,4,66681,16.823607466603058,0.035563476732118016,0.9390512961941533,0.8388783031640175,86.87019348144531
08_001250_001270_s5,0,67119,20.50888732747106,0.033950900706850806,0.9332848618562904,0.845798024369453,85.93985748291016
08_001250_001270_s5,1,63961,19.29024798826234,0.044265851907375975,0.916988416988417,0.8146592789449932,88.165283203125
08_001250_001270_s5,2,63384,20.261666666666674,0.0379619368579176,0.9193451336308479,0.8032768389911247,85.62283325195312
08_001250_001270_s5,3,58613,20.596344449626862,0.029859793517397648,0.9008424008424009,0.7404477761620619,85.76639556884766
08_001250_001270_s5,4,56809,20.960025671756622,0.029703119545445578,0.8990623276337562,0.7182595396881111,84.72085571289062
08_001275_001295_s5,0,67715,24.750169250862726,0.020522632385520545,0.9080128365842651,0.8607782179210751,86.04705810546875
08_001275_001295_s5,1,68382,25.510142878973106,0.02106273855011276,0.9196835982550269,0.868876297447726,84.11186981201172
08_001275_001295_s5,2,68682,24.74509698275862,0.03544406915599718,0.9223411723411723,0.8736649450935166,83.94169616699219
08_001275_001295_s5,3,67429,24.42608654809619,0.026006416549394284,0.9182043824900967,0.8551120693977837,84.7814712524414
08_001275_001295_s5,4,64409,24.10914915298335,0.041442608326328845,0.9001905430476859,0.8190091761520333,84.18892669677734
08_001300_001320_s5,0,64152,21.15503411091549,0.03691502466671159,0.907072657072657,0.8151481722910294,83.32034301757812
08_001300_001320_s5,1,61847,20.810907273065478,0.034921381130342155,0.9097929097929098,0.7868174296745726,83.50126647949219
08_001300_001320_s5,2,60995,21.805611811000926,0.03875238559325522,0.9037757609186181,0.7783808855237426,82.83777618408203
08_001300_001320_s5,3,61691,22.572385935452168,0.06671839899802379,0.9052925838640125,0.7950910093767236,81.12804412841797
08_001300_001320_s5,4,60699,20.500172114463606,0.03442428275369647,0.9131023416737702,0.7737928095070952,84.74958038330078
08_001325_001345_s5,0,68379,19.61500504228227,0.058445977756491185,0.9312916812916813,0.8640124354410069,84.45199584960938
08_001325_001345_s5,1,67353,20.00983612335931,0.03348031048658395,0.9207365993080279,0.8537582109010681,85.63177490234375
08_001325_001345_s5,2,66718,19.940164005055145,0.028815863399161756,0.9206363134934563,0.8423757709471995,84.9066390991211
08_001325_001345_s5,3,66119,20.78742280915671,0.04037982737306578,0.9136288422002707,0.8423005565862709,84.30814361572266
08_001325_001345_s5,4,63281,20.85441019997668,0.06146497791330496,0.9143559143559143,0.8039537682394825,85.16316986083984
08_001350_001370_s5,0,68286,23.57453451655052,0.04432482206282229,0.9222032793461364,0.872373765230908,86.4430923461914
08_001350_001370_s5,1,68512,22.08362881857855,0.03416863312901497,0.9201223486937773,0.8718096575239432,89.8714828491211
08_001350_001370_s5,2,67767,22.182566650019034,0.03169637111005841,0.934438148723863,0.8579827508398937,88.03873443603516
08_001350_001370_s5,3,62765,20.95319391934467,0.04171875027477867,0.9323196108910394,0.7934112219826506,87.9266357421875
08_001350_001370_s5,4,61107,20.171423626194613,0.022958492514074447,0.9237326380183523,0.7713232713232713,87.83786010742188
08_001375_001395_s5,0,66318,22.130785769062225,0.037505623198451854,0.9162237376523091,0.8441558441558441,86.0016860961914
08_001375_001395_s5,1,65353,22.097236570247926,0.03818418233502552,0.9150203078774507,0.8349295492152635,88.85652923583984
08_001375_001395_s5,2,66278,22.100161020992363,0.03315199720549922,0.9155718798575941,0.852479566765281,86.25969696044922
08_001375_001395_s5,3,65275,21.644125118147446,0.021637488785271053,0.9134909492052349,0.8376121947550519,86.98909759521484
08_001375_001395_s5,4,65577,21.525720804449907,0.02798275186258392,0.918041418041418,0.8401945544802688,87.30873107910156
08_001400_001420_s5,0,64553,18.88607392352824,0.02775358065888245,0.9128641628641628,0.8181943539086396,89.80389404296875
08_001400_001420_s5,1,62770,20.227302187965027,0.02638728108091648,0.8949004663290377,0.7997166925738355,86.47987365722656
08_001400_001420_s5,2,65378,19.620239139641818,0.020505636794239335,0.923494459208745,0.8303289374717946,87.61881256103516
08_001400_001420_s5,3,64607,20.88652041525629,0.022665910196288497,0.9311537882966454,0.8148347791204934,84.95154571533203
08_001400_001420_s5,4,63212,21.062783149844115,0.020010893809089936,0.9306899664042522,0.7976232261946548,84.03406524658203
08_001425_001445_s5,0,67156,23.862988351658256,0.02651135425332707,0.9241337812766384,0.853670460813318,84.78131103515625
08_001425_001445_s5,1,63621,22.973385416666673,0.03833872106596292,0.9068094068094068,0.81576242290528,85.97484588623047
08_001425_001445_s5,2,64403,22.98644764864395,0.05438349689206756,0.9095672667101239,0.8301032943890087,84.62999725341797
08_001425_001445_s5,3,67257,22.593635281133828,0.03510940178063571,0.9425738354309783,0.8515769944341373,86.79135131835938
08_001425_001445_s5,4,67379,23.486487081990337,0.024009602513853423,0.9576041718898862,0.8478037406608835,86.78239440917969
08_001450_001470_s5,0,69283,23.635897691082803,0.038811778630648774,0.967005967005967,0.8712580855437998,86.99665069580078
08_001450_001470_s5,1,68058,22.670434849102783,0.04109055421424479,0.9635711778568922,0.8589730732587876,88.44416809082031
08_001450_001470_s5,2,67949,21.842931665348097,0.03504467262446376,0.962543248257534,0.8569924284209999,87.4726791381836
08_001450_001470_s5,3,64680,22.83715103033188,0.036338917915675895,0.954871383442812,0.8191846763275334,84.56753540039062
08_001450_001470_s5,4,65737,21.628048962309155,0.02641063992873738,0.9489795918367347,0.8349295492152635,88.33090209960938
08_001475_001495_s5,0,68483,18.25765732944732,0.05186300090817397,0.9554856340570627,0.8625206839492554,87.49076843261719
08_001475_001495_s5,1,70626,17.611986778846155,0.034131535214448006,0.9584566013137442,0.8878303164017449,90.27055358886719
08_001475_001495_s5,2,69577,17.228013332430972,0.05024158625574904,0.9532542746828461,0.8748182319610891,88.5608139038086
08_001475_001495_s5,3,68483,17.45875433368161,0.03617076874471081,0.9509351652208795,0.8611417539988968,89.35157012939453
08_001475_001495_s5,4,68485,17.955422628689703,0.04820626232847225,0.9489670561099133,0.862620969763827,87.67074584960938
08_001500_001520_s5,0,67591,16.55051407724056,0.044653449578381466,0.9490673419244848,0.8489695632552775,89.90129089355469
08_001500_001520_s5,1,66532,17.412594727399313,0.040570313523057955,0.9464975179260894,0.8373614802186231,86.00109100341797
08_001500_001520_s5,2,63060,17.771947988754324,0.038166476059641186,0.9457453743168028,0.7943514014942586,84.84400939941406
08_001500_001520_s5,3,59127,18.03438010620915,0.0394449322723025,0.9451436594293737,0.7415258486687059,84.74638366699219
08_001500_001520_s5,4,52055,17.16104925992471,0.02690055519358836,0.9459584816727674,0.6525974025974026,88.4315185546875
08_001525_001545_s5,0,67917,22.75160674111062,0.05523074794458882,0.9444165872737301,0.8586722158150729,86.18199920654297
08_001525_001545_s5,1,66483,23.61569962055298,0.03417864288664152,0.9448553377124805,0.8404327332898761,84.07317352294922
08_001525_001545_s5,2,67385,23.219549282595136,0.03875762355097878,0.9413202627488342,0.8479917765632051,90.26287078857422
08_001525_001545_s5,3,64652,23.787867750563056,0.03084359631226552,0.9402547259690117,0.8131299202727774,88.48675537109375
08_001525_001545_s5,4,66481,22.815042260961434,0.03694061672078597,0.9446673018101589,0.834829263400692,90.63463592529297
08_001550_001570_s5,0,68054,23.658020619877057,0.039899461799215,0.9507471293185579,0.857907536478965,86.7632064819336
08_001550_001570_s5,1,66690,22.90167901529636,0.043165198888583056,0.9547585619014191,0.840144411572983,87.63424682617188
08_001550_001570_s5,2,65800,22.68892809139785,0.036551841911536265,0.9661033946748232,0.8331118688261545,91.0519790649414
08_001550_001570_s5,3,64183,23.564841110641883,0.04375912204798604,0.9781502281502281,0.8081281652710224,91.27569580078125
08_001550_001570_s5,4,61870,23.750046866849242,0.049252973114729315,0.9812590884019455,0.7793461364889936,88.7847671508789
08_001575_001595_s5,0,59705,22.55332733438748,0.05466277689338561,0.9837536980394124,0.7524695381838239,88.08318328857422
08_001575_001595_s5,1,55435,23.42711530412946,0.059145703232108104,0.9838915910344482,0.6987664844807702,90.18321228027344
08_001575_001595_s5,2,49917,22.829373123123126,0.03841135229320125,0.9888682745825603,0.6276763776763776,90.71074676513672
08_001575_001595_s5,3,50136,22.28425886824324,0.04857957955536585,0.9874517374517374,0.6321014892443464,92.53002166748047
08_001575_001595_s5,4,47431,22.825385659427972,0.043379602876985945,0.9827132327132327,0.600686957829815,91.377685546875
08_001600_001620_s5,0,45592,21.495005024885145,0.050851146440638706,0.982098982098982,0.5789876147019004,94.10935974121094
08_001600_001620_s5,1,46960,23.2737872832557,0.05158752284268475,0.9819861605575891,0.5934789149074864,93.04046630859375
08_001600_001620_s5,2,48535,23.603385281945158,0.050144357968719966,0.9790528004813719,0.6166950809807953,94.76466369628906
08_001600_001620_s5,3,45017,21.594977441613587,0.06562005089395795,0.984681341824199,0.5709271423557137,96.2416000366211
08_001600_001620_s5,4,47169,22.91834500875657,0.0409727856297506,0.980958230958231,0.5926766283909141,94.15166473388672
08_001625_001645_s5,0,51476,22.598121525939654,0.0449142331614123,0.9627814270671413,0.6491375419946849,89.61717224121094
08_001625_001645_s5,1,55092,21.218436244979923,0.04178093322256249,0.9544953116381688,0.6933761219475505,92.6812515258789
08_001625_001645_s5,2,54126,21.475192887143898,0.03370030927183576,0.9584691370405656,0.679549215263501,96.06453704833984
08_001625_001645_s5,3,60348,21.665556990673007,0.057538573566350504,0.9561876347590633,0.7623476909191195,92.81218719482422
08_001625_001645_s5,4,64440,21.177071254638218,0.037683405801304914,0.9590332447475305,0.8152986010128868,93.57510375976562
08_001650_001670_s5,0,63002,19.920363992436524,0.04248910909840253,0.9634207491350348,0.801383944241087,96.57605743408203
08_001650_001670_s5,1,63926,20.645447373778502,0.03118811032576363,0.9636714636714637,0.8125407411121697,94.79552459716797
08_001650_001670_s5,2,64443,21.41525090939153,0.035192198865922286,0.9675199318056461,0.8168655668655669,94.04707336425781
08_001650_001670_s5,3,62197,20.299541717728758,0.04984725325097816,0.9631073559644988,0.7857393571679286,95.38495635986328
08_001650_001670_s5,4,60315,20.880253754844958,0.04534681822454445,0.9634834277691421,0.7582109010680439,94.1637191772461
08_001675_001695_s5,0,61465,22.109155868902434,0.022953308921897175,0.9659153587725017,0.7752720252720253,94.3722915649414
08_001675_001695_s5,1,65929,22.68259165330537,0.03160611589664475,0.9674572531715389,0.8316827959685102,94.71471405029297
08_001675_001695_s5,2,64841,23.334363525702422,0.042242416502782376,0.9702903274331846,0.8211151782580354,94.07581329345703
08_001675_001695_s5,3,61756,22.05391494128553,0.029526666985115302,0.9801183372611944,0.7755603469889184,92.83454895019531
08_001675_001695_s5,4,62326,22.242220133667498,0.038971989413822516,0.982437446723161,0.782254425111568,93.3812026977539
08_001700_001720_s5,0,59162,21.936899346488982,0.0433216288383369,0.9844180915609487,0.7471919971919971,95.74491882324219
08_001700_001720_s5,1,62265,24.28935780961893,0.03467317333629705,0.9834152334152334,0.7851376422804994,93.05011749267578
08_001700_001720_s5,2,65831,24.196840837169155,0.06085660887976552,0.9840670912099484,0.8345033345033345,95.21168518066406
08_001700_001720_s5,3,61281,24.312562102543726,0.06362477484326545,0.9670686456400742,0.7927092212806498,94.58647918701172
08_001700_001720_s5,4,64576,24.292111280487806,0.03769567374558225,0.9731986160557589,0.8178308178308178,97.40803527832031
08_001725_001745_s5,0,60703,26.376343303848547,0.06254865518458441,0.9762071904929048,0.7647670861956576,96.38548278808594
08_001725_001745_s5,1,57860,27.513491381930933,0.047782210674243375,0.9702777917063631,0.7333274833274833,96.99942779541016
08_001725_001745_s5,2,56523,30.359705166026348,0.04076978646422491,0.9626059268916412,0.7263074763074763,90.76287841796875
08_001725_001745_s5,3,54160,27.961606863664784,0.03991460909042743,0.9507596650453793,0.6835606478463622,92.25006103515625
08_001725_001745_s5,4,53900,30.828464021697396,0.025824525644679408,0.959133530562102,0.6770044627187485,90.27359008789062
08_001750_001770_s5,0,61013,29.03424848843322,0.026326549381325393,0.9635335706764279,0.7689038760467332,93.02159881591797
08_001750_001770_s5,1,61422,30.380883419152465,0.03407236994911256,0.9724088652660081,0.7741939527653814,90.20159149169922
08_001750_001770_s5,2,62697,30.96694837526206,0.04299845197096985,0.9777866920724063,0.7913553627839343,91.05805206298828
08_001750_001770_s5,3,60578,29.405090814310803,0.02367650185866621,0.9762949405806549,0.7601037958180815,92.27708435058594
08_001750_001770_s5,4,56848,29.053372583396506,0.04266447877478652,0.9779496565210851,0.7126936769793912,93.05165100097656
08_001775_001795_s5,0,53641,28.45750508505918,0.03940148509125674,0.9809456952314095,0.6728049942335657,90.157958984375
08_001775_001795_s5,1,62985,27.655981900963273,0.03319482193118217,0.9844431630145916,0.7917565060422204,89.18607330322266
08_001775_001795_s5,2,63105,27.23799685492505,0.05461014905801864,0.9897081682795968,0.7916186130471845,86.95095825195312
08_001775_001795_s5,3,62660,26.99086381812796,0.03879487274360449,0.9922027779170637,0.7861279646993933,86.44312286376953
08_001775_001795_s5,4,58993,25.45414446587344,0.05329194027782913,0.9924910996339568,0.7397207040064183,90.28619384765625
08_001800_001820_s5,0,62513,25.468674327822317,0.039717443904801364,0.9932056360627789,0.7845359273930702,89.8702392578125
08_001800_001820_s5,1,62399,25.17257059619413,0.05123458811748094,0.9929298500727072,0.7850624279195708,89.2803955078125
08_001800_001820_s5,2,60250,22.610993013431536,0.04526140451954097,0.9916888131173845,0.756706613849471,88.92877960205078
08_001800_001820_s5,3,60058,22.73591766572637,0.04456588611259371,0.9918392418392419,0.7547259690116833,90.7174301147461
08_001800_001820_s5,4,60033,22.32687152384992,0.04857173914386248,0.9911999197713484,0.7554530411673269,93.42938232421875
08_001825_001845_s5,0,56687,18.59045847322659,0.047422199707659374,0.9908614551471694,0.7130948202376773,90.38842010498047
08_001825_001845_s5,1,62465,19.787980023552397,0.03959181296253389,0.9904352404352404,0.7862783934212506,89.42313385009766
08_001825_001845_s5,2,65446,20.23061045399912,0.05899547446438391,0.9894825251968109,0.8239983954269668,88.22740936279297
08_001825_001845_s5,3,66391,22.1828836438438,0.045794511025369466,0.9665045379331093,0.8322594394022965,86.55685424804688
08_001825_001845_s5,4,64877,22.214674171744104,0.04614117814551344,0.9336358622072908,0.8132803489946347,86.29090118408203
08_001850_001870_s5,0,68147,24.627993762351775,0.044787555919008515,0.9351276136990423,0.8591987163415735,84.09774017333984
08_001850_001870_s5,1,66824,23.85679615532241,0.05529325898286164,0.9311036453893596,0.8429649501078073,84.83234405517578
08_001850_001870_s5,2,65684,22.34768206791143,0.0707187200715298,0.939552725267011,0.82994032994033,87.93244171142578
08_001850_001870_s5,3,63496,22.509393601190478,0.050312688012162265,0.9351902923331494,0.807175450032593,86.6399154663086
08_001850_001870_s5,4,59815,23.36442927003817,0.04985593940738742,0.9439653011081582,0.7567316853031139,84.0111312866211
08_001875_001895_s5,0,66552,27.584113164168937,0.05534681948273201,0.9394022965451537,0.8382389810961239,84.15428161621094
08_001875_001895_s5,1,66198,26.656824448529413,0.052937022841926806,0.9364438650152936,0.8347665847665847,83.3638916015625
08_001875_001895_s5,2,64273,27.101713537717966,0.05271405141329222,0.937308830165973,0.8086922729779873,84.13982391357422
08_001875_001895_s5,3,61303,25.34075924028536,0.04900043439489865,0.9336860051145766,0.7704959133530562,86.83016204833984
08_001875_001895_s5,4,59960,25.49736547085201,0.03375152269568704,0.9310409667552525,0.7523692523692523,85.79708862304688
08_001900_001920_s5,0,61928,20.79495176080108,0.04237166180676555,0.9313543599257885,0.7835205335205335,85.61299133300781
08_001900_001920_s5,1,61797,21.784913693234472,0.038513826741406465,0.9195707767136339,0.7802988517274232,86.7603759765625
08_001900_001920_s5,2,62341,22.731468643344705,0.03999003851812599,0.9190944190944191,0.7888356816928246,84.30382537841797
08_001900_001920_s5,3,64904,22.88018855485232,0.046159971648797926,0.9222784937070652,0.8242741814170386,85.62670135498047
08_001900_001920_s5,4,65812,23.23979815516273,0.029076916335081915,0.9195206338063481,0.8353432282003711,86.64347839355469
08_001925_001945_s5,0,63975,14.586804833139146,0.023470780378541,0.9442661585518728,0.8029509100937673,82.37657165527344
08_001925_001945_s5,1,64236,14.196333775713336,0.024803689835227294,0.9639973925688211,0.8060723060723061,84.02682495117188
08_001925_001945_s5,2,67347,14.397695466289369,0.01694322706177953,0.968171789600361,0.8452840595697738,84.00709533691406
08_001925_001945_s5,3,63047,14.339056369543897,0.022840826519666013,0.9680338966053251,0.7905029333600763,84.68330383300781
08_001925_001945_s5,4,63803,14.222382147313562,0.062457543485915146,0.9718698290126861,0.8006443363586221,87.03107452392578
08_001950_001970_s5,0,63869,13.214372202685421,0.05587776383841936,0.9750789750789751,0.8008198365341223,87.88799285888672
08_001950_001970_s5,1,64444,13.47960507635033,0.047462901327803175,0.9767587624730482,0.8078523792809507,87.49366760253906
08_001950_001970_s5,2,63017,13.202855603448278,0.06594426275812415,0.9732236875094018,0.7899638971067543,90.5631103515625
08_001950_001970_s5,3,58882,13.062849363916728,0.06498881239193888,0.967858396429825,0.7381286667000952,90.5013198852539
08_001950_001970_s5,4,59137,13.352243415990486,0.08063847544708214,0.9690367547510405,0.7413252770395627,90.87552642822266
08_001975_001995_s5,0,59653,14.056907860008444,0.04284579894736762,0.9735746878604021,0.7477937120794264,90.82498931884766
08_001975_001995_s5,1,63755,13.80533598730996,0.08402880137855906,0.9767462267462268,0.7992152635009778,93.56940460205078
08_001975_001995_s5,2,64092,13.97556033143083,0.09963915241023114,0.9771348342776914,0.8034398034398035,92.28819274902344
08_001975_001995_s5,3,63189,14.692640476101849,0.1302760666565237,0.9745023316451887,0.7923206137491852,91.75366973876953
08_001975_001995_s5,4,63134,14.016454723309108,0.07254477036860574,0.9750915108057965,0.7934864363435792,93.62232971191406
08_002000_002020_s5,0,67397,16.351019879636937,0.09401611948659871,0.9762573334001905,0.8486185629042772,91.34545135498047
08_002000_002020_s5,1,69641,17.645803555959805,0.08881061174715033,0.9748157248157249,0.8780273780273781,90.67503356933594
08_002000_002020_s5,2,69413,17.766508983180433,0.062492367504339175,0.9754049039763325,0.8756455899313043,90.6878433227539
08_002000_002020_s5,3,66738,17.84600380689424,0.04418860619455822,0.9708293636865065,0.8422880208594494,90.12406921386719
08_002000_002020_s5,4,64101,19.235809731167052,0.0800178246395653,0.9687735044877902,0.8054705911848768,89.49529266357422
08_002025_002045_s5,0,59482,19.227528651385924,0.03378713166951708,0.9597477811763526,0.7492729278443564,91.10696411132812
08_002025_002045_s5,1,58723,18.602152769755083,0.03960314932081754,0.9654640726069298,0.7368374868374868,92.66272735595703
08_002025_002045_s5,2,64476,18.508333424964817,0.025057857463873123,0.9685729328586471,0.8106603820889535,91.629638671875
08_002025_002045_s5,3,61818,18.192641119536553,0.0421548086988639,0.9598606027177455,0.7775409918267061,92.23723602294922
08_002025_002045_s5,4,62111,19.74956931089744,0.06368386217646105,0.9524519881662739,0.7840971769543198,91.99507904052734
08_002050_002070_s5,0,61708,18.526546899471413,0.05495025411418397,0.9624178909893195,0.784586070300356,87.6333236694336
08_002050_002070_s5,1,63743,18.75865905572756,0.0361732200906113,0.9704532918818634,0.812691169834027,87.91546630859375
08_002050_002070_s5,2,63731,16.9564487913486,0.025537636017554988,0.9881412024269167,0.8019605876748734,89.37300872802734
08_002050_002070_s5,3,58690,18.969635391602495,0.04453861945903559,0.973399187684902,0.7369879155593442,88.60131072998047
08_002050_002070_s5,4,59311,18.575719975490195,0.0294897377869634,0.9849696635410922,0.7498244998244998,87.26455688476562
08_002075_002095_s5,0,61434,18.257207795818502,0.056062507808615436,0.9896204181918468,0.7738805595948454,90.58267211914062
08_002075_002095_s5,1,65690,17.721646974533222,0.0648564601228474,0.987238630095773,0.8296394724966154,89.9610824584961
08_002075_002095_s5,2,67208,18.494717508278146,0.052297545988666094,0.9847690919119491,0.8507371007371007,90.02454376220703
08_002075_002095_s5,3,67889,16.56505261256132,0.05415838344799928,0.9797548011833727,0.8600762172190743,90.5139389038086
08_002075_002095_s5,4,69083,16.12348168622142,0.041313164293297344,0.9760316903174046,0.8741538384395527,94.58089447021484
08_002100_002120_s5,0,68790,17.08697476485823,0.045326288961106576,0.9771348342776914,0.8628466128466128,91.29972076416016
08_002100_002120_s5,1,65639,16.331760501314534,0.06261099415678162,0.9698139698139698,0.825565361279647,90.11518096923828
08_002100_002120_s5,2,61404,17.953428963162253,0.03931227767474921,0.9644737501880359,0.7700195557338414,85.96821594238281
08_002100_002120_s5,3,54118,14.467692690600682,0.05939125277578117,0.965952965952966,0.6784335355763927,92.5051040649414
08_002100_002120_s5,4,51625,17.196630596656416,0.07195067000313626,0.9684225041367899,0.6496013638870781,89.01355743408203
08_002125_002145_s5,0,64045,14.978994890366863,0.05516255886755994,0.9677205034347891,0.8072381286667001,90.14939880371094
08_002125_002145_s5,1,66735,16.174875064344548,0.03602639338464675,0.9708795065937923,0.8454094168379883,88.23866271972656
08_002125_002145_s5,2,70929,15.175514686158797,0.024844824137259636,0.9770470841899414,0.8941232512661084,89.93663024902344
08_002125_002145_s5,3,71643,14.606204476033833,0.025440001653894484,0.9796294439151582,0.9032743318457604,90.38327026367188
08_002125_002145_s5,4,71364,14.682109532616009,0.02994940966906179,0.9781502281502281,0.8989244346387204,90.96456909179688
08_002150_002170_s5,0,67357,13.568150880251382,0.03642905922328277,0.9844682344682345,0.8463370606227749,88.03264617919922
08_002150_002170_s5,1,67735,13.917415843290442,0.032767535020310934,0.9871884871884872,0.8499974928546357,87.13139343261719
08_002150_002170_s5,2,69349,14.534267209610848,0.031811126850193716,0.9963646392217821,0.8695406909692625,82.69732666015625
08_002150_002170_s5,3,64907,13.811308849749418,0.033666174530568416,0.9738128666700095,0.8138444567015996,82.30028533935547
08_002150_002170_s5,4,62574,14.098762252775845,0.03169774326808761,0.9601363887078173,0.7844356415784988,83.55010986328125
08_002175_002195_s5,0,68139,18.54563913422592,0.02948671337262221,0.953279346136489,0.8632602918317204,82.43582153320312
08_002175_002195_s5,1,63634,19.0853050113342,0.034016630389615,0.9196334553477411,0.8257408614551471,81.63213348388672
08_002175_002195_s5,2,58551,18.93115690712617,0.06746924670776178,0.8970942185227899,0.7497492854635712,83.786376953125
08_002175_002195_s5,3,51014,17.898400843108504,0.03518673768794356,0.8684250112821541,0.6632527703956276,85.73870086669922
08_002175_002195_s5,4,53281,19.035146642892272,0.035797907707448395,0.8532693175550319,0.6704858847715991,85.11795043945312
08_002200_002220_s5,0,62804,20.585848549539723,0.03743271796397818,0.88422002707717,0.7966705109562252,83.86295318603516
08_002200_002220_s5,1,65619,21.802062583001323,0.04341539718462162,0.904001404001404,0.83281101138244,83.24591827392578
08_002200_002220_s5,2,70588,21.595357762522628,0.04774308692003837,0.9452815524244096,0.8916161059018202,83.79737854003906
08_002200_002220_s5,3,70694,21.217325151001766,0.04067600300672236,0.9588828160256732,0.8864137792709221,83.20512390136719
08_002200_002220_s5,4,69076,22.637346283161385,0.0423936300917962,0.9598480669909242,0.8664945093516522,81.36190795898438
08_002225_002245_s5,0,66123,22.13361119472417,0.033167806112864184,0.9622173193601765,0.8288998646141503,84.07427978515625
08_002225_002245_s5,1,69980,22.61179060665362,0.04270269014644512,0.9634583563154991,0.8772501629644487,83.91299438476562
08_002225_002245_s5,2,69654,22.284628137478606,0.06217399505648635,0.9654264654264654,0.8734393020107306,83.27422332763672
08_002225_002245_s5,3,68713,21.970229395177974,0.0672037091660318,0.9603494960637817,0.86143007571579,83.19538879394531
08_002225_002245_s5,4,68741,21.3837381869441,0.06922157158627718,0.9581557438700296,0.8621195406909693,81.19330596923828
08_002250_002270_s5,0,67966,16.70522475256598,0.04037273526627061,0.9580930652359224,0.8534197462768891,84.49571990966797
08_002250_002270_s5,1,67616,16.614784991959425,0.05380167015182402,0.9556987414130271,0.8483803840946698,82.223876953125
08_002250_002270_s5,2,66884,17.490201649371667,0.04809918452086537,0.9522388808103094,0.838978588978589,83.22335815429688
08_002250_002270_s5,3,66413,17.106495130153743,0.05045220556758334,0.9493431279145564,0.8336759765331194,84.34442138671875
08_002250_002270_s5,4,64758,17.797860054347826,0.056159766533167454,0.9479140550569122,0.8128290628290629,82.9640121459961
08_002275_002295_s5,0,64795,17.480157184695912,0.05149853186044018,0.943050193050193,0.813317956175099,83.67436981201172
08_002275_002295_s5,1,64694,17.967155129771882,0.060616180869049074,0.9436895151180865,0.8130547059118488,82.54905700683594
08_002275_002295_s5,2,64129,17.794895727226425,0.04655667797453411,0.9446547660833375,0.8094444165872737,82.6584701538086
08_002275_002295_s5,3,63301,17.609623223244142,0.06299778878907336,0.9482149125006268,0.7973349044777617,84.06781768798828
08_002275_002295_s5,4,60419,16.489012686642447,0.05141514231402544,0.9519129519129519,0.7609812966955825,85.11869049072266
08_002300_002320_s5,0,70064,22.357922957631093,0.03657112216905767,0.950609236323522,0.885899814471243,83.8950424194336
08_002300_002320_s5,1,68079,25.171983301827343,0.03584450987961496,0.948703805846663,0.8591235019806448,80.69648742675781
08_002300_002320_s5,2,69589,24.25404963070725,0.038771080776235145,0.9641603570174999,0.8748056962342676,81.98668670654297
08_002300_002320_s5,3,68896,23.925245251840696,0.04572809942670886,0.974565010279296,0.8649651506794364,82.47434997558594
08_002300_002320_s5,4,69913,24.147090305118112,0.04683293767030827,0.9863611292182721,0.8766233766233766,83.62543487548828
08_002325_002345_s5,0,69613,20.287894126935615,0.0544483089201786,0.9875896304467733,0.872712229855087,86.5687255859375
08_002325_002345_s5,1,70532,20.7057468580163,0.03691514777043414,0.9914631700345986,0.8841698841698842,83.51235961914062
08_002325_002345_s5,2,69477,21.03498234905398,0.02964780327001071,0.9928044928044928,0.8709446923732638,82.6008071899414
08_002325_002345_s5,3,69644,20.378102948588715,0.049303052532331915,0.9945845660131375,0.8730381587524445,82.28270721435547
08_002325_002345_s5,4,68623,18.605776982169953,0.04613099630848261,0.9944090658376372,0.8602391816677531,84.8056411743164
08_002350_002370_s5,0,69533,18.107050356657613,0.02806097723155787,0.9948102090959234,0.8716466930752645,84.12983703613281
08_002350_002370_s5,1,68223,17.421310552315457,0.04531866120699046,0.9949606378177807,0.8552875695732839,85.59257507324219
08_002350_002370_s5,2,71075,18.70766159081876,0.03389323767749497,0.9949104949104949,0.8909893195607481,82.78845977783203
08_002350_002370_s5,3,69691,18.778309099917983,0.045736630709116266,0.9941834227548513,0.8736398736398736,82.59574127197266
08_002350_002370_s5,4,69705,18.396726593257878,0.04255786859762889,0.9926039211753498,0.8738529809958382,83.94641876220703
08_002375_002395_s5,0,69696,16.624973309385048,0.025528956941904157,0.9874642731785589,0.8763350549064834,82.95094299316406
08_002375_002395_s5,1,68472,16.088819671387075,0.05095690040544376,0.9795291581005867,0.8648648648648649,84.71358489990234
08_002375_002395_s5,2,67454,17.087858560849394,0.0625248133932097,0.9808078022363736,0.8462493105350248,84.05567932128906
08_002375_002395_s5,3,65091,17.09015868985022,0.1169662126331028,0.9777992277992278,0.817805746377175,85.91649627685547
08_002375_002395_s5,4,62733,16.979680063251497,0.08024740855805534,0.9754926540640826,0.788735395878253,86.74154663085938
08_002400_002420_s5,0,55509,18.435777907403523,0.04022226443923094,0.9724464724464724,0.6996690568119139,86.75674438476562
08_002400_002420_s5,1,62249,18.848015845397175,0.06692241841355884,0.9737000451286165,0.7819034247605676,87.74686431884766
08_002400_002420_s5,2,59687,20.12745438259302,0.04024863917706156,0.9749536178107606,0.7483703555132126,89.00623321533203
08_002400_002420_s5,3,59452,21.536970684039087,0.07411853628081855,0.9767336910194053,0.746502532216818,85.65472412109375
08_002400_002420_s5,4,60620,19.937662760416668,0.04189507547159388,0.9727347941633656,0.7599157599157599,85.06541442871094
08_002425_002445_s5,0,64310,20.648765157731578,0.06575393271538821,0.9817103745675174,0.8062101990673419,84.1512680053711
08_002425_002445_s5,1,64619,20.27528774690742,0.04821019127840742,0.9649125006267864,0.8259163616306473,86.05589294433594
08_002425_002445_s5,2,59289,21.53153268914474,0.0660490842649355,0.9790402647545504,0.7432307075164218,83.85517883300781
08_002425_002445_s5,3,59712,20.34566048034935,0.05675463139125836,0.9808704808704809,0.7485333199618914,86.32626342773438
08_002425_002445_s5,4,54873,19.654922436601435,0.06314177105690799,0.9805194805194806,0.6878729378729379,86.96138763427734
08_002450_002470_s5,0,69157,21.27416944033531,0.05910207900175468,0.9774482274482275,0.8716843002557289,86.45391845703125
08_002450_002470_s5,1,68854,21.351018186475407,0.05550019795663519,0.9769844055558341,0.8676603319460462,87.8954849243164
08_002450_002470_s5,2,69971,23.36841100374065,0.04371144737169308,0.9774858346286918,0.8822393822393823,83.04911041259766
08_002450_002470_s5,3,71722,22.35926893890881,0.03604218733727427,0.9793035150178008,0.9032367246652961,83.24601745605469
08_002450_002470_s5,4,70605,22.41519601004464,0.04683599859199994,0.981785588928446,0.8863134934563506,81.58939361572266
08_002475_002495_s5,0,61373,18.46580399112117,0.033544643723267153,0.9715564358421501,0.7762372762372762,85.17637634277344
08_002475_002495_s5,1,61109,19.173383749148503,0.0322324204361375,0.9738880810309382,0.7697563054705912,86.07502746582031
08_002475_002495_s5,2,61990,18.991001564945226,0.02672173356888541,0.9878403449832022,0.7772275986561701,87.82087707519531
08_002475_002495_s5,3,62938,19.63372318981872,0.04179773044772905,0.992215313643885,0.7889735746878604,87.67848205566406
08_002475_002495_s5,4,68654,19.47600170173267,0.04431583940250872,0.9958381386952816,0.8606277891992178,86.38452911376953
08_002500_002520_s5,0,62430,16.01124324786975,0.031736181932279894,0.9928546357117786,0.7877200020057163,87.84843444824219
08_002500_002520_s5,1,64557,14.932232338186484,0.03822280057666161,0.9949104949104949,0.8131925989068847,90.02029418945312
08_002500_002520_s5,2,60909,14.203228127012233,0.039870634008811745,0.9746026174597603,0.7671488742917314,87.66504669189453
08_002500_002520_s5,3,59654,13.934531250000001,0.03307413796304637,0.9740009025723312,0.7500877500877501,86.0493392944336
08_002500_002520_s5,4,53158,15.09682245979532,0.03147529019183559,0.985533771248057,0.6670009527152384,80.50773620605469
08_002525_002545_s5,0,65688,17.68324899708242,0.03378327969087214,0.9857594143308429,0.8295015795015795,81.22554779052734
08_002525_002545_s5,1,62985,17.277325044892255,0.0460452046382156,0.9782755854184425,0.7957679386250814,83.8558578491211
08_002525_002545_s5,2,60041,18.21368489583333,0.03371765831212015,0.9655392869678584,0.7618964047535476,82.02623748779297
08_002525_002545_s5,3,57996,16.249099401062555,0.04080827482714522,0.9358421501278644,0.7747455247455247,86.06101989746094
08_002525_002545_s5,4,58216,16.975339597409913,0.04594195089275743,0.9612771398485684,0.7466028180313895,83.4070816040039
08_002550_002570_s5,0,67316,20.716782174059137,0.029416533234284614,0.9756806899664042,0.8576818933961791,85.11085510253906
08_002550_002570_s5,1,69134,20.337207031250003,0.041068938481999995,0.990848919420348,0.8668956526099383,87.77582550048828
08_002550_002570_s5,2,64991,18.70252209450092,0.04153693103253531,0.9897332397332397,0.814709421852279,87.43777465820312
08_002550_002570_s5,3,65298,18.56430355483272,0.02916484122625551,0.9901343829915259,0.8188838188838189,85.5551986694336
08_002550_002570_s5,4,67133,19.273985864384745,0.056021853310916025,0.9967281752996039,0.8415609487038058,84.91659545898438
08_002575_002595_s5,0,73706,22.95413102774785,0.06274136151295795,0.99852078423507,0.9240711026425312,84.72850036621094
08_002575_002595_s5,1,71569,23.218667740955723,0.032393660498638344,1.0,0.8971694328837186,82.19566345214844
08_002575_002595_s5,2,72526,22.04345020214161,0.03522706408238374,1.0,0.9091661234518378,85.90379333496094
08_002575_002595_s5,3,72518,20.101468424245144,0.053841019590520345,1.0,0.9090658376372662,89.39264678955078
08_002575_002595_s5,4,69923,19.375686677631577,0.038562145440894646,1.0,0.8765356265356266,89.86273956298828
08_002600_002620_s5,0,70842,17.77317533557047,0.04998167123668784,1.0,0.8880559594845309,88.87860870361328
08_002600_002620_s5,1,72170,18.962605824389343,0.057150536174845445,1.0,0.9047034047034047,86.26358032226562
08_002600_002620_s5,2,78505,20.085435643955346,0.06618806976532365,1.0,0.9841172341172341,81.28256225585938
08_002600_002620_s5,3,78850,21.245039960740325,0.03127850207611771,1.0,0.9884420598706313,83.39839172363281
08_002600_002620_s5,4,75477,21.865337835109816,0.03710130444605264,1.0,0.9461590533019104,82.09171295166016
08_002625_002645_s5,0,73561,19.855477514022432,0.021831193414570738,1.0,0.9221406007120293,82.83284759521484
08_002625_002645_s5,1,71013,18.76663983127721,0.02423071867683424,0.9999498570927142,0.8902497116782832,84.40003967285156
08_002625_002645_s5,2,64809,18.214854857819905,0.02548785607210835,0.9999373213658928,0.8124404552975981,86.03238677978516
08_002625_002645_s5,3,58965,17.114456670093592,0.017396784561016343,0.9844682344682345,0.7391691320262749,87.78854370117188
08_002625_002645_s5,4,52686,16.383743857006973,0.017737882485867162,0.9805320162463019,0.660482374768089,87.1974868774414
08_002650_002670_s5,0,56196,22.161381484317,0.03145434669343894,0.9790904076618362,0.704670811813669,86.3197250366211
08_002650_002670_s5,1,55697,22.17518134755791,0.03960295672276004,0.9802562302562302,0.6982525196810911,85.85690307617188
08_002650_002670_s5,2,61364,22.29804302820053,0.044481025955798836,0.9830893045178759,0.7692423406709121,88.36962127685547
08_002650_002670_s5,3,65558,21.67667112488677,0.08100344940356474,0.9859850574136289,0.8220177505891791,87.13362884521484
08_002650_002670_s5,4,66595,22.254172633660673,0.023209809416091964,0.9872637015494158,0.8348167276738705,86.91683197021484
08_002675_002695_s5,0,66360,23.65501517303718,0.03120826775030161,0.9891189891189891,0.8329489043774758,85.7038803100586
08_002675_002695_s5,1,61711,23.79271131805158,0.03671405059987043,0.9837913052198767,0.7741438098580956,86.43258666992188
08_002675_002695_s5,2,58980,23.17884885431527,0.04552932289957923,0.9814220528506242,0.739369703655418,86.43382263183594
08_002675_002695_s5,3,57313,23.194730824775355,0.042667062002278655,0.9793912651055509,0.7184601113172542,85.39581298828125
08_002675_002695_s5,4,58661,22.560174036777585,0.05626957285021472,0.9800431229002657,0.7353833425261996,85.45696258544922
08_002700_002720_s5,0,57793,24.926157122995345,0.04875643323005452,0.979027729027729,0.7246903675475104,87.92936706542969
08_002700_002720_s5,1,61976,27.305605092899807,0.0381722599409946,0.9785262999548714,0.7798977084691371,86.33116912841797
08_002700_002720_s5,2,65824,26.27875615763546,0.04260663580577573,0.9723461866319009,0.8335380835380836,84.5132827758789
08_002700_002720_s5,3,60014,26.397293457435797,0.032884337305543854,0.9659655016797873,0.7620844406558692,85.07279968261719
08_002700_002720_s5,4,56654,24.82410882807138,0.05110127495926209,0.9687860402146117,0.7104372461515319,87.72959899902344
08_002725_002745_s5,0,59986,28.61650121085456,0.03812693132752587,0.9736373664945094,0.7549766835481121,84.2528076171875
08_002725_002745_s5,1,62747,27.625534188034184,0.030091814471493006,0.9770596199167628,0.7875319661033947,86.4189224243164
08_002725_002745_s5,2,58878,26.55642128148225,0.05261409958787411,0.9812841598555885,0.7383167026024169,84.14981842041016
08_002725_002745_s5,3,60674,24.73541118421053,0.057546569994537,0.9844933059218773,0.7606052248909392,86.33989715576172
08_002725_002745_s5,4,60431,25.6026240096089,0.04293780270963943,0.9851075565361279,0.7576844005415434,87.13934326171875
08_002750_002770_s5,0,62964,24.86381802107391,0.043239516988105686,0.9892192749335607,0.7894123251266109,85.01799774169922
08_002750_002770_s5,1,70976,23.4395025440044,0.035061273911894286,0.9911121696835983,0.8899864614150328,89.036376953125
08_002750_002770_s5,2,74039,23.705791790287318,0.05387903496295188,0.9940706012134584,0.9304141804141804,88.45600128173828
08_002750_002770_s5,3,73992,24.673852648542596,0.042596390817533525,0.995850674422103,0.9289851075565362,86.90540313720703
08_002750_002770_s5,4,70909,24.324086831613517,0.047678681893544184,0.9975931404502834,0.8905505691219977,85.95327758789062
08_002775_002795_s5,0,68920,24.641834998231957,0.04109251548248438,0.9968660682946398,0.8669959384245098,86.27818298339844
08_002775_002795_s5,1,64013,24.978011326058198,0.030910765735768564,0.9932557789700647,0.8024996239281954,84.27865600585938
08_002775_002795_s5,2,60445,22.530878463132634,0.0379002384708782,0.993293386150529,0.7577220077220077,89.54736328125
08_002775_002795_s5,3,65897,21.36005756578948,0.04882807479024809,0.9976808905380334,0.8261420047134332,88.15351104736328
08_002775_002795_s5,4,59030,22.60910784426987,0.04743635184789352,0.9993606779321065,0.7400215614501329,87.3011703491211
08_002800_002820_s5,0,59774,26.37491945876289,0.042452012369579295,0.9997743569172141,0.7493105350248207,89.80020904541016
08_002800_002820_s5,1,58296,27.031054842386993,0.04525510909744823,0.9991726420297848,0.7308078022363736,86.46755981445312
08_002800_002820_s5,2,59959,28.07805014970059,0.03949951665366713,0.9974677831820689,0.7526951812666098,86.66490173339844
08_002800_002820_s5,3,60894,26.602869553117042,0.043576174123826306,0.9972922830065687,0.7634508348794063,86.6295394897461
08_002800_002820_s5,4,62291,27.86313100961538,0.03900830847724457,0.9965401393972823,0.7819535676678534,84.85330200195312
08_002825_002845_s5,0,65576,25.954673826946287,0.04873344680370639,0.9910369553226696,0.8295642581356867,84.44408416748047
08_002825_002845_s5,1,66834,26.570728760558804,0.039732467884407985,0.9857343428772,0.8466755252469538,84.83378601074219
08_002825_002845_s5,2,69593,26.12792717447246,0.030748688892269893,0.9848944491801634,0.8846086346086346,84.19415283203125
08_002825_002845_s5,3,63671,24.110105775983136,0.05239635068270543,0.9911121696835983,0.803113874542446,89.10660552978516
08_002825_002845_s5,4,62437,22.919699974411465,0.04692088995627941,0.9818231961089104,0.7897006468435039,88.24340057373047
08_002850_002870_s5,0,62140,26.613502460290054,0.04618864143601109,0.9698641127212556,0.7929223286366144,86.11205291748047
08_002850_002870_s5,1,59437,27.534438657407406,0.02739269674990208,0.9621295692724264,0.7592889735746878,86.92147064208984
08_002850_002870_s5,2,54054,27.940106419406003,0.02915211639963111,0.9526400240685955,0.6998946998946999,87.09474182128906
08_002850_002870_s5,3,53647,25.415565779883373,0.0383303033742024,0.9357293285864714,0.6965351251065537,89.13976287841797
08_002850_002870_s5,4,47480,26.589830783195016,0.023295329522738495,0.9119239833525548,0.6277265205836634,87.69886016845703
08_002875_002895_s5,0,44748,29.826534802872864,0.020925420859854604,0.9031364388507246,0.5823973323973324,86.96701049804688
08_002875_002895_s5,1,41674,31.12185009960159,0.0436144076519438,0.8909893195607481,0.5276412776412777,81.921875
08_002875_002895_s5,2,44899,33.018931686046514,0.03160679420276402,0.8828536328536328,0.5762798977084691,82.95471954345703
08_002875_002895_s5,3,50243,29.4260750970973,0.027675637918321616,0.9135536278393421,0.6477335405906834,87.4777603149414
08_002875_002895_s5,4,55461,31.66984160958903,0.039445966481216566,0.9190944190944191,0.72712229855087,85.29553985595703
08_002900_002920_s5,0,61709,28.153103885135135,0.029196545569583066,0.9386000100285815,0.8014967657824801,84.6544189453125
08_002900_002920_s5,1,58155,28.83266433189656,0.04230111304715667,0.9417339417339418,0.7457879957879958,85.47735595703125
08_002900_002920_s5,2,61591,28.576347269786904,0.037183394882439824,0.9403299403299403,0.7915935415935416,83.36349487304688
08_002900_002920_s5,3,54559,27.57431061030236,0.02637038034938266,0.9069347640776212,0.7143860001002859,84.60917663574219
08_002900_002920_s5,4,46859,26.474840008257626,0.03170013242166414,0.894737501880359,0.6007621721907436,86.9222412109375
08_002925_002945_s5,0,52902,29.180184347587726,0.0396099712229141,0.9250112821541393,0.6672140600712029,86.95173645019531
08_002925_002945_s5,1,61211,27.209203529593086,0.03931033196362499,0.9711427568570425,0.7692298049440907,85.2862777709961
08_002925_002945_s5,2,60356,27.526662190755207,0.029702300823375438,0.9848944491801634,0.7661836233264805,86.62858581542969
08_002925_002945_s5,3,58571,26.417409891224192,0.04250389811415811,0.9896580253723111,0.738291631148774,88.17398834228516
08_002925_002945_s5,4,57781,27.975022122443626,0.03371136680568476,0.9862232362232363,0.7321365892794465,90.30631256103516
08_002950_002970_s5,0,51428,23.14213448397738,0.027350766264841564,0.9865617008474151,0.6452389309532167,86.96454620361328
08_002950_002970_s5,1,55028,23.031466631822187,0.0322833252645256,0.9840921626635912,0.6902797974226546,86.37503051757812
08_002950_002970_s5,2,55989,22.316960875718905,0.025783647072243454,0.9846311989169132,0.701887880459309,87.97650909423828
08_002950_002970_s5,3,56485,22.649038079733163,0.03272258164394737,0.9863987363987364,0.7080805295091009,87.79373168945312
08_002950_002970_s5,4,56725,24.1609450379049,0.03726607621140898,0.9851576994434137,0.7111141753998896,83.95263671875
08_002975_002995_s5,0,55765,22.164811379097088,0.05509334777715047,0.9853582710725568,0.6990548061976634,87.10128784179688
08_002975_002995_s5,1,54696,21.599365234375004,0.030953625709729593,0.9842175199318056,0.6856541142255428,87.97469329833984
08_002975_002995_s5,2,54019,21.370597083470933,0.037159946180291836,0.9823496966354109,0.6771674271674272,88.24191284179688
08_002975_002995_s5,3,48607,21.00324500808924,0.029337912681820733,0.9809206237777667,0.6093240736097879,88.83250427246094
08_002975_002995_s5,4,54810,21.5062914191042,0.03058750735222704,0.9806072306072307,0.6871207942636514,87.01826477050781
08_003000_003020_s5,0,57922,24.378280328912112,0.03026504419857834,0.9790653362081934,0.7266208694780123,86.88998413085938
08_003000_003020_s5,1,55884,23.115200026531237,0.057757093038161234,0.9768214411071554,0.7006969864112721,89.06912994384766
08_003000_003020_s5,2,55247,21.626787628194357,0.03766794036688603,0.9752544752544753,0.6925612997041568,91.57392120361328
08_003000_003020_s5,3,54132,21.615677521008404,0.0351894797062966,0.9733365090507947,0.6785965000250714,92.83580780029297
08_003000_003020_s5,4,57884,22.090722569751996,0.03908289744050153,0.9721330792759364,0.7272852629995488,91.53536987304688
08_003025_003045_s5,0,65504,26.207728014294588,0.03136639588540069,0.9731359374216517,0.8260918618061475,88.35839080810547
08_003025_003045_s5,1,65289,24.801648001609443,0.02839186852710096,0.9724840796269367,0.8251140751140751,89.52857971191406
08_003025_003045_s5,2,62027,25.25176649716178,0.03879250896580144,0.9553226696083839,0.7885724314295743,89.42847442626953
08_003025_003045_s5,3,57616,24.9495197651156,0.049293542727286255,0.952426916712631,0.7274983703555132,90.5348129272461
08_003025_003045_s5,4,56732,25.122571066978196,0.06476882005775564,0.9521887379030236,0.7118287118287119,89.93569946289062
08_003050_003070_s5,0,61732,21.93816437555655,0.050586904299798396,0.9651381437095723,0.780862959434388,88.18522644042969
08_003050_003070_s5,1,64248,21.061350319602276,0.04229532987247153,0.9812841598555885,0.8078273078273078,89.450927734375
08_003050_003070_s5,2,64115,22.13419738983475,0.0365139514142756,0.9901218472647044,0.8050694479265907,89.80123901367188
08_003050_003070_s5,3,63295,21.60789282870791,0.03748286001752499,0.9928797071654214,0.7937371508800081,90.52218627929688
08_003050_003070_s5,4,58675,21.598828982574094,0.050365596309025484,0.9907987765130623,0.7364238078523793,87.72286987304688
08_003075_003095_s5,0,57502,21.67294749685138,0.05789573007349347,0.9928797071654214,0.7256932256932257,89.03258514404297
08_003075_003095_s5,1,59442,22.95997561884396,0.07189401239295723,0.9906232763375621,0.7525698239983954,88.23448181152344
08_003075_003095_s5,2,55337,21.859447787267086,0.06406631521051498,0.9707040064182921,0.7075540289826004,88.09439849853516
08_003075_003095_s5,3,56335,22.01313639064976,0.04640275322179299,0.9825628039913754,0.7134583563154991,85.9898452758789
08_003075_003095_s5,4,50586,20.25439810840201,0.0584657879398407,0.972546758261044,0.6370029584315299,88.60736846923828
08_003100_003120_s5,0,59297,19.967606006254606,0.026874773294092158,0.9796795868224439,0.7453993882565311,85.14234161376953
08_003100_003120_s5,1,63524,19.257460571860374,0.038671158628227786,0.9854710926139497,0.79853833425262,84.8605728149414
08_003100_003120_s5,2,66850,19.995058467275662,0.07643087326975051,0.9908865266008123,0.8394173394173394,86.13683319091797
08_003100_003120_s5,3,66718,20.084947829278516,0.05996890138553468,0.994032994032994,0.836421300707015,86.44466400146484
08_003100_003120_s5,4,67900,19.784810445953642,0.04457400768568642,0.9940204583061726,0.8516146016146016,85.94157409667969
08_003125_003145_s5,0,63774,19.663838902404127,0.04041031081370994,0.9934688863260291,0.7994534423105851,86.7547607421875
08_003125_003145_s5,1,62936,19.840021881064036,0.08831861935136986,0.9894574537431681,0.7889986461415033,89.85545349121094
08_003125_003145_s5,2,64956,19.611858768550228,0.05744605208807774,0.9883543097828812,0.814596600310886,89.36639404296875
08_003125_003145_s5,3,59756,19.34301279105392,0.060566726274254634,0.9861480218623075,0.7498621070049641,89.30491638183594
08_003125_003145_s5,4,56974,17.24074222870517,0.041130280033581545,0.9763952263952264,0.7149375720804292,91.15798950195312
08_003150_003170_s5,0,60199,19.99566437077226,0.04677502898889152,0.946146517575089,0.7650428721857293,91.2474594116211
08_003150_003170_s5,1,63230,20.571621719540477,0.04077482988426695,0.9633706062277491,0.8037657323371609,89.39934539794922
08_003150_003170_s5,2,63371,21.247398752802695,0.0498752592392675,0.9505465576894149,0.8135686707115278,86.95525360107422
08_003150_003170_s5,3,62368,21.411009253525144,0.06714051199619253,0.9654264654264654,0.7825302111016397,86.15196990966797
08_003150_003170_s5,4,62322,20.859518348623855,0.11299772070856062,0.962969462969463,0.7816652459509602,87.0368881225586
08_003175_003195_s5,0,68079,22.226877979528883,0.06745652421352144,0.9700521486235772,0.8605651105651105,88.87374114990234
08_003175_003195_s5,1,66213,22.152155568585197,0.07547856294674027,0.9849571278142707,0.8335882264453693,88.30847930908203
08_003175_003195_s5,2,65110,21.727619863013697,0.06053321023416647,0.9837536980394124,0.8222810008524294,91.32614135742188
08_003175_003195_s5,3,67798,22.44402444269898,0.04856637526161811,0.9872511658225944,0.85708017850875,88.14117431640625
08_003175_003195_s5,4,66982,22.260164997053618,0.05852973161166375,0.980933159504588,0.8431404502833074,88.61597442626953
08_003200_003220_s5,0,63346,21.932090874934655,0.06838392521601211,0.9567893496464925,0.8142455999598857,90.51757049560547
08_003200_003220_s5,1,67101,21.21971933693796,0.057022974831435036,0.9639221782078925,0.8591360377074663,92.19667053222656
08_003200_003220_s5,2,66556,21.878129706325307,0.04694949868820664,0.9683222183222183,0.8425011282154139,89.24649810791016
08_003200_003220_s5,3,68741,20.67090654175311,0.05213996530422227,0.9821115178258035,0.8624329338615053,92.17932891845703
08_003200_003220_s5,4,62580,19.942559465544246,0.04713953094098344,0.9854334854334854,0.7849496063781778,92.54811096191406
08_003225_003245_s5,0,58949,21.708467371323533,0.0388556323365159,0.9836784836784837,0.7396078824650253,87.60615539550781
08_003225_003245_s5,1,63453,21.47661398638968,0.06163975473111449,0.9862984505841649,0.8002557288271575,85.67578125
08_003225_003245_s5,2,63308,21.035140694137166,0.08820939060593869,0.9867998796570225,0.794163365591937,87.77470397949219
08_003225_003245_s5,3,61707,22.31006372524252,0.04181156464185509,0.9886426314997744,0.7746703103845961,83.2610855102539
08_003225_003245_s5,4,56760,23.256229517790256,0.061082098391876505,0.9920398134683849,0.7116657473800331,82.62031555175781
08_003250_003270_s5,0,60567,24.181544569672127,0.07020324018987756,0.9933309933309933,0.7601288672717245,84.5571517944336
08_003250_003270_s5,1,66177,24.433794757718697,0.0942783425266307,0.9987965702251417,0.8295767938625082,81.41175842285156
08_003250_003270_s5,2,64782,22.87957716308846,0.052923391157416955,0.9939703153988868,0.816100887529459,83.9813003540039
08_003250_003270_s5,3,63633,22.664526835687628,0.06964641182617548,0.9893070250213107,0.7978614050042622,87.50430297851562
08_003250_003270_s5,4,65538,23.356014690769808,0.08944901101257008,0.9950985308128165,0.8217545003259289,89.8125228881836
08_003275_003295_s5,0,67792,24.166339306732585,0.10904845230772087,0.9977310334453191,0.8499974928546357,89.19791412353516
08_003275_003295_s5,1,68510,22.64324478598691,0.10237784198261202,0.9970791756506042,0.8603770746627889,92.76741027832031
08_003275_003295_s5,2,70021,24.01681588257199,0.0711324207231776,0.9864112721255578,0.8828661685804543,89.74435424804688
08_003275_003295_s5,3,63200,22.626085649385356,0.05535115270532098,0.9890187033044175,0.7924961139246853,90.58941650390625
08_003275_003295_s5,4,53550,22.42920778508772,0.049540985681181926,0.9885924885924886,0.6713508499222784,90.57854461669922
08_003300_003320_s5,0,59518,24.023296905398826,0.032094121752264115,0.9944341372912802,0.7463897106754249,88.87016296386719
08_003300_003320_s5,1,62676,22.775454661885245,0.038243051817860474,0.9933560647846362,0.7856892142606429,89.59955596923828
08_003300_003320_s5,2,65868,23.433044775335947,0.028673697078488436,0.9927042069899212,0.8264930050644337,90.05940246582031
08_003300_003320_s5,3,66596,24.302711865580676,0.04486856821829499,0.9923908138193852,0.8348794063079777,88.31839752197266
08_003300_003320_s5,4,65160,26.129205659536545,0.06720566749646673,0.9904979190693476,0.8174923532066389,86.37625122070312
08_003325_003345_s5,0,69540,22.26446846676737,0.04049263029848493,0.9966028180313895,0.8727623727623728,85.51656341552734
08_003325_003345_s5,1,70382,21.427303425433415,0.04455317189258312,0.9989344632201775,0.882515168229454,87.11487579345703
08_003325_003345_s5,2,67235,22.525252688298266,0.03728749393579811,0.9703153988868275,0.868876297447726,87.5157699584961
08_003325_003345_s5,3,67886,21.91493169175392,0.03694356678547539,0.993945243945244,0.855463069748784,90.03052520751953
08_003325_003345_s5,4,63863,21.760715060763886,0.04633621177292735,0.9927418141703857,0.8018853733139447,89.9569320678711
08_003350_003370_s5,0,67426,24.388942616229325,0.042975098128519074,0.9966028180313895,0.8454971669257384,89.98333740234375
08_003350_003370_s5,1,64827,23.996269071565408,0.02329040882264577,0.9933435290578148,0.8129544200972773,89.71646118164062
08_003350_003370_s5,2,61184,23.008923551038055,0.037511797362572485,0.9999373213658928,0.76704858847716,87.50919342041016
08_003350_003370_s5,3,60713,22.731241537200688,0.043524725642416495,1.0,0.7610815825101539,86.21498107910156
08_003350_003370_s5,4,62574,22.094126272343598,0.059689780756423616,1.0,0.7844105701248558,88.62126159667969
08_003375_003395_s5,0,69347,22.163283973707145,0.05280685402616614,1.0,0.8693150478864765,87.66236877441406
08_003375_003395_s5,1,65641,20.91837734646267,0.05665333740754486,0.9983327483327483,0.823547109261395,86.27177429199219
08_003375_003395_s5,2,65455,19.874089701850583,0.05303218718459268,0.998834177405606,0.8205259990974276,87.58194732666016
08_003375_003395_s5,3,69002,18.74987674453883,0.03577903714755304,1.0,0.8649902221330793,88.82012176513672
08_003375_003395_s5,4,64219,18.87166163681204,0.05596759012338115,1.0,0.8050318407461264,90.83867645263672
08_003400_003420_s5,0,72897,18.493820281436385,0.031064432492127647,1.0,0.9138168781025924,88.12712097167969
08_003400_003420_s5,1,66946,19.182732348172166,0.0446807972586305,0.9528656671513814,0.8393170536027679,89.2536392211914
08_003400_003420_s5,2,64259,17.876488286608364,0.06076825048567969,0.9512987012987013,0.8057965200822343,92.60103607177734
08_003400_003420_s5,3,66998,17.6402640803232,0.042495217316329104,0.9567642781928496,0.8398686255829113,91.96510314941406
08_003400_003420_s5,4,66916,16.960202529684235,0.041276443419584474,0.9583437797723512,0.8395552324123753,91.45413970947266
08_003425_003445_s5,0,58913,15.567208742447132,0.0322106706132228,0.9438650152935867,0.7582359725216868,88.89207458496094
08_003425_003445_s5,1,66692,16.647691551237227,0.03269698226138251,0.9617284260141403,0.8360326931755503,87.31278991699219
08_003425_003445_s5,2,68239,17.774914490049753,0.046441835762462524,0.9820739106453392,0.8597502883217168,84.76223754882812
08_003425_003445_s5,3,60230,18.29238155241935,0.050382779356049845,0.9188186331043474,0.8188462117033546,85.57025909423828
08_003425_003445_s5,4,65387,17.180010516826922,0.053675682886985765,0.9833776262347691,0.8196735696735696,88.52708435058594
08_003450_003470_s5,0,70577,18.865777448485602,0.052343392730319405,0.9750162964448679,0.8895226395226395,89.6353759765625
08_003450_003470_s5,1,70397,19.864824914832283,0.06287635035224737,0.9710675424961139,0.8898861756004613,88.69568634033203
08_003450_003470_s5,2,67462,19.344953812893085,0.08340115480405252,0.9655016797873941,0.8508749937321366,88.5840072631836
08_003450_003470_s5,3,62839,19.94299477149497,0.09468690334994001,0.9696886125457554,0.7924334352905782,89.10977172851562
08_003450_003470_s5,4,67179,19.316429044456385,0.06052917635271138,0.9709045780474352,0.8474402045830617,89.34617614746094
08_003475_003495_s5,0,68369,23.274451260157434,0.047632705008289644,0.9743895101037958,0.861856290427719,85.2166748046875
08_003475_003495_s5,1,69632,21.550982405590972,0.02718197518236498,0.9793411221982651,0.8756205184776613,87.70015716552734
08_003475_003495_s5,2,69966,23.09611899952471,0.05527484109743286,0.9914506343077771,0.8770746627889485,84.00261688232422
08_003475_003495_s5,3,60907,20.648429508490185,0.049792892976062486,0.9267537481823196,0.8245875745875746,85.82072448730469
08_003475_003495_s5,4,59425,19.105729434034902,0.03426343610948024,0.9661410018552876,0.7666098380384094,87.05411529541016
08_003500_003520_s5,0,64220,20.216674804687504,0.036405731297516564,0.9850323421751993,0.8058090558090558,88.71007537841797
08_003500_003520_s5,1,69666,22.570171412641425,0.039772224083347796,0.9804944090658376,0.8749059820488392,85.32514953613281
08_003500_003520_s5,2,70214,23.428364715818766,0.05435997707540641,0.9840921626635912,0.8846462417890989,84.56360626220703
08_003500_003520_s5,3,69365,22.649475364963507,0.07561863737901309,0.9714812214812215,0.8784034498320212,86.7030029296875
08_003500_003520_s5,4,64492,22.086330087939693,0.05785689895727386,0.9538810610239181,0.8248508248508248,85.79058837890625
08_003525_003545_s5,0,69220,21.42829526312733,0.06281707764785649,0.9565260993832423,0.8692523692523693,85.40818786621094
08_003525_003545_s5,1,68116,21.689516274538104,0.073249180716914,0.9562001704858848,0.869728726871584,85.55062103271484
08_003525_003545_s5,2,70018,20.69158951910187,0.07158129791712287,0.9738630095772953,0.8861881361881362,85.97362518310547
08_003525_003545_s5,3,67983,21.32482932472578,0.038870351146382376,0.9783507997793712,0.8546482475053904,82.96463775634766
08_003525_003545_s5,4,67890,22.495963139789097,0.07172744696578914,0.9726470440756155,0.8565035350749637,84.34343719482422
08_003550_003570_s5,0,70191,24.868187252638513,0.04054528296560633,0.9609386752243895,0.8844080629794916,86.6782455444336
08_003550_003570_s5,1,61296,24.545153631680247,0.05152802196405859,0.866431830717545,0.8594368951511808,85.92363739013672
08_003550_003570_s5,2,60135,23.5100802471573,0.030618212439405657,0.9190693476407762,0.7802737802737802,87.81757354736328
08_003550_003570_s5,3,52332,23.675208898618642,0.047514052897099424,0.8746176603319461,0.6807275735847165,89.82511138916016
08_003550_003570_s5,4,63991,24.284938466168278,0.04296027258623525,0.9188186331043474,0.8253146467432182,86.13407897949219
08_003575_003595_s5,0,63358,21.679199577516535,0.025514532224884645,0.9517499874642732,0.8003058717344431,83.66925048828125
08_003575_003595_s5,1,65755,22.372102120149,0.04861766586289784,0.950947700947701,0.8292759364187936,85.18988037109375
08_003575_003595_s5,2,67723,22.74859902426161,0.04987705862662617,0.9467733039161611,0.8518903876046733,83.6364974975586
08_003575_003595_s5,3,66893,21.714262911464242,0.04145626420926618,0.9325953968811111,0.8438424509853081,85.50102233886719
08_003575_003595_s5,4,59227,22.222237010221466,0.056509874996534926,0.8892844607130321,0.7762247405104548,87.55026245117188
08_003600_003620_s5,0,59503,21.495302804539513,0.06916194794026032,0.9106704106704107,0.7526826455397884,85.44221496582031
08_003600_003620_s5,1,61701,22.34237217411422,0.05504381957730198,0.9319686105400391,0.7816527102241388,83.80352020263672
08_003600_003620_s5,2,65704,22.022993874156676,0.061603979930562325,0.946347089204232,0.8255402898260041,84.01670837402344
08_003600_003620_s5,3,68865,22.14949865453614,0.06050735731848489,0.9370455799027227,0.8667577596149024,83.67205047607422
08_003600_003620_s5,4,67832,23.03261364314709,0.04547171985303411,0.9368074010931153,0.8585844657273228,83.65548706054688
08_003625_003645_s5,0,64885,23.73103278329439,0.08859726142052482,0.9133154490297347,0.8194604623176052,84.65672302246094
08_003625_003645_s5,1,63770,23.549959029274422,0.04412665982937081,0.9149200220628793,0.8142957428671714,83.46861267089844
08_003625_003645_s5,2,57597,23.36880241736556,0.0628866535209438,0.8723236223236224,0.7435315649601364,85.83602142333984
08_003625_003645_s5,3,61713,23.111336729074885,0.06594998089691684,0.9060823346537632,0.789587825302111,86.78890228271484
08_003625_003645_s5,4,66754,20.56561171517332,0.0750005825384994,0.959133530562102,0.8422378779521636,90.15962219238281
08_003650_003670_s5,0,67750,21.08199045791562,0.05090293583029282,0.9570525999097428,0.8519029233314948,89.00115203857422
08_003650_003670_s5,1,70027,21.69170336631274,0.04547486319836702,0.9543950258235973,0.8824524895953467,88.20244598388672
08_003650_003670_s5,2,69104,21.13852657595928,0.05932898264270481,0.9506593792308078,0.8717971217971218,87.90910339355469
08_003650_003670_s5,3,64747,21.01152803627078,0.0728198056710827,0.9484029484029484,0.8208143208143208,89.28028106689453
08_003650_003670_s5,4,59394,21.899179373630393,0.06386638949141865,0.929549215263501,0.760116331544903,83.9212417602539
08_003675_003695_s5,0,62418,19.853402346239644,0.05288707750169852,0.9758687258687259,0.7841723913152484,88.42425537109375
08_003675_003695_s5,1,66223,21.994205896529557,0.03407057380596612,0.981497267211553,0.8312315098029384,85.32892608642578
08_003675_003695_s5,2,64014,20.3116709565106,0.049002426213892836,0.9768339768339769,0.8027628741914457,86.45270538330078
08_003675_003695_s5,3,65628,21.809986470713078,0.07781350524237918,0.9828009828009828,0.822782429925287,84.31877899169922
08_003675_003695_s5,4,63917,21.807602255351682,0.05159498428914944,0.9850824850824851,0.8012460512460512,83.0245361328125
08_003700_003720_s5,0,68914,21.617251016260166,0.03369433930868748,0.9776237276237276,0.8752569823998395,83.47845458984375
08_003700_003720_s5,1,68544,20.796127960232347,0.03964914428779931,0.9909492052349195,0.8613548613548614,84.6113510131836
08_003700_003720_s5,2,64119,21.78549729688763,0.054897914566763184,0.9885298099583814,0.8062854134282705,85.63382720947266
08_003700_003720_s5,3,61397,21.597267176125087,0.026888699681570927,0.9915258486687059,0.7701699844556987,86.4404067993164
08_003700_003720_s5,4,68859,21.829781087239596,0.03342340810508615,0.9940831369402798,0.8636990422704709,84.10493469238281
08_003725_003745_s5,0,71114,18.867237203585884,0.048761457178725376,0.992754349897207,0.8925186782329639,87.41957092285156
08_003725_003745_s5,1,71261,18.98344365497581,0.039396037614266355,0.9920022062879206,0.8944491801634659,87.76880645751953
08_003725_003745_s5,2,69061,19.690490397424515,0.034523639990271526,0.9944090658376372,0.8657674371960086,87.08062744140625
08_003725_003745_s5,3,67014,21.3058480196221,0.024752947092156585,0.9943338514767086,0.840370054655769,82.0660400390625
08_003725_003745_s5,4,66423,19.96118783199109,0.02778488271721402,0.9997743569172141,0.8328862257433686,85.24324798583984
08_003750_003770_s5,0,68964,17.128253376477208,0.025244318651532982,0.9982324625181768,0.8655919370205084,83.93130493164062
08_003750_003770_s5,1,74304,17.706218015026135,0.049826727994292774,0.9987464273178559,0.9322945394373966,81.96366882324219
08_003750_003770_s5,2,68008,16.615905936604584,0.07143789562119096,1.0,0.8525297096725668,83.97943878173828
08_003750_003770_s5,3,64529,16.456632510297275,0.052755920447369764,0.9477886977886978,0.8089179160607732,83.71017456054688
08_003750_003770_s5,4,56018,14.575635661911415,0.04430664127066919,0.9145063430777717,0.7022263450834879,90.00724792480469
08_003775_003795_s5,0,64208,20.626158154700413,0.049851957064542374,0.9193827408113122,0.8084164869879156,91.76364135742188
08_003775_003795_s5,1,66724,20.90518836398017,0.040930936555949815,0.9235195306623878,0.8412726269869127,92.09281921386719
08_003775_003795_s5,2,66018,20.75435809235075,0.03704237103978625,0.9235446021160307,0.8314070099784385,91.89441680908203
08_003775_003795_s5,3,66134,21.533952945402298,0.05156914591977846,0.9221406007120293,0.8361705861705861,90.63285064697266
08_003775_003795_s5,4,64582,23.280902441972923,0.03379341573316874,0.9218648147219576,0.813004563004563,89.42377471923828
08_003800_003820_s5,0,65785,25.59398142069327,0.05443183260255413,0.9225292082434939,0.8294138294138295,89.87520599365234
08_003800_003820_s5,1,67560,26.961184679719914,0.0388152557965018,0.9257884972170687,0.8493456350599208,90.68739318847656
08_003800_003820_s5,2,65773,27.168340773809522,0.040354329858755644,0.9314045028330743,0.8256405756405757,91.2656478881836
08_003800_003820_s5,3,64583,28.092530776515154,0.04058451869311286,0.9293110364538936,0.8119264904979191,88.14252471923828
08_003800_003820_s5,4,61410,26.621324152542368,0.03338872087516065,0.9258762473048188,0.7716115930401645,92.12834930419922
08_003825_003845_s5,0,62572,26.499470265986773,0.02723180697491534,0.9218146718146718,0.7910795767938625,89.80120849609375
08_003825_003845_s5,1,62020,27.518634514194805,0.05338991102415469,0.9163490949205235,0.7853632853632854,89.87812805175781
08_003825_003845_s5,2,60460,27.898843514249794,0.03184977612007711,0.9186556686556686,0.7685779471493758,89.06563568115234
08_003825_003845_s5,3,63394,28.394747156675155,0.055639282595078665,0.9121746978889836,0.8106102391816677,90.29618072509766
08_003825_003845_s5,4,63833,27.360855034722224,0.03531464902399062,0.9142932357218071,0.8109487038058467,90.40086364746094
08_003850_003870_s5,0,60406,24.1048905561674,0.044322319668951504,0.8728125156696586,0.802775409918267,90.66752624511719
08_003850_003870_s5,1,64883,24.94211861222445,0.03388114482803317,0.883342526199669,0.8488442059870631,91.44674682617188
08_003850_003870_s5,2,66129,25.606551670792083,0.026274484771766637,0.9005791505791506,0.8336759765331194,88.83921813964844
08_003850_003870_s5,3,64900,26.014668531378597,0.026562372107228782,0.903575189289475,0.816614852329138,88.74149322509766
08_003850_003870_s5,4,63395,25.121927540204677,0.02439101462310811,0.9266283909141052,0.7957177957177958,89.92742156982422
08_003875_003895_s5,0,65759,22.160072475062343,0.03699505172803841,0.9289725718297147,0.8261043975329689,92.5112075805664
08_003875_003895_s5,1,66042,23.827004928315404,0.03897829302226752,0.9248357819786391,0.8298275083989369,89.93878173828125
08_003875_003895_s5,2,67178,24.00669361020924,0.0314980215802283,0.9295241438098581,0.8437923080780224,88.23149871826172
08_003875_003895_s5,3,66164,24.03231124596402,0.032402215625473074,0.9321817178960036,0.8303038660181518,87.35738372802734
08_003875_003895_s5,4,68617,24.509023521989903,0.040868738736999255,0.9392644035501179,0.8669583312440455,89.52513885498047
08_003900_003920_s5,0,69199,22.604877043776373,0.037803435846109235,0.9437898009326581,0.8726996941282655,91.83277130126953
08_003900_003920_s5,1,68028,22.678227546784395,0.03986145438465272,0.929235822092965,0.8538208895351752,89.77017211914062
08_003900_003920_s5,2,65361,24.47699464479392,0.04970371720800193,0.9235320663892093,0.8201499272927845,86.35897827148438
08_003900_003920_s5,3,62701,24.484051912967292,0.04832154289351065,0.9227047084189941,0.7950910093767236,84.90123748779297
08_003900_003920_s5,4,59982,23.527463481800766,0.04437664993658075,0.9126385197813769,0.7632001203429775,85.79476165771484
08_003925_003945_s5,0,60668,23.856157261690655,0.036042147298246396,0.9039261896404753,0.764378478664193,87.46833801269531
08_003925_003945_s5,1,60519,24.372441190526764,0.0333745915285264,0.8847465276036705,0.7647169432883718,86.19366455078125
08_003925_003945_s5,2,55081,24.987000655107053,0.027638609624016208,0.8534072105500677,0.7028029885172742,85.51720428466797
08_003925_003945_s5,3,54469,25.632072585978825,0.06850182362326285,0.8513513513513513,0.6950433736148022,85.8731460571289
08_003925_003945_s5,4,47752,25.21344144473522,0.04017657455640933,0.8455849170134885,0.6054379982951411,84.25479125976562
08_003950_003970_s5,0,54444,30.134393743619192,0.0525968432377657,0.8586596800882516,0.7062252419395276,85.41463470458984
08_003950_003970_s5,1,53191,28.473000919117652,0.041451885225815666,0.8623702552273981,0.6869829012686156,86.35865020751953
08_003950_003970_s5,2,51189,26.710585297131143,0.043947356431025764,0.8700546557689415,0.6634533420247706,87.48776245117188
08_003950_003970_s5,3,50571,26.820747231226367,0.03186234065486371,0.8799453442310585,0.6504788647645791,86.08566284179688
08_003950_003970_s5,4,48369,28.38132182126323,0.036350161732592756,0.9073860502431931,0.6289174146317004,85.0447769165039
08_003975_003995_s5,0,50850,28.33660607420706,0.021408227145183867,0.9041769041769042,0.6564960136388708,85.6265640258789
08_003975_003995_s5,1,51257,28.810786923882684,0.022805126398644404,0.9106077320363035,0.6584390512961942,84.34406280517578
08_003975_003995_s5,2,53260,28.354510184287097,0.022337236089116974,0.9207616707616708,0.6823321466178609,84.74385070800781
08_003975_003995_s5,3,52868,27.76037542420815,0.022046990591712223,0.9181542395828111,0.6704482775911348,85.62211608886719
08_003975_003995_s5,4,47458,26.573826058201064,0.026885371477838094,0.9123878052449481,0.5995712781427067,86.92158508300781
08_004000_004020_s5,0,47765,20.857808621759514,0.029727313617506468,0.9273429273429273,0.6044226044226044,86.74893951416016
08_004000_004020_s5,1,47222,21.045752947481244,0.02637463663827333,0.9239332096474954,0.595798024369453,86.85282897949219
08_004000_004020_s5,2,45522,20.936207441372634,0.0309926901185551,0.9178909893195607,0.5750012535726822,86.67059326171875
08_004000_004020_s5,3,45427,20.674670152957866,0.028028329572583388,0.918693275836133,0.5732838589981447,87.21971130371094
08_004000_004020_s5,4,45359,21.428720437135212,0.05757486994494787,0.9218146718146718,0.5998470641327784,86.92680358886719
08_004025_004045_s5,0,47470,20.943071586444006,0.01795944802206817,0.920398134683849,0.5959359173644888,86.62627410888672
08_004025_004045_s5,1,48071,21.136792662015136,0.019372788960158704,0.9283332497618212,0.6042847114275686,85.89434051513672
08_004025_004045_s5,2,47370,20.990459613562532,0.01807087180775735,0.954131775560347,0.5947951662237376,86.01168060302734
08_004025_004045_s5,3,48278,21.3879845636026,0.022713487975260183,0.934751541894399,0.6059394273679988,86.5166244506836
08_004025_004045_s5,4,47772,21.799339690836295,0.026845260161895146,0.9044025472596902,0.5992202777917064,85.24472045898438
08_004050_004070_s5,0,54355,26.80127040787702,0.035561363954871084,0.8869528155242441,0.6853657925086496,84.0032730102539
08_004050_004070_s5,1,58154,25.786652137752586,0.0294889081318912,0.901757508900366,0.7336534122248408,84.36749267578125
08_004050_004070_s5,2,59604,24.58929666212535,0.0314982033791078,0.9142556285413428,0.7500376071804643,87.21446990966797
08_004050_004070_s5,3,59031,25.378880451146085,0.02977805453794602,0.90857694429123,0.7442837085694228,86.3809585571289
08_004050_004070_s5,4,60581,25.9662262991573,0.031758862857326875,0.918605525748383,0.7651306222734794,85.1758041381836
