clip_id,frame,n_valid,s_frame,mad_log,moge_mask_fraction,lingbot_conf_fraction,fov_x_deg
scene-0003_CAM_FRONT_fd842039_f56a5440,0,64989,15.104959702153762,0.045215985321177765,0.9365889212827988,0.4277900349328921,66.03022003173828
scene-0003_CAM_FRONT_fd842039_f56a5440,1,64228,15.415657351557153,0.035974265914958226,0.9367071152785439,0.4226223307855961,65.25142669677734
scene-0003_CAM_FRONT_fd842039_f56a5440,2,63586,15.553404873084292,0.031894999145176905,0.9372455545924934,0.41828198460851523,64.70573425292969
scene-0003_CAM_FRONT_fd842039_f56a5440,3,63235,15.751083245798318,0.029560836197256357,0.9356696346492265,0.4160494313555538,63.83724594116211
scene-0003_CAM_FRONT_fd842039_f56a5440,4,63218,16.21325709621535,0.039872718844683464,0.935603971318257,0.41639088067659497,64.14228820800781
scene-0003_CAM_FRONT_f286cdae_21b99feb,0,66181,18.284361590114436,0.019594901719118596,0.9343891996953222,0.4386901478738213,65.33016204833984
scene-0003_CAM_FRONT_f286cdae_21b99feb,1,66574,18.784603689697462,0.01883688410662021,0.9332466577364537,0.44121161978304835,64.40168762207031
scene-0003_CAM_FRONT_f286cdae_21b99feb,2,67813,18.873315299924066,0.01833517030355658,0.9306398234969664,0.447738554881412,65.09542083740234
scene-0003_CAM_FRONT_f286cdae_21b99feb,3,65191,19.033446130087214,0.020352644177100032,0.9275996112730807,0.43101410448349226,65.64642333984375
scene-0003_CAM_FRONT_f286cdae_21b99feb,4,65681,19.383646537162164,0.024128719462896964,0.921545452157697,0.434763480681848,65.47333526611328
scene-0003_CAM_FRONT_cd908fdc_6180726f,0,69226,17.29383612685692,0.021658035241916673,0.9212893651669162,0.46033278176135317,66.24539947509766
scene-0003_CAM_FRONT_cd908fdc_6180726f,1,68798,17.180761800883094,0.0203508175349032,0.9191093425787303,0.45614346124550204,67.2473373413086
scene-0003_CAM_FRONT_cd908fdc_6180726f,2,69384,17.2916262448489,0.017570041245360102,0.9135148267801328,0.4594791584587503,66.99028778076172
scene-0003_CAM_FRONT_cd908fdc_6180726f,3,66964,17.81030832538168,0.016054969568382482,0.9079465763139233,0.43970792950384785,65.65523529052734
scene-0003_CAM_FRONT_cd908fdc_6180726f,4,67112,18.909202460562412,0.013336966730711941,0.9047487720957109,0.4406797468021958,63.91184616088867
scene-0003_CAM_FRONT_1ac0914c_e617edf7,0,62477,16.631810316885296,0.009544003568509485,0.8994694402857668,0.41024479289785415,65.1769027709961
scene-0003_CAM_FRONT_1ac0914c_e617edf7,1,61509,17.749197381587727,0.014245200531450397,0.8978081580122397,0.403888582460011,63.433589935302734
scene-0003_CAM_FRONT_1ac0914c_e617edf7,2,55703,17.61300374717195,0.0175648331551006,0.8965474220576262,0.36576445249914635,63.853939056396484
scene-0003_CAM_FRONT_1ac0914c_e617edf7,3,63160,17.80145587615838,0.013863461198703408,0.8958842224148347,0.4147295984030678,64.57262420654297
scene-0003_CAM_FRONT_1ac0914c_e617edf7,4,63948,17.32552131204044,0.015462221257529496,0.891760565229953,0.4199038688834607,65.81184387207031
scene-0003_CAM_FRONT_7c0aa537_5e4e25f8,0,61465,18.4498694221765,0.019883279519929964,0.8917933968954377,0.40359966380374546,64.08140563964844
scene-0003_CAM_FRONT_7c0aa537_5e4e25f8,1,63291,18.269751925898753,0.0189378181093538,0.8863564730911669,0.4155897880387676,64.58870697021484
scene-0003_CAM_FRONT_7c0aa537_5e4e25f8,2,61354,17.230501630892256,0.030054525836445745,0.8830470412103065,0.40463057809996583,67.36318969726562
scene-0003_CAM_FRONT_7c0aa537_5e4e25f8,3,63010,18.068587967943202,0.027448335379653965,0.8832571638694088,0.4152352060515326,66.9384994506836
scene-0003_CAM_FRONT_7c0aa537_5e4e25f8,4,66456,18.15033046028237,0.035887557519562296,0.8889370419982665,0.43719959026081473,66.73954010009766
scene-0003_CAM_FRONT_c1ab33c3_57a79294,0,74382,20.810693981749708,0.04312803150446731,0.8938749244871694,0.4886074120767998,65.41446685791016
scene-0003_CAM_FRONT_c1ab33c3_57a79294,1,68004,20.301334183874527,0.03921855678659525,0.8857786357786358,0.45087069576865496,65.59388732910156
scene-0003_CAM_FRONT_c1ab33c3_57a79294,2,64974,19.719724726856196,0.03026032421599334,0.8764675754471672,0.4266409266409266,66.34416961669922
scene-0003_CAM_FRONT_c1ab33c3_57a79294,3,63313,19.622879590896193,0.02145557455114,0.869408767367951,0.4157539463661913,66.92949676513672
scene-0003_CAM_FRONT_c1ab33c3_57a79294,4,61825,20.093815064003703,0.025514388558044665,0.8595986657211147,0.40596354371864574,65.26761627197266
scene-0003_CAM_FRONT_3be45164_1b5a6659,0,72101,23.682812948736352,0.022868976449438527,0.8577929241194547,0.47571770020749615,67.32171630859375
scene-0003_CAM_FRONT_3be45164_1b5a6659,1,72292,24.114226174406046,0.021075636251003615,0.8618312189740761,0.47720825782050275,65.00141906738281
scene-0003_CAM_FRONT_3be45164_1b5a6659,2,70876,23.28495946621941,0.02018700892450198,0.8643526908833031,0.46708953851810997,67.51917266845703
scene-0003_CAM_FRONT_3be45164_1b5a6659,3,69212,24.61671016208645,0.02688716544315195,0.8667625351298821,0.4579623355133559,66.12344360351562
scene-0003_CAM_FRONT_3be45164_1b5a6659,4,69400,23.04168260125292,0.026590826774917975,0.8668807291256271,0.4568985895516508,70.99359893798828
scene-0003_CAM_FRONT_b214d0d4_20684b77,0,100074,20.72222094566994,0.025433660804585756,0.8776363827384236,0.6851968586662465,69.49299621582031
scene-0003_CAM_FRONT_b214d0d4_20684b77,1,99797,22.446646634615387,0.03184750461981256,0.8812478659417435,0.6820187534473249,66.12549591064453
scene-0003_CAM_FRONT_b214d0d4_20684b77,2,103560,21.29705084954108,0.041969041904887705,0.8881884800252147,0.7083431828329787,69.38240814208984
scene-0003_CAM_FRONT_b214d0d4_20684b77,3,101731,20.676069196428568,0.039251099581296245,0.8955296404275996,0.6893008168518373,70.38568115234375
scene-0003_CAM_FRONT_b214d0d4_20684b77,4,103446,20.72794525834055,0.03734475787656555,0.9027460405011425,0.7024728810443096,69.92794799804688
scene-0012_CAM_FRONT_88a090c5_20a871df,0,117961,18.720846833193985,0.0407556665656954,0.9633795603183358,0.7811638168781025,71.16226196289062
scene-0012_CAM_FRONT_88a090c5_20a871df,1,122382,19.961620683429622,0.0402897123106718,0.9593609644630052,0.8110078008037191,70.47663116455078
scene-0012_CAM_FRONT_88a090c5_20a871df,2,114603,18.547548415492955,0.035415324264319814,0.9523481207154677,0.7602697449636225,72.14606475830078
scene-0012_CAM_FRONT_88a090c5_20a871df,3,109144,17.681750049550743,0.04442877631988873,0.9448887663173378,0.7244766632521734,74.91959381103516
scene-0012_CAM_FRONT_88a090c5_20a871df,4,107696,17.973537911442005,0.06435564937957716,0.9343891996953222,0.7141478212906784,75.5580062866211
scene-0012_CAM_FRONT_c51b9abd_745713b3,0,112503,19.178954957323107,0.07046155577776991,0.9195295878969348,0.7452262758385207,73.01741027832031
scene-0012_CAM_FRONT_c51b9abd_745713b3,1,109057,21.757131419143747,0.058786100605741964,0.9095224962571902,0.7257111338743992,70.70574188232422
scene-0012_CAM_FRONT_c51b9abd_745713b3,2,109688,21.325502710117764,0.0419742756270538,0.9014393402148504,0.736781971475849,71.71068572998047
scene-0012_CAM_FRONT_c51b9abd_745713b3,3,104933,21.324468696913936,0.04702644590307026,0.8873020250571271,0.7056903842618129,72.23704528808594
scene-0012_CAM_FRONT_c51b9abd_745713b3,4,103666,19.76753726464435,0.050891398118206865,0.8918656265595041,0.6849276390092717,73.38776397705078
scene-0012_CAM_FRONT_d34f2eec_5254163f,0,101240,20.869601117886177,0.042065541378243365,0.9063246920389778,0.6734562550889082,69.02000427246094
scene-0012_CAM_FRONT_d34f2eec_5254163f,1,102691,21.50199859056741,0.04638510999461776,0.8993775116224095,0.6809878391511045,68.84625244140625
scene-0012_CAM_FRONT_d34f2eec_5254163f,2,105648,20.578401401321397,0.037713416664379995,0.8948073437869356,0.7045347096367505,68.12934875488281
scene-0012_CAM_FRONT_d34f2eec_5254163f,3,105344,20.491528532608697,0.029038157836531298,0.8732041078979854,0.703996270322801,67.05595397949219
scene-0012_CAM_FRONT_d34f2eec_5254163f,4,90184,20.29554054264047,0.033053036919657774,0.8601502377012581,0.5970504031728522,70.00563049316406
scene-0012_CAM_FRONT_62697033_a2d86049,0,96938,21.273766521057354,0.05514366543432048,0.8479237254747459,0.6494169096209913,73.96754455566406
scene-0012_CAM_FRONT_62697033_a2d86049,1,99914,21.51081162978617,0.038684945201259646,0.8508063457043049,0.67310823943477,72.8659439086914
scene-0012_CAM_FRONT_62697033_a2d86049,2,92056,20.768132846247298,0.04681923886590256,0.839866834764794,0.6274853570771938,74.19699096679688
scene-0012_CAM_FRONT_62697033_a2d86049,3,82888,19.88120854959631,0.037090933135939474,0.8426969243295774,0.5553344890079583,78.47087860107422
scene-0012_CAM_FRONT_62697033_a2d86049,4,76760,19.742942027162975,0.042449430552840006,0.8412982953799281,0.515503112441888,77.44737243652344
scene-0012_CAM_FRONT_114d8a1f_b76ef036,0,89849,21.88493239429392,0.04082197249151731,0.8467746171827805,0.6093425787303338,76.71598052978516
scene-0012_CAM_FRONT_114d8a1f_b76ef036,1,93458,21.061340465005443,0.043330582038670684,0.8510230346965041,0.6398891602973236,78.27368927001953
scene-0012_CAM_FRONT_114d8a1f_b76ef036,2,101886,23.0887718132115,0.027515521133341547,0.8507735140388202,0.6951842513067003,73.6856918334961
scene-0012_CAM_FRONT_114d8a1f_b76ef036,3,97070,23.387595948430047,0.04539823547841859,0.8438066346229611,0.6520040448611877,73.21471405029297
scene-0012_CAM_FRONT_114d8a1f_b76ef036,4,98572,24.409163385164245,0.04747040878672015,0.8266159745751582,0.6697200115567462,70.5632553100586
scene-0012_CAM_FRONT_5e8e7172_56a8812e,0,90391,23.96969295815955,0.03026713299151984,0.8010138418301683,0.6051138602159011,68.91172790527344
scene-0012_CAM_FRONT_5e8e7172_56a8812e,1,83791,23.135595063455238,0.0368887277648966,0.7658379954298322,0.5556693719959026,69.47637176513672
scene-0012_CAM_FRONT_5e8e7172_56a8812e,2,67867,23.034377311390536,0.0412272755913925,0.7413324403120322,0.4462282982691146,69.44645690917969
scene-0012_CAM_FRONT_5e8e7172_56a8812e,3,57420,23.89217745598099,0.030783701052717216,0.7601449846347805,0.3770388464266015,68.58953094482422
scene-0012_CAM_FRONT_5e8e7172_56a8812e,4,61688,26.685911877320542,0.0373810818898741,0.7736059674835185,0.40549733406876265,66.13579559326172
scene-0012_CAM_FRONT_2e8bed7f_45a4f3c2,0,95514,23.636393578813113,0.060102589084249036,0.7739474168045597,0.6408741102618654,66.1865463256836
scene-0012_CAM_FRONT_2e8bed7f_45a4f3c2,1,98442,23.15062830687831,0.06896370191521806,0.774498988784703,0.6656817167021248,66.6993408203125
scene-0012_CAM_FRONT_2e8bed7f_45a4f3c2,2,97085,24.588277943621527,0.05269202953100116,0.7742297691277283,0.658222362303995,63.71367263793945
scene-0012_CAM_FRONT_2e8bed7f_45a4f3c2,3,97161,24.604411619810826,0.042593619089240864,0.7780448086570536,0.661820712841121,63.98341369628906
scene-0012_CAM_FRONT_2e8bed7f_45a4f3c2,4,92978,25.247550027412277,0.03222878033167764,0.796975546975547,0.6301184566490688,64.69154357910156
scene-0012_CAM_FRONT_ba3778e1_feedde26,0,94760,21.67775211276489,0.02789225445245047,0.8331429096735219,0.62566648280934,67.38458251953125
scene-0012_CAM_FRONT_ba3778e1_feedde26,1,85743,22.704754409272944,0.040794807271517186,0.86388648123342,0.5647177790034933,66.53813171386719
scene-0012_CAM_FRONT_ba3778e1_feedde26,2,69301,20.405559057408844,0.027162586946465783,0.863045990597011,0.45551309326819533,69.33524322509766
scene-0012_CAM_FRONT_ba3778e1_feedde26,3,70640,20.083929400410472,0.02237734573415584,0.8776298164053266,0.4647650566017913,70.33151245117188
scene-0012_CAM_FRONT_ba3778e1_feedde26,4,70487,19.68031656307026,0.019841397758297408,0.8790612770204607,0.4641281222913876,73.42152404785156
scene-0013_CAM_FRONT_b9c60cfa_31815eed,0,73781,18.657517532221387,0.016506767743941886,0.8851023034696504,0.4863682924907415,72.34539794921875
scene-0013_CAM_FRONT_b9c60cfa_31815eed,1,78583,19.23777834340515,0.014968153276447183,0.892351535208678,0.5191277283114017,70.86769104003906
scene-0013_CAM_FRONT_b9c60cfa_31815eed,2,76447,19.701278153875773,0.019618427524606297,0.9064363197016259,0.5077154413889108,70.7635726928711
scene-0013_CAM_FRONT_b9c60cfa_31815eed,3,75776,20.234951790633605,0.03979090860746237,0.9195886848948074,0.5058506027893783,70.057373046875
scene-0013_CAM_FRONT_b9c60cfa_31815eed,4,71516,20.490521630672497,0.03258258835912442,0.910494313555538,0.4792897854122344,71.20980834960938
scene-0013_CAM_FRONT_b2329c1f_e30a3a96,0,70689,21.706582178706245,0.025362290802177334,0.9145917054080319,0.46724713051243666,69.14990234375
scene-0013_CAM_FRONT_b2329c1f_e30a3a96,1,69702,21.12361214803754,0.020414616902477478,0.9164893756730491,0.4635371523126625,69.45354461669922
scene-0013_CAM_FRONT_b2329c1f_e30a3a96,2,71812,19.318345535318862,0.029210405221932634,0.9155963543718646,0.47447666325217347,73.60912322998047
scene-0013_CAM_FRONT_b2329c1f_e30a3a96,3,70790,20.293773985745613,0.03550203822484721,0.9062458960418144,0.46556614923961864,73.0825424194336
scene-0013_CAM_FRONT_b2329c1f_e30a3a96,4,71204,20.236576348244153,0.02973716213516675,0.896921703044152,0.4675754471672839,72.24880981445312
scene-0013_CAM_FRONT_61361625_a32eb5c0,0,74874,18.38691157760814,0.03328543539934348,0.8908347122632837,0.4951474798413574,70.9332275390625
scene-0013_CAM_FRONT_61361625_a32eb5c0,1,75859,18.165308030985173,0.022733827333101253,0.8907756152654112,0.5038741365271977,71.63436889648438
scene-0013_CAM_FRONT_61361625_a32eb5c0,2,77711,17.86979663645038,0.02199503177950124,0.8888188480025214,0.5178604260236913,71.85546112060547
scene-0013_CAM_FRONT_61361625_a32eb5c0,3,84206,18.772920800264544,0.04417256352020438,0.8947088487904814,0.5630367977306753,71.14314270019531
scene-0013_CAM_FRONT_61361625_a32eb5c0,4,79328,17.367289725416335,0.031666806695920036,0.8873479893888058,0.5365810416830825,73.89593505859375
scene-0013_CAM_FRONT_4635c393_6b506fcb,0,83500,17.88077445652174,0.022780113106915634,0.8962256717358759,0.5512633624878522,71.13214874267578
scene-0013_CAM_FRONT_4635c393_6b506fcb,1,89829,17.376942526647284,0.030250215198524888,0.9159640690252935,0.5915084180390303,71.97396087646484
scene-0013_CAM_FRONT_4635c393_6b506fcb,2,75507,17.529380731997282,0.03954993154652753,0.9062261970425236,0.4960011031439603,72.4522476196289
scene-0013_CAM_FRONT_4635c393_6b506fcb,3,83236,18.119093561746993,0.05099459502771286,0.91289759146902,0.5469033173114806,72.34001159667969
scene-0013_CAM_FRONT_4635c393_6b506fcb,4,80836,17.883628656914897,0.05229912435621409,0.9023520605153258,0.5308289338901584,72.44633483886719
scene-0013_CAM_FRONT_da5566fe_9a7dc9c8,0,89660,19.07607513142523,0.033085451309804004,0.8817272082578205,0.6016599690069078,72.5864486694336
scene-0013_CAM_FRONT_da5566fe_9a7dc9c8,1,88267,19.12016803809172,0.049713049618457905,0.8626388779450004,0.593215664644236,72.70339965820312
scene-0013_CAM_FRONT_da5566fe_9a7dc9c8,2,88855,19.687745490824536,0.04300168090721268,0.8520079846610459,0.602480760644026,69.68980407714844
scene-0013_CAM_FRONT_da5566fe_9a7dc9c8,3,85502,19.379106626972938,0.027457154072534795,0.8342526199669057,0.5800698657841515,71.0877685546875
scene-0013_CAM_FRONT_da5566fe_9a7dc9c8,4,87108,21.049091997135104,0.03529259550443675,0.827482730543955,0.5846137682872377,68.5670394897461
scene-0013_CAM_FRONT_7184209f_867689f9,0,79326,21.036059527705053,0.02066597386395075,0.8183423948730071,0.536390618023271,71.1768569946289
scene-0013_CAM_FRONT_7184209f_867689f9,1,88019,20.779990255197234,0.0350371538615728,0.8264715152470254,0.6097759567147322,70.91146087646484
scene-0013_CAM_FRONT_7184209f_867689f9,2,83533,20.905758047462406,0.05481965120274035,0.8174625062380164,0.5767932655687757,69.35989379882812
scene-0013_CAM_FRONT_7184209f_867689f9,3,69200,20.727120535714285,0.04470264984290373,0.8127413127413128,0.46836340713891733,70.27889251708984
scene-0013_CAM_FRONT_7184209f_867689f9,4,62338,19.952635954616586,0.0317809766072088,0.8213826070968928,0.4200483282115935,71.03108215332031
scene-0013_CAM_FRONT_2c1f8867_d82980cf,0,80444,21.489405248072245,0.019698077839719108,0.8295905234680745,0.540245055551178,73.13031768798828
scene-0013_CAM_FRONT_2c1f8867_d82980cf,1,83094,22.74080793175937,0.02537162271595017,0.8365377038846427,0.5548814120242692,72.4783706665039
scene-0013_CAM_FRONT_2c1f8867_d82980cf,2,79328,22.944519108386924,0.019696002792200407,0.8334777926614662,0.5232645181624773,72.36952209472656
scene-0013_CAM_FRONT_2c1f8867_d82980cf,3,71108,23.20243290686057,0.013927569706001064,0.8361174585664382,0.46772647282851365,73.022216796875
scene-0013_CAM_FRONT_2c1f8867_d82980cf,4,72662,24.589226973684212,0.01575173855704115,0.8299122737898248,0.4853702098600058,71.64840698242188
scene-0013_CAM_FRONT_1f0a495a_51f7ea7d,0,74967,20.30851007879437,0.014362985782938154,0.8383434454863026,0.5036114832033199,71.16243743896484
scene-0013_CAM_FRONT_1f0a495a_51f7ea7d,1,77387,21.022455845933266,0.02575678047425134,0.8452446615711922,0.5125285635489717,68.90426635742188
scene-0013_CAM_FRONT_1f0a495a_51f7ea7d,2,76676,21.916194887273218,0.022414830386992657,0.8490137367688388,0.5041367898510756,67.88611602783203
scene-0013_CAM_FRONT_1f0a495a_51f7ea7d,3,71623,21.44680700569509,0.021979589854520754,0.8443253749376198,0.47077981771859323,69.6431884765625
scene-0013_CAM_FRONT_1f0a495a_51f7ea7d,4,68950,21.325595838133644,0.020938425773654235,0.8353229322617077,0.4528931263625141,71.14942169189453
scene-0014_CAM_FRONT_43cfc03b_3fa89fab,0,66789,10.161000529133466,0.020444074239031274,0.8521918419877603,0.44260368239960074,64.3154525756836
scene-0014_CAM_FRONT_43cfc03b_3fa89fab,1,65581,10.079509261386846,0.020426231619822044,0.8520473826596275,0.43457305702203664,64.60010528564453
scene-0014_CAM_FRONT_43cfc03b_3fa89fab,2,64927,10.216827839176828,0.019518950070978924,0.8521196123236939,0.4302721088435374,64.13300323486328
scene-0014_CAM_FRONT_43cfc03b_3fa89fab,3,64917,10.05418730945122,0.018862448903668394,0.8515483413442597,0.4302918078428283,65.1775894165039
scene-0014_CAM_FRONT_43cfc03b_3fa89fab,4,65084,9.999406775902271,0.020503311227829224,0.8506093557113965,0.431526278465054,64.76244354248047
scene-0014_CAM_FRONT_96237b21_2da9ed79,0,67819,11.52256858327822,0.03712649486616648,0.8479828224726184,0.4489992908360255,64.86487579345703
scene-0014_CAM_FRONT_96237b21_2da9ed79,1,64086,11.97910371607294,0.047222185991028454,0.8418301683607806,0.42419825072886297,64.42310333251953
scene-0014_CAM_FRONT_96237b21_2da9ed79,2,60431,11.60178641219385,0.05681159046744089,0.8343839466288446,0.39825466866283193,65.08440399169922
scene-0014_CAM_FRONT_96237b21_2da9ed79,3,57168,11.119146751489962,0.03653429403350006,0.8266553725737399,0.375659916476243,66.1727523803711
scene-0014_CAM_FRONT_96237b21_2da9ed79,4,52026,11.151217167624752,0.03324364308781269,0.8193667428361306,0.3417973366952959,66.31233215332031
scene-0014_CAM_FRONT_d703cae6_6a53a53e,0,64445,16.28337495417888,0.03303222196904887,0.8137459617051453,0.44859874451711185,66.68931579589844
scene-0014_CAM_FRONT_d703cae6_6a53a53e,1,62811,16.65996591547976,0.034586251718549565,0.8155779686391931,0.4424132587397894,65.60205841064453
scene-0014_CAM_FRONT_d703cae6_6a53a53e,2,61596,16.615150290313444,0.03447082487873865,0.8209426627793974,0.4362606046279516,66.92327880859375
scene-0014_CAM_FRONT_d703cae6_6a53a53e,3,60736,15.600713576371092,0.034254006939868686,0.8202466314711213,0.4292149292149292,69.0210952758789
scene-0014_CAM_FRONT_d703cae6_6a53a53e,4,57692,14.991478632274116,0.023263702139160625,0.8226958737162818,0.40554329840044123,70.3925552368164
scene-0014_CAM_FRONT_65e61ba2_907c55da,0,76485,19.855667935552407,0.02308158291297735,0.8277716492002206,0.5383079872875791,67.87261962890625
scene-0014_CAM_FRONT_65e61ba2_907c55da,1,72138,19.461934459373406,0.013035125417137694,0.832407480366664,0.48874530507183567,70.69359588623047
scene-0014_CAM_FRONT_65e61ba2_907c55da,2,73612,18.703184503808238,0.01631590381761283,0.8386060988101804,0.5024295432458697,71.42523956298828
scene-0014_CAM_FRONT_65e61ba2_907c55da,3,74306,19.565179371311125,0.012810714314278382,0.8476545058177711,0.5162516744149397,70.44235229492188
scene-0014_CAM_FRONT_65e61ba2_907c55da,4,71715,20.479570492511527,0.016498931872970246,0.8630262915977202,0.5044585401728259,69.24861145019531
scene-0014_CAM_FRONT_23e22334_ce60545b,0,74970,22.687005154472594,0.021236037894381665,0.8775116224095816,0.5167047513986289,68.75623321533203
scene-0014_CAM_FRONT_23e22334_ce60545b,1,75064,24.188518177379258,0.02504170392002969,0.9003427625876606,0.5158773934284139,67.99683380126953
scene-0014_CAM_FRONT_23e22334_ce60545b,2,81129,24.911317875364425,0.028636656122535964,0.9164762430068553,0.5387150999395898,68.54683685302734
scene-0014_CAM_FRONT_23e22334_ce60545b,3,84868,27.35626741876186,0.036081536557488914,0.9584876421611116,0.565479473642739,65.62779998779297
scene-0014_CAM_FRONT_23e22334_ce60545b,4,87837,25.339572318731115,0.03823900491815824,0.9643645102828776,0.5842985842985843,65.36360931396484
scene-0014_CAM_FRONT_e8953eb6_303119a4,0,114058,23.69206102898967,0.03655460788789289,0.9765516245108082,0.7554500564704646,65.96858978271484
scene-0014_CAM_FRONT_e8953eb6_303119a4,1,123465,23.201969753547427,0.041303987483767735,0.9822643343051506,0.8195309011635542,67.60204315185547
scene-0014_CAM_FRONT_e8953eb6_303119a4,2,124511,21.4313518170426,0.04205701029358222,0.9842473669004281,0.8218553830798728,72.21082305908203
scene-0014_CAM_FRONT_e8953eb6_303119a4,3,124102,21.70463314482696,0.04223700649612905,0.9894479027132088,0.8202334988049274,72.4942626953125
scene-0014_CAM_FRONT_e8953eb6_303119a4,4,123606,22.241809238413712,0.04418003596611575,0.9918511806266909,0.8168978015916791,70.58104705810547
scene-0014_CAM_FRONT_2c0c09db_1c6d9929,0,120807,20.731772122524745,0.056590988973066025,0.9917264202978489,0.80105323982875,72.11038208007812
scene-0014_CAM_FRONT_2c0c09db_1c6d9929,1,125528,20.067001370366185,0.050134095447536,0.9933286055735036,0.8383631444855935,73.54212951660156
scene-0014_CAM_FRONT_2c0c09db_1c6d9929,2,126722,19.983033083625877,0.05027362838904681,0.9965855067895885,0.8478514958106795,73.7146987915039
scene-0014_CAM_FRONT_2c0c09db_1c6d9929,3,123929,19.24201968491201,0.05488511754701619,0.9975310587555486,0.8318296430541329,72.53982543945312
scene-0014_CAM_FRONT_2c0c09db_1c6d9929,4,124960,18.733221611368315,0.06657413249461475,0.9989559530375857,0.825808315604234,71.94243621826172
scene-0014_CAM_FRONT_5a42a9de_d0501e05,0,117896,17.745194071564228,0.04268942080226901,0.9953838678328474,0.7799293462558768,72.32331085205078
scene-0014_CAM_FRONT_5a42a9de_d0501e05,1,108283,18.937296209828887,0.07144617993484337,0.9859086491739553,0.7259803535313739,71.09322357177734
scene-0014_CAM_FRONT_5a42a9de_d0501e05,2,102059,19.888946785878566,0.05012777128849377,0.9580148661781315,0.6870157329341002,69.74666595458984
scene-0014_CAM_FRONT_5a42a9de_d0501e05,3,97784,21.03991941159909,0.06657836225586755,0.9548039292937253,0.6561474010453602,68.85784149169922
scene-0014_CAM_FRONT_5a42a9de_d0501e05,4,83289,20.625887287196832,0.03573603816527493,0.9403842618128332,0.5561749796443674,69.44863891601562
scene-0015_CAM_FRONT_234b0f37_f405bf53,0,79659,22.21916931497175,0.036448269257713495,0.9377905602395399,0.5266199143750164,71.00514221191406
scene-0015_CAM_FRONT_234b0f37_f405bf53,1,85585,21.815983654750703,0.0319226410517075,0.9454863026291598,0.5686444461954666,71.81562042236328
scene-0015_CAM_FRONT_234b0f37_f405bf53,2,89101,21.762501519941633,0.04590486424811768,0.9485068158537546,0.5928151183253224,70.91014862060547
scene-0015_CAM_FRONT_234b0f37_f405bf53,3,96964,21.392027935372468,0.040577578780923496,0.9521970950542379,0.6434546791689649,71.1740951538086
scene-0015_CAM_FRONT_234b0f37_f405bf53,4,88831,22.16326192579505,0.040200683654977976,0.9435558006986579,0.5899390644288603,69.6926040649414
scene-0015_CAM_FRONT_061805d6_dca60e24,0,94992,22.846921667588497,0.03638027408483602,0.9356696346492265,0.6366650907467234,72.68524932861328
scene-0015_CAM_FRONT_061805d6_dca60e24,1,99754,23.538073048857875,0.08078603067212109,0.9331481627399995,0.663501694113939,72.34004211425781
scene-0015_CAM_FRONT_061805d6_dca60e24,2,105398,22.602356563742546,0.04505407548110818,0.9360701809681401,0.7042457909804849,73.22201538085938
scene-0015_CAM_FRONT_061805d6_dca60e24,3,109709,24.88570523648649,0.05673086992969578,0.9362737372941454,0.7337286265857694,70.26008605957031
scene-0015_CAM_FRONT_061805d6_dca60e24,4,103926,23.502128269361407,0.0512816163772174,0.9373834475875292,0.6901019094896645,71.99877166748047
scene-0015_CAM_FRONT_e18b1aef_c99f5e4f,0,98434,21.00439479334407,0.04062876587685915,0.9320647177790035,0.651721692538019,72.44145202636719
scene-0015_CAM_FRONT_e18b1aef_c99f5e4f,1,104757,22.081627822503815,0.04795693733735895,0.9271793659548762,0.6942058676752554,69.7543716430664
scene-0015_CAM_FRONT_e18b1aef_c99f5e4f,2,103112,21.801459567943766,0.05705890984388651,0.9213550284978856,0.684277572032674,69.63581848144531
scene-0015_CAM_FRONT_e18b1aef_c99f5e4f,3,101835,21.193799033572926,0.06129547878648989,0.9201533895411447,0.6762863446536916,71.26861572265625
scene-0015_CAM_FRONT_e18b1aef_c99f5e4f,4,98889,21.327683179982053,0.04221854760620358,0.9247104247104247,0.6590694192735009,69.76220703125
scene-0015_CAM_FRONT_54f30ff0_07ccc904,0,94702,16.716938977869845,0.030489878397411463,0.9311454311454311,0.6362514117616158,68.22927856445312
scene-0015_CAM_FRONT_54f30ff0_07ccc904,1,100961,16.61704437685048,0.02975950064041699,0.9382042392246474,0.6778622645969584,69.917724609375
scene-0015_CAM_FRONT_54f30ff0_07ccc904,2,102007,16.94904224537037,0.02910524814064175,0.9380729125627085,0.6735481837522654,70.1333999633789
scene-0015_CAM_FRONT_54f30ff0_07ccc904,3,102899,17.112945312500003,0.031840833081642206,0.9376986315761826,0.6805478948336091,71.1320571899414
scene-0015_CAM_FRONT_54f30ff0_07ccc904,4,99993,17.229610343021132,0.05985382481999624,0.9368450082735797,0.6618798098389935,71.87393188476562
scene-0015_CAM_FRONT_985f2f38_2c63d07c,0,103670,17.419812644304766,0.08333910570853975,0.9386507498752397,0.6851574606676647,70.09687042236328
scene-0015_CAM_FRONT_985f2f38_2c63d07c,1,105319,17.047073314009324,0.09591194720539153,0.9417106610984162,0.6941270716780921,71.74332427978516
scene-0015_CAM_FRONT_985f2f38_2c63d07c,2,106686,17.418535260060743,0.06279399848989131,0.9400887768234707,0.7032017440180706,70.85881805419922
scene-0015_CAM_FRONT_985f2f38_2c63d07c,3,105353,17.721486121460508,0.04641039795520552,0.9382633362225199,0.6931683870459381,69.65442657470703
scene-0015_CAM_FRONT_985f2f38_2c63d07c,4,99348,17.360079150028525,0.038702470407123046,0.93716675859533,0.6528248364983059,71.06371307373047
scene-0015_CAM_FRONT_d6b547f2_c9b7e76f,0,98422,17.594857742537318,0.0772530862073384,0.9349670370078533,0.6531465868200562,70.27586364746094
scene-0015_CAM_FRONT_d6b547f2_c9b7e76f,1,96732,17.52157721412556,0.05751567006441349,0.9273829222808815,0.6437173324928427,69.83778381347656
scene-0015_CAM_FRONT_d6b547f2_c9b7e76f,2,95430,17.400570014189885,0.05521038850924764,0.9167126309983453,0.6417408662306622,70.88457489013672
scene-0015_CAM_FRONT_d6b547f2_c9b7e76f,3,90917,17.695147088762212,0.03447691037502665,0.9104417828907625,0.6038990885929661,69.33206176757812
scene-0015_CAM_FRONT_d6b547f2_c9b7e76f,4,94828,18.96482736472316,0.041507514606753615,0.9131996427914795,0.63359861319045,67.61257934570312
scene-0015_CAM_FRONT_9a59cb6d_948b555d,0,95800,18.547435220195734,0.014238071136085884,0.9132127754576734,0.6438223938223938,64.47402954101562
scene-0015_CAM_FRONT_9a59cb6d_948b555d,1,92439,18.886245519713267,0.03949373235897191,0.9055235994011505,0.6276363827384236,65.44583129882812
scene-0015_CAM_FRONT_9a59cb6d_948b555d,2,95876,19.14714292146974,0.030279545460378143,0.9015772332098863,0.6572768103380349,65.14069366455078
scene-0015_CAM_FRONT_9a59cb6d_948b555d,3,104310,19.67731088187702,0.03278398777672442,0.9120374018333202,0.7035694586714994,64.1015625
scene-0015_CAM_FRONT_9a59cb6d_948b555d,4,110783,19.260653782894735,0.052914419174780125,0.9206589971896094,0.7450030205132246,65.23114013671875
scene-0015_CAM_FRONT_42605be9_8a96bc21,0,99490,16.09080326527431,0.054810927346816474,0.9252357313581804,0.6668505239933812,69.20073699951172
scene-0015_CAM_FRONT_42605be9_8a96bc21,1,83759,16.77384931245226,0.09153356420001435,0.9024965198434586,0.5688217371890841,67.85249328613281
scene-0015_CAM_FRONT_42605be9_8a96bc21,2,79633,16.34904561065821,0.025758354851999954,0.8776889134031991,0.5326346754918183,67.55219268798828
scene-0015_CAM_FRONT_42605be9_8a96bc21,3,70590,16.56895095885348,0.025334669450778113,0.8720746986053108,0.46897407611693326,68.327880859375
scene-0015_CAM_FRONT_42605be9_8a96bc21,4,69691,16.93437768010291,0.03976540324219302,0.8751214771622935,0.4583891471646574,67.58219146728516
scene-0016_CAM_FRONT_fbd3aa20_581b3ac0,0,92056,17.60256313270247,0.04069449790166235,0.9253867570194101,0.6044703595724004,74.11714935302734
scene-0016_CAM_FRONT_fbd3aa20_581b3ac0,1,97503,17.700481298971596,0.04663506457986344,0.928886612560082,0.6406639876027631,75.27569580078125
scene-0016_CAM_FRONT_fbd3aa20_581b3ac0,2,101510,17.50380859375,0.041045819004607687,0.9283744385785202,0.6665484726709217,74.80342864990234
scene-0016_CAM_FRONT_fbd3aa20_581b3ac0,3,101601,17.879927916890438,0.03419341513460861,0.9270086412943556,0.6671460089827437,76.69190979003906
scene-0016_CAM_FRONT_fbd3aa20_581b3ac0,4,102685,20.601192575441615,0.04024405936453945,0.948697239513566,0.6750650066976598,70.13837432861328
scene-0016_CAM_FRONT_9234bbf8_30b94629,0,111597,16.294729790805782,0.023078760478137728,0.9843392955637854,0.7390342237281012,68.14063262939453
scene-0016_CAM_FRONT_9234bbf8_30b94629,1,121375,15.851046205519248,0.033891796398473506,0.9880230084311717,0.8018805977989651,71.78248596191406
scene-0016_CAM_FRONT_9234bbf8_30b94629,2,116208,15.424077707095096,0.05072924582286742,0.9906758070023376,0.7703490662674336,72.17941284179688
scene-0016_CAM_FRONT_9234bbf8_30b94629,3,114004,15.372478521905148,0.042870313681530714,0.9884498200824732,0.7600005253066477,73.20508575439453
scene-0016_CAM_FRONT_9234bbf8_30b94629,4,111664,16.016326023211946,0.03568992503468715,0.982106742310824,0.7405576130065926,72.35702514648438
scene-0016_CAM_FRONT_7ac3bb7f_1fe2834e,0,117064,18.48003827297882,0.030058700909951108,0.9772476558190843,0.7717870932156646,71.39454650878906
scene-0016_CAM_FRONT_7ac3bb7f_1fe2834e,1,117335,18.632124165655345,0.03249210390653934,0.9752383578914191,0.7714128122291387,70.8505859375
scene-0016_CAM_FRONT_7ac3bb7f_1fe2834e,2,112822,19.536579683131404,0.021525804597051668,0.9788892390933207,0.7412602106479658,69.03658294677734
scene-0016_CAM_FRONT_7ac3bb7f_1fe2834e,3,106841,20.181053911130032,0.013694055202787325,0.9837286265857694,0.7016258240748037,67.65655517578125
scene-0016_CAM_FRONT_7ac3bb7f_1fe2834e,4,93110,20.118920396090537,0.019600224435339708,0.9783573661124682,0.6113978409896778,68.88153839111328
scene-0016_CAM_FRONT_4d53a5c4_48de6a86,0,101164,25.64577665941241,0.020156709291717867,0.9828487379507788,0.6645785727418381,69.37591552734375
scene-0016_CAM_FRONT_4d53a5c4_48de6a86,1,96130,25.00367450148319,0.024937180027148287,0.9834791059280855,0.6313135292727129,69.58448028564453
scene-0016_CAM_FRONT_4d53a5c4_48de6a86,2,97486,25.100779123185113,0.01901236606356327,0.9829800646127177,0.6404932629422425,69.52667236328125
scene-0016_CAM_FRONT_4d53a5c4_48de6a86,3,94657,25.1036101920594,0.013603783435493177,0.9834068762640191,0.6220221679405353,68.91315460205078
scene-0016_CAM_FRONT_4d53a5c4_48de6a86,4,87857,25.47995757522742,0.014763699681522802,0.9826583142909674,0.578211593517716,68.3262710571289
scene-0016_CAM_FRONT_381fe530_49ae81f8,0,100595,24.41802121489622,0.02237360039152847,0.9844706222257242,0.664105796758858,70.27035522460938
scene-0016_CAM_FRONT_381fe530_49ae81f8,1,109384,25.367573483427144,0.02130435327560476,0.9857970215113072,0.7239907546029996,68.35298156738281
scene-0016_CAM_FRONT_381fe530_49ae81f8,2,111879,24.79316827468786,0.021830189227940444,0.9871628187954719,0.7369461298032727,69.33296966552734
scene-0016_CAM_FRONT_381fe530_49ae81f8,3,111831,23.597399919757493,0.024133836678566833,0.9860005778373125,0.7349893625403829,71.101806640625
scene-0016_CAM_FRONT_381fe530_49ae81f8,4,114133,24.015497596153846,0.032282384625402116,0.9871168544637933,0.7495469230163108,69.26719665527344
scene-0016_CAM_FRONT_52c853ea_856952a1,0,111086,21.128375818380214,0.03821314477074256,0.9883907230846006,0.7294276784072703,70.9382553100586
scene-0016_CAM_FRONT_52c853ea_856952a1,1,117154,21.330414622930718,0.05942743526559813,0.9877931867727786,0.7692721876395345,70.9754867553711
scene-0016_CAM_FRONT_52c853ea_856952a1,2,117793,21.936177650778216,0.07147974300171622,0.9875961967798702,0.7735665694849369,70.99999237060547
scene-0016_CAM_FRONT_52c853ea_856952a1,3,114308,22.120434592052536,0.06885388524140512,0.9877012581094213,0.7508864549680876,70.01427459716797
scene-0016_CAM_FRONT_52c853ea_856952a1,4,115586,21.517983564121757,0.0783658372871403,0.9884235547500854,0.7594489533265043,71.20528411865234
scene-0016_CAM_FRONT_921505c4_a78c3609,0,115186,18.187040625,0.024150185853819783,0.9901701993538728,0.757570982060778,71.41325378417969
scene-0016_CAM_FRONT_921505c4_a78c3609,1,114248,18.29530501198083,0.026441344618753915,0.993880177553647,0.7510309142962204,69.01333618164062
scene-0016_CAM_FRONT_921505c4_a78c3609,2,111240,17.77292445803753,0.022002839120800255,0.9958238121503428,0.7317915583221706,70.71285247802734
scene-0016_CAM_FRONT_921505c4_a78c3609,3,107770,17.856563347927967,0.03838534044584496,0.9986145037165446,0.7081396265069735,70.36190795898438
scene-0016_CAM_FRONT_921505c4_a78c3609,4,105269,18.09245676234148,0.02625575672885727,0.9998358416725763,0.6921440390828146,69.96517181396484
scene-0016_CAM_FRONT_ebbbaf52_9cdae13a,0,113281,19.683394209956703,0.019149113120589423,0.9998489743387703,0.7440706012134584,67.741455078125
scene-0016_CAM_FRONT_ebbbaf52_9cdae13a,1,115294,19.44313577352558,0.022767981969473494,0.997005752107793,0.7583392430331206,69.03775787353516
scene-0016_CAM_FRONT_ebbbaf52_9cdae13a,2,113716,19.759230882517954,0.029372519286053445,0.9920153389541144,0.7504202453182045,68.45035552978516
scene-0016_CAM_FRONT_ebbbaf52_9cdae13a,3,108847,19.8877901001756,0.035274306170926195,0.9863026291597721,0.7237674992777033,67.68850708007812
scene-0016_CAM_FRONT_ebbbaf52_9cdae13a,4,102377,19.665594399782403,0.021134879998798706,0.9786594174349277,0.6840214850418932,67.8310317993164
scene-0017_CAM_FRONT_134c7f63_4b4c3bc5,0,108158,27.477814684748832,0.030521344314722754,0.9041446694507919,0.7448848265174796,68.92228698730469
scene-0017_CAM_FRONT_134c7f63_4b4c3bc5,1,115025,28.29033604452055,0.026497787166486653,0.8924434638720353,0.7704672602631786,67.47399139404297
scene-0017_CAM_FRONT_134c7f63_4b4c3bc5,2,113299,30.13629565491183,0.034499783134222195,0.9001589052609461,0.7538019068631313,65.32228088378906
scene-0017_CAM_FRONT_134c7f63_4b4c3bc5,3,112105,30.13706496868978,0.04627294897969225,0.9246710267118431,0.7500393979985817,65.17487335205078
scene-0017_CAM_FRONT_134c7f63_4b4c3bc5,4,124684,31.314878636671178,0.06086352937852446,0.9495180311506842,0.8415018517059334,63.51604461669922
scene-0017_CAM_FRONT_0966ed2d_3adeaa8b,0,125657,21.813665061773264,0.05743062457949355,0.9765778898431959,0.8344233446274263,65.43562316894531
scene-0017_CAM_FRONT_0966ed2d_3adeaa8b,1,124319,21.19706318244784,0.020531431367602604,0.9667480891970688,0.8280080371917107,67.10343933105469
scene-0017_CAM_FRONT_0966ed2d_3adeaa8b,2,118668,21.75983040924447,0.017139601363886925,0.944612980327266,0.7942373860741208,64.53849792480469
scene-0017_CAM_FRONT_0966ed2d_3adeaa8b,3,110105,21.375753837719298,0.026891119542097996,0.9131799437921887,0.7418446142935939,65.56748962402344
scene-0017_CAM_FRONT_0966ed2d_3adeaa8b,4,95160,21.756103039717345,0.032888076714642445,0.8722257242665405,0.6511635542247787,65.79952239990234
scene-0017_CAM_FRONT_6413a3e2_ef661945,0,89685,25.26723600898693,0.024418918966174985,0.8072190266067817,0.5907532897328815,67.88201904296875
scene-0017_CAM_FRONT_6413a3e2_ef661945,1,89752,24.329362532459868,0.025422610317610728,0.7913875975100465,0.5918761326924592,68.58419799804688
scene-0017_CAM_FRONT_6413a3e2_ef661945,2,90987,24.31601444486405,0.022357846140225845,0.8046450240327792,0.6003598350537126,68.918701171875
scene-0017_CAM_FRONT_6413a3e2_ef661945,3,93042,22.557545854880416,0.032120220024822954,0.8138510230346965,0.6139061802327108,70.40620422363281
scene-0017_CAM_FRONT_6413a3e2_ef661945,4,94764,23.022223395270267,0.032496421818323684,0.8183095632075224,0.6258569064691514,68.51285552978516
scene-0017_CAM_FRONT_f274b48b_b4bff2b0,0,101175,22.4885748178681,0.014588688857111176,0.8238646810075382,0.667953667953668,65.12016296386719
scene-0017_CAM_FRONT_f274b48b_b4bff2b0,1,100382,23.32052789438226,0.02227224817696105,0.821612428755286,0.6655569563732829,65.28964233398438
scene-0017_CAM_FRONT_f274b48b_b4bff2b0,2,100847,23.397512072956577,0.023837661728602022,0.8286121398366296,0.6720379271399679,65.71977996826172
scene-0017_CAM_FRONT_f274b48b_b4bff2b0,3,98861,23.020868506493507,0.026635532913548587,0.8221771334016232,0.6650119507262364,64.2142333984375
scene-0017_CAM_FRONT_f274b48b_b4bff2b0,4,97159,24.527685193048004,0.02511504903566575,0.8275221285425367,0.6656291860373493,63.19932174682617
scene-0017_CAM_FRONT_3425c661_2a271f85,0,88195,19.42532080934759,0.014935571238598566,0.8403593097470649,0.5950148399127991,64.26921844482422
scene-0017_CAM_FRONT_3425c661_2a271f85,1,97273,18.9210808899177,0.01621031792856842,0.8525135923095106,0.6544598534394452,64.8799057006836
scene-0017_CAM_FRONT_3425c661_2a271f85,2,95481,19.839655612244897,0.016485002127735626,0.8472539594988575,0.6388122816694245,64.2874984741211
scene-0017_CAM_FRONT_3425c661_2a271f85,3,91786,19.630137107255877,0.014841496940207755,0.8466826885194232,0.6105507840201718,65.77812957763672
scene-0017_CAM_FRONT_3425c661_2a271f85,4,86789,19.18133070764462,0.01660354423388055,0.8423686076747301,0.5765503112441888,66.90994262695312
scene-0017_CAM_FRONT_9a476217_ce130b56,0,88225,16.50870403199209,0.032307507927862744,0.8331166443411341,0.5911210043863105,67.00374603271484
scene-0017_CAM_FRONT_9a476217_ce130b56,1,84197,17.033605769230764,0.02651439331292682,0.8257820502718461,0.5630105323982875,66.02853393554688
scene-0017_CAM_FRONT_9a476217_ce130b56,2,74768,17.383465525038083,0.02051469481704782,0.8272923068841436,0.49764268641819664,65.49360656738281
scene-0017_CAM_FRONT_9a476217_ce130b56,3,68068,17.482090190458578,0.022783098941704605,0.8385798334777926,0.45157985974312503,66.13861846923828
scene-0017_CAM_FRONT_9a476217_ce130b56,4,69830,18.2975295992714,0.027672415985197985,0.8373716281879547,0.46820581514459064,63.76567840576172
scene-0017_CAM_FRONT_789b705c_65afa213,0,73207,15.156272482014385,0.024773540760694157,0.8403593097470649,0.49763612008509966,64.58592987060547
scene-0017_CAM_FRONT_789b705c_65afa213,1,74630,15.159500709526156,0.021827728809134195,0.8578191894518425,0.5063299451054553,64.45465087890625
scene-0017_CAM_FRONT_789b705c_65afa213,2,77368,14.99538652087242,0.02292111375963768,0.8684763480681849,0.5282811966485436,64.65887451171875
scene-0017_CAM_FRONT_789b705c_65afa213,3,74376,16.015455222096666,0.018003236684108748,0.867609592099388,0.5030993092217582,62.249576568603516
scene-0017_CAM_FRONT_789b705c_65afa213,4,74585,16.215878386639282,0.018398064686406812,0.8753315998213957,0.5012410369553226,62.85248947143555
scene-0017_CAM_FRONT_fe04ede8_d995c004,0,74862,12.941854761736426,0.03792970344843427,0.884189583169175,0.5025411709085178,64.37679290771484
scene-0017_CAM_FRONT_fe04ede8_d995c004,1,72075,13.016843204394943,0.04067302393966177,0.8912286922491004,0.4828815696162635,63.387142181396484
scene-0017_CAM_FRONT_fe04ede8_d995c004,2,70289,13.476754897388059,0.03068811789193937,0.8910514012554829,0.470083786410317,62.4693489074707
scene-0017_CAM_FRONT_fe04ede8_d995c004,3,68699,13.40080004295533,0.04006638249970562,0.8901780789535891,0.46097628240485383,61.92341995239258
scene-0017_CAM_FRONT_fe04ede8_d995c004,4,67847,12.92544190395753,0.03700914396927146,0.8882278780237964,0.45701021721429885,62.98245620727539
scene-0018_CAM_FRONT_f0e47975_248f5231,0,94337,14.008306868224931,0.03008217939835056,0.9088461639482047,0.6464292280618811,65.9104232788086
scene-0018_CAM_FRONT_f0e47975_248f5231,1,96054,14.324669218223905,0.03249122049960418,0.9089183936122711,0.655569563732829,65.26113891601562
scene-0018_CAM_FRONT_f0e47975_248f5231,2,92677,14.711273962710083,0.02584509775392929,0.901491870879626,0.6340516901741392,65.33628845214844
scene-0018_CAM_FRONT_f0e47975_248f5231,3,89663,14.605888291060806,0.03881770369291493,0.9050245580857825,0.6107083760144985,65.80921173095703
scene-0018_CAM_FRONT_f0e47975_248f5231,4,91836,14.49560206372036,0.04322277271078012,0.9180390302839282,0.617255010112153,65.76545715332031
scene-0018_CAM_FRONT_06cc9133_1cc4743f,0,82919,15.368231081495097,0.022471145880792687,0.916994983321514,0.5463517453313371,64.45806884765625
scene-0018_CAM_FRONT_06cc9133_1cc4743f,1,85284,15.287176542481456,0.029599569092078504,0.9212959315000131,0.56283324140467,64.62244415283203
scene-0018_CAM_FRONT_06cc9133_1cc4743f,2,80973,15.61400755937039,0.030450801919204462,0.9215257531584062,0.5333898037979671,64.89076232910156
scene-0018_CAM_FRONT_06cc9133_1cc4743f,3,77694,14.575330789378613,0.032563615159029835,0.9159509363590996,0.512364405221548,66.80024719238281
scene-0018_CAM_FRONT_06cc9133_1cc4743f,4,70677,14.652117260200427,0.02348813281204487,0.9142633887531847,0.46630814487957345,66.36836242675781
scene-0018_CAM_FRONT_72f030bd_b66b4277,0,82939,15.895972457939784,0.031813309035440884,0.9152549050508234,0.5528327160980222,66.35819244384766
scene-0018_CAM_FRONT_72f030bd_b66b4277,1,84782,15.593828812820984,0.028076605246833086,0.9164762430068553,0.5659982139573976,66.7525863647461
scene-0018_CAM_FRONT_72f030bd_b66b4277,2,87268,15.386396702230838,0.026419039232319363,0.9120374018333202,0.5833989966643028,67.48394775390625
scene-0018_CAM_FRONT_72f030bd_b66b4277,3,91914,16.040128605769233,0.03885656999206755,0.9075460299950096,0.6166377748010401,66.94500732421875
scene-0018_CAM_FRONT_72f030bd_b66b4277,4,93160,15.678486462426326,0.020819954381890105,0.90472907309642,0.623256638562761,68.09066009521484
scene-0018_CAM_FRONT_6611e3ee_81f15cce,0,94806,13.919605277860546,0.034204836715888254,0.89812990833399,0.6306831612954062,66.8139877319336
scene-0018_CAM_FRONT_6611e3ee_81f15cce,1,105112,14.993020707701584,0.02934149829230548,0.8991411236309196,0.7021970950542379,66.5520248413086
scene-0018_CAM_FRONT_6611e3ee_81f15cce,2,115053,15.77328187250996,0.027505932288218293,0.9175202899692696,0.7763572610511386,64.84446716308594
scene-0018_CAM_FRONT_6611e3ee_81f15cce,3,114857,15.687328894972627,0.02216433735066614,0.9282628109158721,0.771629501221338,65.98969268798828
scene-0018_CAM_FRONT_6611e3ee_81f15cce,4,107318,15.48578343451067,0.03094214025721609,0.9122343918262286,0.7183831061382082,66.3072509765625
scene-0018_CAM_FRONT_dbffcc96_b1736070,0,109215,16.802927681489265,0.044348928586660286,0.9058256507236099,0.7225724266540593,64.80218505859375
scene-0018_CAM_FRONT_dbffcc96_b1736070,1,108785,16.601065699609737,0.028046057407220992,0.9147492974023587,0.7161636855514406,64.9881362915039
scene-0018_CAM_FRONT_dbffcc96_b1736070,2,105432,15.807200009441084,0.022890965056679313,0.9248089197068788,0.6932012187114228,65.7586669921875
scene-0018_CAM_FRONT_dbffcc96_b1736070,3,100429,15.8650671396308,0.021513678508192857,0.932235442439524,0.6623985501536522,64.62186431884766
scene-0018_CAM_FRONT_dbffcc96_b1736070,4,94460,15.401321741409628,0.03077749009424635,0.93920888818848,0.620380584666299,65.85971069335938
scene-0018_CAM_FRONT_3c23cd7c_bb99cbc0,0,112442,12.83050571080705,0.03302365461894752,0.9577259475218659,0.7385548814120243,66.62982940673828
scene-0018_CAM_FRONT_3c23cd7c_bb99cbc0,1,127642,12.465542631789136,0.030221154895039515,0.9759015575342106,0.8390854411262575,68.45716094970703
scene-0018_CAM_FRONT_3c23cd7c_bb99cbc0,2,145788,12.749853949828214,0.03840727886573436,0.9995600556825046,0.9573451002022431,70.71073913574219
scene-0018_CAM_FRONT_3c23cd7c_bb99cbc0,3,138134,14.174380614487765,0.042537409533632387,1.0,0.9070338560134479,63.13041687011719
scene-0018_CAM_FRONT_3c23cd7c_bb99cbc0,4,124297,13.947954098220395,0.03601615707828909,1.0,0.8161755049510152,62.087215423583984
scene-0018_CAM_FRONT_cf5c4b43_f540699e,0,136154,13.240665124622359,0.04280058107085849,0.9999934336669031,0.894039082814593,60.352420806884766
scene-0018_CAM_FRONT_cf5c4b43_f540699e,1,134913,13.283907806610125,0.04974148113143029,1.0,0.8858836971081869,59.8577880859375
scene-0018_CAM_FRONT_cf5c4b43_f540699e,2,120926,13.087260886372707,0.038893591081830214,1.0,0.7940403960812125,61.46437072753906
scene-0018_CAM_FRONT_cf5c4b43_f540699e,3,119008,12.780237937871778,0.029373428352976738,1.0,0.7814461692012712,63.925540924072266
scene-0018_CAM_FRONT_cf5c4b43_f540699e,4,117386,13.914028455858622,0.03617363105134608,1.0,0.7707955769180259,62.29835510253906
scene-0018_CAM_FRONT_ba22ee94_59e1ec03,0,129636,15.155236173152636,0.025486017033132358,1.0,0.8512331573556063,62.411190032958984
scene-0018_CAM_FRONT_ba22ee94_59e1ec03,1,137939,16.086792069594164,0.0380764492660588,1.0,0.9057534210595435,61.81725311279297
scene-0018_CAM_FRONT_ba22ee94_59e1ec03,2,123114,15.486925627055921,0.04349965113775389,1.0,0.8084075328973288,61.873565673828125
scene-0018_CAM_FRONT_ba22ee94_59e1ec03,3,114887,14.287175334193245,0.026018163893901658,1.0,0.7543863105087595,62.97591018676758
scene-0018_CAM_FRONT_ba22ee94_59e1ec03,4,101197,12.794730938136459,0.04215649766967733,1.0,0.6644932104115777,64.0885238647461
scene-0035_CAM_FRONT_d62b0f9d_020154f4,0,108092,33.74195687269373,0.03748346903204203,0.9664197725422216,0.730891970687889,70.2076644897461
scene-0035_CAM_FRONT_d62b0f9d_020154f4,1,106707,33.31355012525917,0.05051159068941713,0.9581987235048459,0.7151787355868988,69.40299987792969
scene-0035_CAM_FRONT_d62b0f9d_020154f4,2,100241,33.235876535404614,0.04918615034236806,0.9492159798282247,0.6680455966170252,69.07237243652344
scene-0035_CAM_FRONT_d62b0f9d_020154f4,3,93426,32.412872023809534,0.03240554810309404,0.9487694691776325,0.6252331048249415,69.08804321289062
scene-0035_CAM_FRONT_d62b0f9d_020154f4,4,98490,31.28801071113074,0.04822546229961455,0.9559202059202059,0.6601200325690122,69.99091339111328
scene-0035_CAM_FRONT_a3d2c3ca_40ead2f4,0,108691,31.25090338339794,0.025992659428584197,0.9632810653218816,0.725251490557613,71.18511199951172
scene-0035_CAM_FRONT_a3d2c3ca_40ead2f4,1,107886,32.81092844577814,0.04270324440071338,0.9746802195781787,0.7166758595330024,69.82291412353516
scene-0035_CAM_FRONT_a3d2c3ca_40ead2f4,2,106157,34.15217433798998,0.03458042202616207,0.9652443989178683,0.7099191027762456,67.62986755371094
scene-0035_CAM_FRONT_a3d2c3ca_40ead2f4,3,98721,33.130535548327124,0.044724731625751524,0.9782720037822079,0.6534289391432249,68.9132308959961
scene-0035_CAM_FRONT_a3d2c3ca_40ead2f4,4,96087,34.85936619552969,0.04331153362641871,0.9794933417382397,0.6350169411393901,67.37104797363281
scene-0035_CAM_FRONT_cc71e504_57267f4d,0,103145,33.36575664850358,0.03627013608781304,0.9828618706169726,0.6855711396527723,67.67215728759766
scene-0035_CAM_FRONT_cc71e504_57267f4d,1,108527,34.673956245444614,0.051286213709521355,0.9842933312321067,0.720438368397552,67.12120056152344
scene-0035_CAM_FRONT_cc71e504_57267f4d,2,111810,34.304254467698776,0.041643511065330374,0.9897302550363775,0.7398287500328317,67.53460693359375
scene-0035_CAM_FRONT_cc71e504_57267f4d,3,111262,36.62876901662483,0.0465967945152026,0.9930922175820135,0.7359086491739553,64.83023071289062
scene-0035_CAM_FRONT_cc71e504_57267f4d,4,115672,36.86536689521243,0.042812602196335314,0.9946747038583773,0.7653192551151735,65.1820068359375
scene-0035_CAM_FRONT_af571c22_5dda1ef8,0,112162,32.981050531914896,0.06681747716426556,0.9877866204396817,0.7431316155805952,65.04093170166016
scene-0035_CAM_FRONT_af571c22_5dda1ef8,1,118651,32.996777782232186,0.07199295376533099,0.99724870643238,0.783035221810732,64.34117126464844
scene-0035_CAM_FRONT_af571c22_5dda1ef8,2,117950,32.04855308600714,0.061802399574377054,0.9956399548236283,0.7789969269561107,64.6301040649414
scene-0035_CAM_FRONT_af571c22_5dda1ef8,3,119819,33.34401955681141,0.053008019744155366,0.9981811257321461,0.7931802064455126,63.9991340637207
scene-0035_CAM_FRONT_af571c22_5dda1ef8,4,114034,33.24371040448344,0.05470804821698727,0.9963556851311953,0.7544322748404381,63.839111328125
scene-0035_CAM_FRONT_7b86bda4_50a05815,0,107134,37.243759775808144,0.06422186423206067,0.9951015155096787,0.7102474194310929,63.56101989746094
scene-0035_CAM_FRONT_7b86bda4_50a05815,1,105567,36.740198611931476,0.06062948786952971,0.9933286055735036,0.7007722007722008,62.627803802490234
scene-0035_CAM_FRONT_7b86bda4_50a05815,2,101183,36.6220400270626,0.05323650194532714,0.9933811362382791,0.6698579045517821,61.81608963012695
scene-0035_CAM_FRONT_7b86bda4_50a05815,3,95664,35.58750057999258,0.032943890144052634,0.993630656895963,0.6337824705171644,62.18684005737305
scene-0035_CAM_FRONT_7b86bda4_50a05815,4,95194,33.05042436669436,0.01751295281772336,0.9908924959945368,0.6309392482861871,64.7796859741211
scene-0035_CAM_FRONT_25a5a54c_c0e4b101,0,105761,31.14315655048077,0.04931520640122722,0.9864930528195834,0.7032083103511675,67.61814880371094
scene-0035_CAM_FRONT_25a5a54c_c0e4b101,1,109251,32.050328351449274,0.05097702714779295,0.9864470884879049,0.7277335644682583,65.43572235107422
scene-0035_CAM_FRONT_25a5a54c_c0e4b101,2,104526,32.58648771278371,0.035842410739347574,0.9910566543219604,0.6968586662464213,65.6748046875
scene-0035_CAM_FRONT_25a5a54c_c0e4b101,3,94022,32.05912651970374,0.03470770952424407,0.9969072571113388,0.6195663593622778,65.77294921875
scene-0035_CAM_FRONT_25a5a54c_c0e4b101,4,91413,31.772419809010778,0.01591847554448389,0.9971239461035379,0.6025595566411893,65.73416137695312
scene-0035_CAM_FRONT_08078980_82e2c7a4,0,92324,32.99983619847193,0.011520251266742942,0.9945236781971476,0.6150684211908701,67.36084747314453
scene-0035_CAM_FRONT_08078980_82e2c7a4,1,99736,34.26045685442388,0.021487478285971306,0.9817784256559767,0.6686825309274289,66.41022491455078
scene-0035_CAM_FRONT_08078980_82e2c7a4,2,96119,35.43366842830882,0.030529932976444574,0.9674375541722481,0.6403619362803036,66.73774719238281
scene-0035_CAM_FRONT_08078980_82e2c7a4,3,98853,34.77332251366695,0.032159776891661274,0.9648963832637302,0.6614070338560134,67.80589294433594
scene-0035_CAM_FRONT_08078980_82e2c7a4,4,101801,36.4634182085607,0.019122611882846474,0.9672142988469519,0.685131195335277,67.73296356201172
scene-0035_CAM_FRONT_ba5d4c21_2f598ed4,0,99549,29.044695531542054,0.022636792404367334,0.972730018648386,0.6671657079820346,68.14362335205078
scene-0035_CAM_FRONT_ba5d4c21_2f598ed4,1,113704,30.13535409902597,0.0337803617592598,0.9877275234418091,0.762613925879232,68.70735168457031
scene-0035_CAM_FRONT_ba5d4c21_2f598ed4,2,108324,30.534531666389082,0.03745011874065174,0.9853176791952302,0.7251135975625772,68.4565658569336
scene-0035_CAM_FRONT_ba5d4c21_2f598ed4,3,101780,30.625017662019594,0.030909752889152875,0.9904262863446537,0.6768707482993197,68.37522888183594
scene-0035_CAM_FRONT_ba5d4c21_2f598ed4,4,95852,32.04755112492811,0.030059693119821373,0.9898812806976073,0.6476374333517191,66.85333251953125
scene-0036_CAM_FRONT_e1b5c775_856ccc62,0,104761,24.02959230567226,0.05773694812250296,0.9128319281380506,0.6964646862606046,65.42793273925781
scene-0036_CAM_FRONT_e1b5c775_856ccc62,1,108156,23.521203439494354,0.04141649396531877,0.9264964673127939,0.7257964962046595,65.58971405029297
scene-0036_CAM_FRONT_e1b5c775_856ccc62,2,109540,23.917915076335877,0.040673364004533585,0.9332991884012292,0.7396383263730203,64.73772430419922
scene-0036_CAM_FRONT_e1b5c775_856ccc62,3,110845,26.23699003547579,0.0419590395073004,0.9631300396606519,0.7494746933522444,63.311744689941406
scene-0036_CAM_FRONT_e1b5c775_856ccc62,4,109858,25.58985311002396,0.03081462656113687,0.9671814671814671,0.7428689622567174,63.52019500732422
scene-0036_CAM_FRONT_e63b5804_7bd9965f,0,109479,23.84653655772901,0.029381245024513447,0.9536351220024689,0.7494484280198566,65.52387237548828
scene-0036_CAM_FRONT_e63b5804_7bd9965f,1,116867,24.04920834400614,0.04128613175857909,0.9475940955532792,0.8063916686365666,65.37027740478516
scene-0036_CAM_FRONT_e63b5804_7bd9965f,2,125530,23.706763243776567,0.03015697445338117,0.9473117432301106,0.8653573398471358,66.58642578125
scene-0036_CAM_FRONT_e63b5804_7bd9965f,3,127282,23.62313814252336,0.03417095264380188,0.9455913639587109,0.8730399495705619,67.91472625732422
scene-0036_CAM_FRONT_e63b5804_7bd9965f,4,128695,24.652477075022166,0.04626432816182913,0.9474562025582434,0.8611942846636724,66.62226104736328
scene-0036_CAM_FRONT_978a0782_96d66c41,0,129575,23.919679965101523,0.07337658806986358,0.9491240511648675,0.8743926141885325,65.22955322265625
scene-0036_CAM_FRONT_978a0782_96d66c41,1,131091,23.194900795741983,0.04011794468318097,0.948099703201744,0.8860478554356105,65.3399658203125
scene-0036_CAM_FRONT_978a0782_96d66c41,2,126891,23.493346291866033,0.03159024077383421,0.9423869934074016,0.8615488666509075,65.1769027709961
scene-0036_CAM_FRONT_978a0782_96d66c41,3,118170,24.485631421232878,0.023983043367493906,0.9445801486617813,0.7967916896488325,65.7723617553711
scene-0036_CAM_FRONT_978a0782_96d66c41,4,112813,23.87552112528026,0.04452997070410181,0.9445735823286844,0.7506697659758884,67.91190338134766
scene-0036_CAM_FRONT_6f8d7a92_ca08ecf4,0,111492,23.768900240384617,0.05539160762356565,0.9474496362251464,0.7358561185091798,69.10105895996094
scene-0036_CAM_FRONT_6f8d7a92_ca08ecf4,1,122879,24.18555485997546,0.040239796902170166,0.9497544191421743,0.8116053371155412,66.46361541748047
scene-0036_CAM_FRONT_6f8d7a92_ca08ecf4,2,122371,25.566900901765152,0.031512149699655545,0.949064954166995,0.8092545898668347,63.559974670410156
scene-0036_CAM_FRONT_6f8d7a92_ca08ecf4,3,121912,25.00726473147688,0.030806889524693126,0.9514879310797678,0.8062669083077246,65.1776351928711
scene-0036_CAM_FRONT_6f8d7a92_ca08ecf4,4,111698,24.42773107858649,0.02239774052794652,0.9496427914795261,0.7414900323063588,66.11030578613281
scene-0036_CAM_FRONT_f8d77275_07a6e4ff,0,118250,23.72997658639143,0.02815930522260124,0.9431421217135503,0.7838691461140441,68.12300872802734
scene-0036_CAM_FRONT_f8d77275_07a6e4ff,1,121361,22.78149351172076,0.02559506843685666,0.9394912405116487,0.8073437869356237,70.77659606933594
scene-0036_CAM_FRONT_f8d77275_07a6e4ff,2,123604,23.4408631056882,0.026957995554417913,0.9360570483019462,0.8246854726446563,70.1054458618164
scene-0036_CAM_FRONT_f8d77275_07a6e4ff,3,117732,24.354218187949648,0.028108540385566982,0.925997425997426,0.7914269955086282,67.99596405029297
scene-0036_CAM_FRONT_f8d77275_07a6e4ff,4,116580,25.751757812500003,0.02313152880597924,0.9191356079111181,0.7941782890762482,66.0601806640625
scene-0036_CAM_FRONT_139bce92_50082a94,0,110457,24.715946166394776,0.03027417765041518,0.9016034985422741,0.7513592309510677,66.27115631103516
scene-0036_CAM_FRONT_139bce92_50082a94,1,105854,25.265119740959666,0.0229259155359256,0.8877682347070102,0.7173850235074725,65.2495346069336
scene-0036_CAM_FRONT_139bce92_50082a94,2,96557,24.630262985309557,0.031380115409562315,0.879146639350721,0.6458119927507683,67.69291687011719
scene-0036_CAM_FRONT_139bce92_50082a94,3,89776,25.388109824640278,0.027200279514479453,0.8809261156199931,0.5991253644314869,66.68863677978516
scene-0036_CAM_FRONT_139bce92_50082a94,4,92317,24.786952177508265,0.013458567959433232,0.889954823628293,0.6164407848081317,67.27429962158203
scene-0036_CAM_FRONT_53b7ed3f_989191ea,0,90406,24.894039925637404,0.019550902983967777,0.8797704409949307,0.6164867491398104,69.6231689453125
scene-0036_CAM_FRONT_53b7ed3f_989191ea,1,97400,25.367938701923087,0.031211882634136767,0.8939668531505266,0.665537257373992,69.73589324951172
scene-0036_CAM_FRONT_53b7ed3f_989191ea,2,98030,23.917484549094713,0.024720043475163322,0.885023507472487,0.672642029784887,71.39807891845703
scene-0036_CAM_FRONT_53b7ed3f_989191ea,3,91596,24.117912482686975,0.02136173031149835,0.8620413416331784,0.6330470412103065,71.02848052978516
scene-0036_CAM_FRONT_53b7ed3f_989191ea,4,90129,24.71413029991492,0.028610925808782106,0.836971081869041,0.6033343839466289,68.76536560058594
scene-0036_CAM_FRONT_fdd2da37_95b0c6a3,0,82389,27.5294530258566,0.02693318632029218,0.8049799070207233,0.5544808657053555,70.5176010131836
scene-0036_CAM_FRONT_fdd2da37_95b0c6a3,1,77410,27.49578829346825,0.02805719381460081,0.7856683213826071,0.5260617760617761,72.15570831298828
scene-0036_CAM_FRONT_fdd2da37_95b0c6a3,2,81548,27.881281176643196,0.018972207104512417,0.7912365718488168,0.5554461166706065,72.83522033691406
scene-0036_CAM_FRONT_fdd2da37_95b0c6a3,3,77184,28.444611946651538,0.016630262769949944,0.7875725579807212,0.5338428807816563,71.28952026367188
scene-0036_CAM_FRONT_fdd2da37_95b0c6a3,4,73193,30.49978848013361,0.017356311604814323,0.7800803719171067,0.5144262338139889,69.50164794921875
scene-0038_CAM_FRONT_0f39f34f_e15862d8,0,76867,20.002327302631578,0.021982245754364804,0.9064691513671106,0.5113203582591338,73.52376556396484
scene-0038_CAM_FRONT_0f39f34f_e15862d8,1,91215,20.469765624999997,0.03332298844411907,0.9107635332125128,0.6028878732960365,73.27806854248047
scene-0038_CAM_FRONT_0f39f34f_e15862d8,2,87719,21.348315914735107,0.033788281492063366,0.9039936437895622,0.5820135003808473,71.46744537353516
scene-0038_CAM_FRONT_0f39f34f_e15862d8,3,88196,22.544678189013034,0.02532133708637274,0.8916161059018202,0.5917119743650356,68.72952270507812
scene-0038_CAM_FRONT_0f39f34f_e15862d8,4,87418,23.179127528901734,0.02420755317098644,0.8836577101883224,0.6007800803719171,68.08997344970703
scene-0038_CAM_FRONT_86958f43_aa7d1414,0,88442,23.17080882890123,0.030537629330251503,0.880466472303207,0.6145168492107268,67.97684478759766
scene-0038_CAM_FRONT_86958f43_aa7d1414,1,83592,23.500374755261863,0.03772283701205437,0.8625009849499645,0.5990859664329052,68.6115951538086
scene-0038_CAM_FRONT_86958f43_aa7d1414,2,86651,23.59509080700123,0.03254611986296574,0.8868029837417593,0.6143132928847215,67.83191680908203
scene-0038_CAM_FRONT_86958f43_aa7d1414,3,81173,21.50395366690751,0.01622170605120221,0.8904801302760487,0.5584075328973288,71.46784973144531
scene-0038_CAM_FRONT_86958f43_aa7d1414,4,82292,22.226746921468408,0.01473915292337491,0.9001129409292674,0.5477175426155018,70.47954559326172
scene-0038_CAM_FRONT_70b93dd3_d65e5cdd,0,76668,22.941565565307176,0.012642005859278216,0.9327870144196675,0.5089170803456518,68.93367767333984
scene-0038_CAM_FRONT_70b93dd3_d65e5cdd,1,80656,24.056048259493664,0.024517730717859454,0.9248745830378483,0.5382160586242218,69.51324462890625
scene-0038_CAM_FRONT_70b93dd3_d65e5cdd,2,80388,22.58994752428628,0.021594324306978052,0.9355711396527723,0.5391419115908912,71.4405288696289
scene-0038_CAM_FRONT_70b93dd3_d65e5cdd,3,86856,22.311140918135308,0.023209977330928444,0.9600766947705723,0.5814225304021222,72.27175903320312
scene-0038_CAM_FRONT_70b93dd3_d65e5cdd,4,80455,22.385113292171482,0.023965913604904632,0.9453024453024453,0.5380912982953799,70.80072021484375
scene-0038_CAM_FRONT_abe76951_b3537c46,0,72869,30.75896117145312,0.015679434446456142,0.9599847661072151,0.4867491398103643,68.90738677978516
scene-0038_CAM_FRONT_abe76951_b3537c46,1,77186,31.15184761325149,0.01039934937660103,0.9446523783258477,0.5269679300291545,68.97331237792969
scene-0038_CAM_FRONT_abe76951_b3537c46,2,78608,29.782628093274106,0.01724092093683227,0.9495639954823628,0.525227851758464,74.9609146118164
scene-0038_CAM_FRONT_abe76951_b3537c46,3,74325,34.07527430555555,0.01674020111419683,0.9441599033435768,0.49240275260683425,70.27032470703125
scene-0038_CAM_FRONT_abe76951_b3537c46,4,85706,34.917070335655005,0.016554100456027232,0.9759869198644708,0.5780146035248076,69.8157730102539
scene-0038_CAM_FRONT_398ab542_ead06ddf,0,86141,35.432933981233255,0.01117970620319575,0.9934336669030547,0.5729322617077719,70.2479019165039
scene-0038_CAM_FRONT_398ab542_ead06ddf,1,75190,36.375781964122474,0.009965853635086619,0.9784755601082131,0.49714364510282877,70.35760498046875
scene-0038_CAM_FRONT_398ab542_ead06ddf,2,79214,40.302280471183785,0.028114469218358806,0.9841160402384892,0.5272240170199354,68.76917266845703
scene-0038_CAM_FRONT_398ab542_ead06ddf,3,74232,40.72394317927483,0.012227497793962705,0.9912011136500932,0.49738003309431883,68.08041381835938
scene-0038_CAM_FRONT_398ab542_ead06ddf,4,78707,38.73788104256854,0.014807056028942167,0.9949307908491581,0.5190554986473354,69.48070526123047
scene-0038_CAM_FRONT_378dd188_740e48ba,0,87804,26.24030396377672,0.049872198663793776,0.9979316050744622,0.5807790297586216,68.88938903808594
scene-0038_CAM_FRONT_378dd188_740e48ba,1,94141,28.557539583333327,0.035368888796078135,1.0,0.6253053344890079,67.82721710205078
scene-0038_CAM_FRONT_378dd188_740e48ba,2,94280,27.97014720706831,0.02761612498052668,0.9902949596827147,0.6213130039660651,69.57302856445312
scene-0038_CAM_FRONT_378dd188_740e48ba,3,93162,29.13556195175439,0.02344988391332392,0.9517965487353243,0.6119559793029181,68.52589416503906
scene-0038_CAM_FRONT_378dd188_740e48ba,4,90299,29.695531155446293,0.025493953135930614,0.9048669660914559,0.5930055419851338,69.24613189697266
scene-0038_CAM_FRONT_6060fa4c_50d37bba,0,84600,22.231814394929422,0.021023175509562453,0.8560331468494734,0.5685065532004308,69.71709442138672
scene-0038_CAM_FRONT_6060fa4c_50d37bba,1,82455,23.80031105324074,0.023145496501326246,0.8235626296850787,0.558381267564941,67.19730377197266
scene-0038_CAM_FRONT_6060fa4c_50d37bba,2,81399,23.903568774198018,0.016411496366634193,0.8035484464055893,0.5613426837916634,67.1211166381836
scene-0038_CAM_FRONT_6060fa4c_50d37bba,3,78534,24.127842939204044,0.017254225368794396,0.7674467470385837,0.5469492816431591,65.79489135742188
scene-0038_CAM_FRONT_6060fa4c_50d37bba,4,79895,25.04887157487791,0.017504928554997967,0.7362632311611903,0.5595369421900034,64.95674133300781
scene-0038_CAM_FRONT_124b2bf9_57a80885,0,79130,31.21118073110697,0.026851117646624845,0.7209702413784046,0.5482362829301605,63.459712982177734
scene-0038_CAM_FRONT_124b2bf9_57a80885,1,78284,31.040474397590366,0.03418046360944804,0.7342670658997189,0.5387347989388805,62.169647216796875
scene-0038_CAM_FRONT_124b2bf9_57a80885,2,79107,29.785900297619047,0.017382997095297004,0.7364864864864865,0.5331140178078954,63.391780853271484
scene-0038_CAM_FRONT_124b2bf9_57a80885,3,76725,29.823689747513384,0.022191887554105616,0.7369789614687574,0.5149318414624537,66.09211730957031
scene-0038_CAM_FRONT_124b2bf9_57a80885,4,77188,30.250427674912185,0.023919344866420333,0.7564284401019095,0.520066713944265,64.78483581542969
scene-0039_CAM_FRONT_15c59626_7c8ce823,0,100066,30.578271005667894,0.02503548899053243,0.9720733853386915,0.6603695532266961,67.3853759765625
scene-0039_CAM_FRONT_15c59626_7c8ce823,1,100439,31.731703779940123,0.04319130563925544,0.9698014340871484,0.6649528537283639,67.1749267578125
scene-0039_CAM_FRONT_15c59626_7c8ce823,2,98155,32.30375797537742,0.03221104333117353,0.9691776324429385,0.647762193680561,67.8682632446289
scene-0039_CAM_FRONT_15c59626_7c8ce823,3,95982,31.959693488675967,0.041167617135748236,0.9693220917710713,0.6336380111890316,68.86318969726562
scene-0039_CAM_FRONT_15c59626_7c8ce823,4,89001,32.79386491752422,0.03381493369749622,0.9680022588185854,0.5857563102461062,67.56049346923828
scene-0039_CAM_FRONT_d7f3a1ff_17dd14b1,0,112514,35.03437256998445,0.0676273364592146,0.9674703858377328,0.7618653639061802,67.30146026611328
scene-0039_CAM_FRONT_d7f3a1ff_17dd14b1,1,116761,35.03602074795082,0.09867170446685769,0.9609697160717569,0.8008825151682295,65.72401428222656
scene-0039_CAM_FRONT_d7f3a1ff_17dd14b1,2,123470,33.97630484393403,0.04117358072133959,0.9494851994851995,0.8505896567121057,64.85023498535156
scene-0039_CAM_FRONT_d7f3a1ff_17dd14b1,3,120430,34.04970475771521,0.03138043989973838,0.933568408058204,0.827857011530481,68.21086120605469
scene-0039_CAM_FRONT_d7f3a1ff_17dd14b1,4,118674,33.85242028270874,0.0397342748347882,0.9337850970504031,0.8000485908649174,68.12500762939453
scene-0039_CAM_FRONT_9397c89e_3357eff7,0,110085,29.821936531633312,0.03561571433722044,0.9538255456622804,0.7381346360938198,71.77467346191406
scene-0039_CAM_FRONT_9397c89e_3357eff7,1,109343,30.030047562107367,0.03673922572251298,0.9571481102093347,0.7366440784808131,70.36331176757812
scene-0039_CAM_FRONT_9397c89e_3357eff7,2,108446,28.470341514199898,0.03439001110151274,0.957463294197988,0.7312399863420271,72.97174835205078
scene-0039_CAM_FRONT_9397c89e_3357eff7,3,96617,29.60129538143382,0.025022854404519457,0.9428663357234786,0.6559044467207733,70.84469604492188
scene-0039_CAM_FRONT_9397c89e_3357eff7,4,99308,30.13231660017731,0.03718013287241795,0.9230228771045098,0.689924618496047,70.42566680908203
scene-0039_CAM_FRONT_23cd0004_b024c299,0,100785,29.981757909429287,0.03415884765064181,0.907257111338744,0.7023349880492737,70.2193374633789
scene-0039_CAM_FRONT_23cd0004_b024c299,1,99119,30.885176722316142,0.04690235396268827,0.9064231870354319,0.6979683765398051,69.13257598876953
scene-0039_CAM_FRONT_23cd0004_b024c299,2,101233,28.559856988365162,0.048937935262889365,0.926365140650855,0.6979552438736112,70.21731567382812
scene-0039_CAM_FRONT_23cd0004_b024c299,3,105093,29.04749127148558,0.03258423575546088,0.9631497386599427,0.7117117117117117,69.98597717285156
scene-0039_CAM_FRONT_23cd0004_b024c299,4,95985,27.890975708800944,0.06098286106557982,0.9584942084942085,0.6444658944658944,72.97464752197266
scene-0039_CAM_FRONT_edc5f9bd_3c693de8,0,117877,29.787692075276244,0.050240961967273456,0.963123473327555,0.800337509521183,73.2670669555664
scene-0039_CAM_FRONT_edc5f9bd_3c693de8,1,125349,31.235062540743154,0.06071090834707693,0.9457752212854253,0.8523953983137657,70.49871063232422
scene-0039_CAM_FRONT_edc5f9bd_3c693de8,2,123259,30.66498900412684,0.046666692519352626,0.9397079295038478,0.841541249704515,72.7820816040039
scene-0039_CAM_FRONT_edc5f9bd_3c693de8,3,118420,31.65071243830675,0.06778320892125955,0.9264373703149213,0.8200627741444068,69.94039916992188
scene-0039_CAM_FRONT_edc5f9bd_3c693de8,4,112568,32.03125577420547,0.04199793123096285,0.9110590182018753,0.7825296141622672,68.24201202392578
scene-0039_CAM_FRONT_02b68afc_4b247d4d,0,104758,25.535089792060496,0.045414613039232554,0.9100806345704305,0.7106348330838127,70.91868591308594
scene-0039_CAM_FRONT_02b68afc_4b247d4d,1,117743,27.85229782140737,0.03514296659957061,0.9505358127807108,0.7925695374674967,68.00579833984375
scene-0039_CAM_FRONT_02b68afc_4b247d4d,2,111642,25.838328124999993,0.04628996096736038,0.9569051558847477,0.7463294197988075,71.36842346191406
scene-0039_CAM_FRONT_02b68afc_4b247d4d,3,108811,25.923171187742565,0.04138176739244237,0.95892102014551,0.7239513566044178,70.83155822753906
scene-0039_CAM_FRONT_02b68afc_4b247d4d,4,111049,27.47852667208711,0.03952380695602953,0.95374018333202,0.7402883933496178,68.48812866210938
scene-0039_CAM_FRONT_793bebc8_af15c54e,0,93189,27.86407170923379,0.02674940444721452,0.9514682320804769,0.6176686890972605,69.74806213378906
scene-0039_CAM_FRONT_793bebc8_af15c54e,1,101079,28.15771237352445,0.02708766661218931,0.9508247314369763,0.6674743256375909,69.26104736328125
scene-0039_CAM_FRONT_793bebc8_af15c54e,2,104070,27.91612097024178,0.023721945716901338,0.9557560475927823,0.6903120321487668,70.83275604248047
scene-0039_CAM_FRONT_793bebc8_af15c54e,3,98031,29.479522213579806,0.02294188525494878,0.9636619126415045,0.6456937987550232,68.98831176757812
scene-0039_CAM_FRONT_793bebc8_af15c54e,4,97082,28.455850777067216,0.028918007822569036,0.9668071861949413,0.6404472986105639,70.30113983154297
scene-0039_CAM_FRONT_0f96fbf0_c1b68aa9,0,105140,24.061379239195677,0.023866840706672665,0.9720471200063037,0.695814619284007,71.01324462890625
scene-0039_CAM_FRONT_0f96fbf0_c1b68aa9,1,104595,24.81009309357098,0.02950726812850224,0.9780027841252331,0.6975546975546976,70.838134765625
scene-0039_CAM_FRONT_0f96fbf0_c1b68aa9,2,92599,25.657367369186048,0.025060802566557072,0.9676345441651564,0.6188571953878076,69.25785064697266
scene-0039_CAM_FRONT_0f96fbf0_c1b68aa9,3,91378,25.243504289748046,0.027261178608603,0.9625456360150237,0.6120610406324692,70.14278411865234
scene-0039_CAM_FRONT_0f96fbf0_c1b68aa9,4,92802,24.86507625946418,0.022800792525407454,0.9637275759724739,0.6263559477845192,70.43233489990234
scene-0092_CAM_FRONT_8e46878c_774f588f,0,135609,29.14413272317502,0.026358787506579606,0.9290442045544086,0.9011307225592939,77.37146759033203
scene-0092_CAM_FRONT_8e46878c_774f588f,1,136221,28.789553459209316,0.02785204989101553,0.9348422766790113,0.9036784598009088,77.98795318603516
scene-0092_CAM_FRONT_8e46878c_774f588f,2,135016,32.983175092219994,0.01678363737602817,0.930081685183726,0.8968626060462795,73.11331176757812
scene-0092_CAM_FRONT_8e46878c_774f588f,3,135437,32.12554723092255,0.011921587947506751,0.931762666456544,0.8981561736663778,74.15869140625
scene-0092_CAM_FRONT_8e46878c_774f588f,4,137106,34.095553882890364,0.021637144904797623,0.9451054553095369,0.9093255062642818,72.82728576660156
scene-0092_CAM_FRONT_8d966583_1259283e,0,139709,30.177827380952394,0.019772175703068662,0.9606413994169096,0.9233249284269692,75.4854507446289
scene-0092_CAM_FRONT_8d966583_1259283e,1,138670,32.39505222865513,0.01656877941685786,0.9562025582433745,0.9201796548735324,71.55058288574219
scene-0092_CAM_FRONT_8d966583_1259283e,2,142304,33.85604052312041,0.01612389299477668,0.983301814934468,0.9479683765398051,71.57451629638672
scene-0092_CAM_FRONT_8d966583_1259283e,3,141254,32.75819395086527,0.012371899330203107,0.9786528511018306,0.93645759462086,73.54216003417969
scene-0092_CAM_FRONT_8d966583_1259283e,4,139756,34.55865937223697,0.01871323827732474,0.9723885693273449,0.9293856538754498,71.52766418457031
scene-0092_CAM_FRONT_38bde806_9c2cb01f,0,138013,36.131608641904336,0.021301219553433892,0.9633861266514328,0.9341856433693169,70.83680725097656
scene-0092_CAM_FRONT_38bde806_9c2cb01f,1,134416,35.48014322916667,0.027894233534900392,0.9455060016284506,0.9101725632337877,72.01799774169922
scene-0092_CAM_FRONT_38bde806_9c2cb01f,2,129973,37.00997799295775,0.05295108175611718,0.9208559871825178,0.8805321356341764,70.29664611816406
scene-0092_CAM_FRONT_38bde806_9c2cb01f,3,130411,34.627213649544316,0.03602380679512329,0.9097917159141649,0.8749835841672576,72.00543212890625
scene-0092_CAM_FRONT_38bde806_9c2cb01f,4,130320,34.91445167286246,0.030275340735129053,0.9110721508680693,0.8742875528589814,69.78132629394531
scene-0092_CAM_FRONT_1ecb668f_75023dda,0,132017,30.23310432657164,0.01694320808755334,0.9110064875370998,0.8793698946760171,72.42497253417969
scene-0092_CAM_FRONT_1ecb668f_75023dda,1,130738,33.17226195559353,0.03311317430425764,0.9140598324271794,0.8802563496441047,71.8978042602539
scene-0092_CAM_FRONT_1ecb668f_75023dda,2,132486,33.128525031685676,0.029562648381376455,0.9159640690252935,0.8845244661571192,72.08238983154297
scene-0092_CAM_FRONT_1ecb668f_75023dda,3,133195,29.7157467188823,0.019236137363464856,0.91807842828251,0.8853715231266251,77.77963256835938
scene-0092_CAM_FRONT_1ecb668f_75023dda,4,133230,29.147059193743292,0.01739874691509402,0.9205211041945736,0.8850957371365534,77.27543640136719
scene-0092_CAM_FRONT_38c0c7b3_c3ab884d,0,134061,29.006938559322034,0.018448054389849755,0.924191684395766,0.8978672550101121,78.44434356689453
scene-0092_CAM_FRONT_38c0c7b3_c3ab884d,1,134009,30.141182239657624,0.01584639709937541,0.9254261550179917,0.8976111680193313,77.45954132080078
scene-0092_CAM_FRONT_38c0c7b3_c3ab884d,2,133292,31.443613659972293,0.012146109564431296,0.9263191763191764,0.8952275891051401,76.28191375732422
scene-0092_CAM_FRONT_38c0c7b3_c3ab884d,3,134134,30.83315588334838,0.013392777057646299,0.9293002915451894,0.900526619914375,77.4253921508789
scene-0092_CAM_FRONT_38c0c7b3_c3ab884d,4,134015,31.759442750677504,0.013213861732642496,0.9325309274288867,0.9020368765266724,76.19416046142578
scene-0092_CAM_FRONT_e568b88d_c10dfcf7,0,134717,32.37782206632653,0.01858264308313906,0.9363525332913089,0.9101003335697213,74.44984436035156
scene-0092_CAM_FRONT_e568b88d_c10dfcf7,1,136166,32.369856837334005,0.025172893904087612,0.9466485435873191,0.9141386284243427,74.92691802978516
scene-0092_CAM_FRONT_e568b88d_c10dfcf7,2,136799,33.563527094614926,0.023808961056883238,0.9548892916239855,0.9224975704567542,72.96047973632812
scene-0092_CAM_FRONT_e568b88d_c10dfcf7,3,138808,33.44921540560787,0.03115127775706461,0.9683634071389173,0.9339426890447299,72.16659545898438
scene-0092_CAM_FRONT_e568b88d_c10dfcf7,4,138318,34.384315814393936,0.029962959410618772,0.9714889816930633,0.934520526357261,70.70378875732422
scene-0092_CAM_FRONT_e6c7e16f_248b69fa,0,138626,32.983124425023,0.025521168503824354,0.9740892495994536,0.9421243400835237,72.59581756591797
scene-0092_CAM_FRONT_e6c7e16f_248b69fa,1,136173,34.38206142703863,0.020220780294039287,0.9680679221495548,0.9283219079137447,73.81905364990234
scene-0092_CAM_FRONT_e6c7e16f_248b69fa,2,136954,34.03068729670074,0.021694789697056738,0.9597418117826281,0.9350327003388228,75.22118377685547
scene-0092_CAM_FRONT_e6c7e16f_248b69fa,3,133997,34.0622609812063,0.028109629588290108,0.9477648202137998,0.9160822630210386,74.54386901855469
scene-0092_CAM_FRONT_e6c7e16f_248b69fa,4,132587,33.791335690176915,0.02196845161170069,0.9333648517321986,0.9079006119822446,74.72881317138672
scene-0092_CAM_FRONT_4996d203_f6dc7d8e,0,127102,33.99392683979811,0.024936032803151154,0.9037900874635568,0.8800856249835841,75.39592742919922
scene-0092_CAM_FRONT_4996d203_f6dc7d8e,1,125626,35.83161021706588,0.02926365419516208,0.8985961179838731,0.8756073858114675,73.35525512695312
scene-0092_CAM_FRONT_4996d203_f6dc7d8e,2,127870,32.49642452116936,0.030290756856673706,0.8976965303495916,0.8739067055393586,78.2383041381836
scene-0092_CAM_FRONT_4996d203_f6dc7d8e,3,129865,33.24448954479388,0.020856971898279397,0.8983071993276075,0.8743860478554356,77.58611297607422
scene-0092_CAM_FRONT_4996d203_f6dc7d8e,4,130859,32.22429941443595,0.01796116799851255,0.8998305886060988,0.8726722349171329,78.4228515625
scene-0093_CAM_FRONT_6e0955c2_88c4bf6c,0,66596,22.150760250959962,0.02658833646233627,0.5968665458461376,0.4474824678906312,68.29869842529297
scene-0093_CAM_FRONT_6e0955c2_88c4bf6c,1,64334,21.550770417359953,0.03746176049241701,0.5953168912352585,0.43615554329840045,68.25782775878906
scene-0093_CAM_FRONT_6e0955c2_88c4bf6c,2,70926,20.251262938422993,0.04078420568448604,0.6060134478501825,0.48633546082525675,71.87911987304688
scene-0093_CAM_FRONT_6e0955c2_88c4bf6c,3,70470,20.253304654535867,0.03372515931019082,0.6194941296982114,0.4864864864864865,69.38453674316406
scene-0093_CAM_FRONT_6e0955c2_88c4bf6c,4,79416,20.622063769367664,0.031675000792334984,0.6412352585821973,0.5554789483360912,69.88693237304688
scene-0093_CAM_FRONT_6dab8a84_5c279586,0,71002,22.61089793700427,0.020031208124345,0.6476702650172038,0.4828093399521971,68.83948516845703
scene-0093_CAM_FRONT_6dab8a84_5c279586,1,81304,23.485326142218003,0.019959664633597107,0.6800554198513382,0.552248312452394,67.09441375732422
scene-0093_CAM_FRONT_6dab8a84_5c279586,2,79009,24.30298840107362,0.02277322232345469,0.6899902818270165,0.5281236046542169,68.32644653320312
scene-0093_CAM_FRONT_6dab8a84_5c279586,3,59345,24.556111426326815,0.014567512519019221,0.6361463504320647,0.3924565965382292,68.73405456542969
scene-0093_CAM_FRONT_6dab8a84_5c279586,4,58178,24.178073264245384,0.020788319666138255,0.6350103748062932,0.3820161269140861,70.483154296875
scene-0093_CAM_FRONT_561cf9ac_85249094,0,56165,30.62353490047145,0.01536925026329472,0.640801880597799,0.3687980983899351,70.27376556396484
scene-0093_CAM_FRONT_561cf9ac_85249094,1,56365,30.85131983390854,0.020029237649488163,0.6609539568723242,0.37027552333674785,70.04273223876953
scene-0093_CAM_FRONT_561cf9ac_85249094,2,59854,29.987864617000657,0.019471739451898173,0.6828132797520553,0.3951684921072676,71.1473617553711
scene-0093_CAM_FRONT_561cf9ac_85249094,3,59908,29.745603865725542,0.018560161784332063,0.7002074961258635,0.39570693142121716,72.8502197265625
scene-0093_CAM_FRONT_561cf9ac_85249094,4,57946,29.127927584350324,0.013075383973466526,0.7032017440180706,0.3879061277020461,74.53912353515625
scene-0093_CAM_FRONT_938d0ee9_636c9024,0,70490,44.34872882528787,0.01367760200424728,0.7091968061355817,0.4750807658970924,73.39081573486328
scene-0093_CAM_FRONT_938d0ee9_636c9024,1,65631,46.99890959224597,0.011192903768366236,0.70758805452683,0.4309550074856197,72.46070861816406
scene-0093_CAM_FRONT_938d0ee9_636c9024,2,61963,46.75246817885117,0.012336872899057383,0.7067606965566149,0.4068696976860242,73.11778259277344
scene-0093_CAM_FRONT_938d0ee9_636c9024,3,63424,48.71351417169433,0.020477459187361546,0.7170370078533344,0.41646311034066136,71.77738952636719
scene-0093_CAM_FRONT_938d0ee9_636c9024,4,64736,48.15034497600166,0.022533159447285955,0.733420008930213,0.42507813936385364,71.96054077148438
scene-0093_CAM_FRONT_f9438d42_4a4ea75e,0,68293,50.371331645858696,0.020592887016520844,0.7425012476032884,0.44843458618968823,72.90586853027344
scene-0093_CAM_FRONT_f9438d42_4a4ea75e,1,66495,54.71689967105266,0.023333398527368487,0.7408859296614398,0.4366283192813805,72.54928588867188
scene-0093_CAM_FRONT_f9438d42_4a4ea75e,2,66351,53.894982746388024,0.02272523653369385,0.7468415937803693,0.4359322879731043,74.14984130859375
scene-0093_CAM_FRONT_f9438d42_4a4ea75e,3,65737,54.01149952168369,0.02678172850435745,0.7476952170829722,0.4321369474430699,72.75211334228516
scene-0093_CAM_FRONT_f9438d42_4a4ea75e,4,67545,54.323340901398936,0.023470351659344857,0.7616946392456596,0.443536101699367,73.61355590820312
scene-0093_CAM_FRONT_08303db5_267340cf,0,70537,49.03806332236841,0.01865336482630342,0.7751030914296221,0.46552018490794,72.99187469482422
scene-0093_CAM_FRONT_08303db5_267340cf,1,69477,49.96856456398348,0.02072856520346633,0.7783402936464161,0.4576077535261209,73.69039154052734
scene-0093_CAM_FRONT_08303db5_267340cf,2,68967,50.162982408555486,0.016889547321776277,0.7893060699183149,0.45357602500459643,72.55917358398438
scene-0093_CAM_FRONT_08303db5_267340cf,3,69977,48.01753661961143,0.016605111260035166,0.7941979880755391,0.4597812097812098,74.14908599853516
scene-0093_CAM_FRONT_08303db5_267340cf,4,70545,53.40406629774307,0.012744885516259075,0.7908163265306123,0.4657500065663331,70.93170166015625
scene-0093_CAM_FRONT_9c345815_f7a001c4,0,73909,39.1953956886574,0.018271140492832405,0.7942439524072177,0.5891314054579361,71.6937026977539
scene-0093_CAM_FRONT_9c345815_f7a001c4,1,85915,42.77610527418581,0.012367885451026073,0.7959774643448113,0.6299411656554513,71.49130249023438
scene-0093_CAM_FRONT_9c345815_f7a001c4,2,96524,43.000801190747495,0.012970160431748257,0.8082827725684869,0.6800619861844351,70.30859375
scene-0093_CAM_FRONT_9c345815_f7a001c4,3,100396,45.60357862903228,0.021114615574645557,0.8231292517006803,0.6903842618128332,70.91845703125
scene-0093_CAM_FRONT_9c345815_f7a001c4,4,105914,44.20964702168746,0.022137007524102303,0.8332808026685578,0.7335053712604733,68.70050811767578
scene-0094_CAM_FRONT_19ffc60b_16c4a3ea,0,111174,32.56976232394367,0.03190406923967881,0.8571494234759541,0.7745252541170908,72.1806869506836
scene-0094_CAM_FRONT_19ffc60b_16c4a3ea,1,110353,31.066738225920684,0.03146455032923612,0.8491844614293594,0.7725684868542011,74.75208282470703
scene-0094_CAM_FRONT_19ffc60b_16c4a3ea,2,105843,31.72629871068455,0.022126231625792858,0.8211330864392089,0.7573345940692879,74.66948699951172
scene-0094_CAM_FRONT_19ffc60b_16c4a3ea,3,106029,30.809413580246922,0.023669080670675857,0.8206143461245502,0.7502363879914901,74.38421630859375
scene-0094_CAM_FRONT_19ffc60b_16c4a3ea,4,107747,31.279992412320148,0.03591323204732211,0.8358416725763664,0.762613925879232,73.49295806884766
scene-0094_CAM_FRONT_442d1845_ac83bf9a,0,109588,31.50232270995748,0.019227526552031193,0.8508851417014682,0.7479447377406561,72.364013671875
scene-0094_CAM_FRONT_442d1845_ac83bf9a,1,112868,33.55727123038117,0.04370501696101825,0.8677146534289392,0.7628109158721403,71.69551849365234
scene-0094_CAM_FRONT_442d1845_ac83bf9a,2,113790,32.46409534155214,0.029894405865568574,0.8662437948152234,0.7663239040790061,73.00569152832031
scene-0094_CAM_FRONT_442d1845_ac83bf9a,3,112029,31.764577358583846,0.03400472213817274,0.8579505161137814,0.752882620229559,74.75594329833984
scene-0094_CAM_FRONT_442d1845_ac83bf9a,4,110753,32.85699632005667,0.02957838673537827,0.8518372600005253,0.7493105350248207,73.98612976074219
scene-0094_CAM_FRONT_6a85b137_a2751129,0,103563,30.726501236930535,0.018874983135892087,0.8454679168964884,0.7014813647466709,73.37875366210938
scene-0094_CAM_FRONT_6a85b137_a2751129,1,98952,31.46122038713405,0.01887723979473388,0.8413705250439945,0.6694179602342868,73.11729431152344
scene-0094_CAM_FRONT_6a85b137_a2751129,2,88742,32.828198945473254,0.02073350702328991,0.8170488272529088,0.6126191789457096,71.59687042236328
scene-0094_CAM_FRONT_6a85b137_a2751129,3,85093,33.045552459740776,0.014968564638914383,0.8057941323247446,0.5823221180364038,71.86077880859375
scene-0094_CAM_FRONT_6a85b137_a2751129,4,81336,32.166085676291786,0.014385497190925411,0.7878089459722113,0.5620715467654244,72.1418685913086
scene-0094_CAM_FRONT_7dfa2547_9e527ac1,0,96551,32.63994762702226,0.013643513713707645,0.7779463136605994,0.6843629343629344,71.54824829101562
scene-0094_CAM_FRONT_7dfa2547_9e527ac1,1,98127,34.004039069311254,0.01823801080566856,0.7790100596223045,0.6923738607412077,70.42577362060547
scene-0094_CAM_FRONT_7dfa2547_9e527ac1,2,97824,33.32008785942493,0.018296113797339864,0.7792004832821159,0.6916843957660285,72.23661804199219
scene-0094_CAM_FRONT_7dfa2547_9e527ac1,3,96535,33.806828161592506,0.021515299031782398,0.7770861240248995,0.6867793449426103,70.47246551513672
scene-0094_CAM_FRONT_7dfa2547_9e527ac1,4,95214,33.48977232858861,0.020105360126461358,0.7793318099440548,0.6664893756730491,71.0694580078125
scene-0094_CAM_FRONT_15222be3_7604c6ea,0,97442,30.843790757138926,0.023087987656467357,0.7653258214482704,0.684165944370026,71.09439849853516
scene-0094_CAM_FRONT_15222be3_7604c6ea,1,91901,30.83463684988992,0.019111309380803743,0.7452262758385207,0.642968770519791,70.13919067382812
scene-0094_CAM_FRONT_15222be3_7604c6ea,2,88011,31.11921766868511,0.02475505635949382,0.7326451816247734,0.5950082735797021,70.7661361694336
scene-0094_CAM_FRONT_15222be3_7604c6ea,3,85918,31.774969951923076,0.015349117849817517,0.7216925380190686,0.5732211803640375,69.6622085571289
scene-0094_CAM_FRONT_15222be3_7604c6ea,4,84184,31.633154059680777,0.022670672725705332,0.7120137630341712,0.5662280356157907,69.6930160522461
scene-0094_CAM_FRONT_d00b9230_8b17a8d9,0,81480,32.59460245768229,0.020791292501628034,0.7075486565282484,0.5517164394715415,68.78190612792969
scene-0094_CAM_FRONT_d00b9230_8b17a8d9,1,80623,33.82444963059105,0.015392743098575856,0.7009691907651091,0.5412234391826228,68.3365707397461
scene-0094_CAM_FRONT_d00b9230_8b17a8d9,2,76216,32.84029458752905,0.013263343971868125,0.6893139495180312,0.5052530664775563,69.1668472290039
scene-0094_CAM_FRONT_d00b9230_8b17a8d9,3,75881,32.168727812032884,0.012553669239482534,0.6878102592388307,0.5064481391012003,70.09968566894531
scene-0094_CAM_FRONT_d00b9230_8b17a8d9,4,73485,31.275699537627553,0.012249139150950938,0.6903317311480577,0.4905576130065926,70.98908233642578
scene-0094_CAM_FRONT_723ad933_3164b1a6,0,62320,30.40073151525198,0.021475205595968827,0.6909555327922675,0.41579991069786987,70.84162902832031
scene-0094_CAM_FRONT_723ad933_3164b1a6,1,62342,29.54454978628751,0.014888372347808154,0.689340214850419,0.42161111548866653,71.39495849609375
scene-0094_CAM_FRONT_723ad933_3164b1a6,2,62478,31.154731895003266,0.01217095084594666,0.6879021879021879,0.4180455966170252,69.55113983154297
scene-0094_CAM_FRONT_723ad933_3164b1a6,3,61276,30.41314246506986,0.014805235646821568,0.686208073963176,0.4075328973288157,69.81558990478516
scene-0094_CAM_FRONT_723ad933_3164b1a6,4,60699,29.525789298937536,0.015522858451374688,0.6860242166364615,0.405694324061671,72.13939666748047
scene-0094_CAM_FRONT_68c0cfc0_8887f956,0,56336,24.092289669015717,0.010825978579821927,0.6855974049851601,0.37000630367977305,72.47644805908203
scene-0094_CAM_FRONT_68c0cfc0_8887f956,1,55981,24.251869351256126,0.008962675932414843,0.6867465132771255,0.3675898931000972,71.6680679321289
scene-0094_CAM_FRONT_68c0cfc0_8887f956,2,55825,24.22095764746228,0.007997983428890798,0.6866151866151866,0.36711055078402016,71.67510986328125
scene-0094_CAM_FRONT_68c0cfc0_8887f956,3,56074,25.22242224940095,0.01082702088591958,0.6868647072728705,0.3682268274105009,69.69427490234375
scene-0094_CAM_FRONT_68c0cfc0_8887f956,4,57898,25.248140681003594,0.008351090232446179,0.6881779738922597,0.3801775536469414,69.98695373535156
scene-0095_CAM_FRONT_78be3bd5_d773c946,0,64692,21.51973839962121,0.012201204029565371,0.683804796049694,0.4249862107004964,68.66426849365234
scene-0095_CAM_FRONT_78be3bd5_d773c946,1,63831,21.659423634516255,0.012331208476984656,0.6836472040553673,0.4191618732435059,67.83812713623047
scene-0095_CAM_FRONT_78be3bd5_d773c946,2,63752,21.23708652506964,0.011816830854936233,0.6838770257137604,0.41868909726052583,68.49462890625
scene-0095_CAM_FRONT_78be3bd5_d773c946,3,63051,20.987992377207508,0.011209607027617974,0.6840083523756993,0.41402700076169463,68.32234191894531
scene-0095_CAM_FRONT_78be3bd5_d773c946,4,63297,21.762203600702573,0.011619140236555747,0.6838441940482757,0.4156751503690279,67.60794067382812
scene-0095_CAM_FRONT_71b80d68_da3ef456,0,62148,23.893417358398445,0.010817461998835487,0.6840543167073779,0.4080844693089591,67.55445861816406
scene-0095_CAM_FRONT_71b80d68_da3ef456,1,61612,24.372947742305616,0.010023677575754286,0.6837522653849184,0.4045649147689964,67.4191665649414
scene-0095_CAM_FRONT_71b80d68_da3ef456,2,61554,24.285978485265545,0.011179844848748344,0.6837982297165971,0.4042168991148583,67.61749267578125
scene-0095_CAM_FRONT_71b80d68_da3ef456,3,60812,24.39540946609982,0.010942321570554414,0.6836406377222704,0.3993184146245371,66.97901916503906
scene-0095_CAM_FRONT_71b80d68_da3ef456,4,60809,23.76856420565302,0.010089954386468314,0.6840214850418932,0.3993052819583432,67.98043060302734
scene-0095_CAM_FRONT_98592cf2_e6bf9e3d,0,61097,22.067891311166868,0.00959135116885479,0.6841199800383474,0.40119638589026346,67.66886138916016
scene-0095_CAM_FRONT_98592cf2_e6bf9e3d,1,62094,22.39490990708187,0.010306682726108463,0.6838507603813726,0.4077627189872088,67.6380615234375
scene-0095_CAM_FRONT_98592cf2_e6bf9e3d,2,62252,22.125100394275698,0.009909665247080701,0.6838507603813726,0.4087673679510414,68.1025161743164
scene-0095_CAM_FRONT_98592cf2_e6bf9e3d,3,60894,22.130891965881997,0.009445159934529324,0.6840149187087963,0.4001063745961705,68.15016174316406
scene-0095_CAM_FRONT_98592cf2_e6bf9e3d,4,60607,21.644610705416273,0.010626556496988737,0.6839558217109237,0.3979657500065663,68.74376678466797
scene-0095_CAM_FRONT_18b3ef8c_2d800e7c,0,61148,24.450523376464844,0.011484350098359908,0.6837850970504031,0.4015247025451107,67.293212890625
scene-0095_CAM_FRONT_18b3ef8c_2d800e7c,1,60292,24.24624509916974,0.011638793955511817,0.6837719643842093,0.3958973550810285,68.11933135986328
scene-0095_CAM_FRONT_18b3ef8c_2d800e7c,2,60505,24.45441108101552,0.0112238545844483,0.6836537703884643,0.3972959840306779,68.20195770263672
scene-0095_CAM_FRONT_18b3ef8c_2d800e7c,3,61274,24.443270943963107,0.008536908785633068,0.6837653980511124,0.40234549418222887,68.0621109008789
scene-0095_CAM_FRONT_18b3ef8c_2d800e7c,4,59904,24.450910590722707,0.008894714897559108,0.6839164237123421,0.39334961783941375,68.34615325927734
scene-0095_CAM_FRONT_99ccc70f_cac56fc7,0,61493,22.52599842860531,0.010089978744665551,0.684165944370026,0.4037835211304599,68.36692810058594
scene-0095_CAM_FRONT_99ccc70f_cac56fc7,1,60951,22.854760031098294,0.01073159412896807,0.6840411840411841,0.4002311349250125,67.36033630371094
scene-0095_CAM_FRONT_99ccc70f_cac56fc7,2,60764,22.59531968941718,0.012755835996630216,0.6837522653849184,0.39899666430278674,67.65181732177734
scene-0095_CAM_FRONT_99ccc70f_cac56fc7,3,60871,22.39404325115674,0.010245815003964154,0.6839295563785359,0.39977805794132326,68.57958984375
scene-0095_CAM_FRONT_99ccc70f_cac56fc7,4,60694,22.35161467407085,0.010797413902067898,0.6839886533764085,0.3985370209860006,68.32826232910156
scene-0095_CAM_FRONT_1f40bab1_b90fba92,0,61595,22.708552938432838,0.010955223125599822,0.6839032910461482,0.404610879100675,67.95631408691406
scene-0095_CAM_FRONT_1f40bab1_b90fba92,1,61032,22.154948805460744,0.010476158146644599,0.6840083523756993,0.40090746723399784,68.83346557617188
scene-0095_CAM_FRONT_1f40bab1_b90fba92,2,61736,22.58441862309645,0.009951361759587218,0.6840608830404749,0.40557613006592597,68.41889953613281
scene-0095_CAM_FRONT_1f40bab1_b90fba92,3,61648,22.849281369274816,0.009187527968382181,0.6838967247130513,0.40486039975835897,68.05474090576172
scene-0095_CAM_FRONT_1f40bab1_b90fba92,4,60042,22.5633023802997,0.008994213242551119,0.6836537703884643,0.3942557718067922,67.703125
scene-0095_CAM_FRONT_a9549839_70271815,0,61814,25.000950235109727,0.008026979714427451,0.6836537703884643,0.40589131405457934,67.18009185791016
scene-0095_CAM_FRONT_a9549839_70271815,1,62512,24.807606955762513,0.008857134744956863,0.6836537703884643,0.41048118088934415,68.27648162841797
scene-0095_CAM_FRONT_a9549839_70271815,2,61153,24.512131320224725,0.008507762616219772,0.6837325663856276,0.4016363302077588,68.58287048339844
scene-0095_CAM_FRONT_a9549839_70271815,3,60231,24.55394397459293,0.008512083738385634,0.6836669030546582,0.39550337509521183,68.58882141113281
scene-0095_CAM_FRONT_a9549839_70271815,4,60590,24.894340235330084,0.0074593215409164415,0.6836669030546582,0.397886954009403,67.9654769897461
scene-0096_CAM_FRONT_f9475d1f_73a3e6b8,0,64498,32.55974759615385,0.013995016131918003,0.6754392876841856,0.45050954744832294,69.33085632324219
scene-0096_CAM_FRONT_f9475d1f_73a3e6b8,1,64311,32.51965443794506,0.019730979901041668,0.6743033120584141,0.45485645995850077,69.52874755859375
scene-0096_CAM_FRONT_f9475d1f_73a3e6b8,2,64568,34.72398961785419,0.017883879661224178,0.675511517348252,0.46167231371313006,68.08859252929688
scene-0096_CAM_FRONT_f9475d1f_73a3e6b8,3,64040,32.956320092501635,0.022402685514486098,0.6748154860399759,0.4453024453024453,70.94239044189453
scene-0096_CAM_FRONT_f9475d1f_73a3e6b8,4,64762,32.896201138316165,0.021357536054166903,0.6702584508706958,0.4525713760407638,71.4497299194336
scene-0096_CAM_FRONT_67cc592a_fd27366f,0,67124,25.762137686704214,0.024556737557965835,0.6660165996900691,0.46862606046279515,71.85830688476562
scene-0096_CAM_FRONT_67cc592a_fd27366f,1,67526,26.605191986482286,0.023434536114484095,0.6654912930423135,0.46998529141386286,69.57308197021484
scene-0096_CAM_FRONT_67cc592a_fd27366f,2,64759,28.373959939041477,0.020089298963123614,0.6701599558742416,0.45136317075092586,68.20013427734375
scene-0096_CAM_FRONT_67cc592a_fd27366f,3,69566,29.48571662599422,0.020653417751222314,0.7019278753972632,0.4785543561053765,67.20414733886719
scene-0096_CAM_FRONT_67cc592a_fd27366f,4,63449,29.98128070672714,0.028255476569004845,0.6812176608094975,0.4302392771780527,67.72657775878906
scene-0096_CAM_FRONT_3ba93f95_112aa7a7,0,59119,33.980909104713334,0.03147451331108542,0.6601922622330786,0.40409213878601635,68.90667724609375
scene-0096_CAM_FRONT_3ba93f95_112aa7a7,1,59076,32.953281249999996,0.027020720970806655,0.660021537572558,0.3998305886060988,68.28117370605469
scene-0096_CAM_FRONT_3ba93f95_112aa7a7,2,55555,31.638720100308632,0.019933440209577213,0.6651367110550784,0.3788445880282615,69.53372192382812
scene-0096_CAM_FRONT_3ba93f95_112aa7a7,3,60814,32.868070959464156,0.021771351150570828,0.6908570377958133,0.42617471699104353,69.26155090332031
scene-0096_CAM_FRONT_3ba93f95_112aa7a7,4,64788,31.75878141318537,0.022849296580151224,0.7201822814067712,0.46949281643159196,70.67047119140625
scene-0096_CAM_FRONT_5edf36a0_7c7ce7a9,0,69605,26.10435228669242,0.01192919947998572,0.7437685498909988,0.49139153730990465,71.05658721923828
scene-0096_CAM_FRONT_5edf36a0_7c7ce7a9,1,61974,27.638602919250957,0.018094170565496448,0.7007131037743283,0.4139153730990466,71.2029037475586
scene-0096_CAM_FRONT_5edf36a0_7c7ce7a9,2,63331,27.423015492325273,0.012943522907882254,0.7097483781157251,0.4241457200640874,70.78189849853516
scene-0096_CAM_FRONT_5edf36a0_7c7ce7a9,3,64052,29.178223418792292,0.01162000820195841,0.7039306069918315,0.42998975652036875,70.41573333740234
scene-0096_CAM_FRONT_5edf36a0_7c7ce7a9,4,61718,27.325697889557585,0.014700452836710287,0.7010611194284664,0.41348199511464817,70.97825622558594
scene-0096_CAM_FRONT_9a2209d8_296e524f,0,62244,26.365614710724362,0.014081436965442284,0.6927481417277336,0.409660389252226,71.75634002685547
scene-0096_CAM_FRONT_9a2209d8_296e524f,1,62468,26.52446668093607,0.014568820427376394,0.6786567909016888,0.41730360097707037,70.478515625
scene-0096_CAM_FRONT_9a2209d8_296e524f,2,63604,26.000952077259473,0.021373882432586422,0.6805872928321908,0.4303968691723794,71.1667251586914
scene-0096_CAM_FRONT_9a2209d8_296e524f,3,67006,26.021635880186412,0.02244993638251991,0.6950463583116644,0.4482113308643921,70.36769104003906
scene-0096_CAM_FRONT_9a2209d8_296e524f,4,64248,24.970670299369743,0.015681028581753687,0.6881188768943871,0.4218869014787382,72.97388458251953
scene-0096_CAM_FRONT_e8038e0f_d6e16562,0,65292,23.992133620689657,0.024439274073415174,0.6816641714600898,0.4290573372206025,69.28897857666016
scene-0096_CAM_FRONT_e8038e0f_d6e16562,1,66849,23.517444757973944,0.039979671505733894,0.6882830352218108,0.4404236598114149,70.45146942138672
scene-0096_CAM_FRONT_e8038e0f_d6e16562,2,66529,23.01170078196872,0.018038565383562855,0.7160651905549865,0.4506474404433588,71.7847671508789
scene-0096_CAM_FRONT_e8038e0f_d6e16562,3,66648,23.373502850307183,0.02786404630551753,0.7257373992067869,0.44974128647598033,70.21027374267578
scene-0096_CAM_FRONT_e8038e0f_d6e16562,4,67293,24.179541940287113,0.02724728365668394,0.7222835079977937,0.45942662779397475,71.46571350097656
scene-0096_CAM_FRONT_3c1ab7d8_3fd8074c,0,62610,25.042134321389046,0.021374569771825946,0.7180744884826518,0.41181414650802406,69.51788330078125
scene-0096_CAM_FRONT_3c1ab7d8_3fd8074c,1,61276,23.760846851700844,0.02220862056230155,0.7279371207942636,0.40358653113755155,72.97337341308594
scene-0096_CAM_FRONT_3c1ab7d8_3fd8074c,2,65178,23.828292862108185,0.0274120276290859,0.7491529430304941,0.43531505266199144,73.27154541015625
scene-0096_CAM_FRONT_3c1ab7d8_3fd8074c,3,64816,24.16128089512358,0.026802403222574878,0.7619704252357313,0.4343104036981588,72.25492095947266
scene-0096_CAM_FRONT_3c1ab7d8_3fd8074c,4,64001,24.34089403673054,0.025259227627937975,0.7741050087988863,0.42700207496125864,71.80775451660156
scene-0097_CAM_FRONT_1c81b06c_1dd5d04e,0,46939,8.135130746907945,0.020963149766116018,0.815591101305387,0.3082171092375174,72.78231048583984
scene-0097_CAM_FRONT_1c81b06c_1dd5d04e,1,45604,8.093226011839208,0.023546418935286972,0.8160967089538518,0.2994510545530954,72.7125015258789
scene-0097_CAM_FRONT_1c81b06c_1dd5d04e,2,45059,8.039391126948157,0.02100337014969389,0.8157486932997137,0.29587240301526013,72.8012466430664
scene-0097_CAM_FRONT_1c81b06c_1dd5d04e,3,44521,8.161563612539554,0.022033592753676334,0.8159456832926221,0.29233971580910356,72.27630615234375
scene-0097_CAM_FRONT_1c81b06c_1dd5d04e,4,44448,8.161603179386171,0.02136159156096773,0.8149213353294986,0.29186037349302657,72.07534790039062
scene-0097_CAM_FRONT_9577cf1a_6bf8421a,0,44514,8.095076300281143,0.023347945323589636,0.8159850812912037,0.2922937514774249,72.54283905029297
scene-0097_CAM_FRONT_9577cf1a_6bf8421a,1,43215,8.073875710922215,0.023734632328746397,0.8161229742862396,0.28376408478449294,72.5008544921875
scene-0097_CAM_FRONT_9577cf1a_6bf8421a,2,43299,8.047689265788225,0.021840336267863858,0.816792740262128,0.2843156567646364,72.63371276855469
scene-0097_CAM_FRONT_9577cf1a_6bf8421a,3,43110,8.121478578421272,0.022844111888919105,0.8152430856512489,0.2830746198093137,72.41632843017578
scene-0097_CAM_FRONT_9577cf1a_6bf8421a,4,42954,8.046398754996668,0.023236823791792593,0.8153809786462848,0.2820502718461902,72.345458984375
scene-0097_CAM_FRONT_5c6f3a7e_98a8d1c3,0,42506,8.580644813349616,0.03184940419970861,0.8151642896540856,0.2791085546187587,73.02572631835938
scene-0097_CAM_FRONT_5c6f3a7e_98a8d1c3,1,41515,8.629994150060387,0.03384686731863473,0.8150132639928558,0.2726013185196859,72.20716094970703
scene-0097_CAM_FRONT_5c6f3a7e_98a8d1c3,2,41550,8.747879157825762,0.035068739177057884,0.8157683922990046,0.27283114017807897,72.56297302246094
scene-0097_CAM_FRONT_5c6f3a7e_98a8d1c3,3,40543,9.070924084595958,0.03283047378073034,0.813785359703727,0.266218842749455,71.35333251953125
scene-0097_CAM_FRONT_5c6f3a7e_98a8d1c3,4,39524,8.957239598852802,0.036119051299882354,0.8114543114543115,0.2595277493236677,70.28144836425781
scene-0097_CAM_FRONT_8ef17257_50584518,0,54305,15.846742287660254,0.021578245912535543,0.8109815354713313,0.3565847188296168,70.70537567138672
scene-0097_CAM_FRONT_8ef17257_50584518,1,50378,16.12098883006198,0.015330907151756668,0.8133913797179103,0.33081842775720327,71.3108901977539
scene-0097_CAM_FRONT_8ef17257_50584518,2,48595,16.215502336851543,0.01578234145606583,0.8148491056654322,0.31924198250728864,72.08409881591797
scene-0097_CAM_FRONT_8ef17257_50584518,3,48339,16.685460532583846,0.014752912848086996,0.8156239329708718,0.3175741339006645,71.27742767333984
scene-0097_CAM_FRONT_8ef17257_50584518,4,48385,17.272240282438478,0.01685782466452812,0.8148885036640139,0.3177120268957004,69.951416015625
scene-0097_CAM_FRONT_92c817e6_fb879538,0,55697,23.3446491745283,0.009486888662539439,0.8176594962309248,0.36700548945446904,71.04466247558594
scene-0097_CAM_FRONT_92c817e6_fb879538,1,54519,23.479419589328533,0.018412835961015173,0.8164972552727655,0.3613387439918052,71.42181396484375
scene-0097_CAM_FRONT_92c817e6_fb879538,2,55480,23.778432268019298,0.021660225386166188,0.8141333753578651,0.37135240196464686,71.10169219970703
scene-0097_CAM_FRONT_92c817e6_fb879538,3,61414,24.36146518640351,0.01727859429274181,0.8248102329734983,0.4207706248522575,69.4697494506836
scene-0097_CAM_FRONT_92c817e6_fb879538,4,57132,22.903529904923346,0.01788732422855155,0.8177842565597667,0.382508601896357,71.76030731201172
scene-0097_CAM_FRONT_f5193e87_185dd9f6,0,58269,32.9646450348432,0.02934189531187581,0.8048879783573661,0.38292228088146457,71.26882934570312
scene-0097_CAM_FRONT_f5193e87_185dd9f6,1,59419,33.21902247582064,0.021035863351885897,0.8037388700654007,0.3924894282037139,71.98055267333984
scene-0097_CAM_FRONT_f5193e87_185dd9f6,2,56042,33.95456982840802,0.029968156482085284,0.8050718356840806,0.37292832190791375,71.36808776855469
scene-0097_CAM_FRONT_f5193e87_185dd9f6,3,54057,35.317346221898426,0.027457676368316086,0.8034696504084259,0.35627610117406033,70.44287109375
scene-0097_CAM_FRONT_f5193e87_185dd9f6,4,53881,35.93210870631241,0.024490070643343742,0.8030297060909306,0.3538596905943845,71.75843811035156
scene-0097_CAM_FRONT_50c37d32_3c4da98d,0,56983,34.85595879581829,0.016510799446814772,0.8009875764977806,0.3747800278412523,69.11517333984375
scene-0097_CAM_FRONT_50c37d32_3c4da98d,1,56821,33.86005095673877,0.0147950330859703,0.8003178105218921,0.3754432274840438,71.50249481201172
scene-0097_CAM_FRONT_50c37d32_3c4da98d,2,58809,34.070715206185554,0.01581234581180535,0.8018346334672866,0.39333648517321984,70.02059936523438
scene-0097_CAM_FRONT_50c37d32_3c4da98d,3,61179,34.209604247104245,0.01861087111063897,0.8085913902240432,0.4139482047645313,71.76786804199219
scene-0097_CAM_FRONT_50c37d32_3c4da98d,4,63612,36.54029537671231,0.019401604091853653,0.8152036876526673,0.4348488430121083,69.87920379638672
scene-0098_CAM_FRONT_c292d90b_4dfb0052,0,65955,33.961995766932276,0.012060109191339485,0.7613663225908124,0.4337128673863368,74.42498016357422
scene-0098_CAM_FRONT_c292d90b_4dfb0052,1,63543,33.3021715366463,0.008707570196816672,0.7549904131536784,0.41920783757518454,75.1661148071289
scene-0098_CAM_FRONT_c292d90b_4dfb0052,2,64447,34.356882731119796,0.014123451497836559,0.7484043810574423,0.4253604916870223,73.68565368652344
scene-0098_CAM_FRONT_c292d90b_4dfb0052,3,67766,36.874610779404215,0.018849387538392826,0.746395083129777,0.44936043915635754,71.42341613769531
scene-0098_CAM_FRONT_c292d90b_4dfb0052,4,64776,36.58688729553491,0.019256970847230104,0.7421335329498595,0.425879232001681,70.83373260498047
scene-0098_CAM_FRONT_947147c6_808fabcc,0,67030,32.85658563966276,0.01424167284576483,0.7537296771990649,0.44071914480077745,70.33749389648438
scene-0098_CAM_FRONT_947147c6_808fabcc,1,67408,33.972223813233136,0.01935985529489881,0.7590943713392693,0.44320778504451974,69.57831573486328
scene-0098_CAM_FRONT_947147c6_808fabcc,2,68241,32.685743378429876,0.015640335103170422,0.7634872481811257,0.45069997110813437,71.16658782958984
scene-0098_CAM_FRONT_947147c6_808fabcc,3,68513,35.148645619877065,0.015194609683381266,0.7649581067948414,0.451468232080477,68.39037322998047
scene-0098_CAM_FRONT_947147c6_808fabcc,4,69964,37.296864574065836,0.019899636376359275,0.7635332125128044,0.46092375174007827,66.97856903076172
scene-0098_CAM_FRONT_ffb68ec5_3307d121,0,67760,31.54724183058375,0.01060791709510478,0.7656016074383422,0.44768602421663645,68.42939758300781
scene-0098_CAM_FRONT_ffb68ec5_3307d121,1,67814,32.12470732392607,0.015305320355423202,0.7642949071520501,0.4481850655320043,66.52496337890625
scene-0098_CAM_FRONT_ffb68ec5_3307d121,2,69473,31.328207319367785,0.012563451475751553,0.7635332125128044,0.4573779318677278,68.35717010498047
scene-0098_CAM_FRONT_ffb68ec5_3307d121,3,68203,30.26582905783582,0.010351347937925581,0.7536246158695138,0.44809313686864705,68.8781509399414
scene-0098_CAM_FRONT_ffb68ec5_3307d121,4,62407,29.643750000000004,0.009031226265686865,0.7411091849867361,0.41024479289785415,70.68232727050781
scene-0098_CAM_FRONT_8a0af59b_45731d09,0,71944,30.85691882154538,0.014557963558176956,0.7490478817009429,0.47305833530323327,71.62467956542969
scene-0098_CAM_FRONT_8a0af59b_45731d09,1,80078,32.42536316497783,0.022215106611317204,0.7442216268746881,0.535202111732724,70.25776672363281
scene-0098_CAM_FRONT_8a0af59b_45731d09,2,74192,34.456476316399005,0.03352283565523506,0.7443660862028209,0.49774774774774777,67.80671691894531
scene-0098_CAM_FRONT_8a0af59b_45731d09,3,73853,32.173040021929815,0.029445925882741086,0.7466446037874609,0.49690725711133876,69.2278823852539
scene-0098_CAM_FRONT_8a0af59b_45731d09,4,76568,31.802602491961427,0.028604917466612978,0.737379507787671,0.5034341922097024,71.67704772949219
scene-0098_CAM_FRONT_19689911_e4437a15,0,71451,27.592653636152427,0.02075488402731196,0.74363722322906,0.46991306174979647,73.85449981689453
scene-0098_CAM_FRONT_19689911_e4437a15,1,75863,29.771882971938776,0.024625884137890353,0.7310429963491188,0.49855540671867205,70.57060241699219
scene-0098_CAM_FRONT_19689911_e4437a15,2,80188,30.521753732688975,0.023008524093525162,0.7157303075670423,0.5289312636251412,67.66455841064453
scene-0098_CAM_FRONT_19689911_e4437a15,3,79788,28.514643673780476,0.018653272906330676,0.7110419457358232,0.5305334489007958,70.8083724975586
scene-0098_CAM_FRONT_19689911_e4437a15,4,78576,28.18786043289395,0.014812713804555955,0.6978830142095448,0.5367714653428939,70.89563751220703
scene-0098_CAM_FRONT_7760d89f_7fbf9f16,0,60430,30.996862029054906,0.01616274528999373,0.6838638930475666,0.4170081159877078,70.26409912109375
scene-0098_CAM_FRONT_7760d89f_7fbf9f16,1,63993,28.41767949826989,0.016260775189193222,0.6672642029784887,0.4488154335093111,73.08246612548828
scene-0098_CAM_FRONT_7760d89f_7fbf9f16,2,57113,27.283962879506642,0.010156714043930037,0.6316090142620755,0.38613978409896776,74.2024154663086
scene-0098_CAM_FRONT_7760d89f_7fbf9f16,3,55880,28.883897697174813,0.012724884672331349,0.6288445880282615,0.36795104142042917,72.08113098144531
scene-0098_CAM_FRONT_7760d89f_7fbf9f16,4,56320,29.697332881370517,0.019347538031297074,0.6317337745909174,0.3776101174060358,71.56480407714844
scene-0098_CAM_FRONT_885aeed2_50d86a5c,0,64002,47.90929831754131,0.027456778496498524,0.6575985606597852,0.4268641819662228,70.0971908569336
scene-0098_CAM_FRONT_885aeed2_50d86a5c,1,60379,45.77440200617285,0.029824562601316718,0.6455099414283088,0.3964817587266567,71.2235107421875
scene-0098_CAM_FRONT_885aeed2_50d86a5c,2,61365,46.655124635720234,0.029459161770943876,0.6505988495784414,0.40349460247419433,70.68036651611328
scene-0098_CAM_FRONT_885aeed2_50d86a5c,3,62374,45.75386565747402,0.033961583268716344,0.6685118062669083,0.411584324849631,71.4230728149414
scene-0098_CAM_FRONT_885aeed2_50d86a5c,4,61771,46.2454907268439,0.030403015524056443,0.6754983846820581,0.41560948703805844,71.15605163574219
scene-0099_CAM_FRONT_b9db8044_9d0e1d79,0,120226,27.896671597633134,0.0422446335451081,0.9267591206366717,0.7989257479053398,68.95942687988281
scene-0099_CAM_FRONT_b9db8044_9d0e1d79,1,123254,28.834405137240346,0.057860349101914066,0.9231739027657395,0.8201941008063457,68.8278579711914
scene-0099_CAM_FRONT_b9db8044_9d0e1d79,2,121338,28.60101984070035,0.04820474509481576,0.9234431224227143,0.8068972762850314,67.42305755615234
scene-0099_CAM_FRONT_b9db8044_9d0e1d79,3,120762,27.939468229476503,0.033074717784039365,0.9251306700286293,0.796844220313608,68.20562744140625
scene-0099_CAM_FRONT_b9db8044_9d0e1d79,4,119619,27.47348776522929,0.03082056912632103,0.9266540593071205,0.7869750216688992,68.17137908935547
scene-0099_CAM_FRONT_fe944294_9faf87fc,0,115345,22.839697197142353,0.040125193996569664,0.9256428440101909,0.7574527880650329,67.29916381835938
scene-0099_CAM_FRONT_fe944294_9faf87fc,1,107698,21.97391853751717,0.030953778963386913,0.9184855409345205,0.7074370288656003,66.72399139404297
scene-0099_CAM_FRONT_fe944294_9faf87fc,2,110042,22.599332274791365,0.02615242628205383,0.9181375252803824,0.7227497176476768,66.39418029785156
scene-0099_CAM_FRONT_fe944294_9faf87fc,3,113627,23.493143240271856,0.024383881539130847,0.9219985291413862,0.7463556851311953,66.47379302978516
scene-0099_CAM_FRONT_fe944294_9faf87fc,4,112959,23.78683708046472,0.02604896034337223,0.9189780159167914,0.7420547369526961,67.19719696044922
scene-0099_CAM_FRONT_34dc0f07_2de4836c,0,121061,24.72717337354918,0.02822877732357787,0.9217161768182176,0.8029509100937673,66.55322265625
scene-0099_CAM_FRONT_34dc0f07_2de4836c,1,118659,24.139278400997153,0.03502554576735406,0.9207771911853545,0.7840792687731464,66.61874389648438
scene-0099_CAM_FRONT_34dc0f07_2de4836c,2,119075,24.963812538017024,0.036832822660164855,0.9230031781052189,0.7882685892889975,65.91248321533203
scene-0099_CAM_FRONT_34dc0f07_2de4836c,3,118417,25.054443359374996,0.04697635171239112,0.9259580279988443,0.7817088225251491,65.33235931396484
scene-0099_CAM_FRONT_34dc0f07_2de4836c,4,112830,24.611312582891248,0.05838572213571935,0.9290967352191842,0.7413981036430016,65.5085220336914
scene-0099_CAM_FRONT_a9b8176b_d9151176,0,114099,30.951583241150445,0.04735380366654862,0.9323799017676568,0.7500196989992909,64.86653900146484
scene-0099_CAM_FRONT_a9b8176b_d9151176,1,117466,31.188561600245794,0.04664957346949827,0.9342119087017047,0.7843156567646363,65.70248413085938
scene-0099_CAM_FRONT_a9b8176b_d9151176,2,118929,30.75406524122808,0.03690461506178,0.9391957555222862,0.7911643421847504,67.75041961669922
scene-0099_CAM_FRONT_a9b8176b_d9151176,3,120630,32.259089702760086,0.018851475070866153,0.9415924671026712,0.8032266960838389,67.40489959716797
scene-0099_CAM_FRONT_a9b8176b_d9151176,4,121093,31.901316433155916,0.027201543233062786,0.9463858902634413,0.8037520027315945,67.20310974121094
scene-0099_CAM_FRONT_cb39369c_eaf2f8cf,0,124519,42.48050823555958,0.01700798686235583,0.9484739841882699,0.8457305702203661,67.70242309570312
scene-0099_CAM_FRONT_cb39369c_eaf2f8cf,1,123152,41.66456689927183,0.02890096010219212,0.9477713865468967,0.8264386835815407,69.58275604248047
scene-0099_CAM_FRONT_cb39369c_eaf2f8cf,2,124065,40.84219784768211,0.0232456875582967,0.9547382659627558,0.8224200877262102,69.93060302734375
scene-0099_CAM_FRONT_cb39369c_eaf2f8cf,3,123865,41.91213572901049,0.024240866493249413,0.9528011976991568,0.8279226748614503,69.9095230102539
scene-0099_CAM_FRONT_cb39369c_eaf2f8cf,4,123557,41.96098814083677,0.025664235922280287,0.9524137840464371,0.8252567436240905,71.03456115722656
scene-0099_CAM_FRONT_0e8782aa_c7686b76,0,126791,33.82248868384402,0.01484511315731929,0.958559871825178,0.8516665353400047,72.48625183105469
scene-0099_CAM_FRONT_0e8782aa_c7686b76,1,123887,33.715118279000855,0.02228791155039689,0.9551716439471541,0.8231423843668741,72.16844177246094
scene-0099_CAM_FRONT_0e8782aa_c7686b76,2,122666,35.80539117607161,0.016579433400708554,0.9478370498778662,0.8187823391905025,70.5228042602539
scene-0099_CAM_FRONT_0e8782aa_c7686b76,3,122835,35.91332479508197,0.016899027138473244,0.9514222677487983,0.8145207890105849,70.38481903076172
scene-0099_CAM_FRONT_0e8782aa_c7686b76,4,123128,36.89598507988722,0.01742152504965877,0.9536088566700811,0.8134439103826859,70.20915985107422
scene-0099_CAM_FRONT_56f2d967_3a56f761,0,126480,41.3089476608806,0.033178559378496786,0.9561697265778898,0.8392561657867781,70.66669464111328
scene-0099_CAM_FRONT_56f2d967_3a56f761,1,123166,42.93199841729527,0.037265351330624474,0.9487629028445355,0.8112113571297245,69.59632110595703
scene-0099_CAM_FRONT_56f2d967_3a56f761,2,123750,42.022665845701134,0.04413199211679286,0.9579295038478712,0.813785359703727,72.27825164794922
scene-0099_CAM_FRONT_56f2d967_3a56f761,3,121792,42.13928834808259,0.027478298760519104,0.9564652115672524,0.8001667848606624,71.86116790771484
scene-0099_CAM_FRONT_56f2d967_3a56f761,4,119955,45.353836043625925,0.061402711860544024,0.9558808079216242,0.789397998581672,69.58302307128906
scene-0100_CAM_FRONT_028a3f3a_57913445,0,74880,16.806955785873814,0.028110662992762547,0.928755285898143,0.4916870222992672,67.05681610107422
scene-0100_CAM_FRONT_028a3f3a_57913445,1,74461,16.59726847108379,0.026368064798290902,0.9289654085572453,0.4889357287316471,67.14752197265625
scene-0100_CAM_FRONT_028a3f3a_57913445,2,74355,16.715021076523996,0.028095044364073285,0.9290573372206026,0.48823969742337087,66.9454116821289
scene-0100_CAM_FRONT_028a3f3a_57913445,3,74323,16.751652966404574,0.02780059155135417,0.9288603472276942,0.4882002994247892,66.9863052368164
scene-0100_CAM_FRONT_028a3f3a_57913445,4,74705,16.7279273152834,0.029392937158747134,0.9288800462269851,0.49056417933968954,66.678466796875
scene-0100_CAM_FRONT_6e80e8ce_70fce5a2,0,74016,16.817283086464354,0.02658090588230899,0.9290836025529903,0.4862303994957056,67.21891021728516
scene-0100_CAM_FRONT_6e80e8ce_70fce5a2,1,73871,16.36893297568793,0.02718318068583203,0.9290442045544086,0.4852323168649699,67.87896728515625
scene-0100_CAM_FRONT_6e80e8ce_70fce5a2,2,73841,16.671338283344507,0.029858732047325365,0.9290113728889239,0.484864602211541,67.5960464477539
scene-0100_CAM_FRONT_6e80e8ce_70fce5a2,3,74300,16.641034679878054,0.02993827926905701,0.9289719748903422,0.4881937330916923,66.92967987060547
scene-0100_CAM_FRONT_6e80e8ce_70fce5a2,4,73851,16.746549211248286,0.02608402557060785,0.9289719748903422,0.48494339820870436,66.9486083984375
scene-0100_CAM_FRONT_52908013_d09b065a,0,74867,16.875983883058474,0.029332908857983675,0.9289457095579544,0.49164762430068554,66.76177978515625
scene-0100_CAM_FRONT_52908013_d09b065a,1,74560,16.34797661095796,0.025805913151648374,0.9289260105586636,0.4895857957082447,67.47786712646484
scene-0100_CAM_FRONT_52908013_d09b065a,2,74571,16.238692952597074,0.02685889343614889,0.9289325768917606,0.48965802537231107,68.05535888671875
scene-0100_CAM_FRONT_52908013_d09b065a,3,74293,16.47397650021355,0.028824056310172708,0.929004806555827,0.48783258477136027,67.5714340209961
scene-0100_CAM_FRONT_52908013_d09b065a,4,74454,16.54112916666666,0.028550932526705708,0.9290770362198933,0.4888897643999685,66.885986328125
scene-0100_CAM_FRONT_b32fbd9e_de52afcc,0,74986,16.451574137791454,0.025342524485405082,0.9291361332177659,0.4923830536075434,66.53113555908203
scene-0100_CAM_FRONT_b32fbd9e_de52afcc,1,74457,16.323400444664028,0.02823239042535164,0.9291033015522812,0.48890946339925934,67.21172332763672
scene-0100_CAM_FRONT_b32fbd9e_de52afcc,2,74584,16.290748396629777,0.02691836584830587,0.9290376382213117,0.48974338770257136,67.69979858398438
scene-0100_CAM_FRONT_b32fbd9e_de52afcc,3,74267,16.53719146286232,0.027633797756901224,0.9291886638825414,0.48766186011083973,66.96488189697266
scene-0100_CAM_FRONT_b32fbd9e_de52afcc,4,73589,16.83057724141016,0.025431999954414142,0.9290442045544086,0.4832098862711108,65.41056060791016
scene-0100_CAM_FRONT_7586016d_79a822a6,0,73924,16.984286949282787,0.021466397054575204,0.9289719748903422,0.4854424395240722,65.86921691894531
scene-0100_CAM_FRONT_7586016d_79a822a6,1,73390,16.964820201684393,0.02563318025007355,0.9290179392220208,0.4819031859848186,66.5557632446289
scene-0100_CAM_FRONT_7586016d_79a822a6,2,73482,16.953080640447556,0.02760275387791422,0.9291558322170567,0.48250728862973763,66.56768798828125
scene-0100_CAM_FRONT_7586016d_79a822a6,3,73627,17.1639509838907,0.029219030944657387,0.9290573372206026,0.4834594069287947,65.73322296142578
scene-0100_CAM_FRONT_7586016d_79a822a6,4,73780,17.133461033802007,0.024611213383205044,0.92899824022273,0.48458881622146927,65.57218170166016
scene-0100_CAM_FRONT_9cae0163_94b913a2,0,74198,17.56433644895663,0.02669326162923702,0.9290376382213117,0.48734667612218635,65.54605865478516
scene-0100_CAM_FRONT_9cae0163_94b913a2,1,73732,17.036178777869527,0.026885328539830944,0.9290113728889239,0.48426706589971896,66.98827362060547
scene-0100_CAM_FRONT_9cae0163_94b913a2,2,73604,17.390366252670944,0.02343752816417366,0.9291033015522812,0.4833740445985344,65.89459991455078
scene-0100_CAM_FRONT_9cae0163_94b913a2,3,73250,17.471097665285278,0.022799017371547103,0.9291886638825414,0.48110865968008826,65.70343017578125
scene-0100_CAM_FRONT_9cae0163_94b913a2,4,73496,17.35333864279935,0.028017277354170256,0.9291230005515719,0.4827108449557429,66.36446380615234
scene-0100_CAM_FRONT_aa126aad_44049613,0,71929,18.087347059897738,0.02838783560132807,0.9291755312163475,0.4723097733301815,66.22097778320312
scene-0100_CAM_FRONT_aa126aad_44049613,1,71770,17.648588045131845,0.025430328088004606,0.9291230005515719,0.4712657263677672,67.03945922851562
scene-0100_CAM_FRONT_aa126aad_44049613,2,71860,18.459188790372036,0.027075090567821203,0.9290901688860873,0.47185669634649224,64.47156524658203
scene-0100_CAM_FRONT_aa126aad_44049613,3,72300,17.713908450704217,0.028161691647994536,0.9291558322170567,0.4747458829091482,66.95987701416016
scene-0100_CAM_FRONT_aa126aad_44049613,4,72025,17.64863625244618,0.02993811927261758,0.9289785412234391,0.47294014130748824,66.75322723388672
scene-0100_CAM_FRONT_7613f642_3e743a8c,0,73230,17.479804201244814,0.03075702615963838,0.9288143828960156,0.48085257268930737,67.1490707397461
scene-0100_CAM_FRONT_7613f642_3e743a8c,1,72113,17.670224732990512,0.030703747909896606,0.9288209492291125,0.47351797862001943,66.0804443359375
scene-0100_CAM_FRONT_7613f642_3e743a8c,2,72078,17.511069685981166,0.030198997216468015,0.9288275155622094,0.47328815696162635,66.73077392578125
scene-0100_CAM_FRONT_7613f642_3e743a8c,3,70877,17.511061858151475,0.026455843748611763,0.9289325768917606,0.465401990912195,66.09293365478516
scene-0100_CAM_FRONT_7613f642_3e743a8c,4,71733,17.27558578011684,0.03058544496466853,0.9289063115593728,0.4710227720431802,67.09378051757812
scene-0101_CAM_FRONT_d5324133_901cfd30,0,69628,18.55312541270471,0.026083680279142207,0.9282299792503874,0.4572006408741103,66.90678405761719
scene-0101_CAM_FRONT_d5324133_901cfd30,1,68900,18.69854175142392,0.024557557530823892,0.9283810049116171,0.45242035037953404,65.45738220214844
scene-0101_CAM_FRONT_d5324133_901cfd30,2,68585,18.66344275841346,0.029181256656772625,0.9285517295721377,0.45035195545399626,65.94471740722656
scene-0101_CAM_FRONT_d5324133_901cfd30,3,68611,18.426969246870772,0.03177160092544584,0.9285845612376225,0.45052268011451685,66.78778076171875
scene-0101_CAM_FRONT_d5324133_901cfd30,4,68820,18.63465646496131,0.025706902615305838,0.9286896225671736,0.4518950437317784,66.19026184082031
scene-0101_CAM_FRONT_5c9d217c_7693424b,0,69063,19.59498419396168,0.02437931911854596,0.9288997452262758,0.45349066267433613,65.75245666503906
scene-0101_CAM_FRONT_5c9d217c_7693424b,1,68154,19.63980081427748,0.023973262074352908,0.9292149292149292,0.44752186588921283,65.52989196777344
scene-0101_CAM_FRONT_5c9d217c_7693424b,2,67839,19.575099646614074,0.023170955696285134,0.9290770362198933,0.44545347096367505,65.93962097167969
scene-0101_CAM_FRONT_5c9d217c_7693424b,3,67454,19.229610542335358,0.024764546248838393,0.928157749586321,0.4429254327213511,66.61988067626953
scene-0101_CAM_FRONT_5c9d217c_7693424b,4,66866,19.411037975721786,0.02025480259826673,0.927074304625325,0.43906442886034724,66.51172637939453
scene-0101_CAM_FRONT_48ea4572_47fce09b,0,70103,22.17988263182239,0.018692398426814805,0.9263782733170488,0.46038531242612873,66.98229217529297
scene-0101_CAM_FRONT_48ea4572_47fce09b,1,72103,22.39983512197428,0.026747057775208916,0.9250518740314658,0.4734917132876317,66.33470916748047
scene-0101_CAM_FRONT_48ea4572_47fce09b,2,71009,22.0760808752157,0.03246295726299797,0.9238896330733065,0.4662687468809918,66.42623901367188
scene-0101_CAM_FRONT_48ea4572_47fce09b,3,69044,23.335727471196044,0.027455005583767456,0.9222414834659732,0.4533659023454942,66.4823226928711
scene-0101_CAM_FRONT_48ea4572_47fce09b,4,64076,22.753163303043106,0.022410720811579132,0.9194967562314501,0.4207443595198697,67.5533676147461
scene-0101_CAM_FRONT_eaad6827_9ce5d3ae,0,104522,67.85513272849461,0.041339062270998816,0.9149988180600426,0.6882108055577444,67.9114990234375
scene-0101_CAM_FRONT_eaad6827_9ce5d3ae,1,103286,70.64879281059345,0.02052730892184851,0.9123263204895858,0.6803312058414099,66.97847747802734
scene-0101_CAM_FRONT_eaad6827_9ce5d3ae,2,102155,69.6147901304594,0.015309481927339164,0.9119717385023507,0.6726354634517899,67.57499694824219
scene-0101_CAM_FRONT_eaad6827_9ce5d3ae,3,96015,73.08533517573701,0.022923375597858175,0.8884117353505109,0.6332177658708271,65.92390441894531
scene-0101_CAM_FRONT_eaad6827_9ce5d3ae,4,93666,71.18167315351195,0.020439904123627173,0.886231712762325,0.6187455677251595,67.36920166015625
scene-0101_CAM_FRONT_59a27b7f_b2fecdf1,0,90215,91.09040829552819,0.0228914011978123,0.8793961600084049,0.5960260552097287,67.98674774169922
scene-0101_CAM_FRONT_59a27b7f_b2fecdf1,1,84948,91.54090979064036,0.016460080322957982,0.8657513198329525,0.5606203871509994,68.45697784423828
scene-0101_CAM_FRONT_59a27b7f_b2fecdf1,2,83256,98.43903125000004,0.017995368542941037,0.8621726682951173,0.5500026265332387,65.69294738769531
scene-0101_CAM_FRONT_59a27b7f_b2fecdf1,3,82375,92.87475980987055,0.014891848671013008,0.8663882541433562,0.5437120794263651,68.61373901367188
scene-0101_CAM_FRONT_59a27b7f_b2fecdf1,4,78317,89.30333011583011,0.021355376881448507,0.8668413311270454,0.5169083077246343,69.6575698852539
scene-0101_CAM_FRONT_dac52a02_2cdbffa3,0,73219,76.64019900194742,0.027120804623823602,0.8725803062537757,0.484621647886954,70.48033142089844
scene-0101_CAM_FRONT_dac52a02_2cdbffa3,1,70105,71.8483998905908,0.022211641970962148,0.8642738948861398,0.46288708533606493,70.50617980957031
scene-0101_CAM_FRONT_dac52a02_2cdbffa3,2,69235,69.65665275336846,0.026915484615043006,0.8593819767289155,0.4689215454521577,73.40483093261719
scene-0101_CAM_FRONT_dac52a02_2cdbffa3,3,62630,74.38432028705212,0.04033275348358689,0.8297021511307225,0.4163383500118194,69.70951080322266
scene-0101_CAM_FRONT_dac52a02_2cdbffa3,4,57573,73.15849151504544,0.03761419542347877,0.8272200772200772,0.3781222913875975,68.825927734375
scene-0101_CAM_FRONT_e2c7c91b_05e8bcef,0,64738,79.48077139639638,0.01869899599128999,0.851272555354188,0.42542615501799175,72.1508560180664
scene-0101_CAM_FRONT_e2c7c91b_05e8bcef,1,67224,80.91847626396238,0.015908042864347216,0.8666640401334279,0.44245922307146796,70.9002456665039
scene-0101_CAM_FRONT_e2c7c91b_05e8bcef,2,69138,79.63347105146406,0.01632654769744324,0.881418590602264,0.4573057022036614,72.57122039794922
scene-0101_CAM_FRONT_e2c7c91b_05e8bcef,3,67459,80.9383610551075,0.013906485190858575,0.8821146219105402,0.4474299372258556,71.77333068847656
scene-0101_CAM_FRONT_e2c7c91b_05e8bcef,4,65302,77.37999973650922,0.013218332311977221,0.8735783888845113,0.4289785412234392,72.36557006835938
scene-0101_CAM_FRONT_b43de5e5_21971c1e,0,63006,65.50729993957185,0.011746801041098376,0.8706892023218554,0.41405326609408244,69.93274688720703
scene-0101_CAM_FRONT_b43de5e5_21971c1e,1,63863,64.09175275482096,0.010937977795326681,0.8711094476400599,0.4205605021931553,70.18540954589844
scene-0101_CAM_FRONT_b43de5e5_21971c1e,2,64698,65.93387650804289,0.017121999528165066,0.8848199511464817,0.43008825151682295,68.32454681396484
scene-0101_CAM_FRONT_b43de5e5_21971c1e,3,66626,61.96913097366709,0.01806520902365838,0.8923778005410659,0.4422622330785596,69.80667114257812
scene-0101_CAM_FRONT_b43de5e5_21971c1e,4,66015,63.89467819357363,0.01689377115805879,0.9026475455046884,0.4362803036272424,69.79942321777344
scene-0102_CAM_FRONT_806011e8_ded4f73c,0,70940,38.42220068238214,0.024717771394066945,0.7708612402489954,0.46603235888950173,73.2052993774414
scene-0102_CAM_FRONT_806011e8_ded4f73c,1,71516,39.34510884990918,0.03764046399572285,0.762009823234313,0.46978173508785753,71.15797424316406
scene-0102_CAM_FRONT_806011e8_ded4f73c,2,70563,38.42921145743301,0.03744511404286488,0.7458041131510519,0.46335329498594807,68.8294677734375
scene-0102_CAM_FRONT_806011e8_ded4f73c,3,71337,34.93366221748155,0.02319788662966893,0.7271228954902424,0.46871798912615237,71.19041442871094
scene-0102_CAM_FRONT_806011e8_ded4f73c,4,67120,35.8841217731916,0.013543208249407801,0.7111404407322774,0.44105402778872166,70.2392807006836
scene-0102_CAM_FRONT_bf5592d0_d5d6c0c4,0,62186,34.19989539996217,0.017275335488515342,0.6832203924040658,0.40865574028839335,70.9502944946289
scene-0102_CAM_FRONT_bf5592d0_d5d6c0c4,1,62546,35.131958312531204,0.01939836234749026,0.6529430304940509,0.411938906836866,68.66313171386719
scene-0102_CAM_FRONT_bf5592d0_d5d6c0c4,2,57671,35.14256164828033,0.025227379402560146,0.6202755233367478,0.3807553909594726,67.13050842285156
scene-0102_CAM_FRONT_bf5592d0_d5d6c0c4,3,53958,35.88406950727773,0.020608246908282446,0.6076287657920311,0.3550219315525438,65.24779510498047
scene-0102_CAM_FRONT_bf5592d0_d5d6c0c4,4,49041,33.366859526372444,0.016179168558696055,0.6161190344863814,0.3220195414072965,66.24408721923828
scene-0102_CAM_FRONT_b9237446_7f11a83e,0,53982,33.86808721209214,0.019974275321007262,0.6328434848843012,0.3545294565702729,64.57044982910156
scene-0102_CAM_FRONT_b9237446_7f11a83e,1,56587,34.40845117634439,0.021579082072530564,0.6302957476426864,0.37156909095684604,64.71736907958984
scene-0102_CAM_FRONT_b9237446_7f11a83e,2,60486,33.1511336897292,0.016626081845226626,0.6566398760276311,0.39717122370183594,65.63044738769531
scene-0102_CAM_FRONT_b9237446_7f11a83e,3,60022,34.594299748055164,0.017281849523306914,0.671801539148478,0.3941244451448533,63.076717376708984
scene-0102_CAM_FRONT_b9237446_7f11a83e,4,59107,33.79540938971742,0.016914380858964684,0.678164315919418,0.38811625036114833,63.84968948364258
scene-0102_CAM_FRONT_32dbf459_1c79e219,0,65322,35.19287952357237,0.02956099981670479,0.6868844062721614,0.4290573372206025,65.46638488769531
scene-0102_CAM_FRONT_32dbf459_1c79e219,1,64955,35.28805504212517,0.03168708169793977,0.6929057337220602,0.42651616631208467,66.1334228515625
scene-0102_CAM_FRONT_32dbf459_1c79e219,2,65004,37.81655401309408,0.030656561840229912,0.6991371838310614,0.42685761563312585,64.05502319335938
scene-0102_CAM_FRONT_32dbf459_1c79e219,3,60546,37.35959700608932,0.01583432117528205,0.7040422346544796,0.3975717700207496,64.3283920288086
scene-0102_CAM_FRONT_32dbf459_1c79e219,4,58699,38.51740246549422,0.021145357494327666,0.7127885903396107,0.3854371864575946,64.1924057006836
scene-0102_CAM_FRONT_2eb164aa_cb8f79c8,0,64855,30.529526654411768,0.011445426323059671,0.7236755706143462,0.42594489533265045,64.94482421875
scene-0102_CAM_FRONT_2eb164aa_cb8f79c8,1,67484,30.513885423065105,0.016821418526675735,0.7355475008536233,0.44379218869014786,64.80128479003906
scene-0102_CAM_FRONT_2eb164aa_cb8f79c8,2,69255,31.131293169930263,0.021220067263003628,0.7467233997846243,0.4572925695374675,62.71653366088867
scene-0102_CAM_FRONT_2eb164aa_cb8f79c8,3,65509,29.215650437667257,0.011737074376261702,0.7534210595435086,0.4321303811099729,64.776123046875
scene-0102_CAM_FRONT_2eb164aa_cb8f79c8,4,72177,30.671317329731497,0.01635494355097089,0.7463294197988075,0.4829866309458146,64.49311828613281
scene-0102_CAM_FRONT_f4186246_3c7b830b,0,72411,33.05477189429012,0.02843883255409363,0.7317127623250073,0.4868476348068185,65.82550048828125
scene-0102_CAM_FRONT_f4186246_3c7b830b,1,77130,34.73322950607226,0.024698528585889612,0.7066753342263546,0.5408819898615816,67.94200897216797
scene-0102_CAM_FRONT_f4186246_3c7b830b,2,77982,34.49018509615385,0.021912007711115233,0.6936345966958212,0.5258319544033829,69.3183822631836
scene-0102_CAM_FRONT_f4186246_3c7b830b,3,72677,34.405521071837434,0.015217172139849744,0.6806069918314817,0.4790862290862291,68.84593200683594
scene-0102_CAM_FRONT_f4186246_3c7b830b,4,70436,34.99476863293445,0.01217698056121952,0.7051125469492816,0.46251280434953906,67.88554382324219
scene-0102_CAM_FRONT_8b06ab55_e26feac8,0,69570,37.80193234140517,0.012228391782555637,0.708546739158984,0.45695112021642637,65.7135009765625
scene-0102_CAM_FRONT_8b06ab55_e26feac8,1,69917,37.054897646360764,0.008427743250509767,0.7271163291571455,0.45915084180390303,66.71244812011719
scene-0102_CAM_FRONT_8b06ab55_e26feac8,2,67724,37.62379947916668,0.018472265338136395,0.7376027631129672,0.44469834265752634,65.4859390258789
scene-0102_CAM_FRONT_8b06ab55_e26feac8,3,65962,40.58990282372401,0.016610729323427886,0.7528103905654926,0.4331284637407086,64.59473419189453
scene-0102_CAM_FRONT_8b06ab55_e26feac8,4,60275,38.007433894230765,0.021718706558210066,0.7691539936437896,0.3957857274183805,65.6143569946289
scene-0102_CAM_FRONT_9a95f1a1_7844c7bf,0,62721,43.32661560822899,0.03475639319301127,0.7843878864287027,0.4119783048354477,64.55541229248047
scene-0102_CAM_FRONT_9a95f1a1_7844c7bf,1,62987,39.44827645285088,0.021030660325519257,0.8055840096656424,0.4137577811047199,66.4847640991211
scene-0102_CAM_FRONT_9a95f1a1_7844c7bf,2,74644,37.96794143859246,0.016153957835194133,0.8687521340582565,0.4901373676883881,68.60859680175781
scene-0102_CAM_FRONT_9a95f1a1_7844c7bf,3,66255,40.08507514170644,0.01709418862225931,0.8512528563548972,0.43506553200430753,66.61090087890625
scene-0102_CAM_FRONT_9a95f1a1_7844c7bf,4,68164,41.001063407441,0.01460105123724098,0.8564074278359992,0.4475875292201823,66.9439926147461
scene-0103_CAM_FRONT_3e8750f3_747aa46b,0,122732,31.704208333333344,0.016906772509506007,0.9193391642371235,0.8466235915215508,66.56424713134766
scene-0103_CAM_FRONT_3e8750f3_747aa46b,1,122794,32.36758711636829,0.022849869468261952,0.9201796548735324,0.8515614740104536,66.80070495605469
scene-0103_CAM_FRONT_3e8750f3_747aa46b,2,122586,33.80855679130276,0.014438831468695623,0.9207837575184514,0.8533409502797258,67.02165985107422
scene-0103_CAM_FRONT_3e8750f3_747aa46b,3,125408,34.72680386178861,0.017043802979181732,0.9284532345756835,0.8643395582171093,66.97760009765625
scene-0103_CAM_FRONT_3e8750f3_747aa46b,4,129118,32.72401794678715,0.029835338528950928,0.9374819425839834,0.8696057573608594,68.89749908447266
scene-0103_CAM_FRONT_f4f86af4_a98fba72,0,129774,30.25162533836041,0.019131084183498404,0.942938565387545,0.8809392482861871,67.4078140258789
scene-0103_CAM_FRONT_f4f86af4_a98fba72,1,128243,29.872792235494874,0.019045341863855647,0.9350458330050166,0.8614044073227747,66.75726318359375
scene-0103_CAM_FRONT_f4f86af4_a98fba72,2,127314,29.018633261494255,0.024595050644953487,0.9353413179943793,0.8503532687206157,69.59052276611328
scene-0103_CAM_FRONT_f4f86af4_a98fba72,3,123173,29.975674524163068,0.011081117875991087,0.9140007354293068,0.8189990281827016,68.09494018554688
scene-0103_CAM_FRONT_f4f86af4_a98fba72,4,120508,30.39672544080604,0.01953584404739539,0.9118010138418302,0.8049799070207233,69.54501342773438
scene-0103_CAM_FRONT_b6b0d9f2_f753d3f8,0,128061,30.989452448006933,0.026380709263846835,0.9178157749586321,0.8616013973156831,70.95238494873047
scene-0103_CAM_FRONT_b6b0d9f2_f753d3f8,1,130170,31.567095588235286,0.031756962629444274,0.929838730859139,0.8759751004648964,71.08448028564453
scene-0103_CAM_FRONT_b6b0d9f2_f753d3f8,2,128872,31.38332853783027,0.031243991889384093,0.9300357208520473,0.8643789562156909,70.9031982421875
scene-0103_CAM_FRONT_b6b0d9f2_f753d3f8,3,129174,32.16943217844204,0.026735067742242435,0.9295629448690673,0.8683909857379245,70.53120422363281
scene-0103_CAM_FRONT_b6b0d9f2_f753d3f8,4,128214,31.765091095559846,0.02252729954753252,0.9298715625246238,0.8612599479946419,70.3626937866211
scene-0103_CAM_FRONT_b22fa0b3_9ee40201,0,121799,27.4138629300068,0.03141390921660925,0.9281314842539332,0.8120978120978121,71.09854125976562
scene-0103_CAM_FRONT_b22fa0b3_9ee40201,1,121471,27.759944672848132,0.03386798230397936,0.9256822420087726,0.8134898747143645,70.11897277832031
scene-0103_CAM_FRONT_b22fa0b3_9ee40201,2,121237,26.996900241331762,0.03500237367313774,0.9243427100569958,0.8090247682084417,71.011962890625
scene-0103_CAM_FRONT_b22fa0b3_9ee40201,3,121510,28.72500482584077,0.03353594146608052,0.9237189084127859,0.8121700417618785,69.5060806274414
scene-0103_CAM_FRONT_b22fa0b3_9ee40201,4,122159,27.61397200772201,0.038139609030372945,0.9225632337877235,0.8129054710687363,70.98085021972656
scene-0103_CAM_FRONT_5b03af7a_0af0feb5,0,123853,27.654159985137678,0.03172151958828717,0.9222283507997794,0.8219801434087148,69.62548065185547
scene-0103_CAM_FRONT_5b03af7a_0af0feb5,1,123159,28.587776837731322,0.032948117353230444,0.9218146718146718,0.8192945131720641,69.4300537109375
scene-0103_CAM_FRONT_5b03af7a_0af0feb5,2,122930,29.925387486303865,0.028777163292915908,0.9210858088409108,0.8189005331862474,68.4759750366211
scene-0103_CAM_FRONT_5b03af7a_0af0feb5,3,122622,30.31772276884701,0.03849057433512071,0.9216045491555696,0.815466340976545,67.95974731445312
scene-0103_CAM_FRONT_5b03af7a_0af0feb5,4,122885,30.924717162138318,0.03721945537338911,0.920954482178972,0.8188020381897932,66.77396392822266
scene-0103_CAM_FRONT_61d9340c_6d9984d0,0,124894,27.51588848367237,0.03541253566743352,0.9206983951881911,0.8362684842276679,67.7577896118164
scene-0103_CAM_FRONT_61d9340c_6d9984d0,1,124894,27.563170303254438,0.031165671985499577,0.9191093425787303,0.8358219735770757,67.35189056396484
scene-0103_CAM_FRONT_61d9340c_6d9984d0,2,125272,27.569745496371187,0.03271116618133041,0.918669398261235,0.8355264885877131,67.08263397216797
scene-0103_CAM_FRONT_61d9340c_6d9984d0,3,124593,28.082097833806827,0.04181358876481012,0.915314002048696,0.8285399101725632,66.45484161376953
scene-0103_CAM_FRONT_61d9340c_6d9984d0,4,124112,29.19246514563818,0.04256483232688146,0.9149068893966853,0.8301946261129934,65.36546325683594
scene-0103_CAM_FRONT_38a28a3a_1c9a906c,0,125068,27.650118458410073,0.0398285173447368,0.918321382607097,0.8370170462007197,64.46781921386719
scene-0103_CAM_FRONT_38a28a3a_1c9a906c,1,125749,28.118061653286507,0.036698240916741565,0.9167717279962178,0.8391117064586452,64.64797973632812
scene-0103_CAM_FRONT_38a28a3a_1c9a906c,2,125174,27.90720324933687,0.03978116013696198,0.9164434113413705,0.8327554960208021,64.10692596435547
scene-0103_CAM_FRONT_38a28a3a_1c9a906c,3,124938,27.5331895530638,0.03792351715772768,0.9174283613059123,0.8285530428387571,65.91348266601562
scene-0103_CAM_FRONT_38a28a3a_1c9a906c,4,124022,27.989659446764094,0.028754321051454035,0.9167651616631208,0.8207325401202952,65.98152923583984
scene-0103_CAM_FRONT_a771effa_281b9226,0,125199,28.025174822126115,0.0187678890864027,0.9172642029784887,0.8456320752239119,66.98385620117188
scene-0103_CAM_FRONT_a771effa_281b9226,1,126355,28.40938295390271,0.02223181003176844,0.9178748719565046,0.852953536627006,66.61109161376953
scene-0103_CAM_FRONT_a771effa_281b9226,2,126121,27.90622953652502,0.014891804005160214,0.9168439576602841,0.842618128332414,67.71768188476562
scene-0103_CAM_FRONT_a771effa_281b9226,3,124125,27.715098668426098,0.03041192671840376,0.9206327318572216,0.8252567436240905,67.07823181152344
scene-0103_CAM_FRONT_a771effa_281b9226,4,125014,30.40363820393881,0.023266960988821195,0.9170934783179682,0.8310876474141781,66.37337493896484
scene-0104_CAM_FRONT_f1b7b463_17d84afe,0,125090,26.00417273294509,0.015777091799023202,0.9288078165629186,0.835178472933575,67.36283111572266
scene-0104_CAM_FRONT_f1b7b463_17d84afe,1,123929,26.250656250000006,0.013633774566355505,0.9285845612376225,0.8279358075276443,67.99523162841797
scene-0104_CAM_FRONT_f1b7b463_17d84afe,2,124392,26.27791986520793,0.016474928214928797,0.9273632232815906,0.8268523625666483,67.77823638916016
scene-0104_CAM_FRONT_f1b7b463_17d84afe,3,124569,26.26439475574712,0.016979781408620997,0.9265292989782785,0.8249021616368555,68.08377838134766
scene-0104_CAM_FRONT_f1b7b463_17d84afe,4,122975,26.31866340475469,0.020405536961797033,0.9259842933312321,0.8175413022351797,67.35857391357422
scene-0104_CAM_FRONT_d597cf64_115f9017,0,124586,29.00519085570469,0.029579185590235202,0.9261024873269771,0.8637748535707719,68.02886962890625
scene-0104_CAM_FRONT_d597cf64_115f9017,1,127467,29.48519347666448,0.031772251336561474,0.9255968796785123,0.8612271163291572,67.60968780517578
scene-0104_CAM_FRONT_d597cf64_115f9017,2,122684,29.809770453806124,0.03162257210359942,0.923712342079689,0.8569589998161427,67.01127624511719
scene-0104_CAM_FRONT_d597cf64_115f9017,3,123227,31.246721360861176,0.01979984156684189,0.92491398103643,0.8614175399889685,66.62934875488281
scene-0104_CAM_FRONT_d597cf64_115f9017,4,127541,30.24916734244671,0.0282617432743959,0.9268116513014473,0.8576812964568067,67.66496276855469
scene-0104_CAM_FRONT_45266b13_bfc227cc,0,125580,28.668584118150676,0.029824618956533433,0.9271399679562945,0.8443713392692984,66.99771118164062
scene-0104_CAM_FRONT_45266b13_bfc227cc,1,121396,28.007687388790035,0.018736976521636528,0.9287946838967247,0.8134570430488798,67.13349151611328
scene-0104_CAM_FRONT_45266b13_bfc227cc,2,124754,27.84951165360241,0.0241632948465631,0.926601528642345,0.8322433220392405,68.73503875732422
scene-0104_CAM_FRONT_45266b13_bfc227cc,3,125144,29.696199596774193,0.024967056842224444,0.9303049405090221,0.8347582276153704,66.48643493652344
scene-0104_CAM_FRONT_45266b13_bfc227cc,4,126331,28.19604755898238,0.018350507629205648,0.9277243716019227,0.8337732776508286,69.69969177246094
scene-0104_CAM_FRONT_6252789d_9d2eedd2,0,127715,33.69763394788062,0.02060185218319166,0.9248942820371392,0.8841764505029811,71.07646179199219
scene-0104_CAM_FRONT_6252789d_9d2eedd2,1,127902,34.99233962458745,0.02700453784938417,0.9216439471541512,0.8804402069708193,69.55331420898438
scene-0104_CAM_FRONT_6252789d_9d2eedd2,2,128020,35.267520223246564,0.021221262683833286,0.9174020959735245,0.8761655241247078,69.97177124023438
scene-0104_CAM_FRONT_6252789d_9d2eedd2,3,128402,34.83028005826271,0.023283514135215677,0.9169687179891262,0.8746027368476348,70.32471466064453
scene-0104_CAM_FRONT_6252789d_9d2eedd2,4,129153,34.18924677518427,0.025091070692078166,0.9176253512988207,0.8732369395634701,71.56558990478516
scene-0104_CAM_FRONT_620c129c_4c8a92a8,0,129462,33.164404845505615,0.021418536935067456,0.9225435347884328,0.8820029942478922,69.11243438720703
scene-0104_CAM_FRONT_620c129c_4c8a92a8,1,128995,35.13654836429726,0.017483801013098432,0.9231016731016731,0.878306148714312,67.6627426147461
scene-0104_CAM_FRONT_620c129c_4c8a92a8,2,129101,34.80604417802237,0.018683079081776466,0.919273500906154,0.8741627925301395,68.01020812988281
scene-0104_CAM_FRONT_620c129c_4c8a92a8,3,129448,34.98039193372178,0.014901118600503471,0.9174217949728154,0.8698684106847372,69.57122039794922
scene-0104_CAM_FRONT_620c129c_4c8a92a8,4,129055,35.33708768886156,0.01526981873627875,0.9156029207049615,0.8637814199038689,68.07643127441406
scene-0104_CAM_FRONT_b6060b7c_d58ef648,0,128863,35.573150170972646,0.026820383656782187,0.9110852835342631,0.8557704935255955,66.86451721191406
scene-0104_CAM_FRONT_b6060b7c_d58ef648,1,127970,36.58109607182167,0.03551848439561711,0.9060686050481969,0.848028786804297,67.13883972167969
scene-0104_CAM_FRONT_b6060b7c_d58ef648,2,127634,37.182665470494435,0.03375020225266301,0.9016494628739526,0.841416489375673,65.2212142944336
scene-0104_CAM_FRONT_b6060b7c_d58ef648,3,125353,35.36555318938192,0.01773406534046007,0.8901124156226197,0.8236545583484359,66.03234100341797
scene-0104_CAM_FRONT_b6060b7c_d58ef648,4,123148,36.26022366331393,0.018335984208482703,0.8815893152627846,0.8089131405457936,66.4527816772461
scene-0104_CAM_FRONT_c1522345_4207bb5a,0,120542,31.472181934700483,0.022344990893094163,0.871450896961101,0.7918735061592205,68.76908874511719
scene-0104_CAM_FRONT_c1522345_4207bb5a,1,118003,31.5765311716792,0.017820891941713324,0.862448454285189,0.7750702597641373,68.44837188720703
scene-0104_CAM_FRONT_c1522345_4207bb5a,2,115340,29.994095777124002,0.01913081749621015,0.8561644735114123,0.7581422530402122,68.87611389160156
scene-0104_CAM_FRONT_c1522345_4207bb5a,3,108786,30.76569091796874,0.023283849476376073,0.825434034617708,0.714804454600373,68.94679260253906
scene-0104_CAM_FRONT_c1522345_4207bb5a,4,101384,31.053212056801733,0.016932276523713874,0.7981246552675124,0.666870222992672,68.2840805053711
scene-0105_CAM_FRONT_8d56b71c_dc3e689e,0,62085,48.58925271739128,0.025866192818192246,0.650296798255982,0.4138431434349802,69.75594329833984
scene-0105_CAM_FRONT_8d56b71c_dc3e689e,1,62288,46.27844440607736,0.030911139462092674,0.6507170435741865,0.4126743361437239,69.78634643554688
scene-0105_CAM_FRONT_8d56b71c_dc3e689e,2,63626,43.33836597993169,0.02114157173230158,0.6608160638772884,0.4288209492291125,70.6496353149414
scene-0105_CAM_FRONT_8d56b71c_dc3e689e,3,65982,45.574189814814815,0.021068692347325113,0.6726026317863053,0.4523546870485646,70.1231918334961
scene-0105_CAM_FRONT_8d56b71c_dc3e689e,4,70562,45.69080272511847,0.023228186112010052,0.6950266593123736,0.4914506343077772,70.37623596191406
scene-0105_CAM_FRONT_f644a6fc_cef8438a,0,66004,32.979618695596514,0.010610366283977823,0.6870354319333911,0.44131011477950255,71.52192687988281
scene-0105_CAM_FRONT_f644a6fc_cef8438a,1,65523,35.3255024805267,0.01863929336532033,0.6809090431539411,0.43913009219131666,67.5670166015625
scene-0105_CAM_FRONT_f644a6fc_cef8438a,2,67150,34.01796418890743,0.015839204198491386,0.7368542011399154,0.4537927139967956,69.03081512451172
scene-0105_CAM_FRONT_f644a6fc_cef8438a,3,63944,33.9955275752051,0.012721035362225575,0.7357444908465317,0.42575447167283903,67.95806884765625
scene-0105_CAM_FRONT_f644a6fc_cef8438a,4,60937,35.3050365120275,0.013247517879292126,0.7319097523179156,0.40015890526094605,68.3961410522461
scene-0105_CAM_FRONT_70189da8_113bdf92,0,63720,45.569660439488786,0.011847395474511746,0.7333937435978253,0.4189780159167914,72.25958251953125
scene-0105_CAM_FRONT_70189da8_113bdf92,1,63674,46.542037167349015,0.014009207894718712,0.7467233997846243,0.4183936122711633,71.75575256347656
scene-0105_CAM_FRONT_70189da8_113bdf92,2,65148,47.506037341407165,0.018793172153350746,0.76610064875371,0.42839413757781103,70.42951965332031
scene-0105_CAM_FRONT_70189da8_113bdf92,3,63468,45.98337734741786,0.013981289765373717,0.778950962624432,0.416752028996927,71.74922943115234
scene-0105_CAM_FRONT_70189da8_113bdf92,4,63003,47.98234937178757,0.021993522568683588,0.78291046148189,0.41373808210542906,69.31695556640625
scene-0105_CAM_FRONT_43d141ef_a0d6bf47,0,63132,35.62287347795932,0.018140073020979308,0.7876841856433693,0.41627268668084993,69.67189025878906
scene-0105_CAM_FRONT_43d141ef_a0d6bf47,1,63839,35.34436964972047,0.022849796839411685,0.7916371181677304,0.4213221968324009,69.7773666381836
scene-0105_CAM_FRONT_43d141ef_a0d6bf47,2,65866,35.46887230431311,0.02609422286386809,0.7947692590549733,0.4354463793239303,68.13887023925781
scene-0105_CAM_FRONT_43d141ef_a0d6bf47,3,64961,34.32006726457399,0.028691142132837744,0.7935741864313293,0.4282168465841935,69.2735366821289
scene-0105_CAM_FRONT_43d141ef_a0d6bf47,4,61520,34.83341600529101,0.02247684246102999,0.7973760932944607,0.4039608121240774,69.2161636352539
scene-0105_CAM_FRONT_49ea7c2d_9d2797d7,0,63902,29.772615693306,0.018767403129343663,0.8034827830746198,0.4197988075539096,69.08548736572266
scene-0105_CAM_FRONT_49ea7c2d_9d2797d7,1,64408,29.83030670920025,0.02339111838282304,0.8006132955112547,0.42428361305912327,69.44935607910156
scene-0105_CAM_FRONT_49ea7c2d_9d2797d7,2,63613,29.25155837186261,0.02027403864563526,0.7996940088776824,0.4185774695978778,68.41770935058594
scene-0105_CAM_FRONT_49ea7c2d_9d2797d7,3,65076,30.39170224541429,0.019361516132280432,0.801775536469414,0.4283744385785202,66.93775939941406
scene-0105_CAM_FRONT_49ea7c2d_9d2797d7,4,63587,29.713483288661468,0.018116372856736174,0.8045596617025188,0.41753342263546345,68.0303955078125
scene-0105_CAM_FRONT_c3c95f1b_f144de57,0,61447,26.6355524955036,0.01711515352969517,0.7986236965828802,0.4034814698080004,68.97465515136719
scene-0105_CAM_FRONT_c3c95f1b_f144de57,1,62863,27.07788233187576,0.017434383230852557,0.8085388595592677,0.412779397473275,68.94084930419922
scene-0105_CAM_FRONT_c3c95f1b_f144de57,2,64963,25.892154707679897,0.013326194931936097,0.8151051926562131,0.42656869697686023,71.76693725585938
scene-0105_CAM_FRONT_c3c95f1b_f144de57,3,64701,26.410499855324073,0.017282239798303678,0.8130039660651905,0.42549838468205814,69.39027404785156
scene-0105_CAM_FRONT_c3c95f1b_f144de57,4,62073,27.496229258209997,0.015823614453958523,0.8147965750006566,0.40891839361227117,68.74330139160156
scene-0105_CAM_FRONT_d948e055_9c763119,0,62532,26.559031308667084,0.01648236490954158,0.8134504767157829,0.4111706458645234,68.77301025390625
scene-0105_CAM_FRONT_d948e055_9c763119,1,61703,26.190859895337777,0.025774677473928254,0.818355527539201,0.4053069104089512,69.5051040649414
scene-0105_CAM_FRONT_d948e055_9c763119,2,61856,25.558214297760387,0.02262812836392536,0.8235494970188848,0.40616710004465106,70.21681213378906
scene-0105_CAM_FRONT_d948e055_9c763119,3,61414,26.606099142957085,0.016549720464469342,0.8280408688571954,0.40326478081580125,68.32344055175781
scene-0105_CAM_FRONT_d948e055_9c763119,4,60722,25.420258535329534,0.01155343089147376,0.8415018517059334,0.398720878312715,70.71711730957031
scene-0106_CAM_FRONT_04ebf635_cd6b9c46,0,63840,27.783850955610358,0.02576212730759586,0.9053725737399206,0.42002862921230266,71.45062255859375
scene-0106_CAM_FRONT_04ebf635_cd6b9c46,1,61786,26.930713718220336,0.027211679476550676,0.9072768103380349,0.4057140230609618,72.07017517089844
scene-0106_CAM_FRONT_04ebf635_cd6b9c46,2,59374,25.408659648119922,0.0316822071707028,0.9075394636619126,0.39010584928952274,72.01991271972656
scene-0106_CAM_FRONT_04ebf635_cd6b9c46,3,61554,25.407767972797927,0.029064827966548634,0.9171000446510651,0.40889212827988336,72.40579223632812
scene-0106_CAM_FRONT_04ebf635_cd6b9c46,4,64025,24.493670550847455,0.025134165771815375,0.9132259081238673,0.4271334016231975,72.24261474609375
scene-0106_CAM_FRONT_3865cf60_a7ef3c78,0,64985,26.175222207606737,0.019420719255826224,0.9288603472276942,0.42909016888608725,72.0898666381836
scene-0106_CAM_FRONT_3865cf60_a7ef3c78,1,71911,25.0064878371869,0.010176651498639888,0.935617103984451,0.4748115462401177,72.33584594726562
scene-0106_CAM_FRONT_3865cf60_a7ef3c78,2,66628,25.693036950895355,0.010147796664217168,0.9231542037664486,0.43750164158327426,72.38710021972656
scene-0106_CAM_FRONT_3865cf60_a7ef3c78,3,66254,25.254951938545688,0.016479122334468688,0.9224450397919786,0.4350458330050167,72.8165283203125
scene-0106_CAM_FRONT_3865cf60_a7ef3c78,4,68962,25.713987223307296,0.02458201485591993,0.9324980957634019,0.45282746303154464,72.22063446044922
scene-0106_CAM_FRONT_01bbf47b_53f457e6,0,68612,28.664976358868408,0.01989985006708439,0.9384340608830405,0.4505292464476138,71.68580627441406
scene-0106_CAM_FRONT_01bbf47b_53f457e6,1,64938,29.251845147357724,0.022482781283559072,0.9349998686733381,0.4264045386494366,70.98798370361328
scene-0106_CAM_FRONT_01bbf47b_53f457e6,2,71462,28.986359759298146,0.025229428696794898,0.9546726026317863,0.469243295773908,72.47476959228516
scene-0106_CAM_FRONT_01bbf47b_53f457e6,3,64773,29.75602328974587,0.025922920076628664,0.9335355763927192,0.4253210936884406,69.78480529785156
scene-0106_CAM_FRONT_01bbf47b_53f457e6,4,70495,28.577081135724338,0.021379557856441966,0.9474102382265648,0.46289365166916185,72.2470474243164
scene-0106_CAM_FRONT_277ab77d_ec97abd9,0,101093,49.2343026226158,0.02856038093403157,0.9440417093478318,0.6645129094108686,72.19977569580078
scene-0106_CAM_FRONT_277ab77d_ec97abd9,1,105484,48.39311324191837,0.020800200924272927,0.9516783547395792,0.693063325716387,72.96096801757812
scene-0106_CAM_FRONT_277ab77d_ec97abd9,2,101297,49.79374309773608,0.022825949918126476,0.9487760355107294,0.6652811703832112,72.1068115234375
scene-0106_CAM_FRONT_277ab77d_ec97abd9,3,100275,50.1651460518648,0.016883767863147714,0.9478370498778662,0.6586754392876842,73.03424835205078
scene-0106_CAM_FRONT_277ab77d_ec97abd9,4,100989,54.168149167561765,0.017780513223085492,0.9510479867622724,0.6637643474378169,71.65290832519531
scene-0106_CAM_FRONT_42bcae21_16a1238a,0,100705,54.68200048347397,0.018150806557815535,0.9449609959814042,0.7327896409529062,70.0633316040039
scene-0106_CAM_FRONT_42bcae21_16a1238a,1,101262,52.60196930473373,0.0201492530300329,0.9454731699629659,0.7285806214377643,72.01378631591797
scene-0106_CAM_FRONT_42bcae21_16a1238a,2,99245,51.76646328816373,0.02057927822396044,0.9418222887610642,0.6866480182806713,72.60639190673828
scene-0106_CAM_FRONT_42bcae21_16a1238a,3,97840,55.39534724561995,0.013118766960818817,0.9421965697475901,0.6890775615265411,70.22489166259766
scene-0106_CAM_FRONT_42bcae21_16a1238a,4,96103,56.64554787966932,0.016475456055631277,0.9377511622409581,0.6892679851863526,69.77908325195312
scene-0106_CAM_FRONT_6f601010_16333de9,0,98636,56.31299169580419,0.02122616045742909,0.9426562130643763,0.7472290074330891,68.68479919433594
scene-0106_CAM_FRONT_6f601010_16333de9,1,96978,56.164086597779125,0.018241684523118806,0.9388871378667297,0.752521471909227,68.18553924560547
scene-0106_CAM_FRONT_6f601010_16333de9,2,92845,59.44755763633576,0.0242431020585121,0.9283744385785202,0.7256389042103328,67.6241455078125
scene-0106_CAM_FRONT_6f601010_16333de9,3,91936,57.286276155527794,0.013290709288894309,0.9224253407926878,0.7011530480918235,70.81491088867188
scene-0106_CAM_FRONT_6f601010_16333de9,4,89347,58.3258479146692,0.020538328736112277,0.9151301447219815,0.6533041788143829,69.65016174316406
scene-0106_CAM_FRONT_a8cef1a6_77a603db,0,91780,67.91372740502452,0.019189316698778214,0.9339558217109237,0.7983741759251963,68.84187316894531
scene-0106_CAM_FRONT_a8cef1a6_77a603db,1,88559,66.92575707766092,0.02293267586292025,0.938132009560581,0.783166548472671,69.18998718261719
scene-0106_CAM_FRONT_a8cef1a6_77a603db,2,87166,67.1599916608146,0.01577028818147319,0.9393861791820975,0.7816825571927613,69.5247802734375
scene-0106_CAM_FRONT_a8cef1a6_77a603db,3,81287,67.63898467055485,0.01744045560500318,0.9128187954718567,0.7492645706931421,68.90748596191406
scene-0106_CAM_FRONT_a8cef1a6_77a603db,4,81217,69.30976613695934,0.019162866694510505,0.9158918393612271,0.7455020618285925,69.43785095214844
scene-0106_CAM_FRONT_e333147a_b4ee26d8,0,79470,56.42782964939026,0.010654501003898975,0.9190108475822761,0.6254891918157224,69.27265167236328
scene-0106_CAM_FRONT_e333147a_b4ee26d8,1,78308,55.963635070931495,0.01678703962468253,0.9184461429359388,0.5514143881490821,70.01676940917969
scene-0106_CAM_FRONT_e333147a_b4ee26d8,2,74064,55.615317281589306,0.014344368584859435,0.9111837785307173,0.503007380558401,69.8259048461914
scene-0106_CAM_FRONT_e333147a_b4ee26d8,3,75962,55.36512865636958,0.010777391329089614,0.9177238462952748,0.5142555091534683,70.17274475097656
scene-0106_CAM_FRONT_e333147a_b4ee26d8,4,76319,54.15117872807015,0.01693216504769124,0.927080870958422,0.5168032463950831,69.58373260498047
scene-0107_CAM_FRONT_ad890583_4d4ba963,0,69894,44.0514642149579,0.011270569834168187,0.9192012712420876,0.46067423108239436,67.16825103759766
scene-0107_CAM_FRONT_ad890583_4d4ba963,1,69307,44.453877934514004,0.01405413071430095,0.9243558427231897,0.4562813542405379,67.89688873291016
scene-0107_CAM_FRONT_ad890583_4d4ba963,2,69025,45.71438995701673,0.014710271065939917,0.9261747169910435,0.45764715152470253,67.2783432006836
scene-0107_CAM_FRONT_ad890583_4d4ba963,3,66995,47.19867312611209,0.02027083995701462,0.9175268563023665,0.4412772831140178,66.59642028808594
scene-0107_CAM_FRONT_ad890583_4d4ba963,4,67809,43.72746394230768,0.02150325861001834,0.9151038793895937,0.44628739526698713,68.54956817626953
scene-0107_CAM_FRONT_9a8659f4_9c9f22a5,0,103531,56.28170699860729,0.017916365654813582,0.9194573582328684,0.7226906206498043,68.70016479492188
scene-0107_CAM_FRONT_9a8659f4_9c9f22a5,1,103452,54.952002245508965,0.016489096017384686,0.9221364221364221,0.7118890027053293,69.83853912353516
scene-0107_CAM_FRONT_9a8659f4_9c9f22a5,2,101869,58.01146952652787,0.020389931083008683,0.9197003125574554,0.7108909200745935,66.61038970947266
scene-0107_CAM_FRONT_9a8659f4_9c9f22a5,3,99190,59.52581691333808,0.02207390056160463,0.9085572452919392,0.6856565019830326,67.04710388183594
scene-0107_CAM_FRONT_9a8659f4_9c9f22a5,4,100476,58.37566739949746,0.01711016302097912,0.9158524413626454,0.6788537808945972,66.57035827636719
scene-0107_CAM_FRONT_05e312ea_f06ba08d,0,100883,56.071480772397884,0.011542520158857705,0.912175294828356,0.670961048512069,66.38855743408203
scene-0107_CAM_FRONT_05e312ea_f06ba08d,1,99697,55.977963274246136,0.013413302310831376,0.9054645024032779,0.6567580700233762,66.90142059326172
scene-0107_CAM_FRONT_05e312ea_f06ba08d,2,94729,56.89366579341316,0.019600344492838317,0.8861726157644525,0.6230465159036588,66.4404525756836
scene-0107_CAM_FRONT_05e312ea_f06ba08d,3,95488,56.02568342151677,0.019892924391296418,0.8958776560817377,0.6333490925327661,68.29742431640625
scene-0107_CAM_FRONT_05e312ea_f06ba08d,4,93720,55.301265691167565,0.017876881788706278,0.9096144249205473,0.6217201166180758,68.1353988647461
scene-0107_CAM_FRONT_3212edb0_95be92f4,0,91475,53.20433795909849,0.015074656260061214,0.8856013447850183,0.6024347963123473,70.63143920898438
scene-0107_CAM_FRONT_3212edb0_95be92f4,1,85857,56.0025546577947,0.031609965939192186,0.8766776981062695,0.5649344679956925,69.7331314086914
scene-0107_CAM_FRONT_3212edb0_95be92f4,2,83388,55.88326723520991,0.031155638737648594,0.8790481443542668,0.5510335408294592,69.77111053466797
scene-0107_CAM_FRONT_3212edb0_95be92f4,3,82689,52.51517184689748,0.02200949235747629,0.8833162608672813,0.5504163055183463,71.20054626464844
scene-0107_CAM_FRONT_3212edb0_95be92f4,4,81588,55.3913791769802,0.03564750476978151,0.8844785018254406,0.5384524466157119,69.56352233886719
scene-0107_CAM_FRONT_9578a444_3fa862e6,0,88776,57.86795633404645,0.03586101935906871,0.8793567620098233,0.6657211147007065,70.77215576171875
scene-0107_CAM_FRONT_9578a444_3fa862e6,1,89629,59.60984634238313,0.036407034234869684,0.8797835736611247,0.6759251963333596,69.3669662475586
scene-0107_CAM_FRONT_9578a444_3fa862e6,2,91584,57.92285606740135,0.03288550793518796,0.8852927271294618,0.6851377616683739,70.77237701416016
scene-0107_CAM_FRONT_9578a444_3fa862e6,3,92483,57.027702249702,0.03231918068630257,0.8882607096892812,0.6906272161374202,71.89315032958984
scene-0107_CAM_FRONT_9578a444_3fa862e6,4,94247,56.711977375982286,0.032459831487616775,0.8947351141228692,0.7045215769705566,71.1956787109375
scene-0107_CAM_FRONT_0edf95e4_efd5303b,0,91268,35.96072685368755,0.02318881097559844,0.8999422162687469,0.6029601029601029,71.49240112304688
scene-0107_CAM_FRONT_0edf95e4_efd5303b,1,96767,36.16675646551724,0.030503776163778085,0.9074606676647493,0.6389501746644604,70.32097625732422
scene-0107_CAM_FRONT_0edf95e4_efd5303b,2,102488,36.417042220113856,0.05294052181045972,0.9161150946865233,0.6782365455834843,69.7939453125
scene-0107_CAM_FRONT_0edf95e4_efd5303b,3,104130,36.98174237249544,0.058803705680228635,0.9223465447955244,0.6923935597404985,69.10587310791016
scene-0107_CAM_FRONT_0edf95e4_efd5303b,4,106511,37.1432753164557,0.06218884511956979,0.93104036981588,0.7129790139994222,69.4146728515625
scene-0107_CAM_FRONT_8f0808f0_adaf88de,0,115530,22.178504807692303,0.04799449211829665,0.9564520789010585,0.7744727234523153,68.0435562133789
scene-0107_CAM_FRONT_8f0808f0_adaf88de,1,126231,22.773852938522623,0.05320443598978164,0.9761839098573792,0.8528878732960365,67.7199478149414
scene-0107_CAM_FRONT_8f0808f0_adaf88de,2,129448,22.22819156390134,0.05217071365195136,0.9905247813411079,0.8571953878076327,68.85240173339844
scene-0107_CAM_FRONT_8f0808f0_adaf88de,3,126773,22.318459613141524,0.05916567305803211,0.993039686917238,0.8344693089591049,67.7575454711914
scene-0107_CAM_FRONT_8f0808f0_adaf88de,4,125530,22.062220014450872,0.0503757744096438,0.9914965986394558,0.8300829984503454,69.71334838867188
scene-0107_CAM_FRONT_f1d02276_1ed7231f,0,123362,24.694736599620892,0.05459885842894918,0.9894807343786935,0.8153678459800909,69.99079895019531
scene-0107_CAM_FRONT_f1d02276_1ed7231f,1,117608,24.067755268895354,0.044481678750052156,0.9867557061434612,0.780645076563444,70.96780395507812
scene-0107_CAM_FRONT_f1d02276_1ed7231f,2,108120,24.500319769581857,0.0202402090109548,0.9807278123604655,0.7221390486696609,68.3467025756836
scene-0107_CAM_FRONT_f1d02276_1ed7231f,3,94478,24.102693527570292,0.015351518597685132,0.9394255771806792,0.6333096945341843,69.7842788696289
scene-0107_CAM_FRONT_f1d02276_1ed7231f,4,84659,22.547794705694177,0.012833576507568889,0.910139731568303,0.5629120374018333,72.05075073242188
scene-0108_CAM_FRONT_339ead96_3203d9ab,0,60787,21.009881224266596,0.01587521669297587,0.594896645917054,0.3991476899640165,74.1387710571289
scene-0108_CAM_FRONT_339ead96_3203d9ab,1,59641,20.61700595953525,0.015780812901772023,0.5905300344075854,0.39162267223491715,75.50975036621094
scene-0108_CAM_FRONT_339ead96_3203d9ab,2,60737,20.242415078810858,0.01615765274428993,0.5897880387676306,0.3988193733091692,74.69744110107422
scene-0108_CAM_FRONT_339ead96_3203d9ab,3,61540,20.246467728400468,0.015091304157600627,0.5924474036718934,0.40409213878601635,75.43579864501953
scene-0108_CAM_FRONT_339ead96_3203d9ab,4,60064,19.286030614098838,0.015932919249407762,0.6004254983846821,0.394400231134925,76.5190658569336
scene-0108_CAM_FRONT_ac36a852_d96d796d,0,70614,23.315845246010635,0.03153785768830186,0.6027434139679038,0.4636750453076984,77.07266998291016
scene-0108_CAM_FRONT_ac36a852_d96d796d,1,76402,22.81377575202224,0.03813524909720578,0.6059871825177947,0.501680981272818,77.11860656738281
scene-0108_CAM_FRONT_ac36a852_d96d796d,2,78696,21.989900752969458,0.021849540220236108,0.6132429805899193,0.5168360780605679,77.84233093261719
scene-0108_CAM_FRONT_ac36a852_d96d796d,3,78142,22.455987719886704,0.016536154687580185,0.6112008509967694,0.5136514065085493,75.8373794555664
scene-0108_CAM_FRONT_ac36a852_d96d796d,4,75171,22.20574204264524,0.01682467121395037,0.5953234575683555,0.4937882488902897,76.55351257324219
scene-0108_CAM_FRONT_b6e313eb_151d7b90,0,58138,24.909579535265987,0.01639621657780954,0.5766553725737399,0.3817534735902083,75.55511474609375
scene-0108_CAM_FRONT_b6e313eb_151d7b90,1,56313,27.592999935478314,0.015129038304129594,0.55694324061671,0.36976991568828305,71.86095428466797
scene-0108_CAM_FRONT_b6e313eb_151d7b90,2,54519,27.65488330323492,0.01643908980952391,0.543849972421401,0.3579899141123631,70.0002212524414
scene-0108_CAM_FRONT_b6e313eb_151d7b90,3,52652,28.596635698198202,0.014528328973373306,0.5374346649856854,0.34573057022036613,69.1810531616211
scene-0108_CAM_FRONT_b6e313eb_151d7b90,4,53097,28.830135865199228,0.015464419499779947,0.5358390460431277,0.34865258844850683,69.75975036621094
scene-0108_CAM_FRONT_fcc71bcf_be8d80ab,0,51259,26.003439079169002,0.020807007620464724,0.5315577968639194,0.3365836682163213,70.33932495117188
scene-0108_CAM_FRONT_fcc71bcf_be8d80ab,1,50976,26.372493071761962,0.021304933359006295,0.5313739395372048,0.33472539594988576,70.09070587158203
scene-0108_CAM_FRONT_fcc71bcf_be8d80ab,2,51051,26.442933558558554,0.02023015031904496,0.5304809182360203,0.33521787093215666,69.62181091308594
scene-0108_CAM_FRONT_fcc71bcf_be8d80ab,3,51413,26.786908333333333,0.021794332622832258,0.5290231922884984,0.33759488351325084,68.3875732421875
scene-0108_CAM_FRONT_fcc71bcf_be8d80ab,4,56040,25.694430565649217,0.015269946438602577,0.5405668058729283,0.3687783993906443,67.07683563232422
scene-0108_CAM_FRONT_22dcaf42_d504f7d2,0,58889,36.54473984571789,0.025184436230349494,0.5274472723452315,0.386835815407244,66.1087417602539
scene-0108_CAM_FRONT_22dcaf42_d504f7d2,1,53395,36.521220030935815,0.02374885639646518,0.5368371286738634,0.3506093557113965,67.3615493774414
scene-0108_CAM_FRONT_22dcaf42_d504f7d2,2,49867,37.37114373857404,0.020345950628565035,0.5523402411157513,0.3274433325453734,66.20491790771484
scene-0108_CAM_FRONT_22dcaf42_d504f7d2,3,49073,36.37737459825528,0.024136875175504002,0.5722690620649804,0.3224266540593071,67.2527847290039
scene-0108_CAM_FRONT_22dcaf42_d504f7d2,4,50537,35.4358542971809,0.02173687510122857,0.6008326110366927,0.3318427757203267,69.71627807617188
scene-0108_CAM_FRONT_049dbeaf_36cc659c,0,61161,34.29852316746127,0.020640703503432167,0.6128358679379088,0.40532004307514513,69.49467468261719
scene-0108_CAM_FRONT_049dbeaf_36cc659c,1,60443,37.19491261449353,0.02235073038423563,0.6201179313424211,0.4053463084075329,68.01655578613281
scene-0108_CAM_FRONT_049dbeaf_36cc659c,2,60347,36.971008530360024,0.02780030579075632,0.6310968402805137,0.40482756809287423,68.88961791992188
scene-0108_CAM_FRONT_049dbeaf_36cc659c,3,57555,35.26651154098599,0.01546860864547206,0.6272489690857038,0.37818138838547,69.26802825927734
scene-0108_CAM_FRONT_049dbeaf_36cc659c,4,59898,34.98706548761341,0.026777597862136515,0.6056194678643658,0.39334961783941375,69.1163101196289
scene-0108_CAM_FRONT_a42f9468_0e62201c,0,62799,23.70201532073311,0.02435891328045603,0.582046332046332,0.41586557402883934,71.78836059570312
scene-0108_CAM_FRONT_a42f9468_0e62201c,1,64991,23.678160582457462,0.02253499445285634,0.5668912352585822,0.43547921098941506,72.11385345458984
scene-0108_CAM_FRONT_a42f9468_0e62201c,2,69256,23.985170383468052,0.02923072202191701,0.594666824258661,0.4637078769731831,71.96456909179688
scene-0108_CAM_FRONT_a42f9468_0e62201c,3,72807,23.900108125354507,0.03685648320001622,0.6170580201192446,0.48274367662122764,71.78440856933594
scene-0108_CAM_FRONT_a42f9468_0e62201c,4,63945,23.90755669247787,0.03410458916436365,0.5743505896567122,0.4242113833950569,72.42321014404297
scene-0109_CAM_FRONT_4d0d0697_b38d8cf8,0,74021,26.817293537196825,0.015465118398299005,0.5913442597116066,0.48656528248364983,68.62980651855469
scene-0109_CAM_FRONT_4d0d0697_b38d8cf8,1,73772,28.002392979452054,0.014727689983292214,0.5926049956662202,0.48517321986709744,68.51746368408203
scene-0109_CAM_FRONT_4d0d0697_b38d8cf8,2,74097,29.60609573743186,0.021408786148684467,0.5937803692905733,0.4886205447429937,67.50453186035156
scene-0109_CAM_FRONT_4d0d0697_b38d8cf8,3,75333,29.703579011089282,0.019450706014747077,0.6014498463478055,0.4981614267328553,66.17425537109375
scene-0109_CAM_FRONT_4d0d0697_b38d8cf8,4,78263,29.565235805860812,0.010543085602210844,0.6217923462821422,0.5173613847083235,67.64838409423828
scene-0109_CAM_FRONT_d71c3cf6_1183d8d6,0,73015,27.28171265929535,0.021528326704922662,0.6126191789457096,0.48764216111154884,68.41667175292969
scene-0109_CAM_FRONT_d71c3cf6_1183d8d6,1,68561,27.26270786752376,0.01937395793947516,0.6028156436319702,0.45869119848711687,68.52104949951172
scene-0109_CAM_FRONT_d71c3cf6_1183d8d6,2,65131,27.511722675879398,0.015457435021591692,0.5922241483465973,0.4350917973366953,68.34567260742188
scene-0109_CAM_FRONT_d71c3cf6_1183d8d6,3,65386,27.538841218984086,0.011334704127529793,0.5918367346938775,0.4296877051979093,68.2509994506836
scene-0109_CAM_FRONT_d71c3cf6_1183d8d6,4,65139,26.942440189169144,0.010019963544174004,0.5909634123919838,0.43614897696530347,70.41361999511719
scene-0109_CAM_FRONT_03f6a362_3ed3c3b3,0,63279,27.089638550620826,0.02092211628972196,0.5900112940929267,0.4155109920416043,72.30496215820312
scene-0109_CAM_FRONT_03f6a362_3ed3c3b3,1,64193,26.686609490477547,0.03500046116978073,0.5966367241877446,0.42151262049221233,73.17440795898438
scene-0109_CAM_FRONT_03f6a362_3ed3c3b3,2,63788,24.48239647975769,0.036135523977934625,0.6025004596433168,0.41885325558794945,73.0392837524414
scene-0109_CAM_FRONT_03f6a362_3ed3c3b3,3,63801,24.111095824913402,0.029806522576800276,0.5950936359099624,0.41893861791820974,72.80714416503906
scene-0109_CAM_FRONT_03f6a362_3ed3c3b3,4,63743,25.73530332595527,0.0334527714725632,0.5955532792267486,0.4185577705985869,70.52091979980469
scene-0109_CAM_FRONT_58472a34_ecc7ca46,0,74254,25.68943905533726,0.03928674019696188,0.5972670921650514,0.49206130328579306,72.03711700439453
scene-0109_CAM_FRONT_58472a34_ecc7ca46,1,73776,26.256872650375946,0.041675737093791465,0.5915149843721272,0.48925091272030047,71.13623809814453
scene-0109_CAM_FRONT_58472a34_ecc7ca46,2,76472,27.750511638667422,0.04274761809402694,0.5954482178971975,0.5084902686943503,68.64300537109375
scene-0109_CAM_FRONT_58472a34_ecc7ca46,3,77650,29.455473964654125,0.026552864314445257,0.5952512279042891,0.520178341606913,67.53246307373047
scene-0109_CAM_FRONT_58472a34_ecc7ca46,4,77076,28.277201796722903,0.024811478765621953,0.592618128332414,0.5154243164447246,68.89876556396484
scene-0109_CAM_FRONT_494438a3_e47ae596,0,78374,27.428500389355364,0.042970720743906066,0.5960982848737951,0.5292267486145037,69.6728515625
scene-0109_CAM_FRONT_494438a3_e47ae596,1,80408,29.714670745920746,0.048731160692896625,0.6226394032516481,0.5453996270322801,68.67206573486328
scene-0109_CAM_FRONT_494438a3_e47ae596,2,78277,29.331910645368787,0.04981194774082498,0.6248719565046096,0.5292004832821159,68.2494888305664
scene-0109_CAM_FRONT_494438a3_e47ae596,3,75973,32.40674986345193,0.034630329194000886,0.6204331153310745,0.5124563338849053,65.9898681640625
scene-0109_CAM_FRONT_494438a3_e47ae596,4,74309,28.924425155552008,0.013583712461230135,0.6323641425682242,0.49182491529430306,69.53502655029297
scene-0109_CAM_FRONT_3b5b12f9_2e137fee,0,82068,20.87914620951229,0.016036878251795672,0.6460943450739369,0.5521432511228429,70.07215118408203
scene-0109_CAM_FRONT_3b5b12f9_2e137fee,1,83774,20.45772569444444,0.011602369466287898,0.6442557718067922,0.5685328185328186,69.16927337646484
scene-0109_CAM_FRONT_3b5b12f9_2e137fee,2,88500,20.98128551136364,0.018218922170581076,0.6488193733091693,0.6151931815197121,68.45429229736328
scene-0109_CAM_FRONT_3b5b12f9_2e137fee,3,85168,21.353038556889345,0.0210394771126996,0.662057100832611,0.5897946051007276,70.78176879882812
scene-0109_CAM_FRONT_3b5b12f9_2e137fee,4,78216,21.437474892876278,0.021301878253612072,0.6307159929608909,0.5452223360386625,70.06529998779297
scene-0109_CAM_FRONT_8855fe65_f41444b8,0,82179,18.72753980967865,0.019709736744168982,0.6607175688808342,0.5831954403382975,69.431884765625
scene-0109_CAM_FRONT_8855fe65_f41444b8,1,94153,18.583094451670316,0.022831677646829807,0.7233472539594988,0.6715914164893757,69.30770111083984
scene-0109_CAM_FRONT_8855fe65_f41444b8,2,105520,20.26846941593035,0.0272608490597277,0.7697777952879994,0.7318112573214614,68.38312530517578
scene-0109_CAM_FRONT_8855fe65_f41444b8,3,110688,19.90679237155389,0.030538795443007416,0.8023927717805269,0.7742035037953405,67.42362976074219
scene-0109_CAM_FRONT_8855fe65_f41444b8,4,110344,19.268461834016396,0.028465618320185238,0.8184474562025582,0.7535655188716414,70.08747100830078
scene-0109_CAM_FRONT_92eb4f29_daf998de,0,103369,29.279258940288717,0.024028159949133432,0.7855763927192498,0.7070627478790744,70.02711486816406
scene-0109_CAM_FRONT_92eb4f29_daf998de,1,84464,29.52773869129833,0.021509596385331564,0.7042392246473879,0.5910553410553411,71.8935546875
scene-0109_CAM_FRONT_92eb4f29_daf998de,2,73416,28.33347777324633,0.023280061089569593,0.6555564310666352,0.5048853518241273,73.49518585205078
scene-0109_CAM_FRONT_92eb4f29_daf998de,3,76124,27.99738164941902,0.01261694526689272,0.6665353400047278,0.5194297796338613,74.43824768066406
scene-0109_CAM_FRONT_92eb4f29_daf998de,4,80790,28.690211561859627,0.017835354655534097,0.6846058886875214,0.5572912562708481,74.31370544433594
scene-0110_CAM_FRONT_80c91574_ae99f920,0,92928,27.611887100168357,0.01748277739055215,0.7236164736164736,0.6240052005358128,71.05033111572266
scene-0110_CAM_FRONT_80c91574_ae99f920,1,93445,26.366963340780806,0.015685136310463754,0.7193220917710713,0.6386021590103222,73.2748031616211
scene-0110_CAM_FRONT_80c91574_ae99f920,2,94798,27.254571600274723,0.022081356618557813,0.7273395844824416,0.6485370209860005,72.24161529541016
scene-0110_CAM_FRONT_80c91574_ae99f920,3,101591,29.222432583863498,0.026547531961294002,0.7555616841331128,0.6860176503033646,69.7514419555664
scene-0110_CAM_FRONT_80c91574_ae99f920,4,90981,27.9627700617284,0.030035786466428682,0.7312071546765424,0.614602211540987,71.2806396484375
scene-0110_CAM_FRONT_76c84559_29264103,0,96828,28.723446840307442,0.021535773989420193,0.7392574790533974,0.6802261445118588,73.55038452148438
scene-0110_CAM_FRONT_76c84559_29264103,1,100040,29.204241515724522,0.02900919423235715,0.7457384498200825,0.7454035668321383,74.65589904785156
scene-0110_CAM_FRONT_76c84559_29264103,2,102099,29.898273601398607,0.02290376516204251,0.7541367898510756,0.7851233157355606,73.53086853027344
scene-0110_CAM_FRONT_76c84559_29264103,3,104636,29.510438855538347,0.023895555377232425,0.769350983636698,0.7980918236020277,75.25973510742188
scene-0110_CAM_FRONT_76c84559_29264103,4,106368,30.765891146202975,0.02558756170585319,0.778346859979513,0.7702637039371734,74.55362701416016
scene-0110_CAM_FRONT_d15bdc17_48d75ea2,0,107328,30.673289463011038,0.03657323978681881,0.7788524676279779,0.7192301631077141,73.72328186035156
scene-0110_CAM_FRONT_d15bdc17_48d75ea2,1,107142,31.03171568794229,0.031060791752335337,0.7783796916449978,0.7178512331573557,73.64057159423828
scene-0110_CAM_FRONT_d15bdc17_48d75ea2,2,109555,30.700878022483025,0.030616551940374936,0.7962729493341738,0.7358101541775011,73.09063720703125
scene-0110_CAM_FRONT_d15bdc17_48d75ea2,3,109415,30.91205316996404,0.029533391107398277,0.8081711449058387,0.7371299871299871,73.49636840820312
scene-0110_CAM_FRONT_d15bdc17_48d75ea2,4,107287,30.26121927119527,0.027582922177256997,0.8089985028760539,0.7282063404512384,72.86063385009766
scene-0110_CAM_FRONT_f809c883_77673232,0,113278,30.59704320287855,0.02569965391400686,0.805984555984556,0.7632377275234418,74.01411437988281
scene-0110_CAM_FRONT_f809c883_77673232,1,113725,29.681679448585623,0.02652069709651661,0.8092874215323195,0.7664289654085572,75.37294006347656
scene-0110_CAM_FRONT_f809c883_77673232,2,111351,28.227391726686886,0.03030185198316948,0.8014734851469545,0.7418052162950122,78.79730987548828
scene-0110_CAM_FRONT_f809c883_77673232,3,110989,29.048282332563513,0.03286973366335255,0.81259685341318,0.7427573345940693,76.25424194335938
scene-0110_CAM_FRONT_f809c883_77673232,4,112434,29.068215029083024,0.028007474509300856,0.8228140677120269,0.7562774144406798,76.15306091308594
scene-0110_CAM_FRONT_5697c1f2_9f184af2,0,108706,27.542834237258955,0.029517385009342867,0.8341803903028393,0.7252055262259344,75.64395141601562
scene-0110_CAM_FRONT_5697c1f2_9f184af2,1,110468,27.381929561756476,0.029233021150693705,0.8412588973813464,0.7366178131484254,75.08277130126953
scene-0110_CAM_FRONT_5697c1f2_9f184af2,2,112510,28.400743382140806,0.02773195364064973,0.8352769679300291,0.7500853623302602,73.06581115722656
scene-0110_CAM_FRONT_5697c1f2_9f184af2,3,105383,29.32625000000001,0.035531334627112,0.8167139442649647,0.6983951881911066,72.5903549194336
scene-0110_CAM_FRONT_5697c1f2_9f184af2,4,98705,29.37698223833441,0.026287227444343753,0.7823785885010375,0.6552806450765635,73.64924621582031
scene-0110_CAM_FRONT_0ebd7d84_e0a1a4a5,0,99240,30.500575906344412,0.02414173889998361,0.7700929792766528,0.6644538124129961,72.39398956298828
scene-0110_CAM_FRONT_0ebd7d84_e0a1a4a5,1,97094,31.575207637342245,0.019687161859182956,0.7620295222336039,0.6484713576550312,70.4666519165039
scene-0110_CAM_FRONT_0ebd7d84_e0a1a4a5,2,91899,33.43105910411431,0.024511984960078337,0.7504005463189136,0.6212867386336774,70.78451538085938
scene-0110_CAM_FRONT_0ebd7d84_e0a1a4a5,3,73766,30.924504096097195,0.026017440213792042,0.6966813752528038,0.49637538413048615,73.71096801757812
scene-0110_CAM_FRONT_0ebd7d84_e0a1a4a5,4,73579,33.58856043543544,0.01689531493662244,0.6804953641688336,0.4888634990675807,71.28311157226562
scene-0110_CAM_FRONT_d9e20967_cbfdfa1a,0,85479,32.548797068242045,0.01733457090443613,0.6811322984792373,0.580010768786279,72.2607421875
scene-0110_CAM_FRONT_d9e20967_cbfdfa1a,1,87479,30.500101273148157,0.02101121664876615,0.6923147637433352,0.6028484752974549,73.21531677246094
scene-0110_CAM_FRONT_d9e20967_cbfdfa1a,2,87756,31.810463483146066,0.014720783723713549,0.7011661807580175,0.6050810285504163,70.51802825927734
scene-0110_CAM_FRONT_d9e20967_cbfdfa1a,3,90890,34.004245790916215,0.015061602711593514,0.7183765398051112,0.6436516691618732,69.69161987304688
scene-0110_CAM_FRONT_d9e20967_cbfdfa1a,4,95296,32.32761051829268,0.02045768024434924,0.7413981036430016,0.6700220628792057,70.62047576904297
scene-0110_CAM_FRONT_f5402402_741bbef6,0,94173,29.196024362664463,0.027651500260920336,0.7599611273080661,0.6261064271268353,70.65504455566406
scene-0110_CAM_FRONT_f5402402_741bbef6,1,106123,28.44684335914235,0.024983222675045713,0.8075867412602107,0.7071481102093347,71.31282043457031
scene-0110_CAM_FRONT_f5402402_741bbef6,2,99994,27.719157056644356,0.022727082361083673,0.7899430042287185,0.6674480603052032,74.5285873413086
scene-0110_CAM_FRONT_f5402402_741bbef6,3,100347,28.62429295998504,0.037906185958592964,0.7918406744937357,0.667237937646101,72.79209899902344
scene-0110_CAM_FRONT_f5402402_741bbef6,4,96923,29.704603091690895,0.03730001641620628,0.7929044204554409,0.6546765424316445,72.22006225585938
scene-0221_CAM_FRONT_79070dca_daeec522,0,99721,21.614287358180732,0.02238330950115186,0.9536219893362751,0.6552937777427573,69.79779815673828
scene-0221_CAM_FRONT_79070dca_daeec522,1,101014,20.543204253861482,0.016766592171603367,0.9536482546686629,0.6634425971160665,70.1983871459961
scene-0221_CAM_FRONT_79070dca_daeec522,2,97088,20.721669988238364,0.02001794766058551,0.95374018333202,0.6375121477162293,69.84608459472656
scene-0221_CAM_FRONT_79070dca_daeec522,3,101489,22.41609430775115,0.02712142059439504,0.952302156383789,0.6665025083392431,69.53075408935547
scene-0221_CAM_FRONT_79070dca_daeec522,4,104475,21.086946816770183,0.029913818205304477,0.9507262364405221,0.6861424106322066,69.16925048828125
scene-0221_CAM_FRONT_8e21bcb6_99ca4527,0,119570,17.36343407668232,0.019832611855534088,0.9509429254327213,0.7866073070154703,69.11085510253906
scene-0221_CAM_FRONT_8e21bcb6_99ca4527,1,125119,16.9297950487013,0.03405048947251821,0.9496953221443017,0.8223675570614346,69.92642211914062
scene-0221_CAM_FRONT_8e21bcb6_99ca4527,2,131494,18.387577476184656,0.04138621381192009,0.9529456570272897,0.8642541958868489,66.70643615722656
scene-0221_CAM_FRONT_8e21bcb6_99ca4527,3,139724,18.944818438473522,0.03209956358339494,0.9878128857720695,0.9193522969033173,65.53107452392578
scene-0221_CAM_FRONT_8e21bcb6_99ca4527,4,144121,18.83817097787081,0.034394624818419484,1.0,0.9463464922648596,67.30607604980469
scene-0221_CAM_FRONT_27db2832_524b696f,0,132660,15.41506237566313,0.025197483381351304,1.0,0.871089748640769,65.60633087158203
scene-0221_CAM_FRONT_27db2832_524b696f,1,132729,14.663675211638196,0.022460407724304243,1.0,0.8715428256244583,66.75296020507812
scene-0221_CAM_FRONT_27db2832_524b696f,2,128495,15.112257359215013,0.0190763444052493,1.0,0.8437409712919917,67.58222961425781
scene-0221_CAM_FRONT_27db2832_524b696f,3,130538,14.851302583173387,0.020220365525554174,1.0,0.857155989809051,67.69327545166016
scene-0221_CAM_FRONT_27db2832_524b696f,4,130246,14.977247460633745,0.019065585932945828,0.9999934336669031,0.855238620544743,67.77228546142578
scene-0221_CAM_FRONT_bb9c0abe_5dd954d0,0,143643,13.672856721698118,0.019878518843643445,0.9999671683345153,0.9432077850445197,68.5831069946289
scene-0221_CAM_FRONT_bb9c0abe_5dd954d0,1,143639,13.663567529965755,0.020154365239367422,0.9999803010007091,0.9431815197121319,68.6736068725586
scene-0221_CAM_FRONT_bb9c0abe_5dd954d0,2,140677,13.665890884733155,0.02225350960959327,1.0,0.9237320410789799,69.32408905029297
scene-0221_CAM_FRONT_bb9c0abe_5dd954d0,3,138710,13.969944108807654,0.02457143687488128,1.0,0.9108160638772884,68.03617858886719
scene-0221_CAM_FRONT_bb9c0abe_5dd954d0,4,136138,14.740156789723665,0.02248754114826257,0.9999934336669031,0.8939274551519449,66.96347045898438
scene-0221_CAM_FRONT_af0f72a7_959c87c7,0,115587,12.857453701222129,0.032437601005815164,1.0,0.7589827436766212,67.91768646240234
scene-0221_CAM_FRONT_af0f72a7_959c87c7,1,120581,13.869831013522093,0.030444898612108418,0.9990872796995246,0.7917750111627663,65.32901763916016
scene-0221_CAM_FRONT_af0f72a7_959c87c7,2,114009,13.847610722610717,0.019591363145343266,0.9914046699760986,0.7486210700496415,67.79424285888672
scene-0221_CAM_FRONT_af0f72a7_959c87c7,3,110365,14.286410215382903,0.01892883595378958,0.9817718593228797,0.7246933522443727,66.7145004272461
scene-0221_CAM_FRONT_af0f72a7_959c87c7,4,112003,14.162836973777045,0.02010602681048068,0.9518359467339059,0.7354621385233631,66.69483947753906
scene-0221_CAM_FRONT_fa48d104_e9ae8c38,0,105639,17.412530780956846,0.018180598366595913,0.93920888818848,0.693660862028209,65.50799560546875
scene-0221_CAM_FRONT_fa48d104_e9ae8c38,1,98652,16.74634153451493,0.015060752775298614,0.9342381740340924,0.647886954009403,66.14713287353516
scene-0221_CAM_FRONT_fa48d104_e9ae8c38,2,95596,16.61168652419044,0.02915715144059461,0.9375541722480498,0.627826806398235,66.61872100830078
scene-0221_CAM_FRONT_fa48d104_e9ae8c38,3,87708,16.103471270555985,0.022282895506412714,0.940180705486828,0.576044703595724,67.32259368896484
scene-0221_CAM_FRONT_fa48d104_e9ae8c38,4,83385,15.252939420681065,0.021798577958593857,0.9322748404381057,0.5478948336091193,69.02112579345703
scene-0221_CAM_FRONT_2d65df53_1244ad3a,0,91944,15.189562837577164,0.030881121340167406,0.9345402253565519,0.6158235494970189,70.36360931396484
scene-0221_CAM_FRONT_2d65df53_1244ad3a,1,89407,15.535123303241962,0.03278638672508638,0.9391694901898984,0.59322879731043,70.2054443359375
scene-0221_CAM_FRONT_2d65df53_1244ad3a,2,85831,14.986143781688769,0.027392927482838392,0.9423475954088198,0.5721311690699445,71.5566635131836
scene-0221_CAM_FRONT_2d65df53_1244ad3a,3,89329,14.74021900706366,0.020366894256622636,0.9370026002679064,0.5972736584981483,71.47296905517578
scene-0221_CAM_FRONT_2d65df53_1244ad3a,4,87547,14.354196472367558,0.02314194353461252,0.9374228455861109,0.5860255299030809,72.42037200927734
scene-0268_CAM_FRONT_30e55a3e_01a7d01c,0,68262,36.51695428089642,0.016568682255427625,0.8088803088803089,0.46325479998949387,67.84986877441406
scene-0268_CAM_FRONT_30e55a3e_01a7d01c,1,69007,37.30969313434477,0.017505801576807478,0.8236611246815329,0.45718750820791637,70.42738342285156
scene-0268_CAM_FRONT_30e55a3e_01a7d01c,2,67409,37.60912732110506,0.018235011962763004,0.8436424762955376,0.45702334988049276,69.6180191040039
scene-0268_CAM_FRONT_30e55a3e_01a7d01c,3,66754,37.72258955085375,0.02313786669119433,0.8611351876657999,0.4398983531636593,69.10821533203125
scene-0268_CAM_FRONT_30e55a3e_01a7d01c,4,75692,39.16049655352178,0.024927928073623873,0.9078809129829538,0.5034013605442177,66.4787368774414
scene-0268_CAM_FRONT_a2fada92_3bf56ebb,0,77855,33.261209620786516,0.029830913737981746,0.9239946944028576,0.5164683634071389,65.23406982421875
scene-0268_CAM_FRONT_a2fada92_3bf56ebb,1,69841,32.8346320564516,0.028402058315069034,0.9252094660257926,0.46332702965356026,66.34981536865234
scene-0268_CAM_FRONT_a2fada92_3bf56ebb,2,76670,33.23622010463379,0.037990699176898346,0.9295498122028735,0.5034538912089932,65.7012939453125
scene-0268_CAM_FRONT_a2fada92_3bf56ebb,3,74558,31.767412243150687,0.021282032778478843,0.928643658235495,0.4895989283744386,65.24331665039062
scene-0268_CAM_FRONT_a2fada92_3bf56ebb,4,71871,30.00108520740623,0.024791974143634654,0.9277112389357287,0.47204055367320674,67.1944580078125
scene-0268_CAM_FRONT_296fcfbf_dc2b67cd,0,83422,38.551569464141004,0.028720938432784893,0.9261747169910435,0.5495626822157434,68.95394134521484
scene-0268_CAM_FRONT_296fcfbf_dc2b67cd,1,84354,39.52475448393486,0.036803495387831564,0.9271202689570036,0.5565755259632811,68.65306854248047
scene-0268_CAM_FRONT_296fcfbf_dc2b67cd,2,78309,39.25122070312499,0.03566739134473007,0.925281695689859,0.5169608383894099,66.88679504394531
scene-0268_CAM_FRONT_296fcfbf_dc2b67cd,3,78768,39.72524381095275,0.033116695326198764,0.9255837470123185,0.5209466025792556,67.22370147705078
scene-0268_CAM_FRONT_296fcfbf_dc2b67cd,4,79073,41.992321047008545,0.03453056256601705,0.9284138365771019,0.5230806608357629,65.18299102783203
scene-0268_CAM_FRONT_e1dffaba_3c18f85f,0,75513,32.69427673027758,0.018644824916100866,0.9278622645969584,0.49936963202269324,66.79767608642578
scene-0268_CAM_FRONT_e1dffaba_3c18f85f,1,75572,34.96469517630746,0.02027450954227472,0.9267656869697686,0.49957318834869857,65.27056884765625
scene-0268_CAM_FRONT_e1dffaba_3c18f85f,2,76172,34.42385053178776,0.020280723698532066,0.9268707482993197,0.5052005358127807,64.57803344726562
scene-0268_CAM_FRONT_e1dffaba_3c18f85f,3,73106,33.41439052659202,0.02174088170773003,0.9262469466551099,0.48473984188269903,64.58721160888672
scene-0268_CAM_FRONT_e1dffaba_3c18f85f,4,70465,31.92317944004525,0.02314214003451598,0.9266737583064114,0.4628411210043863,66.09332275390625
scene-0268_CAM_FRONT_08d95280_4094ae46,0,66732,28.471332236842102,0.016740828683091236,0.9258595330023901,0.43822393822393824,67.18721008300781
scene-0268_CAM_FRONT_08d95280_4094ae46,1,64883,29.214993033439487,0.03045938180974428,0.9256034460116093,0.4260565229952985,66.49783325195312
scene-0268_CAM_FRONT_08d95280_4094ae46,2,67400,29.987448770491806,0.034266379572728045,0.9249533790350117,0.4427350090615397,65.6441421508789
scene-0268_CAM_FRONT_08d95280_4094ae46,3,62156,30.046248983589592,0.027302078790291784,0.9215717174900848,0.4081566989730255,65.67941284179688
scene-0268_CAM_FRONT_08d95280_4094ae46,4,65983,29.731062279151942,0.025983051215513253,0.9257150736742573,0.4332663567357445,66.7210922241211
scene-0268_CAM_FRONT_df25b3ec_755ef1d0,0,63783,28.150342551516886,0.023808075340395085,0.9253013946891497,0.4188204239224647,66.38568115234375
scene-0268_CAM_FRONT_df25b3ec_755ef1d0,1,65143,29.31574583017437,0.026068268373204084,0.923823969742337,0.4277506369343104,65.57926940917969
scene-0268_CAM_FRONT_df25b3ec_755ef1d0,2,67524,29.452845503005143,0.02638601465008783,0.9246644603787461,0.44338507603813726,64.90898132324219
scene-0268_CAM_FRONT_df25b3ec_755ef1d0,3,64888,28.88932416987488,0.023040744053617113,0.9235350510860715,0.42607622199458933,65.78961944580078
scene-0268_CAM_FRONT_df25b3ec_755ef1d0,4,63855,28.198070515129675,0.03200036869496792,0.9225960654532083,0.4192931999054448,67.04715728759766
scene-0268_CAM_FRONT_4f9ad42b_adcff599,0,58462,23.946764133486468,0.021852732219404203,0.9222808814645549,0.38388096551361856,66.59015655517578
scene-0268_CAM_FRONT_4f9ad42b_adcff599,1,58925,24.426153194385147,0.026384029567149803,0.9230622751030915,0.3869211777375043,66.06214141845703
scene-0268_CAM_FRONT_4f9ad42b_adcff599,2,58349,23.739807278869783,0.028431555942523445,0.9230031781052189,0.38313896987366375,66.53324127197266
scene-0268_CAM_FRONT_4f9ad42b_adcff599,3,58586,24.2643771348406,0.024518472528741286,0.9231476374333517,0.3846951908176398,65.7110366821289
scene-0268_CAM_FRONT_4f9ad42b_adcff599,4,57173,24.408822052503737,0.0224132601293503,0.9228324534446983,0.37541696215165604,65.34091186523438
scene-0269_CAM_FRONT_adce54dc_18f10858,0,88114,18.596014524647885,0.05158740466860712,0.8071467969427153,0.582177658708271,69.66415405273438
scene-0269_CAM_FRONT_adce54dc_18f10858,1,88577,18.688510071997545,0.02605630732132358,0.8579899141123631,0.5856906469151367,67.23023223876953
scene-0269_CAM_FRONT_adce54dc_18f10858,2,101198,19.1194238576284,0.024413932158710905,0.9427415753946367,0.6716570798203452,65.48999786376953
scene-0269_CAM_FRONT_adce54dc_18f10858,3,107538,20.34752071285588,0.018857804182021543,0.9555196596012923,0.7169122475244925,64.97911071777344
scene-0269_CAM_FRONT_adce54dc_18f10858,4,117291,20.08197054958866,0.0293846873099306,0.9769981351614004,0.7806056785648623,66.7533950805664
scene-0269_CAM_FRONT_2d72c60d_14d8b492,0,120889,18.873398168567125,0.025149653437291253,0.9821527066425025,0.7961941533370105,68.54898071289062
scene-0269_CAM_FRONT_2d72c60d_14d8b492,1,117866,20.02856874421832,0.02425798936588297,0.978968035090484,0.7849854227405247,66.8915786743164
scene-0269_CAM_FRONT_2d72c60d_14d8b492,2,109415,20.206257307610546,0.022084046402636837,0.9742008772621018,0.7240826832663567,65.21244049072266
scene-0269_CAM_FRONT_2d72c60d_14d8b492,3,98953,20.047923694957387,0.016768170824382977,0.974292805925459,0.6510584928952275,66.24935150146484
scene-0269_CAM_FRONT_2d72c60d_14d8b492,4,102668,20.06329796935798,0.020287803027073004,0.9717188033514564,0.6773435242822998,65.20244598388672
scene-0269_CAM_FRONT_5973a055_0c97832d,0,116415,21.858310895343777,0.035383896184283614,0.9657303075670423,0.771629501221338,66.2989730834961
scene-0269_CAM_FRONT_5973a055_0c97832d,1,120164,21.419139741233025,0.03255874286941762,0.9661111548866651,0.8014997504793423,66.28846740722656
scene-0269_CAM_FRONT_5973a055_0c97832d,2,116807,21.765629105359963,0.03495061167032798,0.9673587581750847,0.7783205946471252,67.50048828125
scene-0269_CAM_FRONT_5973a055_0c97832d,3,111050,22.39954202586207,0.04036471094976757,0.9659863945578231,0.7365652824836498,66.1353759765625
scene-0269_CAM_FRONT_5973a055_0c97832d,4,102724,23.201620683481867,0.02942839693371968,0.9577587791873506,0.6826688204239225,66.34980010986328
scene-0269_CAM_FRONT_ca37a1ae_a4be46a1,0,103778,26.597395670978795,0.03333403106872268,0.9471935492343656,0.6823799017676568,65.43807220458984
scene-0269_CAM_FRONT_ca37a1ae_a4be46a1,1,99978,26.682543504250795,0.03430623158112134,0.9474693352244372,0.6568631313529273,65.80875396728516
scene-0269_CAM_FRONT_ca37a1ae_a4be46a1,2,99038,26.803540445712528,0.043655427768173105,0.9523809523809523,0.6519449478633152,64.54086303710938
scene-0269_CAM_FRONT_ca37a1ae_a4be46a1,3,102074,26.879221031638725,0.029386172789729548,0.9594463267932656,0.6711317731725895,65.78601837158203
scene-0269_CAM_FRONT_ca37a1ae_a4be46a1,4,105134,28.759211179977285,0.026064488617221437,0.9678118351587739,0.6918945184251307,64.23050689697266
scene-0269_CAM_FRONT_d02a787e_6e90bc36,0,109840,26.48666553792569,0.017108483372885175,0.9691513671105508,0.7224345336590234,64.01853942871094
scene-0269_CAM_FRONT_d02a787e_6e90bc36,1,111606,28.182775355929998,0.024402961065310924,0.9744897959183674,0.7337548919181572,62.7267951965332
scene-0269_CAM_FRONT_d02a787e_6e90bc36,2,109733,25.018674215972574,0.03777894919828029,0.9717779003493289,0.7228088146455494,67.64966583251953
scene-0269_CAM_FRONT_d02a787e_6e90bc36,3,106422,25.50502313134978,0.03129335509459463,0.9722769416646968,0.6994786331521026,66.9130859375
scene-0269_CAM_FRONT_d02a787e_6e90bc36,4,104198,26.134693842567206,0.03517649510806842,0.9692038977753263,0.6843104036981588,65.81880950927734
scene-0269_CAM_FRONT_5512cfa9_21e50bd8,0,114624,22.743315267917517,0.04408860835324613,0.9632810653218816,0.7626598902109106,66.49340057373047
scene-0269_CAM_FRONT_5512cfa9_21e50bd8,1,118221,22.670946273894863,0.03918690629130284,0.9639311322984793,0.7864956793528222,68.54638671875
scene-0269_CAM_FRONT_5512cfa9_21e50bd8,2,116851,25.0545410910935,0.03488289491189667,0.9640624589604181,0.7857668163790613,65.9247055053711
scene-0269_CAM_FRONT_5512cfa9_21e50bd8,3,118392,24.65861265120968,0.03648839476734489,0.9604378430909043,0.7879862369658288,68.77859497070312
scene-0269_CAM_FRONT_5512cfa9_21e50bd8,4,121178,28.284232449644563,0.0422897813307761,0.9530113203582591,0.8119599191027762,65.85003662109375
scene-0269_CAM_FRONT_459ac79b_44a799dc,0,103211,24.324474451601674,0.03938640384703396,0.9450791899771491,0.6932143513776167,65.50141143798828
scene-0269_CAM_FRONT_459ac79b_44a799dc,1,106289,24.802110629460312,0.029736924319816893,0.9393139495180312,0.7155595829065217,66.82363891601562
scene-0269_CAM_FRONT_459ac79b_44a799dc,2,105685,24.32731901385224,0.025000525875539026,0.9330693667428361,0.7050206182859244,67.00619506835938
scene-0269_CAM_FRONT_459ac79b_44a799dc,3,105735,23.332740593905477,0.022785925586546796,0.9201402568749507,0.6993867044887453,69.42001342773438
scene-0269_CAM_FRONT_459ac79b_44a799dc,4,99541,23.29940178186908,0.052979951834222216,0.9085506789588422,0.6574147033330707,69.73611450195312
scene-0269_CAM_FRONT_addc85df_8cf0dfa0,0,104272,25.067645309562963,0.03577486986790768,0.9017610905366007,0.6907454101331653,67.35386657714844
scene-0269_CAM_FRONT_addc85df_8cf0dfa0,1,101288,24.72594910225198,0.02991295352320611,0.8998699866046804,0.6650973130564968,67.76994323730469
scene-0269_CAM_FRONT_addc85df_8cf0dfa0,2,106040,23.240027130225076,0.033248580904921665,0.8958645234155438,0.6963267932655688,69.59133911132812
scene-0269_CAM_FRONT_addc85df_8cf0dfa0,3,100557,23.797360559503904,0.02947293394816386,0.8902503086176555,0.6602973235626297,69.9526138305664
scene-0269_CAM_FRONT_addc85df_8cf0dfa0,4,103747,23.989967611810393,0.02675687046343933,0.881425156935361,0.6812898904735639,68.83067321777344
scene-0270_CAM_FRONT_51f37263_af4baa28,0,101837,22.79384512823585,0.02157523487186097,0.9385128568802038,0.6753079610222468,63.45893478393555
scene-0270_CAM_FRONT_51f37263_af4baa28,1,112057,22.673233695652172,0.029015357699492483,0.9473708402279831,0.7447994641872193,64.77238464355469
scene-0270_CAM_FRONT_51f37263_af4baa28,2,114349,22.248913665695255,0.025118331100015823,0.9534381320095606,0.7669871037217976,66.30164337158203
scene-0270_CAM_FRONT_51f37263_af4baa28,3,118376,23.964348943201628,0.047794303590122045,0.9573713655346309,0.7877038846426602,67.28875732421875
scene-0270_CAM_FRONT_51f37263_af4baa28,4,113852,23.606087107793527,0.029950709489232175,0.9577587791873506,0.7602697449636225,69.65068817138672
scene-0270_CAM_FRONT_8d74da14_6a02dd6b,0,106316,19.072285172539623,0.0225206500121633,0.9532017440180706,0.7176673758306411,68.09368133544922
scene-0270_CAM_FRONT_8d74da14_6a02dd6b,1,106495,19.86276041666666,0.026710217963215044,0.9455979302918078,0.7219945893415282,65.54541778564453
scene-0270_CAM_FRONT_8d74da14_6a02dd6b,2,93277,19.055459056421867,0.01575543042039529,0.9390118981955716,0.6231844088986946,70.28675079345703
scene-0270_CAM_FRONT_8d74da14_6a02dd6b,3,96487,20.26660921581113,0.01768683994283604,0.9356762009823234,0.6497320936096447,68.89110565185547
scene-0270_CAM_FRONT_8d74da14_6a02dd6b,4,88308,19.893448153409093,0.025633048289542604,0.9232855304283876,0.5958159325506265,70.20770263671875
scene-0270_CAM_FRONT_d492d47f_2f207084,0,91518,21.388582733736378,0.02247819458812672,0.9134885614477452,0.6166246421348462,68.65079498291016
scene-0270_CAM_FRONT_d492d47f_2f207084,1,85536,20.01072376179246,0.0180749468563155,0.9003887269193391,0.5808184277572033,72.3483657836914
scene-0270_CAM_FRONT_d492d47f_2f207084,2,82285,19.907525547985784,0.025556758106727084,0.8881162503611483,0.5552425603446012,71.26246643066406
scene-0270_CAM_FRONT_d492d47f_2f207084,3,77832,21.1535836345066,0.02836826478952803,0.8771242087568618,0.524748509442387,68.08686828613281
scene-0270_CAM_FRONT_d492d47f_2f207084,4,72466,21.913923968366902,0.02182059615100229,0.8691592467102671,0.4866769101462979,67.85569763183594
scene-0270_CAM_FRONT_71a74ae0_91bb8353,0,66048,22.764775090657004,0.012434002081891382,0.8678853780894598,0.4336931683870459,69.9315185546875
scene-0270_CAM_FRONT_71a74ae0_91bb8353,1,65500,21.815520657968573,0.012678433138658018,0.8784309090431539,0.4300948178499199,73.80303955078125
scene-0270_CAM_FRONT_71a74ae0_91bb8353,2,63023,22.97852366255144,0.018639502081845283,0.8872888923909332,0.4145129094108686,72.12398529052734
scene-0270_CAM_FRONT_71a74ae0_91bb8353,3,63376,22.21712752214567,0.016664485613002933,0.8915832742363354,0.41662726866808497,73.44102478027344
scene-0270_CAM_FRONT_71a74ae0_91bb8353,4,62753,23.410562812239792,0.01982613097056829,0.8958316917500591,0.41216216216216217,72.04625701904297
scene-0270_CAM_FRONT_adebba60_12a72195,0,57784,17.705209297329457,0.017025648224942458,0.8985764189845823,0.37942899167388966,72.27745819091797
scene-0270_CAM_FRONT_adebba60_12a72195,1,59393,17.73440757470466,0.019125660095994146,0.90040842591863,0.3899942216268747,71.27351379394531
scene-0270_CAM_FRONT_adebba60_12a72195,2,58680,18.75983081608812,0.024238667795656754,0.9031137551545715,0.38531242612875266,69.88458251953125
scene-0270_CAM_FRONT_adebba60_12a72195,3,58651,18.233045305524552,0.020535664872607384,0.9046502770992567,0.38512200246894124,69.52537536621094
scene-0270_CAM_FRONT_adebba60_12a72195,4,58056,18.133111813647595,0.014771815351341644,0.901005962230452,0.38121503427625875,70.61627197265625
scene-0270_CAM_FRONT_12a0035c_b70d3599,0,59993,18.082410192197088,0.016576584464874422,0.9013014472198145,0.3939340214850419,69.18142700195312
scene-0270_CAM_FRONT_12a0035c_b70d3599,1,59946,17.916198464713357,0.014601112061402688,0.9007892732382529,0.39362540382948547,69.98080444335938
scene-0270_CAM_FRONT_12a0035c_b70d3599,2,59924,17.52367961073318,0.015434190003455805,0.9007892732382529,0.3934809445013527,71.82933807373047
scene-0270_CAM_FRONT_12a0035c_b70d3599,3,61420,18.35254343386303,0.012700716776354426,0.9012751818874268,0.4033041788143829,69.71231079101562
scene-0270_CAM_FRONT_12a0035c_b70d3599,4,60478,18.93535798662249,0.01960634731178712,0.9010584928952275,0.397525805689071,67.67643737792969
scene-0270_CAM_FRONT_c1348c56_5bbe677b,0,59019,19.45425210878417,0.014057312465070915,0.901012528563549,0.38753841304861714,68.38961791992188
scene-0270_CAM_FRONT_c1348c56_5bbe677b,1,55914,19.307014866879115,0.01606815259383021,0.8975586373545558,0.3671499487826018,69.64480590820312
scene-0270_CAM_FRONT_c1348c56_5bbe677b,2,54461,18.521850172139835,0.014487009716545263,0.8987011793134242,0.35760906679274024,71.36426544189453
scene-0270_CAM_FRONT_c1348c56_5bbe677b,3,54381,18.09639904870256,0.018448805891089215,0.9035405668058729,0.3570837601449846,72.58648681640625
scene-0270_CAM_FRONT_c1348c56_5bbe677b,4,55376,18.097563244047617,0.015546587286894287,0.9061408347122633,0.36361726157644525,72.66954803466797
scene-0270_CAM_FRONT_8b2da12c_6de2f8b9,0,60527,17.253644774728997,0.010137323278237798,0.9058584823890946,0.3974404433588107,70.18098449707031
scene-0270_CAM_FRONT_8b2da12c_6de2f8b9,1,59395,17.117734171902075,0.011823073078959911,0.9081698316392194,0.3900073542930686,71.04383850097656
scene-0270_CAM_FRONT_8b2da12c_6de2f8b9,2,60362,17.164348591549295,0.01170993644503171,0.9097720169148741,0.39635699839781474,71.7062759399414
scene-0270_CAM_FRONT_8b2da12c_6de2f8b9,3,57702,17.13473108420418,0.010338688492845804,0.9102382265647572,0.3788905523599401,72.33401489257812
scene-0270_CAM_FRONT_8b2da12c_6de2f8b9,4,57763,17.407255439348116,0.010043329377824595,0.9106059412181862,0.3792910986788538,71.55132293701172
scene-0271_CAM_FRONT_c28c950a_08dfcb4b,0,109437,11.873705503994358,0.024082322324388006,0.989073621726683,0.7270178341606913,68.90693664550781
scene-0271_CAM_FRONT_c28c950a_08dfcb4b,1,109188,12.062152493384575,0.0286342707699061,0.9857379245134347,0.7256454705434298,68.97562408447266
scene-0271_CAM_FRONT_c28c950a_08dfcb4b,2,109693,12.160301414695947,0.02849263494056098,0.9790205657552596,0.7314501090011294,68.22262573242188
scene-0271_CAM_FRONT_c28c950a_08dfcb4b,3,102998,11.806592450669484,0.026761107131280326,0.969354923436556,0.6858928899745226,68.91513061523438
scene-0271_CAM_FRONT_c28c950a_08dfcb4b,4,96675,11.973335316639071,0.025403526942116006,0.9605429044204554,0.6441704094765319,69.18984985351562
scene-0271_CAM_FRONT_b8c2c0c9_9f5b95a0,0,107583,16.993895056652047,0.037107489844208086,0.957220339873401,0.7126178656790901,68.27400207519531
scene-0271_CAM_FRONT_b8c2c0c9_9f5b95a0,1,102148,18.466715437279145,0.03742973083642287,0.9559399049194968,0.6762009823234313,66.51753997802734
scene-0271_CAM_FRONT_b8c2c0c9_9f5b95a0,2,97793,18.764078171433884,0.0260885864351863,0.9634583563154991,0.6445840884616395,67.34082794189453
scene-0271_CAM_FRONT_b8c2c0c9_9f5b95a0,3,94131,18.13125715430403,0.02679895129088017,0.9649817455939905,0.6208861923147637,67.79850006103516
scene-0271_CAM_FRONT_b8c2c0c9_9f5b95a0,4,92401,17.92411122107186,0.02783385241263936,0.964325112284296,0.6118049536416883,68.80847930908203
scene-0271_CAM_FRONT_cbbd3332_b0361d86,0,110224,19.438177917017686,0.020971844751898283,0.9682977438079479,0.7377275234418091,69.02997589111328
scene-0271_CAM_FRONT_cbbd3332_b0361d86,1,109864,19.775527624775172,0.019504580094826807,0.9751201638956741,0.7349433982087044,68.8015365600586
scene-0271_CAM_FRONT_cbbd3332_b0361d86,2,104179,18.59814736460348,0.026206032777200683,0.9814632416673233,0.6927547080608305,72.134521484375
scene-0271_CAM_FRONT_cbbd3332_b0361d86,3,102406,19.364365015701804,0.026406512967502405,0.9906889396685316,0.6785845612376225,71.48731994628906
scene-0271_CAM_FRONT_cbbd3332_b0361d86,4,106621,18.516226803221286,0.02430687216669769,0.9941165655451369,0.7046726026317863,73.81111907958984
scene-0271_CAM_FRONT_a0069939_c5910605,0,106618,16.64508649123652,0.02978010695471056,0.9936634885614477,0.702426916712631,73.81440734863281
scene-0271_CAM_FRONT_a0069939_c5910605,1,111048,17.744140625000004,0.026652784696354903,0.9941493972106217,0.7317784256559767,72.05269622802734
scene-0271_CAM_FRONT_a0069939_c5910605,2,105524,17.838234560333028,0.01750281685767696,0.994464581199275,0.6952039503059911,71.46209716796875
scene-0271_CAM_FRONT_a0069939_c5910605,3,104059,17.578371984193012,0.02016750172238657,0.9982861870616972,0.6842250413678985,71.37706756591797
scene-0271_CAM_FRONT_a0069939_c5910605,4,104415,17.06978574810606,0.015833353250984672,0.9962243584692564,0.6897144958369448,73.37125396728516
scene-0271_CAM_FRONT_618875a2_309dffee,0,92065,15.12062790618162,0.016936588289354848,0.9955414598271741,0.6077009954560975,71.86888122558594
scene-0271_CAM_FRONT_618875a2_309dffee,1,102976,14.640423918776367,0.025007467410880002,0.9973406350957371,0.6802327108449557,74.59904479980469
scene-0271_CAM_FRONT_618875a2_309dffee,2,105100,14.674415001502403,0.025091353898226698,0.9981285950673706,0.6944685209991333,73.91265106201172
scene-0271_CAM_FRONT_618875a2_309dffee,3,105714,15.058681412701976,0.029876378014860094,0.998089197068789,0.6963399259317626,72.66182708740234
scene-0271_CAM_FRONT_618875a2_309dffee,4,108524,15.59606183533086,0.031937948983296494,0.9994943923515353,0.7141346886244846,72.11235046386719
scene-0271_CAM_FRONT_8e86bdba_84d3fc36,0,105322,12.619566864694473,0.02102095684954297,0.9997636120085099,0.6924132587397893,72.61884307861328
scene-0271_CAM_FRONT_8e86bdba_84d3fc36,1,107056,12.46600831958196,0.02119225633322963,0.9999212040028367,0.7037598823313109,73.06950378417969
scene-0271_CAM_FRONT_8e86bdba_84d3fc36,2,100459,12.67827490298877,0.02278992466629637,0.9980497990702072,0.6607307015470281,72.30696105957031
scene-0271_CAM_FRONT_8e86bdba_84d3fc36,3,96661,12.736234259473198,0.021100927011055592,0.9987917947101621,0.63587713077509,71.04332733154297
scene-0271_CAM_FRONT_8e86bdba_84d3fc36,4,96688,13.127867270722367,0.025100125179619903,0.9987523967115803,0.6362579780947127,70.17264556884766
scene-0271_CAM_FRONT_8c9d04f0_4a4e46db,0,76182,10.65538263557148,0.034904810083209004,0.9986604680482232,0.5007616946392457,70.05219268798828
scene-0271_CAM_FRONT_8c9d04f0_4a4e46db,1,75025,10.901853343940383,0.03702011185738874,0.9986013710503506,0.49315131457988604,70.078125
scene-0271_CAM_FRONT_8c9d04f0_4a4e46db,2,73044,10.832978190741194,0.03329207209814977,0.998798361043259,0.4799858167205106,70.57586669921875
scene-0271_CAM_FRONT_8c9d04f0_4a4e46db,3,73445,10.81478199765294,0.033028808793688746,0.9986998660468048,0.4827174112888399,70.18441009521484
scene-0271_CAM_FRONT_8c9d04f0_4a4e46db,4,73365,10.690371400523556,0.03489859434049736,0.9987458303784834,0.4822315026396659,70.60552978515625
scene-0272_CAM_FRONT_e261f474_e7683144,0,78724,10.678878969509107,0.03652429909762134,0.9988246263756467,0.5174073490400021,71.24429321289062
scene-0272_CAM_FRONT_e261f474_e7683144,1,77825,10.72240048363095,0.03515796802176352,0.9987589630446774,0.5114845165865574,71.26909637451172
scene-0272_CAM_FRONT_e261f474_e7683144,2,77406,10.820395146826359,0.03319052302843484,0.9987786620439681,0.5087332230189373,70.63627624511719
scene-0272_CAM_FRONT_e261f474_e7683144,3,76717,10.703764454418462,0.030499133806644263,0.998680167047514,0.5042549838468205,70.1128158569336
scene-0272_CAM_FRONT_e261f474_e7683144,4,77367,10.325303559858453,0.031675263333530435,0.9986998660468048,0.5085034013605442,71.53485107421875
scene-0272_CAM_FRONT_a4fa9d49_77d239a5,0,76970,10.404184018740239,0.02570797603037156,0.9987326977122896,0.5059293987865416,69.8507308959961
scene-0272_CAM_FRONT_a4fa9d49_77d239a5,1,77498,10.53853184723657,0.03188407116885106,0.9985948047172537,0.5093307593307593,69.6867904663086
scene-0272_CAM_FRONT_a4fa9d49_77d239a5,2,73281,11.02150675455729,0.029287060120847475,0.9987655293777743,0.48169962965881336,70.54856872558594
scene-0272_CAM_FRONT_a4fa9d49_77d239a5,3,74079,11.215890636599854,0.027849568390288404,0.9988837233735193,0.4868673338061093,69.87702941894531
scene-0272_CAM_FRONT_a4fa9d49_77d239a5,4,70153,11.189659168956043,0.031673763248601716,0.9986342027158354,0.46133743072518585,70.33378601074219
scene-0272_CAM_FRONT_fdb723ef_a77fe48a,0,92947,15.955494057438518,0.034823561375349144,0.9988246263756467,0.6135844299109605,69.86422729492188
scene-0272_CAM_FRONT_fdb723ef_a77fe48a,1,91992,15.61937528692287,0.02255307934665618,0.9988640243742285,0.6096774617182781,70.18820190429688
scene-0272_CAM_FRONT_fdb723ef_a77fe48a,2,88371,16.100432751225487,0.020627071642274508,0.9980038347385286,0.5836550836550837,68.38482666015625
scene-0272_CAM_FRONT_fdb723ef_a77fe48a,3,86961,17.07102621822034,0.019114297316308537,0.9945762088619231,0.5783035221810732,67.70345306396484
scene-0272_CAM_FRONT_fdb723ef_a77fe48a,4,81322,15.548721941927516,0.018148061959968098,0.9871759514616657,0.5401990912194994,68.31997680664062
scene-0272_CAM_FRONT_160faaad_9a9f3586,0,102440,19.257670367436628,0.027771056927611504,0.9843524282299793,0.6767591206366717,70.85041809082031
scene-0272_CAM_FRONT_160faaad_9a9f3586,1,104760,19.72549057961943,0.030536521460870603,0.9853964751923936,0.6953746749665117,70.11653137207031
scene-0272_CAM_FRONT_160faaad_9a9f3586,2,102519,20.16160485933504,0.038991110493477255,0.9846938775510204,0.6870354319333911,70.38983917236328
scene-0272_CAM_FRONT_160faaad_9a9f3586,3,105456,19.93379758657495,0.047095119167470445,0.982572951960707,0.7058742415885273,70.1528549194336
scene-0272_CAM_FRONT_160faaad_9a9f3586,4,93394,19.589722922376666,0.04660951280665859,0.97164657368739,0.6288905523599401,70.17778778076172
scene-0272_CAM_FRONT_deafcf11_fb2a7007,0,106118,17.44050716683884,0.023412447813452086,0.9638063719696373,0.7196832400914034,69.25428009033203
scene-0272_CAM_FRONT_deafcf11_fb2a7007,1,104409,16.619236083199358,0.027316168541925645,0.9550206182859244,0.7122961153573398,71.73726654052734
scene-0272_CAM_FRONT_deafcf11_fb2a7007,2,97199,16.527694207211866,0.021887426105605012,0.9434113413705251,0.6657999106978699,71.53005981445312
scene-0272_CAM_FRONT_deafcf11_fb2a7007,3,95531,16.278097239847714,0.02734677029135213,0.9325571927612744,0.6608160638772884,72.21182250976562
scene-0272_CAM_FRONT_deafcf11_fb2a7007,4,90468,17.04862766993552,0.024792317550509813,0.9266080949754419,0.6105639166863657,69.31070709228516
scene-0272_CAM_FRONT_f05e9433_5f52fc66,0,101589,22.150546231112635,0.020655828038284696,0.9241719853964752,0.6937462243584692,69.42399597167969
scene-0272_CAM_FRONT_f05e9433_5f52fc66,1,96311,22.174278202036437,0.01522501441716173,0.9227602237806319,0.6598442465789405,69.42803955078125
scene-0272_CAM_FRONT_f05e9433_5f52fc66,2,91307,22.179687499999996,0.019707164030073443,0.9192341029075723,0.6255154571481102,70.95409393310547
scene-0272_CAM_FRONT_f05e9433_5f52fc66,3,87425,21.68876244737694,0.016067063746104004,0.9074278359992646,0.6081081081081081,73.44739532470703
scene-0272_CAM_FRONT_f05e9433_5f52fc66,4,98346,21.067509359718823,0.025625428830193586,0.9005200535812781,0.6788669135607911,74.74653625488281
scene-0272_CAM_FRONT_03e1fa4e_f1d9fc82,0,85622,17.88281629616132,0.025438749635602997,0.8859296614398655,0.5843970792950385,71.80936431884766
scene-0272_CAM_FRONT_03e1fa4e_f1d9fc82,1,83957,18.16786934894423,0.018308239300562246,0.9264702019804061,0.577968639193129,73.22457122802734
scene-0272_CAM_FRONT_03e1fa4e_f1d9fc82,2,96989,20.102007304152394,0.028878344516648724,0.9512384104220839,0.6712959315000131,68.84480285644531
scene-0272_CAM_FRONT_03e1fa4e_f1d9fc82,3,90358,20.260960855070334,0.02867467641623911,0.9544362146402963,0.6214705959603919,69.30420684814453
scene-0272_CAM_FRONT_03e1fa4e_f1d9fc82,4,84610,21.207822642112507,0.024940746324985108,0.9793817140755916,0.5615922044493473,69.036865234375
scene-0273_CAM_FRONT_1d477a7c_8ae5eb1e,0,109910,21.798531997557266,0.04784216022911636,0.9697357707561789,0.7577220077220077,71.87577056884766
scene-0273_CAM_FRONT_1d477a7c_8ae5eb1e,1,114567,20.59715602225403,0.03605495212557308,0.9576996821894781,0.7822078638405169,72.39179992675781
scene-0273_CAM_FRONT_1d477a7c_8ae5eb1e,2,104139,20.524892979452055,0.034014708191647536,0.939333648517322,0.7165904972027421,74.9138412475586
scene-0273_CAM_FRONT_1d477a7c_8ae5eb1e,3,104221,20.889307120161757,0.028947578932591256,0.931526278465054,0.7000433377984399,73.07595825195312
scene-0273_CAM_FRONT_1d477a7c_8ae5eb1e,4,106105,21.852255357584,0.026990044012235703,0.9497347201428834,0.715165602920705,74.48944854736328
scene-0273_CAM_FRONT_5eb775d7_11d08474,0,103194,21.47807261194869,0.03840200449863218,0.9690660047802905,0.6899311848291441,73.16954040527344
scene-0273_CAM_FRONT_5eb775d7_11d08474,1,116223,22.377344652657428,0.02940115451035208,0.9863879914900323,0.7757662910724136,71.8567123413086
scene-0273_CAM_FRONT_5eb775d7_11d08474,2,125559,23.13631674287043,0.026230092298422214,0.9889225960654532,0.8362159535628924,70.48309326171875
scene-0273_CAM_FRONT_5eb775d7_11d08474,3,123139,22.760217539721953,0.03379591516908986,0.9895660967089539,0.8217765870827095,70.06494903564453
scene-0273_CAM_FRONT_5eb775d7_11d08474,4,122772,23.653453874333927,0.04033159952458498,0.9814632416673233,0.8270953168912353,69.18390655517578
scene-0273_CAM_FRONT_1c9469a9_e42c4028,0,116774,20.879059150745572,0.024877359799724275,0.9829997636120085,0.7815709295301132,70.5530014038086
scene-0273_CAM_FRONT_1c9469a9_e42c4028,1,119492,22.08979028041825,0.04042205454251646,0.9940968665458462,0.7914926588395976,69.71255493164062
scene-0273_CAM_FRONT_1c9469a9_e42c4028,2,119300,22.37130532654753,0.03611616085806513,0.9895857957082447,0.7983085125942269,69.07453918457031
scene-0273_CAM_FRONT_1c9469a9_e42c4028,3,113341,22.677455913509473,0.03364354198034736,0.9826189162923857,0.7673154203766449,67.36121368408203
scene-0273_CAM_FRONT_1c9469a9_e42c4028,4,119615,22.953811562256437,0.04651317250248521,0.985225750531873,0.7976781446169201,67.7823257446289
scene-0273_CAM_FRONT_e1e84a1a_b87c4fce,0,123621,18.895038083569123,0.026820802751560624,0.9871628187954719,0.8198526514853045,68.21424102783203
scene-0273_CAM_FRONT_e1e84a1a_b87c4fce,1,125764,18.78530003834356,0.024822587873910118,0.9880361410973656,0.8420731226853676,68.22438049316406
scene-0273_CAM_FRONT_e1e84a1a_b87c4fce,2,122385,19.056878847064393,0.024825342226042046,0.9764005988495784,0.8185262521997216,67.95890808105469
scene-0273_CAM_FRONT_e1e84a1a_b87c4fce,3,122709,19.40161515061266,0.025254768775060832,0.9593084337982297,0.8357234785806215,68.65206146240234
scene-0273_CAM_FRONT_e1e84a1a_b87c4fce,4,122384,21.02450314364876,0.04559315095489502,0.9496953221443017,0.8306871010952643,67.12435913085938
scene-0273_CAM_FRONT_49ceba17_ac2d1e89,0,127398,21.154604792048573,0.048138764126022915,0.9452564809707666,0.8689097260525832,68.00062561035156
scene-0273_CAM_FRONT_49ceba17_ac2d1e89,1,127241,21.94010354006256,0.05264477183472005,0.9411984871168545,0.8761852231239986,66.31146240234375
scene-0273_CAM_FRONT_49ceba17_ac2d1e89,2,124537,21.15462601273148,0.046664665470775635,0.9356565019830326,0.8582853991017256,68.21839904785156
scene-0273_CAM_FRONT_49ceba17_ac2d1e89,3,120522,21.376098693153732,0.05121487381980172,0.9346387203530061,0.8220064087411026,67.96995544433594
scene-0273_CAM_FRONT_49ceba17_ac2d1e89,4,119955,20.997147974830792,0.05475965775880054,0.9273960549470753,0.8102198408320858,69.13475036621094
scene-0273_CAM_FRONT_0791e7e8_8d5c8d68,0,121530,23.632438696172258,0.026035697812588188,0.9193063325716387,0.8061881123105613,68.9073715209961
scene-0273_CAM_FRONT_0791e7e8_8d5c8d68,1,119663,24.45903041513881,0.03392854044668914,0.9334108160638773,0.7993853912221259,66.4531478881836
scene-0273_CAM_FRONT_0791e7e8_8d5c8d68,2,125219,25.576554316075757,0.01840094679580284,0.9547973629606282,0.8349683502744727,65.14873504638672
scene-0273_CAM_FRONT_0791e7e8_8d5c8d68,3,123275,24.782960372664498,0.030439010895892515,0.9599519344417303,0.8179287158878996,66.51113891601562
scene-0273_CAM_FRONT_0791e7e8_8d5c8d68,4,119092,23.240336277173917,0.031002040569727995,0.9554014656055473,0.7866270060147611,66.8515853881836
scene-0273_CAM_FRONT_e0668ad6_2bdf0127,0,121557,23.20398454520697,0.036880047917418946,0.9424066924066924,0.8148294066661413,65.69923400878906
scene-0273_CAM_FRONT_e0668ad6_2bdf0127,1,116092,23.41640385475217,0.035420678859707344,0.9373834475875292,0.791571454836761,67.55419921875
scene-0273_CAM_FRONT_e0668ad6_2bdf0127,2,110014,23.118580181364617,0.040539582224759174,0.9369106716045491,0.7575512830614871,67.12947082519531
scene-0273_CAM_FRONT_e0668ad6_2bdf0127,3,107903,22.277612230928995,0.03547279569222894,0.932005620781131,0.7446615711921835,68.73237609863281
scene-0273_CAM_FRONT_e0668ad6_2bdf0127,4,102868,21.431058422384698,0.03555570413307807,0.9274682846111417,0.7065571402306097,70.63053131103516
scene-0274_CAM_FRONT_040a956b_6d32f67b,0,113407,19.103077995331947,0.04093270093818635,0.9363853649567935,0.7677553646941402,67.29219818115234
scene-0274_CAM_FRONT_040a956b_6d32f67b,1,112639,19.082566615513397,0.021644070612282462,0.9346715520184908,0.7786095133033909,67.90550994873047
scene-0274_CAM_FRONT_040a956b_6d32f67b,2,115458,19.805537206956185,0.021786387402413565,0.9353544506605731,0.7949793817140756,65.64254760742188
scene-0274_CAM_FRONT_040a956b_6d32f67b,3,113249,20.219898797241523,0.028464386451491297,0.9380663462296115,0.7716820318861135,65.61177062988281
scene-0274_CAM_FRONT_040a956b_6d32f67b,4,117798,20.894962709566073,0.04237864862958318,0.9311060331468495,0.7950384787119481,65.56700897216797
scene-0274_CAM_FRONT_d6f9027a_34cf97ab,0,105732,20.908473687770556,0.039402383421184295,0.9232461324298059,0.7074567278648911,64.1205062866211
scene-0274_CAM_FRONT_d6f9027a_34cf97ab,1,105281,21.430909278634356,0.04377338253660401,0.9172051059806162,0.7112849000604102,62.445465087890625
scene-0274_CAM_FRONT_d6f9027a_34cf97ab,2,97006,21.923423517231523,0.028383214038325555,0.9151235783888845,0.6494169096209913,61.725521087646484
scene-0274_CAM_FRONT_d6f9027a_34cf97ab,3,86923,21.56408425805048,0.02743139663744376,0.9115252278517585,0.580733065426943,63.502811431884766
scene-0274_CAM_FRONT_d6f9027a_34cf97ab,4,90499,22.25810539731163,0.029443015958434238,0.9072439786725501,0.6095461350563391,62.03411865234375
scene-0274_CAM_FRONT_9bd318b5_728f711f,0,102027,28.047289785166942,0.02620668966945372,0.901137288892391,0.6956832926220682,61.887577056884766
scene-0274_CAM_FRONT_9bd318b5_728f711f,1,98422,28.239188696919243,0.029552026880031113,0.8994760066188637,0.6596866545846137,64.24756622314453
scene-0274_CAM_FRONT_9bd318b5_728f711f,2,101984,26.291884953897732,0.03220813635841768,0.9005200535812781,0.683450214062459,66.947998046875
scene-0274_CAM_FRONT_9bd318b5_728f711f,3,105266,26.213402494716185,0.03045198429546825,0.9054710687363748,0.7032214430173613,66.98906707763672
scene-0274_CAM_FRONT_9bd318b5_728f711f,4,103619,25.909044000733864,0.03716571541932101,0.9108948598744517,0.6973642738948861,67.12802124023438
scene-0274_CAM_FRONT_4ea42d9d_144689dc,0,112444,22.081238213900864,0.015635985390700435,0.9210858088409108,0.7715375725579807,68.02455139160156
scene-0274_CAM_FRONT_4ea42d9d_144689dc,1,114282,22.497717306838375,0.026397565005212176,0.929116434218475,0.7856420560502193,67.91136169433594
scene-0274_CAM_FRONT_4ea42d9d_144689dc,2,120047,21.657331996681414,0.030381029548289362,0.940653481469808,0.8271806792214955,70.46007537841797
scene-0274_CAM_FRONT_4ea42d9d_144689dc,3,121792,21.435776284694292,0.02915324551616494,0.9515601607438342,0.8311598770782445,70.256591796875
scene-0274_CAM_FRONT_4ea42d9d_144689dc,4,123071,22.550365248935034,0.0317268303032181,0.9498003834738529,0.8421847503480157,70.51811218261719
scene-0274_CAM_FRONT_d813d750_8491dd8f,0,115855,19.346414816055237,0.02921453318274736,0.9335881070574948,0.7977241089485988,68.18897247314453
scene-0274_CAM_FRONT_d813d750_8491dd8f,1,109477,19.907397936977716,0.0253870196160082,0.9178617392903107,0.7645050298111523,67.80225372314453
scene-0274_CAM_FRONT_d813d750_8491dd8f,2,99196,19.820265257861088,0.021083403805565615,0.9042103327817613,0.6811716964778189,67.5382308959961
scene-0274_CAM_FRONT_d813d750_8491dd8f,3,93765,19.840037505535875,0.022073784171371624,0.8928965408557246,0.6394295169805374,65.30978393554688
scene-0274_CAM_FRONT_d813d750_8491dd8f,4,89778,21.113920943233936,0.027085955712188747,0.8884511333490925,0.5895122527775589,63.32735061645508
scene-0274_CAM_FRONT_d90f206c_864f2bd6,0,115253,23.376811342592593,0.025402017257247334,0.899449741286476,0.779318677277861,64.14925384521484
scene-0274_CAM_FRONT_d90f206c_864f2bd6,1,121824,24.952239243474718,0.02004502827057153,0.9160953956872324,0.8281721955191343,63.1685791015625
scene-0274_CAM_FRONT_d90f206c_864f2bd6,2,120437,26.029175262565644,0.02053275657743292,0.925032175032175,0.8190318598481864,64.01171875
scene-0274_CAM_FRONT_d90f206c_864f2bd6,3,122970,26.929713687150844,0.020206983199354545,0.9404499251438027,0.8420731226853676,62.97381591796875
scene-0274_CAM_FRONT_d90f206c_864f2bd6,4,126632,28.22706205595027,0.03127082280833027,0.9629527486670344,0.8573332808026686,63.432735443115234
scene-0274_CAM_FRONT_1734a670_783bf5ef,0,124759,21.03479199045293,0.029188034584765266,0.9778845901294881,0.826274525254117,63.825496673583984
scene-0274_CAM_FRONT_1734a670_783bf5ef,1,123697,19.904426983633236,0.02715016034421147,0.9704712000630368,0.817876185223124,64.617431640625
scene-0274_CAM_FRONT_1734a670_783bf5ef,2,121375,20.088424285548328,0.01986309005118514,0.9609368844062721,0.8040671867202479,65.03221893310547
scene-0274_CAM_FRONT_1734a670_783bf5ef,3,117893,20.741541912604717,0.019415275428954715,0.9491109184986736,0.7824442518320069,62.545799255371094
scene-0274_CAM_FRONT_1734a670_783bf5ef,4,114726,20.09965544703033,0.03228931988317951,0.9252291650250833,0.761175898931001,64.93858337402344
scene-0274_CAM_FRONT_f5a8490b_a6f13e65,0,104823,29.67358411416799,0.018055106303523694,0.8949189714495837,0.694370026002679,65.35364532470703
scene-0274_CAM_FRONT_f5a8490b_a6f13e65,1,94946,28.649829966558205,0.026492961003083737,0.8330838126756495,0.6312347332755496,67.86357116699219
scene-0274_CAM_FRONT_f5a8490b_a6f13e65,2,83394,29.278663240864528,0.01955534887777466,0.7651485304546529,0.5533711554119718,64.93132019042969
scene-0274_CAM_FRONT_f5a8490b_a6f13e65,3,81924,28.99625907908895,0.015092044675494298,0.7683200693404775,0.5455243873611221,65.53315734863281
scene-0274_CAM_FRONT_f5a8490b_a6f13e65,4,79644,26.970053602683784,0.022201544173301446,0.7698762902844536,0.5321225015102566,67.78418731689453
scene-0275_CAM_FRONT_8fb167b9_ad7080dc,0,85298,24.694950904498043,0.010643607237117436,0.7693838153021827,0.5638313240354057,66.61454010009766
scene-0275_CAM_FRONT_8fb167b9_ad7080dc,1,89949,25.590065298507465,0.010411355330018246,0.7698434586189689,0.5996835027447273,65.07453918457031
scene-0275_CAM_FRONT_8fb167b9_ad7080dc,2,92118,24.8535009618994,0.013137461633489389,0.7788984319596565,0.6160730701547028,66.76026153564453
scene-0275_CAM_FRONT_8fb167b9_ad7080dc,3,95623,25.261354002365923,0.019447018936237015,0.7836524571218448,0.6434612455020619,67.188720703125
scene-0275_CAM_FRONT_8fb167b9_ad7080dc,4,95307,26.43373561756419,0.02223254081240178,0.7909345205263573,0.6443214351377616,64.69331359863281
scene-0275_CAM_FRONT_96af1a7d_4ffdd341,0,85679,19.4303129515896,0.01030192725471002,0.7934428597693903,0.5727155727155727,64.2967300415039
scene-0275_CAM_FRONT_96af1a7d_4ffdd341,1,90875,19.400517939814808,0.008283876819594749,0.7944540750663199,0.6117786883093006,64.31153106689453
scene-0275_CAM_FRONT_96af1a7d_4ffdd341,2,98588,20.495833917227202,0.0165218973032919,0.8041788143828961,0.6586491739552964,62.84039306640625
scene-0275_CAM_FRONT_96af1a7d_4ffdd341,3,93652,20.652029250103215,0.0221877643747308,0.8042641767131563,0.6266645654400756,61.437015533447266
scene-0275_CAM_FRONT_96af1a7d_4ffdd341,4,85294,21.465557535186075,0.01690583540995938,0.8012567961547553,0.5736020276836603,61.11818313598633
scene-0275_CAM_FRONT_ffec010a_4523fb98,0,87788,21.205250913309634,0.02733899829912012,0.8017164394715415,0.587456990518215,61.8720588684082
scene-0275_CAM_FRONT_ffec010a_4523fb98,1,75915,19.105411686586983,0.01240595847064574,0.7997793712079426,0.5040054631891366,64.30915832519531
scene-0275_CAM_FRONT_ffec010a_4523fb98,2,74458,19.190931566455696,0.018039684058072547,0.7964239749954035,0.49308565124891657,64.00243377685547
scene-0275_CAM_FRONT_ffec010a_4523fb98,3,67834,19.02724395529197,0.01607694616931643,0.8041591153836052,0.4471672839019778,64.50934600830078
scene-0275_CAM_FRONT_ffec010a_4523fb98,4,61495,19.378534297898998,0.023336439640786022,0.8083287369001655,0.4042300317810522,64.31043243408203
scene-0275_CAM_FRONT_6e75580f_cf4d6609,0,64390,17.37426218583396,0.017009801850355277,0.8181060068815171,0.42295064744044336,64.97960662841797
scene-0275_CAM_FRONT_6e75580f_cf4d6609,1,63423,17.91706872639282,0.02140340850968192,0.8205618154597747,0.4172642029784887,63.596168518066406
scene-0275_CAM_FRONT_6e75580f_cf4d6609,2,63264,18.327088068181826,0.02094093740051295,0.8264189845822499,0.41594437002600265,65.37540435791016
scene-0275_CAM_FRONT_6e75580f_cf4d6609,3,63043,18.41165728109137,0.02364929765818946,0.8278701441966748,0.41438158274892967,65.30743408203125
scene-0275_CAM_FRONT_6e75580f_cf4d6609,4,62966,18.327663049905397,0.012145170008923678,0.8266685052399338,0.4148346597326189,65.46642303466797
scene-0275_CAM_FRONT_5bea7ebf_33c965ec,0,61986,20.52434834123223,0.018033120203488684,0.8258542799359125,0.407020723347254,63.73211669921875
scene-0275_CAM_FRONT_5bea7ebf_33c965ec,1,58346,20.84294047196593,0.018962561111932175,0.8198460851522076,0.3831192708743729,63.016475677490234
scene-0275_CAM_FRONT_5bea7ebf_33c965ec,2,55640,20.301608072916657,0.015990315393937804,0.82280750137893,0.36535077351403883,65.17305755615234
scene-0275_CAM_FRONT_5bea7ebf_33c965ec,3,55937,20.542668416380998,0.015035940134337622,0.827843878864287,0.3673009744438316,65.26671600341797
scene-0275_CAM_FRONT_5bea7ebf_33c965ec,4,56718,21.24221176242236,0.019797425322329865,0.8305689070995194,0.3724292805925459,63.87690353393555
scene-0275_CAM_FRONT_54847140_1aaff367,0,59966,18.77430282796544,0.011808583482006307,0.8309169227536575,0.3951684921072676,63.14881134033203
scene-0275_CAM_FRONT_54847140_1aaff367,1,59490,18.10881269904458,0.012086824115351336,0.8310548157486933,0.39171460089827437,64.63282012939453
scene-0275_CAM_FRONT_54847140_1aaff367,2,59387,17.976441521851342,0.011661410880174028,0.8332085730044914,0.39070995193444175,62.86605453491211
scene-0275_CAM_FRONT_54847140_1aaff367,3,58278,18.059122691889936,0.010880188553484604,0.8245541459827174,0.38395319517768495,63.295597076416016
scene-0275_CAM_FRONT_54847140_1aaff367,4,59041,17.609744310507836,0.010540147597189797,0.8277519502009298,0.3888516796680062,63.673770904541016
scene-0275_CAM_FRONT_28d072da_e32db3f8,0,58850,16.782813274537347,0.014821183279255967,0.8275286948756336,0.3864287027552334,62.89714050292969
scene-0275_CAM_FRONT_28d072da_e32db3f8,1,58147,16.495916338481997,0.018432744757601593,0.8273448375489192,0.38181257058808077,63.6375846862793
scene-0275_CAM_FRONT_28d072da_e32db3f8,2,58021,17.344758656103288,0.015462686974700102,0.8275155622094398,0.38098521261786567,62.347007751464844
scene-0275_CAM_FRONT_28d072da_e32db3f8,3,57722,17.042945709505442,0.015896349321730785,0.827732251201639,0.379021879021879,62.774864196777344
scene-0275_CAM_FRONT_28d072da_e32db3f8,4,58088,16.99115441849817,0.014659659837602979,0.8275221285425367,0.381425156935361,63.28423309326172
scene-0275_CAM_FRONT_38f030fc_91d55da9,0,60063,17.068456951269454,0.0120014205315786,0.8274564652115672,0.39563470175715076,63.3917121887207
scene-0275_CAM_FRONT_38f030fc_91d55da9,1,59778,16.834350832212507,0.013540790733294061,0.8276403225382817,0.3936319701625824,63.24625778198242
scene-0275_CAM_FRONT_38f030fc_91d55da9,2,59079,17.021901061869666,0.014766977026938743,0.8275943582066031,0.3890092716623329,63.12834930419922
scene-0275_CAM_FRONT_38f030fc_91d55da9,3,58871,17.218335525340848,0.013828789921240592,0.8274301998791794,0.3876500407112652,62.99031066894531
scene-0275_CAM_FRONT_38f030fc_91d55da9,4,59018,17.302367024856427,0.015915901150753475,0.827489296877052,0.3885890263441284,62.431148529052734
scene-0276_CAM_FRONT_3502d36d_f38ef511,0,57520,18.2389884914518,0.01127119496290474,0.8270296535602658,0.3776954797362961,63.71596908569336
scene-0276_CAM_FRONT_3502d36d_f38ef511,1,57009,18.10693737887597,0.018533579768930775,0.8271675465553017,0.374340083523757,62.99101257324219
scene-0276_CAM_FRONT_3502d36d_f38ef511,2,56701,18.55637816550136,0.015033601662197249,0.827016520894072,0.3723176529298978,62.67769241333008
scene-0276_CAM_FRONT_3502d36d_f38ef511,3,54536,17.684187991786303,0.012240241401771046,0.8193930081685183,0.3581015417750112,62.93592834472656
scene-0276_CAM_FRONT_3502d36d_f38ef511,4,54462,17.763395072923036,0.010091439556449755,0.8222362303994957,0.3576156331258372,62.639469146728516
scene-0276_CAM_FRONT_291e7331_333b8e10,0,68578,20.870337980237704,0.01614173997911661,0.8265109132456071,0.450739369106716,63.728153228759766
scene-0276_CAM_FRONT_291e7331_333b8e10,1,67872,20.858341334241825,0.022302840675681335,0.8293147374780028,0.4462545636015024,64.17090606689453
scene-0276_CAM_FRONT_291e7331_333b8e10,2,67746,20.867083360559327,0.018548299954476377,0.8435177159666956,0.4448428019856591,66.17648315429688
scene-0276_CAM_FRONT_291e7331_333b8e10,3,68318,22.13266964285715,0.028231037922972657,0.8573004491371838,0.44859874451711185,67.42655181884766
scene-0276_CAM_FRONT_291e7331_333b8e10,4,68598,21.68757526865119,0.03050606918339227,0.8548906048906049,0.45043731778425655,67.57093811035156
scene-0276_CAM_FRONT_5099c824_c62b6ac8,0,87163,24.247235044850875,0.03514229163760474,0.8774853570771938,0.580851259422688,66.97614288330078
scene-0276_CAM_FRONT_5099c824_c62b6ac8,1,86125,25.512283717834954,0.04278105191688475,0.8763099834528406,0.5750531872980853,63.41596603393555
scene-0276_CAM_FRONT_5099c824_c62b6ac8,2,87544,23.959400588204808,0.028085077467080888,0.9003493289207575,0.5811007800803719,67.60283660888672
scene-0276_CAM_FRONT_5099c824_c62b6ac8,3,87458,24.74551924495819,0.018942037017118274,0.9127399994746933,0.5813109027394742,66.12553405761719
scene-0276_CAM_FRONT_5099c824_c62b6ac8,4,84881,24.880666666666666,0.017241557181761014,0.9260630893283954,0.5628201087384761,66.798095703125
scene-0276_CAM_FRONT_19eea651_4070ae6b,0,82712,25.753695426946805,0.026663404349115627,0.9379678512331574,0.5435741864313293,68.30394744873047
scene-0276_CAM_FRONT_19eea651_4070ae6b,1,81037,25.9840342203776,0.028900191703946643,0.9538912089932499,0.5334423344627426,69.32524871826172
scene-0276_CAM_FRONT_19eea651_4070ae6b,2,91522,25.484309720350403,0.017722366354100183,0.9662293488824101,0.6045557219026607,67.95189666748047
scene-0276_CAM_FRONT_19eea651_4070ae6b,3,92392,26.275297124335104,0.018354795685715963,0.9654545215769705,0.6095133033908544,67.7269058227539
scene-0276_CAM_FRONT_19eea651_4070ae6b,4,91372,26.3730166547278,0.02361033287674208,0.9485659128516272,0.6139455782312925,67.48393249511719
scene-0276_CAM_FRONT_9075f9ff_6c662b12,0,101742,23.556795840231793,0.030785606957302036,0.9442715310062249,0.6990715205000919,68.26158905029297
scene-0276_CAM_FRONT_9075f9ff_6c662b12,1,111356,24.448348466375773,0.039267464573901734,0.9529784886927745,0.7628109158721403,67.65676879882812
scene-0276_CAM_FRONT_9075f9ff_6c662b12,2,109343,24.770984031907588,0.04366756040463349,0.9459590786121398,0.7497110813437344,66.23955535888672
scene-0276_CAM_FRONT_9075f9ff_6c662b12,3,100222,24.346669359576975,0.032711564715100394,0.9504832821159351,0.6843563680298375,67.77110290527344
scene-0276_CAM_FRONT_9075f9ff_6c662b12,4,95570,25.001844958202717,0.030297894899485645,0.9421703044152023,0.638405169017414,67.00779724121094
scene-0276_CAM_FRONT_7ff6ab92_afb43016,0,101858,24.707359632554937,0.03736205345934507,0.9397735928348173,0.6856630683161296,65.467041015625
scene-0276_CAM_FRONT_7ff6ab92_afb43016,1,107281,24.404568768018947,0.031122470581898654,0.9509626244320122,0.726689517505844,67.57086181640625
scene-0276_CAM_FRONT_7ff6ab92_afb43016,2,113029,24.609698872626588,0.04709536461561603,0.9552701389436083,0.7771714863551599,67.93528747558594
scene-0276_CAM_FRONT_7ff6ab92_afb43016,3,111036,24.90764106271223,0.045944589221359244,0.9591705408031939,0.7598691986447088,68.8540267944336
scene-0276_CAM_FRONT_7ff6ab92_afb43016,4,107813,25.08970196523247,0.0353115042934844,0.9603196490951593,0.7324678906311559,69.66536712646484
scene-0276_CAM_FRONT_46a4a199_28285c36,0,93193,20.573210685483865,0.02522580162846788,0.9616197830483545,0.6193759357024663,67.22769165039062
scene-0276_CAM_FRONT_46a4a199_28285c36,1,97563,20.40714005270443,0.02514119252791236,0.9574895595303758,0.6440456491476899,66.79706573486328
scene-0276_CAM_FRONT_46a4a199_28285c36,2,96044,19.706560829347218,0.02258994581686702,0.9612455020618286,0.6307488246263756,69.84793853759766
scene-0276_CAM_FRONT_46a4a199_28285c36,3,85206,19.833343850969307,0.024610237483808195,0.9521117327239776,0.5595041105245186,68.58409881591797
scene-0276_CAM_FRONT_46a4a199_28285c36,4,86932,19.596514745308312,0.029579607480682002,0.964206918288551,0.5708244687836525,68.3942642211914
scene-0276_CAM_FRONT_ff6114d5_fef6223e,0,94143,23.8570574765978,0.02256439712168712,0.9716203083550022,0.6190870170462007,69.22676086425781
scene-0276_CAM_FRONT_ff6114d5_fef6223e,1,96248,24.55480683987998,0.02137141810507792,0.9693746224358469,0.6331061382081791,70.51665496826172
scene-0276_CAM_FRONT_ff6114d5_fef6223e,2,93657,26.09487020738313,0.02272150538375417,0.966964778189268,0.61569222283508,68.57279968261719
scene-0276_CAM_FRONT_ff6114d5_fef6223e,3,92491,28.899514456775705,0.02228672352830996,0.9656712105691697,0.6081803377721745,67.36660766601562
scene-0276_CAM_FRONT_ff6114d5_fef6223e,4,87038,28.337278090612102,0.028773165015088864,0.9636487799753106,0.5718028524150973,68.10000610351562
scene-0277_CAM_FRONT_7e2fd590_e3dbf6e9,0,99383,25.71353943707192,0.04143278513940141,0.944744306989205,0.6789851075565362,68.11460876464844
scene-0277_CAM_FRONT_7e2fd590_e3dbf6e9,1,98446,25.931464694656487,0.040291907217254286,0.9354398129908335,0.6738699340740157,69.08563232421875
scene-0277_CAM_FRONT_7e2fd590_e3dbf6e9,2,99375,27.755645100121367,0.056260499378350204,0.9272844272844273,0.6753670580201192,68.55218505859375
scene-0277_CAM_FRONT_7e2fd590_e3dbf6e9,3,98913,26.971682338800907,0.061377878134060815,0.927317258949912,0.6581369999737346,67.50051879882812
scene-0277_CAM_FRONT_7e2fd590_e3dbf6e9,4,97195,27.31351877148822,0.050032205839246835,0.9263979723163397,0.6410054369238043,66.85376739501953
scene-0277_CAM_FRONT_2dc6dfa0_6382c18e,0,110448,28.485036294291344,0.028234895996230636,0.9401741391537309,0.7398024847004439,68.07049560546875
scene-0277_CAM_FRONT_2dc6dfa0_6382c18e,1,112384,27.49324279526167,0.03217369051971408,0.949307908491582,0.7556930107950516,69.8264389038086
scene-0277_CAM_FRONT_2dc6dfa0_6382c18e,2,112086,27.527719398177243,0.033241018111234144,0.9504832821159351,0.7633821868515746,69.50201416015625
scene-0277_CAM_FRONT_2dc6dfa0_6382c18e,3,108408,27.51513341210497,0.02231151650985952,0.9459131142804612,0.7321658393086965,70.86824035644531
scene-0277_CAM_FRONT_2dc6dfa0_6382c18e,4,103974,28.221435386572548,0.031368325282455034,0.9294578835395162,0.722493630656896,67.99793243408203
scene-0277_CAM_FRONT_a593f1a2_2a07391a,0,94989,23.535423325458595,0.02732239026884864,0.9047816037611957,0.6633441021196124,68.50485229492188
scene-0277_CAM_FRONT_a593f1a2_2a07391a,1,99984,24.156488289760347,0.024295005122595192,0.8870328054001524,0.7185800961311165,69.09561157226562
scene-0277_CAM_FRONT_a593f1a2_2a07391a,2,98378,24.105043053405577,0.021393680180661345,0.883841567515037,0.704830194626113,67.56553649902344
scene-0277_CAM_FRONT_a593f1a2_2a07391a,3,93671,24.485483579282405,0.02997727012200535,0.9015509678774984,0.663271872455546,68.60845947265625
scene-0277_CAM_FRONT_a593f1a2_2a07391a,4,90202,23.879961480034712,0.03076648946925742,0.9091744806030521,0.6217004176187849,69.91053771972656
scene-0277_CAM_FRONT_21146650_fae2bb46,0,88544,20.517913226848524,0.014247835309859846,0.9299240931893993,0.5957240038872692,70.6600341796875
scene-0277_CAM_FRONT_21146650_fae2bb46,1,94741,21.00909807140701,0.014720143424011845,0.9559661702518846,0.6406639876027631,71.2845230102539
scene-0277_CAM_FRONT_21146650_fae2bb46,2,89482,20.872340390493253,0.01780995852748246,0.948349223859428,0.6065781524965198,72.19625091552734
scene-0277_CAM_FRONT_21146650_fae2bb46,3,86127,21.21994732539487,0.02183302655163999,0.9476006618863761,0.586977648202138,71.04682159423828
scene-0277_CAM_FRONT_21146650_fae2bb46,4,82723,21.09304463064295,0.014013100496774289,0.9551585112809603,0.5640480130276049,70.88807678222656
scene-0277_CAM_FRONT_d5cb5a4a_13af3da0,0,90926,22.336565975814793,0.016411908001706443,0.9522955900506921,0.6192577417067213,71.28150939941406
scene-0277_CAM_FRONT_d5cb5a4a_13af3da0,1,94049,23.115957478530543,0.025777283021262143,0.9409424001260736,0.6353583904604313,70.4856948852539
scene-0277_CAM_FRONT_d5cb5a4a_13af3da0,2,97748,24.04240863206291,0.0304465593560872,0.9349604706747564,0.6575460299950096,69.44572448730469
scene-0277_CAM_FRONT_d5cb5a4a_13af3da0,3,102306,23.85426468063187,0.032506407060124864,0.9338967247130513,0.6911065584534972,69.29640197753906
scene-0277_CAM_FRONT_d5cb5a4a_13af3da0,4,99785,24.773660714285725,0.04295488547793713,0.9288078165629186,0.6742310823943477,68.04590606689453
scene-0277_CAM_FRONT_aae0304d_f1cfa142,0,102538,23.592660142348755,0.03471082471946252,0.9197331442229402,0.6998988784703071,67.13082122802734
scene-0277_CAM_FRONT_aae0304d_f1cfa142,1,103328,23.309812898089163,0.03312360353913957,0.9116040238489218,0.7166561605337115,68.06855773925781
scene-0277_CAM_FRONT_aae0304d_f1cfa142,2,102410,22.564167862926976,0.03125221087971286,0.9048210017597773,0.7104641084232921,68.27275848388672
scene-0277_CAM_FRONT_aae0304d_f1cfa142,3,100870,22.909705673865826,0.03246104446960074,0.9214403908281459,0.6926693457305703,70.37687683105469
scene-0277_CAM_FRONT_aae0304d_f1cfa142,4,104938,23.385135782469344,0.02927926133892922,0.94077824179865,0.7052898379428991,70.68834686279297
scene-0277_CAM_FRONT_37c8d31c_47972c33,0,101736,21.373898410467135,0.026920353293606203,0.9428794683896725,0.6817495337903501,70.3041000366211
scene-0277_CAM_FRONT_37c8d31c_47972c33,1,101643,20.467847254491954,0.02947305185011828,0.94329314737478,0.6792280618811231,72.26265716552734
scene-0277_CAM_FRONT_37c8d31c_47972c33,2,104128,21.652423274633545,0.030976367875605426,0.9521182990570746,0.691618732435059,71.37823486328125
scene-0277_CAM_FRONT_37c8d31c_47972c33,3,102922,22.17858914399093,0.03700169154917243,0.945460037296772,0.6854069813253487,69.80764770507812
scene-0277_CAM_FRONT_37c8d31c_47972c33,4,100149,23.271197048094105,0.030797812959264537,0.9424132587397893,0.666738896330733,67.76986694335938
scene-0277_CAM_FRONT_a5d38151_49409214,0,96169,25.049589097261844,0.03572612788515572,0.9406140834712263,0.6351417014682321,67.40621185302734
scene-0277_CAM_FRONT_a5d38151_49409214,1,100462,26.550106360653235,0.03328480095737363,0.9466419772542222,0.6684855409345205,67.0376205444336
scene-0277_CAM_FRONT_a5d38151_49409214,2,101873,25.024308389692166,0.026606992988218447,0.9566490688939668,0.6729309484411525,68.7569580078125
scene-0277_CAM_FRONT_a5d38151_49409214,3,96059,26.503105894745538,0.0277975462274469,0.9602539857641899,0.6348330838126757,67.1463394165039
scene-0277_CAM_FRONT_a5d38151_49409214,4,94799,26.020182291666675,0.03271828460635495,0.9624208756861818,0.6254760591495285,69.15483856201172
scene-0278_CAM_FRONT_f4b5b6fc_b462e734,0,97416,27.837364665354333,0.02746235994251789,0.9619874977017834,0.64632416673233,69.72830200195312
scene-0278_CAM_FRONT_f4b5b6fc_b462e734,1,98254,28.594966875426035,0.036765046268166124,0.9651721692538019,0.6527920048328212,68.2734375
scene-0278_CAM_FRONT_f4b5b6fc_b462e734,2,103703,28.09790979969574,0.04072534250884097,0.9645352349433982,0.6974890342237281,68.19416046142578
scene-0278_CAM_FRONT_f4b5b6fc_b462e734,3,98173,26.891850942194203,0.03279215090282239,0.9676214114989625,0.6598245475796496,67.14372253417969
scene-0278_CAM_FRONT_f4b5b6fc_b462e734,4,100900,26.430885777729642,0.02477722016317707,0.9654545215769705,0.6783284742468416,68.29386138916016
scene-0278_CAM_FRONT_c75fae3b_943884d0,0,90997,18.267984055579216,0.02073269490357532,0.9624208756861818,0.5989612061040632,69.71297454833984
scene-0278_CAM_FRONT_c75fae3b_943884d0,1,92446,18.76128825351331,0.024237350219726173,0.958553305492081,0.6094082420613033,69.14936065673828
scene-0278_CAM_FRONT_c75fae3b_943884d0,2,88634,19.65866989807872,0.028679777031450637,0.9563535839046043,0.5822630210385312,67.92355346679688
scene-0278_CAM_FRONT_c75fae3b_943884d0,3,88552,19.273106395055507,0.023395185951073483,0.9548761589577917,0.581566989730255,69.020263671875
scene-0278_CAM_FRONT_c75fae3b_943884d0,4,86310,19.19566864694471,0.026342767767571384,0.9547054342972711,0.5684211908701705,69.76387786865234
scene-0278_CAM_FRONT_c1255d99_29b8d47b,0,75927,15.73256102467811,0.0263738900495194,0.9532345756835553,0.49955348934940774,71.65850067138672
scene-0278_CAM_FRONT_c1255d99_29b8d47b,1,73713,16.069050030313047,0.025426588083353963,0.9509429254327213,0.48619100149712396,70.83788299560547
scene-0278_CAM_FRONT_c1255d99_29b8d47b,2,72875,15.954512117346935,0.025462750696465974,0.9483032595277493,0.4806949806949807,71.50725555419922
scene-0278_CAM_FRONT_c1255d99_29b8d47b,3,72523,16.06709940450175,0.028595873708992414,0.9484871168544637,0.47901399942216266,71.16068267822266
scene-0278_CAM_FRONT_c1255d99_29b8d47b,4,73449,15.915372140066964,0.02929988956157281,0.9489861581698317,0.48467417855172956,71.08000183105469
scene-0278_CAM_FRONT_4c687bbe_2e24381c,0,74549,19.460920728434818,0.02393847755580536,0.9473248758963044,0.4917920836288183,69.82015228271484
scene-0278_CAM_FRONT_4c687bbe_2e24381c,1,76863,19.112341053587645,0.025754355931030037,0.9489598928374439,0.5070588080792162,71.17962646484375
scene-0278_CAM_FRONT_4c687bbe_2e24381c,2,78463,19.630044598303396,0.024093350410436365,0.9550862816168939,0.5181559110130539,70.33182525634766
scene-0278_CAM_FRONT_4c687bbe_2e24381c,3,77879,19.495175799284397,0.02692866649328618,0.9581002285083918,0.5154177501116277,72.38324737548828
scene-0278_CAM_FRONT_4c687bbe_2e24381c,4,79497,19.48288472120323,0.019318888416455238,0.9604903737556799,0.5264688887137867,71.5555419921875
scene-0278_CAM_FRONT_2996dec1_42b6df35,0,87901,23.86736121834466,0.030390088240839663,0.963707876973183,0.5864195098888977,70.31611633300781
scene-0278_CAM_FRONT_2996dec1_42b6df35,1,78475,24.023204107704398,0.021937516683404823,0.9603853124261288,0.5201980406062039,70.080078125
scene-0278_CAM_FRONT_2996dec1_42b6df35,2,76078,24.108039122137406,0.026011315600108276,0.9629330496677435,0.5034867228744779,69.40565490722656
scene-0278_CAM_FRONT_2996dec1_42b6df35,3,75940,25.209839961122817,0.023685553448059338,0.9668728495259108,0.5039332335250702,67.96204376220703
scene-0278_CAM_FRONT_2996dec1_42b6df35,4,75870,26.090077738242567,0.02470919455295517,0.970694455388333,0.5061132561132561,66.12750244140625
scene-0278_CAM_FRONT_fa5cd3e2_8cfc29cd,0,101892,23.198422373291578,0.03255249200444399,0.9694928164315919,0.6809484411525227,65.16983795166016
scene-0278_CAM_FRONT_fa5cd3e2_8cfc29cd,1,104677,24.567210789295395,0.02612996384922628,0.9655661492396186,0.7027092690357997,63.05842590332031
scene-0278_CAM_FRONT_fa5cd3e2_8cfc29cd,2,105179,24.917467258976878,0.04369354676961379,0.9659601292254354,0.6968127019147428,64.72382354736328
scene-0278_CAM_FRONT_fa5cd3e2_8cfc29cd,3,104867,24.70936018957347,0.039008111201034534,0.9656515115698789,0.6944816536653271,66.48141479492188
scene-0278_CAM_FRONT_fa5cd3e2_8cfc29cd,4,105355,24.480705638923272,0.03745421581510522,0.9659929608909201,0.6942190003414493,67.02947998046875
scene-0278_CAM_FRONT_ef1a273c_6e727bcf,0,115022,25.339940115638772,0.0447889794351104,0.9653428939143225,0.7613269245922307,65.6473388671875
scene-0278_CAM_FRONT_ef1a273c_6e727bcf,1,113474,25.422782939189187,0.036219418369223044,0.9640033619625457,0.75227851758464,66.14753723144531
scene-0278_CAM_FRONT_ef1a273c_6e727bcf,2,112805,25.74536700581395,0.04365129247365296,0.9662162162162162,0.7416344916344917,66.49120330810547
scene-0278_CAM_FRONT_ef1a273c_6e727bcf,3,112281,24.595216904008435,0.05268859603796905,0.968639193128989,0.7383907230846006,66.5837631225586
scene-0278_CAM_FRONT_ef1a273c_6e727bcf,4,112791,26.028809003038553,0.05264899507969867,0.9767289155044258,0.7406232763375621,67.3753433227539
scene-0278_CAM_FRONT_096d7f57_6664e576,0,124124,23.420337318715468,0.0958808140579368,0.9827239776219368,0.8150395293252436,66.67204284667969
scene-0278_CAM_FRONT_096d7f57_6664e576,1,134579,23.54333465189874,0.12866966086117282,0.9879245134347175,0.884439103826859,68.14954376220703
scene-0278_CAM_FRONT_096d7f57_6664e576,2,131926,22.771163429054052,0.1517218549947612,0.9918183489612061,0.8711685446379324,71.6113052368164
scene-0278_CAM_FRONT_096d7f57_6664e576,3,120637,23.054651212431697,0.09043829009246895,0.958671499487826,0.7986302629159772,69.11002349853516
scene-0278_CAM_FRONT_096d7f57_6664e576,4,109178,23.895841317806596,0.0446277224241427,0.9364904262863446,0.7213576550311244,67.99589538574219
scene-0329_CAM_FRONT_269601cc_7d47b230,0,87218,21.897470273661565,0.023550107271441467,0.7133270296535603,0.5815341580647703,65.42166900634766
scene-0329_CAM_FRONT_269601cc_7d47b230,1,86721,21.287274144804528,0.028648837621525036,0.7138195046358312,0.57689176056523,66.04267883300781
scene-0329_CAM_FRONT_269601cc_7d47b230,2,86416,22.941338661823423,0.030868230068498814,0.7177264728285137,0.5772791742179497,64.48299407958984
scene-0329_CAM_FRONT_269601cc_7d47b230,3,88022,22.62562473695286,0.03069060067466789,0.7209045780474352,0.5907926877314632,64.31097412109375
scene-0329_CAM_FRONT_269601cc_7d47b230,4,87894,22.550866935483874,0.026022232401975653,0.7238659942741575,0.5916397447009691,65.25341033935547
scene-0329_CAM_FRONT_0d03e6ff_deb3daf1,0,73290,16.501267791440743,0.020234193327818062,0.7304979907020723,0.48299319727891155,65.40371704101562
scene-0329_CAM_FRONT_0d03e6ff_deb3daf1,1,72927,16.390040612599208,0.023813068093601952,0.7389291623985501,0.4805767866992357,65.96011352539062
scene-0329_CAM_FRONT_0d03e6ff_deb3daf1,2,71550,16.570224256400603,0.026831960766944052,0.7420087726210175,0.47244766632521734,65.95503234863281
scene-0329_CAM_FRONT_0d03e6ff_deb3daf1,3,74895,17.145509328116916,0.026722934328312853,0.7485291413862842,0.49445801486617813,64.76249694824219
scene-0329_CAM_FRONT_0d03e6ff_deb3daf1,4,76659,16.86427342121265,0.036949699429245975,0.7581356867071153,0.5068880834186956,65.2260971069336
scene-0329_CAM_FRONT_3a58d50a_a11122da,0,56421,11.931177495004443,0.019666308769988206,0.7684054316707378,0.3714771622934888,63.45560073852539
scene-0329_CAM_FRONT_3a58d50a_a11122da,1,56094,11.641232205089429,0.022102034638606716,0.773914585139075,0.3688900270532924,63.49919891357422
scene-0329_CAM_FRONT_3a58d50a_a11122da,2,56914,11.602788611303405,0.016804797911179836,0.7693312846374071,0.37514774249468125,63.543556213378906
scene-0329_CAM_FRONT_3a58d50a_a11122da,3,58281,11.659932921362705,0.02099384987841546,0.7590615396737845,0.38414361883749637,63.65965270996094
scene-0329_CAM_FRONT_3a58d50a_a11122da,4,61091,10.659798705311864,0.02220280528791374,0.738581146744412,0.40413810311769494,66.21231842041016
scene-0329_CAM_FRONT_63e40c4a_1463c5e3,0,82835,18.156924695429645,0.013454888508360074,0.7196504084259187,0.562340766422399,66.8078842163086
scene-0329_CAM_FRONT_63e40c4a_1463c5e3,1,75817,18.457951332206154,0.008187116938912276,0.7073122685367583,0.5130538701967273,66.63224029541016
scene-0329_CAM_FRONT_63e40c4a_1463c5e3,2,69708,17.803411595665793,0.007596594041230587,0.6977188558821212,0.47234917132876314,68.0312728881836
scene-0329_CAM_FRONT_63e40c4a_1463c5e3,3,68466,18.1892180843983,0.017081710418801466,0.6948690673180469,0.46756231450109004,67.8492431640625
scene-0329_CAM_FRONT_63e40c4a_1463c5e3,4,68678,18.162118865403308,0.015927192088043274,0.7086846321540199,0.4651853019199958,70.29536437988281
scene-0329_CAM_FRONT_9f7efc90_305eabe9,0,66683,20.177168469551283,0.018426543377800364,0.6988023008431171,0.43789562156909095,72.5045166015625
scene-0329_CAM_FRONT_9f7efc90_305eabe9,1,64546,20.666311553030308,0.023927197061329952,0.7005949097785833,0.42429674572531717,73.43058776855469
scene-0329_CAM_FRONT_9f7efc90_305eabe9,2,63770,21.0680915642313,0.023337559954752063,0.7175426155017992,0.4188138575893678,75.49978637695312
scene-0329_CAM_FRONT_9f7efc90_305eabe9,3,62453,21.0456225271102,0.022933160051148427,0.7431775799122738,0.4109408242061303,76.04533386230469
scene-0329_CAM_FRONT_9f7efc90_305eabe9,4,66378,21.167890868380063,0.020838020413771474,0.7645838258083156,0.44080450713103775,74.60726165771484
scene-0329_CAM_FRONT_2a881484_d2695a82,0,71952,18.04876532873042,0.013977786254634417,0.7963123473327555,0.48149607333280803,72.2353286743164
scene-0329_CAM_FRONT_2a881484_d2695a82,1,75171,17.903134535458754,0.021791969022502133,0.8205815144590655,0.5049575814881937,75.02467346191406
scene-0329_CAM_FRONT_2a881484_d2695a82,2,75536,18.578017144357744,0.022340594601432118,0.8043167073779318,0.5041170908517847,73.88778686523438
scene-0329_CAM_FRONT_2a881484_d2695a82,3,77076,18.464715532261692,0.02472114887172827,0.7895949885745804,0.5139994221626875,74.14425659179688
scene-0329_CAM_FRONT_2a881484_d2695a82,4,74386,19.98055366847826,0.013099513232236903,0.7779266146613085,0.49222546161321673,74.15982055664062
scene-0329_CAM_FRONT_b7efe50e_84c4e982,0,76943,22.413142536798524,0.01924171589666379,0.7498358416725763,0.5166719197331442,72.86027526855469
scene-0329_CAM_FRONT_b7efe50e_84c4e982,1,79425,23.71567954231542,0.03212436491000625,0.7232224936306569,0.53495259107504,71.6314926147461
scene-0329_CAM_FRONT_b7efe50e_84c4e982,2,76423,25.224848354420242,0.02745368264165915,0.6808762114884563,0.5174598797047777,67.8930892944336
scene-0329_CAM_FRONT_b7efe50e_84c4e982,3,74826,25.028155112419693,0.028131723888396687,0.6804559661702518,0.5047474588290914,68.97882843017578
scene-0329_CAM_FRONT_b7efe50e_84c4e982,4,73833,25.329545241135815,0.02717463411833343,0.6832926220681322,0.5042221521813358,68.15750122070312
scene-0330_CAM_FRONT_b98e65c9_7531f8e5,0,82232,20.794223288381747,0.018693233972704615,0.6957423896199406,0.5666154492685105,70.44660949707031
scene-0330_CAM_FRONT_b98e65c9_7531f8e5,1,88229,20.441406249999996,0.023083374820331848,0.6916975284322223,0.6127833372731332,70.41618347167969
scene-0330_CAM_FRONT_b98e65c9_7531f8e5,2,94604,21.36378879932628,0.03434287439932082,0.7059267722533029,0.6533567094791585,70.09388732910156
scene-0330_CAM_FRONT_b98e65c9_7531f8e5,3,96008,20.376726938926453,0.033329903728187116,0.7400651380243217,0.6500275785990072,71.3823013305664
scene-0330_CAM_FRONT_b98e65c9_7531f8e5,4,91306,20.305593438279303,0.025902606221970048,0.7304257610380059,0.6112730806608357,69.40135955810547
scene-0330_CAM_FRONT_0de7fa32_bad735b9,0,93589,23.736530885858055,0.01475566660064409,0.7291650250833924,0.6359427941060594,70.10399627685547
scene-0330_CAM_FRONT_0de7fa32_bad735b9,1,87715,25.000006930070963,0.015573319333457736,0.7045281433036535,0.6104785543561054,67.20679473876953
scene-0330_CAM_FRONT_0de7fa32_bad735b9,2,84882,24.917494617960642,0.01595042320110207,0.694258398340031,0.5975888424868017,67.80360412597656
scene-0330_CAM_FRONT_0de7fa32_bad735b9,3,80125,25.26054462633634,0.016528156799546778,0.6651104457226906,0.5749743913009219,67.94651794433594
scene-0330_CAM_FRONT_0de7fa32_bad735b9,4,75561,26.67546657328892,0.012631386774604625,0.6339663278438789,0.5512633624878522,67.34773254394531
scene-0330_CAM_FRONT_c4a291f3_91b4d539,0,76223,28.782157590759077,0.011712534118321294,0.6232960365613427,0.531597194862501,67.59329986572266
scene-0330_CAM_FRONT_c4a291f3_91b4d539,1,74708,28.20205293769715,0.02103934412392605,0.6341501851705933,0.5102894439629133,68.2790756225586
scene-0330_CAM_FRONT_c4a291f3_91b4d539,2,77342,29.27860021023126,0.016043800350843407,0.6497189609434507,0.5242626007932131,66.97039031982422
scene-0330_CAM_FRONT_c4a291f3_91b4d539,3,81862,28.130939759454957,0.01326446457946484,0.6708756861818086,0.5662477346150816,68.6857681274414
scene-0330_CAM_FRONT_c4a291f3_91b4d539,4,86037,29.279729194007004,0.018176502392134086,0.6947114753237202,0.592972710319649,68.39522552490234
scene-0330_CAM_FRONT_141a69c7_fa9853c0,0,86651,24.14935773375835,0.016931958758578336,0.7118824363722323,0.577016520894072,69.53827667236328
scene-0330_CAM_FRONT_141a69c7_fa9853c0,1,93059,25.70366620111731,0.023129119691070343,0.7272804874845691,0.627583852073648,69.50374603271484
scene-0330_CAM_FRONT_141a69c7_fa9853c0,2,93255,24.362312577688,0.020913097812592873,0.7355081028550416,0.6267893257689177,72.00688171386719
scene-0330_CAM_FRONT_141a69c7_fa9853c0,3,92510,25.143007588432116,0.023052949736608763,0.7342998975652036,0.6230268169043679,71.53853607177734
scene-0330_CAM_FRONT_141a69c7_fa9853c0,4,91144,25.896458217075885,0.021333074896066506,0.7350550258713524,0.6179773067528169,70.20001220703125
scene-0330_CAM_FRONT_81ddc3fd_e54e8d4a,0,84715,23.222398349436386,0.0388380772689354,0.7315289049982927,0.5645798860084574,70.07698822021484
scene-0330_CAM_FRONT_81ddc3fd_e54e8d4a,1,81050,23.097712506923934,0.040080478875833325,0.7230386363039424,0.5375200273159457,69.721923828125
scene-0330_CAM_FRONT_81ddc3fd_e54e8d4a,2,74454,22.936624603594076,0.030488504227837776,0.7044165156410055,0.4913258739789352,70.02960968017578
scene-0330_CAM_FRONT_81ddc3fd_e54e8d4a,3,76575,22.21874807098765,0.03690828188268336,0.7110550784020172,0.5047999894938671,70.855712890625
scene-0330_CAM_FRONT_81ddc3fd_e54e8d4a,4,77579,22.790566674852656,0.04005191191200064,0.7120071967010743,0.513933758831718,70.3903579711914
scene-0330_CAM_FRONT_3b195d69_d5f7ce1b,0,65454,23.97335995657568,0.02869244018237871,0.709518556457332,0.4306923541617419,69.06065368652344
scene-0330_CAM_FRONT_3b195d69_d5f7ce1b,1,64674,23.56879564536963,0.02902141572451611,0.7072466052057889,0.42567567567567566,69.72676086425781
scene-0330_CAM_FRONT_3b195d69_d5f7ce1b,2,63696,23.493690276342978,0.028323391434599055,0.705795445591364,0.4188729545872403,70.46595001220703
scene-0330_CAM_FRONT_3b195d69_d5f7ce1b,3,64439,23.5164360944239,0.029269612625240526,0.7049877866204397,0.4240143934021485,69.8770523071289
scene-0330_CAM_FRONT_3b195d69_d5f7ce1b,4,62918,23.5685785849816,0.0317405955072112,0.6984542851889791,0.4137906127702046,69.75006866455078
scene-0330_CAM_FRONT_37254007_a3a83aab,0,61780,24.21207826327434,0.031044240178402127,0.7004373177842566,0.4058584823890946,69.97032928466797
scene-0330_CAM_FRONT_37254007_a3a83aab,1,61651,23.20662776491769,0.02869565438698407,0.7001287001287001,0.40509022141675205,71.17742156982422
scene-0330_CAM_FRONT_37254007_a3a83aab,2,60954,24.31264442712812,0.03260503410014115,0.7002534604575421,0.4003755942531453,69.8750991821289
scene-0330_CAM_FRONT_37254007_a3a83aab,3,61104,23.886762990247487,0.03528065847217188,0.7004832821159351,0.4013014472198146,70.9413070678711
scene-0330_CAM_FRONT_37254007_a3a83aab,4,61028,23.75592655866093,0.033314670646923616,0.7005883434454863,0.4008089722375437,70.72468566894531
scene-0331_CAM_FRONT_09361337_72505908,0,75012,16.68003491523069,0.021686397864195905,0.7150868069235417,0.49728153809786463,65.17765808105469
scene-0331_CAM_FRONT_09361337_72505908,1,94883,18.72906926673228,0.051738918386366795,0.808151445906548,0.6305780999658551,65.8438720703125
scene-0331_CAM_FRONT_09361337_72505908,2,83450,18.929056775780193,0.05937443649211804,0.8085651248916556,0.5553607543403462,65.57162475585938
scene-0331_CAM_FRONT_09361337_72505908,3,48177,16.201373497832943,0.012345898006150158,0.7206090930580726,0.3210148924434639,69.7010269165039
scene-0331_CAM_FRONT_09361337_72505908,4,47696,16.23090613548453,0.009048869953145466,0.6983623565256218,0.31318782339190504,69.683837890625
scene-0331_CAM_FRONT_6c9ad4d2_52801254,0,60381,17.34621233869204,0.011612817499949468,0.6996559241457201,0.39717122370183594,68.11087036132812
scene-0331_CAM_FRONT_6c9ad4d2_52801254,1,86735,18.154938678584767,0.03833876122041824,0.7615961442492055,0.5803193864418354,66.7089614868164
scene-0331_CAM_FRONT_6c9ad4d2_52801254,2,76609,19.086596369822974,0.06875150969263988,0.7856354897171224,0.5129947731988548,67.7026596069336
scene-0331_CAM_FRONT_6c9ad4d2_52801254,3,45941,15.981037837425394,0.018398419093907936,0.6979092795419326,0.30166390880676597,70.76643371582031
scene-0331_CAM_FRONT_6c9ad4d2_52801254,4,48607,16.379273953239615,0.010301230410075135,0.697751687547606,0.31916975284322224,68.31660461425781
scene-0331_CAM_FRONT_c0ab1238_6eff2305,0,66481,22.84336362862976,0.014276488089859374,0.6976991568828304,0.43657578861660495,67.50373077392578
scene-0331_CAM_FRONT_c0ab1238_6eff2305,1,71850,23.343584846047793,0.03015274820610614,0.6976006618863761,0.4726906206498043,71.39717864990234
scene-0331_CAM_FRONT_c0ab1238_6eff2305,2,71457,24.035009731068644,0.028605426264275646,0.6939694796837654,0.47027421007012843,70.11263275146484
scene-0331_CAM_FRONT_c0ab1238_6eff2305,3,69512,23.88995382982767,0.023521232141012538,0.6896619651721693,0.45727287053817667,70.266845703125
scene-0331_CAM_FRONT_c0ab1238_6eff2305,4,65603,22.5413766952177,0.0219932789715771,0.6931092900480655,0.43155254379744173,70.42799377441406
scene-0331_CAM_FRONT_1d374f78_ddbf483c,0,77068,22.902170965145572,0.028304950987969812,0.707121844876947,0.5146757544716728,72.48115539550781
scene-0331_CAM_FRONT_1d374f78_ddbf483c,1,73443,23.112749129256965,0.023126974167803738,0.7070233498804928,0.4880230084311717,72.0889663696289
scene-0331_CAM_FRONT_1d374f78_ddbf483c,2,73870,23.965860419651385,0.019711139611618744,0.7084745094949176,0.4896974233708928,70.08465576171875
scene-0331_CAM_FRONT_1d374f78_ddbf483c,3,76804,23.177036506670532,0.027416525098970856,0.7115672523835789,0.5134806818480288,72.59256744384766
scene-0331_CAM_FRONT_1d374f78_ddbf483c,4,79371,22.22631532485875,0.025295820265933244,0.7342867648990098,0.5296141622672235,73.33685302734375
scene-0331_CAM_FRONT_c7626771_58976dcd,0,94261,16.58703350981405,0.01861456089752611,0.7649449741286476,0.6461665747380033,72.05374145507812
scene-0331_CAM_FRONT_c7626771_58976dcd,1,98462,16.613865910947712,0.01570763493208327,0.7787539726315237,0.6682754182754183,72.50189208984375
scene-0331_CAM_FRONT_c7626771_58976dcd,2,89094,17.425846354166662,0.011511329349989108,0.7340832085730045,0.6019423213300764,71.3525390625
scene-0331_CAM_FRONT_c7626771_58976dcd,3,77760,18.555608974358975,0.013767816446805359,0.6799306595224962,0.5291413862842435,70.48190307617188
scene-0331_CAM_FRONT_c7626771_58976dcd,4,78119,18.416618893984644,0.018663181870790968,0.6559044467207733,0.5477766396133743,71.97783660888672
scene-0331_CAM_FRONT_f2758f85_9489e07f,0,73662,24.33037849414933,0.022797467444123587,0.6266579991069787,0.5124366348856145,71.42384338378906
scene-0331_CAM_FRONT_f2758f85_9489e07f,1,63259,24.311915070998282,0.02000178618455717,0.6083313634334042,0.44431092900480657,71.84587097167969
scene-0331_CAM_FRONT_f2758f85_9489e07f,2,63345,24.567975618788225,0.01619722448770533,0.6121858009613111,0.45626822157434405,70.86491394042969
scene-0331_CAM_FRONT_f2758f85_9489e07f,3,60185,23.11001594799741,0.02310165015405996,0.6093885430620124,0.43863105087594884,72.60503387451172
scene-0331_CAM_FRONT_f2758f85_9489e07f,4,54695,22.11185836316936,0.01975431574019204,0.6049168702229927,0.37934362934362936,73.67536926269531
scene-0331_CAM_FRONT_2629f4e9_f7b89f7f,0,63834,32.84484030410061,0.012436720498433695,0.6040238489218082,0.419155306910409,73.33650207519531
scene-0331_CAM_FRONT_2629f4e9_f7b89f7f,1,65816,30.265337946871895,0.011097931621437018,0.6159154781603762,0.43223544243952405,76.45399475097656
scene-0331_CAM_FRONT_2629f4e9_f7b89f7f,2,66513,29.21498555222603,0.02210599259167667,0.6289562156909095,0.4374359782523048,76.97846221923828
scene-0331_CAM_FRONT_2629f4e9_f7b89f7f,3,67699,31.86160200663238,0.02012436549211838,0.6306240642975337,0.44513828697502167,75.60173797607422
scene-0331_CAM_FRONT_2629f4e9_f7b89f7f,4,68456,31.781472378277154,0.01980332378567029,0.6328828828828829,0.4503125574554146,76.29829406738281
scene-0332_CAM_FRONT_097c7295_8398a7b0,0,70762,19.205550773893595,0.010472915769449198,0.7689110393192026,0.46464686260604626,70.23330688476562
scene-0332_CAM_FRONT_097c7295_8398a7b0,1,69477,18.581346286322642,0.013112619771930678,0.7676043390329105,0.4563076195729257,70.14070892333984
scene-0332_CAM_FRONT_097c7295_8398a7b0,2,69252,18.844779134380094,0.012593126508792185,0.7681033803482783,0.4550468836183122,69.25794982910156
scene-0332_CAM_FRONT_097c7295_8398a7b0,3,68587,18.99823630852843,0.01162670535561583,0.7654768471095001,0.45110051742704804,69.1844711303711
scene-0332_CAM_FRONT_097c7295_8398a7b0,4,68764,18.741687863372093,0.011756557666865675,0.7650631681243926,0.45166522207338533,70.0643539428711
scene-0332_CAM_FRONT_d11353f2_e301e136,0,69967,19.325425091911768,0.011500639818955438,0.7656869697686024,0.46075959341265466,69.6579818725586
scene-0332_CAM_FRONT_d11353f2_e301e136,1,70219,19.642750404482264,0.010155937532096093,0.7652207601187193,0.46108134373440496,69.2532958984375
scene-0332_CAM_FRONT_d11353f2_e301e136,2,70455,19.56606245070978,0.009787495924686418,0.7649646731279385,0.46284768733748327,69.5740966796875
scene-0332_CAM_FRONT_d11353f2_e301e136,3,70717,19.947172696681974,0.010952575388993413,0.7645247288104431,0.46457463294197987,69.2882308959961
scene-0332_CAM_FRONT_d11353f2_e301e136,4,70157,20.228156915590088,0.009774112389552947,0.7643080398182439,0.46080555774433324,69.32598876953125
scene-0332_CAM_FRONT_fc992f09_ea5943fa,0,70867,22.754156093576192,0.013692246919109419,0.7640322538281722,0.46538229191290414,69.39404296875
scene-0332_CAM_FRONT_fc992f09_ea5943fa,1,71037,23.005723764288742,0.015612634019197547,0.7632377275234418,0.46646573687390014,69.01171112060547
scene-0332_CAM_FRONT_fc992f09_ea5943fa,2,70339,23.537225772279932,0.014923334709313174,0.7567698894229506,0.4618693037060384,67.84371948242188
scene-0332_CAM_FRONT_fc992f09_ea5943fa,3,70269,22.606002772753236,0.01719170132515302,0.7563168124392614,0.4614490583878339,70.06327056884766
scene-0332_CAM_FRONT_fc992f09_ea5943fa,4,68525,22.853793030037156,0.01734889964607733,0.7582341817035695,0.44995797546817956,69.62821197509766
scene-0332_CAM_FRONT_ad8a760f_ae16009c,0,74779,27.103947396916148,0.019644816156451306,0.7623250072229664,0.4972684054316707,69.9057846069336
scene-0332_CAM_FRONT_ad8a760f_ae16009c,1,76553,27.05942589576547,0.016404687242411065,0.7657329341002811,0.5105586636198881,68.57121276855469
scene-0332_CAM_FRONT_ad8a760f_ae16009c,2,77780,28.273911149825786,0.023249374303874193,0.7692327896409529,0.5207430462532503,68.56639099121094
scene-0332_CAM_FRONT_ad8a760f_ae16009c,3,76976,27.775342421732173,0.01761533715792618,0.7674533133716808,0.5186286869960339,68.00877380371094
scene-0332_CAM_FRONT_ad8a760f_ae16009c,4,78211,28.03529692734505,0.022475025250373815,0.7659496230924803,0.5325230478291703,66.55619049072266
scene-0332_CAM_FRONT_e0760028_8fa01e4b,0,87055,29.087258555406436,0.03102351923217661,0.7634215848501563,0.6021984083208572,67.21246337890625
scene-0332_CAM_FRONT_e0760028_8fa01e4b,1,88205,28.705073051948048,0.04318961655068909,0.7510571796286082,0.6058755548551467,67.57855987548828
scene-0332_CAM_FRONT_e0760028_8fa01e4b,2,87519,29.91754891939252,0.039185219988411735,0.7518714049326294,0.6061841725107031,67.40670776367188
scene-0332_CAM_FRONT_e0760028_8fa01e4b,3,90974,29.0343372584541,0.02910281105010082,0.7550954744832296,0.6321080555774433,68.37065124511719
scene-0332_CAM_FRONT_e0760028_8fa01e4b,4,87298,28.13960833448946,0.025496448159235685,0.7587069576865495,0.5934914506343077,69.49186706542969
scene-0332_CAM_FRONT_5efe5833_26f23947,0,95286,28.960389636075945,0.019004572858344115,0.7587529220182282,0.6533435768129646,67.58074951171875
scene-0332_CAM_FRONT_5efe5833_26f23947,1,95908,29.19630542152222,0.023008232386884764,0.7565728994300422,0.6474601423581016,68.01153564453125
scene-0332_CAM_FRONT_5efe5833_26f23947,2,97958,28.792793843283583,0.013570256199909814,0.7639797231633967,0.667710713629081,67.3846206665039
scene-0332_CAM_FRONT_5efe5833_26f23947,3,94317,29.51766899074537,0.01387631533507827,0.7611233682662254,0.6433036535077351,67.81659698486328
scene-0332_CAM_FRONT_5efe5833_26f23947,4,93298,30.085906862745105,0.011578821222449909,0.7782680639823497,0.6404079006119823,67.53723907470703
scene-0332_CAM_FRONT_2152a131_4f77a18f,0,99131,29.91036318824404,0.024274803163502945,0.7857077193811888,0.6758267013369054,66.66913604736328
scene-0332_CAM_FRONT_2152a131_4f77a18f,1,99929,30.253327156334233,0.02286884554869051,0.7946116670606467,0.6856433693168387,67.83541870117188
scene-0332_CAM_FRONT_2152a131_4f77a18f,2,100958,31.89211487293657,0.024731041498071038,0.7923725474745883,0.6956898589551651,67.03248596191406
scene-0332_CAM_FRONT_2152a131_4f77a18f,3,92788,31.80776269057518,0.016543872850359964,0.7853794027263415,0.6214114989625193,66.06210327148438
scene-0332_CAM_FRONT_2152a131_4f77a18f,4,93246,32.44639149912588,0.011470946966189777,0.7759698473984188,0.6230399495705619,66.28644561767578
scene-0332_CAM_FRONT_6fd0afc6_7876ea81,0,89361,32.79519127155172,0.023186470320138763,0.7625745278806503,0.5882186851574607,66.50525665283203
scene-0332_CAM_FRONT_6fd0afc6_7876ea81,1,98022,31.033314587386503,0.03523638937364226,0.7629225435347884,0.6580844693089591,68.34723663330078
scene-0332_CAM_FRONT_6fd0afc6_7876ea81,2,89472,30.55121929190751,0.030171572597055052,0.7609657762718988,0.6002613400572584,69.03206634521484
scene-0332_CAM_FRONT_6fd0afc6_7876ea81,3,83567,30.694719722762645,0.028062856935258118,0.7548459538255456,0.5551834633467286,69.83467102050781
scene-0332_CAM_FRONT_6fd0afc6_7876ea81,4,84337,31.339785447761194,0.017142791043415873,0.7657001024347964,0.5634964410474614,67.30671691894531
scene-0344_CAM_FRONT_418cbb70_66acf00f,0,55144,23.49879571093277,0.009154698017935337,0.9452367819714759,0.3620938722979539,72.04338836669922
scene-0344_CAM_FRONT_418cbb70_66acf00f,1,53494,23.438761663895047,0.010685722010289833,0.9452433483045728,0.3512594226879941,72.7133560180664
scene-0344_CAM_FRONT_418cbb70_66acf00f,2,53022,23.53588606539145,0.011613109309307479,0.9452039503059911,0.34816011346623593,72.96824645996094
scene-0344_CAM_FRONT_418cbb70_66acf00f,3,52995,23.839897909445412,0.011236421136668895,0.9451842513067003,0.3479828224726184,71.99059295654297
scene-0344_CAM_FRONT_418cbb70_66acf00f,4,52670,24.43208977569687,0.008706055181170624,0.9452433483045728,0.34584876421611116,71.76150512695312
scene-0344_CAM_FRONT_a893b19c_b416110f,0,54906,26.97565457550452,0.011840869742598237,0.9452039503059911,0.36053108502088094,71.81098937988281
scene-0344_CAM_FRONT_a893b19c_b416110f,1,54880,26.79809152401988,0.015353105838752157,0.9452367819714759,0.36036036036036034,72.82904052734375
scene-0344_CAM_FRONT_a893b19c_b416110f,2,54499,27.11284069548872,0.010758991393478912,0.9452367819714759,0.3578585874504242,73.17359161376953
scene-0344_CAM_FRONT_a893b19c_b416110f,3,54444,27.90160116058305,0.011528729380616776,0.9452564809707666,0.3574974391300922,71.67973327636719
scene-0344_CAM_FRONT_a893b19c_b416110f,4,54476,26.823173529259712,0.013405072865449563,0.945230215638379,0.35770756178919444,72.34456634521484
scene-0344_CAM_FRONT_88918bab_78045715,0,55260,27.464821601159795,0.014548260624191123,0.9452564809707666,0.3628555669371996,72.16844940185547
scene-0344_CAM_FRONT_88918bab_78045715,1,54962,27.487345421122992,0.014836578438579107,0.9452564809707666,0.3608987996743099,72.6000747680664
scene-0344_CAM_FRONT_88918bab_78045715,2,54817,27.813984707043115,0.013649264240070735,0.9452367819714759,0.3599466813752528,72.68476867675781
scene-0344_CAM_FRONT_88918bab_78045715,3,54749,27.569710656639767,0.013551838831227236,0.9452433483045728,0.3595001707246605,72.17743682861328
scene-0344_CAM_FRONT_88918bab_78045715,4,54770,27.33111297635445,0.014457889911649868,0.9452696136369606,0.35963806371969637,72.25061798095703
scene-0344_CAM_FRONT_60321e79_76919271,0,54639,26.196670206310678,0.013450651584103746,0.9452696136369606,0.35877787408399653,71.49583435058594
scene-0344_CAM_FRONT_60321e79_76919271,1,54321,25.81380993667068,0.015741877801413562,0.9452630473038637,0.3566897801591679,71.11280822753906
scene-0344_CAM_FRONT_60321e79_76919271,2,54208,26.02770073594024,0.01607773177288241,0.9452761799700575,0.3559477845192131,70.4400634765625
scene-0344_CAM_FRONT_60321e79_76919271,3,54069,26.16191716886183,0.014214177097561453,0.9452499146376697,0.3550350642187377,70.5535888671875
scene-0344_CAM_FRONT_60321e79_76919271,4,54180,25.525117895639383,0.016665546877615567,0.9452630473038637,0.3557639271924986,71.39405822753906
scene-0344_CAM_FRONT_a1914259_4e39dbe3,0,55070,26.092395662006574,0.013197352225835735,0.945230215638379,0.36160796364877995,71.25679016113281
scene-0344_CAM_FRONT_a1914259_4e39dbe3,1,54801,26.23426275143678,0.015526120903485374,0.9452367819714759,0.3598416200457017,70.73260498046875
scene-0344_CAM_FRONT_a1914259_4e39dbe3,2,54617,26.113324026256844,0.015484826185944822,0.9452039503059911,0.35863341475586374,71.1314468383789
scene-0344_CAM_FRONT_a1914259_4e39dbe3,3,54421,26.31115603146853,0.015512090164554238,0.9452696136369606,0.3573464134688624,70.79389953613281
scene-0344_CAM_FRONT_a1914259_4e39dbe3,4,54519,25.99354380204997,0.01654700003668763,0.9452433483045728,0.3579899141123631,71.46849060058594
scene-0344_CAM_FRONT_18e40c60_62fda3b4,0,55154,25.766775948660722,0.014313806966372411,0.9452433483045728,0.3621595356289234,71.22936248779297
scene-0344_CAM_FRONT_18e40c60_62fda3b4,1,54967,25.98153301350121,0.016507597572468224,0.9452630473038637,0.3609316313397946,70.8388442993164
scene-0344_CAM_FRONT_18e40c60_62fda3b4,2,54709,25.925742984693876,0.0158834387591944,0.9452761799700575,0.3592375174007827,71.0588607788086
scene-0344_CAM_FRONT_18e40c60_62fda3b4,3,54478,25.944559639489412,0.016189067865337137,0.9452696136369606,0.35772069445538834,70.73123168945312
scene-0344_CAM_FRONT_18e40c60_62fda3b4,4,54485,25.493896484374996,0.016046600567289016,0.9452433483045728,0.3577666587870669,71.14918518066406
scene-0344_CAM_FRONT_a684d7f8_1e0daf97,0,55215,26.155096888646288,0.014722233274977459,0.9452499146376697,0.36256008194783707,71.91055297851562
scene-0344_CAM_FRONT_a684d7f8_1e0daf97,1,54857,25.89379439621153,0.017196268282436478,0.9452564809707666,0.36020933469913063,71.30386352539062
scene-0344_CAM_FRONT_a684d7f8_1e0daf97,2,54566,26.45211641072358,0.01647362475040781,0.9452630473038637,0.35829853176791954,70.74859619140625
scene-0344_CAM_FRONT_a684d7f8_1e0daf97,3,54448,26.233326492004572,0.016310305382222,0.9452630473038637,0.35752370446248,71.96826171875
scene-0344_CAM_FRONT_a684d7f8_1e0daf97,4,54505,25.816688712522044,0.01764970277747091,0.9452564809707666,0.35789798544900586,71.54065704345703
scene-0344_CAM_FRONT_fe3e9f5a_72faff2c,0,53802,24.507928719008262,0.013515178142036177,0.945230215638379,0.3532818532818533,71.14710998535156
scene-0344_CAM_FRONT_fe3e9f5a_72faff2c,1,53630,24.49614817792069,0.018761143959725946,0.9452367819714759,0.35215244398917867,70.15834045410156
scene-0344_CAM_FRONT_fe3e9f5a_72faff2c,2,55413,24.322676311167637,0.021221282383969253,0.945217082972185,0.36386021590103224,68.92718505859375
scene-0344_CAM_FRONT_fe3e9f5a_72faff2c,3,55694,23.58665805034355,0.022394558088006278,0.9452499146376697,0.3659154781603761,70.19330596923828
scene-0344_CAM_FRONT_fe3e9f5a_72faff2c,4,56871,24.99150626509662,0.021758770835284214,0.9452630473038637,0.3734733275549602,68.36923217773438
scene-0345_CAM_FRONT_c525629d_14ab15e6,0,55218,26.587453358208958,0.015489733810965411,0.945230215638379,0.3625797809471279,71.33153533935547
scene-0345_CAM_FRONT_c525629d_14ab15e6,1,54749,27.16877194784818,0.01691413822019916,0.9452433483045728,0.3595001707246605,70.90908813476562
scene-0345_CAM_FRONT_c525629d_14ab15e6,2,54558,26.91425876657362,0.015591726079684953,0.9452499146376697,0.358246001103144,71.25508880615234
scene-0345_CAM_FRONT_c525629d_14ab15e6,3,54501,26.737255434782615,0.01705530677288669,0.9452630473038637,0.35787172011661805,71.21024322509766
scene-0345_CAM_FRONT_c525629d_14ab15e6,4,54477,26.915234158826777,0.016518012637344093,0.9452433483045728,0.35771412812229136,71.27918243408203
scene-0345_CAM_FRONT_686d05b4_c81a1a2b,0,56153,27.68242789005888,0.013286082943625654,0.9452236493052819,0.3687193023927718,70.65032958984375
scene-0345_CAM_FRONT_686d05b4_c81a1a2b,1,55498,27.438266090609844,0.013867775966997398,0.9449478633152103,0.3644183542142726,71.20557403564453
scene-0345_CAM_FRONT_686d05b4_c81a1a2b,2,54554,27.19598158060453,0.014377476566955982,0.9439169490189898,0.35821973577075616,71.17874908447266
scene-0345_CAM_FRONT_686d05b4_c81a1a2b,3,53698,27.51245197585072,0.01302714929135873,0.9436280303627242,0.352598954639771,70.56692504882812
scene-0345_CAM_FRONT_686d05b4_c81a1a2b,4,52715,28.29635675787728,0.020666106321782785,0.9436477293620151,0.3461442492054737,68.50798797607422
scene-0345_CAM_FRONT_f2b4bd49_ece036de,0,61454,28.80951159044972,0.021677608673408955,0.94509888897644,0.40464371076615974,68.1869125366211
scene-0345_CAM_FRONT_f2b4bd49_ece036de,1,64816,28.431936000999332,0.023836460281731586,0.9473314422294015,0.42735009061539675,68.21600341796875
scene-0345_CAM_FRONT_f2b4bd49_ece036de,2,66534,28.92471772192286,0.031037853806264337,0.9468061355816458,0.43870328054001523,66.0270767211914
scene-0345_CAM_FRONT_f2b4bd49_ece036de,3,65400,29.358091548569064,0.0334752047698621,0.9447246079899141,0.43178236545583487,65.0338363647461
scene-0345_CAM_FRONT_f2b4bd49_ece036de,4,68613,27.604941295903945,0.018168684047258132,0.9446852099913324,0.4524860137105035,66.48468017578125
scene-0345_CAM_FRONT_a29623dd_ad830c77,0,96540,27.299926694530853,0.07105439615449405,0.9441205053449951,0.6358377327765082,65.12954711914062
scene-0345_CAM_FRONT_a29623dd_ad830c77,1,104607,26.974030419027894,0.06322935289565157,0.9423804270743046,0.6898983531636593,65.52787780761719
scene-0345_CAM_FRONT_a29623dd_ad830c77,2,108140,26.12126940150741,0.042979255464324684,0.9513172064192472,0.7141543876237754,64.50166320800781
scene-0345_CAM_FRONT_a29623dd_ad830c77,3,120336,27.505219731591144,0.04158807690015065,0.996762797783206,0.7960956583405563,66.77950286865234
scene-0345_CAM_FRONT_a29623dd_ad830c77,4,126486,29.9911178410749,0.06596208139947812,1.0,0.8305492081002285,64.7629623413086
scene-0345_CAM_FRONT_7a80523f_1e4c2634,0,121192,21.856709144106034,0.03978143918119503,1.0,0.797684710950017,67.233642578125
scene-0345_CAM_FRONT_7a80523f_1e4c2634,1,125978,19.31179883174861,0.03639884250929759,0.9781144117878812,0.8304572794368713,69.5059585571289
scene-0345_CAM_FRONT_7a80523f_1e4c2634,2,116461,19.534631232856583,0.030278808408053415,0.9305150631681244,0.7668623433929557,68.08720397949219
scene-0345_CAM_FRONT_7a80523f_1e4c2634,3,109279,19.069799258686103,0.019595979990626677,0.9048735324245528,0.7198933627505056,68.81951141357422
scene-0345_CAM_FRONT_7a80523f_1e4c2634,4,100276,19.64554404538428,0.020997653947094408,0.894767945788354,0.6616302891813096,68.86609649658203
scene-0345_CAM_FRONT_6f86c824_dbdccd9c,0,97409,22.540295965957,0.016638005857201765,0.8949715021143593,0.6406902529351509,69.82286071777344
scene-0345_CAM_FRONT_6f86c824_dbdccd9c,1,103172,22.060267857142854,0.013994251483758324,0.8964554933942689,0.6782037139179996,70.14852142333984
scene-0345_CAM_FRONT_6f86c824_dbdccd9c,2,101196,22.75027274408284,0.01463934308532755,0.901137288892391,0.6645260420770625,69.79289245605469
scene-0345_CAM_FRONT_6f86c824_dbdccd9c,3,96686,22.888664241345623,0.02390711083544428,0.9117878811756363,0.6349578441415176,72.58698272705078
scene-0345_CAM_FRONT_6f86c824_dbdccd9c,4,96012,22.931378113648158,0.02282728233701814,0.9159378036929058,0.6322984792372548,70.94064331054688
scene-0345_CAM_FRONT_c9efa9b7_39c9dbd0,0,117928,23.872302476415097,0.016815392648442895,0.9255509153468338,0.8017230058046385,69.8487777709961
scene-0345_CAM_FRONT_c9efa9b7_39c9dbd0,1,124853,24.98764911825726,0.024224661108478873,0.9487300711790507,0.8576550311244189,69.25689697265625
scene-0345_CAM_FRONT_c9efa9b7_39c9dbd0,2,128575,25.78036056575279,0.03616804194061407,0.9659272975599507,0.8752396711580385,67.81256866455078
scene-0345_CAM_FRONT_c9efa9b7_39c9dbd0,3,131081,25.116839592728297,0.03367313601363087,0.9650605415911538,0.8959104877472225,67.3421630859375
scene-0345_CAM_FRONT_c9efa9b7_39c9dbd0,4,128892,24.221281636825815,0.044390750349258656,0.9564783442334462,0.8896330733065427,69.96405029296875
scene-0346_CAM_FRONT_c35efe5e_3f065eea,0,61233,17.2476881377551,0.007964175854909605,0.9084390512961942,0.4053069104089512,67.59074401855469
scene-0346_CAM_FRONT_c35efe5e_3f065eea,1,60868,17.29390999958909,0.008807415115258177,0.9084127859638064,0.40302182649121426,66.91722106933594
scene-0346_CAM_FRONT_c35efe5e_3f065eea,2,60501,17.193428118530022,0.00756714024677585,0.9084784492947758,0.40050692091508416,67.5955810546875
scene-0346_CAM_FRONT_c35efe5e_3f065eea,3,60334,17.00108441726146,0.00664069525262323,0.9084915819609697,0.39960076694770574,67.64579010009766
scene-0346_CAM_FRONT_c35efe5e_3f065eea,4,60211,17.178160511363636,0.007068375080490075,0.9084259186300002,0.39849105665432194,67.3746566772461
scene-0346_CAM_FRONT_89bc1e54_86b84392,0,61387,17.682472436064717,0.01148298000157677,0.9084259186300002,0.4063640900375594,67.49320220947266
scene-0346_CAM_FRONT_89bc1e54_86b84392,1,60369,17.6640881147541,0.010458572283925882,0.9083077246342552,0.39968612927796604,67.34325408935547
scene-0346_CAM_FRONT_89bc1e54_86b84392,2,60331,17.759714262543252,0.01204353299230565,0.9082354949701889,0.3992330522942768,67.07621765136719
scene-0346_CAM_FRONT_89bc1e54_86b84392,3,60140,17.579810078546654,0.011058436329844268,0.9083077246342552,0.3979460510072755,67.5681381225586
scene-0346_CAM_FRONT_89bc1e54_86b84392,4,59756,17.48288829291045,0.010383204255387524,0.9081829643054132,0.39537204843327295,67.9355697631836
scene-0346_CAM_FRONT_bcba1b4a_d28733ec,0,60967,17.872763597328248,0.013756413085819208,0.9081107346413468,0.4035799648044546,68.326904296875
scene-0346_CAM_FRONT_bcba1b4a_d28733ec,1,59771,17.82363025382096,0.014020679380892798,0.9083996532976125,0.3955624720930843,67.64429473876953
scene-0346_CAM_FRONT_bcba1b4a_d28733ec,2,59963,18.047040971168432,0.010614297351505986,0.9083471226328369,0.39677067738292227,67.39391326904297
scene-0346_CAM_FRONT_bcba1b4a_d28733ec,3,59655,17.874772113074812,0.011860564125327322,0.90834055629974,0.3946628844588028,67.54177856445312
scene-0346_CAM_FRONT_bcba1b4a_d28733ec,4,60043,17.890855654761907,0.011623101122136159,0.9084062196307094,0.3972106217004176,67.60676574707031
scene-0346_CAM_FRONT_6c6c2124_eb0fe3d4,0,60841,18.105229878597125,0.013415388289704566,0.9085900769574239,0.4031137551545715,66.88058471679688
scene-0346_CAM_FRONT_6c6c2124_eb0fe3d4,1,60479,18.445326190128498,0.016819692256206942,0.9084062196307094,0.4009009009009009,66.96797180175781
scene-0346_CAM_FRONT_6c6c2124_eb0fe3d4,2,59889,18.069636848510882,0.016281829171534756,0.9084456176292911,0.39695453470963676,66.89263916015625
scene-0346_CAM_FRONT_6c6c2124_eb0fe3d4,3,59759,18.349318556271726,0.012887173902368154,0.9072242796732592,0.3963372993985239,66.372314453125
scene-0346_CAM_FRONT_6c6c2124_eb0fe3d4,4,57213,18.04126691303929,0.014993190338978835,0.9020434428597693,0.37998712998712997,66.81524658203125
scene-0346_CAM_FRONT_b7846996_02e898c7,0,67355,23.089178948832043,0.025177509920212504,0.9006316812439261,0.4455060016284506,67.99945068359375
scene-0346_CAM_FRONT_b7846996_02e898c7,1,68641,23.82387335526315,0.02684174957564789,0.9021944685209992,0.45219052872114096,66.45379638671875
scene-0346_CAM_FRONT_b7846996_02e898c7,2,65776,22.805715797378475,0.02809594722807862,0.9088395976151078,0.43191369211777375,67.39935302734375
scene-0346_CAM_FRONT_b7846996_02e898c7,3,65467,23.622565580286167,0.047174900338930126,0.9187678932576891,0.42990439419010845,69.21858215332031
scene-0346_CAM_FRONT_b7846996_02e898c7,4,66400,21.920855912227832,0.0418538937051367,0.9403514301473486,0.43601108397026767,70.59646606445312
scene-0346_CAM_FRONT_d4cc2c00_64d019bf,0,84173,20.506524001805776,0.041953863050408824,0.9457686549523284,0.5588015128831455,72.99845886230469
scene-0346_CAM_FRONT_d4cc2c00_64d019bf,1,88146,21.572608340922887,0.047438231067508996,0.94941953615423,0.5878575368371287,71.72298431396484
scene-0346_CAM_FRONT_d4cc2c00_64d019bf,2,81501,20.96603209713856,0.03673131801467422,0.9473314422294015,0.5451369737084023,72.13352966308594
scene-0346_CAM_FRONT_d4cc2c00_64d019bf,3,80666,20.501520553691268,0.035270648412660366,0.9428532030572847,0.5424841751372363,73.30469512939453
scene-0346_CAM_FRONT_d4cc2c00_64d019bf,4,80877,20.19744189981949,0.035143258664116495,0.9428860347227694,0.5405142752081528,73.56719970703125
scene-0346_CAM_FRONT_a4a9d612_5e63770f,0,77722,20.339850081037284,0.009866770843832917,0.947751687547606,0.5142620754865653,72.9498062133789
scene-0346_CAM_FRONT_a4a9d612_5e63770f,1,76847,21.04262753070973,0.015560674455516121,0.9483886218580097,0.5086675596879678,71.26235961914062
scene-0346_CAM_FRONT_a4a9d612_5e63770f,2,78888,21.20366066719409,0.01673251901847328,0.9434244740367189,0.5210516639088068,72.49427032470703
scene-0346_CAM_FRONT_a4a9d612_5e63770f,3,78351,19.81233147815266,0.023089114789457632,0.9409555327922675,0.5187731463241667,73.29145812988281
scene-0346_CAM_FRONT_a4a9d612_5e63770f,4,76692,20.36075696320724,0.016329412380464925,0.9406666141360019,0.5079452630473039,72.38188171386719
scene-0346_CAM_FRONT_e6c01889_06ff524a,0,88158,21.805886558627268,0.02083075587817529,0.9394781078454548,0.604266803246395,73.70538330078125
scene-0346_CAM_FRONT_e6c01889_06ff524a,1,92692,21.86837308114035,0.03450411756404703,0.9383158668872955,0.6457397630867019,72.61210632324219
scene-0346_CAM_FRONT_e6c01889_06ff524a,2,87005,20.680551470588235,0.0366259811308014,0.9392351535208678,0.6038071599296089,74.39723205566406
scene-0346_CAM_FRONT_e6c01889_06ff524a,3,77769,19.501969420441007,0.037616559733378185,0.9273894886139784,0.5317613531899246,76.4218978881836
scene-0346_CAM_FRONT_e6c01889_06ff524a,4,76925,19.362900896158592,0.039382205177348695,0.9393993118482914,0.5242166364615344,77.66165161132812
scene-0519_CAM_FRONT_4e26b427_72322fb3,0,85029,53.11356856921486,0.02603805305758211,0.8376277151787356,0.5745935439812991,66.26393127441406
scene-0519_CAM_FRONT_4e26b427_72322fb3,1,86841,53.55636447622107,0.03166550295062587,0.8279620728600321,0.5810154177501117,65.1036376953125
scene-0519_CAM_FRONT_4e26b427_72322fb3,2,92947,53.42299182400541,0.028647564795896585,0.862803036272424,0.6117458566438159,67.08724212646484
scene-0519_CAM_FRONT_4e26b427_72322fb3,3,96688,53.932725478617606,0.037256369949012935,0.8552780185433246,0.636231712762325,67.89375305175781
scene-0519_CAM_FRONT_4e26b427_72322fb3,4,91748,56.5610059159691,0.05172274128077614,0.8600057783731253,0.6053765135397788,66.79673767089844
scene-0519_CAM_FRONT_2dece2e8_af034ddd,0,88210,46.45981580604532,0.025914456732832658,0.8633808735849552,0.5793869671420692,70.4158706665039
scene-0519_CAM_FRONT_2dece2e8_af034ddd,1,85082,44.70264772158237,0.03307512068515117,0.8579636487799753,0.5586767525543036,71.56904602050781
scene-0519_CAM_FRONT_2dece2e8_af034ddd,2,83630,49.45252338665944,0.04625191363369607,0.8470569695059491,0.549739973209361,67.98258209228516
scene-0519_CAM_FRONT_2dece2e8_af034ddd,3,82426,50.040534607438026,0.0536918831916009,0.8549562682215743,0.5412497045150106,66.97781372070312
scene-0519_CAM_FRONT_2dece2e8_af034ddd,4,87198,46.976645611702125,0.029138614743634328,0.8621464029627295,0.5725711133874399,68.06891632080078
scene-0519_CAM_FRONT_006cbdb2_8f1dfb1a,0,95335,48.06994298986488,0.02949834864810663,0.8587975730832874,0.6269994484280199,67.6019058227539
scene-0519_CAM_FRONT_006cbdb2_8f1dfb1a,1,92416,47.74192572934719,0.04307495351539803,0.8608594016757282,0.6069589998161427,67.48896789550781
scene-0519_CAM_FRONT_006cbdb2_8f1dfb1a,2,92421,48.575839120370375,0.03669565655722806,0.8573267144695716,0.6070180968140152,67.04240417480469
scene-0519_CAM_FRONT_006cbdb2_8f1dfb1a,3,92424,50.04819115299608,0.03187180648995058,0.8635975625771544,0.606919601817561,65.3327407836914
scene-0519_CAM_FRONT_006cbdb2_8f1dfb1a,4,91083,47.11756134033202,0.03300967720930359,0.8612008509967694,0.598146980800042,68.01365661621094
scene-0519_CAM_FRONT_19714a36_78858e71,0,92353,38.844915625000006,0.03810088384971477,0.8576944291230005,0.6075959341265463,66.92708587646484
scene-0519_CAM_FRONT_19714a36_78858e71,1,93827,38.34051918227665,0.04747270320436847,0.8564665248338718,0.6189753893835527,67.77652740478516
scene-0519_CAM_FRONT_19714a36_78858e71,2,93570,38.08945251369328,0.039173867714264565,0.8602684316970032,0.6146613085388596,67.93746948242188
scene-0519_CAM_FRONT_19714a36_78858e71,3,93164,38.76684177442529,0.04623657338310405,0.8598481863787987,0.613045990597011,67.02725219726562
scene-0519_CAM_FRONT_19714a36_78858e71,4,91940,38.99871203904555,0.04283939296019179,0.8623499592887348,0.6067751424894282,67.4531021118164
scene-0519_CAM_FRONT_996f330c_a4747e22,0,95240,40.33700308248299,0.04387189121639756,0.8632429805899193,0.6393507209833741,65.4808578491211
scene-0519_CAM_FRONT_996f330c_a4747e22,1,93999,41.641052049839246,0.0386055524199338,0.865685656501983,0.6316418459275602,64.87942504882812
scene-0519_CAM_FRONT_996f330c_a4747e22,2,98776,41.928216947583785,0.05266302302365422,0.8679182097549445,0.6665878706695033,64.90996551513672
scene-0519_CAM_FRONT_996f330c_a4747e22,3,100830,40.66021322356427,0.04269170437013181,0.8764084784492948,0.6814474824678907,64.77167510986328
scene-0519_CAM_FRONT_996f330c_a4747e22,4,107769,40.84032396788991,0.045902515618021056,0.8896724713051244,0.7331573556063352,64.8118667602539
scene-0519_CAM_FRONT_df174fd9_60808987,0,103336,36.2444362331081,0.05087367448759372,0.9066070443621465,0.7044099493079085,64.73309326171875
scene-0519_CAM_FRONT_df174fd9_60808987,1,115145,36.98164840293142,0.061270292331313314,0.9417631917631918,0.7883342526199669,64.98235321044922
scene-0519_CAM_FRONT_df174fd9_60808987,2,123030,35.755625456426486,0.10593519968649456,0.9760460168623434,0.8090707325401203,67.75469207763672
scene-0519_CAM_FRONT_df174fd9_60808987,3,119424,36.82013318767655,0.11388227331147505,0.9688099177895096,0.7881241299608647,67.09140014648438
scene-0519_CAM_FRONT_df174fd9_60808987,4,118199,35.65544609863558,0.08645558591521363,0.954712000630368,0.7834751661282273,68.17691040039062
scene-0519_CAM_FRONT_e863d03f_4b593e6d,0,110282,32.3776850523295,0.036178915848575244,0.933450214062459,0.7483124523940851,66.16685485839844
scene-0519_CAM_FRONT_e863d03f_4b593e6d,1,103181,33.336118324735075,0.03711113794993315,0.897282851364484,0.7117314107110025,63.92906951904297
scene-0519_CAM_FRONT_e863d03f_4b593e6d,2,87922,33.336558689024386,0.026395222729831858,0.8470504031728522,0.6106230136842382,65.35245513916016
scene-0519_CAM_FRONT_e863d03f_4b593e6d,3,80548,33.33498113110008,0.04316273400865467,0.8106335198171933,0.5392141412549576,65.99799346923828
scene-0519_CAM_FRONT_e863d03f_4b593e6d,4,82276,29.589741759138384,0.02269168520358056,0.8055314790008667,0.5402516218842749,68.72911834716797
scene-0519_CAM_FRONT_210ba6d0_423dadf0,0,93378,26.54969642114745,0.02299826484185452,0.7777558900007879,0.6202229926719722,68.78703308105469
scene-0519_CAM_FRONT_210ba6d0_423dadf0,1,93661,25.593680757182153,0.024933891756277138,0.7488574580411315,0.6239198382055525,71.1553955078125
scene-0519_CAM_FRONT_210ba6d0_423dadf0,2,92833,26.454384661735375,0.03006400990711411,0.7431316155805952,0.6249113545031912,67.6624984741211
scene-0519_CAM_FRONT_210ba6d0_423dadf0,3,87332,27.941534840838514,0.020023602484013914,0.73114805767867,0.586984214535235,66.8006591796875
scene-0519_CAM_FRONT_210ba6d0_423dadf0,4,85281,27.99615297462097,0.025413185341366606,0.7251464292280618,0.5752698762902845,66.7220458984375
scene-0520_CAM_FRONT_6123a0c0_cd6b4f5e,0,73224,36.33333779557916,0.026679307045735845,0.7100569957712815,0.48284217161768184,65.0723876953125
scene-0520_CAM_FRONT_6123a0c0_cd6b4f5e,1,71136,33.09267785904255,0.03075521056838304,0.692091508418039,0.4685866624642135,68.11896514892578
scene-0520_CAM_FRONT_6123a0c0_cd6b4f5e,2,69244,33.25560619212963,0.02883118061982426,0.697738554881412,0.4572925695374675,68.99786376953125
scene-0520_CAM_FRONT_6123a0c0_cd6b4f5e,3,68381,33.031465814917134,0.021735161172165007,0.7077587791873506,0.4553752002731595,69.51828002929688
scene-0520_CAM_FRONT_6123a0c0_cd6b4f5e,4,64096,33.329162413036904,0.022568895289624358,0.7021708297218501,0.4229769127728311,68.57009887695312
scene-0520_CAM_FRONT_f9f8b1d1_d6171d9f,0,76742,29.48220078812317,0.022205137831434518,0.7066490688939668,0.5105980616184698,68.88163757324219
scene-0520_CAM_FRONT_f9f8b1d1_d6171d9f,1,82550,29.238567836775587,0.0174307019456883,0.7109303180731752,0.5520578887925827,69.36205291748047
scene-0520_CAM_FRONT_f9f8b1d1_d6171d9f,2,81674,30.160760432618677,0.01722807729815301,0.709873138444567,0.5466931946523783,68.86167907714844
scene-0520_CAM_FRONT_f9f8b1d1_d6171d9f,3,82701,30.11252296017015,0.02107242934921505,0.7133861266514328,0.5474154912930423,68.90711212158203
scene-0520_CAM_FRONT_f9f8b1d1_d6171d9f,4,85090,28.87160545061887,0.02934785783656091,0.7220799516717884,0.5657158616342289,70.351806640625
scene-0520_CAM_FRONT_0017c262_1183fca1,0,74318,27.98881945526807,0.02281805155141825,0.7273527171486355,0.491470333307068,67.83486938476562
scene-0520_CAM_FRONT_0017c262_1183fca1,1,77053,27.25898662114479,0.02370455313492137,0.7271951251543088,0.512495731883487,67.11499786376953
scene-0520_CAM_FRONT_0017c262_1183fca1,2,71101,26.27018929211469,0.02711313999979792,0.7186260604627952,0.47336695295878967,68.8755111694336
scene-0520_CAM_FRONT_0017c262_1183fca1,3,68466,27.28730119977678,0.02870090354055188,0.7095579544559136,0.45786384051690177,67.173828125
scene-0520_CAM_FRONT_0017c262_1183fca1,4,65461,25.938045505887178,0.024558240941833898,0.6994917658182964,0.43514432800147085,69.67729949951172
scene-0520_CAM_FRONT_8acdc76a_38c95aed,0,70368,30.214642152398298,0.046857170931113856,0.68897250019699,0.4640427599611273,69.30054473876953
scene-0520_CAM_FRONT_8acdc76a_38c95aed,1,71269,29.665984304842837,0.03572795142086216,0.6838638930475666,0.47030704173561316,70.1277847290039
scene-0520_CAM_FRONT_8acdc76a_38c95aed,2,71208,28.855161050977664,0.04381140334467615,0.6817298347910593,0.47030047540251624,70.79425811767578
scene-0520_CAM_FRONT_8acdc76a_38c95aed,3,70025,28.284492876387976,0.033783937425193145,0.6829905707456728,0.4638523363013159,70.78854370117188
scene-0520_CAM_FRONT_8acdc76a_38c95aed,4,68270,28.087985279994097,0.03720149768717507,0.6830496677435453,0.4542195256480971,70.87494659423828
scene-0520_CAM_FRONT_fc7f3434_d0e49a3a,0,74518,31.238274336283197,0.045105812581630156,0.6886310508759488,0.4963556851311953,68.70337677001953
scene-0520_CAM_FRONT_fc7f3434_d0e49a3a,1,75905,30.60711066277473,0.04275465733659134,0.6876723662437948,0.5008995876342816,71.18974304199219
scene-0520_CAM_FRONT_fc7f3434_d0e49a3a,2,72281,31.22012223868534,0.049040631383107325,0.6838376277151788,0.47783862579780945,69.01471710205078
scene-0520_CAM_FRONT_fc7f3434_d0e49a3a,3,71435,30.51326978911979,0.04278077740930941,0.6902529351508944,0.4729992383053608,69.84944152832031
scene-0520_CAM_FRONT_fc7f3434_d0e49a3a,4,71976,28.601453057650865,0.04469977008503512,0.7002534604575421,0.4787250807658971,71.69313049316406
scene-0520_CAM_FRONT_117674c0_fa7e79db,0,76628,29.558781844904825,0.026005168676745738,0.708789693483571,0.5055879494655005,71.38084411621094
scene-0520_CAM_FRONT_117674c0_fa7e79db,1,77004,30.995974893943824,0.03611053502840189,0.7099453681086334,0.5119310272371497,70.03014373779297
scene-0520_CAM_FRONT_117674c0_fa7e79db,2,82239,29.954455190906636,0.03716255363768006,0.7149883119270874,0.5469558479762562,70.53160095214844
scene-0520_CAM_FRONT_117674c0_fa7e79db,3,82963,29.541485519089967,0.03480232842115871,0.7268996401649462,0.558020119244609,70.19954681396484
scene-0520_CAM_FRONT_117674c0_fa7e79db,4,82687,28.87277177212628,0.030312650262198204,0.7311874556772516,0.5476912772831141,70.3674087524414
scene-0520_CAM_FRONT_c0e2f275_4ea6733a,0,75153,31.572825292397663,0.02382653439094362,0.746263756467838,0.49408373387965226,71.02582550048828
scene-0520_CAM_FRONT_c0e2f275_4ea6733a,1,77724,31.08538724459135,0.023084895428648444,0.755285898143041,0.5150500354581987,71.2977523803711
scene-0520_CAM_FRONT_c0e2f275_4ea6733a,2,77635,32.19142996016692,0.027697690950228004,0.753736243532162,0.5146823208047698,70.24188232421875
scene-0520_CAM_FRONT_c0e2f275_4ea6733a,3,77649,29.973711993243235,0.026108406873448065,0.7596393769863158,0.5225619205211042,72.96205139160156
scene-0520_CAM_FRONT_c0e2f275_4ea6733a,4,72865,31.328167551742926,0.026828062791341534,0.7645050298111523,0.49141780264229246,70.96311950683594
scene-0520_CAM_FRONT_f70ce693_a518b89c,0,74716,36.00300480769231,0.02138518587716609,0.7607293882804087,0.5174795787040685,69.9112548828125
scene-0520_CAM_FRONT_f70ce693_a518b89c,1,73310,35.53693114773442,0.02506841878179067,0.7514051952827463,0.5124497675518084,69.99888610839844
scene-0520_CAM_FRONT_f70ce693_a518b89c,2,73837,37.351028010096435,0.02709522114977192,0.748187692065243,0.49664460378746095,69.81005859375
scene-0520_CAM_FRONT_f70ce693_a518b89c,3,73131,35.81076708569405,0.021076135775146998,0.7509718172983479,0.48616473616473616,70.41519927978516
scene-0520_CAM_FRONT_f70ce693_a518b89c,4,75298,33.610535928281706,0.016747193702183916,0.7618719302392771,0.5036640138680955,68.58491516113281
scene-0521_CAM_FRONT_107dd321_516d7cdd,0,83720,37.30128351932046,0.027375176808347,0.7683135030073805,0.5560239539831376,68.29371643066406
scene-0521_CAM_FRONT_107dd321_516d7cdd,1,85029,36.00363057956952,0.03520112422582011,0.7751818874267854,0.5686116145299819,68.68131256103516
scene-0521_CAM_FRONT_107dd321_516d7cdd,2,87785,33.98526697834645,0.03065504153327936,0.7914269955086282,0.588652063141859,70.45675659179688
scene-0521_CAM_FRONT_107dd321_516d7cdd,3,85796,34.60652979022492,0.028605098459344447,0.7904092138786016,0.5758214482704279,68.79120635986328
scene-0521_CAM_FRONT_107dd321_516d7cdd,4,87527,32.148332507753274,0.03291868527078057,0.8179287158878996,0.5808315604233971,72.7225112915039
scene-0521_CAM_FRONT_b5c4e946_78418f83,0,100805,34.244232971335705,0.032674367043770136,0.8328145930186747,0.6739355974049852,71.99703216552734
scene-0521_CAM_FRONT_b5c4e946_78418f83,1,103349,35.69398344123507,0.027033673978988038,0.8394465894465895,0.6911196911196911,69.02045440673828
scene-0521_CAM_FRONT_b5c4e946_78418f83,2,103488,35.66373624435666,0.03209020742350566,0.8427757203267408,0.6925117537362435,68.92296600341797
scene-0521_CAM_FRONT_b5c4e946_78418f83,3,105663,34.61660276813271,0.03753931071950056,0.8618771833057547,0.6959065479473643,70.42134094238281
scene-0521_CAM_FRONT_b5c4e946_78418f83,4,110461,33.224021677927915,0.03608693586077605,0.8764938407795551,0.7298150920599901,70.86248016357422
scene-0521_CAM_FRONT_51499cd8_ee3ddd9e,0,118206,30.42503473576443,0.025525702271680828,0.8800265279857117,0.7893060699183149,69.25335693359375
scene-0521_CAM_FRONT_51499cd8_ee3ddd9e,1,116251,30.639855843653248,0.021588829631021156,0.8780894597221128,0.7791479526173404,68.91857147216797
scene-0521_CAM_FRONT_51499cd8_ee3ddd9e,2,116085,31.992530857591323,0.023297998125189956,0.8798755023244819,0.7831008851417015,67.1865463256836
scene-0521_CAM_FRONT_51499cd8_ee3ddd9e,3,114203,31.220056700650126,0.03036522506146966,0.8818782339190503,0.7702177396054947,68.51284790039062
scene-0521_CAM_FRONT_51499cd8_ee3ddd9e,4,111681,30.602908789866248,0.03214564075547255,0.8692183437081397,0.7400126073595461,68.81139373779297
scene-0521_CAM_FRONT_a28e0c7c_67d06eba,0,113466,28.01526099906816,0.029947003383870907,0.8694612980327266,0.7561723531111286,69.19135284423828
scene-0521_CAM_FRONT_a28e0c7c_67d06eba,1,112716,26.531987988599358,0.028414937473841606,0.8671171171171171,0.7619572925695375,69.67827606201172
scene-0521_CAM_FRONT_a28e0c7c_67d06eba,2,107375,26.90400794008165,0.04052113654042966,0.8510624326950857,0.7066622015601608,68.8335952758789
scene-0521_CAM_FRONT_a28e0c7c_67d06eba,3,105065,27.261032060518723,0.02884767450018222,0.8473524544953116,0.6923738607412077,67.3906478881836
scene-0521_CAM_FRONT_a28e0c7c_67d06eba,4,105450,28.207232660241257,0.029675536246602574,0.8403527434139679,0.6945801486617813,67.97067260742188
scene-0521_CAM_FRONT_b767ec16_8506f53d,0,112548,27.426510449402887,0.0258075850643551,0.8377918735061592,0.7446221731936018,70.31941223144531
scene-0521_CAM_FRONT_b767ec16_8506f53d,1,110440,27.764313616071423,0.02659903445519385,0.8312649384077956,0.7297756940614083,70.42121887207031
scene-0521_CAM_FRONT_b767ec16_8506f53d,2,105936,28.815730870327105,0.028999602532076896,0.822919129041578,0.6990780868331888,67.44813537597656
scene-0521_CAM_FRONT_b767ec16_8506f53d,3,101161,30.812533747300222,0.026946966612111378,0.815722427967326,0.669148740577312,65.76782989501953
scene-0521_CAM_FRONT_b767ec16_8506f53d,4,99853,31.228282605748387,0.023810051983713887,0.8103249021616369,0.659292674598797,65.72565460205078
scene-0521_CAM_FRONT_1adbe193_9274d056,0,93414,27.41959062028183,0.03479836131216585,0.8034105534105535,0.6165983768024584,67.16065216064453
scene-0521_CAM_FRONT_1adbe193_9274d056,1,91602,27.67509498618383,0.03378548246363411,0.8065295616316025,0.6058624221889528,67.53834533691406
scene-0521_CAM_FRONT_1adbe193_9274d056,2,87756,27.390201860034203,0.03526932866861454,0.805866361988811,0.580726499093846,68.27082824707031
scene-0521_CAM_FRONT_1adbe193_9274d056,3,87526,27.69752937645518,0.026301036593600724,0.806949806949807,0.5773776692144039,69.53582000732422
scene-0521_CAM_FRONT_1adbe193_9274d056,4,87983,28.19258385495701,0.030634147666306344,0.8002915451895044,0.579531426470202,70.28097534179688
scene-0521_CAM_FRONT_89ae74d5_ae684293,0,79688,23.686211271367522,0.025740413222165692,0.793364063772227,0.5238817534735902,68.15199279785156
scene-0521_CAM_FRONT_89ae74d5_ae684293,1,78900,23.445091420277127,0.026045060599356074,0.7900349328920757,0.5192853203057285,68.53878021240234
scene-0521_CAM_FRONT_89ae74d5_ae684293,2,78039,22.78098244863014,0.029612320315599572,0.7894176975809629,0.5129553752002731,70.04877471923828
scene-0521_CAM_FRONT_89ae74d5_ae684293,3,73648,22.646651674551787,0.026975519423802385,0.7873755679878129,0.4837351929188664,69.86608123779297
scene-0521_CAM_FRONT_89ae74d5_ae684293,4,74783,23.350408729379417,0.029046044788482828,0.7834423344627426,0.4911945473169963,68.91814422607422
scene-0521_CAM_FRONT_bf409a3e_fb379ed5,0,71480,22.35038638969975,0.03276026908765606,0.77835342631261,0.46936148976965303,67.45082092285156
scene-0521_CAM_FRONT_bf409a3e_fb379ed5,1,84082,21.20775125794491,0.024007841188263157,0.7771320883565781,0.552130118456649,70.1694107055664
scene-0521_CAM_FRONT_bf409a3e_fb379ed5,2,83443,22.185829237923137,0.029043467011153012,0.7756677960759594,0.5480721246027368,69.220458984375
scene-0521_CAM_FRONT_bf409a3e_fb379ed5,3,83696,22.512261025755766,0.023188602185042928,0.7725619205211042,0.5497793712079426,67.91146850585938
scene-0521_CAM_FRONT_bf409a3e_fb379ed5,4,87245,23.27076733732877,0.017827469515796945,0.7725553541880072,0.5733131090273947,65.77086639404297
scene-0522_CAM_FRONT_5ec2ee2d_d7af7925,0,94834,24.945603771157366,0.024536262329292846,0.7650434691251018,0.6271307750899587,66.98098754882812
scene-0522_CAM_FRONT_5ec2ee2d_d7af7925,1,95588,24.13112911604859,0.023942482954305344,0.753125574554146,0.6319504635831167,68.90770721435547
scene-0522_CAM_FRONT_5ec2ee2d_d7af7925,2,97166,25.866257747933886,0.026501814325891715,0.7440968665458462,0.6418984582249888,65.22190856933594
scene-0522_CAM_FRONT_5ec2ee2d_d7af7925,3,93672,25.50903741244612,0.02720254099738284,0.7300120820528984,0.6197961810206708,67.28477478027344
scene-0522_CAM_FRONT_5ec2ee2d_d7af7925,4,92770,26.543458158920316,0.02427038311858709,0.717319360176503,0.616046804822315,66.96171569824219
scene-0522_CAM_FRONT_7187c0de_7a96a1ac,0,80928,26.207242355094884,0.021515794942203126,0.6957949202847162,0.536036036036036,68.1885757446289
scene-0522_CAM_FRONT_7187c0de_7a96a1ac,1,84698,26.496111926290176,0.02943530589623755,0.6841134137052505,0.5622357050928479,68.48194885253906
scene-0522_CAM_FRONT_7187c0de_7a96a1ac,2,82345,25.559446781517096,0.03430739068238475,0.6681440916134793,0.55285898143041,70.20276641845703
scene-0522_CAM_FRONT_7187c0de_7a96a1ac,3,79561,24.674876287320483,0.027932867220453517,0.6564625850340136,0.5290494576208862,70.68102264404297
scene-0522_CAM_FRONT_7187c0de_7a96a1ac,4,76888,24.511299467626785,0.026406740744107093,0.636474667086912,0.5139994221626875,69.68150329589844
scene-0522_CAM_FRONT_ec671ed4_6cd73bca,0,82055,24.134338610979093,0.03367252944881782,0.6433496178394138,0.5544611667060647,69.99015808105469
scene-0522_CAM_FRONT_ec671ed4_6cd73bca,1,77666,24.05010516826923,0.023617753860842194,0.6244451448533082,0.5308092348908675,71.64815521240234
scene-0522_CAM_FRONT_ec671ed4_6cd73bca,2,69469,23.23475041584524,0.026058475576114404,0.6054618758700392,0.47368870328054,73.28775024414062
scene-0522_CAM_FRONT_ec671ed4_6cd73bca,3,64789,24.11134950499034,0.021070594497005324,0.5940824206130328,0.4270480392929373,71.72586822509766
scene-0522_CAM_FRONT_ec671ed4_6cd73bca,4,64130,25.179834491241348,0.023463447480380983,0.5902805137499015,0.42111864050639564,69.86626434326172
scene-0522_CAM_FRONT_ecb9d6d3_75d09898,0,61159,27.129315411603006,0.028659698186961347,0.5752436109578967,0.40159036587608016,71.4344711303711
scene-0522_CAM_FRONT_ecb9d6d3_75d09898,1,64867,26.799735289937463,0.02016943647934033,0.5903987077456465,0.4259383289995535,70.1974868774414
scene-0522_CAM_FRONT_ecb9d6d3_75d09898,2,65153,28.070195503514675,0.024661122648109046,0.5986591547816038,0.42781630026527984,69.19480895996094
scene-0522_CAM_FRONT_ecb9d6d3_75d09898,3,64745,28.05072125639932,0.01924157528281789,0.5908123867307541,0.42532766002153755,70.7616195678711
scene-0522_CAM_FRONT_ecb9d6d3_75d09898,4,60912,29.37606409270651,0.020699895217413555,0.5732146140309405,0.4015969322091771,67.70191192626953
scene-0522_CAM_FRONT_c78ad98d_a0cd4d00,0,65548,39.392328146976084,0.020495421524538315,0.5754734326162898,0.43058072649909385,70.31376647949219
scene-0522_CAM_FRONT_c78ad98d_a0cd4d00,1,65412,42.26831310435133,0.021257241522497416,0.5711856171039844,0.429602342867649,68.52360534667969
scene-0522_CAM_FRONT_c78ad98d_a0cd4d00,2,65329,41.646499975039916,0.031752741457329314,0.5661886376172091,0.42908360255299033,69.1257095336914
scene-0522_CAM_FRONT_c78ad98d_a0cd4d00,3,69275,41.42179554007323,0.026343991122149468,0.5771412812229139,0.4553686339400625,68.93132781982422
scene-0522_CAM_FRONT_c78ad98d_a0cd4d00,4,68450,41.264705882352935,0.038168903478770444,0.561388648123342,0.4511333490925328,68.82215118408203
scene-0522_CAM_FRONT_c40d017e_2ba2a8fb,0,73745,25.04180096531414,0.02978702251399179,0.5907138917342999,0.49238961994064034,68.52885437011719
scene-0522_CAM_FRONT_c40d017e_2ba2a8fb,1,86133,25.6213506986481,0.024782060537011485,0.6591482152706643,0.5765240459118011,68.74256134033203
scene-0522_CAM_FRONT_c40d017e_2ba2a8fb,2,79346,24.79278382524839,0.0246733187373942,0.6196254563601502,0.531229480209072,70.31844329833984
scene-0522_CAM_FRONT_c40d017e_2ba2a8fb,3,78102,25.73767041973039,0.021186613720061143,0.6119953773014998,0.5205197909279542,69.8692855834961
scene-0522_CAM_FRONT_c40d017e_2ba2a8fb,4,78290,26.417105947428134,0.022162145137772926,0.6124287552858981,0.5228968035090484,69.35717010498047
scene-0522_CAM_FRONT_89c9d0c8_3ee6b750,0,80677,23.476598182091347,0.026885064081250132,0.6240905628660731,0.5386954009402989,67.9770736694336
scene-0522_CAM_FRONT_89c9d0c8_3ee6b750,1,83139,24.126777353569636,0.04876941165801796,0.6413337535786515,0.5554658156698973,67.90579986572266
scene-0522_CAM_FRONT_89c9d0c8_3ee6b750,2,82765,24.03713277239019,0.05534686369355146,0.6494037769547973,0.5590772988732172,69.36119842529297
scene-0522_CAM_FRONT_89c9d0c8_3ee6b750,3,82446,22.436439154200226,0.045133710195367494,0.6517413915373099,0.5549208100228509,71.73503112792969
scene-0522_CAM_FRONT_89c9d0c8_3ee6b750,4,84863,23.263274992095283,0.04605237750806079,0.6603629868935992,0.5736282930160481,69.3526840209961
scene-0522_CAM_FRONT_f6ccb065_adcbf5d4,0,78821,27.918494197014446,0.03478708947641174,0.6386809550074857,0.5182084416778294,67.97773742675781
scene-0522_CAM_FRONT_f6ccb065_adcbf5d4,1,71862,26.362404942965778,0.03015048071563342,0.5933798229716597,0.4719157933443648,69.53764343261719
scene-0522_CAM_FRONT_f6ccb065_adcbf5d4,2,68762,27.342707873233216,0.0269109954436324,0.5871089748640769,0.4516586557402884,67.97674560546875
scene-0522_CAM_FRONT_f6ccb065_adcbf5d4,3,70853,28.698380903764207,0.019820230196969213,0.5807133664276521,0.4654282562445828,65.88446044921875
scene-0522_CAM_FRONT_f6ccb065_adcbf5d4,4,75506,30.308354429033347,0.020356054385213707,0.5926049956662202,0.49780027841252333,63.5263786315918
scene-0523_CAM_FRONT_ce03b6f0_17dc38b8,0,81374,23.011185546874998,0.01484294736074232,0.6048446405589263,0.5469952459748378,65.99143981933594
scene-0523_CAM_FRONT_ce03b6f0_17dc38b8,1,81184,21.21737524914578,0.010399920001566532,0.618811231056129,0.5477109762824048,69.93629455566406
scene-0523_CAM_FRONT_ce03b6f0_17dc38b8,2,78169,23.36698327590304,0.011705553091877707,0.6117786883093006,0.5299227799227799,67.32415008544922
scene-0523_CAM_FRONT_ce03b6f0_17dc38b8,3,74504,24.818191895434914,0.012473590303202275,0.5990071704357418,0.5014051952827463,65.46548461914062
scene-0523_CAM_FRONT_ce03b6f0_17dc38b8,4,69013,25.856621591223693,0.020264704709906933,0.5846072019541407,0.47273658498148297,63.485225677490234
scene-0523_CAM_FRONT_0c0bc7cd_ae7d650f,0,65022,24.144577372842868,0.019928634305253157,0.5828408583510625,0.4280592545898668,65.36051177978516
scene-0523_CAM_FRONT_0c0bc7cd_ae7d650f,1,63716,24.540733326188143,0.018124529015004054,0.5908846163948205,0.4228849841094739,66.29609680175781
scene-0523_CAM_FRONT_0c0bc7cd_ae7d650f,2,60567,23.78259957573455,0.016268614439990614,0.5938460326215428,0.3979788826727602,68.19609832763672
scene-0523_CAM_FRONT_0c0bc7cd_ae7d650f,3,59139,23.104584715078502,0.02213717625617484,0.5914493210411578,0.39013211462191055,68.49237823486328
scene-0523_CAM_FRONT_0c0bc7cd_ae7d650f,4,59986,23.509370079336243,0.03233034315597738,0.5934257873033383,0.3938880571533633,69.36383819580078
scene-0523_CAM_FRONT_eaa81f61_fa411e11,0,63106,26.00909358198925,0.018915224799039176,0.5974115514931841,0.41437501641583274,70.96662139892578
scene-0523_CAM_FRONT_eaa81f61_fa411e11,1,63367,26.362015212414814,0.017732530960513415,0.5995456097496914,0.4160888293541355,70.43138122558594
scene-0523_CAM_FRONT_eaa81f61_fa411e11,2,62567,28.266216917488332,0.02800854822801302,0.5945092322643343,0.4108357628765792,67.40248107910156
scene-0523_CAM_FRONT_eaa81f61_fa411e11,3,62370,29.15861767866738,0.019246725133598597,0.5892036351220025,0.40954219525648095,66.81263732910156
scene-0523_CAM_FRONT_eaa81f61_fa411e11,4,60175,29.59528459821428,0.013969880492637365,0.5784020171775274,0.3951422267748798,66.960693359375
scene-0523_CAM_FRONT_4f434664_02617ba1,0,74552,31.36008757679584,0.0415534044720165,0.5900506920915084,0.4984766107215087,68.9327392578125
scene-0523_CAM_FRONT_4f434664_02617ba1,1,74593,33.01519521077475,0.04081186610825549,0.5877918735061592,0.4990019173692643,66.25431060791016
scene-0523_CAM_FRONT_4f434664_02617ba1,2,76229,31.689646946564892,0.030104896742235265,0.5967155201849079,0.512620492212329,67.76261138916016
scene-0523_CAM_FRONT_4f434664_02617ba1,3,75412,31.824837820870542,0.035817665593901094,0.6019751529955611,0.5121411498962519,66.72028350830078
scene-0523_CAM_FRONT_4f434664_02617ba1,4,73299,34.056481377398086,0.03522782079629838,0.600799779371208,0.4998555406718672,66.0504150390625
scene-0523_CAM_FRONT_b61d51fa_4208e998,0,81152,27.320211210541157,0.020100580933920975,0.6222585559320253,0.5593990491949675,65.57339477539062
scene-0523_CAM_FRONT_b61d51fa_4208e998,1,81210,27.935485899390237,0.021050287220210295,0.6263559477845192,0.5542050797152838,66.9771957397461
scene-0523_CAM_FRONT_b61d51fa_4208e998,2,80848,28.936848539117825,0.02255620567265737,0.63359861319045,0.5498187692065243,68.28739929199219
scene-0523_CAM_FRONT_b61d51fa_4208e998,3,81367,27.198078059348735,0.035213281531262464,0.6441310114779503,0.5591692275365745,71.58299255371094
scene-0523_CAM_FRONT_b61d51fa_4208e998,4,78539,25.327955476685144,0.019694920802256988,0.6291400730176241,0.5433968954377117,72.11471557617188
scene-0523_CAM_FRONT_119423a8_bbec622b,0,84497,19.50236045435855,0.036359786660854265,0.6497583589420324,0.651137288892391,71.84257507324219
scene-0523_CAM_FRONT_119423a8_bbec622b,1,84146,18.6115241269541,0.02631868266251991,0.6448336091193234,0.680928742153232,72.95536041259766
scene-0523_CAM_FRONT_119423a8_bbec622b,2,91782,20.33550189823209,0.02757168699746737,0.693772489690857,0.7878155123053082,69.20829772949219
scene-0523_CAM_FRONT_119423a8_bbec622b,3,100608,20.30343967013889,0.02226854269022338,0.7529745488929163,0.8280146035248076,69.92212677001953
scene-0523_CAM_FRONT_119423a8_bbec622b,4,109104,21.989713137606678,0.029780335012339343,0.7927599611273081,0.8554553095369422,67.44324493408203
scene-0523_CAM_FRONT_46aa63cc_0a653a0a,0,114340,21.53127427247307,0.028810735692070155,0.8294394978068448,0.7831271504740892,68.5508804321289
scene-0523_CAM_FRONT_46aa63cc_0a653a0a,1,100935,20.497784196650127,0.03421011625085901,0.7880453339637014,0.6940088776823471,69.76286315917969
scene-0523_CAM_FRONT_46aa63cc_0a653a0a,2,78113,21.041638905605218,0.0512606462092835,0.7245554592493368,0.5339151104457227,69.4749755859375
scene-0523_CAM_FRONT_46aa63cc_0a653a0a,3,64832,19.313389159315836,0.04569295017411812,0.6657670790323852,0.45324770834974915,73.45591735839844
scene-0523_CAM_FRONT_46aa63cc_0a653a0a,4,70609,21.486360961667785,0.028969717920863225,0.6684264439366481,0.4805833530323326,71.06924438476562
scene-0523_CAM_FRONT_c96330c0_9b22047a,0,85462,25.135407099559142,0.03201813695604816,0.6925642844010191,0.5903133454153863,70.94697570800781
scene-0523_CAM_FRONT_c96330c0_9b22047a,1,95332,24.938719530499515,0.04626691228995106,0.7245948572479185,0.6785911275707194,70.94307708740234
scene-0523_CAM_FRONT_c96330c0_9b22047a,2,100271,25.659577686350442,0.03589089399361001,0.7572886297376094,0.6862409056286607,69.86356353759766
scene-0523_CAM_FRONT_c96330c0_9b22047a,3,98625,25.352952318167514,0.03341503927765377,0.7627977832059465,0.6779673259265095,69.13462829589844
scene-0523_CAM_FRONT_c96330c0_9b22047a,4,92306,24.88447056325144,0.0244894343305071,0.7710844955742915,0.6252856354897172,69.64431762695312
scene-0524_CAM_FRONT_89c92049_6f52dcbe,0,85002,24.266876761272133,0.02531264699063196,0.7555551178000157,0.5690252935150895,69.50408172607422
scene-0524_CAM_FRONT_89c92049_6f52dcbe,1,84312,23.35380327583539,0.03242772042048192,0.7447338008562499,0.5699774118141465,71.02344512939453
scene-0524_CAM_FRONT_89c92049_6f52dcbe,2,87388,25.769191371792306,0.022541364807361575,0.7690620649804323,0.5868003572085205,66.93937683105469
scene-0524_CAM_FRONT_89c92049_6f52dcbe,3,88059,24.129484511462874,0.025033352491061756,0.7738029574764269,0.592506500669766,67.9148941040039
scene-0524_CAM_FRONT_89c92049_6f52dcbe,4,88187,24.225440057088495,0.022210795697001018,0.7713143172326846,0.595146166574738,68.91053771972656
scene-0524_CAM_FRONT_cfa4ed9e_e9026a37,0,99870,22.810161736898973,0.03481030378441563,0.7801197699156883,0.6796942715310063,71.24252319335938
scene-0524_CAM_FRONT_cfa4ed9e_e9026a37,1,105096,25.269928063839693,0.033880928149495615,0.7813805058703018,0.7286922491004124,69.05042266845703
scene-0524_CAM_FRONT_cfa4ed9e_e9026a37,2,108503,25.128431602249233,0.04497383101410479,0.8087752475507578,0.7483124523940851,68.54174041748047
scene-0524_CAM_FRONT_cfa4ed9e_e9026a37,3,110607,25.398888385530633,0.03499629701589457,0.8192879468389672,0.7691802589761774,66.70549774169922
scene-0524_CAM_FRONT_cfa4ed9e_e9026a37,4,106228,25.647932465191452,0.03611981923809737,0.811270454127597,0.734385259895464,66.22789001464844
scene-0524_CAM_FRONT_1c9b06a4_94d4b003,0,93515,22.875375103476824,0.033344424533150896,0.8034039870774564,0.6501589052609461,67.95250701904297
scene-0524_CAM_FRONT_1c9b06a4_94d4b003,1,97035,22.608811699797844,0.028087626002903043,0.7936661150946865,0.6989795918367347,68.45423889160156
scene-0524_CAM_FRONT_1c9b06a4_94d4b003,2,91176,23.188677424336003,0.023486060233512518,0.7714719092270113,0.6691290415780212,69.4198226928711
scene-0524_CAM_FRONT_1c9b06a4_94d4b003,3,78536,23.803690494162648,0.020600796668468258,0.7181138864812334,0.5732671446957162,67.23445892333984
scene-0524_CAM_FRONT_1c9b06a4_94d4b003,4,69658,23.532665196199414,0.02218081351784762,0.6641583274236336,0.4870971554645024,68.30987548828125
scene-0524_CAM_FRONT_d7da6ee9_2483f870,0,72344,29.004842637460442,0.028180779598820482,0.657027289680351,0.4818966196517217,66.26095581054688
scene-0524_CAM_FRONT_d7da6ee9_2483f870,1,79998,28.15537982723577,0.036708932365896896,0.6692341029075723,0.541321934179077,67.87550354003906
scene-0524_CAM_FRONT_d7da6ee9_2483f870,2,85034,27.477731963734563,0.034498655312818594,0.6843038373650618,0.5824403120321487,68.94166564941406
scene-0524_CAM_FRONT_d7da6ee9_2483f870,3,87339,26.320888631014647,0.026110498479234412,0.6954469046305781,0.6055603708664933,68.84371185302734
scene-0524_CAM_FRONT_d7da6ee9_2483f870,4,92886,26.662301969903208,0.040489173367854514,0.7358758175084705,0.6334410211961232,69.47428131103516
scene-0524_CAM_FRONT_bd55e82c_6b300f08,0,92142,24.03343345121629,0.020861990548104004,0.7438867438867439,0.610642712683529,66.66838836669922
scene-0524_CAM_FRONT_bd55e82c_6b300f08,1,95375,23.057342212274467,0.019710221182423382,0.7498030100070916,0.6313529272712947,70.73414611816406
scene-0524_CAM_FRONT_bd55e82c_6b300f08,2,95856,23.77697162256268,0.022042527973202386,0.7454232658314291,0.6412418249152944,69.11515808105469
scene-0524_CAM_FRONT_bd55e82c_6b300f08,3,94612,23.467897727272728,0.019060778317388616,0.7332821159351771,0.6349053134767421,69.32462310791016
scene-0524_CAM_FRONT_bd55e82c_6b300f08,4,91417,24.814582104952827,0.01781895717426396,0.7128411210043863,0.6190673180469098,66.27225494384766
scene-0524_CAM_FRONT_b0f8d0ae_047d2592,0,93609,22.889051053113544,0.025617674851784678,0.7116526147138392,0.618082368082368,66.05616760253906
scene-0524_CAM_FRONT_b0f8d0ae_047d2592,1,98485,23.613226966370213,0.02977824800483031,0.7337483255850603,0.6544270217739605,65.02107238769531
scene-0524_CAM_FRONT_b0f8d0ae_047d2592,2,104061,23.08027266703649,0.032301266347116275,0.7760420770624852,0.6977254222152182,66.06562042236328
scene-0524_CAM_FRONT_b0f8d0ae_047d2592,3,90140,23.284131628321852,0.021775115358514174,0.7243781682557193,0.6030585979565571,67.40174102783203
scene-0524_CAM_FRONT_b0f8d0ae_047d2592,4,91225,22.80672207308173,0.028169013481899263,0.7300974443831587,0.6150355895253854,66.96862030029297
scene-0524_CAM_FRONT_77b97456_dfa48a63,0,96960,23.753249771659707,0.017732218413040846,0.7386271110760907,0.6514590392141413,67.28731536865234
scene-0524_CAM_FRONT_77b97456_dfa48a63,1,97638,23.570986395012845,0.025445469546799826,0.7489428203713918,0.6571914480077745,69.32312774658203
scene-0524_CAM_FRONT_77b97456_dfa48a63,2,99456,22.652167693661973,0.02148202994949,0.7622199458934152,0.6854201139915426,70.97776794433594
scene-0524_CAM_FRONT_77b97456_dfa48a63,3,101640,23.264484907166516,0.020834602627717302,0.7680508496835028,0.7030966826885194,70.4200210571289
scene-0524_CAM_FRONT_77b97456_dfa48a63,4,100700,23.5333592571644,0.018487177398189836,0.773303916161059,0.7122632836918551,69.79000854492188
scene-0524_CAM_FRONT_91491728_77a61ed5,0,100161,21.86901631810511,0.01847643798576737,0.7779003493289207,0.7066096708953852,70.84385681152344
scene-0524_CAM_FRONT_91491728_77a61ed5,1,100603,21.59418169236341,0.02042889494039901,0.7771452210227721,0.7433680035720852,72.13877868652344
scene-0524_CAM_FRONT_91491728_77a61ed5,2,99531,23.051913214850817,0.019081627463046757,0.775464239749954,0.7466643027867518,69.37104034423828
scene-0524_CAM_FRONT_91491728_77a61ed5,3,99036,22.300530581550802,0.02601239134278943,0.7723123998634203,0.7238988259396423,70.31488037109375
scene-0524_CAM_FRONT_91491728_77a61ed5,4,98602,23.050852800123756,0.019973699621227414,0.7779331809944054,0.6717096104851207,71.19872283935547
scene-0552_CAM_FRONT_5b905269_509430f5,0,75146,17.83024696095285,0.02921998160119199,0.9017807895358916,0.4966971344522365,69.94883728027344
scene-0552_CAM_FRONT_5b905269_509430f5,1,76866,17.20870272489892,0.03197727736172462,0.8890683686602054,0.5109986079373835,70.15057373046875
scene-0552_CAM_FRONT_5b905269_509430f5,2,80815,17.592287369673617,0.03574403546306959,0.8978738213432091,0.5351101830693668,68.07259368896484
scene-0552_CAM_FRONT_5b905269_509430f5,3,87399,17.7694241595953,0.03253129977688074,0.8943148688046647,0.5768392299004544,66.59651947021484
scene-0552_CAM_FRONT_5b905269_509430f5,4,96923,17.938063098538304,0.0537380707167463,0.8944330628004097,0.6393901189819557,67.03606414794922
scene-0552_CAM_FRONT_fb51300f_c735e5f2,0,78112,15.478270379666291,0.047836812056654576,0.8958513907493499,0.5129094108685945,67.11723327636719
scene-0552_CAM_FRONT_fb51300f_c735e5f2,1,67230,14.52056065679112,0.038424368454464064,0.8951619257741706,0.44145457410763533,67.97052001953125
scene-0552_CAM_FRONT_fb51300f_c735e5f2,2,52751,14.547300390409069,0.04361155238600789,0.8901321146219106,0.3463806371969637,69.49673461914062
scene-0552_CAM_FRONT_fb51300f_c735e5f2,3,49849,14.647082895658267,0.03987239884775162,0.8922202085467391,0.32732513854962836,70.5093002319336
scene-0552_CAM_FRONT_fb51300f_c735e5f2,4,49893,14.239125683494407,0.02807659528301265,0.8869080450713104,0.3276140572058939,71.16133117675781
scene-0552_CAM_FRONT_bc73130b_2e70460e,0,57148,22.371373618521346,0.03976951871428236,0.8883723373519292,0.3752659364904263,71.3932876586914
scene-0552_CAM_FRONT_bc73130b_2e70460e,1,56087,23.03611843885281,0.04470890893813362,0.8912549575814882,0.36832532240695504,69.87694549560547
scene-0552_CAM_FRONT_bc73130b_2e70460e,2,56623,22.294805140499555,0.038045120906764485,0.900651380243217,0.3719565046095658,72.40802001953125
scene-0552_CAM_FRONT_bc73130b_2e70460e,3,56364,22.574834567397385,0.04115701285013684,0.8989506999711081,0.3707089013211462,71.17909240722656
scene-0552_CAM_FRONT_bc73130b_2e70460e,4,56900,22.716277762481646,0.03717488757882137,0.899082026633047,0.37501641583274237,70.55864715576172
scene-0552_CAM_FRONT_f7480019_8b763668,0,57215,22.974866718903634,0.03218499595835489,0.9013342788852993,0.37590943713392694,71.45257568359375
scene-0552_CAM_FRONT_f7480019_8b763668,1,57084,23.372507241532976,0.03899767846426916,0.8987077456465211,0.37573871247340634,70.53438568115234
scene-0552_CAM_FRONT_f7480019_8b763668,2,57483,23.716338757842657,0.03979614667006537,0.8992790166259554,0.3789562156909096,69.77236938476562
scene-0552_CAM_FRONT_f7480019_8b763668,3,56492,23.641232198454798,0.03886546082294284,0.8962322380689728,0.3713852336301316,70.07633209228516
scene-0552_CAM_FRONT_f7480019_8b763668,4,55404,22.92744140625,0.03538196350244749,0.8944593281327975,0.36471383920363515,69.61888885498047
scene-0552_CAM_FRONT_28d95d22_75bde66b,0,97097,25.575909358198924,0.05276789278947147,0.8979657500065663,0.6682163212775458,70.35704803466797
scene-0552_CAM_FRONT_28d95d22_75bde66b,1,109066,26.262214502700278,0.04373947036229797,0.9003427625876606,0.7518714049326294,68.86017608642578
scene-0552_CAM_FRONT_28d95d22_75bde66b,2,103411,25.655560113365166,0.050960460601061186,0.9063772227037533,0.7085795708244688,68.39167022705078
scene-0552_CAM_FRONT_28d95d22_75bde66b,3,93154,25.802142668776366,0.049016776632542,0.9181178262810916,0.6347477214824153,68.61725616455078
scene-0552_CAM_FRONT_28d95d22_75bde66b,4,101259,26.70703928755145,0.061134023763272705,0.9280789535891577,0.6875016415832742,67.29639434814453
scene-0552_CAM_FRONT_bffcf51d_bf6ce332,0,116864,19.131705072496395,0.028873570245419478,0.9361292779660126,0.7813279752055262,67.91768646240234
scene-0552_CAM_FRONT_bffcf51d_bf6ce332,1,122408,19.905106339849233,0.0232109936291669,0.9543245869776482,0.8299648044546004,68.60916900634766
scene-0552_CAM_FRONT_bffcf51d_bf6ce332,2,124850,19.04063152962144,0.027322450005661247,0.9583300501667849,0.8444764005988495,71.09983825683594
scene-0552_CAM_FRONT_bffcf51d_bf6ce332,3,122118,17.599463838447086,0.04513011675100498,0.9681401518136212,0.8151577233209887,73.93199157714844
scene-0552_CAM_FRONT_bffcf51d_bf6ce332,4,113001,17.413008713447276,0.029333087304371563,0.9534840963412392,0.7487852283770651,74.92186737060547
scene-0552_CAM_FRONT_7c25767f_5ef15615,0,105968,15.832261369523389,0.02260039466359043,0.8885430620124498,0.6959525122790429,70.22897338867188
scene-0552_CAM_FRONT_7c25767f_5ef15615,1,95468,15.611040744209811,0.03611248294246305,0.8384485068158537,0.6269469177632443,68.73042297363281
scene-0552_CAM_FRONT_7c25767f_5ef15615,2,88254,16.24470494804707,0.0391201823721361,0.7975993486197568,0.5796890184645287,66.45073699951172
scene-0552_CAM_FRONT_7c25767f_5ef15615,3,84692,16.64737581715531,0.020511818074691934,0.7732776508286713,0.5568775772857405,66.81391143798828
scene-0552_CAM_FRONT_7c25767f_5ef15615,4,78901,17.25924359158986,0.01542002746856852,0.7605586636198881,0.5180902476820844,66.90266418457031
scene-0552_CAM_FRONT_770abd0f_e9df1bab,0,91970,22.326209828101643,0.02894276510217142,0.7568946497517927,0.6061053765135398,67.04296112060547
scene-0552_CAM_FRONT_770abd0f_e9df1bab,1,92616,22.98871507941042,0.028633119178530286,0.7524623749113545,0.6108265700102434,65.72509765625
scene-0552_CAM_FRONT_770abd0f_e9df1bab,2,94324,22.810643709073908,0.02272415338699063,0.7538610038610039,0.6248653901715127,67.49314880371094
scene-0552_CAM_FRONT_770abd0f_e9df1bab,3,86948,23.18284185678681,0.018748210203945126,0.7472618390985738,0.5738384156751504,66.62785339355469
scene-0552_CAM_FRONT_770abd0f_e9df1bab,4,86332,23.225251568217463,0.020295196334416676,0.7534604575420902,0.5689136658524414,65.43241119384766
scene-0553_CAM_FRONT_8687ba92_2021b6b3,0,62024,22.07954564363684,0.010926944983919551,0.7068197935544874,0.4184855409345205,67.45160675048828
scene-0553_CAM_FRONT_8687ba92_2021b6b3,1,62272,23.45850534150095,0.009627059902935553,0.7073976308670186,0.4196674808919707,66.77699279785156
scene-0553_CAM_FRONT_8687ba92_2021b6b3,2,61241,24.127542335893857,0.012227761180407803,0.706747563890421,0.4119060751713813,66.75343322753906
scene-0553_CAM_FRONT_8687ba92_2021b6b3,3,61497,23.680353130835673,0.0138646811438492,0.706747563890421,0.4136789851075565,67.23323059082031
scene-0553_CAM_FRONT_8687ba92_2021b6b3,4,61777,24.25068876436064,0.012234356283697068,0.706635936227773,0.41627268668084993,66.45933532714844
scene-0553_CAM_FRONT_7315022f_82597244,0,64374,21.867039386375133,0.011680318283772806,0.7065702728968035,0.4378299582381215,66.30793762207031
scene-0553_CAM_FRONT_7315022f_82597244,1,64437,21.028065002042492,0.014069133757975472,0.7072269062064981,0.43548577732251204,66.53767395019531
scene-0553_CAM_FRONT_7315022f_82597244,2,66708,20.317009707225914,0.012704116289641743,0.7068000945551965,0.45135660441782893,67.23118591308594
scene-0553_CAM_FRONT_7315022f_82597244,3,66822,19.652740390399426,0.013943069008764297,0.7083891471646574,0.4503388227878024,66.7334213256836
scene-0553_CAM_FRONT_7315022f_82597244,4,69245,19.444647136235066,0.0158244620944461,0.7062944869067318,0.47039240406587346,66.71280670166016
scene-0553_CAM_FRONT_8bf071b1_d7bea9a3,0,70654,16.5919451736672,0.02008920460887831,0.7073713655346309,0.47694560449662493,66.72671508789062
scene-0553_CAM_FRONT_8bf071b1_d7bea9a3,1,71362,16.520943837338105,0.017553868480524537,0.7074435951986973,0.48061618469781736,66.54190063476562
scene-0553_CAM_FRONT_8bf071b1_d7bea9a3,2,67539,16.716213756971786,0.01834802409132097,0.7108974864076905,0.4537270506658262,65.08785247802734
scene-0553_CAM_FRONT_8bf071b1_d7bea9a3,3,66465,16.765680803571428,0.019464899602707586,0.7111929713970531,0.4459919102776246,66.24559020996094
scene-0553_CAM_FRONT_8bf071b1_d7bea9a3,4,63323,16.988443556539316,0.016621099258127714,0.7078507078507078,0.42626664565440076,66.86730194091797
scene-0553_CAM_FRONT_3ffc4360_4ae9c033,0,60729,16.719092175387598,0.017855765819306146,0.7070167835473958,0.40674493735718226,66.45220184326172
scene-0553_CAM_FRONT_3ffc4360_4ae9c033,1,60008,15.790303164308172,0.017272146195949745,0.7066556352270638,0.4019580805295091,66.80298614501953
scene-0553_CAM_FRONT_3ffc4360_4ae9c033,2,59777,15.925975553133075,0.019799448530899433,0.7076471515247026,0.401964646862606,66.47540283203125
scene-0553_CAM_FRONT_3ffc4360_4ae9c033,3,59206,16.313464743286687,0.015054830141185027,0.7085073411604024,0.39568066608882935,65.51226043701172
scene-0553_CAM_FRONT_3ffc4360_4ae9c033,4,59334,15.908632812500002,0.01931298324037134,0.7090523468074489,0.3944921597982822,66.24433898925781
scene-0553_CAM_FRONT_ecd49e3c_a572dd2e,0,58442,14.409966584043735,0.021212942542126578,0.7087568618180863,0.3865862947495601,68.36637115478516
scene-0553_CAM_FRONT_ecd49e3c_a572dd2e,1,56863,14.956658634737675,0.021000156546177262,0.7088290914821527,0.37602763112967197,65.93250274658203
scene-0553_CAM_FRONT_ecd49e3c_a572dd2e,2,57181,14.808898925781248,0.020527277995971982,0.7091705408031939,0.3782010873847609,67.0843505859375
scene-0553_CAM_FRONT_ecd49e3c_a572dd2e,3,57495,14.74873507289082,0.017524014687554157,0.707463294197988,0.3798492369920941,66.64344787597656
scene-0553_CAM_FRONT_ecd49e3c_a572dd2e,4,57380,13.935609148550723,0.019731952103650308,0.7087699944842802,0.37906784335355764,68.49044036865234
scene-0553_CAM_FRONT_313a60af_3a064c48,0,57732,14.03593153625954,0.021915628964903844,0.7088947548131221,0.381306962939616,67.31645202636719
scene-0553_CAM_FRONT_313a60af_3a064c48,1,57383,14.6444629688638,0.01843760922593729,0.7087568618180863,0.37863446536915923,65.70719909667969
scene-0553_CAM_FRONT_313a60af_3a064c48,2,56433,13.950412402964004,0.013633176383012646,0.7089472854778978,0.3717923462821422,67.2271499633789
scene-0553_CAM_FRONT_313a60af_3a064c48,3,55119,14.26702395112457,0.014142119767674988,0.7088881884800252,0.3629737609329446,65.69427490234375
scene-0553_CAM_FRONT_313a60af_3a064c48,4,55697,13.58486257868705,0.013369396087383745,0.7086977648202138,0.36699235678827513,67.1280517578125
scene-0553_CAM_FRONT_d3c0bbf9_c143943f,0,64542,19.160723645174045,0.01444866826927016,0.7084942084942085,0.4396225671735876,66.20033264160156
scene-0553_CAM_FRONT_d3c0bbf9_c143943f,1,64064,19.437236440619863,0.016768373812283244,0.707831008851417,0.4354332466577365,66.18910217285156
scene-0553_CAM_FRONT_d3c0bbf9_c143943f,2,64191,20.449592251032403,0.01083904305312089,0.7072925695374674,0.4381057442281932,64.3323745727539
scene-0553_CAM_FRONT_d3c0bbf9_c143943f,3,63801,19.883552691055932,0.01177337613478402,0.7084482441625298,0.43437606702912823,65.44041442871094
scene-0553_CAM_FRONT_d3c0bbf9_c143943f,4,64153,19.877609179499515,0.012071412682725047,0.7075289575289575,0.4383355658865863,66.75884246826172
scene-0553_CAM_FRONT_47188ae2_739b1293,0,65070,21.512135248384492,0.016535955493633292,0.7071940745410134,0.4417434927639009,67.37437438964844
scene-0553_CAM_FRONT_47188ae2_739b1293,1,65242,21.99827442354368,0.01255573325534498,0.7081855908386521,0.44155963543718646,66.23731231689453
scene-0553_CAM_FRONT_47188ae2_739b1293,2,64964,22.27288893358689,0.01089341016801737,0.7072531715388858,0.44190765109132457,65.5759048461914
scene-0553_CAM_FRONT_47188ae2_739b1293,3,64515,23.167764173666015,0.013531192378069878,0.7076208861923148,0.4380006828986421,65.64480590820312
scene-0553_CAM_FRONT_47188ae2_739b1293,4,64861,22.980051214044746,0.013609079397791213,0.7064061145693799,0.44268904472986104,66.35547637939453
scene-0554_CAM_FRONT_e0b85d62_35264745,0,65139,23.56143484970478,0.016961328693583244,0.7067803955559058,0.4468127019147427,66.1673355102539
scene-0554_CAM_FRONT_e0b85d62_35264745,1,64268,23.728727966899893,0.01604062575826548,0.706622803561579,0.4405681191395477,66.42351531982422
scene-0554_CAM_FRONT_e0b85d62_35264745,2,64317,24.112002840909092,0.01701243120573448,0.7070693142121713,0.44112625745278805,66.20690155029297
scene-0554_CAM_FRONT_e0b85d62_35264745,3,64455,24.415618586297885,0.01650485155714998,0.7066490688939668,0.44178945709557954,65.62872314453125
scene-0554_CAM_FRONT_e0b85d62_35264745,4,64494,23.953282758999123,0.016858752414820488,0.7068394925537783,0.4433259790402648,66.02114868164062
scene-0554_CAM_FRONT_1144cb46_704f3a80,0,63416,24.030923754175944,0.01730755039195242,0.706990518215008,0.43182832978751345,66.51142120361328
scene-0554_CAM_FRONT_1144cb46_704f3a80,1,64038,23.80536488439306,0.02009391723125198,0.7062288235757623,0.43714705959603917,66.11465454101562
scene-0554_CAM_FRONT_1144cb46_704f3a80,2,62918,23.90799373040753,0.017361271719135152,0.7066819005594516,0.4272975599506212,65.84759521484375
scene-0554_CAM_FRONT_1144cb46_704f3a80,3,62977,24.08191623728586,0.01637637950019677,0.7071546765424317,0.4279541932603157,66.26610565185547
scene-0554_CAM_FRONT_1144cb46_704f3a80,4,64352,24.17101216190834,0.015021322895084177,0.7068526252199722,0.4405090221416752,66.4703369140625
scene-0554_CAM_FRONT_551d1fdf_5dbe8245,0,63587,23.88338389295213,0.01611356697128219,0.7065768392299004,0.43340424973078034,65.98992919921875
scene-0554_CAM_FRONT_551d1fdf_5dbe8245,1,63026,23.810963871308015,0.015639786292472646,0.7064914768996402,0.4287881175636278,65.55877685546875
scene-0554_CAM_FRONT_551d1fdf_5dbe8245,2,63071,23.633668831168823,0.015608990066335426,0.7062485225750532,0.42922149554802613,66.18305206298828
scene-0554_CAM_FRONT_551d1fdf_5dbe8245,3,63251,23.63671027657267,0.015727332620868673,0.7067869618890027,0.4297730675281696,66.29206085205078
scene-0554_CAM_FRONT_551d1fdf_5dbe8245,4,62829,23.46311606661273,0.01310638079681814,0.7069182885509416,0.4273763559477845,66.80841064453125
scene-0554_CAM_FRONT_7690202f_52679177,0,64875,23.810569343159408,0.016014770949415613,0.7061959919102776,0.4432406167100045,66.20340728759766
scene-0554_CAM_FRONT_7690202f_52679177,1,63988,23.9342883360522,0.01681071798341649,0.706379849236992,0.43540041499225174,65.6725082397461
scene-0554_CAM_FRONT_7690202f_52679177,2,64195,23.49693382270063,0.016227301471301026,0.7062747879074409,0.4378627899036062,65.88571166992188
scene-0554_CAM_FRONT_7690202f_52679177,3,63681,23.734324680939885,0.01658737666047161,0.7064849105665432,0.4339492553778268,65.7953872680664
scene-0554_CAM_FRONT_7690202f_52679177,4,64740,23.89503783561298,0.017671283225718648,0.7059596039187875,0.44372652535917845,65.80903625488281
scene-0554_CAM_FRONT_1263172d_587805aa,0,65440,22.831789553002732,0.012417404091732642,0.7068066608882936,0.4482441625298768,65.68244934082031
scene-0554_CAM_FRONT_1263172d_587805aa,1,65110,22.408383915022757,0.014486487203305032,0.7074238961994064,0.4446720773251385,65.69380950927734
scene-0554_CAM_FRONT_1263172d_587805aa,2,65530,22.540099811872917,0.013567066414997608,0.7064849105665432,0.4477648202137998,65.9150619506836
scene-0554_CAM_FRONT_1263172d_587805aa,3,63733,21.560791695682447,0.014950472767222944,0.7066425025608699,0.4323996007669477,66.53910827636719
scene-0554_CAM_FRONT_1263172d_587805aa,4,65317,22.06940057993499,0.014044626271167537,0.7060712315814357,0.4440088776823471,66.03201293945312
scene-0554_CAM_FRONT_376e84a4_31f09d84,0,64413,22.19619099518941,0.017968361832635615,0.7059727365849815,0.4382896015549077,64.91503143310547
scene-0554_CAM_FRONT_376e84a4_31f09d84,1,63231,21.792492535008243,0.012395873457494488,0.7071152785438499,0.4290704698867964,65.83853912353516
scene-0554_CAM_FRONT_376e84a4_31f09d84,2,62341,21.793405750570773,0.012130692166776313,0.7060121345835632,0.42194599847661074,65.67240142822266
scene-0554_CAM_FRONT_376e84a4_31f09d84,3,63048,21.647170529026212,0.013314878062270052,0.705913639587109,0.4278622645969585,66.33931732177734
scene-0554_CAM_FRONT_376e84a4_31f09d84,4,63377,21.919259235829966,0.011932747860256221,0.7068000945551965,0.4302261445118588,67.326416015625
scene-0554_CAM_FRONT_44428816_6e0fe77b,0,62948,24.615541643984752,0.011600603114357844,0.7065243085651249,0.4257282063404512,67.59954071044922
scene-0554_CAM_FRONT_44428816_6e0fe77b,1,61830,24.818498044524674,0.011015362209369606,0.7063010532398287,0.41786830562340765,67.15278625488281
scene-0554_CAM_FRONT_44428816_6e0fe77b,2,62103,25.144951588589986,0.011291034056027272,0.706025267249757,0.4193522969033173,66.10710906982422
scene-0554_CAM_FRONT_44428816_6e0fe77b,3,61587,24.403032075991195,0.01273966872872423,0.7063470175715074,0.41440128174822055,66.94584655761719
scene-0554_CAM_FRONT_44428816_6e0fe77b,4,61383,24.730683154730784,0.010136815180457504,0.7068920232185538,0.4134951277808421,66.95647430419922
scene-0554_CAM_FRONT_1df35500_b61f49a7,0,62253,24.530379179936304,0.01163775497124453,0.7068197935544874,0.422392509127203,66.39360046386719
scene-0554_CAM_FRONT_1df35500_b61f49a7,1,61858,24.361090959821425,0.012638842668728278,0.7066293698946761,0.4177369789614688,66.69388580322266
scene-0554_CAM_FRONT_1df35500_b61f49a7,2,60703,23.842260890151515,0.011816806065283458,0.7064980432327371,0.4101659969006908,67.77656555175781
scene-0554_CAM_FRONT_1df35500_b61f49a7,3,60749,23.7006652418361,0.012429623437897774,0.7069248548840386,0.4105271452210228,67.97804260253906
scene-0554_CAM_FRONT_1df35500_b61f49a7,4,60426,24.55725985793946,0.013186816112417565,0.706038399915951,0.40847188296167886,66.70321655273438
scene-0555_CAM_FRONT_12a42a64_bf8b54d2,0,60571,21.965079208107298,0.010796846748615252,0.7067081658918394,0.40964069025293515,67.78278350830078
scene-0555_CAM_FRONT_12a42a64_bf8b54d2,1,60857,22.683098479038847,0.01053162660352669,0.7067409975573241,0.4124576471515247,67.14678192138672
scene-0555_CAM_FRONT_12a42a64_bf8b54d2,2,59748,22.10447716346153,0.01175523423581648,0.7059596039187875,0.4035536994720668,66.75476837158203
scene-0555_CAM_FRONT_12a42a64_bf8b54d2,3,56847,22.452298888305325,0.010821751861234574,0.7001680981272818,0.38289601554907676,66.70787048339844
scene-0555_CAM_FRONT_12a42a64_bf8b54d2,4,55731,21.497247009959047,0.00782155136642615,0.6979486775405143,0.37450424185118064,67.03451538085938
scene-0555_CAM_FRONT_4b0caf61_f546013d,0,62477,30.9078794227188,0.013800291734722858,0.692931999054448,0.4227930554461167,65.12277221679688
scene-0555_CAM_FRONT_4b0caf61_f546013d,1,56608,30.801946271929836,0.02826732205167848,0.671315630499304,0.3770257137604076,64.84889221191406
scene-0555_CAM_FRONT_4b0caf61_f546013d,2,58082,30.60742919921875,0.02487144190519741,0.6793068578782865,0.39354004149922517,65.34473419189453
scene-0555_CAM_FRONT_4b0caf61_f546013d,3,55636,28.47965641046213,0.0270065138647404,0.6740209597352455,0.3697042523573136,65.30097961425781
scene-0555_CAM_FRONT_4b0caf61_f546013d,4,52213,27.432891187050352,0.021845191537329445,0.6617222178446668,0.3492041604286502,65.30765533447266
scene-0555_CAM_FRONT_c7a8c960_b6aa15f5,0,53013,34.42498241805284,0.012188034610790321,0.652936464160954,0.35788485278281196,65.19328308105469
scene-0555_CAM_FRONT_c7a8c960_b6aa15f5,1,58222,34.91083227290524,0.020789491272050986,0.6829577390801881,0.39279804585927036,65.12564086914062
scene-0555_CAM_FRONT_c7a8c960_b6aa15f5,2,56314,34.63919471927285,0.019868360515659322,0.6710989415071048,0.38872691933916426,65.76273345947266
scene-0555_CAM_FRONT_c7a8c960_b6aa15f5,3,58934,33.41245258905012,0.019820816694549492,0.6953812412996087,0.41602973235626295,65.33679962158203
scene-0555_CAM_FRONT_c7a8c960_b6aa15f5,4,63265,33.60419405274061,0.025708484524523456,0.7249822709006383,0.45270926903579967,66.16829681396484
scene-0555_CAM_FRONT_46395439_4967dbb7,0,66286,26.893124466983434,0.019361926682993413,0.7553843931394951,0.4620597273658498,65.70362091064453
scene-0555_CAM_FRONT_46395439_4967dbb7,1,60881,27.417990944602266,0.01845101985576658,0.7298610563916687,0.4000538439313949,66.31436157226562
scene-0555_CAM_FRONT_46395439_4967dbb7,2,60865,28.847437658975295,0.024152238770148937,0.7268536758332677,0.39965986394557823,65.87946319580078
scene-0555_CAM_FRONT_46395439_4967dbb7,3,61588,27.633700860948675,0.024304947541806454,0.7306030520316235,0.4044664197725422,67.60580444335938
scene-0555_CAM_FRONT_46395439_4967dbb7,4,61470,27.945081039685444,0.02447804455292557,0.7242665405930712,0.4036324954692302,67.65205383300781
scene-0555_CAM_FRONT_d1a6bacb_577babc0,0,56254,23.52924829987047,0.016460670199414773,0.7160848895542773,0.36944159903343576,67.79510498046875
scene-0555_CAM_FRONT_d1a6bacb_577babc0,1,56853,24.137702767175565,0.01035758723933089,0.7182386468100754,0.3733157355606335,68.0945816040039
scene-0555_CAM_FRONT_d1a6bacb_577babc0,2,55654,24.06121020047169,0.016978206880768454,0.7103196490951593,0.36544270217739605,68.27696228027344
scene-0555_CAM_FRONT_d1a6bacb_577babc0,3,53520,23.762965677004544,0.014899255671255718,0.7109631497386599,0.3514301473485147,67.5994873046875
scene-0555_CAM_FRONT_d1a6bacb_577babc0,4,53837,24.957963484353503,0.012940174874981558,0.7099191027762456,0.3535116749402464,67.06901550292969
scene-0555_CAM_FRONT_48d6941a_e1101eae,0,66900,26.005866288716806,0.023676009632849437,0.7115738187166759,0.447259212565335,66.41336059570312
scene-0555_CAM_FRONT_48d6941a_e1101eae,1,66282,26.870976958756,0.017431871128060994,0.7125784676805085,0.4430042287185144,65.83301544189453
scene-0555_CAM_FRONT_48d6941a_e1101eae,2,68033,27.559485610650505,0.014837221159525793,0.7086911984871168,0.45444278097339325,66.31908416748047
scene-0555_CAM_FRONT_48d6941a_e1101eae,3,68950,25.914012908935543,0.018362039083789305,0.713596249310535,0.46006356210437843,67.44010162353516
scene-0555_CAM_FRONT_48d6941a_e1101eae,4,66078,27.206194348151172,0.023275316380136024,0.6957358232868437,0.4338901583799543,64.51580810546875
scene-0555_CAM_FRONT_ab76b514_99235b3a,0,70858,23.62740472117064,0.015800773943527524,0.6979421112074173,0.46680061986184435,67.29252624511719
scene-0555_CAM_FRONT_ab76b514_99235b3a,1,71264,25.366116545280033,0.015460660794622605,0.6870748299319728,0.4770900638247577,64.25566864013672
scene-0555_CAM_FRONT_ab76b514_99235b3a,2,69473,24.285345583545915,0.01528937508166317,0.6819596564494523,0.4662884458802826,65.95049285888672
scene-0555_CAM_FRONT_ab76b514_99235b3a,3,70373,24.801880445925175,0.01586910622970361,0.6891629238568014,0.4826320489585796,65.2619400024414
scene-0555_CAM_FRONT_ab76b514_99235b3a,4,70945,24.88109766032326,0.011840818619766935,0.6927087437291519,0.4859611798387309,66.1470718383789
scene-0555_CAM_FRONT_eeca7e4b_6fc2d998,0,68373,24.643746159885307,0.015674805913156398,0.6977648202137998,0.44911748483177055,67.74995422363281
scene-0555_CAM_FRONT_eeca7e4b_6fc2d998,1,67132,23.49168994224956,0.019765242290970653,0.6887689438709846,0.4408373387965225,68.43201446533203
scene-0555_CAM_FRONT_eeca7e4b_6fc2d998,2,65634,24.237109971829643,0.023940093436981336,0.694612980327266,0.431046936148977,68.47366333007812
scene-0555_CAM_FRONT_eeca7e4b_6fc2d998,3,67332,22.87474279835391,0.01952444923694885,0.7112980327266042,0.4439103826858929,70.6500244140625
scene-0555_CAM_FRONT_eeca7e4b_6fc2d998,4,68313,23.629474696828364,0.02486898541236382,0.7199261944159904,0.45303101935754997,68.34728240966797
scene-0556_CAM_FRONT_17e6f41d_22ab3af7,0,102708,26.007751183056318,0.04193797051757708,0.8746618338455073,0.6801276495154046,66.42861938476562
scene-0556_CAM_FRONT_17e6f41d_22ab3af7,1,99456,24.23175808780345,0.02490682612006556,0.874103695532267,0.6588921282798834,70.48902130126953
scene-0556_CAM_FRONT_17e6f41d_22ab3af7,2,100356,24.436884167729595,0.024379578485410613,0.8746093031807317,0.6644538124129961,69.25618743896484
scene-0556_CAM_FRONT_17e6f41d_22ab3af7,3,99945,24.202182984554064,0.03267052316865593,0.8710109526436057,0.6644472460798991,69.81038665771484
scene-0556_CAM_FRONT_17e6f41d_22ab3af7,4,107507,24.793149594907405,0.03238759275418923,0.868331888740052,0.7155464502403278,68.13478088378906
scene-0556_CAM_FRONT_e58ab79e_2b9bd710,0,108696,22.329776669909204,0.017150740425575295,0.8685485777322512,0.7199852914138628,70.85845184326172
scene-0556_CAM_FRONT_e58ab79e_2b9bd710,1,109484,22.83241687614259,0.017918144802314906,0.8840254248417514,0.721889528011977,68.8460693359375
scene-0556_CAM_FRONT_e58ab79e_2b9bd710,2,122202,23.363076043621014,0.022348965312204205,0.9172051059806162,0.803830798728758,67.65287780761719
scene-0556_CAM_FRONT_e58ab79e_2b9bd710,3,126958,24.289803171933666,0.019042436878676572,0.9555984555984556,0.8336485173219867,65.46866607666016
scene-0556_CAM_FRONT_e58ab79e_2b9bd710,4,135366,23.963129009188624,0.021553428882662873,0.9832295852704016,0.8888582460011032,65.76106262207031
scene-0556_CAM_FRONT_93323e6a_54af38c2,0,146704,17.990283121880204,0.011775518105016758,0.9989953510361673,0.9635043206471778,65.4853744506836
scene-0556_CAM_FRONT_93323e6a_54af38c2,1,138094,18.26746566372085,0.01042511312889749,0.9455191342946445,0.9080056733117957,64.79688262939453
scene-0556_CAM_FRONT_93323e6a_54af38c2,2,130066,18.77253493952977,0.01359888868152992,0.8913206209124577,0.8572544848055053,64.19609832763672
scene-0556_CAM_FRONT_93323e6a_54af38c2,3,120898,18.924633240431884,0.013053077832800852,0.8947810784545478,0.7961087910067501,64.74454498291016
scene-0556_CAM_FRONT_93323e6a_54af38c2,4,123525,18.497458365608058,0.013549787239159006,0.900296798255982,0.812590287080083,65.4946517944336
scene-0556_CAM_FRONT_c9bcbb76_81c86fee,0,126392,18.381884732203968,0.015131748855074845,0.9053003440758542,0.8310482494155964,68.37550354003906
scene-0556_CAM_FRONT_c9bcbb76_81c86fee,1,128553,17.512879716589097,0.012914683716515274,0.9112034775300082,0.8460326215428257,71.36648559570312
scene-0556_CAM_FRONT_c9bcbb76_81c86fee,2,128224,18.53784119405864,0.013499694723861033,0.9115252278517585,0.8437475376250887,69.84178924560547
scene-0556_CAM_FRONT_c9bcbb76_81c86fee,3,126696,19.206146270360318,0.01663403516354256,0.9061408347122633,0.8347779266146613,68.41593933105469
scene-0556_CAM_FRONT_c9bcbb76_81c86fee,4,123662,19.7669255901185,0.018526394482919706,0.901367110550784,0.8144288603472277,68.55504608154297
scene-0556_CAM_FRONT_336a6e0b_e0ae88cc,0,125633,17.83901000494071,0.013388503783103634,0.8990097969689806,0.830371917106611,70.36965942382812
scene-0556_CAM_FRONT_336a6e0b_e0ae88cc,1,124660,18.315772839793503,0.016771854667253727,0.8896921703044152,0.8258739789352034,71.16842651367188
scene-0556_CAM_FRONT_336a6e0b_e0ae88cc,2,116861,18.4449197375171,0.022105144590914616,0.8736637512147716,0.7781827016520894,70.7163314819336
scene-0556_CAM_FRONT_336a6e0b_e0ae88cc,3,109544,18.97792624370278,0.022758603455462767,0.8468993775116224,0.7305308223675571,70.66056060791016
scene-0556_CAM_FRONT_336a6e0b_e0ae88cc,4,98334,18.46739363561261,0.021878939590924684,0.804172248049799,0.6487077456465211,71.35779571533203
scene-0556_CAM_FRONT_3e0f93ea_ccfecd57,0,108877,15.29587000677048,0.016375577462683033,0.814625850340136,0.7404459853439446,71.8519058227539
scene-0556_CAM_FRONT_3e0f93ea_ccfecd57,1,111706,15.205564724454648,0.011888132205134072,0.8353885955926772,0.7640125548288813,72.67155456542969
scene-0556_CAM_FRONT_3e0f93ea_ccfecd57,2,112153,15.347482341609586,0.014669045421253912,0.8508785753683713,0.7713208835657815,73.04562377929688
scene-0556_CAM_FRONT_3e0f93ea_ccfecd57,3,112938,15.45928094015581,0.017483381368153417,0.8627833372731332,0.7679457883539517,72.62008666992188
scene-0556_CAM_FRONT_3e0f93ea_ccfecd57,4,107718,15.574274553571426,0.026721211235781306,0.8568802038189793,0.7335579019252488,70.78462219238281
scene-0556_CAM_FRONT_51f360a3_809dc18a,0,108465,13.946399941180934,0.027129742068338736,0.8458487642161111,0.7393297087174638,71.74874877929688
scene-0556_CAM_FRONT_51f360a3_809dc18a,1,100838,13.546587997873164,0.02953286468946259,0.8289141911590892,0.6881714075591626,72.40052032470703
scene-0556_CAM_FRONT_51f360a3_809dc18a,2,100060,13.701683438969107,0.03234013102507394,0.820758805452683,0.6805150631681244,71.71350860595703
scene-0556_CAM_FRONT_51f360a3_809dc18a,3,98143,13.39524123910127,0.03668914150829661,0.8209098311139127,0.662904157802117,71.17339324951172
scene-0556_CAM_FRONT_51f360a3_809dc18a,4,98383,13.833278265688953,0.04671557380768743,0.8198592178184015,0.6640729650933732,70.33894348144531
scene-0556_CAM_FRONT_e991851a_15db51ec,0,83979,13.294519847024702,0.03760179187442558,0.8192682478396764,0.5650723609907283,69.12824249267578
scene-0556_CAM_FRONT_e991851a_15db51ec,1,82755,13.393933869165839,0.03482515329849356,0.8189464975179261,0.5546450240327792,69.25447845458984
scene-0556_CAM_FRONT_e991851a_15db51ec,2,83189,13.412456995412848,0.031413196775816665,0.8184146245370735,0.5562800409739185,69.44674682617188
scene-0556_CAM_FRONT_e991851a_15db51ec,3,81487,13.203952239557891,0.031604755816364793,0.8186575788616605,0.5420639298190318,70.26669311523438
scene-0556_CAM_FRONT_e991851a_15db51ec,4,82209,13.267172424801364,0.02452646273004433,0.8187757728574055,0.5473826596275576,69.09024810791016
scene-0557_CAM_FRONT_6cb74a87_149a7945,0,122526,23.356771728851434,0.016662176232941528,1.0,0.8064376329682452,65.58094024658203
scene-0557_CAM_FRONT_6cb74a87_149a7945,1,126425,22.662808181532668,0.020520163101400257,1.0,0.832893389015838,65.30791473388672
scene-0557_CAM_FRONT_6cb74a87_149a7945,2,126349,22.12011870155039,0.02087860931248997,1.0,0.8307593307593307,65.88660430908203
scene-0557_CAM_FRONT_6cb74a87_149a7945,3,126230,21.283117904051654,0.02960122092189965,1.0,0.8310613820817903,68.02620697021484
scene-0557_CAM_FRONT_6cb74a87_149a7945,4,125399,21.2804577685743,0.035000439854956156,1.0,0.8256244582775195,68.57329559326172
scene-0557_CAM_FRONT_0fb30231_a9172ca1,0,124064,21.658601612534316,0.01918410720582675,1.0,0.8161164079531427,67.82892608642578
scene-0557_CAM_FRONT_0fb30231_a9172ca1,1,123890,21.54420664612675,0.022674741571037327,1.0,0.815952249625719,67.66436004638672
scene-0557_CAM_FRONT_0fb30231_a9172ca1,2,121743,21.929595754290872,0.020997139237314055,1.0,0.8007446221731936,67.70346069335938
scene-0557_CAM_FRONT_0fb30231_a9172ca1,3,120170,23.39479391163793,0.017100725404981088,1.0,0.7911709085178473,65.13836669921875
scene-0557_CAM_FRONT_0fb30231_a9172ca1,4,116501,23.405444115990996,0.02779973794619961,1.0,0.7660415517558374,65.25970458984375
scene-0557_CAM_FRONT_208cac53_f0bd504c,0,115963,22.958272702870705,0.03374611287326923,1.0,0.7645378614766369,67.3085708618164
scene-0557_CAM_FRONT_208cac53_f0bd504c,1,112841,24.304494357638884,0.031618667629091046,1.0,0.7444974128647598,64.04237365722656
scene-0557_CAM_FRONT_208cac53_f0bd504c,2,108067,23.940121220146377,0.033071042476231494,1.0,0.7138129383027342,63.68829345703125
scene-0557_CAM_FRONT_208cac53_f0bd504c,3,102536,24.594817370903204,0.028964678794552334,1.0,0.6770874372915189,61.80232620239258
scene-0557_CAM_FRONT_208cac53_f0bd504c,4,97212,23.950343005270387,0.031116811534167343,1.0,0.6426404538649436,63.24334716796875
scene-0557_CAM_FRONT_56a74470_6b4baeae,0,95032,24.497258178076255,0.02326578771053378,1.0,0.6276166837391327,62.6590461730957
scene-0557_CAM_FRONT_56a74470_6b4baeae,1,90913,24.740038917716834,0.013919066295193794,1.0,0.6017912956688467,61.86347961425781
scene-0557_CAM_FRONT_56a74470_6b4baeae,2,86245,24.94576094589643,0.012745300819067218,1.0,0.5697935544874321,63.370887756347656
scene-0557_CAM_FRONT_56a74470_6b4baeae,3,81565,26.050014856795,0.0158599536638393,1.0,0.5375594253145274,63.2568359375
scene-0557_CAM_FRONT_56a74470_6b4baeae,4,75723,27.285080178919173,0.0189330917461632,1.0,0.49862763638273844,63.850215911865234
scene-0557_CAM_FRONT_f3697fc3_43d1d341,0,74877,34.60655908677185,0.02175898345749916,1.0,0.49207443595198697,64.84320831298828
scene-0557_CAM_FRONT_f3697fc3_43d1d341,1,69390,34.18055112670067,0.018862098394865745,1.0,0.4561894255771807,64.7294921875
scene-0557_CAM_FRONT_f3697fc3_43d1d341,2,68744,34.80424561651583,0.015482581426228936,1.0,0.45177028340293646,65.1443099975586
scene-0557_CAM_FRONT_f3697fc3_43d1d341,3,69610,35.27402320415173,0.02636467818872834,1.0,0.45708244687836525,64.46900939941406
scene-0557_CAM_FRONT_f3697fc3_43d1d341,4,70173,34.95271129773055,0.030128635424489847,1.0,0.4607792924119455,65.99371337890625
scene-0557_CAM_FRONT_af4ba275_87a383dc,0,68452,28.41288010103011,0.03591241227234554,1.0,0.4494786331521025,66.29300689697266
scene-0557_CAM_FRONT_af4ba275_87a383dc,1,67243,30.319668428800853,0.05122476063703241,1.0,0.44153993643789563,65.151611328125
scene-0557_CAM_FRONT_af4ba275_87a383dc,2,65974,28.922754369075832,0.04876035608818796,1.0,0.433207259737872,66.06137084960938
scene-0557_CAM_FRONT_af4ba275_87a383dc,3,65844,29.00271297995483,0.04790616283468685,1.0,0.4323536364352691,65.79495239257812
scene-0557_CAM_FRONT_af4ba275_87a383dc,4,65822,29.545932775140642,0.04975288371089048,1.0,0.4322091771071363,65.35081481933594
scene-0557_CAM_FRONT_1c4e3d00_642083b2,0,66828,29.866284600619604,0.048137848355600754,1.0,0.4388149082026633,66.20985412597656
scene-0557_CAM_FRONT_1c4e3d00_642083b2,1,66113,30.88391560139453,0.04975117283674502,1.0,0.4341199800383474,65.13359069824219
scene-0557_CAM_FRONT_1c4e3d00_642083b2,2,65610,30.20096024971783,0.04991580165975629,1.0,0.43081711449058385,65.45277404785156
scene-0557_CAM_FRONT_1c4e3d00_642083b2,3,64748,29.893508333333337,0.048494963696941396,1.0,0.425156935361017,66.0417251586914
scene-0557_CAM_FRONT_1c4e3d00_642083b2,4,65287,29.74413729770017,0.04883935268593298,1.0,0.4287749848974339,66.15943908691406
scene-0557_CAM_FRONT_b4accdca_3e3a8dac,0,63644,27.53840551274734,0.04593609802057497,1.0,0.4184921072676175,65.44448852539062
scene-0557_CAM_FRONT_b4accdca_3e3a8dac,1,64652,27.404194505708357,0.037129769307134186,1.0,0.4247366900428125,64.91122436523438
scene-0557_CAM_FRONT_b4accdca_3e3a8dac,2,65483,29.337603220882894,0.03695729354956567,1.0,0.4299831901872718,62.746360778808594
scene-0557_CAM_FRONT_b4accdca_3e3a8dac,3,63766,27.21759352928193,0.03300085646851603,1.0,0.41870879625981666,64.95703887939453
scene-0557_CAM_FRONT_b4accdca_3e3a8dac,4,62404,26.215846434542183,0.03088299956774776,1.0,0.4097654505817771,67.00332641601562
scene-0558_CAM_FRONT_b4b5e858_1bcca0ca,0,56254,23.573796126352402,0.0427724730963448,1.0,0.3693825020355633,63.85083770751953
scene-0558_CAM_FRONT_b4b5e858_1bcca0ca,1,69483,21.779885695901328,0.03590399133743638,1.0,0.45657683922990044,65.21505737304688
scene-0558_CAM_FRONT_b4b5e858_1bcca0ca,2,79700,21.35849129767502,0.03574988326466011,1.0,0.5233367478265437,65.18087768554688
scene-0558_CAM_FRONT_b4b5e858_1bcca0ca,3,77982,20.832801934168653,0.05247884809127057,1.0,0.5120557875659917,65.98373413085938
scene-0558_CAM_FRONT_b4b5e858_1bcca0ca,4,69260,22.456721393327065,0.061130035589348486,1.0,0.4547842302944344,63.13609313964844
scene-0558_CAM_FRONT_5471bd11_354d9848,0,64506,32.71528622787611,0.06501776473357213,1.0,0.4235678827515562,63.838680267333984
scene-0558_CAM_FRONT_5471bd11_354d9848,1,61349,35.06933272864183,0.06184094704294152,1.0,0.40283796916449977,62.09989929199219
scene-0558_CAM_FRONT_5471bd11_354d9848,2,60095,34.506461799918846,0.07103650125336536,1.0,0.39460378746093033,62.211448669433594
scene-0558_CAM_FRONT_5471bd11_354d9848,3,57588,32.47721630533656,0.06386588540514082,1.0,0.37814199038688834,62.8307991027832
scene-0558_CAM_FRONT_5471bd11_354d9848,4,56170,32.95064405487804,0.05799679728901097,1.0,0.36883093005541984,61.975929260253906
scene-0558_CAM_FRONT_eae74c5f_befff2eb,0,107080,33.88498878985828,0.0531160851131216,1.0,0.7035234943398209,63.27507400512695
scene-0558_CAM_FRONT_eae74c5f_befff2eb,1,109852,32.86023656067014,0.041377170992393575,1.0,0.7219026606781709,63.63884353637695
scene-0558_CAM_FRONT_eae74c5f_befff2eb,2,115351,31.32327162516383,0.041063095553706574,0.9951212145089696,0.7590812386730754,65.69322204589844
scene-0558_CAM_FRONT_eae74c5f_befff2eb,3,114995,30.507261658944397,0.04538694359492235,0.9636159483098259,0.7567107924250781,66.41490173339844
scene-0558_CAM_FRONT_eae74c5f_befff2eb,4,108986,28.070784008229964,0.023093807198681482,0.9227011267827594,0.7157762718987208,68.73296356201172
scene-0558_CAM_FRONT_193eb290_50f3aba5,0,62067,31.25450997759205,0.022904839574862113,0.8786804297008378,0.40755259632810653,69.24190521240234
scene-0558_CAM_FRONT_193eb290_50f3aba5,1,64928,32.70601659134157,0.023434128590176684,0.8481141491345573,0.42633887531846715,68.35273742675781
scene-0558_CAM_FRONT_193eb290_50f3aba5,2,65036,31.498268385359864,0.021063442462371018,0.8572479184724082,0.4270480392929373,66.60757446289062
scene-0558_CAM_FRONT_193eb290_50f3aba5,3,72541,31.93460312862108,0.020967093801764758,0.8598941507104773,0.476328369185512,67.31529235839844
scene-0558_CAM_FRONT_193eb290_50f3aba5,4,73680,30.63160822574335,0.021963789736265227,0.8589354660783233,0.4838074225829328,67.12715148925781
scene-0558_CAM_FRONT_c4066c80_17cdd19d,0,94939,28.06873731393776,0.02522448473474892,0.855960917185407,0.6248456911722218,68.24229431152344
scene-0558_CAM_FRONT_c4066c80_17cdd19d,1,98010,28.242776227678572,0.02250790803158953,0.8579111181151997,0.6452866861030127,68.64266967773438
scene-0558_CAM_FRONT_c4066c80_17cdd19d,2,99524,29.136055974207586,0.01984970260934693,0.855836156856565,0.6556155280645076,67.85194396972656
scene-0558_CAM_FRONT_c4066c80_17cdd19d,3,98679,29.037730279952353,0.025749894806979423,0.8549825335539621,0.6497649252751293,68.03624725341797
scene-0558_CAM_FRONT_c4066c80_17cdd19d,4,95736,30.27040205430652,0.017920137232242395,0.8483702361253381,0.6309917789509626,64.88636016845703
scene-0558_CAM_FRONT_bce683c6_47e1c528,0,80097,24.295028895547944,0.013891739086083987,0.8493354870905891,0.5276902266698185,65.51750946044922
scene-0558_CAM_FRONT_bce683c6_47e1c528,1,81889,23.269454248801278,0.011080182807686523,0.8451199012423503,0.5404157802116986,67.21837615966797
scene-0558_CAM_FRONT_bce683c6_47e1c528,2,87900,23.482924860462095,0.008271074365159503,0.8401885850865443,0.5808578257557849,66.45526123046875
scene-0558_CAM_FRONT_bce683c6_47e1c528,3,90071,23.626926900904845,0.010446527050419263,0.8381595881595881,0.5962558768681218,67.18220520019531
scene-0558_CAM_FRONT_bce683c6_47e1c528,4,90991,22.843398232984296,0.015879858959918725,0.8377984398392562,0.6029666692931999,68.50079345703125
scene-0558_CAM_FRONT_85bd28ee_05687786,0,59021,14.616389694026411,0.00978058214613542,0.8390985737924513,0.3893244556509863,68.8218994140625
scene-0558_CAM_FRONT_85bd28ee_05687786,1,61804,14.924423186780642,0.017545690424073834,0.8429333123210674,0.4090234549418223,68.159912109375
scene-0558_CAM_FRONT_85bd28ee_05687786,2,64960,14.875321863295879,0.013120393680049691,0.8477398681480314,0.42884721456150027,67.08382415771484
scene-0558_CAM_FRONT_85bd28ee_05687786,3,69517,14.616208934979497,0.011084621306963083,0.8548118088934415,0.4616985790455178,67.19755554199219
scene-0558_CAM_FRONT_85bd28ee_05687786,4,72078,15.145458013720832,0.012648270645148063,0.8626651432773882,0.4780618811231056,66.68407440185547
scene-0558_CAM_FRONT_80be8bec_74599f5d,0,46424,12.362706127850165,0.034155731610453266,0.8654689675097839,0.30689070995193446,68.02025604248047
scene-0558_CAM_FRONT_80be8bec_74599f5d,1,41888,12.557673964389533,0.02369676172167523,0.8602684316970032,0.2775851653402674,67.33892059326172
scene-0558_CAM_FRONT_80be8bec_74599f5d,2,41791,12.447764507503193,0.024989078891513916,0.8586925117537363,0.2759961127308066,67.89474487304688
scene-0558_CAM_FRONT_80be8bec_74599f5d,3,40335,12.26648383822611,0.03220804891358808,0.8553962125390697,0.2664486644078481,67.91571807861328
scene-0558_CAM_FRONT_80be8bec_74599f5d,4,29201,12.961878994217896,0.034418023061775216,0.851876657999107,0.19289916738896332,66.44747161865234
scene-0559_CAM_FRONT_029af235_4ffbb895,0,71627,39.80957529496174,0.010686530511901715,0.8805649672996612,0.47395135660441784,62.93974685668945
scene-0559_CAM_FRONT_029af235_4ffbb895,1,69347,37.65261000862814,0.014231256030562633,0.8837233735192919,0.4601751897670265,61.76227569580078
scene-0559_CAM_FRONT_029af235_4ffbb895,2,65669,36.291194129419594,0.013714953609527125,0.8876500407112652,0.43425787303338326,65.23014831542969
scene-0559_CAM_FRONT_029af235_4ffbb895,3,64046,39.24622727463135,0.010375318836523428,0.8908281459301868,0.43357497439130094,62.55657958984375
scene-0559_CAM_FRONT_029af235_4ffbb895,4,64056,38.37674028445514,0.018271668213955206,0.8925550915346834,0.43675307961022247,64.58512878417969
scene-0559_CAM_FRONT_9229caee_d61b0d89,0,80140,33.43060220729367,0.015922607231574126,0.8962322380689728,0.532792267486145,63.510292053222656
scene-0559_CAM_FRONT_9229caee_d61b0d89,1,81624,32.29090259411949,0.028050711882006585,0.8838481338481339,0.5400808972237544,66.74371337890625
scene-0559_CAM_FRONT_9229caee_d61b0d89,2,87674,31.86619914010066,0.03299001693067649,0.884189583169175,0.5778964095290626,68.83010864257812
scene-0559_CAM_FRONT_9229caee_d61b0d89,3,83803,33.27707284098415,0.02748603740240929,0.8817272082578205,0.5515719801434087,66.94007110595703
scene-0559_CAM_FRONT_9229caee_d61b0d89,4,78930,36.56961210448253,0.03511835016038933,0.8805584009665642,0.5194691776324429,64.875732421875
scene-0559_CAM_FRONT_357116a6_4454f64f,0,76384,33.187516889283515,0.031151128703687414,0.876986315761826,0.5019895989283745,65.70257568359375
scene-0559_CAM_FRONT_357116a6_4454f64f,1,77266,33.24414781089036,0.037693558608702604,0.8722716885982192,0.5076235127255535,67.41236114501953
scene-0559_CAM_FRONT_357116a6_4454f64f,2,78656,32.994199281150166,0.03731788975174788,0.8735783888845113,0.5170330680534763,66.36146545410156
scene-0559_CAM_FRONT_357116a6_4454f64f,3,79434,33.08971470424106,0.0424397924911466,0.8693496703700785,0.5222861345310325,65.29791259765625
scene-0559_CAM_FRONT_357116a6_4454f64f,4,81769,33.75004812047102,0.03867841793443594,0.86592861082657,0.5375397263152365,65.41554260253906
scene-0559_CAM_FRONT_ba887e56_68df1fb2,0,77909,24.45368042349327,0.05804261662080901,0.8623499592887348,0.5120886192314764,63.02939987182617
scene-0559_CAM_FRONT_ba887e56_68df1fb2,1,79835,23.392611710482804,0.10897049816050863,0.8604719880230084,0.5250768260972343,64.2383041381836
scene-0559_CAM_FRONT_ba887e56_68df1fb2,2,79329,22.549324006977994,0.08355027689128303,0.8553699472066819,0.5209925669109342,64.79423522949219
scene-0559_CAM_FRONT_ba887e56_68df1fb2,3,77111,23.028253079281413,0.06532187570165293,0.8563089328395451,0.5064415727681034,65.68045806884766
scene-0559_CAM_FRONT_ba887e56_68df1fb2,4,74241,23.033689106652282,0.05396967362357552,0.8505896567121057,0.48749113545031914,65.73588562011719
scene-0559_CAM_FRONT_2fdf63c9_83956bb0,0,82737,27.93483838848039,0.029735670285646165,0.845146166574738,0.5572255929398786,65.73829650878906
scene-0559_CAM_FRONT_2fdf63c9_83956bb0,1,84685,29.71541090063521,0.03388497308809413,0.8438985632863184,0.5722624957318835,64.57960510253906
scene-0559_CAM_FRONT_2fdf63c9_83956bb0,2,85015,27.654073853806235,0.03656315137675925,0.841173535051086,0.5748890289706616,66.22615051269531
scene-0559_CAM_FRONT_2fdf63c9_83956bb0,3,85030,26.80546989636831,0.03520454604072065,0.8382449504898485,0.5753880702860295,65.77901458740234
scene-0559_CAM_FRONT_2fdf63c9_83956bb0,4,89408,26.79785847621682,0.026713142872583306,0.8370104798676227,0.6055735035326872,65.36622619628906
scene-0559_CAM_FRONT_f7d0d2a3_c10534ca,0,91527,24.45038607470879,0.01792906581500331,0.8331100780080372,0.615560896173141,65.42245483398438
scene-0559_CAM_FRONT_f7d0d2a3_c10534ca,1,95739,24.51385405724789,0.030073702697758886,0.8243374569905182,0.6360215901032228,67.44542694091797
scene-0559_CAM_FRONT_f7d0d2a3_c10534ca,2,94048,23.28151648664014,0.020774668290810983,0.8251385496283455,0.62770861240249,67.67615509033203
scene-0559_CAM_FRONT_f7d0d2a3_c10534ca,3,98667,23.81920585607537,0.027994308031887183,0.8355855855855856,0.6580122396448927,67.5263442993164
scene-0559_CAM_FRONT_f7d0d2a3_c10534ca,4,93921,23.56713132649158,0.03058326300937031,0.8269311585638116,0.6457594620859927,68.10892486572266
scene-0559_CAM_FRONT_c6b4dc34_6939d4b4,0,94103,18.744518970369587,0.016242114666398688,0.841416489375673,0.6829774380794789,67.97746276855469
scene-0559_CAM_FRONT_c6b4dc34_6939d4b4,1,98434,18.411871923159246,0.020562480912518222,0.8581409397735928,0.7232684579623355,71.00592803955078
scene-0559_CAM_FRONT_c6b4dc34_6939d4b4,2,109595,19.75030329848087,0.024466806617652104,0.8928243111916582,0.8026422924382108,68.87540435791016
scene-0559_CAM_FRONT_c6b4dc34_6939d4b4,3,102049,19.218699626318873,0.019682319913387314,0.8764413101147795,0.7380033094318809,68.76655578613281
scene-0559_CAM_FRONT_c6b4dc34_6939d4b4,4,103130,19.160070518256187,0.013087615492832327,0.8739132718724556,0.7103524807606441,70.97553253173828
scene-0559_CAM_FRONT_c142d321_b83d58a6,0,84760,18.03885787346459,0.01372745208053372,0.8627111076090668,0.5715533317574134,71.39714813232422
scene-0559_CAM_FRONT_c142d321_b83d58a6,1,92483,19.671393989833902,0.012137516650386093,0.8850629054710687,0.6309852126178657,69.20268249511719
scene-0559_CAM_FRONT_c142d321_b83d58a6,2,94818,19.82721830985916,0.015691247694416655,0.8915635752370447,0.6435137761668374,68.6958236694336
scene-0559_CAM_FRONT_c142d321_b83d58a6,3,91970,20.239379238884705,0.023393589053256836,0.8907624825992173,0.624228455861109,67.8643798828125
scene-0559_CAM_FRONT_c142d321_b83d58a6,4,97837,19.597847732843142,0.020859082942085827,0.9065873453628556,0.6478081580122397,68.3988037109375
scene-0560_CAM_FRONT_5c558d97_a4060a0e,0,98804,16.980143011135297,0.018830709571434845,0.9144735114122869,0.6547028077640322,69.57884979248047
scene-0560_CAM_FRONT_5c558d97_a4060a0e,1,99349,17.053045926113356,0.014249470798467723,0.907624825992173,0.6595618942557718,70.46260070800781
scene-0560_CAM_FRONT_5c558d97_a4060a0e,2,102337,16.930203419811324,0.0210489991827707,0.9051558847477215,0.6859454206392982,70.29306030273438
scene-0560_CAM_FRONT_5c558d97_a4060a0e,3,105228,17.62575180590452,0.02267099889548585,0.9022732645181625,0.708435111496336,69.07255554199219
scene-0560_CAM_FRONT_5c558d97_a4060a0e,4,106987,18.14937695786176,0.028788549544078723,0.8921414125495758,0.7212985580332519,67.75202941894531
scene-0560_CAM_FRONT_ecba6710_99d384fe,0,104081,20.026799093059935,0.01095826437097669,0.8816090142620755,0.6985330811861424,69.17886352539062
scene-0560_CAM_FRONT_ecba6710_99d384fe,1,96342,20.002492607097185,0.010995982102810498,0.8759488351325087,0.6410251359230951,68.17375946044922
scene-0560_CAM_FRONT_ecba6710_99d384fe,2,88328,18.90115235831469,0.015096067522244017,0.8639127465658077,0.5888687521340582,67.77928924560547
scene-0560_CAM_FRONT_ecba6710_99d384fe,3,72266,18.332289480587622,0.017074247620053384,0.8660993354870906,0.47452262758385205,68.52668762207031
scene-0560_CAM_FRONT_ecba6710_99d384fe,4,67287,17.76446924385426,0.0195215556945314,0.8740839965329761,0.4418288550941612,71.84307098388672
scene-0560_CAM_FRONT_f779f508_91e84099,0,73932,24.894171324525747,0.0278401250550242,0.8846557928190582,0.48570509284795,70.0427474975586
scene-0560_CAM_FRONT_f779f508_91e84099,1,79479,24.6657954465788,0.03625386382372886,0.8885955926772253,0.5237569931447482,72.31428527832031
scene-0560_CAM_FRONT_f779f508_91e84099,2,74866,22.791517619680853,0.04290562951535626,0.8826990255561684,0.4925275129356762,74.58981323242188
scene-0560_CAM_FRONT_f779f508_91e84099,3,73406,24.122117660984845,0.03376697149797314,0.8862054474299372,0.48300632994510545,72.69342803955078
scene-0560_CAM_FRONT_f779f508_91e84099,4,74962,24.667416964841316,0.03944415513914046,0.8924434638720353,0.49279673259265094,72.6939468383789
scene-0560_CAM_FRONT_65877dfa_354b8f68,0,71925,21.743017549620543,0.020980320354722526,0.8922793055446117,0.4723360386625693,72.20826721191406
scene-0560_CAM_FRONT_65877dfa_354b8f68,1,71113,22.402482488161013,0.020125550821806115,0.8884642660152864,0.4671026711843038,71.41593933105469
scene-0560_CAM_FRONT_65877dfa_354b8f68,2,71555,22.617160958733017,0.020946032562360273,0.8878273317048827,0.46987366375121475,70.07061767578125
scene-0560_CAM_FRONT_65877dfa_354b8f68,3,71742,21.927857710885952,0.01885008664941701,0.8876434743781683,0.4712394610353794,71.8048324584961
scene-0560_CAM_FRONT_65877dfa_354b8f68,4,71048,21.268602841469434,0.025494222556045498,0.8877419693746225,0.46655766553725736,72.33769989013672
scene-0560_CAM_FRONT_e11f179b_00bf6d20,0,73526,23.41414830202312,0.03289302065526023,0.887906127702046,0.4845625508890815,72.31583404541016
scene-0560_CAM_FRONT_e11f179b_00bf6d20,1,72856,23.246446825681492,0.03660642230590172,0.8879717910330155,0.4800777453838678,72.36505889892578
scene-0560_CAM_FRONT_e11f179b_00bf6d20,2,71812,23.804707654197927,0.030571454733182346,0.8876500407112652,0.4729467076405852,72.1897201538086
scene-0560_CAM_FRONT_e11f179b_00bf6d20,3,68861,23.664127006880726,0.022340329589050967,0.8874924487169386,0.45234812071546765,71.55109405517578
scene-0560_CAM_FRONT_e11f179b_00bf6d20,4,71924,24.21251563477173,0.022774585458285035,0.887308591390224,0.4728876106427127,70.26315307617188
scene-0560_CAM_FRONT_3801084b_17c2afd5,0,65785,22.136792298640177,0.017186564730928833,0.8873808210542904,0.4319662227825493,71.34356689453125
scene-0560_CAM_FRONT_3801084b_17c2afd5,1,67456,21.964979306834277,0.018347761904404347,0.8873282903895149,0.442938565387545,71.81485748291016
scene-0560_CAM_FRONT_3801084b_17c2afd5,2,66754,22.275526503584707,0.018965369825547196,0.8876500407112652,0.4383552648858771,71.35691833496094
scene-0560_CAM_FRONT_3801084b_17c2afd5,3,64938,22.411477777420195,0.01963120623063519,0.8879389593675308,0.4264439366480183,70.81828308105469
scene-0560_CAM_FRONT_3801084b_17c2afd5,4,66447,22.367835482260343,0.02181366408192087,0.8873348567226118,0.43639849762298744,71.60619354248047
scene-0560_CAM_FRONT_b94fd1ca_697cc6a7,0,76695,22.566394828216374,0.027580783802685804,0.8874399180521629,0.5048853518241273,70.77384948730469
scene-0560_CAM_FRONT_b94fd1ca_697cc6a7,1,76607,22.514611179091364,0.02435639166412651,0.8871116013973157,0.5041236571848817,70.93148803710938
scene-0560_CAM_FRONT_b94fd1ca_697cc6a7,2,73146,21.6989797108209,0.026272708443244364,0.8870984687311217,0.480301000709164,72.15274047851562
scene-0560_CAM_FRONT_b94fd1ca_697cc6a7,3,75467,22.68328930605516,0.019402688516973576,0.8870262390670554,0.496513277125522,70.61446380615234
scene-0560_CAM_FRONT_b94fd1ca_697cc6a7,4,83220,23.481535721117062,0.030662718069056183,0.886954009402989,0.5486368292490742,70.32955932617188
scene-0560_CAM_FRONT_89c5cbeb_f457a12f,0,75895,18.3058590983534,0.016979235654044356,0.8920494838862186,0.4994090300212749,70.23912811279297
scene-0560_CAM_FRONT_89c5cbeb_f457a12f,1,83041,19.26723685048396,0.020762540450613987,0.8963044677330392,0.5460628266750716,69.04367065429688
scene-0560_CAM_FRONT_89c5cbeb_f457a12f,2,81987,18.087168874172182,0.01597489911520622,0.8958316917500591,0.5393454679168965,68.79542541503906
scene-0560_CAM_FRONT_89c5cbeb_f457a12f,3,75795,18.605536537418658,0.029603625518509258,0.8972171880335146,0.49896251937068264,69.29854583740234
scene-0560_CAM_FRONT_89c5cbeb_f457a12f,4,69055,18.548116238317757,0.023076353825632,0.8878207653717858,0.45343813200956057,69.83499908447266
scene-0561_CAM_FRONT_9eebbe06_25f8552b,0,71603,23.64456535426461,0.02241104778088454,0.8887203530060673,0.4701822814067712,73.40618896484375
scene-0561_CAM_FRONT_9eebbe06_25f8552b,1,70879,23.77684062952244,0.02309596114237422,0.8887794500039398,0.4654282562445828,73.43363189697266
scene-0561_CAM_FRONT_9eebbe06_25f8552b,2,71656,23.760493223777043,0.026493415108885365,0.8887794500039398,0.4708454810495627,72.48418426513672
scene-0561_CAM_FRONT_9eebbe06_25f8552b,3,70412,24.03893771701388,0.02550669821414364,0.8886809550074857,0.46239461035379403,72.6921157836914
scene-0561_CAM_FRONT_9eebbe06_25f8552b,4,69538,24.233852966589858,0.02489369095100935,0.8885758936779345,0.4566096708953852,72.10343170166016
scene-0561_CAM_FRONT_d3087b20_12f0d5cf,0,70348,23.639598193405057,0.02464756858850703,0.8887334856722612,0.46193496703700787,73.06835174560547
scene-0561_CAM_FRONT_d3087b20_12f0d5cf,1,72167,23.71417270425977,0.028504622825229475,0.8888976439996848,0.4738922596065453,73.04328155517578
scene-0561_CAM_FRONT_d3087b20_12f0d5cf,2,71182,23.022551656420767,0.027243238082735655,0.8886809550074857,0.4674572531715389,73.93144989013672
scene-0561_CAM_FRONT_d3087b20_12f0d5cf,3,68522,23.172995233050838,0.025526399577332937,0.8888648123342001,0.44993827646888873,72.92986297607422
scene-0561_CAM_FRONT_d3087b20_12f0d5cf,4,70687,23.13073109389454,0.027474846155671084,0.8886481233420009,0.46415438762377537,73.47747039794922
scene-0561_CAM_FRONT_cefdde03_781696f7,0,67397,23.079453685035848,0.011016848419799441,0.8884314343498017,0.4425511517348252,71.69686126708984
scene-0561_CAM_FRONT_cefdde03_781696f7,1,69614,23.810517123095885,0.01391955553557489,0.8883001076878628,0.4571218448769469,70.97933197021484
scene-0561_CAM_FRONT_cefdde03_781696f7,2,69678,23.055582524271845,0.015330838812327885,0.8890618023271084,0.4578704068499987,71.64259338378906
scene-0561_CAM_FRONT_cefdde03_781696f7,3,68708,22.40117941039204,0.01634163103895747,0.8886218580096131,0.45133690541853805,72.95441436767578
scene-0561_CAM_FRONT_cefdde03_781696f7,4,68993,22.794963901472254,0.01775236314975759,0.8887006540067764,0.45303101935754997,72.5510482788086
scene-0561_CAM_FRONT_b9c1ea3e_8a51ed03,0,66246,22.828360574287284,0.02239840071323229,0.8888516796680062,0.43499330234024114,72.81271362304688
scene-0561_CAM_FRONT_b9c1ea3e_8a51ed03,1,66241,23.939175322024678,0.02461859454835391,0.8890683686602054,0.4349604706747564,73.22636413574219
scene-0561_CAM_FRONT_b9c1ea3e_8a51ed03,2,64255,23.639803528577662,0.02378917907679501,0.8891405983242718,0.42191973314422293,73.75679016113281
scene-0561_CAM_FRONT_b9c1ea3e_8a51ed03,3,64908,24.304820920303612,0.026634331164022473,0.8893310219840832,0.42620754865652827,72.36491394042969
scene-0561_CAM_FRONT_b9c1ea3e_8a51ed03,4,64935,23.928201961626577,0.024472520364069883,0.8891602973235626,0.4263848396501458,73.34912109375
scene-0561_CAM_FRONT_85196a97_778c13dd,0,65474,24.45827052696079,0.023967643283012485,0.8889107766658787,0.42992409318939934,73.54119110107422
scene-0561_CAM_FRONT_85196a97_778c13dd,1,65071,24.956918677953887,0.023177209532314613,0.888871378667297,0.42727786095133036,72.17218017578125
scene-0561_CAM_FRONT_85196a97_778c13dd,2,65073,24.27127261314133,0.023471543720496424,0.8889698736637512,0.4272909936175242,73.68107604980469
scene-0561_CAM_FRONT_85196a97_778c13dd,3,64826,24.650734046164292,0.027086046956257936,0.8891077666587871,0.42566910934257873,72.97924041748047
scene-0561_CAM_FRONT_85196a97_778c13dd,4,63930,24.88168347837553,0.02583829872349308,0.8875187140493263,0.41978567488771573,72.7362289428711
scene-0561_CAM_FRONT_4c9fcbb0_3f3cf325,0,82282,21.804917971101748,0.024542371341797153,0.8858311664434113,0.545412759698474,72.69457244873047
scene-0561_CAM_FRONT_4c9fcbb0_3f3cf325,1,77231,20.32944028012387,0.02410859689945255,0.8814645549339427,0.5090221416752029,74.34678649902344
scene-0561_CAM_FRONT_4c9fcbb0_3f3cf325,2,81947,20.28733883047462,0.029076413421104785,0.8838612665143277,0.5435676200982323,75.83866882324219
scene-0561_CAM_FRONT_4c9fcbb0_3f3cf325,3,83101,21.85967851459614,0.03098443794950434,0.8869999737346677,0.5543429727103196,74.90866088867188
scene-0561_CAM_FRONT_4c9fcbb0_3f3cf325,4,84459,20.79230883224659,0.032945314623481714,0.9007498752396712,0.5582105429044204,75.54402923583984
scene-0561_CAM_FRONT_e7956e3f_67aad7ad,0,91960,20.47323625124564,0.041918486242785935,0.9070207233472539,0.6168807291256271,74.03388977050781
scene-0561_CAM_FRONT_e7956e3f_67aad7ad,1,95802,21.996230319085246,0.04161676013043003,0.9151629763874661,0.6407559162661204,73.45372772216797
scene-0561_CAM_FRONT_e7956e3f_67aad7ad,2,100330,22.084741626871455,0.04261061240567443,0.92491398103643,0.6680718619494129,71.48871612548828
scene-0561_CAM_FRONT_e7956e3f_67aad7ad,3,101516,23.27195967134973,0.03673785441668431,0.9275733459406929,0.6775930449399837,71.44342803955078
scene-0561_CAM_FRONT_e7956e3f_67aad7ad,4,111405,25.061951171875005,0.04312493797586914,0.9389265358653114,0.7436043915635753,70.0202865600586
scene-0561_CAM_FRONT_33acbf66_79df0c60,0,120887,20.817703702880507,0.04144384051603556,0.9927770335933601,0.8022877104509758,73.38806915283203
scene-0561_CAM_FRONT_33acbf66_79df0c60,1,113758,21.023536711050046,0.03422851560817586,0.9962112258030625,0.7500393979985817,73.93254089355469
scene-0561_CAM_FRONT_33acbf66_79df0c60,2,99309,20.23425583311789,0.0234118725814918,0.99410999921204,0.6536915924671026,76.32390594482422
scene-0561_CAM_FRONT_33acbf66_79df0c60,3,90166,20.327498836848633,0.03299157924112239,0.9868476348068185,0.5995259107504005,73.53680419921875
scene-0561_CAM_FRONT_33acbf66_79df0c60,4,86785,21.469865396249244,0.022159258755959588,0.9462479972684055,0.5732474456964253,73.40509796142578
scene-0562_CAM_FRONT_e493c692_c79d5105,0,79666,24.012279904974843,0.017096017802349817,0.8148294066661413,0.5232054211646049,69.85493469238281
scene-0562_CAM_FRONT_e493c692_c79d5105,1,80257,24.54561218779453,0.021464961232550372,0.8112310561290154,0.5271452210227721,68.22432708740234
scene-0562_CAM_FRONT_e493c692_c79d5105,2,83310,25.058804120606585,0.02171673852945344,0.8198460851522076,0.5472316339663278,68.28213500976562
scene-0562_CAM_FRONT_e493c692_c79d5105,3,82491,24.973629151044456,0.018317638033220618,0.8234707010217215,0.5426877314632417,68.91846466064453
scene-0562_CAM_FRONT_e493c692_c79d5105,4,83363,24.47239742831292,0.023962136266444833,0.834942084942085,0.5499435295353663,68.91908264160156
scene-0562_CAM_FRONT_1a4601bb_b6fd3363,0,83776,22.353721144509183,0.02383830855205704,0.8335106243269509,0.5552294276784072,70.53439331054688
scene-0562_CAM_FRONT_1a4601bb_b6fd3363,1,88410,23.527333175419606,0.02951287492690513,0.8421125206839493,0.5887111601397316,68.58415985107422
scene-0562_CAM_FRONT_1a4601bb_b6fd3363,2,99206,23.021551780829128,0.026823783438502113,0.8710043863105088,0.6652877367163081,70.89436340332031
scene-0562_CAM_FRONT_1a4601bb_b6fd3363,3,104405,23.308181263199575,0.03530362235732998,0.8867964174086623,0.7062288235757623,68.21141815185547
scene-0562_CAM_FRONT_1a4601bb_b6fd3363,4,105799,23.985573089988907,0.0563637396693073,0.9015509678774984,0.7162096498831193,68.796630859375
scene-0562_CAM_FRONT_aa4dc9c8_ef8800a2,0,111741,22.22228395893199,0.027883271347994842,0.9049260630893284,0.7457581488193733,68.39540100097656
scene-0562_CAM_FRONT_aa4dc9c8_ef8800a2,1,106252,22.130440848214292,0.03007410805230326,0.8926338875318467,0.7137735403041525,68.87556457519531
scene-0562_CAM_FRONT_aa4dc9c8_ef8800a2,2,105106,21.842369342672416,0.023602501671210696,0.8996795629448691,0.7054868279358075,69.54338836669922
scene-0562_CAM_FRONT_aa4dc9c8_ef8800a2,3,97766,21.486274888202725,0.028768155297364206,0.8991345572978227,0.6523454941822289,68.8851318359375
scene-0562_CAM_FRONT_aa4dc9c8_ef8800a2,4,93117,21.863088911802034,0.03234442418970129,0.899206786961889,0.625771544138891,69.62068939208984
scene-0562_CAM_FRONT_8c31c49f_964b2b96,0,111246,25.664135742187508,0.053467622643090795,0.90088120190161,0.7611430672655163,69.33429718017578
scene-0562_CAM_FRONT_8c31c49f_964b2b96,1,111931,26.008937084768693,0.0452010290545064,0.9170409476531926,0.7601646836340714,67.8916244506836
scene-0562_CAM_FRONT_8c31c49f_964b2b96,2,112466,25.433306243866532,0.03973234281471849,0.9198841698841699,0.7664683634071389,68.46871185302734
scene-0562_CAM_FRONT_8c31c49f_964b2b96,3,111200,26.546651565581847,0.034735111154824416,0.9304822315026396,0.7530533448900796,65.20167541503906
scene-0562_CAM_FRONT_8c31c49f_964b2b96,4,106473,26.5120841733871,0.040456739688492505,0.9354398129908335,0.722007722007722,65.81999969482422
scene-0562_CAM_FRONT_be83af41_c34e3ca7,0,111445,23.248162321342054,0.0248605749827564,0.9438775510204082,0.758299845034539,64.46105194091797
scene-0562_CAM_FRONT_be83af41_c34e3ca7,1,120033,24.764240157132765,0.0330346025223478,0.9716925380190686,0.8132928847214561,63.79377746582031
scene-0562_CAM_FRONT_be83af41_c34e3ca7,2,124389,23.584736943632223,0.02009817301000938,0.9933286055735036,0.819320778504452,65.51335144042969
scene-0562_CAM_FRONT_be83af41_c34e3ca7,3,117674,24.899246578166224,0.03159860663353764,0.9873335434559924,0.7772043180206446,64.7840805053711
scene-0562_CAM_FRONT_be83af41_c34e3ca7,4,117318,24.705103807921105,0.01651631689253863,0.9796903317311481,0.776193102723715,64.32737731933594
scene-0562_CAM_FRONT_3013736d_1c325d22,0,116634,24.43751085069445,0.044462394146679296,0.971278859033961,0.7693772489690857,65.74661254882812
scene-0562_CAM_FRONT_3013736d_1c325d22,1,112112,24.521905690041354,0.06570414001873393,0.9555787565991648,0.7435190292333149,65.39896392822266
scene-0562_CAM_FRONT_3013736d_1c325d22,2,106788,25.064462117288215,0.07293175374559424,0.9369566359362278,0.7098994037769548,65.07553100585938
scene-0562_CAM_FRONT_3013736d_1c325d22,3,96427,25.313825544294303,0.05247579104102762,0.9052215480786909,0.6464029627294934,65.45491790771484
scene-0562_CAM_FRONT_3013736d_1c325d22,4,82533,24.33543249309392,0.021667488970309012,0.8587450424185118,0.553213563417645,64.88207244873047
scene-0562_CAM_FRONT_08b2887d_c0fbf404,0,76088,21.6366219284188,0.016896955412951886,0.8301486617813149,0.5006172353111129,66.9559097290039
scene-0562_CAM_FRONT_08b2887d_c0fbf404,1,81093,21.103701636904763,0.01566627468167603,0.8306411367635858,0.5325296141622672,67.15107727050781
scene-0562_CAM_FRONT_08b2887d_c0fbf404,2,81887,21.752989330389994,0.015542801777384874,0.8326176030257663,0.5376973183095632,66.75292205810547
scene-0562_CAM_FRONT_08b2887d_c0fbf404,3,84001,21.774191823998983,0.02225454590643494,0.8369513828697502,0.5515785464765056,65.95989227294922
scene-0562_CAM_FRONT_08b2887d_c0fbf404,4,82855,21.598318198292528,0.019178251146117375,0.8382383841567514,0.544092926745988,67.56201934814453
scene-0562_CAM_FRONT_cace7b0c_56b65b67,0,78334,15.856971249601653,0.014417441411656906,0.8412457647151524,0.5147348514695453,68.46112823486328
scene-0562_CAM_FRONT_cace7b0c_56b65b67,1,82333,15.84002800707547,0.016619555715436274,0.8456846058886875,0.5417093478317968,68.91377258300781
scene-0562_CAM_FRONT_cace7b0c_56b65b67,2,83558,16.08824472633979,0.012328727565124042,0.849105665432196,0.5501733511937593,68.33688354492188
scene-0562_CAM_FRONT_cace7b0c_56b65b67,3,83253,16.380061848958334,0.013057318378700167,0.8496506710792425,0.5475139862894965,67.26370239257812
scene-0562_CAM_FRONT_cace7b0c_56b65b67,4,84277,16.695847841225625,0.013398339649467683,0.8512528563548972,0.5537914007301762,66.94277954101562
scene-0563_CAM_FRONT_970f41b6_95f02301,0,65805,10.582466984426738,0.027349286367970738,0.8753775641530743,0.4320975494444882,69.11014556884766
scene-0563_CAM_FRONT_970f41b6_95f02301,1,71607,10.239495407149949,0.020209520251381896,0.8759357024663147,0.4701954140729651,71.13969421386719
scene-0563_CAM_FRONT_970f41b6_95f02301,2,65265,10.229069142206479,0.017097007676189158,0.8762180547894833,0.4285517295721377,69.91445922851562
scene-0563_CAM_FRONT_970f41b6_95f02301,3,62999,10.12295527455706,0.014266090579762025,0.8755876868121766,0.4136724187744596,70.23082733154297
scene-0563_CAM_FRONT_970f41b6_95f02301,4,71020,10.173680796555788,0.016320592822168134,0.8762311874556773,0.4663409765450582,70.4206771850586
scene-0563_CAM_FRONT_ac7e7a21_3244a7f0,0,86724,10.769362005104583,0.03260858612042239,0.8736112205499961,0.5706143461245502,69.70248413085938
scene-0563_CAM_FRONT_ac7e7a21_3244a7f0,1,87688,10.886335358796297,0.04657587628061366,0.8740642975336853,0.5769836892285872,69.42889404296875
scene-0563_CAM_FRONT_ac7e7a21_3244a7f0,2,86098,10.70938951845806,0.03287237244457497,0.8784571743755417,0.5666548472670921,69.76690673828125
scene-0563_CAM_FRONT_ac7e7a21_3244a7f0,3,77186,10.533257470897215,0.03313451732838968,0.8734470622225724,0.5078664670501405,69.27571868896484
scene-0563_CAM_FRONT_ac7e7a21_3244a7f0,4,74395,10.609921420378244,0.022632607411066985,0.8722191579334436,0.4902030310193575,68.43761444091797
scene-0563_CAM_FRONT_d036b91e_069b2210,0,109417,16.524244838673287,0.02514500030935407,0.8867898510755654,0.7291978567488772,67.58282470703125
scene-0563_CAM_FRONT_d036b91e_069b2210,1,112468,16.727167038690474,0.01896744750435797,0.9208231555170331,0.7469860531085021,67.41535186767578
scene-0563_CAM_FRONT_d036b91e_069b2210,2,114982,16.975628271950775,0.02556340635699006,0.9327344837548919,0.7623250072229664,67.72086334228516
scene-0563_CAM_FRONT_d036b91e_069b2210,3,113774,16.897797271088287,0.03880435069287791,0.9354463793239304,0.7545439025030862,67.53404998779297
scene-0563_CAM_FRONT_d036b91e_069b2210,4,109853,17.012856666779157,0.029386508997203187,0.9345861896882305,0.7295590050692091,67.66231536865234
scene-0563_CAM_FRONT_cc6d0652_535df957,0,85103,17.045283129699254,0.04294032425057637,0.931637906127702,0.5651183253224069,67.22576904296875
scene-0563_CAM_FRONT_cc6d0652_535df957,1,82525,16.976538032747822,0.039724621589470654,0.9263717069839519,0.5487550232448192,67.8536605834961
scene-0563_CAM_FRONT_cc6d0652_535df957,2,88974,17.291995022224242,0.04763565471218567,0.9234431224227143,0.590096656423187,67.74756622314453
scene-0563_CAM_FRONT_cc6d0652_535df957,3,88492,17.076847765585242,0.05104507547048831,0.9170672129855804,0.5874110261865364,67.06494140625
scene-0563_CAM_FRONT_cc6d0652_535df957,4,92729,16.533904246794865,0.049295239200938035,0.9107635332125128,0.6150027578599007,70.1236572265625
scene-0563_CAM_FRONT_8c4f9b0b_0645e15d,0,91779,9.10526089662604,0.022997963868670368,0.9050508234181703,0.6103866256927482,69.07608032226562
scene-0563_CAM_FRONT_8c4f9b0b_0645e15d,1,95830,9.151442955280173,0.024120817029001262,0.8967509783836315,0.6371838310613821,68.9979248046875
scene-0563_CAM_FRONT_8c4f9b0b_0645e15d,2,101363,9.159979893844469,0.022616199060632614,0.8904604312767578,0.6704488745305072,68.93632507324219
scene-0563_CAM_FRONT_8c4f9b0b_0645e15d,3,104579,9.139074223302739,0.014459660658492357,0.8914913455729783,0.6911131247865941,69.63153076171875
scene-0563_CAM_FRONT_8c4f9b0b_0645e15d,4,105252,8.965081166904083,0.015902341876776083,0.891878759225698,0.6947180416568172,71.2828369140625
scene-0563_CAM_FRONT_a9bc05c8_119fb420,0,75956,6.874548595935313,0.01815426303286205,0.8909594725921256,0.49978987734089775,68.25386047363281
scene-0563_CAM_FRONT_a9bc05c8_119fb420,1,78231,6.856709393230953,0.018026366832143204,0.8900598849578442,0.5147348514695453,68.44236755371094
scene-0563_CAM_FRONT_a9bc05c8_119fb420,2,79400,6.821021764905148,0.01850536860110874,0.8900467522916502,0.5223189661965172,68.67083740234375
scene-0563_CAM_FRONT_a9bc05c8_119fb420,3,78783,6.793042540631383,0.018135935231728517,0.8902371759514617,0.5183529010059622,68.18943786621094
scene-0563_CAM_FRONT_a9bc05c8_119fb420,4,78894,6.793656288083216,0.019186672531528837,0.8899679562944869,0.5190686313135293,67.9068832397461
scene-0563_CAM_FRONT_31365e10_5e1b0501,0,76312,7.189957348614275,0.017008100169324192,0.8901058492895227,0.5018582722664355,68.44892120361328
scene-0563_CAM_FRONT_31365e10_5e1b0501,1,76486,7.191610466036542,0.018809224428785964,0.8901715126204922,0.5029548498936254,67.8526382446289
scene-0563_CAM_FRONT_31365e10_5e1b0501,2,75135,7.321652287544964,0.01815427452650109,0.8900401859585533,0.4940180705486828,67.76680755615234
scene-0563_CAM_FRONT_31365e10_5e1b0501,3,75016,7.18099121794297,0.019363790340800824,0.8900007879599716,0.49323011057704935,68.75606536865234
scene-0563_CAM_FRONT_31365e10_5e1b0501,4,75558,7.205102556513579,0.018833824352783468,0.890204344285977,0.4969138234444357,68.1232681274414
scene-0563_CAM_FRONT_9a1930f3_23483c4b,0,75304,7.122782746253655,0.01947946031800174,0.8902437422845586,0.4952065768392299,68.91590881347656
scene-0563_CAM_FRONT_9a1930f3_23483c4b,1,75260,7.2608982432972295,0.021752153451672696,0.8900664512909411,0.49479289785412234,67.127197265625
scene-0563_CAM_FRONT_9a1930f3_23483c4b,2,75881,7.18103955765845,0.02125120970262473,0.8901386809550075,0.4989296877051979,67.95223236083984
scene-0563_CAM_FRONT_9a1930f3_23483c4b,3,75011,7.181279887677935,0.021882340645506204,0.8900467522916502,0.4932104115777585,67.65753173828125
scene-0563_CAM_FRONT_9a1930f3_23483c4b,4,75103,7.106167755469335,0.020048644869892662,0.8901649462873953,0.493755417224805,68.43017578125
scene-0564_CAM_FRONT_3b86f821_1706522f,0,55794,9.680589239372217,0.02206219907668916,0.8901124156226197,0.36658524413626453,68.28604888916016
scene-0564_CAM_FRONT_3b86f821_1706522f,1,57750,9.608825802570664,0.026938845500893427,0.8896396396396397,0.3799608646547422,69.10533905029297
scene-0564_CAM_FRONT_3b86f821_1706522f,2,56124,9.596275811744889,0.02674624632307321,0.8890815013263993,0.36934310403698156,68.32804107666016
scene-0564_CAM_FRONT_3b86f821_1706522f,3,53229,9.408385180995475,0.023988746503690095,0.8882213116906994,0.3498673600714417,68.71398162841797
scene-0564_CAM_FRONT_3b86f821_1706522f,4,46292,9.30350076977096,0.012510159230708195,0.8862776770940036,0.304178814382896,68.47797393798828
scene-0564_CAM_FRONT_6bfa0827_215d8576,0,81759,7.354020620903132,0.05913496502928406,0.8854568854568855,0.538570640611457,68.58554077148438
scene-0564_CAM_FRONT_6bfa0827_215d8576,1,81426,7.369151842271958,0.05796689699905244,0.8846492264859612,0.5361279646993933,67.47698974609375
scene-0564_CAM_FRONT_6bfa0827_215d8576,2,80249,7.090064942681136,0.04382149232612376,0.8853846557928191,0.5284190896435794,67.37261199951172
scene-0564_CAM_FRONT_6bfa0827_215d8576,3,84907,7.329622826037079,0.04205744432128844,0.8873808210542904,0.5585782575578494,66.83761596679688
scene-0564_CAM_FRONT_6bfa0827_215d8576,4,90045,7.604227748379098,0.0514651253072409,0.8898563286318388,0.5939248286187062,65.91204833984375
scene-0564_CAM_FRONT_1afd654c_e92b0dc7,0,61722,6.789686943637555,0.020077918335989486,0.8915635752370447,0.40532004307514513,67.4557113647461
scene-0564_CAM_FRONT_1afd654c_e92b0dc7,1,72780,6.834147382397572,0.019556760870868994,0.8927586478606887,0.477897722795682,66.65345001220703
scene-0564_CAM_FRONT_1afd654c_e92b0dc7,2,71469,6.855973258119335,0.019422848117935043,0.8922596065453209,0.46928926010558664,67.18500518798828
scene-0564_CAM_FRONT_1afd654c_e92b0dc7,3,67523,6.893190769393313,0.020145004042399828,0.8923384025424842,0.44337850970504034,66.32593536376953
scene-0564_CAM_FRONT_1afd654c_e92b0dc7,4,65295,6.967359739465763,0.020281373150280668,0.8920560502193156,0.4287487195650461,66.40312194824219
scene-0564_CAM_FRONT_5eeaeb68_e786b718,0,85609,8.634511187910029,0.01128507074962215,0.8919509888897644,0.5639363853649568,67.05690002441406
scene-0564_CAM_FRONT_5eeaeb68_e786b718,1,84736,8.474140554234602,0.013469419119694459,0.8933824495048985,0.5591232632048958,68.50311279296875
scene-0564_CAM_FRONT_5eeaeb68_e786b718,2,79551,8.43425405334728,0.010405318117314266,0.8978541223439183,0.5242035037953405,67.84825134277344
scene-0564_CAM_FRONT_5eeaeb68_e786b718,3,72477,7.96192758632471,0.015034888983256778,0.9007170435741865,0.4772213904866966,67.74948120117188
scene-0564_CAM_FRONT_5eeaeb68_e786b718,4,63962,7.562981175285863,0.022712004521647455,0.9023914585139075,0.42061959919102776,68.20103454589844
scene-0564_CAM_FRONT_0e6efc71_0fd26c83,0,47677,11.832839217275941,0.011985174522711084,0.9060029417172274,0.31367373204107896,67.57838439941406
scene-0564_CAM_FRONT_0e6efc71_0fd26c83,1,22272,11.199105160763077,0.007533981333693651,0.904013342788853,0.14637669739710557,67.30189514160156
scene-0564_CAM_FRONT_0e6efc71_0fd26c83,2,13272,10.640381265599,0.0076988785212561694,0.9046305780999658,0.08716807186194941,68.89773559570312
scene-0564_CAM_FRONT_0e6efc71_0fd26c83,3,12822,9.889016224624582,0.009575744224037397,0.9028904998292754,0.08419352296903318,71.26688385009766
scene-0564_CAM_FRONT_0e6efc71_0fd26c83,4,13802,9.685099546370969,0.0061844236249870566,0.8978672550101121,0.0906285294040396,71.05077362060547
scene-0564_CAM_FRONT_be8a7d17_60295bae,0,102720,14.00751726017442,0.025625544079158846,0.8904801302760487,0.6779016625955402,71.70001220703125
scene-0564_CAM_FRONT_be8a7d17_60295bae,1,91522,15.39198876096491,0.023146976342348857,0.8786475980353531,0.6033803482783074,67.95088195800781
scene-0564_CAM_FRONT_be8a7d17_60295bae,2,81505,15.05786245468029,0.024671340566803757,0.8752396711580385,0.5366598376802458,70.27230834960938
scene-0564_CAM_FRONT_be8a7d17_60295bae,3,84971,14.942122270873323,0.03181120104429924,0.8712342079689018,0.5585322932261708,71.64942169189453
scene-0564_CAM_FRONT_be8a7d17_60295bae,4,81793,14.26468204288649,0.022787729893429365,0.8654558348435899,0.5375200273159457,71.86043548583984
scene-0564_CAM_FRONT_516b9a77_71054721,0,75770,17.426003037084396,0.023771598536738603,0.8647992015338954,0.4975835894203241,69.9811019897461
scene-0564_CAM_FRONT_516b9a77_71054721,1,78597,17.53203667534722,0.025491851573373303,0.8569524334830457,0.5161269140860978,69.6680908203125
scene-0564_CAM_FRONT_516b9a77_71054721,2,79599,17.670189868444687,0.021672666071733904,0.8604719880230084,0.5228442728442728,69.07487487792969
scene-0564_CAM_FRONT_516b9a77_71054721,3,78255,17.874988796606118,0.02119391803085735,0.8612993459932236,0.5138483965014577,67.15115356445312
scene-0564_CAM_FRONT_516b9a77_71054721,4,78393,17.98603123900422,0.03778560903804884,0.8928308775247551,0.5147939484674179,67.73676300048828
scene-0564_CAM_FRONT_bffaafdc_a0214502,0,76950,22.88130654542097,0.03206255893103971,0.9257873033383237,0.5053252961416227,67.78327178955078
scene-0564_CAM_FRONT_bffaafdc_a0214502,1,82449,21.33216747339221,0.02923108508079464,0.966478869540094,0.5416699498332151,71.16165161132812
scene-0564_CAM_FRONT_bffaafdc_a0214502,2,82684,21.774649711277174,0.04049310003098516,0.9824219262994773,0.5432130381109973,69.08879089355469
scene-0564_CAM_FRONT_bffaafdc_a0214502,3,78470,22.196146877724495,0.030182131919521016,0.9957778478186642,0.5156475717700207,68.48556518554688
scene-0564_CAM_FRONT_bffaafdc_a0214502,4,79024,22.188056219487382,0.03123214642686234,1.0,0.5192918866388254,67.189697265625
scene-0565_CAM_FRONT_f0c47597_e7bc8aeb,0,117988,27.38578300452278,0.023829954691204414,1.0,0.7748929687705198,68.2619400024414
scene-0565_CAM_FRONT_f0c47597_e7bc8aeb,1,110518,27.73662378821775,0.027923312550247825,1.0,0.7257570982060778,67.41122436523438
scene-0565_CAM_FRONT_f0c47597_e7bc8aeb,2,113343,26.568980075607346,0.03321404055144095,0.9906364090037559,0.7451474798413574,67.48255157470703
scene-0565_CAM_FRONT_f0c47597_e7bc8aeb,3,101234,26.319661873803444,0.030467582440799834,0.9380335145641268,0.6666535340004728,69.46686553955078
scene-0565_CAM_FRONT_f0c47597_e7bc8aeb,4,91022,25.198210835315102,0.0297208688847983,0.8874464843852599,0.5985540934520527,69.217041015625
scene-0565_CAM_FRONT_4f384135_4c81b06a,0,81771,18.500194110048373,0.022534780642579744,0.8866125600819479,0.5376907519764662,67.7853775024414
scene-0565_CAM_FRONT_4f384135_4c81b06a,1,86211,18.834088010204084,0.025295306485713542,0.884183016836078,0.5661229742862396,68.06797790527344
scene-0565_CAM_FRONT_4f384135_4c81b06a,2,91281,20.40449375,0.025341872276678945,0.8806765949623092,0.5995850077482731,67.43107604980469
scene-0565_CAM_FRONT_4f384135_4c81b06a,3,91089,18.734670846898563,0.02205425563380814,0.8734667612218633,0.5981404144669451,71.22494506835938
scene-0565_CAM_FRONT_4f384135_4c81b06a,4,88585,19.05783339524516,0.023427094780418045,0.8681677304126284,0.581678617392903,69.2418212890625
scene-0565_CAM_FRONT_17d4c421_c80365ff,0,89452,21.292627696700503,0.022004079499589935,0.8645890788747932,0.5874110261865364,67.76467895507812
scene-0565_CAM_FRONT_17d4c421_c80365ff,1,87663,21.737777511056795,0.015049600283911335,0.8626126126126126,0.5756244582775195,69.7110595703125
scene-0565_CAM_FRONT_17d4c421_c80365ff,2,86212,22.220331417268476,0.01785415351164743,0.8590011294092926,0.5660967089538518,70.04464721679688
scene-0565_CAM_FRONT_17d4c421_c80365ff,3,81710,22.322455018939394,0.014980910256090496,0.8569655661492396,0.5365350773514039,67.89306640625
scene-0565_CAM_FRONT_17d4c421_c80365ff,4,78075,22.391092493495744,0.019637930932388414,0.8559280855199223,0.5127452525411709,68.53169250488281
scene-0565_CAM_FRONT_b727a687_28d07d72,0,85401,24.500556476955303,0.020324741493030984,0.8535773382712158,0.5611522601318519,68.26577758789062
scene-0565_CAM_FRONT_b727a687_28d07d72,1,85391,25.730756870567372,0.02681683602150864,0.8518241273343314,0.5672589499120111,67.70953369140625
scene-0565_CAM_FRONT_b727a687_28d07d72,2,86073,24.902240896358546,0.025669246636920384,0.8480222204712,0.5746395083129777,69.5783920288086
scene-0565_CAM_FRONT_b727a687_28d07d72,3,84684,25.26693472915443,0.026830615269929803,0.8411078717201166,0.5749875239671158,68.68222045898438
scene-0565_CAM_FRONT_b727a687_28d07d72,4,82353,26.029339231927718,0.025634171828885055,0.8245410133165235,0.5616906994458015,68.34357452392578
scene-0565_CAM_FRONT_05527b6d_0de33421,0,83678,25.552509503982627,0.030261414536260745,0.8057613006592599,0.5585716912247525,68.25467681884766
scene-0565_CAM_FRONT_05527b6d_0de33421,1,84393,25.485599464166114,0.026223923568608143,0.8045662280356158,0.564625850340136,69.23119354248047
scene-0565_CAM_FRONT_05527b6d_0de33421,2,79283,25.490734232522794,0.02912880404251217,0.7934297271031965,0.5313214088724293,65.28025817871094
scene-0565_CAM_FRONT_05527b6d_0de33421,3,81132,26.303761066439243,0.026571054129850058,0.7874083996532976,0.537717017308854,66.9901351928711
scene-0565_CAM_FRONT_05527b6d_0de33421,4,75058,24.7175586064244,0.028590615628723004,0.7670790323851548,0.4974391300921913,69.32857513427734
scene-0565_CAM_FRONT_cffde5b9_f466f4f3,0,69353,24.212866348870065,0.012455134766827136,0.7581882173718908,0.4567015995587424,67.47460174560547
scene-0565_CAM_FRONT_cffde5b9_f466f4f3,1,69863,24.923503792198897,0.015740620496262903,0.7571047724108949,0.46297901399942215,66.65922546386719
scene-0565_CAM_FRONT_cffde5b9_f466f4f3,2,70675,24.328892481233684,0.01377050967427973,0.7552661991437501,0.4659535628923384,67.38574981689453
scene-0565_CAM_FRONT_cffde5b9_f466f4f3,3,72923,25.074724934078358,0.013677754027929367,0.7548131221600609,0.49182491529430306,66.98480987548828
scene-0565_CAM_FRONT_cffde5b9_f466f4f3,4,73328,24.76097064198929,0.020406355037835278,0.7512541696215166,0.49514091350826045,67.26808166503906
scene-0565_CAM_FRONT_74367914_7afa9d66,0,71422,17.923602319046434,0.013904663068431189,0.7673613847083235,0.47263152365193184,67.29376220703125
scene-0565_CAM_FRONT_74367914_7afa9d66,1,74442,18.26554306402439,0.0137240739008333,0.7825755784939459,0.49880492737635596,66.12312316894531
scene-0565_CAM_FRONT_74367914_7afa9d66,2,76196,17.517245061978684,0.016028921375282,0.7944409424001261,0.5121280172300581,67.79331970214844
scene-0565_CAM_FRONT_74367914_7afa9d66,3,76808,17.331919038821816,0.016238746335855092,0.8036009770703648,0.5190489323142384,68.615234375
scene-0565_CAM_FRONT_74367914_7afa9d66,4,78533,17.857010180092264,0.015151899025590332,0.8154729073096421,0.5354188007249232,66.24007415771484
scene-0565_CAM_FRONT_797b8557_cfebd965,0,52453,12.149304496951219,0.01430183430394294,0.8223347253959499,0.3498476610721509,67.49066925048828
scene-0565_CAM_FRONT_797b8557_cfebd965,1,50606,12.234309071729957,0.021127466917483906,0.8319084390512962,0.33802826149764925,67.50008392333984
scene-0565_CAM_FRONT_797b8557_cfebd965,2,53042,12.277993023492668,0.01775591706094204,0.8400178604260237,0.35598061618469784,67.60977935791016
scene-0565_CAM_FRONT_797b8557_cfebd965,3,61124,12.351894928437224,0.01246601895998034,0.8466432905208415,0.40859664329052087,68.6635971069336
scene-0565_CAM_FRONT_797b8557_cfebd965,4,64226,11.847176456713173,0.013192016052876232,0.857398944133638,0.43100097181729835,69.87139892578125
scene-0625_CAM_FRONT_67d2d740_5bc6ae14,0,98990,26.600480844870987,0.04273564275620956,0.8478711948099703,0.654262863446537,70.07242584228516
scene-0625_CAM_FRONT_67d2d740_5bc6ae14,1,100847,26.784908578976648,0.04928294054882443,0.8438066346229611,0.6654715940430226,69.7282943725586
scene-0625_CAM_FRONT_67d2d740_5bc6ae14,2,100669,26.535838800282846,0.04775942749497153,0.8421125206839493,0.6655175583747013,69.12914276123047
scene-0625_CAM_FRONT_67d2d740_5bc6ae14,3,101966,26.407950426226893,0.04493464212685705,0.8381070574948126,0.6732592650959998,70.19602966308594
scene-0625_CAM_FRONT_67d2d740_5bc6ae14,4,102224,26.53163630605037,0.038380764742681484,0.8348698552780185,0.6762600793213038,70.96009826660156
scene-0625_CAM_FRONT_a08cf86f_84a3ca70,0,106095,26.54491985939113,0.04928993504070167,0.8280408688571954,0.6985199485199485,69.62281799316406
scene-0625_CAM_FRONT_a08cf86f_84a3ca70,1,104147,25.516703696548166,0.036430316297359155,0.8232605783626192,0.6869041052714522,72.3155517578125
scene-0625_CAM_FRONT_a08cf86f_84a3ca70,2,101496,26.528830492424234,0.042566731232640764,0.8174296745725317,0.6728258871116014,70.06712341308594
scene-0625_CAM_FRONT_a08cf86f_84a3ca70,3,95271,26.470203196674305,0.04871531578699795,0.805498647335382,0.6284571743755417,70.1855697631836
scene-0625_CAM_FRONT_a08cf86f_84a3ca70,4,96568,25.95702576369382,0.04658030489330112,0.8031413337535787,0.6392259606545321,70.65040588378906
scene-0625_CAM_FRONT_98fc274c_656ec137,0,102352,26.335980081038446,0.026301199988905566,0.8031938644183542,0.6763848396501457,73.22833251953125
scene-0625_CAM_FRONT_98fc274c_656ec137,1,99056,25.851432006434823,0.03759942927900939,0.8055774433325453,0.6532516481496073,75.20515441894531
scene-0625_CAM_FRONT_98fc274c_656ec137,2,100814,27.654720485107003,0.03547879859795011,0.799378824889029,0.6623591521550706,74.3462142944336
scene-0625_CAM_FRONT_98fc274c_656ec137,3,94726,27.282508886255933,0.029962088827332867,0.791794710162057,0.6221075302707956,74.87202453613281
scene-0625_CAM_FRONT_98fc274c_656ec137,4,92341,26.668891874624165,0.03907021274797451,0.7887938959367531,0.6064927901662596,75.53007507324219
scene-0625_CAM_FRONT_823fda8d_d48ee866,0,106980,29.156271039048473,0.044483052242387355,0.7840858351062433,0.7046003729677199,73.94046783447266
scene-0625_CAM_FRONT_823fda8d_d48ee866,1,108704,30.1493549822064,0.06694484589820848,0.7821225015102566,0.7173521918419877,74.30789947509766
scene-0625_CAM_FRONT_823fda8d_d48ee866,2,106481,28.031724766847166,0.05500306017858092,0.7787868042970084,0.7029193916949019,75.28910827636719
scene-0625_CAM_FRONT_823fda8d_d48ee866,3,105843,28.745913026059092,0.056192341909753196,0.7772568486854201,0.6986381425156936,75.23533630371094
scene-0625_CAM_FRONT_823fda8d_d48ee866,4,103171,28.679287235112657,0.04877443819528793,0.7700404486118771,0.6828001470858613,73.86234283447266
scene-0625_CAM_FRONT_668349dd_0466f571,0,95908,26.92555147058824,0.035440635488011685,0.7565663330969453,0.6346492264859612,72.92445373535156
scene-0625_CAM_FRONT_668349dd_0466f571,1,96383,27.20683748759921,0.039365846427128925,0.7457515824862764,0.6380505870301789,70.5511474609375
scene-0625_CAM_FRONT_668349dd_0466f571,2,96700,27.681884500542886,0.046300010373415246,0.7316996296588133,0.6386415570089039,70.09173583984375
scene-0625_CAM_FRONT_668349dd_0466f571,3,93137,28.26534829046019,0.051831356540934514,0.7245882909148216,0.6156396921703045,69.21806335449219
scene-0625_CAM_FRONT_668349dd_0466f571,4,88429,27.92194965570545,0.04232070246996189,0.7181138864812334,0.5879757308328737,69.71695709228516
scene-0625_CAM_FRONT_9fc4f152_f086b86d,0,82541,25.085133040659624,0.03335970190160609,0.7155398839072309,0.5434231607700996,71.24517822265625
scene-0625_CAM_FRONT_9fc4f152_f086b86d,1,79313,25.215776287141384,0.027818015909177873,0.7122895490242429,0.522824573844982,71.84754180908203
scene-0625_CAM_FRONT_9fc4f152_f086b86d,2,79842,25.26659720006381,0.02527485110826655,0.7037795813306017,0.5262259343891997,72.01920318603516
scene-0625_CAM_FRONT_9fc4f152_f086b86d,3,77878,24.152013442095587,0.02873027724588928,0.6854004149922517,0.5133230898537021,74.79635620117188
scene-0625_CAM_FRONT_9fc4f152_f086b86d,4,69913,24.478474153185036,0.02035669638543558,0.6714666561605337,0.46347148898169305,73.90689086914062
scene-0625_CAM_FRONT_6fde33ad_399de82a,0,77781,26.457932518115935,0.03253036677590204,0.6695361542300318,0.5291282536180495,72.90128326416016
scene-0625_CAM_FRONT_6fde33ad_399de82a,1,75784,27.661607967909944,0.018269192214903862,0.6606584718829617,0.5099939589735508,71.21270751953125
scene-0625_CAM_FRONT_6fde33ad_399de82a,2,71350,27.766705885226685,0.023424793540781863,0.6353124261287526,0.48517321986709744,72.64986419677734
scene-0625_CAM_FRONT_6fde33ad_399de82a,3,64049,28.20183087561125,0.01527853567916626,0.6020999133244032,0.4242245160612508,73.46315002441406
scene-0625_CAM_FRONT_6fde33ad_399de82a,4,58571,25.82318474264707,0.02066371314517168,0.5883631444855935,0.3864090037559425,75.2010498046875
scene-0625_CAM_FRONT_c6c21506_8d61756d,0,62656,38.90437073988565,0.028034209921184328,0.6020211173272397,0.4138168781025924,75.9954833984375
scene-0625_CAM_FRONT_c6c21506_8d61756d,1,62714,39.02151771675652,0.034451929778239965,0.6063548971712237,0.41578677803167596,75.35948944091797
scene-0625_CAM_FRONT_c6c21506_8d61756d,2,64134,39.58456998534338,0.0334216155815259,0.6116604943135555,0.4268116513014472,74.56454467773438
scene-0625_CAM_FRONT_c6c21506_8d61756d,3,63519,38.12662168560606,0.024541573044383647,0.6065190554986474,0.42044887453050717,74.83489990234375
scene-0625_CAM_FRONT_c6c21506_8d61756d,4,64450,37.31615801522507,0.02603907423788865,0.6053371155411972,0.4232133007643212,75.60125732421875
scene-0626_CAM_FRONT_57f23d2f_addf60d7,0,63914,28.535166633439665,0.02227883243981399,0.5968993775116224,0.42034381320095604,72.63429260253906
scene-0626_CAM_FRONT_57f23d2f_addf60d7,1,59423,27.806490384615376,0.021970137303961135,0.5880151288314553,0.39176713156304993,73.40117645263672
scene-0626_CAM_FRONT_57f23d2f_addf60d7,2,66170,29.15064260683179,0.02228162713577042,0.5896829774380795,0.43795471856696344,74.16486358642578
scene-0626_CAM_FRONT_57f23d2f_addf60d7,3,68488,29.459758982446516,0.027842434905287483,0.5705224174611929,0.4600898274367662,72.68305206298828
scene-0626_CAM_FRONT_57f23d2f_addf60d7,4,69049,28.533243949394947,0.02223201396220631,0.5766619389068368,0.4679365954876159,72.77764129638672
scene-0626_CAM_FRONT_e912736e_4272663b,0,64116,25.899867374005304,0.019007494389598367,0.6354306201244977,0.42100701284374753,72.72444915771484
scene-0626_CAM_FRONT_e912736e_4272663b,1,63818,26.45616062166569,0.017721511464478867,0.6152719775168755,0.4218278044808657,73.60052490234375
scene-0626_CAM_FRONT_e912736e_4272663b,2,74397,28.497627178328088,0.025356829311130813,0.6011477950253461,0.4971699104352166,71.38388061523438
scene-0626_CAM_FRONT_e912736e_4272663b,3,71755,25.758894295528016,0.021579939467013975,0.6015089433456781,0.4796378010663725,73.47704315185547
scene-0626_CAM_FRONT_e912736e_4272663b,4,69784,25.304706944828546,0.019782317512099024,0.5969387755102041,0.4686063614635043,74.25
scene-0626_CAM_FRONT_a35e04cb_271d30b5,0,76369,19.10407993924392,0.021199912659680464,0.6160665038216059,0.5130998345284059,74.13248443603516
scene-0626_CAM_FRONT_a35e04cb_271d30b5,1,76305,19.100988108544453,0.02688721810603223,0.6248522575053187,0.5192524886402438,72.35061645507812
scene-0626_CAM_FRONT_a35e04cb_271d30b5,2,74479,18.469901638122018,0.01816499808077232,0.6311296719459984,0.5070785070785071,73.44295501708984
scene-0626_CAM_FRONT_a35e04cb_271d30b5,3,75096,19.31281691545123,0.033996789174634,0.6385758936779345,0.5155950411052452,72.4354019165039
scene-0626_CAM_FRONT_a35e04cb_271d30b5,4,77357,20.026731004901965,0.040476716279513436,0.6590103222756284,0.5336327581225541,71.78050231933594
scene-0626_CAM_FRONT_9e9a96e8_8b823546,0,75923,22.952005989161265,0.03451015974232163,0.6476177343524282,0.4987458303784834,73.84771728515625
scene-0626_CAM_FRONT_9e9a96e8_8b823546,1,76203,23.386053007392473,0.027299916334009744,0.6018963569983978,0.501799175268563,73.97735595703125
scene-0626_CAM_FRONT_9e9a96e8_8b823546,2,73678,23.22775203036723,0.016830111702942574,0.5989086754392877,0.48387308591390227,73.17896270751953
scene-0626_CAM_FRONT_9e9a96e8_8b823546,3,72042,22.73096217105264,0.017868696002069306,0.5949294775825388,0.4731633966327844,74.55126190185547
scene-0626_CAM_FRONT_9e9a96e8_8b823546,4,73928,24.93379565816678,0.0212903602996668,0.6015680403435506,0.48709058913140546,72.18909454345703
scene-0626_CAM_FRONT_7e3b2e21_1d4e275d,0,74777,20.022589232153567,0.02042621642260878,0.6090011294092926,0.4991726420297849,73.50041961669922
scene-0626_CAM_FRONT_7e3b2e21_1d4e275d,1,73052,21.961235139738598,0.017952779938700036,0.6160271058230242,0.4927573345940693,71.22138214111328
scene-0626_CAM_FRONT_7e3b2e21_1d4e275d,2,72318,20.18177613320999,0.023476090598392618,0.6209452893126363,0.48740577312005884,73.38506317138672
scene-0626_CAM_FRONT_7e3b2e21_1d4e275d,3,70252,21.009531250000006,0.018740460867729514,0.618095500748562,0.46995902608147505,71.90966033935547
scene-0626_CAM_FRONT_7e3b2e21_1d4e275d,4,68768,21.536058139895722,0.01699606046752722,0.6094739053922728,0.46098284873795076,70.1966552734375
scene-0626_CAM_FRONT_340a5f3d_bb08ec78,0,62301,19.363716324132113,0.010922209288784845,0.602598954639771,0.4116696871798913,67.45603942871094
scene-0626_CAM_FRONT_340a5f3d_bb08ec78,1,61640,20.749788798004037,0.02125143864986545,0.5928676489900979,0.40780211698579044,67.67294311523438
scene-0626_CAM_FRONT_340a5f3d_bb08ec78,2,61235,19.849921356992166,0.020418522903403957,0.5931959656449453,0.40624589604181444,68.4603042602539
scene-0626_CAM_FRONT_340a5f3d_bb08ec78,3,61524,20.563001932123655,0.02192258432263805,0.5958224988837234,0.4058978803876763,68.70674133300781
scene-0626_CAM_FRONT_340a5f3d_bb08ec78,4,62482,20.04389760257634,0.02829526034053309,0.5972605258319544,0.41407296509337327,69.32843780517578
scene-0626_CAM_FRONT_945de6d3_21658dc6,0,55892,14.788851740532845,0.01409812780342845,0.5980156541381031,0.3680823680823681,70.3138198852539
scene-0626_CAM_FRONT_945de6d3_21658dc6,1,56694,15.903358222534935,0.010564669091231327,0.5964463005279331,0.37343392955637855,68.83399200439453
scene-0626_CAM_FRONT_945de6d3_21658dc6,2,56234,15.462952332843493,0.012831585557303127,0.5943450739369107,0.3702426916712631,68.86781311035156
scene-0626_CAM_FRONT_945de6d3_21658dc6,3,56265,15.816225213519598,0.014485203442593075,0.5919811940220103,0.3708796259816668,67.35953521728516
scene-0626_CAM_FRONT_945de6d3_21658dc6,4,54464,15.071910511363631,0.012096763112106057,0.5861108922333412,0.35844955742914925,69.28252410888672
scene-0626_CAM_FRONT_73aabbd3_b822fb7e,0,57807,20.45286135502755,0.016252243415801004,0.5835171906600478,0.3812938302734221,68.27153778076172
scene-0626_CAM_FRONT_73aabbd3_b822fb7e,1,57150,19.6043002933572,0.013420615190946172,0.5828671236834502,0.37794500039398,70.06787109375
scene-0626_CAM_FRONT_73aabbd3_b822fb7e,2,58481,20.065397696659492,0.01405671882141446,0.5906219630709426,0.3893244556509863,70.2596664428711
scene-0626_CAM_FRONT_73aabbd3_b822fb7e,3,57432,19.295341805809695,0.01603624141014559,0.5982980064612717,0.38315210253985765,70.98793029785156
scene-0626_CAM_FRONT_73aabbd3_b822fb7e,4,56909,19.255236907730673,0.018542225341144913,0.5984096341239198,0.37368345021406246,70.9334945678711
scene-0627_CAM_FRONT_0fae8aae_6a692a42,0,71007,23.503852042157277,0.017174649148334442,0.6367307540776929,0.4719748903422373,70.78857421875
scene-0627_CAM_FRONT_0fae8aae_6a692a42,1,64432,22.535390040523687,0.023492282474587567,0.5928348173246133,0.4246513277125522,71.97249603271484
scene-0627_CAM_FRONT_0fae8aae_6a692a42,2,64525,21.63288998919126,0.02628439371427227,0.5936424762955376,0.42685761563312585,70.92427825927734
scene-0627_CAM_FRONT_0fae8aae_6a692a42,3,60621,21.702218262210472,0.021961114668209714,0.5875292201822814,0.4002639665904972,69.28778839111328
scene-0627_CAM_FRONT_0fae8aae_6a692a42,4,62117,21.510944651992457,0.012167728050560989,0.5814093977359284,0.41080293121109446,69.49763488769531
scene-0627_CAM_FRONT_a027c6b2_35ef5018,0,66842,19.50925273541114,0.014434233316875211,0.583261103669267,0.46391799963228536,70.39181518554688
scene-0627_CAM_FRONT_a027c6b2_35ef5018,1,65564,19.02239421583851,0.022175672246969258,0.5800436004517637,0.45540146560554723,71.80062103271484
scene-0627_CAM_FRONT_a027c6b2_35ef5018,2,59426,19.29993255940834,0.032898574611084364,0.5434625587686812,0.41379717910330155,70.40364837646484
scene-0627_CAM_FRONT_a027c6b2_35ef5018,3,56689,17.440624208727215,0.029882291957083584,0.5480786909358338,0.4023717595146167,71.8592529296875
scene-0627_CAM_FRONT_a027c6b2_35ef5018,4,61132,18.936661202566956,0.019139879080506628,0.5740945026659312,0.4286633572347858,71.26856231689453
scene-0627_CAM_FRONT_0775bcc7_15431766,0,67228,22.90691298738532,0.015076034367987656,0.584699130617498,0.46119953773015,71.38037109375
scene-0627_CAM_FRONT_0775bcc7_15431766,1,66836,22.880411359597154,0.014729124487604217,0.5833267670002363,0.47154151235783887,71.0275650024414
scene-0627_CAM_FRONT_0775bcc7_15431766,2,70341,23.67559995920957,0.015682917730610146,0.6061316418459276,0.49106978698815434,71.73169708251953
scene-0627_CAM_FRONT_0775bcc7_15431766,3,65989,22.89766796608725,0.017799757655581505,0.6158432484963097,0.4635174533133717,71.88926696777344
scene-0627_CAM_FRONT_0775bcc7_15431766,4,70503,23.638403937274372,0.01641319460188395,0.6191198487116855,0.4743387702571376,72.7105941772461
scene-0627_CAM_FRONT_822fba03_907d8111,0,79274,24.86799352038249,0.014224224712862776,0.6253250334882988,0.604634517899824,73.19230651855469
scene-0627_CAM_FRONT_822fba03_907d8111,1,80860,26.114921357615888,0.016722881302221104,0.626736795104142,0.5616972657788984,72.12350463867188
scene-0627_CAM_FRONT_822fba03_907d8111,2,79314,26.645783035228504,0.020099428478628,0.6207286003204371,0.5438171407559163,71.93717956542969
scene-0627_CAM_FRONT_822fba03_907d8111,3,79041,26.002878419512964,0.024263647913817188,0.6195532266960838,0.5389908859296615,72.8123779296875
scene-0627_CAM_FRONT_822fba03_907d8111,4,80120,25.585356300539082,0.029319311348689592,0.6230596485698526,0.5609552701389436,71.8745346069336
scene-0627_CAM_FRONT_221c593d_178c06a2,0,85999,23.070949136535347,0.019573112946565274,0.6297113439970583,0.6571848816746776,69.52090454101562
scene-0627_CAM_FRONT_221c593d_178c06a2,1,90875,24.283630328441653,0.02545453111801388,0.6323969742337089,0.6771596669555853,68.29442596435547
scene-0627_CAM_FRONT_221c593d_178c06a2,2,94330,23.567207372813993,0.0256321299163218,0.6461731410711002,0.7378851154361359,70.3682861328125
scene-0627_CAM_FRONT_221c593d_178c06a2,3,95118,23.184047997421757,0.02234396797456406,0.6520434428597693,0.7412733433141596,71.34015655517578
scene-0627_CAM_FRONT_221c593d_178c06a2,4,95355,24.30085094375544,0.025858362216467867,0.6589971896094345,0.7375174007827069,67.57524871826172
scene-0627_CAM_FRONT_9d7f6bb3_fec53f7e,0,92503,22.56322196520018,0.018001632691980962,0.6508418039030284,0.6346951908176398,68.9422607421875
scene-0627_CAM_FRONT_9d7f6bb3_fec53f7e,1,88269,21.854054475275888,0.02721574579625674,0.6349775431408085,0.6075302707955769,69.79173278808594
scene-0627_CAM_FRONT_9d7f6bb3_fec53f7e,2,83697,21.99062752481533,0.025280684286129507,0.6197173850235075,0.5875029548498937,69.37472534179688
scene-0627_CAM_FRONT_9d7f6bb3_fec53f7e,3,80377,22.60425868223621,0.0359506623311181,0.5964922648596118,0.5679090168886087,69.03022766113281
scene-0627_CAM_FRONT_9d7f6bb3_fec53f7e,4,75843,20.86516787074373,0.03959788042024304,0.5752501772909936,0.5447232947232947,71.93292236328125
scene-0627_CAM_FRONT_c8f0119b_5b3ffd92,0,71350,20.36579241071429,0.020576541106720914,0.5405208415412497,0.47663042050797155,72.91282653808594
scene-0627_CAM_FRONT_c8f0119b_5b3ffd92,1,66556,21.155548257743362,0.022658649890614946,0.5211567252383579,0.4447508733223019,70.85517883300781
scene-0627_CAM_FRONT_c8f0119b_5b3ffd92,2,67715,21.310388140459366,0.015925808035505806,0.5342631260998608,0.4573647992015339,70.41841125488281
scene-0627_CAM_FRONT_c8f0119b_5b3ffd92,3,65618,22.211059354767517,0.02138401334179041,0.5309274288866126,0.4489139285057652,69.40558624267578
scene-0627_CAM_FRONT_c8f0119b_5b3ffd92,4,61978,23.055642312778396,0.027233824030912235,0.5187206156593912,0.42096104851206895,67.05643463134766
scene-0627_CAM_FRONT_976b8171_3f5fd35a,0,60601,29.415253906250012,0.031021419889151858,0.4998555406718672,0.4016954272056313,65.55252075195312
scene-0627_CAM_FRONT_976b8171_3f5fd35a,1,61489,28.35678715308863,0.02789947206452581,0.4993630656895963,0.41047461455624723,67.04161834716797
scene-0627_CAM_FRONT_976b8171_3f5fd35a,2,59990,26.90500798784288,0.028782758032543487,0.4925866099335487,0.4027000761694639,69.8655776977539
scene-0627_CAM_FRONT_976b8171_3f5fd35a,3,63063,26.077079634232955,0.038393908633978846,0.5121674152286397,0.42461192971397055,70.07740020751953
scene-0627_CAM_FRONT_976b8171_3f5fd35a,4,60925,28.599398152212082,0.03369535012536362,0.5248995351036168,0.40135397788459015,68.82096862792969
scene-0629_CAM_FRONT_14384b3c_9e545368,0,106767,20.316039267163507,0.03383292771860136,0.7697843616210963,0.7390407900611983,72.15803527832031
scene-0629_CAM_FRONT_14384b3c_9e545368,1,106860,21.034182103537848,0.030318837232544693,0.7641176161584324,0.7294408110734641,72.8519515991211
scene-0629_CAM_FRONT_14384b3c_9e545368,2,101529,22.14206077051527,0.038979866336529945,0.7389094633992593,0.7034315656764636,70.04178619384766
scene-0629_CAM_FRONT_14384b3c_9e545368,3,97716,21.607987619763815,0.03141757653439292,0.7213445223649305,0.6852165576655372,72.41780090332031
scene-0629_CAM_FRONT_14384b3c_9e545368,4,90591,20.20205990115883,0.03350410421705874,0.6832466577364537,0.6523586268484227,73.39232635498047
scene-0629_CAM_FRONT_e8a68d57_d4b3a585,0,87761,24.19700555509321,0.04020600371271499,0.6812767578073701,0.6146153442071809,72.40555572509766
scene-0629_CAM_FRONT_e8a68d57_d4b3a585,1,83546,24.542199586849506,0.0378860770099938,0.6703241142016653,0.6033540829459196,72.90091705322266
scene-0629_CAM_FRONT_e8a68d57_d4b3a585,2,79245,23.358632975941422,0.028094335263258774,0.652929897827857,0.549024242901794,76.33135223388672
scene-0629_CAM_FRONT_e8a68d57_d4b3a585,3,70102,24.322562865834872,0.02257414539137259,0.6147532372022168,0.4931119165813043,74.7326431274414
scene-0629_CAM_FRONT_e8a68d57_d4b3a585,4,60630,25.215818983843537,0.014988897754713237,0.5817639797231634,0.4361752422976913,74.13373565673828
scene-0629_CAM_FRONT_729eba60_ac004b46,0,59452,20.88141888181019,0.014775798189788025,0.5806805347621674,0.4017807895358916,77.11256408691406
scene-0629_CAM_FRONT_729eba60_ac004b46,1,58717,22.45862836732125,0.017313425091959544,0.5887045938066346,0.3920232185538308,74.81029510498047
scene-0629_CAM_FRONT_729eba60_ac004b46,2,55456,23.26765374666222,0.016242192519644094,0.5800042024531821,0.3643067265516245,73.64278411865234
scene-0629_CAM_FRONT_729eba60_ac004b46,3,53503,21.247166871488766,0.012571427829757287,0.5810351167494024,0.3514564126809025,75.5500717163086
scene-0629_CAM_FRONT_729eba60_ac004b46,4,53180,21.23434224776412,0.01708558044843378,0.5797349827962073,0.3493880177553647,74.5024185180664
scene-0629_CAM_FRONT_fac8be41_bdbc78ad,0,45849,20.941602040036678,0.018132722575791682,0.5770559188926536,0.30105980616184697,73.25648498535156
scene-0629_CAM_FRONT_fac8be41_bdbc78ad,1,45012,20.88599422733259,0.026804633655641563,0.5725973787198277,0.29556378535970373,72.72966003417969
scene-0629_CAM_FRONT_fac8be41_bdbc78ad,2,44297,20.83074253627232,0.02019356191832422,0.5725908123867307,0.2908688571953878,72.8312759399414
scene-0629_CAM_FRONT_fac8be41_bdbc78ad,3,40590,21.130324692131648,0.026592246792293217,0.5677842565597667,0.2665274604050114,72.2248306274414
scene-0629_CAM_FRONT_fac8be41_bdbc78ad,4,36177,20.065531820827363,0.028445227815686813,0.571842250413679,0.23755023244819162,72.09149169921875
scene-0629_CAM_FRONT_5cc2771d_c49f9510,0,50297,31.288494925213673,0.013661681763281308,0.5892824311191658,0.33031282010873847,68.9007797241211
scene-0629_CAM_FRONT_5cc2771d_c49f9510,1,62666,32.74036899459696,0.019076756459067923,0.6115488666509075,0.4132718724555459,69.86494445800781
scene-0629_CAM_FRONT_5cc2771d_c49f9510,2,55640,30.73458375506073,0.013305340302641966,0.6136369605757361,0.36752422976912774,71.8004379272461
scene-0629_CAM_FRONT_5cc2771d_c49f9510,3,48134,31.126465362646123,0.00879566674687915,0.5999724214009928,0.3163856276101174,70.65777587890625
scene-0629_CAM_FRONT_5cc2771d_c49f9510,4,45047,32.06457655669145,0.01645369173589062,0.5867149948782602,0.2957936070180968,70.10856628417969
scene-0629_CAM_FRONT_e5880a58_dedec800,0,55052,40.10252031522688,0.021617470635511005,0.5984358994563076,0.3892128279883382,68.97026824951172
scene-0629_CAM_FRONT_e5880a58_dedec800,1,50742,39.82987942727957,0.02993232994814221,0.5968796785123316,0.37149686129277965,67.15721130371094
scene-0629_CAM_FRONT_e5880a58_dedec800,2,47992,38.35769127155173,0.026920827604602682,0.6090273947416804,0.3674585664381583,68.84801483154297
scene-0629_CAM_FRONT_e5880a58_dedec800,3,49645,40.67247063386526,0.03291041522478233,0.6295734510020224,0.39891130197252644,66.5587387084961
scene-0629_CAM_FRONT_e5880a58_dedec800,4,55116,40.60466974431819,0.02863736962937713,0.6394098179812465,0.46122580306253774,68.52335357666016
scene-0629_CAM_FRONT_598577bb_5773ef9b,0,59787,28.89255355738994,0.024866370201445775,0.6391405983242718,0.40740813699997375,69.17283630371094
scene-0629_CAM_FRONT_598577bb_5773ef9b,1,63913,30.760327284322816,0.022251276177017054,0.6585047146271636,0.4371339269298453,67.8589096069336
scene-0629_CAM_FRONT_598577bb_5773ef9b,2,68402,31.170390932578737,0.021969810734301598,0.6721955191342947,0.4747590155753421,67.33699035644531
scene-0629_CAM_FRONT_598577bb_5773ef9b,3,71939,31.30786834469417,0.02300493163170847,0.6942452656738372,0.4902818270165209,68.84290313720703
scene-0629_CAM_FRONT_598577bb_5773ef9b,4,73463,30.27694310897436,0.017515876747108194,0.7125587686812177,0.49168045596617027,71.50534057617188
scene-0629_CAM_FRONT_66a72398_a15bd188,0,76471,20.473984117161713,0.023564644814098035,0.7400454390250308,0.5185236256664828,70.01197814941406
scene-0629_CAM_FRONT_66a72398_a15bd188,1,84253,19.924016335227268,0.03611185380227333,0.7584049063640901,0.5850865442702178,72.31680297851562
scene-0629_CAM_FRONT_66a72398_a15bd188,2,92640,21.630589652740465,0.0472327914083055,0.7848015654138103,0.6339137971791033,69.82447814941406
scene-0629_CAM_FRONT_66a72398_a15bd188,3,109728,29.407139658748108,0.0787059769959142,0.8241864313292885,0.7492908360255299,69.54019165039062
scene-0629_CAM_FRONT_66a72398_a15bd188,4,105438,26.92138126074807,0.10138723044102704,0.8151642896540856,0.7142266172878418,69.30320739746094
scene-0630_CAM_FRONT_6a808b09_ae9508b3,0,78927,22.454929500103397,0.030942826987136574,0.7378522837706512,0.5182872376749927,70.8617172241211
scene-0630_CAM_FRONT_6a808b09_ae9508b3,1,81506,22.77613555502846,0.03708528098384911,0.7389028970661624,0.5367714653428939,72.90706634521484
scene-0630_CAM_FRONT_6a808b09_ae9508b3,2,79826,23.059245341532947,0.04839448478655828,0.7331507892732383,0.5279266146613085,71.8053970336914
scene-0630_CAM_FRONT_6a808b09_ae9508b3,3,76631,24.81384560906515,0.05436455624631398,0.7236821369474431,0.5150959997898773,70.27531433105469
scene-0630_CAM_FRONT_6a808b09_ae9508b3,4,81507,23.09202890715109,0.06375059012799111,0.714206918288551,0.5546778556982639,73.72905731201172
scene-0630_CAM_FRONT_127521ab_cfabe989,0,86198,19.16640584874165,0.053298484519086475,0.6971344522364931,0.5793410028103906,71.50922393798828
scene-0630_CAM_FRONT_127521ab_cfabe989,1,79047,19.946184323927483,0.05793120402428764,0.6756625430094818,0.5441060594121818,70.91517639160156
scene-0630_CAM_FRONT_127521ab_cfabe989,2,79390,19.883139093389623,0.05523277474221122,0.6721758201350038,0.5481968849315788,71.22260284423828
scene-0630_CAM_FRONT_127521ab_cfabe989,3,74597,20.095749761222546,0.030928545186784895,0.6454311454311454,0.5329301604811809,70.65042877197266
scene-0630_CAM_FRONT_127521ab_cfabe989,4,67885,19.822130065639264,0.02211495782335504,0.6123499592887348,0.4646074646074646,72.41075134277344
scene-0630_CAM_FRONT_10b3b796_12ef9ffe,0,69706,19.277299244084137,0.023354675906943623,0.6015811730097445,0.47021511307225594,70.40046691894531
scene-0630_CAM_FRONT_10b3b796_12ef9ffe,1,68977,20.48295110887097,0.017533185765358894,0.6082000367714654,0.4691710661098416,69.49642181396484
scene-0630_CAM_FRONT_10b3b796_12ef9ffe,2,67692,20.083212258700375,0.01630091205032147,0.6148976965303496,0.4555984555984556,70.77908325195312
scene-0630_CAM_FRONT_10b3b796_12ef9ffe,3,68076,20.821017736486482,0.016622235180833167,0.6228823575762351,0.4564849105665432,70.97174072265625
scene-0630_CAM_FRONT_10b3b796_12ef9ffe,4,66387,20.90959668959798,0.03226330226380414,0.6327515562209439,0.4393796128490006,72.06747436523438
scene-0630_CAM_FRONT_298d59b2_72e83c66,0,57634,21.544515332461458,0.014225160936442771,0.612934362934363,0.3784440417093478,71.89479064941406
scene-0630_CAM_FRONT_298d59b2_72e83c66,1,54401,20.980215754533678,0.019375484970251655,0.5991450634307777,0.35721508680692354,71.70951080322266
scene-0630_CAM_FRONT_298d59b2_72e83c66,2,54891,22.751283839571652,0.018506897770131925,0.59959157408137,0.36043259002442674,69.01216888427734
scene-0630_CAM_FRONT_298d59b2_72e83c66,3,53484,21.630186502839376,0.02175090621082898,0.5990006041026449,0.3511937593570247,70.05381774902344
scene-0630_CAM_FRONT_298d59b2_72e83c66,4,52480,21.415856670954163,0.023609594053259464,0.5921125206839493,0.34460116092769155,69.74048614501953
scene-0630_CAM_FRONT_440a528d_c1a3b338,0,55376,25.149664724883856,0.036573423708581965,0.5785005121739816,0.36361726157644525,68.19779968261719
scene-0630_CAM_FRONT_440a528d_c1a3b338,1,55990,24.76026299055232,0.03276828969936063,0.5858219735770757,0.3676489900979697,69.31741333007812
scene-0630_CAM_FRONT_440a528d_c1a3b338,2,55914,24.865457589285715,0.038571476294460894,0.5884682058151446,0.3671499487826018,69.16768646240234
scene-0630_CAM_FRONT_440a528d_c1a3b338,3,54642,25.007816116898148,0.044424570308298605,0.5814750610668978,0.35879757308328736,65.88323211669922
scene-0630_CAM_FRONT_440a528d_c1a3b338,4,57359,24.765163389574578,0.030274574226347717,0.600543692380427,0.37682872376749926,68.28390502929688
scene-0630_CAM_FRONT_b620d468_64701483,0,67826,27.70904709507042,0.030344502019997055,0.6073661124681533,0.44735114122869224,66.36331176757812
scene-0630_CAM_FRONT_b620d468_64701483,1,69534,27.928528032584882,0.02678477489459019,0.6102027683660337,0.4630446773303916,66.636474609375
scene-0630_CAM_FRONT_b620d468_64701483,2,68834,30.33717184905922,0.03550013651225803,0.604266803246395,0.46749665117012057,67.31221771240234
scene-0630_CAM_FRONT_b620d468_64701483,3,73370,28.643187907735324,0.01908634220510752,0.6306700286292123,0.49855540671867205,68.29476928710938
scene-0630_CAM_FRONT_b620d468_64701483,4,74318,28.561528728928355,0.014759307053838322,0.6302432169779109,0.5169805373887006,69.1863784790039
scene-0630_CAM_FRONT_705b8eb6_f311006d,0,78282,22.714909135394166,0.020247486743745657,0.6892351535208678,0.5289312636251412,69.81409454345703
scene-0630_CAM_FRONT_705b8eb6_f311006d,1,69682,24.576403068773676,0.018393159827061467,0.6203083550022326,0.4806424500302051,67.56378173828125
scene-0630_CAM_FRONT_705b8eb6_f311006d,2,72459,23.266615986099037,0.017338634895912364,0.6508483702361253,0.4960798991411236,72.31471252441406
scene-0630_CAM_FRONT_705b8eb6_f311006d,3,70416,22.055139781282453,0.018252589126089402,0.6323510099020303,0.4845756835552754,74.0278091430664
scene-0630_CAM_FRONT_705b8eb6_f311006d,4,69257,21.850302630659584,0.025507870697227375,0.6337824705171644,0.4737543666115095,76.12935638427734
scene-0630_CAM_FRONT_dbb64a08_6cefb90d,0,77917,25.263555252199865,0.029713176551036113,0.6509271662332887,0.527631129671946,72.9003677368164
scene-0630_CAM_FRONT_dbb64a08_6cefb90d,1,73904,23.868302094362086,0.030877533998098894,0.6147992015338954,0.49682189478107847,75.11112976074219
scene-0630_CAM_FRONT_dbb64a08_6cefb90d,2,78653,23.344384440825937,0.027971257192621835,0.6532253828172195,0.5294762692721876,75.21862030029297
scene-0630_CAM_FRONT_dbb64a08_6cefb90d,3,75997,23.114976602157363,0.025589606184460933,0.64836629632548,0.5197383972894177,75.87279510498047
scene-0630_CAM_FRONT_dbb64a08_6cefb90d,4,75975,24.39729262357831,0.03385116123250853,0.6539082814593019,0.5321028025109658,73.76454162597656
scene-0632_CAM_FRONT_78c80690_ce0b0c67,0,51403,27.50273921246129,0.026695571920559047,0.7613137919260369,0.33752922018228143,75.13420867919922
scene-0632_CAM_FRONT_78c80690_ce0b0c67,1,49652,24.382766326832147,0.013511115452582656,0.7632968245213143,0.3260315709295301,77.84109497070312
scene-0632_CAM_FRONT_78c80690_ce0b0c67,2,48759,23.925209396720245,0.012241495055715479,0.7684907940009981,0.32016783547395794,83.28545379638672
scene-0632_CAM_FRONT_78c80690_ce0b0c67,3,47966,20.698571630271086,0.016904884178274626,0.7652273264518162,0.3149607333280803,85.25958251953125
scene-0632_CAM_FRONT_78c80690_ce0b0c67,4,47046,26.387104345493558,0.00742778108766462,0.7650894334567804,0.30891970687889053,79.59407806396484
scene-0632_CAM_FRONT_4483f3a6_fe4272b3,0,76134,18.59238138686132,0.013834574621372386,0.752403277913482,0.5049904131536784,77.06903076171875
scene-0632_CAM_FRONT_4483f3a6_fe4272b3,1,78000,19.864225008074932,0.019874776511155323,0.7276876001365797,0.5201717752738161,73.23214721679688
scene-0632_CAM_FRONT_4483f3a6_fe4272b3,2,78950,20.98687332722046,0.0239602859291006,0.7034906626743361,0.5317547868568276,70.47066497802734
scene-0632_CAM_FRONT_4483f3a6_fe4272b3,3,68501,22.397246896404116,0.020475460835906123,0.671545452157697,0.45310981535471334,70.96171569824219
scene-0632_CAM_FRONT_4483f3a6_fe4272b3,4,61625,21.969006216397855,0.016578644328942627,0.6540593071205316,0.4062196307094266,71.0954818725586
scene-0632_CAM_FRONT_219ea9af_619376b3,0,71535,21.318434764923698,0.022835234288322237,0.6339925931762667,0.49112888398602683,67.00965118408203
scene-0632_CAM_FRONT_219ea9af_619376b3,1,75390,19.477139379068348,0.03150252919111063,0.6487208783127151,0.5565164289654085,69.61758422851562
scene-0632_CAM_FRONT_219ea9af_619376b3,2,79992,20.08558474722992,0.04012257634889216,0.6774551519449479,0.582762062353899,67.44694519042969
scene-0632_CAM_FRONT_219ea9af_619376b3,3,77124,18.880836745209443,0.031031745488498963,0.6922097024137841,0.5602132744989888,69.61585235595703
scene-0632_CAM_FRONT_219ea9af_619376b3,4,71632,17.679210832471565,0.02922754380867798,0.6930370603839991,0.5238029574764269,71.34777069091797
scene-0632_CAM_FRONT_34dbd470_62eaf35b,0,92799,17.901998806682574,0.03739050515292597,0.6937527906915663,0.6952433483045728,69.81710052490234
scene-0632_CAM_FRONT_34dbd470_62eaf35b,1,102254,18.139262308184147,0.03021947931122404,0.7393559740498516,0.7737307278123605,69.2513198852539
scene-0632_CAM_FRONT_34dbd470_62eaf35b,2,102217,19.156235678276808,0.04255997191580274,0.7309182360202768,0.7611168019331285,69.66368865966797
scene-0632_CAM_FRONT_34dbd470_62eaf35b,3,101224,19.24404192985372,0.053691442955509316,0.7438604785543561,0.7488246263756467,68.46610260009766
scene-0632_CAM_FRONT_34dbd470_62eaf35b,4,100453,19.038495893771334,0.03982563197836875,0.7455414598271741,0.7194928164315919,70.21834564208984
scene-0632_CAM_FRONT_64aaf542_c4b8c55c,0,103898,15.022688505948215,0.04502221648537286,0.7478134110787172,0.6833451527329079,70.66268920898438
scene-0632_CAM_FRONT_64aaf542_c4b8c55c,1,107087,15.475501337944417,0.04728905632239577,0.7705132245948573,0.7066556352270638,69.8336181640625
scene-0632_CAM_FRONT_64aaf542_c4b8c55c,2,112828,15.009167496342652,0.03440823826659667,0.8185590838652063,0.7453773014997505,69.66606140136719
scene-0632_CAM_FRONT_64aaf542_c4b8c55c,3,124483,14.572632761714514,0.014080826661307277,0.8881884800252147,0.8179746802195782,68.57894897460938
scene-0632_CAM_FRONT_64aaf542_c4b8c55c,4,147150,15.670642963203164,0.01894960825555314,0.9896842907046989,0.966603629868936,66.65328216552734
scene-0632_CAM_FRONT_d7f6efdc_255cd0f1,0,133065,12.615127191310975,0.010480540355581436,0.9113019725264623,0.8772686680849946,70.77765655517578
scene-0632_CAM_FRONT_d7f6efdc_255cd0f1,1,117225,12.901031715104587,0.009190689596134227,0.8209689281117852,0.779673259265096,73.06939697265625
scene-0632_CAM_FRONT_d7f6efdc_255cd0f1,2,117048,13.815671674518846,0.01970011288633411,0.8189005331862474,0.7804218212381477,69.96334838867188
scene-0632_CAM_FRONT_d7f6efdc_255cd0f1,3,112799,14.292409062314979,0.03108508917226116,0.8040474877209571,0.7486604680482232,69.28764343261719
scene-0632_CAM_FRONT_d7f6efdc_255cd0f1,4,107838,14.858064977134147,0.02623935649115161,0.7779988443253749,0.7254681795498122,67.80286407470703
scene-0632_CAM_FRONT_b39f4a38_3b73acef,0,99215,17.562965029761898,0.01950539860842504,0.7416082263021039,0.6625561421479789,67.2295913696289
scene-0632_CAM_FRONT_b39f4a38_3b73acef,1,87726,17.06021306818182,0.01665223250586023,0.68897250019699,0.5887111601397316,70.9332504272461
scene-0632_CAM_FRONT_b39f4a38_3b73acef,2,85844,18.06981431159421,0.013642919018442168,0.6890184645286687,0.5800042024531821,68.11978912353516
scene-0632_CAM_FRONT_b39f4a38_3b73acef,3,83421,19.3082769703276,0.013624392942986674,0.677199064954167,0.5636343340424973,64.7301025390625
scene-0632_CAM_FRONT_b39f4a38_3b73acef,4,77847,17.368186218368237,0.014211022010445884,0.6485961179838731,0.5354844640558927,69.58161926269531
scene-0632_CAM_FRONT_705eb635_6ac07a4e,0,69465,22.61985873667851,0.029620138389931938,0.5945880282614977,0.5000459643316786,71.73023986816406
scene-0632_CAM_FRONT_705eb635_6ac07a4e,1,62692,23.433637546716493,0.020105654340362822,0.5716386940876736,0.47211278333727313,72.49639892578125
scene-0632_CAM_FRONT_705eb635_6ac07a4e,2,63873,23.31917596836191,0.0171230263181541,0.5815013263992855,0.42949071520500093,71.4738540649414
scene-0632_CAM_FRONT_705eb635_6ac07a4e,3,63117,23.02580835962145,0.014826226388904296,0.5861240248995351,0.41786173929031073,72.58299255371094
scene-0632_CAM_FRONT_705eb635_6ac07a4e,4,65021,24.93005133700103,0.02632995492086465,0.6004386310508759,0.43340424973078034,70.88153076171875
scene-0633_CAM_FRONT_fe5b1b2e_e762b41b,0,66171,29.25435838660834,0.02732639120142455,0.6117918209754944,0.44848055052136687,66.86885833740234
scene-0633_CAM_FRONT_fe5b1b2e_e762b41b,1,67857,28.48761491810878,0.02876660740724013,0.6199143750164159,0.46358311664434115,67.89071655273438
scene-0633_CAM_FRONT_fe5b1b2e_e762b41b,2,73884,29.68833239032034,0.0176846352230402,0.6352007984661046,0.5114516849210726,64.66898345947266
scene-0633_CAM_FRONT_fe5b1b2e_e762b41b,3,75264,29.79813765223831,0.017652797627655037,0.6414585139074935,0.5278346859979514,66.5970230102539
scene-0633_CAM_FRONT_fe5b1b2e_e762b41b,4,75372,30.034699603873246,0.027976638560011313,0.6535011688072913,0.5275523336747826,65.57499694824219
scene-0633_CAM_FRONT_9fde5c65_22a2197b,0,77483,28.3250232630273,0.02714474421830726,0.6653468337141807,0.5707522391195861,66.64204406738281
scene-0633_CAM_FRONT_9fde5c65_22a2197b,1,68723,28.6316147350692,0.016221556835227524,0.6312675649410343,0.5452420350379534,67.34646606445312
scene-0633_CAM_FRONT_9fde5c65_22a2197b,2,70353,27.78467548076922,0.01629222425447585,0.6406639876027631,0.5929989756520369,68.67362976074219
scene-0633_CAM_FRONT_9fde5c65_22a2197b,3,67324,28.173191009358295,0.02163424468046582,0.6436582354949701,0.5479013999422163,67.4798583984375
scene-0633_CAM_FRONT_9fde5c65_22a2197b,4,68111,28.59199834348137,0.019598760797677972,0.6669227536574476,0.5140847844929478,67.50259399414062
scene-0633_CAM_FRONT_3cd58b93_f334e3c6,0,78036,30.266460440751448,0.02029351867131801,0.7021314317232684,0.5495429832164526,65.40977478027344
scene-0633_CAM_FRONT_3cd58b93_f334e3c6,1,77578,29.171585508902794,0.021003998033463533,0.6899114858298532,0.5425498384682058,69.21530151367188
scene-0633_CAM_FRONT_3cd58b93_f334e3c6,2,85810,29.090385286629434,0.0203325723863359,0.7132547999894938,0.5937541039581856,69.60967254638672
scene-0633_CAM_FRONT_3cd58b93_f334e3c6,3,88526,31.05831760861561,0.0264096735494721,0.739671158038505,0.6059280855199223,67.93140411376953
scene-0633_CAM_FRONT_3cd58b93_f334e3c6,4,94949,30.745011383094642,0.027182561738582578,0.7685958553305492,0.6424697292044231,69.30393981933594
scene-0633_CAM_FRONT_5406def8_3f2c2941,0,80013,24.80486561133666,0.052421259751298965,0.7514971239461036,0.5301197699156883,69.08526611328125
scene-0633_CAM_FRONT_5406def8_3f2c2941,1,88565,23.78402930995131,0.04713972524781074,0.7517335119375935,0.5930777716492002,70.32743835449219
scene-0633_CAM_FRONT_5406def8_3f2c2941,2,90181,25.736392282579434,0.03931523149066152,0.7398221836997347,0.6021393113229848,65.7699203491211
scene-0633_CAM_FRONT_5406def8_3f2c2941,3,88636,24.465851461947395,0.03707090369001609,0.725133296561868,0.6018569589998162,68.94534301757812
scene-0633_CAM_FRONT_5406def8_3f2c2941,4,94502,25.295296009234832,0.04625237598137533,0.7337417592519634,0.6506316812439261,67.75712585449219
scene-0633_CAM_FRONT_21af4cef_3b17af9e,0,88746,24.93824544883867,0.04449166077292843,0.7140230609618364,0.6027302813017099,66.34259796142578
scene-0633_CAM_FRONT_21af4cef_3b17af9e,1,81898,26.353618421052634,0.04124335924878553,0.6917040947653192,0.5602723714968613,66.08515930175781
scene-0633_CAM_FRONT_21af4cef_3b17af9e,2,77183,25.955119231058333,0.040909764287326844,0.6695624195624196,0.5251950200929792,66.20818328857422
scene-0633_CAM_FRONT_21af4cef_3b17af9e,3,80748,25.968109256004684,0.03121154603275178,0.6736598114149135,0.5577180679221495,67.51090240478516
scene-0633_CAM_FRONT_21af4cef_3b17af9e,4,77966,27.182515387637512,0.036850382368886825,0.6702453182045018,0.5422018228140677,65.0823974609375
scene-0633_CAM_FRONT_df2eb0ab_b4568c3c,0,74252,24.71211326691138,0.029248394697373392,0.6699104352165577,0.5020946602579256,67.99610137939453
scene-0633_CAM_FRONT_df2eb0ab_b4568c3c,1,78715,25.255934533735243,0.03989319099961275,0.7002862921230268,0.5510138418301683,68.25637817382812
scene-0633_CAM_FRONT_df2eb0ab_b4568c3c,2,72342,24.453957170337954,0.02838283390856411,0.6755903133454154,0.49404433588107055,70.28368377685547
scene-0633_CAM_FRONT_df2eb0ab_b4568c3c,3,69968,23.7651035299511,0.026643967931957224,0.6659969006907782,0.4749231739027657,70.43109130859375
scene-0633_CAM_FRONT_df2eb0ab_b4568c3c,4,73329,24.67526925115651,0.02658086755295086,0.6899114858298532,0.501910802931211,69.06492614746094
scene-0633_CAM_FRONT_c0b82f06_be997411,0,72361,34.60015583854509,0.024378446381293273,0.6842053423686076,0.5070194100806346,68.79974365234375
scene-0633_CAM_FRONT_c0b82f06_be997411,1,65419,34.36337946749282,0.03196870985678624,0.6731739027657395,0.4618561710398445,68.16471862792969
scene-0633_CAM_FRONT_c0b82f06_be997411,2,61040,30.528027497056513,0.029580047374372143,0.6699629658813332,0.42925432721351087,70.08840942382812
scene-0633_CAM_FRONT_c0b82f06_be997411,3,60529,30.225158691406254,0.020650910385479726,0.6770677382922281,0.40882646494891395,72.01881408691406
scene-0633_CAM_FRONT_c0b82f06_be997411,4,57895,31.994929321923745,0.023808099235315794,0.6685183726000052,0.3901583799542983,71.71870422363281
scene-0633_CAM_FRONT_4269e4e8_511bbef9,0,60531,33.77710680242633,0.020747044838051565,0.6719722638089985,0.39918052162950124,72.02281188964844
scene-0633_CAM_FRONT_4269e4e8_511bbef9,1,62923,34.095611829501905,0.022503218891555044,0.6778228665983768,0.4151038793895937,70.83589172363281
scene-0633_CAM_FRONT_4269e4e8_511bbef9,2,65036,35.118500389004154,0.023229086992350823,0.6879153205683818,0.4288078165629186,71.96634674072266
scene-0633_CAM_FRONT_4269e4e8_511bbef9,3,62513,34.383078905630455,0.025776878557977945,0.6900690778241798,0.41372494943923516,71.69190979003906
scene-0633_CAM_FRONT_4269e4e8_511bbef9,4,62216,37.8937179746494,0.026823125991673358,0.6940876736795104,0.41427652141937854,69.2508316040039
scene-0634_CAM_FRONT_3bb017b6_cb0da387,0,51225,33.97112362323359,0.012068626735736832,0.6905681191395477,0.33636041289102514,71.39089965820312
scene-0634_CAM_FRONT_3bb017b6_cb0da387,1,48716,34.16856777815014,0.015106151622938047,0.6876264019121162,0.3198854831507893,71.50305938720703
scene-0634_CAM_FRONT_3bb017b6_cb0da387,2,48788,36.41065094394934,0.014067578383444301,0.6846715520184908,0.32035825913376936,69.91249084472656
scene-0634_CAM_FRONT_3bb017b6_cb0da387,3,45817,34.74876059322034,0.01238710335568971,0.6796614398655215,0.3008496835027447,70.07362365722656
scene-0634_CAM_FRONT_3bb017b6_cb0da387,4,45496,33.87446841551988,0.013762893223966621,0.6715651511569879,0.29874189057862527,72.0967025756836
scene-0634_CAM_FRONT_9497e9cc_ac54c36b,0,64231,39.97383942161339,0.024629913181848373,0.6711317731725895,0.4326162897591469,70.8644790649414
scene-0634_CAM_FRONT_9497e9cc_ac54c36b,1,63678,38.4430294060559,0.02549628704015161,0.676233813988916,0.4298781288577207,73.89848327636719
scene-0634_CAM_FRONT_9497e9cc_ac54c36b,2,62313,36.50394460441843,0.017510328059885616,0.681526278465054,0.42067869618890025,75.66571807861328
scene-0634_CAM_FRONT_9497e9cc_ac54c36b,3,65643,42.125995568813714,0.021863101580887,0.6801867465132772,0.4482572951960707,70.22373962402344
scene-0634_CAM_FRONT_9497e9cc_ac54c36b,4,62376,39.98484821764483,0.02080522215378533,0.6724581724581724,0.43391642371234207,71.52066802978516
scene-0634_CAM_FRONT_f3b10b3a_7955a19c,0,65114,26.67172201370757,0.017279088537329734,0.6749665117012056,0.4379153205683818,68.21442413330078
scene-0634_CAM_FRONT_f3b10b3a_7955a19c,1,71005,25.71377552867902,0.023383867884544163,0.681637906127702,0.4848120715467654,66.87860107421875
scene-0634_CAM_FRONT_f3b10b3a_7955a19c,2,75996,25.077167563056374,0.02296629455483279,0.7010020224305938,0.5256874950752501,67.02201080322266
scene-0634_CAM_FRONT_f3b10b3a_7955a19c,3,81721,25.654783858320034,0.040558094940832845,0.7303272660415517,0.5570351692800672,67.5089111328125
scene-0634_CAM_FRONT_f3b10b3a_7955a19c,4,92902,26.228215002360724,0.06510244475048843,0.7257702308722717,0.6383986026843169,67.90985870361328
scene-0634_CAM_FRONT_f1ad72cd_f710d323,0,79904,18.143583131067963,0.023989390100836783,0.7094988574580411,0.5340661361069524,71.02057647705078
scene-0634_CAM_FRONT_f1ad72cd_f710d323,1,66227,19.904154554263567,0.014353937705740005,0.6455887374254721,0.435728731647099,70.2759017944336
scene-0634_CAM_FRONT_f1ad72cd_f710d323,2,57609,20.11772547468354,0.00965809252236216,0.620137630341712,0.3782798833819242,71.21305847167969
scene-0634_CAM_FRONT_f1ad72cd_f710d323,3,52308,20.433809168198533,0.009996392596855808,0.5972670921650514,0.3434717516350169,70.94225311279297
scene-0634_CAM_FRONT_f1ad72cd_f710d323,4,51525,20.695185567348005,0.016031753627746337,0.6015746066766475,0.3383303128201087,70.07028198242188
scene-0634_CAM_FRONT_f96a3767_475a324f,0,57865,26.262602174811146,0.0192803435555704,0.6046476505660179,0.38007249231739026,67.59943389892578
scene-0634_CAM_FRONT_f96a3767_475a324f,1,61250,25.57883588897516,0.017817476984278713,0.6183778530717307,0.4075460299950096,70.33360290527344
scene-0634_CAM_FRONT_f96a3767_475a324f,2,60105,25.55368711890243,0.022481538025381553,0.6167428361305912,0.4017676568696977,69.09584045410156
scene-0634_CAM_FRONT_f96a3767_475a324f,3,59965,25.681230065309848,0.020029821532565606,0.6156659575026922,0.40326478081580125,67.66110229492188
scene-0634_CAM_FRONT_f96a3767_475a324f,4,59402,27.234703445924257,0.01933449962186784,0.615449268510493,0.39759803535313737,66.44087219238281
scene-0634_CAM_FRONT_d1e063d5_0abca7b8,0,56746,27.311580596201743,0.021270744876970005,0.6215428256244583,0.3782076537178578,68.51671600341797
scene-0634_CAM_FRONT_d1e063d5_0abca7b8,1,56964,26.42152751150307,0.02152261604386929,0.6290678433535576,0.3824363722322906,69.975830078125
scene-0634_CAM_FRONT_d1e063d5_0abca7b8,2,53722,26.11299536967606,0.02609308747959771,0.6332440312032149,0.3604916870222993,68.88713836669922
scene-0634_CAM_FRONT_d1e063d5_0abca7b8,3,57421,28.286214192708332,0.02723370514110357,0.6426995508628162,0.3826924592230715,67.5865478515625
scene-0634_CAM_FRONT_d1e063d5_0abca7b8,4,55063,26.86041633765003,0.028106248809669054,0.6328106532188165,0.36156199931710137,69.74180603027344
scene-0634_CAM_FRONT_3334c156_f1ec5400,0,46438,26.24868343298109,0.017681277065487944,0.6397250019698999,0.3049273763559478,70.47649383544922
scene-0634_CAM_FRONT_3334c156_f1ec5400,1,50035,27.424802871202726,0.019728458730061682,0.6429096735219184,0.32854647650566016,69.53470611572266
scene-0634_CAM_FRONT_3334c156_f1ec5400,2,50907,27.01518077873918,0.022637930828431685,0.6446169201271242,0.3342723189661965,70.81486511230469
scene-0634_CAM_FRONT_3334c156_f1ec5400,3,48785,27.14767131399601,0.02164179935444066,0.6470792950384787,0.32035825913376936,69.43563842773438
scene-0634_CAM_FRONT_3334c156_f1ec5400,4,47886,25.884647446324006,0.02388488717134729,0.6470333307068001,0.31443542668032465,70.77375030517578
scene-0634_CAM_FRONT_abaa0e0b_583aa03b,0,39261,21.58931053489264,0.02066071433442529,0.6479263520079847,0.2578008037191711,69.91427612304688
scene-0634_CAM_FRONT_abaa0e0b_583aa03b,1,36673,19.562456696769882,0.01994574980507169,0.6497255272765476,0.24080713366427653,72.6736068725586
scene-0634_CAM_FRONT_abaa0e0b_583aa03b,2,38468,20.98085713432122,0.02332158766379977,0.6535536994720669,0.25262653323877815,70.49127960205078
scene-0634_CAM_FRONT_abaa0e0b_583aa03b,3,41221,20.670960281664204,0.025179061610653974,0.6562787277072991,0.27067081658918396,71.61924743652344
scene-0634_CAM_FRONT_abaa0e0b_583aa03b,4,37386,20.471863879003553,0.02117893157992068,0.6582420613032858,0.24548892916239856,71.2420883178711
scene-0635_CAM_FRONT_43f05ac3_b0715ea6,0,32272,18.198029748102865,0.02780355915539956,0.6582617603025767,0.21190870170462006,72.5455093383789
scene-0635_CAM_FRONT_43f05ac3_b0715ea6,1,31075,18.368941222185864,0.029755450404699513,0.6567186720247945,0.2040488009875765,72.20816040039062
scene-0635_CAM_FRONT_43f05ac3_b0715ea6,2,29059,18.16126886609907,0.030543520588421913,0.6563509573713655,0.1908110734641347,72.25785827636719
scene-0635_CAM_FRONT_43f05ac3_b0715ea6,3,29810,18.279978689684885,0.029656038211269387,0.6561211357129725,0.19574238961994064,72.45747375488281
scene-0635_CAM_FRONT_43f05ac3_b0715ea6,4,29236,18.05579295661879,0.024915045696434213,0.6561933653770389,0.191973314422294,72.38623046875
scene-0635_CAM_FRONT_0c81f97d_e5a4fc27,0,33919,16.963447169968834,0.03477714478406435,0.6548210017597773,0.22272345231528906,73.14940643310547
scene-0635_CAM_FRONT_0c81f97d_e5a4fc27,1,33606,17.2649416909621,0.03407174693244497,0.6548800987576497,0.22066819005594515,72.1418685913086
scene-0635_CAM_FRONT_0c81f97d_e5a4fc27,2,31496,17.426510501217535,0.03646104363727032,0.6549917264202979,0.20681322722139048,71.50038146972656
scene-0635_CAM_FRONT_0c81f97d_e5a4fc27,3,33394,17.076907515301315,0.03536049371646488,0.6548800987576497,0.21927612743939273,72.72733306884766
scene-0635_CAM_FRONT_0c81f97d_e5a4fc27,4,31943,16.671407530737707,0.031085819731814013,0.654860399758359,0.20974837811572505,73.27412414550781
scene-0635_CAM_FRONT_01076466_c594b596,0,36945,17.72841185365275,0.04214133017003929,0.6552478134110787,0.24259317626664564,72.36043548583984
scene-0635_CAM_FRONT_01076466_c594b596,1,34518,17.537251255795983,0.04247971153181007,0.6551164867491398,0.2266566858403593,73.15802764892578
scene-0635_CAM_FRONT_01076466_c594b596,2,36392,17.863326165069683,0.038806177388901686,0.6552543797441757,0.23896199406403487,72.18270111083984
scene-0635_CAM_FRONT_01076466_c594b596,3,36305,18.138957358511586,0.038398856954208416,0.6552937777427573,0.23839072308460063,71.32601928710938
scene-0635_CAM_FRONT_01076466_c594b596,4,35146,18.54454752604166,0.04574882371478961,0.6551821500801093,0.23078034302524097,70.14739227294922
scene-0635_CAM_FRONT_39ca468b_3ad79c14,0,34144,17.370087594696965,0.04236022559970909,0.6553791400730177,0.22420087726210175,71.67861938476562
scene-0635_CAM_FRONT_39ca468b_3ad79c14,1,33559,17.303864282024797,0.04384210908943764,0.6553594410737268,0.22035957240038873,71.88956451416016
scene-0635_CAM_FRONT_39ca468b_3ad79c14,2,32996,17.573184328310152,0.04007959726513466,0.6552609460772726,0.21666272686680849,71.65975952148438
scene-0635_CAM_FRONT_39ca468b_3ad79c14,3,34434,17.678581826752442,0.03288068770580277,0.6555892627321199,0.2261051138602159,70.6390609741211
scene-0635_CAM_FRONT_39ca468b_3ad79c14,4,32977,17.852205321443606,0.04112867812756882,0.6557140230609618,0.21653796653796653,71.07937622070312
scene-0635_CAM_FRONT_4c9136c0_e55fea30,0,35566,17.837623871664054,0.03470916052569395,0.6557402883933496,0.23353820292595803,71.5391616821289
scene-0635_CAM_FRONT_4c9136c0_e55fea30,1,34664,17.534703191301265,0.0361062056895991,0.655812518057416,0.22761537047251332,71.36054992675781
scene-0635_CAM_FRONT_4c9136c0_e55fea30,2,34018,17.667389509962934,0.03553613383216203,0.6560160743834214,0.22337351929188665,71.79743194580078
scene-0635_CAM_FRONT_4c9136c0_e55fea30,3,35429,17.6478883552015,0.03734915393075511,0.6562196307094267,0.2326386152916765,71.27410888671875
scene-0635_CAM_FRONT_4c9136c0_e55fea30,4,33176,17.56818676352437,0.033232899409618044,0.6563115593727838,0.21784466682425865,72.06580352783203
scene-0635_CAM_FRONT_b8d19bb7_135678a1,0,37295,19.21782333485402,0.026525255157557215,0.6565676463635647,0.2448913928505765,71.40335083007812
scene-0635_CAM_FRONT_b8d19bb7_135678a1,1,33861,18.933062272536393,0.027162900505389942,0.6565873453628556,0.22234260499566622,71.55461883544922
scene-0635_CAM_FRONT_b8d19bb7_135678a1,2,33919,19.567719394720882,0.03224905422357072,0.6567449373571822,0.22272345231528906,70.39642333984375
scene-0635_CAM_FRONT_b8d19bb7_135678a1,3,33107,19.700812274368232,0.030517921191718145,0.6566989730255036,0.21739158984056944,70.8293228149414
scene-0635_CAM_FRONT_b8d19bb7_135678a1,4,33274,19.024296952428145,0.028667155864183336,0.6567777690226669,0.21848816746775931,71.98811340332031
scene-0635_CAM_FRONT_e553a1df_741476cb,0,31107,17.824321870074858,0.03374292188078121,0.6566858403593098,0.20425892364667875,70.80850982666016
scene-0635_CAM_FRONT_e553a1df_741476cb,1,31725,17.903895970394743,0.031221386997898115,0.6568696976860242,0.20831691750059098,71.51009368896484
scene-0635_CAM_FRONT_e553a1df_741476cb,2,31480,17.94697620573159,0.030030998761207073,0.6567974680219578,0.20670816589183935,71.07682800292969
scene-0635_CAM_FRONT_e553a1df_741476cb,3,30857,18.578573473728497,0.02481344081378012,0.6566924066924067,0.20261734037244242,69.8253173828125
scene-0635_CAM_FRONT_e553a1df_741476cb,4,31212,18.044358811936934,0.029416216077639668,0.6568565650198304,0.20494838862185802,71.09845733642578
scene-0635_CAM_FRONT_7057a04d_b8f4bec2,0,29698,16.16718464872263,0.03431948634563908,0.6568368660205395,0.19500696031308276,70.83573150634766
scene-0635_CAM_FRONT_7057a04d_b8f4bec2,1,29768,16.054273200757574,0.032967315797920005,0.6565873453628556,0.19546660362986892,71.23162841796875
scene-0635_CAM_FRONT_7057a04d_b8f4bec2,2,30785,15.769519258442056,0.03311021899068045,0.6565742126966617,0.20214456438946235,72.65718841552734
scene-0635_CAM_FRONT_7057a04d_b8f4bec2,3,29887,15.957269695276047,0.03467823621416999,0.656528248364983,0.19624799726840544,71.95584106445312
scene-0635_CAM_FRONT_7057a04d_b8f4bec2,4,29365,15.95897262940292,0.038596715383713676,0.6566070443621465,0.19282037139179997,72.18400573730469
scene-0636_CAM_FRONT_3ac231a1_925af658,0,79789,24.986227414412514,0.025405457591125558,0.6947049089906233,0.5363512200246894,64.86951446533203
scene-0636_CAM_FRONT_3ac231a1_925af658,1,81463,25.18243515533411,0.0290507507002431,0.7006605731095527,0.5471659706353584,66.30998229980469
scene-0636_CAM_FRONT_3ac231a1_925af658,2,82031,23.04165770495952,0.020482343214445642,0.7088750558138314,0.5530822367557061,70.34989166259766
scene-0636_CAM_FRONT_3ac231a1_925af658,3,81218,22.83976611024844,0.024650208662410966,0.7314041446694508,0.5587292832190791,70.99073028564453
scene-0636_CAM_FRONT_3ac231a1_925af658,4,81245,24.623893081872172,0.023311561278525517,0.7474522627583852,0.5953694219000342,68.14871215820312
scene-0636_CAM_FRONT_f3501361_a1165ef3,0,82559,21.800490542309817,0.028561273504482898,0.7609132456071231,0.6155149318414624,70.91595458984375
scene-0636_CAM_FRONT_f3501361_a1165ef3,1,93227,22.596565755208335,0.043748225570786836,0.7857471173797704,0.7436109578966722,69.41252899169922
scene-0636_CAM_FRONT_f3501361_a1165ef3,2,87281,20.50170952811804,0.03187864357308756,0.8028064507656344,0.6972132482336564,74.1936264038086
scene-0636_CAM_FRONT_f3501361_a1165ef3,3,93660,21.109010667067306,0.026561809339218367,0.8238712473406351,0.737622462112258,71.41857147216797
scene-0636_CAM_FRONT_f3501361_a1165ef3,4,93271,19.95754227823867,0.022305241508480123,0.8352047382659628,0.6803706038399916,73.92973327636719
scene-0636_CAM_FRONT_52d62696_d98b25de,0,114394,17.448026823906847,0.03343954135761873,0.8422175820135004,0.765975888424868,75.4942855834961
scene-0636_CAM_FRONT_52d62696_d98b25de,1,124756,18.125091537187984,0.033774629740698,0.8918524938933102,0.8306345704304888,75.50917053222656
scene-0636_CAM_FRONT_52d62696_d98b25de,2,125849,17.96891383830022,0.03195698929133961,0.9017676568696977,0.837581750847057,76.00010681152344
scene-0636_CAM_FRONT_52d62696_d98b25de,3,135251,16.8793992535058,0.033733762391440436,0.9312439261418853,0.8972762850313871,79.10389709472656
scene-0636_CAM_FRONT_52d62696_d98b25de,4,136721,16.906383883568548,0.0327204800220362,0.9408307724634255,0.9054185380715993,79.33285522460938
scene-0636_CAM_FRONT_98e1aaf2_52c9f322,0,121516,15.928248271004097,0.04106176650733895,0.9436936936936937,0.797927665274604,80.48838806152344
scene-0636_CAM_FRONT_98e1aaf2_52c9f322,1,124343,16.05739926560321,0.07349892892894161,0.9476794578835395,0.8170553935860059,79.94013977050781
scene-0636_CAM_FRONT_98e1aaf2_52c9f322,2,124007,15.583451372663546,0.057785674587359726,0.9491962808289339,0.8149672996611772,81.01591491699219
scene-0636_CAM_FRONT_98e1aaf2_52c9f322,3,120366,15.446828064437984,0.05601465783747095,0.9478830142095448,0.7904617445433771,81.41539764404297
scene-0636_CAM_FRONT_98e1aaf2_52c9f322,4,124398,15.759618219339625,0.06173161713157649,0.9472460798991411,0.8170816589183936,81.77139282226562
scene-0636_CAM_FRONT_c64a7057_0d28a80a,0,126273,16.600797526041667,0.021656297145383974,0.9513040737530534,0.8294329314737477,79.17340087890625
scene-0636_CAM_FRONT_c64a7057_0d28a80a,1,127609,17.757798881464268,0.022736025887295952,0.9580936621752948,0.838409108817272,78.59355163574219
scene-0636_CAM_FRONT_c64a7057_0d28a80a,2,120715,17.8058748100304,0.025389974410467087,0.9619218343708139,0.792766527460405,76.86711120605469
scene-0636_CAM_FRONT_c64a7057_0d28a80a,3,121434,17.78316352054429,0.0350500478784912,0.9618233393743598,0.7974614556247209,77.71211242675781
scene-0636_CAM_FRONT_c64a7057_0d28a80a,4,115853,16.77427620101986,0.03252124071365481,0.9567803955559058,0.7609066792740262,74.36373138427734
scene-0636_CAM_FRONT_73d95c15_01ec0ffb,0,124143,21.087225568737768,0.05969360072665131,0.9433259790402647,0.817751424894282,71.87117767333984
scene-0636_CAM_FRONT_73d95c15_01ec0ffb,1,122354,22.65381332599119,0.08304904212274788,0.905930712053161,0.8062669083077246,68.79380798339844
scene-0636_CAM_FRONT_73d95c15_01ec0ffb,2,122315,27.380298546959203,0.06650771201233363,0.9019777795288,0.8052819583431828,65.56376647949219
scene-0636_CAM_FRONT_73d95c15_01ec0ffb,3,99801,23.7691750497246,0.01988855672220291,0.8409831113912747,0.6557862527250282,68.59261322021484
scene-0636_CAM_FRONT_73d95c15_01ec0ffb,4,83687,23.92816670237512,0.026436667262481617,0.7789903606230136,0.549739973209361,68.75994873046875
scene-0636_CAM_FRONT_0c9652d8_6d6d1ee8,0,83434,32.67282006048387,0.0219057072986526,0.7265778898431959,0.5488272529088856,65.83332061767578
scene-0636_CAM_FRONT_0c9652d8_6d6d1ee8,1,84716,31.75226945935583,0.020703928361189172,0.7059858692511753,0.5639166863656659,67.20470428466797
scene-0636_CAM_FRONT_0c9652d8_6d6d1ee8,2,82544,34.487098888422814,0.024907812131512053,0.704830194626113,0.5563654033041788,65.2999038696289
scene-0636_CAM_FRONT_0c9652d8_6d6d1ee8,3,79437,31.889116043613715,0.025688366768109816,0.7016652220733853,0.5278346859979514,67.82256317138672
scene-0636_CAM_FRONT_0c9652d8_6d6d1ee8,4,80082,31.131479527828464,0.03151307992794061,0.6994458014866178,0.5537388700654007,68.134521484375
scene-0636_CAM_FRONT_7c81ac95_378d5e91,0,84324,32.75848085909417,0.02661874056922864,0.6950857563102462,0.610754340346177,70.255126953125
scene-0636_CAM_FRONT_7c81ac95_378d5e91,1,83298,33.28055923100872,0.027881673309640753,0.6870222992671973,0.6082985317679195,69.11296081542969
scene-0636_CAM_FRONT_7c81ac95_378d5e91,2,84815,36.03641546070101,0.02566946147410576,0.7065637065637066,0.6008063457043049,65.6183853149414
scene-0636_CAM_FRONT_7c81ac95_378d5e91,3,84755,32.74929094471947,0.035035801152385915,0.7314501090011294,0.5976873374832559,67.9984359741211
scene-0636_CAM_FRONT_7c81ac95_378d5e91,4,82030,34.02775493421053,0.024361306533079663,0.7410172563233788,0.5583353032332624,67.04743957519531
scene-0637_CAM_FRONT_8b77b8e2_26a15512,0,104977,30.71934403801842,0.06922455201080346,0.8969414020434429,0.6928926010558664,69.45919799804688
scene-0637_CAM_FRONT_8b77b8e2_26a15512,1,95763,31.05191278337532,0.0911455883925667,0.8979723163396632,0.6288117563627768,72.00939178466797
scene-0637_CAM_FRONT_8b77b8e2_26a15512,2,89732,32.752674905243204,0.026353625281777315,0.9093189399311848,0.5892102014550994,68.12478637695312
scene-0637_CAM_FRONT_8b77b8e2_26a15512,3,87637,32.36653491191607,0.039292792591698156,0.9096341239198382,0.5754537336169989,68.037353515625
scene-0637_CAM_FRONT_8b77b8e2_26a15512,4,81019,32.62808485307148,0.032595844166556365,0.9060489060489061,0.5319977411814146,68.55838012695312
scene-0637_CAM_FRONT_34aff80f_b3c0d188,0,104188,40.61201335023866,0.055016364207756574,0.904853833425262,0.6849604706747564,66.84288787841797
scene-0637_CAM_FRONT_34aff80f_b3c0d188,1,98542,39.61873942575637,0.05018873603234986,0.9100478029049458,0.6473879126940352,68.90150451660156
scene-0637_CAM_FRONT_34aff80f_b3c0d188,2,102425,40.98304372197309,0.0595964037674368,0.9041184041184042,0.6726617287841777,68.34828186035156
scene-0637_CAM_FRONT_34aff80f_b3c0d188,3,93843,38.1603732638889,0.03131802875957268,0.9032516481496073,0.6162043968166417,69.48750305175781
scene-0637_CAM_FRONT_34aff80f_b3c0d188,4,104291,40.32088402820831,0.03942126464817797,0.903179418485541,0.6848094450135267,70.88873291015625
scene-0637_CAM_FRONT_dcbda46c_d413774b,0,94900,35.20986579306313,0.03228635451480111,0.9033107451474799,0.623145010900113,70.98355102539062
scene-0637_CAM_FRONT_dcbda46c_d413774b,1,91500,35.597945190256034,0.037664666727766916,0.9048407007590681,0.6008194783704988,71.2154769897461
scene-0637_CAM_FRONT_dcbda46c_d413774b,2,87772,34.207610661165454,0.02214420996038169,0.9021747695217083,0.5763401885850865,72.45988464355469
scene-0637_CAM_FRONT_dcbda46c_d413774b,3,91002,38.226389848066304,0.019187390042729735,0.8945840884616395,0.59754944448822,69.2650375366211
scene-0637_CAM_FRONT_dcbda46c_d413774b,4,95303,39.45350313026094,0.03333509519827205,0.893441546502771,0.6257912431381819,68.8058853149414
scene-0637_CAM_FRONT_c6b4a9f6_a6c7d30b,0,84236,36.04994137331366,0.027466251825242205,0.8900336196254564,0.5531216347542878,67.55400085449219
scene-0637_CAM_FRONT_c6b4a9f6_a6c7d30b,1,78903,34.97298695515507,0.026309912190919604,0.8843274761642108,0.5181033803482783,68.52645874023438
scene-0637_CAM_FRONT_c6b4a9f6_a6c7d30b,2,78438,34.6395541487069,0.032444895738267254,0.8841764505029811,0.5150500354581987,69.03914642333984
scene-0637_CAM_FRONT_c6b4a9f6_a6c7d30b,3,73596,35.64023708140878,0.02304341399476173,0.8749901505003546,0.48325585060278936,69.72772979736328
scene-0637_CAM_FRONT_c6b4a9f6_a6c7d30b,4,76319,35.08247961395542,0.02760836652248999,0.8680232710844956,0.5011425419588685,71.80728149414062
scene-0637_CAM_FRONT_c0da6ecb_cae3569b,0,83162,50.611582118834086,0.033746907615583854,0.8484227667901137,0.5536075434034617,70.81774139404297
scene-0637_CAM_FRONT_c0da6ecb_cae3569b,1,79203,55.609899356139465,0.03386918834348318,0.8351850392666719,0.5358981430410001,69.24378204345703
scene-0637_CAM_FRONT_c0da6ecb_cae3569b,2,75971,56.47191229891021,0.02683295997392232,0.8308578257557849,0.5171315630499304,69.74079895019531
scene-0637_CAM_FRONT_c0da6ecb_cae3569b,3,70903,52.735809119864804,0.0288087842318836,0.8266750715730308,0.48276994195361544,69.800537109375
scene-0637_CAM_FRONT_c0da6ecb_cae3569b,4,73027,55.56566147859921,0.017715193701239862,0.8295051611378143,0.4984503453891209,69.17440032958984
scene-0637_CAM_FRONT_5bebe37b_6f1d27de,0,83031,56.83086067563819,0.036410641997671966,0.8434389199695322,0.5744359519869724,70.6798324584961
scene-0637_CAM_FRONT_5bebe37b_6f1d27de,1,79065,65.81776119402984,0.057870618893465675,0.8282181598508129,0.5441585900769574,67.74114227294922
scene-0637_CAM_FRONT_5bebe37b_6f1d27de,2,56174,54.00800490636224,0.041668300826715354,0.8179681138864813,0.3843668741627925,67.89054870605469
scene-0637_CAM_FRONT_5bebe37b_6f1d27de,3,52890,51.96513593863471,0.0500653997545768,0.8217306227510309,0.3587713077508996,70.79217529296875
scene-0637_CAM_FRONT_5bebe37b_6f1d27de,4,59701,47.02451283531222,0.05031388504972778,0.835303233262417,0.41105901820187535,75.48152160644531
scene-0637_CAM_FRONT_6df66081_a6c7ab79,0,67589,46.98026291444642,0.03364028359951021,0.8437212722927009,0.46149502271951254,73.94818878173828
scene-0637_CAM_FRONT_6df66081_a6c7ab79,1,68779,46.04274245689654,0.051317210397855195,0.8467614845165865,0.4715086806923542,73.40818786621094
scene-0637_CAM_FRONT_6df66081_a6c7ab79,2,70029,51.129195840197696,0.02434511444452081,0.8461311165392799,0.47999238305360753,73.30990600585938
scene-0637_CAM_FRONT_6df66081_a6c7ab79,3,65775,53.501093106995896,0.036070089553142726,0.8482586084626901,0.4483886218580096,71.38301849365234
scene-0637_CAM_FRONT_6df66081_a6c7ab79,4,67471,54.07659991835995,0.03514877211174028,0.8431434349801696,0.4601357917684448,73.75444793701172
scene-0637_CAM_FRONT_16af9720_2018466d,0,64685,55.079287889039264,0.023149247727733524,0.8350799779371207,0.4291361332177659,71.89476776123047
scene-0637_CAM_FRONT_16af9720_2018466d,1,57360,55.82494669930509,0.015642310069404974,0.8168190055945158,0.3807816562918604,71.46287536621094
scene-0637_CAM_FRONT_16af9720_2018466d,2,59755,57.62353172110554,0.02155195210500427,0.8229322617077719,0.3970333307068001,69.8455810546875
scene-0637_CAM_FRONT_16af9720_2018466d,3,64373,56.661926955990225,0.03139519267759461,0.8231949150316498,0.4272844272844273,70.22409057617188
scene-0637_CAM_FRONT_16af9720_2018466d,4,66364,60.6477444556452,0.03988731658114375,0.8203057284689937,0.4361358442991096,70.06414031982422
scene-0638_CAM_FRONT_ccd7c315_1646a03c,0,36400,43.35962506062076,0.04783792555300148,0.8185590838652063,0.23901452472881043,70.18183898925781
scene-0638_CAM_FRONT_ccd7c315_1646a03c,1,30798,42.25853701545633,0.026149357916207094,0.8187692065243085,0.20222992671972265,67.66903686523438
scene-0638_CAM_FRONT_ccd7c315_1646a03c,2,45113,42.3060988549007,0.04488214088632514,0.8174428072387256,0.29624668400178605,67.45398712158203
scene-0638_CAM_FRONT_ccd7c315_1646a03c,3,75809,55.24599715628092,0.14483640498464956,0.8199839781472434,0.4982730543955034,67.8670883178711
scene-0638_CAM_FRONT_ccd7c315_1646a03c,4,81960,64.97949415770006,0.2577184613404382,0.8236873900139207,0.5388989572663042,66.4895248413086
scene-0638_CAM_FRONT_e9a4cb5c_148a98a0,0,53047,43.648116706309466,0.33966726445569595,0.8296102224673654,0.3484752974548893,66.18814849853516
scene-0638_CAM_FRONT_e9a4cb5c_148a98a0,1,37692,66.79664373654471,0.2937374520660767,0.8383434454863026,0.24757045675413022,66.90092468261719
scene-0638_CAM_FRONT_e9a4cb5c_148a98a0,2,29028,43.127826336393085,0.04760526623447503,0.8481798124655268,0.19215060541591153,68.19445037841797
scene-0638_CAM_FRONT_e9a4cb5c_148a98a0,3,29381,44.64289556292325,0.07166037982356244,0.856315499172642,0.19386441835421428,67.90096282958984
scene-0638_CAM_FRONT_e9a4cb5c_148a98a0,4,41176,46.019118720794395,0.07290044020916553,0.8777151787355869,0.2709466025792556,67.56829833984375
scene-0638_CAM_FRONT_f2efcbf8_23cc2b13,0,77766,38.25010340073529,0.03978438244377425,0.9021485041893205,0.5110642712683529,67.5378189086914
scene-0638_CAM_FRONT_f2efcbf8_23cc2b13,1,83819,34.73583623656816,0.0407333828181895,0.9301210831823077,0.5505082341817036,68.95954132080078
scene-0638_CAM_FRONT_f2efcbf8_23cc2b13,2,93468,35.50414033239699,0.05003864165614402,0.9951146481758727,0.6145168492107268,66.00633239746094
scene-0638_CAM_FRONT_f2efcbf8_23cc2b13,3,107989,33.916838480029575,0.05257985044403002,1.0,0.7090917448060305,66.96043395996094
scene-0638_CAM_FRONT_f2efcbf8_23cc2b13,4,104271,30.350547261757423,0.03973127592603465,0.9797297297297297,0.6884143618837496,70.77430725097656
scene-0638_CAM_FRONT_84af29b7_7e4fbe4a,0,106306,18.511467225609756,0.026982851293475107,0.9437330916922754,0.707476426864182,69.52779388427734
scene-0638_CAM_FRONT_84af29b7_7e4fbe4a,1,111707,19.827343012275733,0.022993071125128495,0.9401741391537309,0.7418314816274,68.42323303222656
scene-0638_CAM_FRONT_84af29b7_7e4fbe4a,2,124495,20.749549357629785,0.056098693613819695,0.9363394006251149,0.8300173351193759,67.82770538330078
scene-0638_CAM_FRONT_84af29b7_7e4fbe4a,3,123106,22.495427836823183,0.05198267122771005,0.9325309274288867,0.818716675859533,66.49459075927734
scene-0638_CAM_FRONT_84af29b7_7e4fbe4a,4,117986,22.912195956829898,0.04313601552924129,0.9309615738187167,0.7828907624825993,66.58182525634766
scene-0638_CAM_FRONT_0b1c4f84_bbf22539,0,109032,25.269236288265308,0.02716999856954283,0.9265752633099572,0.717673942163738,63.81364059448242
scene-0638_CAM_FRONT_0b1c4f84_bbf22539,1,115009,23.046150510491877,0.026895793966519754,0.9273369579492029,0.7577876710529772,67.51041412353516
scene-0638_CAM_FRONT_0b1c4f84_bbf22539,2,108179,25.705424702250873,0.028248684593656037,0.924434638720353,0.716235915215507,62.2872428894043
scene-0638_CAM_FRONT_0b1c4f84_bbf22539,3,102694,23.833766480730226,0.030647114148467658,0.9256953746749665,0.674920547369527,64.47962188720703
scene-0638_CAM_FRONT_0b1c4f84_bbf22539,4,106446,23.591433281554576,0.03116559349457071,0.9260433903291047,0.7021511307225593,64.17777252197266
scene-0638_CAM_FRONT_bb0f2154_aac566f9,0,116458,24.05850305079155,0.028748978130128666,0.9271071362908098,0.7661860110839702,67.65687561035156
scene-0638_CAM_FRONT_bb0f2154_aac566f9,1,113768,22.85255293715847,0.04717463229528618,0.9249730780343025,0.7470385837732777,68.34989929199219
scene-0638_CAM_FRONT_bb0f2154_aac566f9,2,112422,22.498116978818864,0.04202888451631548,0.9267131563049931,0.7382002994247893,68.92546844482422
scene-0638_CAM_FRONT_bb0f2154_aac566f9,3,108464,23.222430479825515,0.0480875025663654,0.9260565229952985,0.7123289470228246,67.70338439941406
scene-0638_CAM_FRONT_bb0f2154_aac566f9,4,109077,22.350066734167893,0.04315997834059804,0.9272253302865547,0.716235915215507,69.93830871582031
scene-0638_CAM_FRONT_6918d5fa_457185e7,0,113991,22.15711000869061,0.04638736547517075,0.9281511832532241,0.7496716833451528,70.05162048339844
scene-0638_CAM_FRONT_6918d5fa_457185e7,1,122193,23.42589665748623,0.05308854953264497,0.9288669135607911,0.8059911223176529,68.51253509521484
scene-0638_CAM_FRONT_6918d5fa_457185e7,2,123391,23.33512226263963,0.04419604307431513,0.9282496782496783,0.8149279016625955,68.88075256347656
scene-0638_CAM_FRONT_6918d5fa_457185e7,3,117881,24.171415821605965,0.049309759745078896,0.9264373703149213,0.7750374280986526,69.1215591430664
scene-0638_CAM_FRONT_6918d5fa_457185e7,4,116227,26.144972528838505,0.05873378561493903,0.9265095999789877,0.7661860110839702,65.38269805908203
scene-0638_CAM_FRONT_171a761e_784b1e9d,0,119115,22.006479298917103,0.037744394772804224,0.9263388753184671,0.7853071730622752,67.63069152832031
scene-0638_CAM_FRONT_171a761e_784b1e9d,1,125784,21.668994869402987,0.03387295093810705,0.9271268352901006,0.8298334777926615,68.77316284179688
scene-0638_CAM_FRONT_171a761e_784b1e9d,2,124827,21.66049676772809,0.03327038134166482,0.9253407926877315,0.8237333543455992,68.96864318847656
scene-0638_CAM_FRONT_171a761e_784b1e9d,3,122764,22.245679982046678,0.02287194442788687,0.926122186326268,0.8085519922254616,68.4273452758789
scene-0638_CAM_FRONT_171a761e_784b1e9d,4,120792,21.933590089034677,0.02946413720266028,0.9250190423659811,0.7960365613426837,68.59523010253906
scene-0770_CAM_FRONT_4cecbedd_9935b3e1,0,82937,15.49744731877126,0.022256272157691992,0.7409515929924093,0.5449728153809786,71.45374298095703
scene-0770_CAM_FRONT_4cecbedd_9935b3e1,1,82178,15.618148676436517,0.026835760329858793,0.7410238226564757,0.5397000499041316,71.58822631835938
scene-0770_CAM_FRONT_4cecbedd_9935b3e1,2,81813,15.668320848301766,0.026227096802289296,0.7410041236571849,0.5375922569800121,71.0776596069336
scene-0770_CAM_FRONT_4cecbedd_9935b3e1,3,81884,15.496252388100434,0.022479946780451066,0.7410041236571849,0.5380650329629921,71.49759674072266
scene-0770_CAM_FRONT_4cecbedd_9935b3e1,4,81199,15.64568341893816,0.024815985584927702,0.7409515929924093,0.5336327581225541,71.11954498291016
scene-0770_CAM_FRONT_367b4ca6_2fa2a2c2,0,78824,15.74555597435429,0.019549544802931917,0.7409253276600215,0.5177881963596249,71.96836853027344
scene-0770_CAM_FRONT_367b4ca6_2fa2a2c2,1,78650,15.917027484939759,0.019787882861296735,0.7409515929924093,0.5164946287395267,71.95730590820312
scene-0770_CAM_FRONT_367b4ca6_2fa2a2c2,2,78331,15.908494685644618,0.020037458592101043,0.740872796995246,0.5143868358154072,71.80253601074219
scene-0770_CAM_FRONT_367b4ca6_2fa2a2c2,3,77847,15.664523895426294,0.01918398608067884,0.7409318939931184,0.5111955979302918,72.54373931884766
scene-0770_CAM_FRONT_367b4ca6_2fa2a2c2,4,78115,16.286029598577233,0.022887844860270512,0.7409253276600215,0.5129422425340793,71.20404815673828
scene-0770_CAM_FRONT_297c5290_5881d820,0,79433,16.07552650381056,0.025372319337560345,0.7409056286607307,0.5220628792057364,71.66436004638672
scene-0770_CAM_FRONT_297c5290_5881d820,1,79820,15.781722776223326,0.02345391974529032,0.7409712919917002,0.5243216977910855,72.21683502197266
scene-0770_CAM_FRONT_297c5290_5881d820,2,78587,15.97892941428029,0.02193184859118169,0.7409975573240879,0.5164617970740419,70.71428680419922
scene-0770_CAM_FRONT_297c5290_5881d820,3,78501,15.605817022289424,0.02072763476739592,0.7409712919917002,0.5158773934284139,72.20295715332031
scene-0770_CAM_FRONT_297c5290_5881d820,4,79596,15.86711260573308,0.022588977608504424,0.7408530979959551,0.5229493341738239,71.96016693115234
scene-0770_CAM_FRONT_bda037b6_e0286a70,0,83380,15.484857906435222,0.020930239353579516,0.7409581593255062,0.5478423029443438,72.10742950439453
scene-0770_CAM_FRONT_bda037b6_e0286a70,1,84368,15.687557784763314,0.02378121327481786,0.7409253276600215,0.5542838757124472,71.63584899902344
scene-0770_CAM_FRONT_bda037b6_e0286a70,2,82712,16.097656249999996,0.022505878152466297,0.7409318939931184,0.5432590024426759,71.30471801757812
scene-0770_CAM_FRONT_bda037b6_e0286a70,3,83895,15.702281472211832,0.021768518234939194,0.7410106899902819,0.5512108318230767,72.42686462402344
scene-0770_CAM_FRONT_bda037b6_e0286a70,4,82805,15.99632111237728,0.02100214702299441,0.7409712919917002,0.5440009980826307,71.70160675048828
scene-0770_CAM_FRONT_b380e87c_3e2d8c16,0,81747,15.968113601138986,0.021037938718493798,0.7409318939931184,0.5370472513329656,71.81478118896484
scene-0770_CAM_FRONT_b380e87c_3e2d8c16,1,80561,15.98266614179586,0.020132718168523134,0.7409384603262155,0.5290231922884984,71.80779266357422
scene-0770_CAM_FRONT_b380e87c_3e2d8c16,2,79441,15.945352933730874,0.018976304839405156,0.7409187613269246,0.5216492002206288,71.59896850585938
scene-0770_CAM_FRONT_b380e87c_3e2d8c16,3,79751,16.254203389123667,0.01961438646784508,0.7409056286607307,0.5237241614792635,69.6046371459961
scene-0770_CAM_FRONT_b380e87c_3e2d8c16,4,81613,16.581771192033976,0.019495730225358443,0.7409712919917002,0.5360163370367452,69.6426010131836
scene-0770_CAM_FRONT_4db81eb6_b687f913,0,84383,15.581254882812498,0.019290890174818554,0.7409778583247971,0.554172248049799,70.91681671142578
scene-0770_CAM_FRONT_4db81eb6_b687f913,1,83161,15.832691683496824,0.01885377426322865,0.740984424657894,0.5460693930081685,70.51556396484375
scene-0770_CAM_FRONT_4db81eb6_b687f913,2,81817,16.123787453865578,0.017039282203834105,0.7409581593255062,0.5372770729913587,69.78842163085938
scene-0770_CAM_FRONT_4db81eb6_b687f913,3,81949,16.11618015759312,0.01844563075971184,0.7409253276600215,0.5382751556220944,70.62290954589844
scene-0770_CAM_FRONT_4db81eb6_b687f913,4,82580,15.476634354096992,0.022162205603468488,0.740984424657894,0.5423988128069761,71.836181640625
scene-0770_CAM_FRONT_3fe58fa3_f8685421,0,78307,15.990718794931707,0.020258063089034106,0.7409778583247971,0.5148202137998056,71.32404327392578
scene-0770_CAM_FRONT_3fe58fa3_f8685421,1,78136,15.733010801080102,0.018437625553793247,0.7409187613269246,0.5134150185170593,71.62599182128906
scene-0770_CAM_FRONT_3fe58fa3_f8685421,2,78175,15.876536245458672,0.020210164981440126,0.7409056286607307,0.5136120085099677,71.22095489501953
scene-0770_CAM_FRONT_3fe58fa3_f8685421,3,75284,15.715144757005252,0.01633586294762468,0.7409318939931184,0.49469440285766814,72.12181854248047
scene-0770_CAM_FRONT_3fe58fa3_f8685421,4,77812,15.862328855407878,0.019943003164030415,0.7409581593255062,0.5113137919260369,71.23745727539062
scene-0770_CAM_FRONT_86bbdee8_d09375a2,0,83808,16.05689230156786,0.022068555636490794,0.7409581593255062,0.5507643211724844,70.91725158691406
scene-0770_CAM_FRONT_86bbdee8_d09375a2,1,83087,15.668027343749996,0.025558440153194084,0.740859664329052,0.5457476426864182,71.56824493408203
scene-0770_CAM_FRONT_86bbdee8_d09375a2,2,82593,15.929173778886554,0.028496204739878017,0.7409253276600215,0.5425761038005936,71.11786651611328
scene-0770_CAM_FRONT_86bbdee8_d09375a2,3,81163,15.703914369226329,0.0233256984903778,0.7409647256586032,0.5333635384655793,71.19548034667969
scene-0770_CAM_FRONT_86bbdee8_d09375a2,4,82516,16.026032816482576,0.024486217807381916,0.7408990623276338,0.5423331494760066,71.4181137084961
scene-0771_CAM_FRONT_5a3a15f4_e3ca1a55,0,79461,16.227991652896577,0.018643416297940973,0.7410566543219604,0.5218855882121188,70.50868225097656
scene-0771_CAM_FRONT_5a3a15f4_e3ca1a55,1,77376,16.57045387902145,0.017043837644992177,0.7414112363091955,0.5081028550416306,70.68058776855469
scene-0771_CAM_FRONT_5a3a15f4_e3ca1a55,2,78429,16.61264678446005,0.01860158289907954,0.7412799096472565,0.515141964121556,70.6933364868164
scene-0771_CAM_FRONT_5a3a15f4_e3ca1a55,3,77164,16.53345867406542,0.015595710348275116,0.7411420166522207,0.5067370577574659,70.14640808105469
scene-0771_CAM_FRONT_5a3a15f4_e3ca1a55,4,77550,16.373486060329068,0.016370388851515427,0.7411354503191238,0.5093176266645655,70.8982925415039
scene-0771_CAM_FRONT_f10350b3_f9adbe43,0,79647,16.81846017202693,0.016171783095404013,0.7409187613269246,0.523060961836472,70.11116027832031
scene-0771_CAM_FRONT_f10350b3_f9adbe43,1,78023,16.48557514998033,0.02098423553299833,0.7409581593255062,0.5123250072229664,71.19756317138672
scene-0771_CAM_FRONT_f10350b3_f9adbe43,2,78233,16.64256663602941,0.019172199168566273,0.7408924959945368,0.513703937173325,70.45925903320312
scene-0771_CAM_FRONT_f10350b3_f9adbe43,3,77969,16.683969873839903,0.020823794654174943,0.7408071336642765,0.5119704252357313,70.55046081542969
scene-0771_CAM_FRONT_f10350b3_f9adbe43,4,78620,16.712123021288214,0.02087303269970353,0.7406889396685316,0.5162451080818428,71.1613998413086
scene-0771_CAM_FRONT_f283d4f9_00dcc650,0,84441,16.65236154981359,0.02415006593404323,0.7405444803403987,0.5545268300370341,70.80413055419922
scene-0771_CAM_FRONT_f283d4f9_00dcc650,1,82615,16.473991131402183,0.021009270276188374,0.740393454679169,0.5424776088041394,71.04216003417969
scene-0771_CAM_FRONT_f283d4f9_00dcc650,2,82666,16.977764181726904,0.023078025990547868,0.7402818270165209,0.5428584561237623,69.81263732910156
scene-0771_CAM_FRONT_f283d4f9_00dcc650,3,82054,16.746011938295336,0.020838252179317562,0.7402818270165209,0.5387938959367531,70.25939178466797
scene-0771_CAM_FRONT_f283d4f9_00dcc650,4,83848,16.71963217585281,0.022950935951206786,0.7403343576812964,0.550573897512673,70.17122650146484
scene-0771_CAM_FRONT_8b830239_299d190b,0,83047,16.484876140425133,0.020570001205434618,0.7403474903474904,0.5453799280329893,70.24201202392578
scene-0771_CAM_FRONT_8b830239_299d190b,1,81360,16.387705571535765,0.020668112937977323,0.7403277913481995,0.5342762587660547,70.0902328491211
scene-0771_CAM_FRONT_8b830239_299d190b,2,81210,16.61489069206009,0.024909133508932868,0.7403015260158118,0.533284742468416,69.84751892089844
scene-0771_CAM_FRONT_8b830239_299d190b,3,80349,16.372716103830644,0.022597675198095413,0.7403212250151026,0.5276639613374308,70.4681167602539
scene-0771_CAM_FRONT_8b830239_299d190b,4,80879,16.15514796584752,0.02161200202271818,0.7403212250151026,0.531117852546424,70.8006362915039
scene-0771_CAM_FRONT_812bd271_7a827286,0,83523,16.50802929289715,0.021979039028301894,0.740386888346072,0.5484398392561658,70.6241226196289
scene-0771_CAM_FRONT_812bd271_7a827286,1,82920,16.230677541441132,0.022654737323708485,0.7403671893467811,0.5444803403987077,70.89861297607422
scene-0771_CAM_FRONT_812bd271_7a827286,2,81912,16.45021467776204,0.021117791933838337,0.7403146586820056,0.5378614766369868,70.28206634521484
scene-0771_CAM_FRONT_812bd271_7a827286,3,80644,16.10387555542563,0.022081500464154136,0.7403015260158118,0.5295353662700601,71.93524932861328
scene-0771_CAM_FRONT_812bd271_7a827286,4,82298,16.44782640597048,0.021907256843542555,0.7403606230136842,0.5403960812124078,70.71868896484375
scene-0771_CAM_FRONT_c4cf31f3_17986d8a,0,80912,16.212049749266146,0.01989114728836383,0.7403343576812964,0.5318073175216033,70.73306274414062
scene-0771_CAM_FRONT_c4cf31f3_17986d8a,1,80104,16.422938582920793,0.018571688973398004,0.7404131536784598,0.5262587660546845,70.84764099121094
scene-0771_CAM_FRONT_c4cf31f3_17986d8a,2,79341,16.44876453488372,0.019755034756420375,0.7403277913481995,0.5212420875686182,70.79083251953125
scene-0771_CAM_FRONT_c4cf31f3_17986d8a,3,79883,16.462800381600662,0.019520418224635794,0.7403277913481995,0.5249586321014893,70.33416748046875
scene-0771_CAM_FRONT_c4cf31f3_17986d8a,4,79177,16.429349622085137,0.02039234756324948,0.7403146586820056,0.520191474273107,70.02088165283203
scene-0771_CAM_FRONT_897c1f9d_e019f3b9,0,84128,16.431114783653847,0.02373822596262909,0.7402949596827147,0.5526357261051139,70.19605255126953
scene-0771_CAM_FRONT_897c1f9d_e019f3b9,1,82984,16.293216583508407,0.022480167169193876,0.7403409240143934,0.5451566727076931,70.22908782958984
scene-0771_CAM_FRONT_897c1f9d_e019f3b9,2,82200,16.233421123133297,0.019790313737218623,0.7403803220129751,0.5399036062301369,70.56814575195312
scene-0771_CAM_FRONT_897c1f9d_e019f3b9,3,80516,16.576818076208173,0.019661381658054644,0.740386888346072,0.5287671052977175,69.79977416992188
scene-0771_CAM_FRONT_897c1f9d_e019f3b9,4,82755,16.2486603926513,0.0207318533015326,0.7404065873453629,0.5434297271031965,70.59933471679688
scene-0771_CAM_FRONT_7af51b78_a6047e96,0,82273,16.612981174191372,0.022722570421498833,0.740386888346072,0.5406521682031886,69.93211364746094
scene-0771_CAM_FRONT_7af51b78_a6047e96,1,81373,16.13360965780543,0.021315659182742586,0.740268694350327,0.5347293357497439,71.15003204345703
scene-0771_CAM_FRONT_7af51b78_a6047e96,2,79461,16.641083774975638,0.020194350897828173,0.7402161636855514,0.5221548078690936,69.4158935546875
scene-0771_CAM_FRONT_7af51b78_a6047e96,3,80048,16.71734393084491,0.021259380940320316,0.7402555616841331,0.5260355107293883,69.55239868164062
scene-0771_CAM_FRONT_7af51b78_a6047e96,4,80960,16.907591503074745,0.024647241064225334,0.7402227300186484,0.5318138838547002,69.0580825805664
scene-0775_CAM_FRONT_e836d062_f3730479,0,80889,16.739512227580164,0.01780413242323231,0.7401570666876789,0.5311441178788118,70.70377349853516
scene-0775_CAM_FRONT_e836d062_f3730479,1,79719,16.892749868451823,0.019642229515477005,0.7402489953510362,0.5234615081553857,70.35811614990234
scene-0775_CAM_FRONT_e836d062_f3730479,2,78546,16.616095532803588,0.021306900771834947,0.7401701993538728,0.5157591994326688,70.64580535888672
scene-0775_CAM_FRONT_e836d062_f3730479,3,78268,16.389150851801986,0.019603100105568316,0.740143934021485,0.513933758831718,71.54444885253906
scene-0775_CAM_FRONT_e836d062_f3730479,4,79832,16.651449996864024,0.019609031396159216,0.7401767656869698,0.5242035037953405,71.14490509033203
scene-0775_CAM_FRONT_2dd792df_fb64e7f0,0,61689,12.652023178946779,0.014378388102001871,0.7401767656869698,0.4050705224174612,71.56436157226562
scene-0775_CAM_FRONT_2dd792df_fb64e7f0,1,80016,13.377591952997555,0.04903834914459426,0.7403803220129751,0.5254117090851784,68.536376953125
scene-0775_CAM_FRONT_2dd792df_fb64e7f0,2,89815,14.252850506756754,0.025958007703151154,0.745436398497623,0.5903593097470649,66.75096130371094
scene-0775_CAM_FRONT_2dd792df_fb64e7f0,3,84852,13.633126672995516,0.018443244726796815,0.748437212722927,0.5577705985869251,67.9649429321289
scene-0775_CAM_FRONT_2dd792df_fb64e7f0,4,69784,13.027464264755196,0.015463128847735597,0.74772148241536,0.4593215664644236,67.75308227539062
scene-0775_CAM_FRONT_5448c4ae_779b8b1c,0,66310,14.85891172921592,0.016798525507285333,0.7435781262311875,0.43541354765844564,69.7471694946289
scene-0775_CAM_FRONT_5448c4ae_779b8b1c,1,71681,14.928759641800513,0.01725031345681982,0.7407414703333071,0.47068132272213903,70.4778823852539
scene-0775_CAM_FRONT_5448c4ae_779b8b1c,2,81006,15.111050992398651,0.013764067266382352,0.7403803220129751,0.5319123788511544,70.09249114990234
scene-0775_CAM_FRONT_5448c4ae_779b8b1c,3,74648,15.229131315987928,0.019345522062365506,0.7404065873453629,0.49016363302077587,69.5731201171875
scene-0775_CAM_FRONT_5448c4ae_779b8b1c,4,68269,15.202157474167178,0.018291080163307605,0.7402555616841331,0.4482966931946524,69.88307189941406
scene-0775_CAM_FRONT_afac9d74_5dd5ed25,0,81353,16.129483598839577,0.022629025460307872,0.74026212801723,0.53495259107504,70.2615966796875
scene-0775_CAM_FRONT_afac9d74_5dd5ed25,1,78901,16.138994058713884,0.025622556198531488,0.7402095973524545,0.5185564573319675,71.24210357666016
scene-0775_CAM_FRONT_afac9d74_5dd5ed25,2,80182,16.392078946184306,0.026410701876565357,0.740268694350327,0.5269810626953484,71.38705444335938
scene-0775_CAM_FRONT_afac9d74_5dd5ed25,3,80133,16.322112949833176,0.022640563106473888,0.7402424290179392,0.5263966590497203,71.59454345703125
scene-0775_CAM_FRONT_afac9d74_5dd5ed25,4,80514,16.632730890033883,0.022837770106395983,0.7402358626848423,0.5290691566201771,70.8874740600586
scene-0775_CAM_FRONT_2f2b214c_22b802fa,0,75246,15.529025775606291,0.013372517052722355,0.7402883933496178,0.49472066819005595,70.8697509765625
scene-0775_CAM_FRONT_2f2b214c_22b802fa,1,74377,15.382502406694314,0.016153500500124984,0.7403146586820056,0.48867964174086626,71.22700500488281
scene-0775_CAM_FRONT_2f2b214c_22b802fa,2,78903,15.489521476642913,0.018733300507216555,0.7403212250151026,0.5185170593333859,70.25543975830078
scene-0775_CAM_FRONT_2f2b214c_22b802fa,3,76613,15.588758862920166,0.0142873897713649,0.7402555616841331,0.5036771465342894,69.75595092773438
scene-0775_CAM_FRONT_2f2b214c_22b802fa,4,77363,16.0731046931408,0.012937428810408047,0.7401570666876789,0.5084049063640901,69.34333038330078
scene-0775_CAM_FRONT_68417c96_b94bc826,0,76389,16.909047763076604,0.02078611071229952,0.7400979696898065,0.5017335119375935,69.95799255371094
scene-0775_CAM_FRONT_68417c96_b94bc826,1,75306,16.982639406821797,0.019266976215331022,0.740150500354582,0.49458934152811707,69.7322998046875
scene-0775_CAM_FRONT_68417c96_b94bc826,2,75516,17.0792586522424,0.018181465393228402,0.7401373676883881,0.4958632101489244,69.67588806152344
scene-0775_CAM_FRONT_68417c96_b94bc826,3,74442,16.919284986413047,0.019434356021460708,0.7401176686890972,0.48883723373519294,69.77156829833984
scene-0775_CAM_FRONT_68417c96_b94bc826,4,75849,17.202781911375666,0.019560604847898677,0.7401373676883881,0.498076064402595,69.2167739868164
scene-0775_CAM_FRONT_36a0632f_798e338f,0,78325,16.905230391994156,0.015109863721364913,0.7401898983531636,0.5143540041499225,69.84135437011719
scene-0775_CAM_FRONT_36a0632f_798e338f,1,78820,17.39963732547993,0.018370605749716162,0.7401701993538728,0.5176043390329105,68.66368103027344
scene-0775_CAM_FRONT_36a0632f_798e338f,2,75361,17.116303984861972,0.017859037548535905,0.7401111023560003,0.4948454285188979,68.52800750732422
scene-0775_CAM_FRONT_36a0632f_798e338f,3,77242,16.68871144998178,0.021192002607025362,0.7402095973524545,0.5071967010742521,69.92494201660156
scene-0775_CAM_FRONT_36a0632f_798e338f,4,77036,16.42324256286034,0.018799884583369453,0.7401964646862607,0.5059228324534447,70.4371109008789
scene-0775_CAM_FRONT_46502e12_a7207fb3,0,77872,16.450429858078603,0.019853816099893784,0.7402424290179392,0.511412286922491,70.47653198242188
scene-0775_CAM_FRONT_46502e12_a7207fb3,1,76614,16.938101235200367,0.019455827420877814,0.7401898983531636,0.5031584062196307,70.33599090576172
scene-0775_CAM_FRONT_46502e12_a7207fb3,2,76433,16.449789831210747,0.019670753306470612,0.7401636330207759,0.501910802931211,71.5115737915039
scene-0775_CAM_FRONT_46502e12_a7207fb3,3,75943,16.68447421083575,0.020674951940891084,0.7401767656869698,0.498673600714417,70.21739196777344
scene-0775_CAM_FRONT_46502e12_a7207fb3,4,76625,16.553609853172823,0.019533618624249627,0.7402358626848423,0.5032766002153757,71.11743927001953
scene-0777_CAM_FRONT_bb100390_cbbfb7a9,0,81187,16.824909489329265,0.017544101343291096,0.7403474903474904,0.5332190791374465,70.6200942993164
scene-0777_CAM_FRONT_bb100390_cbbfb7a9,1,80013,16.584966372912803,0.018373527463358297,0.7403540566805873,0.5254182754182755,70.23667907714844
scene-0777_CAM_FRONT_bb100390_cbbfb7a9,2,80187,16.762636170605607,0.019199872077820146,0.7403540566805873,0.52654768471095,70.16285705566406
scene-0777_CAM_FRONT_bb100390_cbbfb7a9,3,79330,16.377702995152355,0.017035296489581908,0.7403212250151026,0.5209663015785465,70.03681182861328
scene-0777_CAM_FRONT_bb100390_cbbfb7a9,4,78643,16.755244098712442,0.015916516180848994,0.7403212250151026,0.5164749297402359,70.35993194580078
scene-0777_CAM_FRONT_9917500e_8df3eafa,0,80057,17.094669117647054,0.0204638806241757,0.7401570666876789,0.5256874950752501,69.65624237060547
scene-0777_CAM_FRONT_9917500e_8df3eafa,1,80238,16.61546294895077,0.02241890345499442,0.7403343576812964,0.526908833031282,71.4049072265625
scene-0777_CAM_FRONT_9917500e_8df3eafa,2,79220,16.593973620532758,0.019571848895091337,0.7403080923489087,0.5202111732723977,71.82421112060547
scene-0777_CAM_FRONT_9917500e_8df3eafa,3,79313,16.84487262627251,0.023559642092809252,0.7404328526777506,0.5208546739158985,71.13920593261719
scene-0777_CAM_FRONT_9917500e_8df3eafa,4,79845,17.157591085829498,0.021596614965007532,0.740505082341817,0.5242888661256008,69.5591049194336
scene-0777_CAM_FRONT_e2f8a076_f5941906,0,82671,16.994940381768192,0.024914549913574557,0.740761169332598,0.5428453234575683,70.5971450805664
scene-0777_CAM_FRONT_e2f8a076_f5941906,1,79714,16.76990871221506,0.01984154371256097,0.7407349040002101,0.523428676489901,71.03519439697266
scene-0777_CAM_FRONT_e2f8a076_f5941906,2,79208,16.711030749934412,0.022815918619253583,0.740393454679169,0.5201061119428466,71.23393249511719
scene-0777_CAM_FRONT_e2f8a076_f5941906,3,78971,16.57606834104086,0.01959801454625154,0.7405641793396895,0.5185498909988706,71.48221588134766
scene-0777_CAM_FRONT_e2f8a076_f5941906,4,78687,17.0799693127462,0.021267820268142668,0.7406429753368529,0.5166850523993382,70.26192474365234
scene-0777_CAM_FRONT_6386a730_feeca927,0,80872,16.945297201370757,0.02423572158341125,0.740518215008011,0.5310324902161637,69.8370132446289
scene-0777_CAM_FRONT_6386a730_feeca927,1,78818,16.7519825975769,0.022553442768096676,0.740386888346072,0.5175452420350379,70.6576156616211
scene-0777_CAM_FRONT_6386a730_feeca927,2,77889,16.65534274193549,0.021831538877695067,0.740505082341817,0.5114451185879757,70.62480926513672
scene-0777_CAM_FRONT_6386a730_feeca927,3,77949,16.32382915931156,0.02018135008939037,0.7406035773382712,0.5118390985737925,71.30195617675781
scene-0777_CAM_FRONT_6386a730_feeca927,4,78521,16.552660845588232,0.023906641460556433,0.7405838783389804,0.5155950411052452,70.80831146240234
scene-0777_CAM_FRONT_1af66f4f_33c25b7a,0,80764,16.130699202405857,0.02114840993641698,0.7406626743361437,0.5303233262416935,71.89830017089844
scene-0777_CAM_FRONT_1af66f4f_33c25b7a,1,78822,16.27262676886792,0.02280226237725569,0.740629842670659,0.5175715073674257,71.246337890625
scene-0777_CAM_FRONT_1af66f4f_33c25b7a,2,78968,16.43498509687034,0.02100236071292505,0.7405970110051743,0.5185301919995797,71.19332122802734
scene-0777_CAM_FRONT_1af66f4f_33c25b7a,3,79115,16.69083698168277,0.022031170087200902,0.7405904446720774,0.5194954429648307,70.1837387084961
scene-0777_CAM_FRONT_1af66f4f_33c25b7a,4,79129,16.340896597991694,0.0203035939155356,0.740629842670659,0.5195873716281879,71.37726593017578
scene-0777_CAM_FRONT_6e0c8ae1_355b7c5e,0,77112,16.811819828167117,0.017704764036396092,0.7406955060016285,0.5063430777716492,70.36470031738281
scene-0777_CAM_FRONT_6e0c8ae1_355b7c5e,1,77334,16.65732411920235,0.02035457713659894,0.7406626743361437,0.507800803719171,70.52884674072266
scene-0777_CAM_FRONT_6e0c8ae1_355b7c5e,2,77630,16.685403635886175,0.01869354428883474,0.7408333989966643,0.5097444383158669,71.25611114501953
scene-0777_CAM_FRONT_6e0c8ae1_355b7c5e,3,78322,16.746391050277218,0.019566446734481602,0.7409253276600215,0.514288340818953,70.8921890258789
scene-0777_CAM_FRONT_6e0c8ae1_355b7c5e,4,77225,16.598791956018523,0.019034539307454246,0.7408924959945368,0.507085073411604,71.48114013671875
scene-0777_CAM_FRONT_3bb8d513_7582c626,0,81763,16.23412977237311,0.02096577797528454,0.7408136999973735,0.5369224910041237,70.91858673095703
scene-0777_CAM_FRONT_3bb8d513_7582c626,1,80900,16.35150514393354,0.022737011684267117,0.7408990623276338,0.5312163475428782,70.53690338134766
scene-0777_CAM_FRONT_3bb8d513_7582c626,2,81453,16.184663848702968,0.019696922955426466,0.7407677356656949,0.5349000604102645,70.9014663696289
scene-0777_CAM_FRONT_3bb8d513_7582c626,3,81195,15.931937624456921,0.021275488564044043,0.7407349040002101,0.533153415806477,71.77359008789062
scene-0777_CAM_FRONT_3bb8d513_7582c626,4,80133,16.062390722135877,0.01986874536272598,0.7407743019987918,0.5262521997215874,71.09735107421875
scene-0777_CAM_FRONT_326eab70_a8070769,0,83554,16.315246660381895,0.021822448659094773,0.7407546029995009,0.548656528248365,71.06849670410156
scene-0777_CAM_FRONT_326eab70_a8070769,1,82292,16.3724097700051,0.022888986281436985,0.7407677356656949,0.540356683213826,70.48292541503906
scene-0777_CAM_FRONT_326eab70_a8070769,2,81854,16.513272817077876,0.022072516960252475,0.740872796995246,0.537480629317364,70.18328857421875
scene-0777_CAM_FRONT_326eab70_a8070769,3,81684,16.33069481239186,0.0198696690547171,0.7407743019987918,0.5363643526908833,70.8909683227539
scene-0777_CAM_FRONT_326eab70_a8070769,4,82954,16.128303914692435,0.021752647262696767,0.7407874346649856,0.5447035957240038,71.33729553222656
scene-0778_CAM_FRONT_485c78db_c69a8d12,0,84426,16.36129763249794,0.02528645255763351,0.7409778583247971,0.5545071310377433,70.97248077392578
scene-0778_CAM_FRONT_485c78db_c69a8d12,1,83690,16.644050429753822,0.024092197056718723,0.7407940009980827,0.5495889475481313,70.16004943847656
scene-0778_CAM_FRONT_485c78db_c69a8d12,2,84551,16.438128929212937,0.027385503422543866,0.7408662306621491,0.5552491266776981,70.99222564697266
scene-0778_CAM_FRONT_485c78db_c69a8d12,3,84132,16.682415612474948,0.025033044351582934,0.7407677356656949,0.5525437974417566,69.97760772705078
scene-0778_CAM_FRONT_485c78db_c69a8d12,4,83579,16.505053552844586,0.025146618046336222,0.7408662306621491,0.548899482572952,70.34239196777344
scene-0778_CAM_FRONT_7ff89b70_a95743c4,0,81671,16.6228955078125,0.016876836412632823,0.740859664329052,0.5367452000105062,70.20359802246094
scene-0778_CAM_FRONT_7ff89b70_a95743c4,1,82419,16.79117012023926,0.01904560500048813,0.7404131536784598,0.5412037401833321,69.46195220947266
scene-0778_CAM_FRONT_7ff89b70_a95743c4,2,79233,17.170214794102694,0.016231250993024027,0.7437291518924172,0.5202702702702703,69.60581970214844
scene-0778_CAM_FRONT_7ff89b70_a95743c4,3,82629,17.236644362350507,0.01876270899449972,0.7566976597588843,0.5435741864313293,70.29312896728516
scene-0778_CAM_FRONT_7ff89b70_a95743c4,4,82947,16.73650050252431,0.021908845086868745,0.7880125022982166,0.5446576313923253,70.25841522216797
scene-0778_CAM_FRONT_603c9225_d763ff87,0,104787,12.639877491694351,0.023675210034762806,0.8419746276889134,0.6880663462296115,68.00215148925781
scene-0778_CAM_FRONT_603c9225_d763ff87,1,125117,13.109914679276317,0.012848900236118066,0.9237189084127859,0.8215598980905103,66.73639678955078
scene-0778_CAM_FRONT_603c9225_d763ff87,2,146488,13.395353796577124,0.017790726524346434,1.0,0.9618890027053293,63.960838317871094
scene-0778_CAM_FRONT_603c9225_d763ff87,3,152292,13.903903521536668,0.0223922698015131,1.0,1.0,64.14749145507812
scene-0778_CAM_FRONT_603c9225_d763ff87,4,152202,12.959377506014434,0.017337547124587793,0.9994090300212749,1.0,65.76033020019531
scene-0778_CAM_FRONT_263b9818_c0ffb6f6,0,152292,6.69287461826763,0.008056287859198985,1.0,1.0,67.41558837890625
scene-0778_CAM_FRONT_263b9818_c0ffb6f6,1,152292,6.6275762706149814,0.007802601333300463,1.0,1.0,67.3727798461914
scene-0778_CAM_FRONT_263b9818_c0ffb6f6,2,152292,6.774004421633302,0.007563985164275144,1.0,1.0,66.40841674804688
scene-0778_CAM_FRONT_263b9818_c0ffb6f6,3,152292,6.987174012470131,0.0068885118301832415,1.0,1.0,65.719970703125
scene-0778_CAM_FRONT_263b9818_c0ffb6f6,4,152292,6.993138008854647,0.007115551197520165,1.0,1.0,65.40430450439453
scene-0778_CAM_FRONT_ab5438b9_2d128c56,0,152292,6.503984086715867,0.005927855302639284,1.0,1.0,65.4588394165039
scene-0778_CAM_FRONT_ab5438b9_2d128c56,1,152292,6.9174107142857135,0.007148038378557153,1.0,1.0,63.530616760253906
scene-0778_CAM_FRONT_ab5438b9_2d128c56,2,152292,6.909498490267355,0.006698359654969899,1.0,1.0,64.11973571777344
scene-0778_CAM_FRONT_ab5438b9_2d128c56,3,152292,6.921716073340471,0.006271239475955981,1.0,1.0,63.176937103271484
scene-0778_CAM_FRONT_ab5438b9_2d128c56,4,152243,6.820512215680354,0.0063663353969143355,1.0,0.9996782496782497,64.75843811035156
scene-0778_CAM_FRONT_475eb52d_5a326a1f,0,152292,10.389873735736515,0.008341663004987732,1.0,1.0,64.18865203857422
scene-0778_CAM_FRONT_475eb52d_5a326a1f,1,152290,10.28887188977859,0.008890814980527129,1.0,0.9999868673338062,65.02215576171875
scene-0778_CAM_FRONT_475eb52d_5a326a1f,2,140672,10.050502386552296,0.017352995747115907,1.0,0.9236992094134951,65.28323364257812
scene-0778_CAM_FRONT_475eb52d_5a326a1f,3,117533,9.881593162969626,0.02167084783243034,0.9961849604706747,0.7717608278832768,64.87726593017578
scene-0778_CAM_FRONT_475eb52d_5a326a1f,4,102807,9.141974256686265,0.03007943099082233,0.9894019383815302,0.6750650066976598,66.31085205078125
scene-0778_CAM_FRONT_ad6cb169_09b1788f,0,99282,20.128493886259324,0.01767441006529924,0.9893953720484333,0.6519186825309274,68.02611541748047
scene-0778_CAM_FRONT_ad6cb169_09b1788f,1,91704,19.69856158705507,0.01585785359434344,0.9913521393113229,0.6021590103222756,68.11322784423828
scene-0778_CAM_FRONT_ad6cb169_09b1788f,2,95057,20.066149408417637,0.022753128113880194,0.9949110918498674,0.6242021905287212,68.19782257080078
scene-0778_CAM_FRONT_ad6cb169_09b1788f,3,92164,20.81725920518555,0.025208534382136216,0.9936766212276417,0.6051795235468704,65.71720886230469
scene-0778_CAM_FRONT_ad6cb169_09b1788f,4,90698,20.797080681570925,0.022585813936969457,0.995436398497623,0.5955532792267486,65.48529052734375
scene-0778_CAM_FRONT_de508cce_a9e3df9e,0,106185,25.866952334176876,0.03967851738705663,1.0,0.6972460798991411,69.28394317626953
scene-0778_CAM_FRONT_de508cce_a9e3df9e,1,102533,26.008397899449033,0.02579410276428895,1.0,0.6732658314290967,66.25355529785156
scene-0778_CAM_FRONT_de508cce_a9e3df9e,2,99288,26.512614033385088,0.03361487297939103,1.0,0.6519580805295091,66.8295669555664
scene-0778_CAM_FRONT_de508cce_a9e3df9e,3,97862,27.46662332145225,0.044305874623801866,1.0,0.642594489533265,66.4126968383789
scene-0778_CAM_FRONT_de508cce_a9e3df9e,4,97122,26.070244441349274,0.04149467750612046,0.9999540356683214,0.6377354030415255,67.45547485351562
scene-0780_CAM_FRONT_79496091_618d34a8,0,59239,17.041081812230438,0.015073211660818764,0.7876316549785938,0.3889830063299451,66.91537475585938
scene-0780_CAM_FRONT_79496091_618d34a8,1,58526,16.620414673046252,0.016166446856879624,0.7874346649856854,0.38430121083182306,67.56433868408203
scene-0780_CAM_FRONT_79496091_618d34a8,2,59514,16.853021341738973,0.015539510228343545,0.7828054001523389,0.39078874793160506,67.18154907226562
scene-0780_CAM_FRONT_79496091_618d34a8,3,61567,17.085953641528924,0.017748764228850078,0.7827003388227878,0.40426942977963387,66.9661636352539
scene-0780_CAM_FRONT_79496091_618d34a8,4,61815,16.787946195083684,0.01605591356665137,0.7827397368213694,0.4058978803876763,67.24976348876953
scene-0780_CAM_FRONT_a0eba88a_f5a7a188,0,64604,15.319643269823334,0.015573806483475838,0.7831862474719617,0.4242113833950569,68.63717651367188
scene-0780_CAM_FRONT_a0eba88a_f5a7a188,1,64066,15.511657409885792,0.01569057808262242,0.7830549208100228,0.4207312268536758,67.5958251953125
scene-0780_CAM_FRONT_a0eba88a_f5a7a188,2,63900,15.421211082354757,0.01859670139350489,0.7831862474719617,0.41958868489480733,67.52183532714844
scene-0780_CAM_FRONT_a0eba88a_f5a7a188,3,64255,15.706306013227929,0.018942573070385382,0.7833898037979671,0.4220773251385496,66.94434356689453
scene-0780_CAM_FRONT_a0eba88a_f5a7a188,4,63841,15.62240749913852,0.01817327452411277,0.7833175741339007,0.4195952512279043,67.05683898925781
scene-0780_CAM_FRONT_5850f2dd_021dac45,0,64223,14.980048170023236,0.01517240731670677,0.7822735271714863,0.4217424421506054,67.16311645507812
scene-0780_CAM_FRONT_5850f2dd_021dac45,1,64070,15.16667865542434,0.015997856914778286,0.7823982875003284,0.42079032385154835,66.12096405029297
scene-0780_CAM_FRONT_5850f2dd_021dac45,2,63663,15.028644239596083,0.015888573849618393,0.7825099151629764,0.4182491529430305,66.40413665771484
scene-0780_CAM_FRONT_5850f2dd_021dac45,3,63354,14.799895562065968,0.015893379430427457,0.7823654558348436,0.41628581934704384,66.79743194580078
scene-0780_CAM_FRONT_5850f2dd_021dac45,4,63426,14.95079402618302,0.014484958234345813,0.7824902161636855,0.41662070233498805,66.7437973022461
scene-0780_CAM_FRONT_81884f7b_7f6f982e,0,63427,15.692451603504836,0.016576983986036797,0.78243768549891,0.4166535340004728,66.25961303710938
scene-0780_CAM_FRONT_81884f7b_7f6f982e,1,63196,15.411597874310818,0.013790573143877438,0.7825296141622672,0.415064481391012,66.76282501220703
scene-0780_CAM_FRONT_81884f7b_7f6f982e,2,62804,15.576395168048693,0.015546726675113698,0.7824573844982008,0.41306174979644367,66.0278549194336
scene-0780_CAM_FRONT_81884f7b_7f6f982e,3,62998,15.521418311852152,0.013643156665252398,0.7824114201665222,0.4137643474378168,66.44881439208984
scene-0780_CAM_FRONT_81884f7b_7f6f982e,4,62860,15.63708149255024,0.015159598870724489,0.7825427468284611,0.4128647598035353,65.96658325195312
scene-0780_CAM_FRONT_4c8b6c42_90493070,0,66594,15.277642995609115,0.015417527601881531,0.7825164814960733,0.4381714075591627,66.85347747802734
scene-0780_CAM_FRONT_4c8b6c42_90493070,1,66159,15.48826602095517,0.015073095845862472,0.7825361804953642,0.43573529798019595,66.17989349365234
scene-0780_CAM_FRONT_4c8b6c42_90493070,2,65542,15.299171382545405,0.016403629860060942,0.7825427468284611,0.4312045281433037,67.31088256835938
scene-0780_CAM_FRONT_4c8b6c42_90493070,3,65856,15.625959403647823,0.018774467102777193,0.7825033488298795,0.43347647939484674,66.39437866210938
scene-0780_CAM_FRONT_4c8b6c42_90493070,4,66205,15.424859244064248,0.015944663673697512,0.7825427468284611,0.43551860898799677,67.01612854003906
scene-0780_CAM_FRONT_dcc9ee69_e5395428,0,65104,15.06282300342058,0.013761301377555712,0.7825887111601397,0.42784256559766765,67.3012924194336
scene-0780_CAM_FRONT_dcc9ee69_e5395428,1,64689,15.194819435286362,0.015484122733317118,0.7825690121608488,0.4252160323588895,67.01593017578125
scene-0780_CAM_FRONT_dcc9ee69_e5395428,2,64543,15.32257535300507,0.01642142025513449,0.7825952774932367,0.42399469440285764,65.865966796875
scene-0780_CAM_FRONT_dcc9ee69_e5395428,3,64124,15.104631349175483,0.015693868489580876,0.7826740734904,0.42111207417329866,67.3836898803711
scene-0780_CAM_FRONT_dcc9ee69_e5395428,4,65019,15.104973488054933,0.015072250634338591,0.7826215428256245,0.4269823759619678,67.22588348388672
scene-0780_CAM_FRONT_32608dba_284234f5,0,65472,15.501090308162338,0.018709840821858004,0.7825755784939459,0.4305741601659969,66.83910369873047
scene-0780_CAM_FRONT_32608dba_284234f5,1,63720,15.459903939688719,0.018197578411696114,0.7825164814960733,0.4185709032647808,66.7540283203125
scene-0780_CAM_FRONT_32608dba_284234f5,2,63534,15.644815282883991,0.018130146002849123,0.782798833819242,0.41718540698132534,66.63691711425781
scene-0780_CAM_FRONT_32608dba_284234f5,3,64687,15.772756243201593,0.018323635452083487,0.7826478081580123,0.42485488403855753,66.67284393310547
scene-0780_CAM_FRONT_32608dba_284234f5,4,63991,15.727395818175204,0.017507092790054468,0.7827725684868542,0.42067869618890025,67.34503173828125
scene-0780_CAM_FRONT_59c6164e_9c701c34,0,65263,15.716646842560555,0.016728372177844175,0.7826740734904,0.42884721456150027,67.40330505371094
scene-0780_CAM_FRONT_59c6164e_9c701c34,1,64980,15.457850762975143,0.014675932994083318,0.782680639823497,0.42678538596905946,67.95397186279297
scene-0780_CAM_FRONT_59c6164e_9c701c34,2,64352,15.278408093398873,0.01676539015654077,0.7827266041551756,0.4230688414361884,67.61246490478516
scene-0780_CAM_FRONT_59c6164e_9c701c34,3,64021,15.530325094458439,0.01747594748154535,0.7826412418249153,0.42045544086360415,67.07618713378906
scene-0780_CAM_FRONT_59c6164e_9c701c34,4,64648,15.710719440261046,0.01728038299678003,0.782555879494655,0.4245790980484858,66.97566223144531
scene-0781_CAM_FRONT_87c3788d_d410a7a5,0,65883,15.034598214285712,0.016222393153196624,0.7826018438263336,0.43292490741470335,68.20582580566406
scene-0781_CAM_FRONT_87c3788d_d410a7a5,1,64695,15.093771265180061,0.015702220925792876,0.7826215428256245,0.42499277703359334,67.95067596435547
scene-0781_CAM_FRONT_87c3788d_d410a7a5,2,64898,14.939643855701037,0.014818668179828576,0.7826740734904,0.42616815065794655,68.35368347167969
scene-0781_CAM_FRONT_87c3788d_d410a7a5,3,65580,15.024277105564023,0.013216250337805269,0.7825690121608488,0.4307645838258083,67.78050231933594
scene-0781_CAM_FRONT_87c3788d_d410a7a5,4,64363,15.175584112149535,0.016919389326001788,0.7826084101594306,0.4228061881123106,67.46562957763672
scene-0781_CAM_FRONT_2a73d806_a30ed498,0,64491,15.601504035071027,0.011888081184287191,0.7826346754918183,0.4238699340740157,67.25914764404297
scene-0781_CAM_FRONT_2a73d806_a30ed498,1,63537,15.391560126375067,0.014574038727765082,0.782667507157303,0.41744806030520315,67.24003601074219
scene-0781_CAM_FRONT_2a73d806_a30ed498,2,65319,15.458641999376171,0.013384961960548836,0.7826740734904,0.42948414887190395,67.12218475341797
scene-0781_CAM_FRONT_2a73d806_a30ed498,3,64104,15.59113543674284,0.016159670489124922,0.7826412418249153,0.42113833950568647,67.66185760498047
scene-0781_CAM_FRONT_2a73d806_a30ed498,4,64215,15.771066660099414,0.01552044084053783,0.7825887111601397,0.4222020854673916,66.71145629882812
scene-0781_CAM_FRONT_102fadd4_8e5cf223,0,65246,15.416330645161292,0.01622294627696408,0.7825493131615581,0.428880046226985,66.54466247558594
scene-0781_CAM_FRONT_102fadd4_8e5cf223,1,65085,15.502432896784232,0.016678965138586577,0.782555879494655,0.42784256559766765,66.1396713256836
scene-0781_CAM_FRONT_102fadd4_8e5cf223,2,63550,15.32544589328537,0.014129946240831748,0.7826018438263336,0.4174874583037848,66.06722259521484
scene-0781_CAM_FRONT_102fadd4_8e5cf223,3,65116,15.195186377866625,0.016866387526930815,0.7825690121608488,0.4279082289286371,66.99728393554688
scene-0781_CAM_FRONT_102fadd4_8e5cf223,4,65542,14.726015313434694,0.017246582306881475,0.7826412418249153,0.4308630788222625,67.70520782470703
scene-0781_CAM_FRONT_eb60a132_da7af66a,0,65390,14.300723925576518,0.01442190147521516,0.7825755784939459,0.4302130118456649,68.47667694091797
scene-0781_CAM_FRONT_eb60a132_da7af66a,1,65294,14.21285768072289,0.015147827327283148,0.7827463031544665,0.4293856538754498,68.26853942871094
scene-0781_CAM_FRONT_eb60a132_da7af66a,2,64529,14.490265352398888,0.013389558633331244,0.7825690121608488,0.4238830667402096,67.1578140258789
scene-0781_CAM_FRONT_eb60a132_da7af66a,3,63340,14.57725985738255,0.01236201253984004,0.7825230478291703,0.41610196202032934,66.5739974975586
scene-0781_CAM_FRONT_eb60a132_da7af66a,4,65861,14.547350408108521,0.012482207189187022,0.7827397368213694,0.43308906574212697,67.00069427490234
scene-0781_CAM_FRONT_1d6c7fdb_146a1aef,0,64254,14.23533994334278,0.01332624500274937,0.7826872061565939,0.4224975704567541,67.4754409790039
scene-0781_CAM_FRONT_1d6c7fdb_146a1aef,1,64441,14.225651935388067,0.013937099188304547,0.7827003388227878,0.4235481837522654,67.47716522216797
scene-0781_CAM_FRONT_1d6c7fdb_146a1aef,2,63436,14.190723897871756,0.01702926731765575,0.7826478081580123,0.4165550390040186,68.11727905273438
scene-0781_CAM_FRONT_1d6c7fdb_146a1aef,3,63492,14.225006289908386,0.0167669493834115,0.7826872061565939,0.41719853964751924,67.38179016113281
scene-0781_CAM_FRONT_1d6c7fdb_146a1aef,4,63834,14.029989570991313,0.015838599523070318,0.7826478081580123,0.41968717989126153,68.28992462158203
scene-0781_CAM_FRONT_5cba7499_fa4fd842,0,64634,13.808263820830367,0.013475843116421693,0.7826609408242061,0.4249533790350117,68.2354965209961
scene-0781_CAM_FRONT_5cba7499_fa4fd842,1,64328,13.703392057002958,0.016033522350978657,0.7827528694875634,0.4230425761038006,68.15116882324219
scene-0781_CAM_FRONT_5cba7499_fa4fd842,2,63874,13.888828423187023,0.013789767661849917,0.7827331704882725,0.42035694586714994,67.25599670410156
scene-0781_CAM_FRONT_5cba7499_fa4fd842,3,63737,13.851779045176388,0.013274720236438498,0.7826872061565939,0.41918157224279673,68.01378631591797
scene-0781_CAM_FRONT_5cba7499_fa4fd842,4,63613,14.225403866525422,0.01377949330635353,0.7829301604811809,0.41853807159929607,66.61854553222656
scene-0781_CAM_FRONT_9dad24d2_4df2af10,0,66077,14.143472392907306,0.015659214628716,0.7828447981509206,0.4351968586662464,68.18810272216797
scene-0781_CAM_FRONT_9dad24d2_4df2af10,1,65724,14.110185289268584,0.014830661631850539,0.7828907624825993,0.43249152943030494,68.05963134765625
scene-0781_CAM_FRONT_9dad24d2_4df2af10,2,65223,14.07936952172256,0.015413826714473444,0.7828054001523389,0.4293922202085467,67.66976928710938
scene-0781_CAM_FRONT_9dad24d2_4df2af10,3,65716,14.138521634615385,0.014428348154320814,0.7827660021537572,0.43234707010217216,67.7091064453125
scene-0781_CAM_FRONT_9dad24d2_4df2af10,4,64861,14.179618229568238,0.014165390515947784,0.7827331704882725,0.4267262889711869,67.66331481933594
scene-0781_CAM_FRONT_1f7c7394_d6fdf61d,0,59378,14.554253037324646,0.014003511179021766,0.7827134714889817,0.39021091061907387,68.1786117553711
scene-0781_CAM_FRONT_1f7c7394_d6fdf61d,1,58704,14.215733655076791,0.013811855739463974,0.7826740734904,0.385752370446248,68.93293762207031
scene-0781_CAM_FRONT_1f7c7394_d6fdf61d,2,59325,14.205452036478333,0.01356804555900526,0.7826149764925275,0.38986289496493576,68.89191436767578
scene-0781_CAM_FRONT_1f7c7394_d6fdf61d,3,58277,14.377913423244022,0.01427668167914975,0.7788787329603656,0.38355264885877133,69.1485595703125
scene-0781_CAM_FRONT_1f7c7394_d6fdf61d,4,56118,14.278616704624078,0.018862387754365884,0.7780316759908597,0.36874556772515954,69.65928649902344
scene-0782_CAM_FRONT_9699d6a8_01411f03,0,54467,17.682119919478527,0.013472608899273375,0.7774538386783285,0.3576747301237097,68.87985229492188
scene-0782_CAM_FRONT_9699d6a8_01411f03,1,55220,18.22434256417411,0.015011043164127935,0.7796404275996113,0.3627570719407454,67.66847229003906
scene-0782_CAM_FRONT_9699d6a8_01411f03,2,56035,17.579701834862384,0.020121230773058052,0.7812360465421689,0.368213694744307,69.5340576171875
scene-0782_CAM_FRONT_9699d6a8_01411f03,3,54842,17.168043960589646,0.01961527432802912,0.7810981535471332,0.36011083970267643,70.8897476196289
scene-0782_CAM_FRONT_9699d6a8_01411f03,4,55077,18.211682928493445,0.01921738022188757,0.7801854332466578,0.361726157644525,69.05558013916016
scene-0782_CAM_FRONT_b52f55ca_d2033528,0,57721,22.84076598541384,0.01673097158104664,0.7778478186641452,0.3791860373493027,70.05967712402344
scene-0782_CAM_FRONT_b52f55ca_d2033528,1,57249,22.002785695297735,0.01576854034156705,0.7742757334594069,0.37592256980012084,70.72425842285156
scene-0782_CAM_FRONT_b52f55ca_d2033528,2,57076,23.485304425752407,0.015211871848052283,0.7728639718435637,0.3747997268405432,68.34337615966797
scene-0782_CAM_FRONT_b52f55ca_d2033528,3,55873,22.62100192133816,0.013689581716781696,0.7702374386047856,0.3668807291256271,69.601318359375
scene-0782_CAM_FRONT_b52f55ca_d2033528,4,53776,22.366533194966586,0.015203394077458743,0.762620492212329,0.3531111286213327,69.5733871459961
scene-0782_CAM_FRONT_962eba65_1f9b04c2,0,60155,32.96516963535834,0.010332361394525869,0.7561460877787408,0.3951487931079768,70.27067565917969
scene-0782_CAM_FRONT_962eba65_1f9b04c2,1,61760,33.54284600844461,0.013788893526843093,0.7532175032175032,0.40566805872928324,71.79840850830078
scene-0782_CAM_FRONT_962eba65_1f9b04c2,2,63251,35.247548724735324,0.017572603197902215,0.7399141123630919,0.4156882830352218,68.1759033203125
scene-0782_CAM_FRONT_962eba65_1f9b04c2,3,62356,36.55036013011152,0.01894779477456554,0.7356000315183988,0.4097194862500985,69.35818481445312
scene-0782_CAM_FRONT_962eba65_1f9b04c2,4,62680,35.46954265114663,0.01665396019460741,0.7424487169385129,0.4137052504399443,68.86470031738281
scene-0782_CAM_FRONT_46ad54c9_9ab92b1a,0,65500,53.6152261833433,0.016694917000321885,0.7398156173666378,0.4303771701730885,72.20762634277344
scene-0782_CAM_FRONT_46ad54c9_9ab92b1a,1,64638,54.918031295487644,0.015274606324040096,0.7413915373099047,0.4244871693851286,70.47526550292969
scene-0782_CAM_FRONT_46ad54c9_9ab92b1a,2,63115,52.001244848901095,0.014749382509132047,0.7447863315210254,0.41454574107635334,69.9764404296875
scene-0782_CAM_FRONT_46ad54c9_9ab92b1a,3,63156,52.090822238658774,0.015622795499582454,0.7464673127938434,0.4149265883959761,71.7787857055664
scene-0782_CAM_FRONT_46ad54c9_9ab92b1a,4,62189,50.040424628869225,0.01838979698559573,0.749888372337352,0.40888556194678644,71.32603454589844
scene-0782_CAM_FRONT_a5786651_b8c807aa,0,68946,54.491419002362555,0.012372045473398652,0.7592716623328868,0.45948572479184724,71.39669799804688
scene-0782_CAM_FRONT_a5786651_b8c807aa,1,69439,56.46112394499415,0.01410652005824975,0.7735797021511307,0.46656423187035434,71.03462219238281
scene-0782_CAM_FRONT_a5786651_b8c807aa,2,68704,56.77394357287451,0.01931904994665956,0.7662451080818428,0.4714824153599664,69.37065887451172
scene-0782_CAM_FRONT_a5786651_b8c807aa,3,70055,56.129407536319604,0.014260605140037796,0.7919129041578021,0.48061618469781736,69.43639373779297
scene-0782_CAM_FRONT_a5786651_b8c807aa,4,64938,54.83687543372659,0.015430048044863032,0.7592322643343051,0.43509836366979227,71.17372131347656
scene-0782_CAM_FRONT_d953e426_85328ff7,0,63223,49.41007859766639,0.017479885671832562,0.7624563338849053,0.4182491529430305,71.18756103515625
scene-0782_CAM_FRONT_d953e426_85328ff7,1,57725,48.047390676567666,0.013449751629626583,0.7516415832742364,0.37957345100202244,69.34068298339844
scene-0782_CAM_FRONT_d953e426_85328ff7,2,61900,49.87950038243006,0.019167242309183985,0.7800212749192341,0.4080188059779897,68.48397064208984
scene-0782_CAM_FRONT_d953e426_85328ff7,3,56700,47.23312499999999,0.013972298442646691,0.788570640611457,0.3728101279121687,70.1966781616211
scene-0782_CAM_FRONT_d953e426_85328ff7,4,56314,46.568298377219826,0.011975688505785564,0.8015916791426996,0.36984214535234944,69.0615234375
scene-0782_CAM_FRONT_a5e20630_95682f83,0,54498,45.08119632633588,0.01713546210083683,0.8127281800751188,0.3578520211173272,65.86028289794922
scene-0782_CAM_FRONT_a5e20630_95682f83,1,53438,44.7839215925745,0.013175169610491366,0.8285267775063694,0.35091797336695296,66.16622924804688
scene-0782_CAM_FRONT_a5e20630_95682f83,2,53807,45.043891981871084,0.01834268874404099,0.8449885745804113,0.3533475166128227,67.21761322021484
scene-0782_CAM_FRONT_a5e20630_95682f83,3,60234,44.463708333333344,0.02832133770982659,0.8663619888109684,0.3956478344233446,68.2472915649414
scene-0782_CAM_FRONT_a5e20630_95682f83,4,65112,46.87504848182625,0.030663910861971955,0.8719630709426628,0.42762587660546847,65.8170394897461
scene-0782_CAM_FRONT_e73de93e_a44ce71a,0,63642,41.341123383620676,0.027947129942538895,0.8707811309852126,0.41794053528747405,64.6100082397461
scene-0782_CAM_FRONT_e73de93e_a44ce71a,1,63105,42.26532290137053,0.015914822043197052,0.8693234050376908,0.4146442360728075,62.88853454589844
scene-0782_CAM_FRONT_e73de93e_a44ce71a,2,66864,40.48167124760993,0.017505134049854654,0.8794880886717621,0.43981955716649596,64.68592834472656
scene-0782_CAM_FRONT_e73de93e_a44ce71a,3,65888,41.5740887150466,0.010307993872599175,0.8780303627242403,0.43549234365560896,63.53892517089844
scene-0782_CAM_FRONT_e73de93e_a44ce71a,4,65853,40.90081637952102,0.01372013176357001,0.880709426627794,0.433450214062459,64.70376586914062
scene-0783_CAM_FRONT_e8296505_4cba70bd,0,67470,30.35794776416295,0.02199709017926743,0.884064822840333,0.44522364930528197,65.1667251586914
scene-0783_CAM_FRONT_e8296505_4cba70bd,1,67496,28.88875046921922,0.027216862497037253,0.8861266514327739,0.4459196806135582,65.8405990600586
scene-0783_CAM_FRONT_e8296505_4cba70bd,2,74285,30.76467202596618,0.042167139922516306,0.8903225382817219,0.496270322800935,64.30699920654297
scene-0783_CAM_FRONT_e8296505_4cba70bd,3,78178,28.247692886565275,0.04222890043855099,0.8931723268457963,0.5210516639088068,68.4043197631836
scene-0783_CAM_FRONT_e8296505_4cba70bd,4,77755,28.9114104811412,0.041823967549930785,0.8878535970372705,0.5119047619047619,67.96437072753906
scene-0783_CAM_FRONT_b83a101d_8e4a8d5f,0,88152,23.42169151942494,0.02413931774269784,0.8860872534341923,0.5798269114595646,69.54246520996094
scene-0783_CAM_FRONT_b83a101d_8e4a8d5f,1,82648,24.400540686420484,0.026740037592391186,0.881911065584535,0.5466078323221181,68.72562408447266
scene-0783_CAM_FRONT_b83a101d_8e4a8d5f,2,80405,24.478411109949842,0.03535760839597657,0.8822328159062853,0.5316694245265674,67.02828216552734
scene-0783_CAM_FRONT_b83a101d_8e4a8d5f,3,78084,23.612030200167975,0.04201014853253482,0.8794027263415019,0.5127255535418801,68.81104278564453
scene-0783_CAM_FRONT_b83a101d_8e4a8d5f,4,73115,25.71881951574264,0.041845658572691846,0.8713130039660651,0.48018280671341895,66.67034149169922
scene-0783_CAM_FRONT_16c5497d_df9cfdd3,0,79660,28.718911372950824,0.039644573122302074,0.869415333701048,0.523297349827962,68.08894348144531
scene-0783_CAM_FRONT_16c5497d_df9cfdd3,1,78425,29.228563999613,0.03391509282797145,0.863879914900323,0.5150369027920049,67.46624755859375
scene-0783_CAM_FRONT_16c5497d_df9cfdd3,2,78998,29.736827761627897,0.04066221505550649,0.8597562577154414,0.5193772489690857,65.76016235351562
scene-0783_CAM_FRONT_16c5497d_df9cfdd3,3,77166,29.91989915166205,0.021812138013995952,0.8573135818033777,0.5080043600451764,65.7787857055664
scene-0783_CAM_FRONT_16c5497d_df9cfdd3,4,71692,29.982123212321238,0.018873615194978655,0.8555341055341056,0.4729795393060699,66.64202880859375
scene-0783_CAM_FRONT_659e4da2_ead6c3fc,0,97753,32.120786976439796,0.01874331554299946,0.8432550626428178,0.6545714811020934,64.21502685546875
scene-0783_CAM_FRONT_659e4da2_ead6c3fc,1,100154,31.266738774985303,0.023021885456681712,0.8438000682898642,0.6759580279988443,66.48493194580078
scene-0783_CAM_FRONT_659e4da2_ead6c3fc,2,98084,32.972691890967155,0.01192640631976527,0.8405562997399733,0.6598311139127465,66.0815200805664
scene-0783_CAM_FRONT_659e4da2_ead6c3fc,3,94355,33.15894813144331,0.01676351201929327,0.8363144485593466,0.6332440312032149,65.22410583496094
scene-0783_CAM_FRONT_659e4da2_ead6c3fc,4,96201,35.07848286290323,0.012534442400088608,0.8266094082420613,0.6468297743807948,64.90455627441406
scene-0783_CAM_FRONT_7e3103f3_29ba6159,0,95783,29.768877739928918,0.018391567512283657,0.8232737110288131,0.6568171670212487,65.14215087890625
scene-0783_CAM_FRONT_7e3103f3_29ba6159,1,101334,31.23654749389583,0.025804034494942396,0.8289995534893494,0.6987694691776325,65.20121765136719
scene-0783_CAM_FRONT_7e3103f3_29ba6159,2,98769,30.908412186595953,0.034999305091711896,0.8253289732881569,0.6882830352218108,65.61746978759766
scene-0783_CAM_FRONT_7e3103f3_29ba6159,3,103321,28.85714424875311,0.034112933729391504,0.8485409607858587,0.7404065873453629,66.94252014160156
scene-0783_CAM_FRONT_7e3103f3_29ba6159,4,114034,28.344724503689385,0.025021865181228176,0.8885627610117406,0.8012764951540462,68.6519775390625
scene-0783_CAM_FRONT_d0481d9c_b5b0d31c,0,105138,25.041182252294817,0.03170838257674302,0.8737097155464503,0.7107333280802669,69.76739501953125
scene-0783_CAM_FRONT_d0481d9c_b5b0d31c,1,101895,25.219399524087027,0.03351851854373056,0.857641898458225,0.6955979302918078,69.35795593261719
scene-0783_CAM_FRONT_d0481d9c_b5b0d31c,2,100906,25.20136868702015,0.017433451769818697,0.8860215901032228,0.6820187534473249,69.80880737304688
scene-0783_CAM_FRONT_d0481d9c_b5b0d31c,3,101057,27.161467151053436,0.03207300276977021,0.8986749139810364,0.6732001680981273,69.38078308105469
scene-0783_CAM_FRONT_d0481d9c_b5b0d31c,4,103983,26.33555964747957,0.03578238910304954,0.9002048695926247,0.6937002600267906,70.48255157470703
scene-0783_CAM_FRONT_ffdac092_4a0987ae,0,104503,23.718369642323786,0.030816517978821345,0.9104680482231503,0.6948953326504347,71.41837310791016
scene-0783_CAM_FRONT_ffdac092_4a0987ae,1,99958,24.223543570496084,0.032193738831210794,0.9013605442176871,0.6682163212775458,69.73037719726562
scene-0783_CAM_FRONT_ffdac092_4a0987ae,2,94554,23.92968235342556,0.027759981998459082,0.8926141885325559,0.6303285793081711,70.20935821533203
scene-0783_CAM_FRONT_ffdac092_4a0987ae,3,86954,24.207921563390315,0.023869038107822593,0.8788380216951646,0.5796758857983347,71.26362609863281
scene-0783_CAM_FRONT_ffdac092_4a0987ae,4,85683,24.384004871972756,0.022077145408452292,0.8678985107556536,0.5685853491975941,72.99172973632812
scene-0783_CAM_FRONT_19fa5068_37014a00,0,80053,22.145521664450364,0.008293014870031534,0.8700522680114516,0.5267709400362461,71.81086730957031
scene-0783_CAM_FRONT_19fa5068_37014a00,1,84433,23.95449396306818,0.01177624892492668,0.8706366716570798,0.5555840096656424,69.8619613647461
scene-0783_CAM_FRONT_19fa5068_37014a00,2,84697,22.616291283444816,0.014901080771649866,0.881070574948126,0.5587818138838547,73.32499694824219
scene-0783_CAM_FRONT_19fa5068_37014a00,3,82199,22.322422660175878,0.018290988060852165,0.8754694928164316,0.5430817114490584,73.32733917236328
scene-0783_CAM_FRONT_19fa5068_37014a00,4,85077,22.655593250386794,0.024802691657544784,0.875541722480498,0.5632863183883592,73.51335906982422
scene-0784_CAM_FRONT_abad69b7_d96c132f,0,68674,21.673329918032785,0.02091946270008882,0.8716216216216216,0.45093635909962443,74.06023406982422
scene-0784_CAM_FRONT_abad69b7_d96c132f,1,66279,22.34310115779842,0.02081839340005054,0.8655214981745594,0.4352099913324403,73.57460021972656
scene-0784_CAM_FRONT_abad69b7_d96c132f,2,66418,22.351088279926593,0.020829173269748313,0.8666771727996218,0.4361227116329157,73.63307189941406
scene-0784_CAM_FRONT_abad69b7_d96c132f,3,65981,22.239874945746525,0.020031200655300285,0.8668150657946576,0.4332532240695506,74.06214141845703
scene-0784_CAM_FRONT_abad69b7_d96c132f,4,66172,22.28767719072165,0.01936663867980082,0.8666640401334279,0.43450739369106717,72.84062194824219
scene-0784_CAM_FRONT_45dde1b2_942c0bdb,0,66949,22.585442373685748,0.021454662356105825,0.8666312084679432,0.4396094345073937,73.02374267578125
scene-0784_CAM_FRONT_45dde1b2_942c0bdb,1,66098,22.897255848748635,0.021018089756985603,0.866644341134137,0.4340214850418932,72.49597930908203
scene-0784_CAM_FRONT_45dde1b2_942c0bdb,2,65823,22.636674083939706,0.02562244989084972,0.8667297034643974,0.4322157434402332,73.75428771972656
scene-0784_CAM_FRONT_45dde1b2_942c0bdb,3,65553,22.61810753050511,0.023891153591252046,0.8668281984608516,0.430442833504058,73.38423156738281
scene-0784_CAM_FRONT_45dde1b2_942c0bdb,4,65572,22.539719882981604,0.022875924894006028,0.8667559687967851,0.43056759383289994,74.17693328857422
scene-0784_CAM_FRONT_4872c7dd_d05af851,0,64642,22.931600386291603,0.021118163835256,0.8668084994615607,0.4244609040527408,72.33760070800781
scene-0784_CAM_FRONT_4872c7dd_d05af851,1,63938,22.534631750812125,0.020691436570341448,0.8670580201192446,0.41983820555249124,73.51849365234375
scene-0784_CAM_FRONT_4872c7dd_d05af851,2,63920,22.470451444355696,0.01967795431220809,0.8671105507840202,0.41972001155674626,73.10676574707031
scene-0784_CAM_FRONT_4872c7dd_d05af851,3,63534,21.939445096887848,0.021678258366414793,0.8670645864523415,0.41718540698132534,74.53583526611328
scene-0784_CAM_FRONT_4872c7dd_d05af851,4,63888,22.29088902354571,0.02135378642215424,0.8669660914558873,0.419509888897644,73.7773666381836
scene-0784_CAM_FRONT_2efc90b9_5deba036,0,66052,22.26357789260717,0.020568008321568243,0.8670580201192446,0.4337194337194337,74.0242919921875
scene-0784_CAM_FRONT_2efc90b9_5deba036,1,65777,23.09379508078476,0.022092936873638447,0.8671762141149896,0.43191369211777375,72.76969146728516
scene-0784_CAM_FRONT_2efc90b9_5deba036,2,65189,23.059938195633567,0.021584862944129757,0.8672747091114438,0.4280526882567699,72.64141082763672
scene-0784_CAM_FRONT_2efc90b9_5deba036,3,64928,22.91775147370012,0.02181571200318211,0.8673338061093163,0.42633887531846715,72.63140869140625
scene-0784_CAM_FRONT_2efc90b9_5deba036,4,65639,23.004340704970474,0.022241985849713153,0.8673009744438316,0.4310075381503953,72.86112976074219
scene-0784_CAM_FRONT_c34c1921_023d6155,0,65982,22.892710794447723,0.02078202633477555,0.8672353111128621,0.43325979040264756,72.62824249267578
scene-0784_CAM_FRONT_c34c1921_023d6155,1,65168,22.574171349282956,0.01925634499874951,0.867366637774801,0.42791479526173404,72.93950653076172
scene-0784_CAM_FRONT_c34c1921_023d6155,2,64308,22.392629307520963,0.020698526380934723,0.8672484437790561,0.42226774879836104,73.09616088867188
scene-0784_CAM_FRONT_c34c1921_023d6155,3,64333,22.28144734863673,0.020191601959481886,0.8672878417776377,0.42243190712578466,73.8506088256836
scene-0784_CAM_FRONT_c34c1921_023d6155,4,65013,22.69639848705074,0.024025135700748823,0.8672090457804743,0.4268970136317075,72.49029541015625
scene-0784_CAM_FRONT_4f4e7637_0a2b1d81,0,64962,22.32492102240092,0.02245400081405391,0.8672812754445407,0.4265621306437633,73.75444030761719
scene-0784_CAM_FRONT_4f4e7637_0a2b1d81,1,64537,22.57409983041033,0.0192929129850814,0.8672287447797652,0.42377143907756154,73.00729370117188
scene-0784_CAM_FRONT_4f4e7637_0a2b1d81,2,63808,22.59186464141883,0.021430753158066196,0.8671762141149896,0.4189845822498884,73.1922836303711
scene-0784_CAM_FRONT_4f4e7637_0a2b1d81,3,63709,22.90603792186354,0.02313099454095635,0.8671630814487957,0.4183345152732908,72.94429016113281
scene-0784_CAM_FRONT_4f4e7637_0a2b1d81,4,63266,22.657818108089455,0.019581437955875414,0.8670383211199538,0.415425629711344,73.400146484375
scene-0784_CAM_FRONT_77d878ed_e39400ef,0,64937,22.928526947463777,0.01987391618227985,0.8670251884537599,0.4263979723163397,74.06194305419922
scene-0784_CAM_FRONT_77d878ed_e39400ef,1,64679,23.151312672294974,0.020410607740251052,0.8671630814487957,0.42470385837732777,72.9006118774414
scene-0784_CAM_FRONT_77d878ed_e39400ef,2,64186,22.83613791394589,0.019891441817452504,0.8669398261234996,0.4214666561605337,73.66028594970703
scene-0784_CAM_FRONT_77d878ed_e39400ef,3,63975,22.794327684859148,0.019475074167894846,0.8670645864523415,0.4200811598770782,73.11524963378906
scene-0784_CAM_FRONT_77d878ed_e39400ef,4,63928,22.64737150430239,0.019717410834902083,0.8670777191185355,0.4197725422215218,73.43518829345703
scene-0784_CAM_FRONT_14a0ee8c_d764e9e7,0,66220,21.98609565953773,0.021513549471433357,0.8671171171171171,0.43482257767972055,74.33879089355469
scene-0784_CAM_FRONT_14a0ee8c_d764e9e7,1,65100,22.231848841685327,0.022446270793973433,0.8670054894544691,0.4274682846111418,73.28634643554688
scene-0784_CAM_FRONT_14a0ee8c_d764e9e7,2,65141,21.624144733114232,0.01947167586361287,0.8669529587896935,0.4277375042681165,74.72636413574219
scene-0784_CAM_FRONT_14a0ee8c_d764e9e7,3,66244,22.125197482638896,0.021919875916333487,0.8670711527854384,0.43498016967404723,72.99462127685547
scene-0784_CAM_FRONT_14a0ee8c_d764e9e7,4,66320,22.462352973407373,0.022576521759354984,0.8670908517847293,0.43547921098941506,73.09881591796875
scene-0794_CAM_FRONT_159f9a70_a13789ea,0,67338,21.39791820842304,0.0151801181892397,0.8268129645680666,0.44229506474404434,66.71835327148438
scene-0794_CAM_FRONT_159f9a70_a13789ea,1,65167,21.282599030734143,0.013836686079880423,0.8267407349040002,0.4280526882567699,66.8666763305664
scene-0794_CAM_FRONT_159f9a70_a13789ea,2,66378,21.164582233368535,0.015344271487288008,0.8272988732172406,0.4359585533054921,67.01828002929688
scene-0794_CAM_FRONT_159f9a70_a13789ea,3,65827,21.183504556953814,0.012775429042463315,0.8266685052399338,0.4323536364352691,67.26751708984375
scene-0794_CAM_FRONT_159f9a70_a13789ea,4,65653,21.437658856882173,0.012925959507577911,0.8265371785779949,0.4312242271425945,66.88957977294922
scene-0794_CAM_FRONT_448fb51a_b5bcd48b,0,67356,21.288861428660667,0.015346869199091229,0.8269705565623933,0.4424263914059832,66.12652587890625
scene-0794_CAM_FRONT_448fb51a_b5bcd48b,1,65852,21.163437569630126,0.014368988889217338,0.827016520894072,0.4325374937619836,66.74910736083984
scene-0794_CAM_FRONT_448fb51a_b5bcd48b,2,66541,21.013798363095237,0.016471558293295274,0.8265700102434796,0.43704199826648804,65.98979949951172
scene-0794_CAM_FRONT_448fb51a_b5bcd48b,3,65596,21.20853011530913,0.016325750634402114,0.8263073569196018,0.4308762114884564,65.90046691894531
scene-0794_CAM_FRONT_448fb51a_b5bcd48b,4,65418,20.468877291242368,0.015819285986771625,0.8268786278990361,0.42968113886481235,68.03614807128906
scene-0794_CAM_FRONT_3491f516_7505b580,0,65140,20.051679357161735,0.012862308601326866,0.8272135108869803,0.42783599926457067,67.87886047363281
scene-0794_CAM_FRONT_3491f516_7505b580,1,64349,20.093853875984898,0.015223646962979842,0.826648806240643,0.4226682951172747,67.21467590332031
scene-0794_CAM_FRONT_3491f516_7505b580,2,64254,20.043909337324177,0.014439016260172632,0.826885194232133,0.4220576261392588,67.0928726196289
scene-0794_CAM_FRONT_3491f516_7505b580,3,63670,19.809125434027774,0.01634981889414866,0.8266225409082552,0.41822945394373967,68.07064056396484
scene-0794_CAM_FRONT_3491f516_7505b580,4,63714,20.10968610253407,0.015002723676213137,0.8265831429096735,0.4184921072676175,67.46585845947266
scene-0794_CAM_FRONT_5af88bc8_82dd7acb,0,65781,21.178459046378965,0.017853148147174203,0.825919943266882,0.4320647177790035,67.05555725097656
scene-0794_CAM_FRONT_5af88bc8_82dd7acb,1,65334,20.837828091648884,0.01996763306516325,0.8257163869408768,0.4291426995508628,67.87060546875
scene-0794_CAM_FRONT_5af88bc8_82dd7acb,2,64524,21.034831695103854,0.01787678914692714,0.8258148819373309,0.4238239697423371,67.03614044189453
scene-0794_CAM_FRONT_5af88bc8_82dd7acb,3,64262,20.98254741218236,0.01932116909855175,0.8259921729309484,0.4220904578047435,67.17000579833984
scene-0794_CAM_FRONT_5af88bc8_82dd7acb,4,64894,21.398236843941923,0.016994485994138886,0.8259593412654637,0.426240380322013,66.57971954345703
scene-0794_CAM_FRONT_957dd8ab_51265d17,0,65597,19.698972933352405,0.01545445405443635,0.825801749271137,0.43084337982297166,67.24089813232422
scene-0794_CAM_FRONT_957dd8ab_51265d17,1,64083,19.591861347087384,0.01636435133564662,0.8260709689281118,0.42092165051348723,67.36346435546875
scene-0794_CAM_FRONT_957dd8ab_51265d17,2,63828,19.588186259305218,0.015006513884828987,0.8267013369054186,0.41922753657447537,67.58037567138672
scene-0794_CAM_FRONT_957dd8ab_51265d17,3,63652,19.644356370758715,0.016454673644396678,0.8264255509153469,0.418071861949413,66.93702697753906
scene-0794_CAM_FRONT_957dd8ab_51265d17,4,63369,19.704404289752006,0.017878447290827104,0.8258280146035248,0.4162398550153652,67.58985900878906
scene-0794_CAM_FRONT_4144d6c9_3ae9a520,0,66492,19.351593734382813,0.016741394430350942,0.826405851916056,0.4367662122764164,69.30747985839844
scene-0794_CAM_FRONT_4144d6c9_3ae9a520,1,65884,19.003972355769232,0.018178867067244253,0.8270296535602658,0.43275418275418276,69.6678237915039
scene-0794_CAM_FRONT_4144d6c9_3ae9a520,2,65451,19.616742995689652,0.016120202069782597,0.8267341685709033,0.4298781288577207,68.63695526123047
scene-0794_CAM_FRONT_4144d6c9_3ae9a520,3,65502,19.63091048293997,0.017362796248805212,0.8263795865836682,0.43023271084495573,68.3857192993164
scene-0794_CAM_FRONT_4144d6c9_3ae9a520,4,65617,19.809022393845424,0.016147908855377313,0.826399285582959,0.43097470648491054,67.76537322998047
scene-0794_CAM_FRONT_05afb6d4_7494f58f,0,67424,21.50294900798111,0.013080302076476702,0.8263007905865049,0.44287946838967246,68.0166015625
scene-0794_CAM_FRONT_05afb6d4_7494f58f,1,66930,21.84772995283019,0.01059572661990904,0.8261234995928873,0.4396225671735876,67.97325897216797
scene-0794_CAM_FRONT_05afb6d4_7494f58f,2,65767,22.45816452115949,0.010741514983934941,0.8260053055971424,0.4319333911170646,67.11141967773438
scene-0794_CAM_FRONT_05afb6d4_7494f58f,3,64382,22.271988600127546,0.012939468390145148,0.8192813805058703,0.42287841777637697,68.04232025146484
scene-0794_CAM_FRONT_05afb6d4_7494f58f,4,63536,22.952338763297867,0.012883277177748509,0.8161164079531427,0.41747432563759096,66.62786102294922
scene-0794_CAM_FRONT_e401b2cd_598c2006,0,75630,27.231224471602694,0.011833181375993762,0.816319964279148,0.4969138234444357,66.34297943115234
scene-0794_CAM_FRONT_e401b2cd_598c2006,1,74869,28.50157313350681,0.01647303275838574,0.8188283035221811,0.49176581829643057,64.56922912597656
scene-0794_CAM_FRONT_e401b2cd_598c2006,2,72155,28.801270871454726,0.019082752965987382,0.8219998424080057,0.4739841882699026,64.26732635498047
scene-0794_CAM_FRONT_e401b2cd_598c2006,3,68112,28.795963759406348,0.01906725705726542,0.828447981509206,0.4473314422294014,64.37063598632812
scene-0794_CAM_FRONT_e401b2cd_598c2006,4,67819,29.08277277542373,0.018187470415348628,0.832650434691251,0.4453221443017361,62.15374755859375
scene-0795_CAM_FRONT_f8e8dd98_056dd22a,0,90109,34.92327661856475,0.01570048815472669,0.8422372810127913,0.5966892548525201,61.1302375793457
scene-0795_CAM_FRONT_f8e8dd98_056dd22a,1,91226,33.465308852140076,0.02066530922654719,0.8459012948808867,0.6084561237622462,61.295631408691406
scene-0795_CAM_FRONT_f8e8dd98_056dd22a,2,91417,31.994048677573733,0.020516589391757822,0.8500643500643501,0.6066372494943923,62.75422286987305
scene-0795_CAM_FRONT_f8e8dd98_056dd22a,3,88162,33.79724451013514,0.024637267010419794,0.8554553095369422,0.5867937908754235,60.869056701660156
scene-0795_CAM_FRONT_f8e8dd98_056dd22a,4,87724,32.92872019109286,0.03373629323699179,0.864726971869829,0.5826963990229297,62.64448165893555
scene-0795_CAM_FRONT_9a24e469_98c0d0cc,0,92395,31.085863573996978,0.029986091437439022,0.869769915688283,0.611850917973367,62.016693115234375
scene-0795_CAM_FRONT_9a24e469_98c0d0cc,1,92364,32.262730813618006,0.041660969790708435,0.88202925958028,0.6139587108974864,61.78805923461914
scene-0795_CAM_FRONT_9a24e469_98c0d0cc,2,88571,30.853825864147915,0.03991410952556507,0.8891996953221443,0.5882515168229454,64.15129852294922
scene-0795_CAM_FRONT_9a24e469_98c0d0cc,3,82310,30.632261111524713,0.029908795245930042,0.8848724818112573,0.5575145115961443,68.17688751220703
scene-0795_CAM_FRONT_9a24e469_98c0d0cc,4,80716,31.294827063106787,0.03913622338976852,0.8753709978199774,0.5631024610616447,69.0436019897461
scene-0795_CAM_FRONT_c42d28e3_82db470c,0,86341,30.712448910081747,0.03249622265776164,0.8642279305544611,0.6023888319806687,68.32447814941406
scene-0795_CAM_FRONT_c42d28e3_82db470c,1,91964,30.555552049676894,0.042676450434563806,0.8499395897355081,0.6624904788170094,68.29911041259766
scene-0795_CAM_FRONT_c42d28e3_82db470c,2,92977,27.721197196146242,0.04005662322591519,0.840818953063851,0.650894334567804,70.68687438964844
scene-0795_CAM_FRONT_c42d28e3_82db470c,3,97370,26.498768299549543,0.041623838578261685,0.8519357549969795,0.6800488535182413,70.68659973144531
scene-0795_CAM_FRONT_c42d28e3_82db470c,4,98711,27.91297344532555,0.03551911873597602,0.8681939957450161,0.6789457095579544,68.89825439453125
scene-0795_CAM_FRONT_9a7d7c46_eaf74971,0,93280,26.42780617029257,0.025972318290109264,0.8603143960286818,0.6400270532923594,73.2729263305664
scene-0795_CAM_FRONT_9a7d7c46_eaf74971,1,90858,27.41057391620973,0.032407453124811525,0.878660730701547,0.6131576182596591,72.09025573730469
scene-0795_CAM_FRONT_9a7d7c46_eaf74971,2,100922,28.922014432317408,0.028804836519553456,0.9088330312820109,0.6864904262863446,67.23031616210938
scene-0795_CAM_FRONT_9a7d7c46_eaf74971,3,97968,28.702215036293037,0.031085543717391584,0.9300619861844351,0.6583471226328369,68.69197845458984
scene-0795_CAM_FRONT_9a7d7c46_eaf74971,4,98812,28.569629682179347,0.030666904901348824,0.9472066819005595,0.6598179812465527,69.47553253173828
scene-0795_CAM_FRONT_eb22b014_5ded7d74,0,108437,31.82501216570751,0.030131496977298777,0.9444028576681638,0.7194731174323011,66.72400665283203
scene-0795_CAM_FRONT_eb22b014_5ded7d74,1,103801,31.460538360013633,0.050706791735875445,0.9257413390066451,0.708546739158984,67.9300765991211
scene-0795_CAM_FRONT_eb22b014_5ded7d74,2,107758,32.4506455988746,0.03889095231921824,0.9257347726735482,0.7274446458119928,66.11082458496094
scene-0795_CAM_FRONT_eb22b014_5ded7d74,3,100283,31.57751112491982,0.04119900107758623,0.9214797888267277,0.6877839939064428,67.23977661132812
scene-0795_CAM_FRONT_eb22b014_5ded7d74,4,105551,32.07254058441558,0.03698473782726852,0.9182951172747091,0.7373335434559924,66.86624908447266
scene-0795_CAM_FRONT_9719fcdf_97c0f9ec,0,115339,30.474614164418846,0.0264746418004127,0.9024571218448769,0.7939353347516613,66.49728393554688
scene-0795_CAM_FRONT_9719fcdf_97c0f9ec,1,111999,30.7952557547689,0.021257417969689385,0.9079071783153416,0.7901728258871116,67.03182983398438
scene-0795_CAM_FRONT_9719fcdf_97c0f9ec,2,104806,28.70598358562407,0.028659330841015906,0.9039148477923988,0.740150500354582,70.57074737548828
scene-0795_CAM_FRONT_9719fcdf_97c0f9ec,3,95403,30.496040454454246,0.022344718631386762,0.8700850996769364,0.6717161768182176,68.89734649658203
scene-0795_CAM_FRONT_9719fcdf_97c0f9ec,4,93917,29.75345720307918,0.033623199935084,0.852835342631261,0.6662332886822683,68.92284393310547
scene-0795_CAM_FRONT_f8883f89_b11caa5f,0,89407,29.791501389336332,0.016929281394426177,0.8402739474168046,0.6289824810232973,65.22254180908203
scene-0795_CAM_FRONT_f8883f89_b11caa5f,1,88931,29.55374986160319,0.02274309030774102,0.844909778583248,0.6147401045360229,68.89933013916016
scene-0795_CAM_FRONT_f8883f89_b11caa5f,2,96953,29.45859161980232,0.032218661943020255,0.8530520316234602,0.6781052189215454,68.70882415771484
scene-0795_CAM_FRONT_f8883f89_b11caa5f,3,91972,29.035443877103788,0.029204463159762772,0.8603078296955848,0.6258306411367636,68.6644515991211
scene-0795_CAM_FRONT_f8883f89_b11caa5f,4,92575,28.28749472128378,0.022071676639729088,0.8731647098994038,0.6295406193365377,69.7332992553711
scene-0795_CAM_FRONT_56ac73dd_e1c44489,0,99608,25.527641626949734,0.026135579310857304,0.8605967483518504,0.6772515956189425,70.82548522949219
scene-0795_CAM_FRONT_56ac73dd_e1c44489,1,107765,26.10164306803061,0.03645201730306313,0.8931460615134085,0.7335644682583458,67.98693084716797
scene-0795_CAM_FRONT_56ac73dd_e1c44489,2,107744,27.12829508571905,0.03924923152128601,0.8950174664460379,0.7173718908412786,67.35635375976562
scene-0795_CAM_FRONT_56ac73dd_e1c44489,3,111811,26.17295894833948,0.03637414764172808,0.9076970556562394,0.7422779922779923,71.21583557128906
scene-0795_CAM_FRONT_56ac73dd_e1c44489,4,111628,26.489808955288797,0.04415291075075589,0.9012029522233603,0.7469072571113388,69.81221008300781
scene-0796_CAM_FRONT_c1676a2f_09205171,0,113245,26.642899284409257,0.028008353417638077,0.899567935282221,0.7648399127990965,69.13378143310547
scene-0796_CAM_FRONT_c1676a2f_09205171,1,112414,26.790937499999995,0.030113693957348975,0.9125101778163003,0.7731069261681507,68.85958862304688
scene-0796_CAM_FRONT_c1676a2f_09205171,2,110955,25.95531708809136,0.019303455141358672,0.9006973445748956,0.7513986289496494,70.39420318603516
scene-0796_CAM_FRONT_c1676a2f_09205171,3,115709,26.040978501187954,0.03297548036919462,0.9259448953326505,0.7946247997268405,70.0908203125
scene-0796_CAM_FRONT_c1676a2f_09205171,4,112598,26.939486607142857,0.04068153494453153,0.932123814776876,0.767295721377354,69.7747573852539
scene-0796_CAM_FRONT_feaef544_3a7aa284,0,122509,27.308042154616434,0.043478962083820516,0.9360833136343341,0.8351193759357025,67.46343994140625
scene-0796_CAM_FRONT_feaef544_3a7aa284,1,110706,27.370180404589373,0.05049340182444473,0.9027920048328212,0.7619507262364406,67.72440338134766
scene-0796_CAM_FRONT_feaef544_3a7aa284,2,113049,27.39654321550049,0.04020713648294505,0.9255706143461245,0.7506106689780159,67.70104217529297
scene-0796_CAM_FRONT_feaef544_3a7aa284,3,113316,26.692878350583864,0.03504423638456178,0.9359322879731043,0.7687665799910698,70.12661743164062
scene-0796_CAM_FRONT_feaef544_3a7aa284,4,106328,25.57589519746039,0.04553729605663048,0.9470490899062327,0.7183765398051112,69.66496276855469
scene-0796_CAM_FRONT_f218a2b4_312cd4d3,0,108723,28.75590505561894,0.034902058248442724,0.9296417408662306,0.739428203713918,69.74940490722656
scene-0796_CAM_FRONT_f218a2b4_312cd4d3,1,106379,29.19929709885387,0.04048414704908421,0.8993643789562157,0.7384104220838915,69.80142211914062
scene-0796_CAM_FRONT_f218a2b4_312cd4d3,2,110833,30.628671504348972,0.05542556039213675,0.935485777322512,0.767420481706196,70.29351806640625
scene-0796_CAM_FRONT_f218a2b4_312cd4d3,3,107613,30.611955094537812,0.03443058707826019,0.9265555643106663,0.7288826727602238,67.91439819335938
scene-0796_CAM_FRONT_f218a2b4_312cd4d3,4,100565,30.7449175883059,0.02147066648783058,0.9261812833241405,0.6744937357182255,69.10282897949219
scene-0796_CAM_FRONT_4aaaf68b_4786b3c0,0,102089,26.898361496040724,0.032010732965848554,0.913856276101174,0.6727470911144381,68.28862762451172
scene-0796_CAM_FRONT_4aaaf68b_4786b3c0,1,103035,27.77682485045379,0.03534139541240311,0.9058847477214824,0.6800685525175321,67.13752746582031
scene-0796_CAM_FRONT_4aaaf68b_4786b3c0,2,102224,26.20214079958101,0.01861156080713977,0.9001063745961705,0.6768641819662228,68.25502014160156
scene-0796_CAM_FRONT_4aaaf68b_4786b3c0,3,101663,27.236569148936177,0.02730406518739814,0.8846951908176398,0.6772187639534578,69.07594299316406
scene-0796_CAM_FRONT_4aaaf68b_4786b3c0,4,98798,27.783069319751373,0.030105956621738317,0.8766120347753,0.6629829537992803,69.72634887695312
scene-0796_CAM_FRONT_4ee219c4_7df1288f,0,98445,23.861863800398208,0.02326647868719567,0.8872823260578363,0.6599558742415885,68.65741729736328
scene-0796_CAM_FRONT_4ee219c4_7df1288f,1,92275,26.443774825713355,0.023240170338856725,0.8467352191841988,0.6357064061145694,68.48609924316406
scene-0796_CAM_FRONT_4ee219c4_7df1288f,2,98496,25.739200072300772,0.03204800335138325,0.8847411551493184,0.6745922307146797,67.8162612915039
scene-0796_CAM_FRONT_4ee219c4_7df1288f,3,98358,26.117476386655948,0.040019195421634235,0.8880177553646942,0.6642699550862816,69.44625854492188
scene-0796_CAM_FRONT_4ee219c4_7df1288f,4,102831,26.096419039145903,0.022817810520704196,0.897643999684816,0.706872324219263,69.64265441894531
scene-0796_CAM_FRONT_264c5f3a_1dba6570,0,107291,26.431520600558656,0.022746078824973814,0.9047159404302262,0.7345953825545662,70.35897064208984
scene-0796_CAM_FRONT_264c5f3a_1dba6570,1,107765,26.512458164694884,0.0193454141734275,0.8654624011766869,0.7727589105140126,70.86610412597656
scene-0796_CAM_FRONT_264c5f3a_1dba6570,2,101148,26.35441157814615,0.01616215528278997,0.8326570010243479,0.715165602920705,70.56609344482422
scene-0796_CAM_FRONT_264c5f3a_1dba6570,3,104935,27.187882801323322,0.029055102082465645,0.8951750584403646,0.7158485015627872,69.9765853881836
scene-0796_CAM_FRONT_264c5f3a_1dba6570,4,93741,27.00191709897892,0.016166167614703575,0.8216912247524493,0.6568040343550547,71.54962921142578
scene-0796_CAM_FRONT_3e7ed5cf_26e594c4,0,101704,28.161879274846452,0.03232458466622745,0.8545885535681454,0.6947180416568172,71.81263732910156
scene-0796_CAM_FRONT_3e7ed5cf_26e594c4,1,107855,27.745819627192972,0.02996485398072135,0.8393874924487169,0.7598232343130302,71.06490325927734
scene-0796_CAM_FRONT_3e7ed5cf_26e594c4,2,105104,27.941938515535917,0.01923436412768953,0.8566963464922649,0.7262889711869304,71.67897033691406
scene-0796_CAM_FRONT_3e7ed5cf_26e594c4,3,120131,29.02018805309734,0.03335836760628519,0.9023651931815198,0.8214482704278623,70.28375244140625
scene-0796_CAM_FRONT_3e7ed5cf_26e594c4,4,126848,28.853015718005953,0.02919872159039838,0.9337588317180154,0.842499934336669,71.0909194946289
scene-0796_CAM_FRONT_78e778e7_63c24b51,0,99525,26.13230001822157,0.026198274481859407,0.8678131484253934,0.6704882725290888,70.69338989257812
scene-0796_CAM_FRONT_78e778e7_63c24b51,1,111089,25.19370764044159,0.034428439581856374,0.9156094870380584,0.7424027526068342,71.0549545288086
scene-0796_CAM_FRONT_78e778e7_63c24b51,2,97411,25.455433351946393,0.03099577757590888,0.8590667927402621,0.6519186825309274,69.28974151611328
scene-0796_CAM_FRONT_78e778e7_63c24b51,3,97724,26.462608452418337,0.03795604106052353,0.9125889738134636,0.6575394636619126,69.06487274169922
scene-0796_CAM_FRONT_78e778e7_63c24b51,4,93994,25.337273085724892,0.026516134247431156,0.9047422057626139,0.6405326609408242,69.10127258300781
scene-0797_CAM_FRONT_604d12eb_75642377,0,97821,25.65679482565579,0.03172387126317133,0.8869146114044073,0.6657408136999974,68.63964080810547
scene-0797_CAM_FRONT_604d12eb_75642377,1,102185,26.726455636297025,0.03320805508331315,0.8965933863893047,0.6986578415149843,68.07770538330078
scene-0797_CAM_FRONT_604d12eb_75642377,2,104681,25.90504951980792,0.03069962284073746,0.8751937068263599,0.7128739526698711,70.313232421875
scene-0797_CAM_FRONT_604d12eb_75642377,3,114251,26.03437764830509,0.03384144474661399,0.9200942925432721,0.765614740104536,68.70214080810547
scene-0797_CAM_FRONT_604d12eb_75642377,4,114014,25.48960387323944,0.0404193615785855,0.9224384734588816,0.7633427888529929,70.06362915039062
scene-0797_CAM_FRONT_9d77cf89_ec2ce68b,0,100272,21.81528530755592,0.04116302984524345,0.9225304021222388,0.6683870459380663,71.55879211425781
scene-0797_CAM_FRONT_9d77cf89_ec2ce68b,1,102549,22.380917851796408,0.031463528180411426,0.9285714285714286,0.6763323089853702,69.69422912597656
scene-0797_CAM_FRONT_9d77cf89_ec2ce68b,2,102612,22.45007464991763,0.02437978677737429,0.9307317521603236,0.6770611719591312,68.8496322631836
scene-0797_CAM_FRONT_9d77cf89_ec2ce68b,3,101771,21.650432556497176,0.020275171885163257,0.9254064560187009,0.6761681506579466,70.79761505126953
scene-0797_CAM_FRONT_9d77cf89_ec2ce68b,4,102947,22.942042461560355,0.03702969085866581,0.9310666351482678,0.6767000236387991,68.7896728515625
scene-0797_CAM_FRONT_ff16605e_0f6b0c88,0,105938,18.768924800228312,0.02894459957396922,0.9303903028392825,0.695702991621359,70.14875793457031
scene-0797_CAM_FRONT_ff16605e_0f6b0c88,1,111987,18.950767155283497,0.036401477824131945,0.9281446169201272,0.7374845691172222,70.03736877441406
scene-0797_CAM_FRONT_ff16605e_0f6b0c88,2,112438,18.695809108527133,0.032894882698551564,0.9237911380768523,0.7402358626848423,70.42427062988281
scene-0797_CAM_FRONT_ff16605e_0f6b0c88,3,110670,19.46852270532956,0.03347699314055408,0.9176187849657237,0.7302090720458068,68.91056823730469
scene-0797_CAM_FRONT_ff16605e_0f6b0c88,4,108657,21.500339084201386,0.03184059298173958,0.9114136001891104,0.7173784571743755,66.54228210449219
scene-0797_CAM_FRONT_a131cf4a_ccc5e44e,0,101427,16.77666372034672,0.022505142815820722,0.9057140230609618,0.6703044152023744,66.37358856201172
scene-0797_CAM_FRONT_a131cf4a_ccc5e44e,1,108085,17.06867363485519,0.026386759749621902,0.8972434533659024,0.7217516350169412,67.08389282226562
scene-0797_CAM_FRONT_a131cf4a_ccc5e44e,2,106852,17.636235335340533,0.02346370401511666,0.889357287316471,0.7148963832637302,65.4094467163086
scene-0797_CAM_FRONT_a131cf4a_ccc5e44e,3,103255,16.99073665157245,0.03129189138057242,0.8745305071835684,0.6966025792556405,67.53948211669922
scene-0797_CAM_FRONT_a131cf4a_ccc5e44e,4,102051,17.34159989316239,0.026683785814654915,0.8720090352743414,0.6917040947653192,66.86479949951172
scene-0797_CAM_FRONT_95594b53_311d52bc,0,83998,13.845029916336285,0.012775327857790453,0.8754760591495285,0.5605153258214483,67.20166778564453
scene-0797_CAM_FRONT_95594b53_311d52bc,1,86268,13.664940392886395,0.011903797521435555,0.8793304966774355,0.5739040790061198,66.58245086669922
scene-0797_CAM_FRONT_95594b53_311d52bc,2,84098,13.654117227740986,0.018920067799331974,0.8774787907440968,0.5578690935833793,66.1522216796875
scene-0797_CAM_FRONT_95594b53_311d52bc,3,79768,13.337424365765939,0.016373718574878904,0.8756861818086308,0.5289772279568198,67.38401794433594
scene-0797_CAM_FRONT_95594b53_311d52bc,4,78262,13.739375598276963,0.01891927313903441,0.8749573188348698,0.5194297796338613,66.18343353271484
scene-0797_CAM_FRONT_7ce195be_ee7453aa,0,72906,11.104903226518363,0.040412910094596244,0.8736965828802563,0.48186378798623697,66.7464599609375
scene-0797_CAM_FRONT_7ce195be_ee7453aa,1,72068,11.067455963249067,0.04558897193078404,0.8732106742310823,0.47625613952144563,66.5550765991211
scene-0797_CAM_FRONT_7ce195be_ee7453aa,2,70157,10.982813747339012,0.042950878804764336,0.8723767499277704,0.46338612665143275,66.7718276977539
scene-0797_CAM_FRONT_7ce195be_ee7453aa,3,69162,11.244073589296102,0.04259084947399305,0.8732303732303732,0.45624195624195624,65.73452758789062
scene-0797_CAM_FRONT_7ce195be_ee7453aa,4,68047,11.183301609483422,0.04512323708771948,0.8736440522154808,0.4490780868331889,66.48287963867188
scene-0797_CAM_FRONT_ef7f5664_5540e9c3,0,65620,11.439175245991255,0.02719373225708832,0.8747997268405432,0.43249809576340187,66.35687255859375
scene-0797_CAM_FRONT_ef7f5664_5540e9c3,1,65532,11.496922711586729,0.029240817474984304,0.8734142305570877,0.4322682741050088,65.89791107177734
scene-0797_CAM_FRONT_ef7f5664_5540e9c3,2,64973,11.24852343144849,0.02894767107872598,0.8731187455677252,0.4286173929031072,67.10552215576172
scene-0797_CAM_FRONT_ef7f5664_5540e9c3,3,65634,11.45145549711221,0.026743248674706788,0.8732106742310823,0.43334515273290786,65.88385009765625
scene-0797_CAM_FRONT_ef7f5664_5540e9c3,4,65532,11.720183148300439,0.02490739248964524,0.8730530822367557,0.43243243243243246,65.8126220703125
scene-0797_CAM_FRONT_e075a437_caf5bbd3,0,65588,11.404463605182928,0.025228334015857,0.8743532161899509,0.43224857510571796,65.71019744873047
scene-0797_CAM_FRONT_e075a437_caf5bbd3,1,65562,11.319182562357737,0.02618932420535236,0.8740774301998792,0.4318939931184829,66.22289276123047
scene-0797_CAM_FRONT_e075a437_caf5bbd3,2,65366,11.253690958443562,0.026845546249089747,0.8741299608646548,0.43084337982297166,65.85704803466797
scene-0797_CAM_FRONT_e075a437_caf5bbd3,3,65241,11.289650188060177,0.028332684549915665,0.8735915215507052,0.43016704751398627,66.04217529296875
scene-0797_CAM_FRONT_e075a437_caf5bbd3,4,65116,11.36026146131805,0.025899140800580422,0.8733354345599244,0.42923462821422004,65.94457244873047
scene-0798_CAM_FRONT_154dbc84_745e6a48,0,72297,11.535767759724857,0.03787369097093052,0.8746158695138287,0.47703096682688517,64.95124816894531
scene-0798_CAM_FRONT_154dbc84_745e6a48,1,71884,11.343151974755697,0.035070866370613185,0.8738541748745831,0.4745094949176582,65.6220703125
scene-0798_CAM_FRONT_154dbc84_745e6a48,2,72122,11.57163240131579,0.02378641850407348,0.873256638562761,0.4759803535313739,63.953941345214844
scene-0798_CAM_FRONT_154dbc84_745e6a48,3,67718,11.4177734375,0.02180747894159918,0.8714311979618102,0.4464909515929924,64.61467742919922
scene-0798_CAM_FRONT_154dbc84_745e6a48,4,64731,11.100482792232857,0.025301259367160878,0.8717004176187849,0.4260827883276863,66.84088134765625
scene-0798_CAM_FRONT_e39e3e5e_70f8b282,0,88942,17.7558526400862,0.020695980081282928,0.8730596485698526,0.5900572584246053,66.0209732055664
scene-0798_CAM_FRONT_e39e3e5e_70f8b282,1,91643,17.648395673300744,0.02175958996257865,0.8756008194783705,0.6093885430620124,68.32681274414062
scene-0798_CAM_FRONT_e39e3e5e_70f8b282,2,93136,17.374054217406876,0.02300669459607585,0.8791860373493027,0.6176358574317758,68.30473327636719
scene-0798_CAM_FRONT_e39e3e5e_70f8b282,3,90189,18.139384170586915,0.022452127914606823,0.8817469072571114,0.5977201691487406,67.37163543701172
scene-0798_CAM_FRONT_e39e3e5e_70f8b282,4,83762,18.16780902777778,0.020078480504470697,0.8849250124760328,0.5532266960838389,67.98128509521484
scene-0798_CAM_FRONT_a16e2908_4fc4dcd4,0,98861,23.254200571329648,0.05676012889923099,0.8874596170514538,0.658458750295485,67.59091186523438
scene-0798_CAM_FRONT_a16e2908_4fc4dcd4,1,101677,22.765414898825064,0.07114391974537959,0.8854765844561763,0.6751897670265017,67.19471740722656
scene-0798_CAM_FRONT_a16e2908_4fc4dcd4,2,111087,22.347353509976866,0.05392575372262787,0.8868029837417593,0.7407677356656949,67.63516998291016
scene-0798_CAM_FRONT_a16e2908_4fc4dcd4,3,110289,22.14992076945754,0.03625422344743834,0.8895608436424763,0.7362500984949965,68.29232788085938
scene-0798_CAM_FRONT_a16e2908_4fc4dcd4,4,109524,22.647915427660035,0.027861267843073634,0.8906968192682478,0.7372153494602475,67.29739379882812
scene-0798_CAM_FRONT_e49b120c_3e99c588,0,105701,22.858002618855767,0.0257957811668601,0.8884642660152864,0.7107267617471699,67.24336242675781
scene-0798_CAM_FRONT_e49b120c_3e99c588,1,101351,22.05727982954545,0.022753412756605584,0.8859756257715441,0.6720050954744833,68.62960052490234
scene-0798_CAM_FRONT_e49b120c_3e99c588,2,101970,21.435560008405375,0.02101559351588178,0.8870196727339584,0.6816641714600898,70.1476058959961
scene-0798_CAM_FRONT_e49b120c_3e99c588,3,101090,21.756065425334327,0.031104342152223907,0.8892587923200168,0.6673036009770703,68.44725799560547
scene-0798_CAM_FRONT_e49b120c_3e99c588,4,97126,21.78100734415725,0.04806991270276728,0.8880768523625666,0.6393375883171801,68.27032470703125
scene-0798_CAM_FRONT_9f5cb220_2b2c6baf,0,105104,22.341849975284237,0.045026222586057596,0.8924894282037139,0.6931158563811625,67.28588104248047
scene-0798_CAM_FRONT_9f5cb220_2b2c6baf,1,105042,21.821073210808176,0.03837778654742685,0.892115147217188,0.6930961573818717,69.27543640136719
scene-0798_CAM_FRONT_9f5cb220_2b2c6baf,2,103566,22.189375733185614,0.023861729574561563,0.8949518031150684,0.6852953536627006,68.1716537475586
scene-0798_CAM_FRONT_9f5cb220_2b2c6baf,3,100182,21.938571773441666,0.018079688173405994,0.8906311559372784,0.6655109920416042,67.00727081298828
scene-0798_CAM_FRONT_9f5cb220_2b2c6baf,4,97310,21.984823943661976,0.023929030051561773,0.8812347332755496,0.6550770887505581,67.39347839355469
scene-0798_CAM_FRONT_6a652407_ef183f50,0,94041,24.17883191650702,0.014975047395290542,0.8685617103984451,0.6438552254878785,68.98587036132812
scene-0798_CAM_FRONT_6a652407_ef183f50,1,100107,25.156356220258328,0.019936259265481482,0.8766973971055604,0.6868187429411919,68.45964813232422
scene-0798_CAM_FRONT_6a652407_ef183f50,2,102460,25.135620230111005,0.02487519005438954,0.8798492369920942,0.7014354004149923,67.92668151855469
scene-0798_CAM_FRONT_6a652407_ef183f50,3,102438,26.148702715809883,0.02565706337500151,0.9078218159850813,0.6979749428729021,66.67431640625
scene-0798_CAM_FRONT_6a652407_ef183f50,4,98612,25.908325922402383,0.022378863035399155,0.9168439576602841,0.6754721193496703,67.0867691040039
scene-0798_CAM_FRONT_cee03d13_9be09474,0,99358,25.080712430377037,0.02047951755564159,0.9187087962598167,0.6818414624537074,66.5146484375
scene-0798_CAM_FRONT_cee03d13_9be09474,1,103999,25.065260936525267,0.02638999424371269,0.9171197436503559,0.7178446668242586,66.31827545166016
scene-0798_CAM_FRONT_cee03d13_9be09474,2,100883,25.03076241929699,0.02187038664532759,0.9168045596617025,0.6952696136369606,66.9853744506836
scene-0798_CAM_FRONT_cee03d13_9be09474,3,92301,24.482660914179103,0.02279979863539694,0.9058519160559977,0.6422924382108055,67.713134765625
scene-0798_CAM_FRONT_cee03d13_9be09474,4,86144,24.665856913349916,0.020947119929829894,0.9108423292096761,0.5823615160349854,68.0105972290039
scene-0798_CAM_FRONT_fccf8baf_f05b1a3a,0,100219,25.667186543172075,0.024601540119764564,0.914342184750348,0.6749599453681087,70.28656005859375
scene-0798_CAM_FRONT_fccf8baf_f05b1a3a,1,110998,27.096862212909183,0.023917341549601012,0.9154453287106349,0.7446878365245713,68.13240051269531
scene-0798_CAM_FRONT_fccf8baf_f05b1a3a,2,113188,28.440966151903666,0.025118447659096654,0.9161807580174927,0.7647282851364484,67.01590728759766
scene-0798_CAM_FRONT_fccf8baf_f05b1a3a,3,113638,27.145986463659607,0.02550807298660307,0.9211186405063956,0.7727786095133033,69.92938232421875
scene-0798_CAM_FRONT_fccf8baf_f05b1a3a,4,116055,26.36491762043686,0.03382565526099812,0.9312373598087884,0.7919588684894807,69.11259460449219
scene-0799_CAM_FRONT_2eef1a0a_ff99e96d,0,101517,23.864029947916666,0.023049650471271832,0.9514025687495076,0.6742573477267355,69.95707702636719
scene-0799_CAM_FRONT_2eef1a0a_ff99e96d,1,109047,24.893827345975787,0.03250942837502979,0.9616460483807423,0.7268602421663646,69.39289093017578
scene-0799_CAM_FRONT_2eef1a0a_ff99e96d,2,111771,25.263258375563066,0.026264590719360825,0.9567212985580332,0.7442084942084942,68.50173950195312
scene-0799_CAM_FRONT_2eef1a0a_ff99e96d,3,105820,24.151542916293646,0.024583098923111724,0.9309747064849105,0.7169188138575894,70.58611297607422
scene-0799_CAM_FRONT_2eef1a0a_ff99e96d,4,101593,23.751783063984167,0.021238073286618864,0.9415924671026712,0.6786502245685919,70.68973541259766
scene-0799_CAM_FRONT_10cca1fc_b4d61616,0,110960,24.07481363972401,0.025073511497674117,0.932603157092953,0.7442084942084942,69.53541564941406
scene-0799_CAM_FRONT_10cca1fc_b4d61616,1,117516,23.725632084131536,0.02177575918276098,0.9458868489480734,0.7778084206655635,70.65609741210938
scene-0799_CAM_FRONT_10cca1fc_b4d61616,2,117923,24.67861007746051,0.03274972123495612,0.9433785097050403,0.7805925458986683,70.5815200805664
scene-0799_CAM_FRONT_10cca1fc_b4d61616,3,119639,24.418588675704658,0.03636177221901482,0.9525057127097943,0.792766527460405,70.44074249267578
scene-0799_CAM_FRONT_10cca1fc_b4d61616,4,126740,23.87469808054035,0.04560669523643379,0.9609237517400783,0.8475034801565414,73.02452850341797
scene-0799_CAM_FRONT_afac870c_acfe7cd9,0,125500,22.66520147138229,0.03922984122321038,0.9620137630341712,0.8410750400546319,70.3522720336914
scene-0799_CAM_FRONT_afac870c_acfe7cd9,1,125188,22.376632109645325,0.0344497996345523,0.9583694481653665,0.8370761431985921,70.34544372558594
scene-0799_CAM_FRONT_afac870c_acfe7cd9,2,124397,21.59860327935988,0.02559872324274126,0.9617248443779056,0.8391708034565177,70.95394134521484
scene-0799_CAM_FRONT_afac870c_acfe7cd9,3,123159,22.519884285598177,0.03718942421706917,0.9555327922674861,0.8239631760039924,69.65827941894531
scene-0799_CAM_FRONT_afac870c_acfe7cd9,4,117614,22.68882978723404,0.04359847440238185,0.9575026921965697,0.789883907230846,70.5076904296875
scene-0799_CAM_FRONT_247d0121_614aa888,0,113458,22.95940346659919,0.035668994178561064,0.9586649331547291,0.7578599007170436,68.95219421386719
scene-0799_CAM_FRONT_247d0121_614aa888,1,121382,22.563866618075803,0.029550930585600765,0.9566490688939668,0.8198986158169832,68.8366928100586
scene-0799_CAM_FRONT_247d0121_614aa888,2,119177,21.93285378934085,0.03348567047529194,0.9498594804717254,0.806457331967536,70.32416534423828
scene-0799_CAM_FRONT_247d0121_614aa888,3,119097,22.542843627929685,0.04086688172140862,0.9406731804690989,0.807304388937042,69.6924057006836
scene-0799_CAM_FRONT_247d0121_614aa888,4,113491,21.721883172071134,0.03452969101506165,0.9244083733879652,0.7708612402489954,70.50115966796875
scene-0799_CAM_FRONT_09cb6ba6_abfc8664,0,117220,22.25510804521277,0.03241414642281848,0.9271465342893914,0.7916502508339243,69.082763671875
scene-0799_CAM_FRONT_09cb6ba6_abfc8664,1,123927,22.635225419012286,0.0298600787626353,0.9372258555932025,0.8379822971659706,68.53002166748047
scene-0799_CAM_FRONT_09cb6ba6_abfc8664,2,127249,23.92314232183258,0.031567286496986036,0.9454009402988994,0.8619494129698211,66.74886322021484
scene-0799_CAM_FRONT_09cb6ba6_abfc8664,3,126407,24.317239583333325,0.03999615734726403,0.9422884984109474,0.8611942846636724,67.89139556884766
scene-0799_CAM_FRONT_09cb6ba6_abfc8664,4,116216,24.406646581560988,0.031262551359906965,0.91878759225698,0.8012370971554645,65.0611801147461
scene-0799_CAM_FRONT_2cb04989_ed19cd3f,0,98856,26.583669653436022,0.02149938418514563,0.8865403304178814,0.6928532030572847,66.84227752685547
scene-0799_CAM_FRONT_2cb04989_ed19cd3f,1,92499,26.86218092718317,0.030806119096445705,0.8568079741549129,0.6521222388569328,68.1272201538086
scene-0799_CAM_FRONT_2cb04989_ed19cd3f,2,86465,26.044741823968394,0.02199386052085117,0.8287959971633441,0.5985015627872771,70.0196533203125
scene-0799_CAM_FRONT_2cb04989_ed19cd3f,3,95218,26.1797566896508,0.01617541967339653,0.8401754524203504,0.6445118587975731,67.91746520996094
scene-0799_CAM_FRONT_2cb04989_ed19cd3f,4,96851,28.00289834104938,0.022697027050020413,0.858955165077614,0.6437501641583274,67.13856506347656
scene-0799_CAM_FRONT_5a9ad4e8_323a637e,0,92619,25.35687619600875,0.027466214610474715,0.8688440627216137,0.6092112520683949,68.87052154541016
scene-0799_CAM_FRONT_5a9ad4e8_323a637e,1,91047,27.263791284556092,0.03797359383477428,0.8652194468521,0.6013513513513513,66.46232604980469
scene-0799_CAM_FRONT_5a9ad4e8_323a637e,2,93324,24.631644896719322,0.037168326776262584,0.8704199826648806,0.6169923567882751,69.02713775634766
scene-0799_CAM_FRONT_5a9ad4e8_323a637e,3,95398,23.0145807549505,0.03129730238717121,0.8647663698684107,0.6283455467128937,70.78103637695312
scene-0799_CAM_FRONT_5a9ad4e8_323a637e,4,95576,23.846594793465755,0.035643693121108155,0.8684894807343787,0.6292910986788538,69.99478912353516
scene-0799_CAM_FRONT_300a5a9b_7293ddbc,0,90930,23.590654587128476,0.023214828099979545,0.8922793055446117,0.6012397236887033,71.16429901123047
scene-0799_CAM_FRONT_300a5a9b_7293ddbc,1,96463,24.674807322584996,0.022514339618204815,0.9028708008299845,0.6477227956819793,69.09850311279297
scene-0799_CAM_FRONT_300a5a9b_7293ddbc,2,93359,24.579824780351437,0.020134760846711508,0.9139941690962099,0.6162700601476112,70.54752349853516
scene-0799_CAM_FRONT_300a5a9b_7293ddbc,3,88745,24.358244879085678,0.019027080443257738,0.9068893966853151,0.5857431775799122,70.44886779785156
scene-0799_CAM_FRONT_300a5a9b_7293ddbc,4,85471,26.125143092887722,0.015193669522062692,0.9132456071231582,0.5674559399049195,68.20848083496094
scene-0800_CAM_FRONT_94cd383e_b4a22db7,0,98545,25.84276563460357,0.027087106650494963,0.9058453497229008,0.6558453497229008,69.46086120605469
scene-0800_CAM_FRONT_94cd383e_b4a22db7,1,106955,26.16949324101005,0.029135393417871747,0.9036850261340057,0.7238659942741575,68.46006774902344
scene-0800_CAM_FRONT_94cd383e_b4a22db7,2,102163,24.188203384551493,0.022254557097791672,0.9032516481496073,0.688374963885168,70.69511413574219
scene-0800_CAM_FRONT_94cd383e_b4a22db7,3,103700,24.077785784115427,0.03020767374304434,0.9131142804612192,0.6990518215008011,70.01890563964844
scene-0800_CAM_FRONT_94cd383e_b4a22db7,4,102201,22.858236011293645,0.022867248470949342,0.9207574921860636,0.6795301132035826,73.25863647460938
scene-0800_CAM_FRONT_fa4978c3_4a74ff52,0,97945,23.84643644555215,0.023056310251968526,0.92287185144328,0.670704961521288,70.97367858886719
scene-0800_CAM_FRONT_fa4978c3_4a74ff52,1,99761,24.892113095238095,0.03351040620998669,0.9163514826780133,0.6912050534499514,70.06304168701172
scene-0800_CAM_FRONT_fa4978c3_4a74ff52,2,99838,25.149239799580386,0.018725355936439314,0.9158590076957424,0.6954206392981903,68.81749725341797
scene-0800_CAM_FRONT_fa4978c3_4a74ff52,3,97386,25.864186190337602,0.02537053451849758,0.9056023953983138,0.6734168570903265,68.81507110595703
scene-0800_CAM_FRONT_fa4978c3_4a74ff52,4,96456,27.614460802561048,0.026847127954004568,0.9066792740262128,0.6623985501536522,66.21575164794922
scene-0800_CAM_FRONT_a07a94dd_c2557bfc,0,103225,28.99854557381281,0.03681453523422151,0.9195427205631287,0.691736926430804,67.11083221435547
scene-0800_CAM_FRONT_a07a94dd_c2557bfc,1,110182,27.0499507692874,0.038388891216237786,0.92035694586715,0.7330457279436872,67.30367279052734
scene-0800_CAM_FRONT_a07a94dd_c2557bfc,2,105459,26.355162427090082,0.04303222186393629,0.9227799227799228,0.6955191342946445,67.08158111572266
scene-0800_CAM_FRONT_a07a94dd_c2557bfc,3,100641,26.801475606272216,0.03073881466267947,0.9205473695269614,0.66289759146902,67.69937133789062
scene-0800_CAM_FRONT_a07a94dd_c2557bfc,4,106039,28.262024542297976,0.027422832932331165,0.9255509153468338,0.6976531925511518,67.24016571044922
scene-0800_CAM_FRONT_a7753324_83c7c252,0,109602,27.51807977750236,0.02848320961691808,0.9307711501589052,0.7257767972053686,66.98249816894531
scene-0800_CAM_FRONT_a7753324_83c7c252,1,112592,26.158715631890843,0.03198724972609823,0.9353478843274762,0.7528038242323957,68.85748291015625
scene-0800_CAM_FRONT_a7753324_83c7c252,2,114345,25.19509684244792,0.047309741564820484,0.9466813752528038,0.7659233577600925,70.95226287841797
scene-0800_CAM_FRONT_a7753324_83c7c252,3,107293,24.846492991727935,0.055437784946569924,0.9514157014157014,0.7139376986315762,71.81342315673828
scene-0800_CAM_FRONT_a7753324_83c7c252,4,97151,24.292367486167002,0.042755935416008306,0.9494851994851995,0.6436648018280672,71.40679168701172
scene-0800_CAM_FRONT_c31f7047_0f67be8d,0,98690,25.298187368351766,0.036313028713440554,0.943779056023954,0.6589709242770467,71.64745330810547
scene-0800_CAM_FRONT_c31f7047_0f67be8d,1,112475,25.280786646021024,0.032065358075716865,0.9380663462296115,0.7593110603314684,73.15643310546875
scene-0800_CAM_FRONT_c31f7047_0f67be8d,2,120846,26.596026137374043,0.04530650740095554,0.9545544086360412,0.8094450135266462,68.76390075683594
scene-0800_CAM_FRONT_c31f7047_0f67be8d,3,118080,25.63260981721698,0.033031891612153697,0.9553948992724502,0.7872639403251648,70.9459228515625
scene-0800_CAM_FRONT_c31f7047_0f67be8d,4,120265,25.943698995605768,0.03811524156905133,0.9526764373703149,0.8066214902949597,70.19805145263672
scene-0800_CAM_FRONT_7ceeb5f1_f744fa72,0,114141,21.904593912760415,0.02720658963115996,0.9439300816851838,0.7727786095133033,72.0417251586914
scene-0800_CAM_FRONT_7ceeb5f1_f744fa72,1,114433,22.932396097715742,0.027510390114703576,0.9318480287868043,0.7912168728495259,70.97579956054688
scene-0800_CAM_FRONT_7ceeb5f1_f744fa72,2,119973,22.88716770914777,0.030537005658073824,0.9331087647414178,0.8257754839387492,71.70816040039062
scene-0800_CAM_FRONT_7ceeb5f1_f744fa72,3,121560,21.91726637620192,0.02067082373672835,0.936687416279253,0.8177185932287974,73.08766174316406
scene-0800_CAM_FRONT_7ceeb5f1_f744fa72,4,113494,23.93891297190518,0.029915591597136304,0.9354398129908335,0.7567042260919812,71.00809478759766
scene-0800_CAM_FRONT_71be574a_fc5f2295,0,109966,20.202955798796797,0.024761178262067363,0.9324915294303049,0.7344180915609487,72.36371612548828
scene-0800_CAM_FRONT_71be574a_fc5f2295,1,115909,20.426164685582826,0.021267834619327797,0.9323011057704935,0.7792333149476006,71.43611145019531
scene-0800_CAM_FRONT_71be574a_fc5f2295,2,114495,22.771332969961236,0.028944744460883687,0.9356236703175479,0.764787382134321,69.9737777709961
scene-0800_CAM_FRONT_71be574a_fc5f2295,3,114866,22.740249702214122,0.020852439793647592,0.9437462243584692,0.7607031229480209,70.03411865234375
scene-0800_CAM_FRONT_71be574a_fc5f2295,4,113242,22.917872000773993,0.020288860855537383,0.9387032805400153,0.7461783941375778,70.53355407714844
scene-0800_CAM_FRONT_0072eb21_43e2717b,0,109724,20.883712602205154,0.035536960775541804,0.935492343655609,0.7225789929871562,69.90054321289062
scene-0800_CAM_FRONT_0072eb21_43e2717b,1,113287,20.75883937960042,0.03641932610241527,0.9329511727470912,0.7483518503926667,69.57693481445312
scene-0800_CAM_FRONT_0072eb21_43e2717b,2,108931,21.24880057847698,0.02709934686376192,0.9261484516586558,0.722730018648386,69.22926330566406
scene-0800_CAM_FRONT_0072eb21_43e2717b,3,104699,21.58776642931491,0.025303430258335258,0.917461192971397,0.6999448428019857,69.59074401855469
scene-0800_CAM_FRONT_0072eb21_43e2717b,4,104282,20.982537330665018,0.026270851888267277,0.9239946944028576,0.6945735823286844,69.44147491455078
scene-0802_CAM_FRONT_63e3bc94_145b84c5,0,119146,22.25272376979638,0.04434359399555521,0.9508772621017519,0.7959118010138418,69.95741271972656
scene-0802_CAM_FRONT_63e3bc94_145b84c5,1,125151,21.873025722021655,0.035091544349631576,0.9537927139967957,0.8391839361227116,70.1322250366211
scene-0802_CAM_FRONT_63e3bc94_145b84c5,2,124332,23.359351325757572,0.03413075267414656,0.9477451212145089,0.8340227983085126,69.84471893310547
scene-0802_CAM_FRONT_63e3bc94_145b84c5,3,117714,23.48467005572955,0.04307239589128353,0.9309615738187167,0.801066372494944,70.1051025390625
scene-0802_CAM_FRONT_63e3bc94_145b84c5,4,110555,24.007834763601043,0.026157690553754165,0.9166404013342789,0.7385220497465396,69.85505676269531
scene-0802_CAM_FRONT_1739cd69_fbacf779,0,109593,24.617185550773456,0.03426020300108101,0.90629842670659,0.7400585716912248,69.5141830444336
scene-0802_CAM_FRONT_1739cd69_fbacf779,1,111568,24.145141672740518,0.028493760001605972,0.8866979224122081,0.7490741470333308,71.2734603881836
scene-0802_CAM_FRONT_1739cd69_fbacf779,2,109120,24.72539247379987,0.03108547112782456,0.8956412680902477,0.7294802090720458,71.71820831298828
scene-0802_CAM_FRONT_1739cd69_fbacf779,3,99893,27.135197193696893,0.032608573072845815,0.9069813253486723,0.6722152181335855,70.18992614746094
scene-0802_CAM_FRONT_1739cd69_fbacf779,4,110033,29.421958235257684,0.04363224647397157,0.9236269797494288,0.7446353058597956,66.3749008178711
scene-0802_CAM_FRONT_d04424a0_c6a183eb,0,121646,27.904857427055703,0.02785208266858996,0.9354135476584456,0.8222493630656896,67.5588150024414
scene-0802_CAM_FRONT_d04424a0_c6a183eb,1,122923,27.389388246107266,0.03301424607911363,0.9313621201376303,0.83121240774302,69.1078872680664
scene-0802_CAM_FRONT_d04424a0_c6a183eb,2,117811,26.978004685109646,0.04281598382241114,0.9289851075565362,0.7921492921492922,72.03620147705078
scene-0802_CAM_FRONT_d04424a0_c6a183eb,3,112589,27.547311203851415,0.036381267449397736,0.927205631287264,0.7512738686208074,71.21629333496094
scene-0802_CAM_FRONT_d04424a0_c6a183eb,4,105586,27.551155598958324,0.023108910374556535,0.9400362461586952,0.6952499146376697,69.36410522460938
scene-0802_CAM_FRONT_e0372044_76af4456,0,108586,29.795236423220977,0.03732733223570661,0.9414348751083444,0.7158222362303995,69.11009216308594
scene-0802_CAM_FRONT_e0372044_76af4456,1,116001,29.934745186993364,0.058596246470891344,0.9360570483019462,0.7663304704121031,69.1568832397461
scene-0802_CAM_FRONT_e0372044_76af4456,2,112252,30.519947379725085,0.03809818917985375,0.9366151866151866,0.740393454679169,69.03385162353516
scene-0802_CAM_FRONT_e0372044_76af4456,3,110430,30.37765635437541,0.02262179638944506,0.9332466577364537,0.7282851364484018,67.72704315185547
scene-0802_CAM_FRONT_e0372044_76af4456,4,108180,29.949508231026783,0.020551300821855634,0.9337128673863367,0.7125981666797994,69.76213836669922
scene-0802_CAM_FRONT_f443bc4e_81c66992,0,112095,28.443652544551053,0.02790145843775438,0.926240380322013,0.7449767551808368,67.81437683105469
scene-0802_CAM_FRONT_f443bc4e_81c66992,1,112642,27.29559799929178,0.019351390955891112,0.9300160218527566,0.7461783941375778,69.4882583618164
scene-0802_CAM_FRONT_f443bc4e_81c66992,2,113673,28.20870668833492,0.02588618847437818,0.9375082079163711,0.7527972578992987,70.48770904541016
scene-0802_CAM_FRONT_f443bc4e_81c66992,3,112794,27.870561178352816,0.03294096781064626,0.9417172274315131,0.7448060305203162,73.71416473388672
scene-0802_CAM_FRONT_f443bc4e_81c66992,4,110829,28.205059303187543,0.0443306933357297,0.9471147532372022,0.7335907335907336,75.39427947998047
scene-0802_CAM_FRONT_2eaa3189_199f19f7,0,105495,21.824729355949597,0.026257827493171515,0.943772489690857,0.6948428019856592,73.6182861328125
scene-0802_CAM_FRONT_2eaa3189_199f19f7,1,105918,21.684376898541913,0.026873470409634725,0.9374425445854018,0.7002140624589605,73.3135757446289
scene-0802_CAM_FRONT_2eaa3189_199f19f7,2,102593,22.49537504389046,0.02690726729038584,0.9250518740314658,0.677914795261734,71.82780456542969
scene-0802_CAM_FRONT_2eaa3189_199f19f7,3,99799,22.499776475694436,0.01674949809131432,0.9166666666666666,0.6567252383578914,72.34546661376953
scene-0802_CAM_FRONT_2eaa3189_199f19f7,4,93824,23.129410109958986,0.02369551999637265,0.9069287946838968,0.6177540514275208,72.66215515136719
scene-0802_CAM_FRONT_95f5d988_f00d1ed5,0,111317,23.772126482990277,0.025407986937909577,0.9250847056969506,0.7396974233708927,72.97415924072266
scene-0802_CAM_FRONT_95f5d988_f00d1ed5,1,107505,24.89199602874432,0.03182918876423857,0.944737740656108,0.7139967956294487,72.09654998779297
scene-0802_CAM_FRONT_95f5d988_f00d1ed5,2,109551,25.164289439122378,0.02255960358404918,0.9500893021301184,0.7291256270848108,71.50902557373047
scene-0802_CAM_FRONT_95f5d988_f00d1ed5,3,116321,25.759517911585366,0.02786689388836816,0.9498660468048223,0.7713340162319754,71.34367370605469
scene-0802_CAM_FRONT_95f5d988_f00d1ed5,4,116261,25.806024738920023,0.03043183158435747,0.9439103826858929,0.7719381188768943,73.06983947753906
scene-0802_CAM_FRONT_731cf689_38ea2c2f,0,116773,22.55825081987891,0.03594703243673836,0.9406009508050325,0.7810915872140362,73.59649658203125
scene-0802_CAM_FRONT_731cf689_38ea2c2f,1,118440,23.249398639681477,0.03574876956916406,0.9415071047724108,0.796975546975547,72.97215270996094
scene-0802_CAM_FRONT_731cf689_38ea2c2f,2,119307,24.323100083056474,0.02819388100961273,0.9406600478029049,0.7967128936516692,71.96585083007812
scene-0802_CAM_FRONT_731cf689_38ea2c2f,3,117191,25.11036864905788,0.031117297938111133,0.9347175163501694,0.7779397473275025,71.83731079101562
scene-0802_CAM_FRONT_731cf689_38ea2c2f,4,113058,24.005342968012275,0.033231894944555584,0.928275943582066,0.7611430672655163,72.48332977294922
scene-0904_CAM_FRONT_4e04d32a_7d54d3ab,0,66369,30.41260120621282,0.02212715382223429,0.8443910382685893,0.43581409397735926,70.26129150390625
scene-0904_CAM_FRONT_4e04d32a_7d54d3ab,1,66306,31.467100226604597,0.0175547993728411,0.8421584850156278,0.43538728232605783,70.88756561279297
scene-0904_CAM_FRONT_4e04d32a_7d54d3ab,2,67161,31.782047913248565,0.02095896202456915,0.8392430331205841,0.4410080634570431,69.81253051757812
scene-0904_CAM_FRONT_4e04d32a_7d54d3ab,3,67272,32.53476389401773,0.023462890351469978,0.8358482389094634,0.44173036009770705,69.2522201538086
scene-0904_CAM_FRONT_4e04d32a_7d54d3ab,4,65826,32.256155191674495,0.02414374337932612,0.8331494760066188,0.4322551414388149,68.43905639648438
scene-0904_CAM_FRONT_ad17bfcf_3d83906b,0,78410,28.828215895869693,0.035384243574810625,0.8285793081711449,0.5158248627636383,69.43669891357422
scene-0904_CAM_FRONT_ad17bfcf_3d83906b,1,79887,29.73593363788841,0.02738919138232898,0.8263467549181834,0.5258713524019647,69.52981567382812
scene-0904_CAM_FRONT_ad17bfcf_3d83906b,2,84819,30.37347056878306,0.025786265135690378,0.8253027079557692,0.5584075328973288,69.67548370361328
scene-0904_CAM_FRONT_ad17bfcf_3d83906b,3,86474,28.35398111179362,0.025686418125258736,0.8215467654243165,0.568362093872298,73.16870880126953
scene-0904_CAM_FRONT_ad17bfcf_3d83906b,4,86366,27.55147429435484,0.026964479291860854,0.8095697738554881,0.5734116040238489,72.54322814941406
scene-0904_CAM_FRONT_a80271ef_0d2418d9,0,83391,16.431437377494657,0.017819204789348397,0.8037651353977885,0.5602526724975705,70.7719955444336
scene-0904_CAM_FRONT_a80271ef_0d2418d9,1,87159,17.631080086883404,0.014531197385791561,0.7941257584114727,0.5931828329787513,67.52050018310547
scene-0904_CAM_FRONT_a80271ef_0d2418d9,2,92672,16.945505777994796,0.020607273136127535,0.7948480550521367,0.6480248470044389,72.23615264892578
scene-0904_CAM_FRONT_a80271ef_0d2418d9,3,87249,17.184652180014965,0.028759573732793697,0.7714390775615265,0.6041289102513593,69.57904815673828
scene-0904_CAM_FRONT_a80271ef_0d2418d9,4,89556,15.835548947281161,0.04872784427892518,0.7701126782759435,0.5933732566385628,72.93019104003906
scene-0904_CAM_FRONT_99be6149_93a381ca,0,70404,18.7711925092311,0.01814892807934365,0.7611561999317101,0.46229611535733983,72.51117706298828
scene-0904_CAM_FRONT_99be6149_93a381ca,1,69264,19.319661458333336,0.022313667141684812,0.7643474378168256,0.45481049562682213,72.33282470703125
scene-0904_CAM_FRONT_99be6149_93a381ca,2,71854,19.355377197265625,0.01837216859215407,0.7698828566175505,0.4718172983479106,72.8601303100586
scene-0904_CAM_FRONT_99be6149_93a381ca,3,69408,21.25769412878788,0.024668383327239862,0.7665274604050114,0.45575604759278227,70.59809875488281
scene-0904_CAM_FRONT_99be6149_93a381ca,4,71468,20.503209423241852,0.020128883569849654,0.7701389436083313,0.4692826937724897,71.7094955444336
scene-0904_CAM_FRONT_7166e48f_fe515f0e,0,84923,15.814812077702703,0.02534417033934311,0.7803167599085966,0.5576983689228587,74.00037384033203
scene-0904_CAM_FRONT_7166e48f_fe515f0e,1,83721,16.755493964321737,0.02759902826923577,0.777151787355869,0.5497662385417488,71.4796142578125
scene-0904_CAM_FRONT_7166e48f_fe515f0e,2,81855,16.044468848713894,0.03535719724620767,0.7780316759908597,0.5378746093031808,73.48031616210938
scene-0904_CAM_FRONT_7166e48f_fe515f0e,3,77717,16.1259064742823,0.029712542106302475,0.7756283980773777,0.510328841961495,73.77188873291016
scene-0904_CAM_FRONT_7166e48f_fe515f0e,4,82325,16.686795618778717,0.028332358479610242,0.786403750689465,0.5407572295327397,73.37503814697266
scene-0904_CAM_FRONT_424d9df7_d0771d94,0,79620,16.697334919038777,0.017848521356275127,0.7861148320331994,0.5229165025083392,74.68811798095703
scene-0904_CAM_FRONT_424d9df7_d0771d94,1,74133,17.385534625435536,0.015607362913522937,0.7840070391090799,0.486781971475849,73.9372787475586
scene-0904_CAM_FRONT_424d9df7_d0771d94,2,73960,17.40277221331909,0.021294768570768285,0.7806713418958316,0.485823286843695,72.25476837158203
scene-0904_CAM_FRONT_424d9df7_d0771d94,3,73492,18.075094676525616,0.021753109696840855,0.7830089564783442,0.4826911459564521,71.0091323852539
scene-0904_CAM_FRONT_424d9df7_d0771d94,4,74697,16.14925522113022,0.02014860029627341,0.7947101620571009,0.4908793633283429,75.46031188964844
scene-0904_CAM_FRONT_9246f535_666ce192,0,71947,17.551968859894505,0.020201214012826263,0.7915386231712762,0.47305833530323327,76.47730255126953
scene-0904_CAM_FRONT_9246f535_666ce192,1,75185,19.022600038805695,0.020717146736055625,0.80670685262522,0.49415596354371866,74.64311981201172
scene-0904_CAM_FRONT_9246f535_666ce192,2,75685,19.063161057692305,0.02355197187774749,0.8093268195309011,0.4970123184408899,72.8406982421875
scene-0904_CAM_FRONT_9246f535_666ce192,3,76517,18.67369777982134,0.019341838839920467,0.8132600530559714,0.502652798571166,72.62744140625
scene-0904_CAM_FRONT_9246f535_666ce192,4,76437,20.66733816964286,0.03870578347890863,0.8128529404039608,0.5020486959262469,69.27495574951172
scene-0904_CAM_FRONT_f552524e_4585ac4b,0,79054,18.12326297706582,0.020550810296807942,0.8139232526987629,0.5191671263099834,70.31371307373047
scene-0904_CAM_FRONT_f552524e_4585ac4b,1,78572,18.13183904164018,0.022375561188129778,0.8210280251096578,0.5167966800619862,68.75920867919922
scene-0904_CAM_FRONT_f552524e_4585ac4b,2,78018,17.486106924782202,0.02540443192405961,0.8262154282562446,0.5140519528274631,71.28810119628906
scene-0904_CAM_FRONT_f552524e_4585ac4b,3,67460,18.26987311971656,0.022570194125823395,0.8117957607753526,0.4458343182832979,69.40384674072266
scene-0904_CAM_FRONT_f552524e_4585ac4b,4,68028,17.598036990393624,0.020459677738703164,0.8237070890132114,0.44842145352349433,71.4105224609375
scene-0905_CAM_FRONT_bc94beb7_75fc8c40,0,79273,37.952380952380956,0.019870638297246224,0.827115015890526,0.5216820318861135,70.44886779785156
scene-0905_CAM_FRONT_bc94beb7_75fc8c40,1,71782,37.56718359700251,0.02986637541667747,0.8364260762219946,0.4732947232947233,69.0069580078125
scene-0905_CAM_FRONT_bc94beb7_75fc8c40,2,63236,36.638569663680315,0.0210230153056834,0.8340753289732882,0.4190633782470517,68.63981628417969
scene-0905_CAM_FRONT_bc94beb7_75fc8c40,3,61432,39.233428523105744,0.022646827067165365,0.8346269009534316,0.41348199511464817,65.88573455810547
scene-0905_CAM_FRONT_bc94beb7_75fc8c40,4,56774,38.63979418258832,0.03156458838529108,0.8276206235389909,0.3761195597930292,68.68765258789062
scene-0905_CAM_FRONT_8820971b_94657cb3,0,66830,32.323240256262366,0.024811090551700055,0.8562892338402542,0.444501352664618,69.7901840209961
scene-0905_CAM_FRONT_8820971b_94657cb3,1,68963,33.99292025494543,0.033520205151287286,0.8569524334830457,0.4597024137840464,69.31073760986328
scene-0905_CAM_FRONT_8820971b_94657cb3,2,74136,32.77932980023602,0.035217233371318324,0.8619888109684029,0.4882987944212434,71.57847595214844
scene-0905_CAM_FRONT_8820971b_94657cb3,3,74829,33.636963254470935,0.03418407128592449,0.855593202531978,0.491949675623145,70.64124298095703
scene-0905_CAM_FRONT_8820971b_94657cb3,4,71273,33.02316328642385,0.037108305499713,0.8465776271898721,0.4680088251516823,70.61083984375
scene-0905_CAM_FRONT_01956caa_cbed17f3,0,77780,37.59641013857466,0.04673492998043427,0.8468599795130407,0.5109526436057048,68.6726303100586
scene-0905_CAM_FRONT_01956caa_cbed17f3,1,78834,37.621039117132874,0.04448895959134247,0.8501497123946103,0.518024584351115,69.21519470214844
scene-0905_CAM_FRONT_01956caa_cbed17f3,2,74831,37.42326837985024,0.03747085098747238,0.8518241273343314,0.491706721298558,68.93724060058594
scene-0905_CAM_FRONT_01956caa_cbed17f3,3,81751,34.910627369055824,0.03459998563517708,0.8575237044624799,0.5368042970083786,71.83515930175781
scene-0905_CAM_FRONT_01956caa_cbed17f3,4,78495,35.73868097441763,0.034016029166527684,0.8523428676489901,0.5154243164447246,70.54955291748047
scene-0905_CAM_FRONT_a545bf56_84ba798e,0,78420,33.747015525592836,0.04548222688486714,0.8568408058203977,0.5149318414624537,71.38153839111328
scene-0905_CAM_FRONT_a545bf56_84ba798e,1,78194,32.43932331004532,0.02329077747474173,0.860767473012371,0.513447850182544,72.20926666259766
scene-0905_CAM_FRONT_a545bf56_84ba798e,2,73689,32.46173872108947,0.02451581698652472,0.8441677829432932,0.4838665195808053,71.11953735351562
scene-0905_CAM_FRONT_a545bf56_84ba798e,3,77293,33.854391436277815,0.02807640701155467,0.8508720090352744,0.5075315840621963,69.56305694580078
scene-0905_CAM_FRONT_a545bf56_84ba798e,4,73566,34.08677282054125,0.02715884234725352,0.8543390329104614,0.483058860609881,69.53843688964844
scene-0905_CAM_FRONT_cc0b96ef_895fb05f,0,93845,34.60959396020179,0.018357550703053782,0.8585874504241852,0.6162700601476112,70.68232727050781
scene-0905_CAM_FRONT_cc0b96ef_895fb05f,1,96723,34.57340918331785,0.025113338796225015,0.8607149423475954,0.6353321251280435,72.92591094970703
scene-0905_CAM_FRONT_cc0b96ef_895fb05f,2,97237,35.45798027386118,0.029894933203913343,0.8632626795892102,0.638634990675807,71.57106018066406
scene-0905_CAM_FRONT_cc0b96ef_895fb05f,3,96182,33.9859058277027,0.03255501923487625,0.8639915425629712,0.6315761825965908,73.58299255371094
scene-0905_CAM_FRONT_cc0b96ef_895fb05f,4,95521,35.21450329701836,0.038837643114181475,0.8689228587187771,0.6313332282720038,71.262939453125
scene-0905_CAM_FRONT_d7f45d26_9c9cdfaf,0,101042,33.27006849928367,0.0323026106349551,0.8805977989651459,0.6769692432957739,69.70773315429688
scene-0905_CAM_FRONT_d7f45d26_9c9cdfaf,1,101262,32.43953529530745,0.02901109659491996,0.8915044782391721,0.6717490084837023,73.42587280273438
scene-0905_CAM_FRONT_d7f45d26_9c9cdfaf,2,107172,32.6150282365224,0.029616226203769802,0.9129107241352139,0.7180153914847792,74.6075668334961
scene-0905_CAM_FRONT_d7f45d26_9c9cdfaf,3,118506,33.41032282282283,0.044633431011366076,0.9469374622435847,0.8078625272502824,71.9183120727539
scene-0905_CAM_FRONT_d7f45d26_9c9cdfaf,4,122088,33.193590561224475,0.04513868580712188,0.9703595724003887,0.8030297060909306,72.09912872314453
scene-0905_CAM_FRONT_67a2888b_311efa82,0,123615,29.477409615618914,0.03895969958589296,0.9640033619625457,0.8164972552727655,73.18153381347656
scene-0905_CAM_FRONT_67a2888b_311efa82,1,119768,28.537145904769332,0.04659770643861849,0.9510282877629817,0.7945131720641925,73.62060546875
scene-0905_CAM_FRONT_67a2888b_311efa82,2,111823,27.794782502443798,0.060356856663682734,0.9341856433693169,0.7417855172957214,73.43075561523438
scene-0905_CAM_FRONT_67a2888b_311efa82,3,106186,25.980730642115212,0.04295767445876675,0.9049457620886192,0.7052898379428991,75.06977844238281
scene-0905_CAM_FRONT_67a2888b_311efa82,4,93082,29.34255006193228,0.03778835387983581,0.863288944921598,0.6149042628634466,68.5068359375
scene-0905_CAM_FRONT_a4b93c94_02f6ae7c,0,81320,32.559415221422334,0.0308551360820013,0.7967916896488325,0.5400152338927849,65.85025787353516
scene-0905_CAM_FRONT_a4b93c94_02f6ae7c,1,73852,31.044055397727277,0.03772189861180464,0.7612021642633887,0.4849368318756074,68.17744445800781
scene-0905_CAM_FRONT_a4b93c94_02f6ae7c,2,84404,28.97870747785829,0.024157660693275185,0.7723649305281959,0.5542379113807685,69.45822143554688
scene-0905_CAM_FRONT_a4b93c94_02f6ae7c,3,81560,28.490311472039483,0.026797431669402627,0.761418853255588,0.535550127386862,71.34295654296875
scene-0905_CAM_FRONT_a4b93c94_02f6ae7c,4,79713,27.626473604225676,0.02994479797201599,0.7550232448191632,0.5238423554750086,72.62637329101562
scene-0906_CAM_FRONT_2fb7b5d1_7380c8cf,0,81576,28.34867567104232,0.025903512641891613,0.731745593990492,0.5396869172379376,72.486572265625
scene-0906_CAM_FRONT_2fb7b5d1_7380c8cf,1,82735,30.96280609339407,0.03431283365721782,0.7236427389488614,0.5501011215296929,68.99603271484375
scene-0906_CAM_FRONT_2fb7b5d1_7380c8cf,2,82650,31.541873669268995,0.0265936876581081,0.7116066503821605,0.5501142541958869,69.72575378417969
scene-0906_CAM_FRONT_2fb7b5d1_7380c8cf,3,79558,30.35084481627297,0.03577158307512285,0.702656738371024,0.5279463136605994,71.30045318603516
scene-0906_CAM_FRONT_2fb7b5d1_7380c8cf,4,80058,29.886023150348535,0.030535402636846287,0.7018819110655845,0.5298374175925197,72.04523468017578
scene-0906_CAM_FRONT_14994efc_27ab30ff,0,69025,32.677786227876105,0.02854421064214918,0.7007853334383947,0.4546857352979802,73.21821594238281
scene-0906_CAM_FRONT_14994efc_27ab30ff,1,70207,33.10986070381232,0.04505836861780921,0.7072072072072072,0.46283455467128937,70.46317291259766
scene-0906_CAM_FRONT_14994efc_27ab30ff,2,71302,32.26206038135592,0.023202670479320675,0.7030769836892286,0.4683305754734326,73.29490661621094
scene-0906_CAM_FRONT_14994efc_27ab30ff,3,67786,31.8071651630812,0.017857009702170634,0.7030901163554225,0.44530901163554226,73.63859558105469
scene-0906_CAM_FRONT_14994efc_27ab30ff,4,63941,33.52702718401487,0.01489573446449155,0.7042917553121635,0.4204882725290889,74.32318115234375
scene-0906_CAM_FRONT_4739e7db_10bf5ad3,0,74761,34.07336799119557,0.020394747492122445,0.699537730149975,0.49123394531557796,73.67774200439453
scene-0906_CAM_FRONT_4739e7db_10bf5ad3,1,71076,34.58698546344271,0.023006071436147302,0.6952499146376697,0.4684225041367899,70.23503112792969
scene-0906_CAM_FRONT_4739e7db_10bf5ad3,2,74457,35.3092638339921,0.033305982121413,0.7079689018464529,0.49040658734536285,73.8975601196289
scene-0906_CAM_FRONT_4739e7db_10bf5ad3,3,70966,35.53297776442309,0.0353876907122741,0.7006934047750374,0.4692564284401019,71.77003479003906
scene-0906_CAM_FRONT_4739e7db_10bf5ad3,4,70608,33.930482042730084,0.026906600285576898,0.693417907703622,0.4636356473091167,71.2270278930664
scene-0906_CAM_FRONT_f5064bc8_0f546bbb,0,70834,33.03169384640103,0.03538653033584027,0.6915465027709926,0.4664132062091246,70.8590316772461
scene-0906_CAM_FRONT_f5064bc8_0f546bbb,1,76581,33.750531184623426,0.04531547515671308,0.6975743965539883,0.5057915057915058,72.60293579101562
scene-0906_CAM_FRONT_f5064bc8_0f546bbb,2,80688,34.515761621163456,0.029663196680899562,0.7023284217161768,0.5352349433982087,70.9595947265625
scene-0906_CAM_FRONT_f5064bc8_0f546bbb,3,78537,36.45422200520834,0.026292750314088842,0.7030966826885194,0.5157066687678933,68.23284149169922
scene-0906_CAM_FRONT_f5064bc8_0f546bbb,4,74532,34.5336532542679,0.0487875806184257,0.7065965382291913,0.49033435768129646,69.25366973876953
scene-0906_CAM_FRONT_fe2427d4_8938bdb9,0,78654,32.48980384009798,0.03247446568368928,0.7089013211462191,0.5171906600478029,68.98807525634766
scene-0906_CAM_FRONT_fe2427d4_8938bdb9,1,75190,33.83048280313124,0.0339238753051565,0.7057100832611036,0.4939327082184225,69.11144256591797
scene-0906_CAM_FRONT_fe2427d4_8938bdb9,2,73726,33.90171253701353,0.03462355773643955,0.7085336064927902,0.4841094739053923,69.90473937988281
scene-0906_CAM_FRONT_fe2427d4_8938bdb9,3,75365,34.80246779247911,0.039566966767049294,0.7179694271531006,0.4948716938512857,69.60871887207031
scene-0906_CAM_FRONT_fe2427d4_8938bdb9,4,74241,34.688097133757964,0.03247412087404733,0.7227168859821921,0.4875370997819977,69.90998077392578
scene-0906_CAM_FRONT_15bdb200_10fd9395,0,72500,40.52138157894736,0.019292357699008278,0.729565571402306,0.47628240485383344,68.2353286743164
scene-0906_CAM_FRONT_15bdb200_10fd9395,1,75243,40.282971085759236,0.03537974607512151,0.7333609119323405,0.494234759540882,69.4361572265625
scene-0906_CAM_FRONT_15bdb200_10fd9395,2,71508,42.376225556395866,0.04354632398012126,0.7495994536810864,0.4700246894124445,67.95711517333984
scene-0906_CAM_FRONT_15bdb200_10fd9395,3,73945,41.51381116763565,0.04351386902732601,0.7576497780579413,0.4870446247997268,67.8240966796875
scene-0906_CAM_FRONT_15bdb200_10fd9395,4,68876,40.14843425020798,0.033106258440727565,0.7616815065794658,0.4531951776849736,69.78932189941406
scene-0906_CAM_FRONT_5018e6c1_38b44695,0,76096,43.80010694514344,0.025080566748290956,0.7691145956452079,0.5010112152969296,70.74946594238281
scene-0906_CAM_FRONT_5018e6c1_38b44695,1,75337,40.87943084969008,0.020547957755685076,0.7785701153048091,0.5007485619730517,72.5062484741211
scene-0906_CAM_FRONT_5018e6c1_38b44695,2,77295,43.34624361242139,0.027446313867204974,0.7708678065820923,0.5216820318861135,69.52786254882812
scene-0906_CAM_FRONT_5018e6c1_38b44695,3,71097,41.34550534018987,0.024843850614215235,0.7713931132298479,0.4819557166495942,72.73171997070312
scene-0906_CAM_FRONT_5018e6c1_38b44695,4,74771,42.79284502262444,0.02614002424736439,0.7733498804927377,0.5024164105796759,71.53241729736328
scene-0906_CAM_FRONT_0d0f1e7f_04760450,0,79807,44.29281789888211,0.029384833816890943,0.7731594568329262,0.533521130459906,71.9952163696289
scene-0906_CAM_FRONT_0d0f1e7f_04760450,1,78559,45.65774716898954,0.02489988902593865,0.7722861345310325,0.5262390670553936,70.5472183227539
scene-0906_CAM_FRONT_0d0f1e7f_04760450,2,83220,45.59993289877301,0.026602091554952745,0.7865088120190161,0.560193575499698,72.6805419921875
scene-0906_CAM_FRONT_0d0f1e7f_04760450,3,82430,46.60619638480394,0.040489410434564777,0.8191828855094161,0.5593071205316104,71.73764038085938
scene-0906_CAM_FRONT_0d0f1e7f_04760450,4,85838,47.80484160958903,0.06671168049773701,0.842388306674021,0.5719998424080057,68.99209594726562
scene-0907_CAM_FRONT_e693989d_197990b8,0,81551,25.256336851290836,0.020222164458035152,0.8812609986079374,0.5391944422556667,68.99927520751953
scene-0907_CAM_FRONT_e693989d_197990b8,1,104543,22.748703387605044,0.032302895131644416,0.9262994773198855,0.6929582643868358,71.51935577392578
scene-0907_CAM_FRONT_e693989d_197990b8,2,133375,23.697248421902525,0.0335069176966849,0.9982599217293094,0.88202925958028,69.87178039550781
scene-0907_CAM_FRONT_e693989d_197990b8,3,126026,23.151518999906568,0.034139313697015394,0.9920810022850839,0.8317968113886481,70.7472152709961
scene-0907_CAM_FRONT_e693989d_197990b8,4,110925,25.445813463879876,0.04495099618633569,0.9586518004885352,0.7311874556772516,68.27606964111328
scene-0907_CAM_FRONT_ce93f225_20d3ca8e,0,113004,25.26083067339374,0.0329065391662704,0.9421768707482994,0.7588054526830037,64.75048065185547
scene-0907_CAM_FRONT_ce93f225_20d3ca8e,1,111951,24.54543598170357,0.027564823596376353,0.9331218974076116,0.7398353163659286,66.42842102050781
scene-0907_CAM_FRONT_ce93f225_20d3ca8e,2,108427,24.962375930521087,0.024416881172029115,0.931651038793896,0.7207404197200116,64.9483642578125
scene-0907_CAM_FRONT_ce93f225_20d3ca8e,3,107116,25.766510394764502,0.028494555170667013,0.9266671919733144,0.7057363485934914,64.17237091064453
scene-0907_CAM_FRONT_ce93f225_20d3ca8e,4,101326,24.63382895234493,0.03337772949710649,0.9249271137026239,0.6658721403619363,63.502567291259766
scene-0907_CAM_FRONT_5052ec00_a4ea60cc,0,110700,24.81960227272727,0.034075344522131346,0.9259711606650383,0.7270834974916608,64.73778533935547
scene-0907_CAM_FRONT_5052ec00_a4ea60cc,1,112430,24.21139643101093,0.02829100091865122,0.9264636356473092,0.7459945368108634,64.63976287841797
scene-0907_CAM_FRONT_5052ec00_a4ea60cc,2,113955,24.25578253886421,0.02978235926366235,0.9272844272844273,0.7490281827016521,65.76563262939453
scene-0907_CAM_FRONT_5052ec00_a4ea60cc,3,111109,25.78255,0.04593588126917991,0.9265883959761511,0.7303010007091639,64.16572570800781
scene-0907_CAM_FRONT_5052ec00_a4ea60cc,4,108322,25.436457229872882,0.04734085150193934,0.9277637696005043,0.7133467286528511,64.70232391357422
scene-0907_CAM_FRONT_86a69236_ebd128c8,0,108927,20.82549358581923,0.02929436631398019,0.9283284742468416,0.7155267512410369,64.51948547363281
scene-0907_CAM_FRONT_86a69236_ebd128c8,1,114797,21.389030961211095,0.029103492930237174,0.9298255981929451,0.7571573030756704,64.48303985595703
scene-0907_CAM_FRONT_86a69236_ebd128c8,2,119333,21.156476508961518,0.033891672810050455,0.9295038478711948,0.7866992356788275,65.45133209228516
scene-0907_CAM_FRONT_86a69236_ebd128c8,3,116187,22.629284613228698,0.036673079101626094,0.9285779949045255,0.7678407270244005,62.39254379272461
scene-0907_CAM_FRONT_86a69236_ebd128c8,4,116022,23.037035277845327,0.040084137172698986,0.9277703359336013,0.7630538701967273,62.410308837890625
scene-0907_CAM_FRONT_10629cde_fa0391dc,0,105377,18.28478923064984,0.0399221833501997,0.9265292989782785,0.6926562130643763,63.53933334350586
scene-0907_CAM_FRONT_10629cde_fa0391dc,1,107605,18.930235075387124,0.04629424383999137,0.926003992330523,0.708073963176004,63.72474670410156
scene-0907_CAM_FRONT_10629cde_fa0391dc,2,103328,18.13933282508952,0.03997965094865674,0.9258660993354871,0.6796483071993276,64.25724029541016
scene-0907_CAM_FRONT_10629cde_fa0391dc,3,108102,19.38450607683427,0.04745477910273177,0.9263126099860793,0.7112520683949255,63.80604553222656
scene-0907_CAM_FRONT_10629cde_fa0391dc,4,101038,19.23687046279492,0.0416667273794058,0.9256559766763849,0.6640598324271794,63.645652770996094
scene-0907_CAM_FRONT_ed107801_d20f18ba,0,79031,15.168554876573085,0.022878537390540465,0.9250190423659811,0.5189438709846873,62.88346481323242
scene-0907_CAM_FRONT_ed107801_d20f18ba,1,84123,14.882376918158561,0.02466362377489517,0.9247235573766186,0.552379639114333,64.16959381103516
scene-0907_CAM_FRONT_ed107801_d20f18ba,2,81874,15.147875497207176,0.02225170045474356,0.925393323352507,0.5376185223123998,63.19633483886719
scene-0907_CAM_FRONT_ed107801_d20f18ba,3,81450,14.590319130304243,0.021760563301435054,0.9258332676700024,0.5348278307461981,65.6913833618164
scene-0907_CAM_FRONT_ed107801_d20f18ba,4,85596,14.610625504328056,0.025242591727732355,0.9258135686707115,0.5620518477661335,65.2905502319336
scene-0907_CAM_FRONT_99df68e7_5a1272e9,0,73962,15.110185339095743,0.024706509797409515,0.9256953746749665,0.48591521550705224,64.7950668334961
scene-0907_CAM_FRONT_99df68e7_5a1272e9,1,74082,15.500497830426992,0.02873761374748196,0.9260433903291047,0.4866178131484254,63.56216812133789
scene-0907_CAM_FRONT_99df68e7_5a1272e9,2,75128,15.44162511554323,0.02810708354215352,0.9256756756756757,0.4934271005699577,64.08370971679688
scene-0907_CAM_FRONT_99df68e7_5a1272e9,3,75442,15.191805840163937,0.026821581363376534,0.9254786856827674,0.4955677251595619,65.03642272949219
scene-0907_CAM_FRONT_99df68e7_5a1272e9,4,77094,15.199999382898893,0.02579400478066307,0.9254195886848948,0.5064087411026187,65.20602416992188
scene-0907_CAM_FRONT_30507c77_f224f268,0,88814,15.74382542723749,0.028041882805481366,0.9253604916870223,0.5831823076721036,64.26441192626953
scene-0907_CAM_FRONT_30507c77_f224f268,1,89049,15.846234443008708,0.02879766289877228,0.925393323352507,0.5847385286160797,64.54940795898438
scene-0907_CAM_FRONT_30507c77_f224f268,2,87241,15.807494010201978,0.030941611012903714,0.925281695689859,0.5728797310429964,64.489990234375
scene-0907_CAM_FRONT_30507c77_f224f268,3,86277,15.687560155226082,0.029709811159083,0.9252619966905681,0.5665563522706379,64.6941146850586
scene-0907_CAM_FRONT_30507c77_f224f268,4,86341,15.624665074557313,0.025426613617779648,0.925156935361017,0.5669765975888424,65.1874771118164
scene-0908_CAM_FRONT_a4782f7a_10103847,0,86700,14.324224338340489,0.02352933468953644,0.9252685630236651,0.5711002547737242,65.37548065185547
scene-0908_CAM_FRONT_a4782f7a_10103847,1,85865,14.323146638233816,0.024451150928170406,0.9252094660257926,0.5642778346859979,65.36338806152344
scene-0908_CAM_FRONT_a4782f7a_10103847,2,84850,14.12060188084502,0.02772574600410871,0.9251109710293384,0.5574094502665932,65.8441162109375
scene-0908_CAM_FRONT_a4782f7a_10103847,3,80882,14.31237046333825,0.028349339641394966,0.9249599453681087,0.5314921335329499,64.86652374267578
scene-0908_CAM_FRONT_a4782f7a_10103847,4,82725,14.390955510423053,0.0314152410396904,0.9250124760328842,0.5436398497622987,64.75033569335938
scene-0908_CAM_FRONT_3de1d789_c11fe9bc,0,96088,15.290826268080533,0.025719630149432238,0.9249665117012056,0.6314776876001366,65.39855194091797
scene-0908_CAM_FRONT_3de1d789_c11fe9bc,1,98209,15.653332096059575,0.026887301634687777,0.9252619966905681,0.6452013237727523,64.61246490478516
scene-0908_CAM_FRONT_3de1d789_c11fe9bc,2,96351,15.449368689502666,0.025400922333205234,0.924795787040685,0.632987944212434,65.82515716552734
scene-0908_CAM_FRONT_3de1d789_c11fe9bc,3,95788,14.990942209663118,0.020114720260387076,0.9243624090562866,0.6291269403514301,66.8840560913086
scene-0908_CAM_FRONT_3de1d789_c11fe9bc,4,95422,15.117481041513935,0.021473209953548622,0.9227996217792136,0.6265726367767184,66.16743469238281
scene-0908_CAM_FRONT_3894f0cc_b82c2ddc,0,109684,17.018958694709447,0.025415184675157132,0.923114805767867,0.7206747563890421,65.82756042480469
scene-0908_CAM_FRONT_3894f0cc_b82c2ddc,1,109277,17.065107317884806,0.02555473659396501,0.9231542037664486,0.7185209991332441,67.2235107421875
scene-0908_CAM_FRONT_3894f0cc_b82c2ddc,2,109604,17.159621411700588,0.028147390884429857,0.9228784177763769,0.7200049904131537,66.22703552246094
scene-0908_CAM_FRONT_3894f0cc_b82c2ddc,3,106732,17.03916283768822,0.027170701884114967,0.9225894991201113,0.7014222677487983,65.69258880615234
scene-0908_CAM_FRONT_3894f0cc_b82c2ddc,4,109312,17.870081546532845,0.02004774892977479,0.9216833451527329,0.7183765398051112,65.72376251220703
scene-0908_CAM_FRONT_7b173aed_3b3703bd,0,117590,19.14172924028268,0.023999089554786357,0.9198382055524913,0.7723189661965172,66.44751739501953
scene-0908_CAM_FRONT_7b173aed_3b3703bd,1,118240,18.76067677551222,0.025243554095416787,0.9200548945446905,0.7767775063693431,68.31665802001953
scene-0908_CAM_FRONT_7b173aed_3b3703bd,2,118577,19.47691266185259,0.025961034697801644,0.9199498332151393,0.7826740734904,67.95015716552734
scene-0908_CAM_FRONT_7b173aed_3b3703bd,3,115433,18.451855301243565,0.026056209353698012,0.9214732224936306,0.7608672812754446,70.20870971679688
scene-0908_CAM_FRONT_7b173aed_3b3703bd,4,110080,19.187418060092853,0.025889826811266614,0.921801539148478,0.7271425944895332,69.93789672851562
scene-0908_CAM_FRONT_f2138747_564de1d8,0,107333,24.030682517224406,0.04925848785971665,0.9241654190633782,0.7107267617471699,67.6487045288086
scene-0908_CAM_FRONT_f2138747_564de1d8,1,107469,24.08563787286931,0.033811945401225785,0.918190055945158,0.719972158747669,67.89686584472656
scene-0908_CAM_FRONT_f2138747_564de1d8,2,99340,23.203862999780313,0.030789838421427573,0.9170737793186773,0.6675268563023665,69.60975646972656
scene-0908_CAM_FRONT_f2138747_564de1d8,3,90168,24.444644080672077,0.034215241260709295,0.9109014262075487,0.6068079741549129,67.54740905761719
scene-0908_CAM_FRONT_f2138747_564de1d8,4,85772,21.784494535519134,0.023560463113329266,0.905700890394768,0.5806477030966827,70.2354736328125
scene-0908_CAM_FRONT_55f7c299_3b3a21ce,0,97948,35.36043775072939,0.02608564737692287,0.8956215690909568,0.6688204239224648,68.62352752685547
scene-0908_CAM_FRONT_55f7c299_3b3a21ce,1,88048,35.414460199461566,0.025793434315228847,0.885509416121661,0.60343944527618,67.81080627441406
scene-0908_CAM_FRONT_55f7c299_3b3a21ce,2,78918,35.64728210297767,0.021456247620609714,0.8855816457857274,0.5389449215979828,69.10399627685547
scene-0908_CAM_FRONT_55f7c299_3b3a21ce,3,71601,34.17758140297204,0.022205454531489366,0.8915701415701416,0.4945171118640506,70.27449798583984
scene-0908_CAM_FRONT_55f7c299_3b3a21ce,4,80313,33.988658284231185,0.03970901112064684,0.8962388044020697,0.5524453024453024,67.28417205810547
scene-0908_CAM_FRONT_f2c4526f_e388dd5b,0,100194,30.12004338752196,0.04413497564700619,0.9141845927560214,0.680442833504058,69.2310791015625
scene-0908_CAM_FRONT_f2c4526f_e388dd5b,1,97172,29.851878864573226,0.06047324436556556,0.9112822735271715,0.6660428650224569,68.67029571533203
scene-0908_CAM_FRONT_f2c4526f_e388dd5b,2,108395,28.55505052514322,0.043010470292412784,0.8956478344233446,0.7516153179418485,69.18910217285156
scene-0908_CAM_FRONT_f2c4526f_e388dd5b,3,97508,27.267919524898378,0.062079168179353106,0.8867832847424684,0.6907848081317469,68.24938201904297
scene-0908_CAM_FRONT_f2c4526f_e388dd5b,4,105874,27.646654255661353,0.03799684900213851,0.8956937987550232,0.7378194521051664,69.13438415527344
scene-0908_CAM_FRONT_7000c2cc_30edd77d,0,113219,23.570404608788856,0.04384532250446593,0.8862711107609067,0.7647939484674179,69.11163330078125
scene-0908_CAM_FRONT_7000c2cc_30edd77d,1,112935,24.702806654976623,0.02747019250775251,0.8971252593701573,0.7755364694140204,68.97599029541016
scene-0908_CAM_FRONT_7000c2cc_30edd77d,2,111218,23.14900884730069,0.022655368663097253,0.8829682452131432,0.7639271924986211,70.85590362548828
scene-0908_CAM_FRONT_7000c2cc_30edd77d,3,96340,24.165851772231544,0.018009974624277447,0.8430055419851338,0.6740012607359546,69.74630737304688
scene-0908_CAM_FRONT_7000c2cc_30edd77d,4,101407,25.539725167410715,0.016100018212234612,0.8575828014603525,0.6957358232868437,68.3297119140625
scene-0909_CAM_FRONT_3abf81a7_0084b0b7,0,96560,26.69441511824324,0.02826793241037251,0.8229650933732566,0.6646114044073228,68.69633483886719
scene-0909_CAM_FRONT_3abf81a7_0084b0b7,1,75280,26.369668182100295,0.02137318180835135,0.7115869513828698,0.5292333149476006,68.80862426757812
scene-0909_CAM_FRONT_3abf81a7_0084b0b7,2,70224,27.947700079970474,0.015815522325173914,0.695814619284007,0.5003283166548472,67.86650085449219
scene-0909_CAM_FRONT_3abf81a7_0084b0b7,3,73660,26.236055213594277,0.024301824977889908,0.6996493578126232,0.5334095027972579,69.24214172363281
scene-0909_CAM_FRONT_3abf81a7_0084b0b7,4,72677,25.515799351178536,0.02022325835576444,0.7254550468836183,0.5535615790717832,68.70903015136719
scene-0909_CAM_FRONT_b485d79c_86f3094a,0,74380,25.000170973867153,0.021844093784572527,0.733058860609881,0.5116027105823024,69.48374938964844
scene-0909_CAM_FRONT_b485d79c_86f3094a,1,66376,25.24480208333333,0.01492400418484885,0.7110879100675019,0.44220970241378404,70.02022552490234
scene-0909_CAM_FRONT_b485d79c_86f3094a,2,61531,23.75273287342119,0.0325689398124962,0.6561933653770389,0.4190568119139548,71.97933959960938
scene-0909_CAM_FRONT_b485d79c_86f3094a,3,62082,22.302264669667117,0.0401629575926119,0.677560213274499,0.41465080240590446,72.42926025390625
scene-0909_CAM_FRONT_b485d79c_86f3094a,4,64057,23.047468320446736,0.03880805045780322,0.6991043521655766,0.43318756073858117,73.49070739746094
scene-0909_CAM_FRONT_8b3831ab_352c344b,0,61609,23.90430568874098,0.025629857588187477,0.7141215559582906,0.41587870669503324,70.11300659179688
scene-0909_CAM_FRONT_8b3831ab_352c344b,1,58677,23.81316357000664,0.036477638057685,0.6887558112047908,0.4089512252777559,70.90947723388672
scene-0909_CAM_FRONT_8b3831ab_352c344b,2,55934,25.306231831395344,0.0199546931275143,0.6852887873296036,0.3759554014656055,68.71843719482422
scene-0909_CAM_FRONT_8b3831ab_352c344b,3,61611,24.42365734682881,0.02103257268936609,0.7150671079242508,0.4248811493709453,70.08721923828125
scene-0909_CAM_FRONT_8b3831ab_352c344b,4,60082,24.705831309567444,0.024189441482060037,0.7025845087069577,0.42352191841987763,68.6436538696289
scene-0909_CAM_FRONT_6a1d73c7_0f5c4067,0,57982,28.95266294357417,0.01591735175318454,0.6810797678144617,0.3868489480734379,70.92143249511719
scene-0909_CAM_FRONT_6a1d73c7_0f5c4067,1,63777,27.67776483050848,0.03060224199488104,0.7150605415911538,0.4370748299319728,69.68219757080078
scene-0909_CAM_FRONT_6a1d73c7_0f5c4067,2,67609,28.705514231761235,0.02227463995297363,0.7666522207338534,0.4759934861975678,69.85041046142578
scene-0909_CAM_FRONT_6a1d73c7_0f5c4067,3,73659,31.016334974162508,0.03789700357112169,0.7683988653376409,0.5222598691986448,67.01815032958984
scene-0909_CAM_FRONT_6a1d73c7_0f5c4067,4,62875,31.040987181432044,0.02019782912217538,0.7219157933443647,0.42195256480970766,67.15638732910156
scene-0909_CAM_FRONT_6e9f5f9e_1a175086,0,69364,46.09791959269664,0.015991019400585005,0.7187836524571218,0.4634320909831114,67.58329010009766
scene-0909_CAM_FRONT_6e9f5f9e_1a175086,1,62672,42.69278115959498,0.032972565965733835,0.7074961258634728,0.41811125994799464,67.6318588256836
scene-0909_CAM_FRONT_6e9f5f9e_1a175086,2,60355,41.923018637048195,0.018079424539449107,0.6954140729650934,0.405451369737084,68.18123626708984
scene-0909_CAM_FRONT_6e9f5f9e_1a175086,3,55248,44.59017908105023,0.02709692719644119,0.6809418748194258,0.36295406193365376,64.2672119140625
scene-0909_CAM_FRONT_6e9f5f9e_1a175086,4,57524,39.66980486751153,0.01390506241031142,0.693536101699367,0.37774801040107164,68.35577392578125
scene-0909_CAM_FRONT_86c585f2_b9382e94,0,56333,35.87971373025017,0.02421171415775314,0.6656094870380584,0.3702426916712631,67.57233428955078
scene-0909_CAM_FRONT_86c585f2_b9382e94,1,61206,35.43368172860361,0.03080811673358652,0.7045544086360412,0.40465684343235364,67.40409088134766
scene-0909_CAM_FRONT_86c585f2_b9382e94,2,64349,33.891221349959615,0.018979401880121927,0.7398024847004439,0.42541302235179784,69.3043441772461
scene-0909_CAM_FRONT_86c585f2_b9382e94,3,58913,37.11300394773616,0.020175675541611593,0.7223360386625692,0.3868423817403409,65.00479125976562
scene-0909_CAM_FRONT_86c585f2_b9382e94,4,60015,36.68905654599892,0.026639929880807323,0.7412602106479658,0.3963372993985239,66.40860748291016
scene-0909_CAM_FRONT_969ab515_60f5b50b,0,60401,35.29211051407742,0.010909428037744195,0.7547540251621885,0.3966590497202742,65.71131896972656
scene-0909_CAM_FRONT_969ab515_60f5b50b,1,63484,32.435291300792,0.010389449086879665,0.7887938959367531,0.41706721298558036,68.11923217773438
scene-0909_CAM_FRONT_969ab515_60f5b50b,2,66108,32.48808674792531,0.010449232542540488,0.7935282220996507,0.4359322879731043,70.11595916748047
scene-0909_CAM_FRONT_969ab515_60f5b50b,3,65335,31.0958173966039,0.007607834424851134,0.7977832059464712,0.42901793922202086,70.18864440917969
scene-0909_CAM_FRONT_969ab515_60f5b50b,4,65501,30.98838533956329,0.009093837780111524,0.8160179129566885,0.43010138418301685,71.39997100830078
scene-0909_CAM_FRONT_0fbeb606_47ae0878,0,62865,28.1362753220687,0.019555937584642802,0.8339505686444462,0.4130157854647651,70.26436614990234
scene-0909_CAM_FRONT_0fbeb606_47ae0878,1,61760,28.415529766123317,0.01721384508381485,0.8396829774380795,0.40558926273211987,69.7163314819336
scene-0909_CAM_FRONT_0fbeb606_47ae0878,2,64120,29.59399060993573,0.016327178657485453,0.8549365692222836,0.42112520683949256,69.30428314208984
scene-0909_CAM_FRONT_0fbeb606_47ae0878,3,64284,30.931545195439735,0.013834177108134282,0.8631707509258529,0.4223859427941061,67.53728485107422
scene-0909_CAM_FRONT_0fbeb606_47ae0878,4,62197,29.854233039730133,0.022654729201116552,0.8738279095421952,0.4087673679510414,69.07561492919922
scene-0910_CAM_FRONT_43da5026_525a91b1,0,64367,30.31219051124197,0.0172995747124145,0.8748325585060279,0.42334462742626006,67.29761505126953
scene-0910_CAM_FRONT_43da5026_525a91b1,1,64579,31.18205547834991,0.017331874226671484,0.8800002626533239,0.42509783836314446,68.06476593017578
scene-0910_CAM_FRONT_43da5026_525a91b1,2,64806,30.72376920391062,0.01354125990596744,0.8880702860294697,0.42629291098678856,68.21562194824219
scene-0910_CAM_FRONT_43da5026_525a91b1,3,65365,29.883300224486884,0.01283467676050698,0.8953392167677882,0.4295498122028734,70.30294036865234
scene-0910_CAM_FRONT_43da5026_525a91b1,4,65878,29.823443040780145,0.012635497048869127,0.9016166312084679,0.43292490741470335,71.06731414794922
scene-0910_CAM_FRONT_b7750984_7f72c0bb,0,69761,27.834343381112983,0.011433529493204198,0.9079991069786988,0.45864523415543823,69.97620391845703
scene-0910_CAM_FRONT_b7750984_7f72c0bb,1,70311,26.21824875553098,0.010871206856277293,0.9124576471515247,0.463116906994458,70.92655181884766
scene-0910_CAM_FRONT_b7750984_7f72c0bb,2,72680,27.057547899933073,0.012754504040769499,0.9169490189898353,0.47783862579780945,70.60139465332031
scene-0910_CAM_FRONT_b7750984_7f72c0bb,3,76273,29.445880255255265,0.013868043511373163,0.9192472355737662,0.5026068342394873,69.60469818115234
scene-0910_CAM_FRONT_b7750984_7f72c0bb,4,76812,29.346325978351373,0.016628297182580187,0.9182425866099335,0.5056207811309852,69.1641616821289
scene-0910_CAM_FRONT_6fc78b00_8119ac63,0,68564,25.800070473582466,0.021951271205932432,0.9172051059806162,0.4505686444461955,68.40087127685547
scene-0910_CAM_FRONT_6fc78b00_8119ac63,1,68459,25.451272442411923,0.025012577994919738,0.9171394426496468,0.4496559241457201,70.73417663574219
scene-0910_CAM_FRONT_6fc78b00_8119ac63,2,67868,27.00476235545155,0.015713516937836625,0.9170146823208047,0.4457358232868437,69.29570770263672
scene-0910_CAM_FRONT_6fc78b00_8119ac63,3,70886,25.62947722680955,0.014248223966031759,0.9208362881832269,0.46590103222756285,71.2841567993164
scene-0910_CAM_FRONT_6fc78b00_8119ac63,4,73391,25.95796213808464,0.01705482047351703,0.9288931788931789,0.48211987497701786,72.69078826904297
scene-0910_CAM_FRONT_e1d7a25b_dcabeaa4,0,82656,28.10099703339776,0.016652577441366168,0.9256953746749665,0.5435741864313293,70.60242462158203
scene-0910_CAM_FRONT_e1d7a25b_dcabeaa4,1,80247,28.970953347419925,0.02917214348013264,0.9256953746749665,0.5274801040107162,70.9214096069336
scene-0910_CAM_FRONT_e1d7a25b_dcabeaa4,2,80049,27.894699754901968,0.017025166578929607,0.9183542142725816,0.5283205946471252,73.01190185546875
scene-0910_CAM_FRONT_e1d7a25b_dcabeaa4,3,82965,31.088849810943064,0.021329884525373544,0.9166732329997637,0.5503309431880861,70.31273651123047
scene-0910_CAM_FRONT_e1d7a25b_dcabeaa4,4,88669,29.822653537326392,0.010676770478584174,0.9280789535891577,0.5858613715756573,70.928955078125
scene-0910_CAM_FRONT_7af93e67_302c9592,0,110900,30.535594973596083,0.03878750531352004,0.9242245160612508,0.7371168544637933,70.61510467529297
scene-0910_CAM_FRONT_7af93e67_302c9592,1,110579,30.23376741577456,0.04546319290166245,0.9275470806083052,0.7291715914164894,71.58539581298828
scene-0910_CAM_FRONT_7af93e67_302c9592,2,109704,31.200837845407015,0.03587024856087728,0.9323733354345599,0.7274183804796049,71.30935668945312
scene-0910_CAM_FRONT_7af93e67_302c9592,3,106405,30.056173252518885,0.028317762037813665,0.9289194442255667,0.698697239513566,72.57643127441406
scene-0910_CAM_FRONT_7af93e67_302c9592,4,102457,29.45427911931818,0.03382895366808558,0.9216439471541512,0.6727667901137289,73.87623596191406
scene-0910_CAM_FRONT_51d189d9_8e891ad6,0,118963,34.1879317120808,0.02264189418812812,0.9112691408609775,0.8060830509810102,70.70144653320312
scene-0910_CAM_FRONT_51d189d9_8e891ad6,1,115706,35.65823355866178,0.032081468667199076,0.9047159404302262,0.7786292123026817,69.10017395019531
scene-0910_CAM_FRONT_51d189d9_8e891ad6,2,114095,37.27841546474359,0.037814365819532014,0.9046371444330628,0.775464239749954,69.38352966308594
scene-0910_CAM_FRONT_51d189d9_8e891ad6,3,113132,37.57816476605325,0.03380696009036077,0.9067252383578914,0.7546949281643159,68.75833129882812
scene-0910_CAM_FRONT_51d189d9_8e891ad6,4,115127,37.94911971830985,0.02740176221373325,0.9116105901820187,0.7690095343156568,69.60916900634766
scene-0910_CAM_FRONT_aa9468f8_0562be5d,0,113628,33.00214733225545,0.018346209368487187,0.9139219394321435,0.7641241824915295,68.43961334228516
scene-0910_CAM_FRONT_aa9468f8_0562be5d,1,113356,32.04002273606811,0.02941065921021191,0.9130617497964437,0.7582801460352481,69.98790740966797
scene-0910_CAM_FRONT_aa9468f8_0562be5d,2,109535,31.33721855860245,0.02985331136394187,0.9113939011898196,0.723820029942479,71.65251922607422
scene-0910_CAM_FRONT_aa9468f8_0562be5d,3,108143,33.27892149390242,0.019502520299749637,0.9117353505108607,0.7179037638221312,71.66715240478516
scene-0910_CAM_FRONT_aa9468f8_0562be5d,4,102475,32.66761795239702,0.017150044765288364,0.910251359230951,0.6788472145615003,73.13766479492188
scene-0910_CAM_FRONT_4299ad6c_254812b1,0,88143,31.277002526075623,0.022449590025642507,0.909299240931894,0.579281905812518,70.29347229003906
scene-0910_CAM_FRONT_4299ad6c_254812b1,1,78753,31.67704975525311,0.02104711525583358,0.9073030756704226,0.5174992777033594,69.51287841796875
scene-0910_CAM_FRONT_4299ad6c_254812b1,2,77664,31.04334848742353,0.01660058041942669,0.9058584823890946,0.5113400572584246,73.02626037597656
scene-0910_CAM_FRONT_4299ad6c_254812b1,3,76930,32.68883883568547,0.01654133236912725,0.9033041788143829,0.5060607254484806,72.32557678222656
scene-0910_CAM_FRONT_4299ad6c_254812b1,4,83504,35.26647671300351,0.018421274195422388,0.9028576681637906,0.548656528248365,71.25376892089844
scene-0911_CAM_FRONT_d056b9bd_45df585a,0,115947,33.58150240384615,0.02100229440248169,0.8998634202715835,0.7765017203792715,70.85845184326172
scene-0911_CAM_FRONT_d056b9bd_45df585a,1,117729,34.98840322501951,0.022186347957762642,0.8969611010427337,0.7849985554067187,70.4298095703125
scene-0911_CAM_FRONT_d056b9bd_45df585a,2,122167,35.33791554219823,0.023332506285944632,0.8958382580831561,0.8118351587739343,71.05331420898438
scene-0911_CAM_FRONT_d056b9bd_45df585a,3,121170,36.33757056854516,0.031702730713608185,0.8902962729493342,0.8023139757833635,68.50776672363281
scene-0911_CAM_FRONT_d056b9bd_45df585a,4,117231,35.51526869550637,0.022259468496432788,0.880230084311717,0.7739342841383657,66.52250671386719
scene-0911_CAM_FRONT_c0d6f63b_728c7262,0,119151,33.08949111967578,0.031523044975307,0.8777283114017808,0.8137525280382423,66.18212890625
scene-0911_CAM_FRONT_c0d6f63b_728c7262,1,117786,32.38846871306146,0.02029132398805178,0.8795209203372468,0.8064967299661178,68.0908432006836
scene-0911_CAM_FRONT_c0d6f63b_728c7262,2,118866,33.46603598679699,0.017234085358128093,0.8863105087594884,0.8241273343314159,67.29171752929688
scene-0911_CAM_FRONT_c0d6f63b_728c7262,3,116726,32.59108410666367,0.02180227090101794,0.8714246316287133,0.7888267276022378,67.97875213623047
scene-0911_CAM_FRONT_c0d6f63b_728c7262,4,111984,34.37115334604716,0.019870223470805692,0.8536167362697975,0.7533816615449268,65.37884521484375
scene-0911_CAM_FRONT_36decc5f_74843887,0,111141,28.55284053550556,0.02121794848591918,0.8619100149712394,0.7345625508890815,68.04438781738281
scene-0911_CAM_FRONT_36decc5f_74843887,1,110169,29.927132959013914,0.022737091461580317,0.8640572058939406,0.7323168649699262,67.5106201171875
scene-0911_CAM_FRONT_36decc5f_74843887,2,107662,29.002180177267196,0.025564008114281833,0.8630328579308171,0.7130118456649069,68.26356506347656
scene-0911_CAM_FRONT_36decc5f_74843887,3,104427,28.59768327567855,0.03382692253141162,0.8567094791584587,0.6914742731069262,69.4563980102539
scene-0911_CAM_FRONT_36decc5f_74843887,4,101718,29.46248330083766,0.02979170847170476,0.8687521340582565,0.6732198670974181,67.16512298583984
scene-0911_CAM_FRONT_51c1eef6_07484c62,0,110466,30.41163694703734,0.024289448108626432,0.8738410422083891,0.7337483255850603,69.23624420166016
scene-0911_CAM_FRONT_51c1eef6_07484c62,1,111085,29.84260631443298,0.043032762063314856,0.8822131169069944,0.7379573451002023,72.5250015258789
scene-0911_CAM_FRONT_51c1eef6_07484c62,2,110641,30.30824875356126,0.028758719647071995,0.8807488246263756,0.7351600872009035,70.68697357177734
scene-0911_CAM_FRONT_51c1eef6_07484c62,3,105759,29.93978135850694,0.03825289039882307,0.8808932839545085,0.7014025687495076,71.70512390136719
scene-0911_CAM_FRONT_51c1eef6_07484c62,4,108683,30.89878383217732,0.0352309497720964,0.873145010900113,0.7226774879836104,73.83551788330078
scene-0911_CAM_FRONT_bbd330e5_2ec05dce,0,111499,30.166232294968292,0.02724126017740769,0.877209571087122,0.745436398497623,73.64840698242188
scene-0911_CAM_FRONT_bbd330e5_2ec05dce,1,114551,32.985634113584034,0.03749809661955661,0.8740708638667822,0.7726735481837522,69.02113342285156
scene-0911_CAM_FRONT_bbd330e5_2ec05dce,2,111779,31.045394428838943,0.029038604180831484,0.8642935938854306,0.7593832899955348,72.25538635253906
scene-0911_CAM_FRONT_bbd330e5_2ec05dce,3,110210,31.992967228578387,0.035591005905536655,0.868693037060384,0.7464738791269403,69.1075668334961
scene-0911_CAM_FRONT_bbd330e5_2ec05dce,4,109235,31.07351994851996,0.018997765994563487,0.8811822026107741,0.7355475008536233,71.21963500976562
scene-0911_CAM_FRONT_157dcf34_8c72fbe5,0,108469,30.455427605488584,0.028441705108606552,0.8725212092559032,0.726453129514354,69.10271453857422
scene-0911_CAM_FRONT_157dcf34_8c72fbe5,1,103523,30.127154262802474,0.0302405538863586,0.8572544848055053,0.698460851522076,67.21690368652344
scene-0911_CAM_FRONT_157dcf34_8c72fbe5,2,90078,30.62159124410377,0.023880149728540356,0.8143697633493552,0.6231647098994038,67.15209197998047
scene-0911_CAM_FRONT_157dcf34_8c72fbe5,3,85090,31.46984313088162,0.024148477943368718,0.7760880413941639,0.5815472907309642,67.80445098876953
scene-0911_CAM_FRONT_157dcf34_8c72fbe5,4,82113,32.168937857824424,0.02899750931375422,0.7877564153074357,0.5762416935886323,66.32085418701172
scene-0911_CAM_FRONT_80e281bf_098e9762,0,98747,32.488951570804865,0.020867942642065707,0.79853833425262,0.6990780868331888,68.59895324707031
scene-0911_CAM_FRONT_80e281bf_098e9762,1,97970,35.50380748261694,0.02294607103593127,0.7874543639849763,0.6821697791085546,65.60834503173828
scene-0911_CAM_FRONT_80e281bf_098e9762,2,99361,34.10727856878698,0.02283381443403698,0.806936674283613,0.6653730990465684,66.47589111328125
scene-0911_CAM_FRONT_80e281bf_098e9762,3,101693,32.854080578512395,0.029227233383572138,0.828815696162635,0.6827147847556011,67.30810546875
scene-0911_CAM_FRONT_80e281bf_098e9762,4,103670,32.70779161445279,0.03631931757671514,0.837568618180863,0.6959196806135581,67.24069213867188
scene-0911_CAM_FRONT_a7cd913c_93780af3,0,101033,32.44734975563287,0.026034045404161432,0.8322104903737557,0.6684855409345205,66.99591827392578
scene-0911_CAM_FRONT_a7cd913c_93780af3,1,104556,35.247631682389944,0.02062454510817857,0.8291571454836761,0.69737740656108,66.17112731933594
scene-0911_CAM_FRONT_a7cd913c_93780af3,2,103991,33.363596857520186,0.02833502291440171,0.8377459091744806,0.7049877866204397,67.87738800048828
scene-0911_CAM_FRONT_a7cd913c_93780af3,3,101290,33.8406286224884,0.030987059762381586,0.8369251175373624,0.6865495232842171,68.12480163574219
scene-0911_CAM_FRONT_a7cd913c_93780af3,4,94294,33.167266502808985,0.03383965131551259,0.8345940692879469,0.6317075092585297,68.18254089355469
scene-0912_CAM_FRONT_8487e4c9_56a6c249,0,84152,31.37033101721219,0.022332913156803524,0.6680981272818007,0.564632416673233,67.86157989501953
scene-0912_CAM_FRONT_8487e4c9_56a6c249,1,83612,30.62092915255831,0.028253295567982395,0.665911538360518,0.5615922044493473,67.36612701416016
scene-0912_CAM_FRONT_8487e4c9_56a6c249,2,71315,28.527897408963593,0.025319317282155307,0.6092769153993643,0.49195624195624194,70.03926849365234
scene-0912_CAM_FRONT_8487e4c9_56a6c249,3,68039,28.92437369890234,0.028219748882950313,0.5782575578493946,0.4543377196438421,70.67662048339844
scene-0912_CAM_FRONT_8487e4c9_56a6c249,4,68133,28.791721101588625,0.02934444106512668,0.5877787408399653,0.4598403067790823,70.2608413696289
scene-0912_CAM_FRONT_e7afb9a4_60ecb3e1,0,67656,30.543677026098905,0.036773593345328814,0.5759659075985607,0.4553883329393533,70.52711486816406
scene-0912_CAM_FRONT_e7afb9a4_60ecb3e1,1,70080,30.91378444316878,0.029042834573434817,0.5771741128883986,0.4756454705434297,71.82281494140625
scene-0912_CAM_FRONT_e7afb9a4_60ecb3e1,2,69112,32.89794589710885,0.021146223557537702,0.564632416673233,0.45950542379113807,68.63892364501953
scene-0912_CAM_FRONT_e7afb9a4_60ecb3e1,3,70503,33.7043224516369,0.01891810517008352,0.5617760617760618,0.46871798912615237,68.97936248779297
scene-0912_CAM_FRONT_e7afb9a4_60ecb3e1,4,71647,34.51845920431559,0.021923806688028957,0.5670619599191028,0.48062931736401127,68.1952133178711
scene-0912_CAM_FRONT_44183eea_2f1fd75c,0,69931,29.901339216220425,0.025597504334676557,0.5679615475533842,0.4687508207916371,69.86587524414062
scene-0912_CAM_FRONT_44183eea_2f1fd75c,1,68551,29.5096576009218,0.024235122145923604,0.5660376119559793,0.4508115987707824,69.3804931640625
scene-0912_CAM_FRONT_44183eea_2f1fd75c,2,68898,29.324796306553175,0.02064643547086953,0.5719013474115515,0.4560515325821448,69.9594497680664
scene-0912_CAM_FRONT_44183eea_2f1fd75c,3,66480,27.918031383618384,0.021022913819569,0.581455362067607,0.44394978068447455,69.90290069580078
scene-0912_CAM_FRONT_44183eea_2f1fd75c,4,67565,31.033996024802185,0.02123931401678769,0.573996007669477,0.4436805610274998,68.68404388427734
scene-0912_CAM_FRONT_41ce9907_3acae4c6,0,61845,32.571808350705574,0.020517968922114882,0.5714876684264439,0.4079662753132141,67.72262573242188
scene-0912_CAM_FRONT_41ce9907_3acae4c6,1,63539,31.876709821428573,0.028539759803067444,0.5788682268274105,0.42318046909883644,67.00933837890625
scene-0912_CAM_FRONT_41ce9907_3acae4c6,2,65165,32.00494844704684,0.030766856636738282,0.5826767000236388,0.4397013631707509,68.2586669921875
scene-0912_CAM_FRONT_41ce9907_3acae4c6,3,63326,32.17978807050906,0.030461803976002955,0.574245528327161,0.41978567488771573,66.02690887451172
scene-0912_CAM_FRONT_41ce9907_3acae4c6,4,62547,29.65002985668789,0.03003789332967788,0.5737793186772778,0.4163383500118194,70.57511138916016
scene-0912_CAM_FRONT_bf066d5f_83d3ee0e,0,68106,35.414471989104825,0.04378821257982146,0.5802274577784782,0.4658616342289812,67.42076110839844
scene-0912_CAM_FRONT_bf066d5f_83d3ee0e,1,65188,33.2611274760929,0.036127198924518655,0.5763598875843774,0.4441139390118982,71.37422180175781
scene-0912_CAM_FRONT_bf066d5f_83d3ee0e,2,65851,35.5473054245283,0.04705335925971976,0.5707719381188769,0.44352953536627004,70.3840560913086
scene-0912_CAM_FRONT_bf066d5f_83d3ee0e,3,63716,31.641852293940264,0.04793763504287729,0.5749284269692433,0.4273829222808815,72.12445068359375
scene-0912_CAM_FRONT_bf066d5f_83d3ee0e,4,63867,30.63005063853181,0.0333216045310305,0.5841278596380637,0.42967457253171537,72.99744415283203
scene-0912_CAM_FRONT_cbb78ba0_0412bd89,0,72153,30.471840486947794,0.030504641088012097,0.5956977385548814,0.48581672051059804,70.98514556884766
scene-0912_CAM_FRONT_cbb78ba0_0412bd89,1,71793,30.318558788921063,0.03444536281273347,0.5944107372678801,0.47942767840727024,71.5743637084961
scene-0912_CAM_FRONT_cbb78ba0_0412bd89,2,72941,32.454701092584926,0.03766344232439511,0.6081803377721745,0.48892916239855017,69.8199234008789
scene-0912_CAM_FRONT_cbb78ba0_0412bd89,3,71581,30.10467453319501,0.036791358800112306,0.6211882436372232,0.4784098967772437,71.3334732055664
scene-0912_CAM_FRONT_cbb78ba0_0412bd89,4,70638,29.869498359759422,0.0315813637530602,0.6378207653717858,0.46947968376539806,72.50896453857422
scene-0912_CAM_FRONT_d35d70df_01653ee2,0,77844,30.975204741379304,0.035146724084399006,0.6496664302786752,0.5467588579833478,69.69607543945312
scene-0912_CAM_FRONT_d35d70df_01653ee2,1,76701,30.19851241438356,0.03917559246356905,0.6525293515089433,0.5627544454075066,69.47061157226562
scene-0912_CAM_FRONT_d35d70df_01653ee2,2,78311,29.80385876576835,0.04315100196857813,0.6499093846032622,0.593589945630762,68.0079345703125
scene-0912_CAM_FRONT_d35d70df_01653ee2,3,80011,29.807003331868785,0.039956544584494935,0.6470267643737031,0.6333490925327661,68.41764831542969
scene-0912_CAM_FRONT_d35d70df_01653ee2,4,76370,34.17419387874531,0.05734137045243015,0.6417080345651774,0.6303088803088803,64.02450561523438
scene-0912_CAM_FRONT_2ef0e6bf_66dcc398,0,74019,29.237960408110883,0.029839913865324696,0.6464292280618811,0.5653744123131879,63.90024185180664
scene-0912_CAM_FRONT_2ef0e6bf_66dcc398,1,78910,28.525169434678006,0.03799574580382448,0.6335263835263836,0.5875226538491845,65.56398010253906
scene-0912_CAM_FRONT_2ef0e6bf_66dcc398,2,76713,28.35375820490868,0.034809418166706685,0.6307882226249574,0.5463648779975311,65.13153076171875
scene-0912_CAM_FRONT_2ef0e6bf_66dcc398,3,80521,27.971312731582387,0.031080687149070307,0.6485041893205159,0.5544086360412891,64.660888671875
scene-0912_CAM_FRONT_2ef0e6bf_66dcc398,4,79278,28.576079746462252,0.025550176993471174,0.662543009481785,0.547343261628976,64.03579711914062
scene-0913_CAM_FRONT_1f048fa2_1e6f6e90,0,61839,36.203616744237586,0.01480746164275093,0.6056851311953353,0.406055472382003,68.69425201416016
scene-0913_CAM_FRONT_1f048fa2_1e6f6e90,1,63942,33.83766215506898,0.019124224166492176,0.6064205605021932,0.4204094765319255,71.32449340820312
scene-0913_CAM_FRONT_1f048fa2_1e6f6e90,2,64141,36.903108514068,0.024565251363406926,0.6104194573582329,0.42338402542484177,68.72004699707031
scene-0913_CAM_FRONT_1f048fa2_1e6f6e90,3,63704,35.611977485474505,0.03516874350952515,0.6330142095448218,0.4225698001208205,70.85758209228516
scene-0913_CAM_FRONT_1f048fa2_1e6f6e90,4,64805,35.38948313395183,0.02341489069604119,0.6452604207706248,0.43547921098941506,72.6932601928711
scene-0913_CAM_FRONT_3ace3074_d2bfb598,0,62533,33.780030959752324,0.02955060786869179,0.6560883040474877,0.41688335565886586,71.63687133789062
scene-0913_CAM_FRONT_3ace3074_d2bfb598,1,63999,34.106491390791476,0.0219695250936347,0.6601528642344969,0.42742232027946314,71.68519592285156
scene-0913_CAM_FRONT_3ace3074_d2bfb598,2,61278,32.098271879358435,0.024502817323601267,0.6458973550810285,0.40274604050114254,74.02066040039062
scene-0913_CAM_FRONT_3ace3074_d2bfb598,3,59920,35.57048554375455,0.03818007223370512,0.6411367635857432,0.3980905103354083,67.92290496826172
scene-0913_CAM_FRONT_3ace3074_d2bfb598,4,58631,33.50124710092769,0.03594891217596352,0.6520171775273816,0.38499067580700236,70.49363708496094
scene-0913_CAM_FRONT_a68a0818_0071536e,0,68084,30.66846569005397,0.02672950375639216,0.6491608226302104,0.4561040632469204,68.92373657226562
scene-0913_CAM_FRONT_a68a0818_0071536e,1,66157,29.535010335603115,0.02130994156875765,0.6462913350668452,0.4483886218580096,70.77833557128906
scene-0913_CAM_FRONT_a68a0818_0071536e,2,65585,29.10542008196721,0.01953465527903564,0.6430213011845665,0.4470819215717175,70.83573913574219
scene-0913_CAM_FRONT_a68a0818_0071536e,3,63441,28.397857343419663,0.040163500662199425,0.6283258477136028,0.44105402778872166,71.32522583007812
scene-0913_CAM_FRONT_a68a0818_0071536e,4,62644,30.19822114622941,0.023413076662987642,0.6110301263362488,0.44170409476531924,68.3242416381836
scene-0913_CAM_FRONT_1ad48393_3608204a,0,56534,34.6325060181883,0.018209616829851116,0.6330142095448218,0.371221075302708,66.64738464355469
scene-0913_CAM_FRONT_1ad48393_3608204a,1,58634,32.07730900019857,0.02981673642845095,0.6608226302103853,0.3850103748062932,69.19369506835938
scene-0913_CAM_FRONT_1ad48393_3608204a,2,54073,31.237528980860308,0.02002903145777246,0.6420297848869277,0.35506132955112546,67.36079406738281
scene-0913_CAM_FRONT_1ad48393_3608204a,3,52555,32.67756558641974,0.022687103820079546,0.6357064061145694,0.34509363590996245,67.9885025024414
scene-0913_CAM_FRONT_1ad48393_3608204a,4,51812,32.73372960224376,0.021988850337800958,0.6330010768786279,0.34075328973288155,69.36861419677734
scene-0913_CAM_FRONT_81530763_ce9df8d8,0,55621,43.309466642228735,0.019391620138388355,0.6446234864602212,0.3652260131851969,67.90705871582031
scene-0913_CAM_FRONT_81530763_ce9df8d8,1,56224,38.327976955874384,0.016366802668907443,0.6710070128437475,0.37214692826937723,70.7562484741211
scene-0913_CAM_FRONT_81530763_ce9df8d8,2,55249,37.11972073227613,0.015305605941952294,0.6625758411472698,0.36278333727313317,72.62950897216797
scene-0913_CAM_FRONT_81530763_ce9df8d8,3,53809,39.90148648648649,0.017555918658071157,0.6529824284926325,0.3533278176135319,70.73021697998047
scene-0913_CAM_FRONT_81530763_ce9df8d8,4,55966,38.278425740283765,0.02045247859460897,0.6572702440049378,0.3767302287710451,71.22985076904297
scene-0913_CAM_FRONT_3b156a67_5e2aad67,0,57223,43.94326729218362,0.013102599370167223,0.6597588842486801,0.3757715441388911,70.50260162353516
scene-0913_CAM_FRONT_3b156a67_5e2aad67,1,56051,46.435817652789176,0.01616267481769995,0.6693391642371235,0.3681545977464345,70.25819396972656
scene-0913_CAM_FRONT_3b156a67_5e2aad67,2,56135,44.570858828671334,0.015142444071877925,0.6773303916161059,0.36860767473012374,69.62481689453125
scene-0913_CAM_FRONT_3b156a67_5e2aad67,3,53541,45.361328125,0.013575924287839936,0.673594148083944,0.35156804034355055,69.43269348144531
scene-0913_CAM_FRONT_3b156a67_5e2aad67,4,53261,43.01334755535054,0.015431659985750912,0.6745265673837102,0.3533869146114044,71.11187744140625
scene-0913_CAM_FRONT_13783448_e60fea72,0,61289,51.12711305831266,0.020079821944289478,0.6800948178499199,0.4057008903947679,70.46996307373047
scene-0913_CAM_FRONT_13783448_e60fea72,1,59262,50.82786618098159,0.011933145197536188,0.6879547185669634,0.38913403199117486,72.62413024902344
scene-0913_CAM_FRONT_13783448_e60fea72,2,59707,49.68319407577219,0.01321246561776146,0.7065374412313188,0.3920560502193155,71.79013061523438
scene-0913_CAM_FRONT_13783448_e60fea72,3,62517,50.541429807217014,0.015517387738694932,0.71827147847556,0.4137709137709138,68.73414611816406
scene-0913_CAM_FRONT_13783448_e60fea72,4,60041,47.56130257738391,0.013610158442116216,0.7312268536758333,0.40401990912194996,70.9993667602539
scene-0913_CAM_FRONT_72fb4e43_98ce1160,0,61331,44.78168512658229,0.01093961693848744,0.7299004543902503,0.40422346544795523,72.72786712646484
scene-0913_CAM_FRONT_72fb4e43_98ce1160,1,58788,47.621370944211,0.007711462894021581,0.7254616132167152,0.388398602684317,71.0145492553711
scene-0913_CAM_FRONT_72fb4e43_98ce1160,2,57198,47.12059341950646,0.011130490854694308,0.7317981246552675,0.37600136579728416,71.39734649658203
scene-0913_CAM_FRONT_72fb4e43_98ce1160,3,57668,45.95914585847918,0.015464042319344395,0.7477543140808447,0.3797047776639613,72.42404174804688
scene-0913_CAM_FRONT_72fb4e43_98ce1160,4,59653,49.3603336392239,0.019498800825445528,0.7688585086544271,0.39359913849709766,68.72914123535156
scene-0914_CAM_FRONT_f8de6e9a_10e6d207,0,96297,34.800678152492665,0.016018744868247836,0.8269639902292963,0.6355553804533396,71.9144515991211
scene-0914_CAM_FRONT_f8de6e9a_10e6d207,1,97571,34.609709992343035,0.025769359674606918,0.8193864418354214,0.646199406403488,73.9761734008789
scene-0914_CAM_FRONT_f8de6e9a_10e6d207,2,98677,34.747886241352795,0.026665321571122114,0.8187823391905025,0.6557928190581251,71.61520385742188
scene-0914_CAM_FRONT_f8de6e9a_10e6d207,3,95165,33.81958165322581,0.016152488225060768,0.8091166968717989,0.6254826254826255,74.43522644042969
scene-0914_CAM_FRONT_f8de6e9a_10e6d207,4,90263,34.118432877978634,0.018102094774973043,0.7987221915793344,0.5931697003125574,71.54578399658203
scene-0914_CAM_FRONT_f9fe6f80_1424390f,0,100731,29.729278881872208,0.042722551389096974,0.7953273973682137,0.6664237123420796,72.79176330566406
scene-0914_CAM_FRONT_f9fe6f80_1424390f,1,102168,30.933764560931905,0.05000241806421113,0.789404564914769,0.6794972815380979,71.6016845703125
scene-0914_CAM_FRONT_f9fe6f80_1424390f,2,96150,31.15160553181386,0.051175354893614244,0.7786817429674573,0.6430935308486329,69.47457122802734
scene-0914_CAM_FRONT_f9fe6f80_1424390f,3,96336,32.237016388383566,0.04945125856210475,0.7715966695558533,0.6466590497202742,67.87425994873047
scene-0914_CAM_FRONT_f9fe6f80_1424390f,4,96095,29.791090669236613,0.04390313335727836,0.7794171722743152,0.648970398970399,69.09407043457031
scene-0914_CAM_FRONT_9a99dae6_614cb312,0,91893,26.295878995980093,0.02394223693134201,0.7973957922937515,0.6240642975336853,69.28443908691406
scene-0914_CAM_FRONT_9a99dae6_614cb312,1,94582,25.973666573303465,0.02972084608559511,0.7892929372521209,0.6444133638011189,69.18257141113281
scene-0914_CAM_FRONT_9a99dae6_614cb312,2,95108,24.721783711265328,0.03171897295728954,0.7991752685630237,0.6531006224883776,67.77287292480469
scene-0914_CAM_FRONT_9a99dae6_614cb312,3,93689,26.51735574577098,0.04081211176540167,0.7780579413232475,0.6377813673732041,64.57088470458984
scene-0914_CAM_FRONT_9a99dae6_614cb312,4,95654,25.94066506410256,0.035797120921960524,0.7841055341055341,0.6512160848895543,64.6075439453125
scene-0914_CAM_FRONT_1c7ffbf1_16767ec4,0,96204,21.679627326700896,0.03937517178835659,0.8047763506947181,0.6486486486486487,65.36678314208984
scene-0914_CAM_FRONT_1c7ffbf1_16767ec4,1,97570,21.421467879604677,0.03022363256112759,0.8018674651327713,0.6566070443621465,65.20765686035156
scene-0914_CAM_FRONT_1c7ffbf1_16767ec4,2,94963,21.034763252182987,0.05262714554254089,0.7928059254589866,0.6412352585821973,68.19140625
scene-0914_CAM_FRONT_1c7ffbf1_16767ec4,3,90214,22.40704676596887,0.03146538286056533,0.7823851548341344,0.6025464239749954,65.85759735107422
scene-0914_CAM_FRONT_1c7ffbf1_16767ec4,4,84433,22.05254141566265,0.050675980872069815,0.7541105245186878,0.5673640112415622,66.32263946533203
scene-0914_CAM_FRONT_6d1c615e_e0513430,0,77159,26.023989429709797,0.06425633967758904,0.7346938775510204,0.5066582617603026,63.33647918701172
scene-0914_CAM_FRONT_6d1c615e_e0513430,1,78331,25.178772832306336,0.058231104944854284,0.7321264413101147,0.5143999684816012,65.98641204833984
scene-0914_CAM_FRONT_6d1c615e_e0513430,2,83002,24.51293600881742,0.04858327872392754,0.7312202873427364,0.5494050902214167,67.07464599609375
scene-0914_CAM_FRONT_6d1c615e_e0513430,3,75674,22.51697058277654,0.03912434972170287,0.7360202768366033,0.5012607359546135,68.72157287597656
scene-0914_CAM_FRONT_6d1c615e_e0513430,4,75352,22.949344665750914,0.025642652144784783,0.7520749612586347,0.5089105140125548,66.53253936767578
scene-0914_CAM_FRONT_a6389047_67fa7b67,0,92807,19.666857713081665,0.029980081944650294,0.7681624773461508,0.6470924277046726,69.1204833984375
scene-0914_CAM_FRONT_a6389047_67fa7b67,1,95522,21.68632133921827,0.04631757126020086,0.7886757019410081,0.6685380715992961,65.87501525878906
scene-0914_CAM_FRONT_a6389047_67fa7b67,2,91878,21.047655212023916,0.046241109324720586,0.7890302839282431,0.6418459275602133,67.01554107666016
scene-0914_CAM_FRONT_a6389047_67fa7b67,3,89846,21.227014533296938,0.04497919778433723,0.7773487773487774,0.6425353925353925,65.39104461669922
scene-0914_CAM_FRONT_a6389047_67fa7b67,4,89249,21.177195785984843,0.04828915637914877,0.7628765792031098,0.6440981798124655,66.38855743408203
scene-0914_CAM_FRONT_8a39538c_98605ed7,0,88461,20.160062295007286,0.014722409348983057,0.7841383657710188,0.593589945630762,66.12154388427734
scene-0914_CAM_FRONT_8a39538c_98605ed7,1,95128,20.750619602061665,0.017860178633525292,0.7667572820634045,0.6366191264150448,63.50602340698242
scene-0914_CAM_FRONT_8a39538c_98605ed7,2,105654,19.926576608976628,0.02022909302857223,0.8167139442649647,0.7045741076353321,64.5272216796875
scene-0914_CAM_FRONT_8a39538c_98605ed7,3,105803,20.82914992559524,0.020623184878028944,0.8319478370498778,0.7067803955559058,63.88291931152344
scene-0914_CAM_FRONT_8a39538c_98605ed7,4,106252,23.43864924433249,0.022631078995400733,0.8223806897276285,0.7089341528117038,62.025115966796875
scene-0914_CAM_FRONT_b8a345e3_8a3346bb,0,99957,18.94334500498161,0.04318746954163055,0.8016442098074751,0.6655306910408951,66.38700866699219
scene-0914_CAM_FRONT_b8a345e3_8a3346bb,1,91866,19.828868073734732,0.042311854004100535,0.7723517978620019,0.608114674441205,64.59304809570312
scene-0914_CAM_FRONT_b8a345e3_8a3346bb,2,80543,18.070199592860227,0.027946867149002408,0.7231042996349119,0.5336590234549419,69.0420150756836
scene-0914_CAM_FRONT_b8a345e3_8a3346bb,3,69733,18.616249146951777,0.026443940227748985,0.6689911485829854,0.4640558926273212,70.25682830810547
scene-0914_CAM_FRONT_b8a345e3_8a3346bb,4,66459,19.83773377487779,0.018353288843593774,0.6594371339269298,0.4441664696766738,70.39256286621094
scene-0915_CAM_FRONT_7f8368b7_7c7be93d,0,96474,20.885552466768914,0.036749824116712126,0.9475284322223098,0.6334804191947049,68.02881622314453
scene-0915_CAM_FRONT_7f8368b7_7c7be93d,1,93559,18.811311474154824,0.019909265805856613,0.9516980537388701,0.6143395582171093,67.87158966064453
scene-0915_CAM_FRONT_7f8368b7_7c7be93d,2,102683,18.586572753209705,0.016141669277821347,1.0,0.6742507813936386,68.3251724243164
scene-0915_CAM_FRONT_7f8368b7_7c7be93d,3,105299,19.883586790089087,0.02290371481331288,0.9689412444514486,0.6917172274315131,69.26420593261719
scene-0915_CAM_FRONT_7f8368b7_7c7be93d,4,106446,20.69649116566639,0.03263903996166162,0.9700115567462506,0.6989730255036377,71.55506134033203
scene-0915_CAM_FRONT_a2ef08f7_cce9a021,0,112390,21.55514039855073,0.03457111891210385,0.9688296167888004,0.737990176765687,70.54410552978516
scene-0915_CAM_FRONT_a2ef08f7_cce9a021,1,111463,20.34918870192308,0.02675444124817883,0.9671880335145642,0.7319031859848186,71.3682632446289
scene-0915_CAM_FRONT_a2ef08f7_cce9a021,2,104196,20.242801571156505,0.025436540643663852,0.9600569957712815,0.6841987760355107,70.6170425415039
scene-0915_CAM_FRONT_a2ef08f7_cce9a021,3,102860,21.87970143016344,0.015198948889548536,0.9634452236493053,0.6754130223517979,68.59050750732422
scene-0915_CAM_FRONT_a2ef08f7_cce9a021,4,101975,22.20442708333334,0.026913944378180954,0.9656712105691697,0.6696018175610012,69.5095443725586
scene-0915_CAM_FRONT_6de71c96_005cfc5e,0,135193,28.3480211195055,0.02531650339930147,0.9680088251516823,0.8885102303469651,71.52397918701172
scene-0915_CAM_FRONT_6de71c96_005cfc5e,1,134224,27.79744633107214,0.020769546588311094,0.9689084127859638,0.8826399285582959,69.89640808105469
scene-0915_CAM_FRONT_6de71c96_005cfc5e,2,135233,29.535597868519677,0.03057789497743979,0.9726446563181257,0.8909988705907074,68.39778137207031
scene-0915_CAM_FRONT_6de71c96_005cfc5e,3,135240,30.347410726925254,0.029825890233006636,0.97800935045833,0.8909332072597379,67.69767761230469
scene-0915_CAM_FRONT_6de71c96_005cfc5e,4,135341,29.587050039556953,0.018570302002840045,0.9866375121477162,0.8943148688046647,68.38111877441406
scene-0915_CAM_FRONT_c6cebadf_c943bddd,0,135845,27.26118425741162,0.02915995209028477,0.9872153494602475,0.8955362067606966,69.37065887451172
scene-0915_CAM_FRONT_c6cebadf_c943bddd,1,133589,27.620327333860768,0.02932490932259757,0.9789155044257085,0.8806962939616001,69.33794403076172
scene-0915_CAM_FRONT_c6cebadf_c943bddd,2,127942,28.18460300673218,0.02353566087889125,0.9621188243637223,0.8443647729362015,68.6854248046875
scene-0915_CAM_FRONT_c6cebadf_c943bddd,3,125082,26.715060763888886,0.03410293682908572,0.960116092769154,0.8214154387623775,71.60921478271484
scene-0915_CAM_FRONT_c6cebadf_c943bddd,4,121832,26.59022700471698,0.023597270076778143,0.9633926929845297,0.7999894938670449,71.296875
scene-0915_CAM_FRONT_d85a67be_246b21c5,0,133592,27.8908301658604,0.020352257052340006,0.964797888267276,0.879021879021879,70.51280975341797
scene-0915_CAM_FRONT_d85a67be_246b21c5,1,132654,27.937243623210037,0.028102222349655204,0.9637275759724739,0.8734404958894755,70.8277587890625
scene-0915_CAM_FRONT_d85a67be_246b21c5,2,131664,27.793095919072485,0.027827928263138846,0.9680285241509732,0.8646941402043443,71.52213287353516
scene-0915_CAM_FRONT_d85a67be_246b21c5,3,131939,27.59645849383667,0.04300480784924643,0.971534946024742,0.8666180758017493,72.8830795288086
scene-0915_CAM_FRONT_d85a67be_246b21c5,4,132319,26.92270237546125,0.036207935424081406,0.9715152470254511,0.8691329813778793,73.41219329833984
scene-0915_CAM_FRONT_87a927d7_666e8405,0,124943,23.62322923374115,0.03344363866174138,0.9722572426654059,0.820640611456938,71.22764587402344
scene-0915_CAM_FRONT_87a927d7_666e8405,1,121636,25.25470590942562,0.05948798023377311,0.9720536863394006,0.7988009875764978,71.0356674194336
scene-0915_CAM_FRONT_87a927d7_666e8405,2,114010,23.413439119170985,0.051771664258556616,0.9725724266540593,0.7486276363827384,72.59327697753906
scene-0915_CAM_FRONT_87a927d7_666e8405,3,111948,23.547935718693896,0.030620541348639563,0.9736755706143462,0.7350878575368371,71.4019546508789
scene-0915_CAM_FRONT_87a927d7_666e8405,4,106604,23.59215889183996,0.02110810873834068,0.9752317915583222,0.6999973734667613,71.07547760009766
scene-0915_CAM_FRONT_20fac9be_88bbcc1c,0,134606,31.74084750088778,0.0224593205400061,0.9735573766186011,0.9152549050508234,71.17704010009766
scene-0915_CAM_FRONT_20fac9be_88bbcc1c,1,135318,34.524182445684964,0.029060489733518713,0.9775825388070286,0.9288669135607911,69.31594848632812
scene-0915_CAM_FRONT_20fac9be_88bbcc1c,2,134815,33.75214626736111,0.031727047244564766,0.9781472434533659,0.9025227851758464,70.53646850585938
scene-0915_CAM_FRONT_20fac9be_88bbcc1c,3,134628,33.97477118913517,0.028024417449634464,0.9861647361647362,0.8848462164788695,68.7118911743164
scene-0915_CAM_FRONT_20fac9be_88bbcc1c,4,137041,34.15990181992338,0.022934880485196985,0.9868345021406246,0.9026606781708822,68.20082092285156
scene-0915_CAM_FRONT_0a8dee95_cdefb1ef,0,135056,25.390354318976474,0.028744266680192254,0.9890801880597799,0.887196963727576,68.24143981933594
scene-0915_CAM_FRONT_0a8dee95_cdefb1ef,1,129504,24.436924603174603,0.020384319278600183,0.9910566543219604,0.8506947180416569,69.92527770996094
scene-0915_CAM_FRONT_0a8dee95_cdefb1ef,2,128640,25.45571912489289,0.03753959012285635,0.9942544585401728,0.8447259212565335,68.90379333496094
scene-0915_CAM_FRONT_0a8dee95_cdefb1ef,3,129203,26.296355078809107,0.055234338691568574,0.9948585611850917,0.8486919864470885,69.43519592285156
scene-0915_CAM_FRONT_0a8dee95_cdefb1ef,4,126960,26.23000788643533,0.0542929790336657,0.9915031649725528,0.8349683502744727,68.6022720336914
scene-0916_CAM_FRONT_b5989651_ac8b4d49,0,123537,20.40207572431057,0.025113526097229943,0.9414742731069262,0.8165235206051532,68.76456451416016
scene-0916_CAM_FRONT_b5989651_ac8b4d49,1,112891,20.978768726591756,0.0444067229554328,0.9374885089170804,0.7490084837023613,67.75483703613281
scene-0916_CAM_FRONT_b5989651_ac8b4d49,2,98731,20.422658066860468,0.049833872915592714,0.9086097759567148,0.6567186720247945,68.90763092041016
scene-0916_CAM_FRONT_b5989651_ac8b4d49,3,90311,21.372003448761262,0.05804369641636242,0.8859230951067686,0.6011412286922491,66.54883575439453
scene-0916_CAM_FRONT_b5989651_ac8b4d49,4,82128,20.836236979166667,0.042852424113373644,0.840464371076616,0.5513355921519186,67.60985565185547
scene-0916_CAM_FRONT_c1eed312_d8251bbc,0,86783,23.645657840480677,0.05631055736575252,0.8811231056129015,0.5791046148189005,68.92127227783203
scene-0916_CAM_FRONT_c1eed312_d8251bbc,1,89092,23.650040394664465,0.07302303307105307,0.8726656685840359,0.5978580621437765,68.8213882446289
scene-0916_CAM_FRONT_c1eed312_d8251bbc,2,79602,22.351606709781727,0.04261602647436713,0.877826806398235,0.5333569721324823,68.33714294433594
scene-0916_CAM_FRONT_c1eed312_d8251bbc,3,77634,21.77671893513033,0.03586381241417458,0.8876828723767499,0.5178604260236913,69.02711486816406
scene-0916_CAM_FRONT_c1eed312_d8251bbc,4,79267,22.26394329622802,0.044192597816851364,0.8940193838153022,0.5253460457542091,67.963134765625
scene-0916_CAM_FRONT_048a45dd_609d5177,0,122955,20.326460743678428,0.04573585094149557,0.8958185590838652,0.8512659890210911,66.16390991210938
scene-0916_CAM_FRONT_048a45dd_609d5177,1,128923,19.534379599750903,0.055172180763758405,0.9056811913954771,0.8933693168387046,66.12153625488281
scene-0916_CAM_FRONT_048a45dd_609d5177,2,126495,18.887453097611747,0.032264390409848076,0.9000013132666194,0.8831324035405668,69.23974609375
scene-0916_CAM_FRONT_048a45dd_609d5177,3,117777,18.679879976011403,0.02575813195381116,0.884425971160665,0.8315341580647703,69.89041900634766
scene-0916_CAM_FRONT_048a45dd_609d5177,4,113150,19.800476620802243,0.0349128490189774,0.9116696871798913,0.7762259343891997,68.71397399902344
scene-0916_CAM_FRONT_b1303058_e174cb43,0,104134,15.255983891165757,0.060233651867271476,0.946911196911197,0.6918157224279673,67.24585723876953
scene-0916_CAM_FRONT_b1303058_e174cb43,1,109171,15.975949294422172,0.01888787399100389,0.9633795603183358,0.7304520263703937,64.2739028930664
scene-0916_CAM_FRONT_b1303058_e174cb43,2,93522,15.54671024659864,0.020539246648346277,0.9633992593176267,0.6211751109710293,65.98777770996094
scene-0916_CAM_FRONT_b1303058_e174cb43,3,86264,15.757206357758625,0.02131550560858586,0.9561171959131143,0.5805163764347437,64.64328002929688
scene-0916_CAM_FRONT_b1303058_e174cb43,4,79341,15.769164167823154,0.020630103653600518,0.9562616552412471,0.5302510965776271,63.82785415649414
scene-0916_CAM_FRONT_6ff9723a_55c25897,0,111056,18.516924936098285,0.02761851752275346,0.936089879967431,0.7647348514695453,67.29910278320312
scene-0916_CAM_FRONT_6ff9723a_55c25897,1,115557,18.510181620105055,0.027091994206295045,0.9254524203503796,0.8116053371155412,67.32503509521484
scene-0916_CAM_FRONT_6ff9723a_55c25897,2,110574,19.94293409778226,0.027261750673725604,0.9176581829643055,0.788918656265595,65.92195892333984
scene-0916_CAM_FRONT_6ff9723a_55c25897,3,106586,20.425071426877842,0.031071699200367675,0.9051952827463031,0.7583392430331206,65.72980499267578
scene-0916_CAM_FRONT_6ff9723a_55c25897,4,103915,21.026038431677016,0.02377556579465878,0.8997517926089355,0.7378260184382633,66.2426986694336
scene-0916_CAM_FRONT_44237858_e00dc151,0,110734,18.574387181511327,0.02381714185409267,0.9158655740288393,0.7457187508207916,68.66118621826172
scene-0916_CAM_FRONT_44237858_e00dc151,1,114073,19.50802719039972,0.026142279623245557,0.9191159089118273,0.777992277992278,67.22868347167969
scene-0916_CAM_FRONT_44237858_e00dc151,2,112526,20.10425464527027,0.030091641778695166,0.9243886743886743,0.7785372836393245,66.96261596679688
scene-0916_CAM_FRONT_44237858_e00dc151,3,110325,18.8962222322908,0.03066935074908983,0.9227076931158564,0.768510493000289,68.66148376464844
scene-0916_CAM_FRONT_44237858_e00dc151,4,101491,19.58066671780589,0.03520961629510788,0.9167782943293148,0.708678065820923,69.09085083007812
scene-0916_CAM_FRONT_e63b83b4_e54b784a,0,105586,20.28414044730857,0.02517933079055834,0.9106125075512831,0.7128870853360649,69.63983917236328
scene-0916_CAM_FRONT_e63b83b4_e54b784a,1,104014,21.50435535021915,0.02188878190005239,0.9133112704541276,0.7142397499540357,67.30879211425781
scene-0916_CAM_FRONT_e63b83b4_e54b784a,2,102097,22.14412931424509,0.028150130469615675,0.934533659023455,0.6851508943345678,67.12543487548828
scene-0916_CAM_FRONT_e63b83b4_e54b784a,3,108244,23.541570794092465,0.03582682939202031,0.9602080214325113,0.7173653245081817,65.51979064941406
scene-0916_CAM_FRONT_e63b83b4_e54b784a,4,112622,22.520686026936033,0.02954401668043083,0.9651524702545111,0.7531452735534369,65.67227172851562
scene-0916_CAM_FRONT_a1289b27_9cdbf5ff,0,104151,18.001271983804227,0.03856181354119892,0.9613045990597011,0.6856565019830326,66.07437133789062
scene-0916_CAM_FRONT_a1289b27_9cdbf5ff,1,104323,17.90944646367964,0.03243598319054275,0.9513172064192472,0.689327082184225,65.83946990966797
scene-0916_CAM_FRONT_a1289b27_9cdbf5ff,2,94630,16.619885677231384,0.03589152287288777,0.9348619756783022,0.6281025923883067,70.06367492675781
scene-0916_CAM_FRONT_a1289b27_9cdbf5ff,3,92021,16.59920343137255,0.04166572250884659,0.927080870958422,0.6133283429201797,70.3494873046875
scene-0916_CAM_FRONT_a1289b27_9cdbf5ff,4,85555,16.108633637764083,0.056313700463673566,0.8792057363485934,0.5690318598481864,71.37603759765625
scene-0917_CAM_FRONT_8c5c08c8_f4b1ff82,0,88385,16.63273711622807,0.020806924728725473,0.8898825939642266,0.5884747721482415,69.169921875
scene-0917_CAM_FRONT_8c5c08c8_f4b1ff82,1,92122,17.14154525619369,0.02182198756025966,0.8900533186247472,0.6167100044651065,67.5711441040039
scene-0917_CAM_FRONT_8c5c08c8_f4b1ff82,2,81364,18.328098983111325,0.032540933152474416,0.8634137052504399,0.5450713103774328,66.75768280029297
scene-0917_CAM_FRONT_8c5c08c8_f4b1ff82,3,70195,18.120542750197007,0.02586454663320259,0.8508851417014682,0.4692104641084233,67.54114532470703
scene-0917_CAM_FRONT_8c5c08c8_f4b1ff82,4,70455,18.071833770704927,0.026865717929086763,0.8507735140388202,0.4666495942006146,67.24818420410156
scene-0917_CAM_FRONT_018ef7dd_99d907c5,0,90677,16.789458207481417,0.038737125886726176,0.8742678538596906,0.6063089328395451,70.56588745117188
scene-0917_CAM_FRONT_018ef7dd_99d907c5,1,99485,17.263207378223495,0.029428276223706806,0.8894689149791191,0.6746250623801644,69.74994659423828
scene-0917_CAM_FRONT_018ef7dd_99d907c5,2,101855,15.996316964285718,0.02561891001971217,0.8978606886770152,0.690055945157986,72.05960845947266
scene-0917_CAM_FRONT_018ef7dd_99d907c5,3,104999,16.661794877332415,0.03786398698840232,0.8982152706642502,0.7145221022772044,69.91399383544922
scene-0917_CAM_FRONT_018ef7dd_99d907c5,4,106498,16.610981752298336,0.048896579758872516,0.8984253933233525,0.7264071651826753,71.06214141845703
scene-0917_CAM_FRONT_1dba2c2c_49eb8915,0,81094,13.984051405325443,0.051034462325002306,0.8988193733091693,0.5335605284584877,69.70496368408203
scene-0917_CAM_FRONT_1dba2c2c_49eb8915,1,82222,14.720599328686376,0.046249602718099414,0.8980248470044389,0.5423003178105219,66.80857849121094
scene-0917_CAM_FRONT_1dba2c2c_49eb8915,2,79546,13.630322367847171,0.05284691966551058,0.8885758936779345,0.5244595907861214,69.45785522460938
scene-0917_CAM_FRONT_1dba2c2c_49eb8915,3,77674,13.856209684449093,0.048036272441875916,0.8836971081869041,0.5110774039345468,69.74327850341797
scene-0917_CAM_FRONT_1dba2c2c_49eb8915,4,74559,13.977452843468468,0.04861098446845746,0.8801512883145536,0.49215979828224726,69.33280181884766
scene-0917_CAM_FRONT_46285edc_90fbcb8d,0,72834,15.135161356209146,0.008755988712551455,0.8749573188348698,0.4827962072860032,71.53556823730469
scene-0917_CAM_FRONT_46285edc_90fbcb8d,1,70817,15.928907468798757,0.016152829162395577,0.8687587003913535,0.47229007433089065,69.82381439208984
scene-0917_CAM_FRONT_46285edc_90fbcb8d,2,66349,16.527010006500745,0.01800906814183012,0.8595264360570483,0.44593281327975204,68.34275817871094
scene-0917_CAM_FRONT_46285edc_90fbcb8d,3,61836,16.681183359800357,0.023774745005668674,0.8437869356236704,0.41805216295012215,69.68374633789062
scene-0917_CAM_FRONT_46285edc_90fbcb8d,4,60079,17.495402056150976,0.02240078150512259,0.8372337351929189,0.40663987602763113,68.02056884765625
scene-0917_CAM_FRONT_37fbabc0_5bdba79e,0,69495,21.44501170655567,0.007958999230408104,0.8364720405536732,0.46197436503558953,68.14366912841797
scene-0917_CAM_FRONT_37fbabc0_5bdba79e,1,70942,22.301253184133916,0.00963981709968964,0.8341409923042576,0.4658616342289812,67.32897186279297
scene-0917_CAM_FRONT_37fbabc0_5bdba79e,2,69394,24.566878458427915,0.014341527974294666,0.8249875239671158,0.45566411892942504,65.43590545654297
scene-0917_CAM_FRONT_37fbabc0_5bdba79e,3,70743,26.922918146306827,0.01813028361187108,0.8226236440522154,0.4651918682530927,65.09818267822266
scene-0917_CAM_FRONT_37fbabc0_5bdba79e,4,68674,23.964696844173858,0.025677211978154313,0.8123735980878838,0.4515601607438342,67.39885711669922
scene-0917_CAM_FRONT_19ccc1fa_bf452016,0,62424,22.012390403247807,0.013476425891672639,0.807068000945552,0.40989677724371604,67.49767303466797
scene-0917_CAM_FRONT_19ccc1fa_bf452016,1,60330,23.50222930442523,0.017979059865246727,0.8067987812885772,0.3961468757387125,65.37299346923828
scene-0917_CAM_FRONT_19ccc1fa_bf452016,2,60256,23.048944121187798,0.01574729710705247,0.8046909883644577,0.3956609670895385,66.54756164550781
scene-0917_CAM_FRONT_19ccc1fa_bf452016,3,59249,21.93699350577264,0.013710727105795684,0.8021760827883276,0.38904866966091456,67.56076049804688
scene-0917_CAM_FRONT_19ccc1fa_bf452016,4,58235,23.044297100144085,0.015137429674032088,0.8004031728521525,0.38239040790061196,66.0946273803711
scene-0917_CAM_FRONT_5fc28d5d_b34a0291,0,66864,23.37720935968971,0.020697584959687543,0.8054855146691882,0.4410934257873033,66.96194458007812
scene-0917_CAM_FRONT_5fc28d5d_b34a0291,1,64092,23.69531035252886,0.022005267325565292,0.8082368082368082,0.42383710240853095,69.47087860107422
scene-0917_CAM_FRONT_5fc28d5d_b34a0291,2,61764,23.931639340894147,0.022541054853219222,0.8135883697108187,0.40656108003046776,68.96470642089844
scene-0917_CAM_FRONT_5fc28d5d_b34a0291,3,62009,24.557919492894058,0.020726784644464313,0.8344890079583958,0.4095224962571901,67.30170440673828
scene-0917_CAM_FRONT_5fc28d5d_b34a0291,4,60624,21.648102039599237,0.017074350422598528,0.8419614950227196,0.40715205000919286,71.25592041015625
scene-0917_CAM_FRONT_9dc543d8_3ce2de68,0,68017,20.525413311774024,0.01833153959546241,0.8392824311191658,0.4512187114227931,70.0815658569336
scene-0917_CAM_FRONT_9dc543d8_3ce2de68,1,79763,21.43134088271437,0.03060713789525149,0.8957660284190896,0.5265870827095317,69.12203979492188
scene-0917_CAM_FRONT_9dc543d8_3ce2de68,2,82222,20.392082656926405,0.034136716687702684,0.9180587292832191,0.5399036062301369,71.41925048828125
scene-0917_CAM_FRONT_9dc543d8_3ce2de68,3,89031,21.650694572287684,0.043221752916307477,0.9273303916161059,0.5848304572794368,70.02837371826172
scene-0917_CAM_FRONT_9dc543d8_3ce2de68,4,91905,21.568600171232877,0.039796418286213164,0.9247826543744911,0.6042208389147165,70.61930084228516
scene-0919_CAM_FRONT_bd0c2713_9d89067a,0,120465,20.62074770550678,0.03556215346933822,0.9282496782496783,0.806825046620965,69.45608520507812
scene-0919_CAM_FRONT_bd0c2713_9d89067a,1,121715,20.916419508170954,0.02695770166339173,0.9211777375042681,0.81691750059097,70.2834243774414
scene-0919_CAM_FRONT_bd0c2713_9d89067a,2,117412,21.23995875979965,0.031233962328079068,0.9302458435111496,0.8078690935833793,70.27998352050781
scene-0919_CAM_FRONT_bd0c2713_9d89067a,3,115152,20.97546972352025,0.0372050104514674,0.9365232579518293,0.7792333149476006,70.80281066894531
scene-0919_CAM_FRONT_bd0c2713_9d89067a,4,119016,22.790872945413962,0.04227753652179356,0.9451317206419247,0.7824114201665222,69.46952819824219
scene-0919_CAM_FRONT_7110a0d1_9ef03c61,0,131947,17.589134791997612,0.09968431362053476,0.9515995587424159,0.8788445880282615,69.66361236572266
scene-0919_CAM_FRONT_7110a0d1_9ef03c61,1,134506,18.665627911161927,0.1035374220837384,0.9651196385890264,0.8991214246316287,68.08488464355469
scene-0919_CAM_FRONT_7110a0d1_9ef03c61,2,129792,18.655491707479964,0.0980082252994603,0.9715874766895175,0.8635450319123789,67.18128204345703
scene-0919_CAM_FRONT_7110a0d1_9ef03c61,3,127431,20.599133067949587,0.06024529518607391,0.974890342237281,0.8476610721508681,64.77777862548828
scene-0919_CAM_FRONT_7110a0d1_9ef03c61,4,125449,20.56883285984849,0.05433067171899575,0.9879310797678145,0.8345087069576865,65.8967056274414
scene-0919_CAM_FRONT_67f11693_6d9def1e,0,120747,20.82662955551771,0.04107292550517938,0.9866900428124918,0.8017886691356079,68.19606018066406
scene-0919_CAM_FRONT_67f11693_6d9def1e,1,111866,21.50043683572089,0.04161836611678149,0.9764465631812571,0.7566713944264964,64.2159194946289
scene-0919_CAM_FRONT_67f11693_6d9def1e,2,94641,19.612146960910646,0.028171874729454593,0.9385391222125916,0.6467509783836315,67.31881713867188
scene-0919_CAM_FRONT_67f11693_6d9def1e,3,84173,20.268070555949006,0.022985697967024876,0.9120374018333202,0.5667730412628372,65.57354736328125
scene-0919_CAM_FRONT_67f11693_6d9def1e,4,79141,21.177935593926193,0.0210007277127362,0.9244215060541591,0.5328382318178236,65.16268157958984
scene-0919_CAM_FRONT_fc92fca5_1e606cc7,0,118519,27.318778935185193,0.07913989718060144,0.9306201244976755,0.7951238410422083,62.389251708984375
scene-0919_CAM_FRONT_fc92fca5_1e606cc7,1,122728,26.228491542077677,0.06191954854979054,0.9393073831849342,0.8222033987340109,62.2264289855957
scene-0919_CAM_FRONT_fc92fca5_1e606cc7,2,115915,26.530598156557883,0.040824087197851355,0.9391038268589289,0.781111286213327,60.90788650512695
scene-0919_CAM_FRONT_fc92fca5_1e606cc7,3,111998,26.93298479087452,0.037114112216784845,0.9300291545189504,0.7641176161584324,60.89310836791992
scene-0919_CAM_FRONT_fc92fca5_1e606cc7,4,116211,26.08880054406234,0.030242725821840732,0.951947574396554,0.7720234812071547,61.1138801574707
scene-0919_CAM_FRONT_1752d62f_3beeafdd,0,102900,22.38324889305177,0.039801118304636285,0.9550731489507,0.6802524098442466,61.0808219909668
scene-0919_CAM_FRONT_1752d62f_3beeafdd,1,103620,22.61425880595117,0.04545740395740383,0.9597024137840464,0.6864247629553752,62.090118408203125
scene-0919_CAM_FRONT_1752d62f_3beeafdd,2,111726,22.17738531443699,0.0614635424231198,0.9644761379455257,0.738462952748667,63.82325744628906
scene-0919_CAM_FRONT_1752d62f_3beeafdd,3,114172,21.434876638001636,0.05529468753596123,0.9648963832637302,0.7542221521813358,64.03108978271484
scene-0919_CAM_FRONT_1752d62f_3beeafdd,4,116110,20.56765624999999,0.06781282796753674,0.9624537073516666,0.7674467470385837,67.34371948242188
scene-0919_CAM_FRONT_a79fa282_72b648d5,0,134085,21.128068629319106,0.053756115060132004,0.9551650776140572,0.9006448139101201,62.79429626464844
scene-0919_CAM_FRONT_a79fa282_72b648d5,1,137190,21.592423788054266,0.06413922179050657,0.954350852310036,0.9246710267118431,63.007789611816406
scene-0919_CAM_FRONT_a79fa282_72b648d5,2,143772,22.584305992705836,0.05262067424035766,0.9663344102119612,0.9631497386599427,63.182464599609375
scene-0919_CAM_FRONT_a79fa282_72b648d5,3,145422,22.070070562448727,0.044142570839488915,0.9783179681138865,0.9714298846951909,64.35559844970703
scene-0919_CAM_FRONT_a79fa282_72b648d5,4,148678,21.260872686910083,0.037083020013353174,0.9874648701179314,0.9866506448139101,64.36341857910156
scene-0919_CAM_FRONT_a9ade377_188fe796,0,127671,14.229895267606866,0.061296372774521046,0.991233945315578,0.8388818848002522,64.63568878173828
scene-0919_CAM_FRONT_a9ade377_188fe796,1,127881,13.927593586173005,0.07279931280169638,0.9935058965671211,0.8403593097470649,63.27587890625
scene-0919_CAM_FRONT_a9ade377_188fe796,2,123205,14.346974518339508,0.07344817867426601,0.9923633546082525,0.8096223045202637,61.207828521728516
scene-0919_CAM_FRONT_a9ade377_188fe796,3,115475,15.620761718749996,0.09823990678490047,0.9969072571113388,0.7583589420324114,56.9479866027832
scene-0919_CAM_FRONT_a9ade377_188fe796,4,104562,16.096911175127445,0.10732749764831673,0.9889422950647441,0.6865889212827988,59.358863830566406
scene-0919_CAM_FRONT_0acad604_772f1168,0,107709,23.77157521802326,0.02923766633037106,0.9582446878365246,0.7073976308670186,60.91352081298828
scene-0919_CAM_FRONT_0acad604_772f1168,1,89413,23.326674107142857,0.027313007224293973,0.9283416069130355,0.5871155411971738,66.42147827148438
scene-0919_CAM_FRONT_0acad604_772f1168,2,77464,23.634591704697236,0.01007438702745267,0.9200745935439812,0.508654427021774,64.24043273925781
scene-0919_CAM_FRONT_0acad604_772f1168,3,74551,23.760334318252973,0.008844303512315577,0.9138234444356893,0.4895266987103722,65.44489288330078
scene-0919_CAM_FRONT_0acad604_772f1168,4,72916,24.60989809782608,0.019119888235728633,0.905569563732829,0.47879074409686656,65.53712463378906
scene-0920_CAM_FRONT_e8a25125_b4628dfb,0,86378,26.502939428771825,0.031454319963859945,0.883224332203924,0.5673705775746593,65.51693725585938
scene-0920_CAM_FRONT_e8a25125_b4628dfb,1,81923,24.519938314128254,0.03177367614562643,0.8790547106873637,0.5379337063010532,69.10932922363281
scene-0920_CAM_FRONT_e8a25125_b4628dfb,2,79027,24.753580729166664,0.027521647472700028,0.8791400730176241,0.5189176056522995,69.4111557006836
scene-0920_CAM_FRONT_e8a25125_b4628dfb,3,75498,24.19530567486895,0.03043699015491974,0.8853649567935282,0.4957515824862764,70.45446014404297
scene-0920_CAM_FRONT_e8a25125_b4628dfb,4,70764,25.467897768373845,0.0661405583720347,0.8995613689491241,0.46465999527224017,69.8838882446289
scene-0920_CAM_FRONT_dca35073_00ec13f2,0,123654,17.52976557680444,0.04410354307099795,0.9603393480944501,0.8174887715704042,70.22698974609375
scene-0920_CAM_FRONT_dca35073_00ec13f2,1,141250,19.607243157679736,0.041702125917233435,0.9673259265096,0.9353019199957976,67.27876281738281
scene-0920_CAM_FRONT_dca35073_00ec13f2,2,144678,20.088669023722623,0.030832447840162702,0.959997898773409,0.9570036508812019,67.25221252441406
scene-0920_CAM_FRONT_dca35073_00ec13f2,3,137728,20.43882284548216,0.0348412470338042,0.939583169175006,0.9108554618758701,68.00669860839844
scene-0920_CAM_FRONT_dca35073_00ec13f2,4,137617,21.995536650587255,0.03248886850682453,0.9628542536705802,0.906659575026922,66.33289337158203
scene-0920_CAM_FRONT_e84b6659_1c0fdeaa,0,139698,17.469587815915297,0.039373545955012634,0.979933286055735,0.9207246605205789,65.44874572753906
scene-0920_CAM_FRONT_e84b6659_1c0fdeaa,1,132828,18.340593079120495,0.02504868619880707,0.9623026816904368,0.875423528484753,65.14813995361328
scene-0920_CAM_FRONT_e84b6659_1c0fdeaa,2,130193,18.434859925971974,0.031051682390134783,0.9594922911249442,0.8587713077508996,66.0975341796875
scene-0920_CAM_FRONT_e84b6659_1c0fdeaa,3,128983,18.40041683218574,0.02849669245162767,0.9691054027788721,0.8484030677908229,66.60682678222656
scene-0920_CAM_FRONT_e84b6659_1c0fdeaa,4,129359,18.323450646033653,0.03514466926862925,0.9740958159325507,0.8532884196149503,67.42404174804688
scene-0920_CAM_FRONT_f3a8bec1_6511c90b,0,128592,15.916900487052272,0.026138936760120357,0.9817587266566858,0.8468468468468469,66.79882049560547
scene-0920_CAM_FRONT_f3a8bec1_6511c90b,1,136395,16.72048333142727,0.05015549258266372,0.9876946917763244,0.9000013132666194,66.09254455566406
scene-0920_CAM_FRONT_f3a8bec1_6511c90b,2,133814,16.921444438897765,0.0541705648191233,0.9946287395266987,0.8823969742337089,66.53741455078125
scene-0920_CAM_FRONT_f3a8bec1_6511c90b,3,126294,16.720042526758412,0.05115014542346219,0.9932104115777585,0.8325585060278938,68.5193099975586
scene-0920_CAM_FRONT_f3a8bec1_6511c90b,4,118503,15.844991975620314,0.040627831907469325,0.9852979801959394,0.7870406849998687,69.99505615234375
scene-0920_CAM_FRONT_7a38c623_84f28973,0,129810,15.561986102703798,0.025370138495108385,0.9843195965644945,0.8607477740130801,69.00849914550781
scene-0920_CAM_FRONT_7a38c623_84f28973,1,128278,15.992260556691992,0.03431426345340127,0.985954613505634,0.8484096341239198,70.4054946899414
scene-0920_CAM_FRONT_7a38c623_84f28973,2,127854,15.434130942275042,0.042614550597673606,0.9856197305176897,0.8458159325506265,70.45033264160156
scene-0920_CAM_FRONT_7a38c623_84f28973,3,121642,15.726703479825632,0.0358032184541357,0.9847726735481838,0.8046647230320699,70.35194396972656
scene-0920_CAM_FRONT_7a38c623_84f28973,4,113800,15.021405619959676,0.05411914117353378,0.9763152365193182,0.7549378824889029,70.28414916992188
scene-0920_CAM_FRONT_278d97e2_07edc519,0,105093,14.412894669434863,0.031668939142621255,0.973563942951698,0.6990977858324797,71.4936752319336
scene-0920_CAM_FRONT_278d97e2_07edc519,1,112923,14.962192847454087,0.03200386348410689,0.9775891051401255,0.7481811257321461,72.06999969482422
scene-0920_CAM_FRONT_278d97e2_07edc519,2,108411,14.91503758061457,0.025858592182287143,0.962637564678381,0.7205105980616184,73.31471252441406
scene-0920_CAM_FRONT_278d97e2_07edc519,3,102557,14.28094074540939,0.02969711281465326,0.950509547448323,0.6840083523756993,74.86422729492188
scene-0920_CAM_FRONT_278d97e2_07edc519,4,96674,15.057256045432336,0.01632205705114731,0.9388477398681481,0.6421742442150605,73.44075775146484
scene-0920_CAM_FRONT_79a42b12_d640474c,0,94623,16.852970113778056,0.02830297226924916,0.9356827673154203,0.6397578336353846,71.77371978759766
scene-0920_CAM_FRONT_79a42b12_d640474c,1,95133,17.123982380818315,0.032098990058761157,0.9288012502298216,0.6465342893914322,69.64631652832031
scene-0920_CAM_FRONT_79a42b12_d640474c,2,89984,17.857841447231475,0.028008546897666964,0.9223268457962336,0.6049234365560896,68.88469696044922
scene-0920_CAM_FRONT_79a42b12_d640474c,3,88134,18.031100892436378,0.03481458965460704,0.9293922202085467,0.584456176292911,68.53254699707031
scene-0920_CAM_FRONT_79a42b12_d640474c,4,87057,18.11027454053067,0.030010217728558164,0.9351443280014708,0.5751122842959577,69.69120788574219
scene-0920_CAM_FRONT_dcdbe656_d7b4858c,0,112799,22.24890711167279,0.026074873513868724,0.9454206392981903,0.7477674467470385,70.13630676269531
scene-0920_CAM_FRONT_dcdbe656_d7b4858c,1,116401,23.641837578423356,0.034289124194724074,0.9525779423738607,0.7683594673390591,69.60602569580078
scene-0920_CAM_FRONT_dcdbe656_d7b4858c,2,114073,23.23503512271995,0.036910984847080996,0.953746749665117,0.7587135240196464,68.84772491455078
scene-0920_CAM_FRONT_dcdbe656_d7b4858c,3,115763,24.226379431679852,0.03619984178924751,0.9512121450896961,0.7670790323851548,69.12979125976562
scene-0920_CAM_FRONT_dcdbe656_d7b4858c,4,111556,23.841220561594206,0.03610330740648049,0.946536915924671,0.7354161741916844,70.51117706298828
scene-0921_CAM_FRONT_852e22db_5737334b,0,92535,18.940407781139317,0.04578828893559761,0.9610288130696294,0.6084298584298584,66.54596710205078
scene-0921_CAM_FRONT_852e22db_5737334b,1,87158,18.9323413841343,0.03771346637101547,0.9595513881228167,0.5729913587056444,69.4202651977539
scene-0921_CAM_FRONT_852e22db_5737334b,2,81690,20.073366342504745,0.03150202032105254,0.9609894150710477,0.5379271399679563,70.10107421875
scene-0921_CAM_FRONT_852e22db_5737334b,3,74528,21.14526241987179,0.03343643337978475,0.9607201954140729,0.4896317600399233,68.39466857910156
scene-0921_CAM_FRONT_852e22db_5737334b,4,71082,20.756123260585163,0.021326290512714063,0.9603459144275471,0.46766737583064116,68.75968933105469
scene-0921_CAM_FRONT_dce96ecc_4209f80d,0,80900,18.668596031021895,0.01698377146173735,0.9640361936280304,0.5334095027972579,69.16985321044922
scene-0921_CAM_FRONT_dce96ecc_4209f80d,1,81404,19.984827201354683,0.015423729047141288,0.9617839413757782,0.5361213983662964,67.8236083984375
scene-0921_CAM_FRONT_dce96ecc_4209f80d,2,81948,20.124624943387673,0.011000312486236563,0.9629199170015497,0.5390959472592126,69.37669372558594
scene-0921_CAM_FRONT_dce96ecc_4209f80d,3,78949,20.273629961222632,0.009485999782707921,0.961915268037717,0.5189241719853964,68.4889907836914
scene-0921_CAM_FRONT_dce96ecc_4209f80d,4,74406,20.109257888056096,0.013160524705034815,0.9570036508812019,0.48857458041131513,69.1412124633789
scene-0921_CAM_FRONT_94fc83c5_b4f20dcf,0,62290,20.46540021466779,0.015280207273745683,0.938368397552071,0.4090956846058887,70.94306182861328
scene-0921_CAM_FRONT_94fc83c5_b4f20dcf,1,58079,21.34871858734548,0.02784499940510221,0.928046121923673,0.3813660599374885,71.3714599609375
scene-0921_CAM_FRONT_94fc83c5_b4f20dcf,2,56510,21.204531547053232,0.043792661653107245,0.9355580069865784,0.3711094476400599,72.20026397705078
scene-0921_CAM_FRONT_94fc83c5_b4f20dcf,3,54454,21.632679880401238,0.03952569791159033,0.9366742836130592,0.3576025004596433,71.93891143798828
scene-0921_CAM_FRONT_94fc83c5_b4f20dcf,4,53125,21.15482488517061,0.03244062513979662,0.9328198460851522,0.3489480734378694,70.89767456054688
scene-0921_CAM_FRONT_28715cdf_1ce20a30,0,50941,18.798794339476938,0.013317977058914021,0.9319071257846768,0.3344955742914927,71.75135040283203
scene-0921_CAM_FRONT_28715cdf_1ce20a30,1,49717,19.109497520756456,0.01659311301368449,0.9298846951908176,0.32645838258083154,71.42774963378906
scene-0921_CAM_FRONT_28715cdf_1ce20a30,2,49247,19.409676583450953,0.014240404407953822,0.9299306595224962,0.32337220602526723,70.71134948730469
scene-0921_CAM_FRONT_28715cdf_1ce20a30,3,48884,18.912616661208833,0.014586875702253144,0.9297533685288787,0.32098862711107606,71.73370361328125
scene-0921_CAM_FRONT_28715cdf_1ce20a30,4,49187,19.19775275735294,0.015480107692831258,0.9298649961915268,0.32297822603945053,71.2381362915039
scene-0921_CAM_FRONT_fc46571b_9c40f85f,0,51240,18.394536211367488,0.016767905040526943,0.929727103196491,0.33645890788747934,70.91502380371094
scene-0921_CAM_FRONT_fc46571b_9c40f85f,1,49783,18.082298085387325,0.015151640111537024,0.929956924854884,0.32689176056522995,71.02486419677734
scene-0921_CAM_FRONT_fc46571b_9c40f85f,2,49628,18.00655136268344,0.014925787696145276,0.929845297192236,0.3258739789352034,71.55924224853516
scene-0921_CAM_FRONT_fc46571b_9c40f85f,3,49481,17.714701277000707,0.01682852051682815,0.9298518635253329,0.32490872796995246,72.03563690185547
scene-0921_CAM_FRONT_fc46571b_9c40f85f,4,49395,18.204078030873497,0.016057261770398235,0.9297796338612665,0.32434402332361517,70.72410583496094
scene-0921_CAM_FRONT_9742c1ad_05101786,0,49178,20.65456297536376,0.005399337558417594,0.9273697896146875,0.32291912904157805,70.48050689697266
scene-0921_CAM_FRONT_9742c1ad_05101786,1,49838,20.884880371093747,0.0114261719124793,0.926233813988916,0.32725290888556197,68.7440414428711
scene-0921_CAM_FRONT_9742c1ad_05101786,2,52813,20.541615962487022,0.01808053894463546,0.9255968796785123,0.3467877498489743,67.91790771484375
scene-0921_CAM_FRONT_9742c1ad_05101786,3,52590,21.046827362804876,0.009361366507061986,0.9259842933312321,0.34532345756835553,67.73248291015625
scene-0921_CAM_FRONT_9742c1ad_05101786,4,51515,22.501369614397614,0.010464695764468068,0.9289325768917606,0.33826464948913926,68.80707550048828
scene-0921_CAM_FRONT_8331a249_4fe7d92f,0,68495,21.680479765455534,0.014939605288012636,0.9339295563785359,0.45160612507551284,72.2422866821289
scene-0921_CAM_FRONT_8331a249_4fe7d92f,1,65467,21.03590626237133,0.022235848238471245,0.9390578625272503,0.43166417146008984,72.32402801513672
scene-0921_CAM_FRONT_8331a249_4fe7d92f,2,67436,21.57339249106391,0.03170434056002214,0.9476400598849578,0.44605100727549707,71.94143676757812
scene-0921_CAM_FRONT_8331a249_4fe7d92f,3,66951,21.73190479603538,0.03305879239661369,0.9660651905549865,0.4443503270033882,71.44441986083984
scene-0921_CAM_FRONT_8331a249_4fe7d92f,4,67144,22.146896953730625,0.032624422334519565,0.9813056496729966,0.4465828802563496,71.04434204101562
scene-0921_CAM_FRONT_a024f1b7_791c46fa,0,81031,16.408446180555558,0.018428105880626156,0.9766698185065532,0.5354188007249232,71.8232421875
scene-0921_CAM_FRONT_a024f1b7_791c46fa,1,77905,15.939244552245402,0.02746012781133622,0.933693168387046,0.5116618075801749,71.37801361083984
scene-0921_CAM_FRONT_a024f1b7_791c46fa,2,75004,15.649335252192982,0.030764952110417187,0.9040790061198224,0.4925012476032884,70.15463256835938
scene-0921_CAM_FRONT_a024f1b7_791c46fa,3,78023,16.10326544304949,0.038620184324754,0.8821671525753159,0.5175977726998136,67.69512176513672
scene-0921_CAM_FRONT_a024f1b7_791c46fa,4,75497,15.472330013736268,0.02628158200479014,0.8726525359178421,0.5021340582565073,69.6886215209961
scene-0922_CAM_FRONT_73c335a2_54d0e038,0,101091,20.210935536073404,0.021387299637329438,0.9735967746171827,0.6699038688834608,72.30657196044922
scene-0922_CAM_FRONT_73c335a2_54d0e038,1,112858,20.692742199631212,0.033918715367643015,0.9797165970635359,0.7457318834869855,73.0123291015625
scene-0922_CAM_FRONT_73c335a2_54d0e038,2,111165,20.026891907649258,0.026797946646923254,0.9818112573214614,0.7340438105744228,74.24219512939453
scene-0922_CAM_FRONT_73c335a2_54d0e038,3,116968,20.715890928130516,0.04632927825440736,0.9756520368765267,0.7743413967903764,72.50045776367188
scene-0922_CAM_FRONT_73c335a2_54d0e038,4,111273,21.076978355680506,0.05658150763344105,0.9739973209360965,0.7373269771228955,71.83216857910156
scene-0922_CAM_FRONT_2fb8e56b_a2b34ea2,0,117321,19.59459140235349,0.05500411699869723,0.973695269613637,0.7734615081553857,74.31549072265625
scene-0922_CAM_FRONT_2fb8e56b_a2b34ea2,1,118543,20.624034568086383,0.059111904556159445,0.9745751582486276,0.7785175846400336,72.747314453125
scene-0922_CAM_FRONT_2fb8e56b_a2b34ea2,2,121212,20.525439760220127,0.05286670557284734,0.9804388937041998,0.7961941533370105,71.32781982421875
scene-0922_CAM_FRONT_2fb8e56b_a2b34ea2,3,117988,20.766890349496222,0.04713273602602874,0.98594148083944,0.775582433745699,70.95960235595703
scene-0922_CAM_FRONT_2fb8e56b_a2b34ea2,4,118443,20.924451945412315,0.05859008648324604,0.9906101436713681,0.7777952879993696,70.80174255371094
scene-0922_CAM_FRONT_d659884a_5e3a4619,0,112156,17.808687266974097,0.031115535361794455,0.9884826517479579,0.736670343813201,73.8954086303711
scene-0922_CAM_FRONT_d659884a_5e3a4619,1,111262,16.368553958722014,0.04372208286104717,0.9843786935623671,0.7314435426680325,76.30561065673828
scene-0922_CAM_FRONT_d659884a_5e3a4619,2,107400,17.022136505365108,0.04137215854305065,0.9814829406666141,0.7065243085651249,74.62726593017578
scene-0922_CAM_FRONT_d659884a_5e3a4619,3,102814,16.68818435414349,0.0442504431595907,0.9801565413810311,0.6761747169910435,76.00103759765625
scene-0922_CAM_FRONT_d659884a_5e3a4619,4,96238,17.103377904647434,0.042718650094125676,0.9798676227247656,0.6331324035405668,74.54158782958984
scene-0922_CAM_FRONT_8e2c9989_907f27be,0,99242,17.740041290399237,0.028553275835573544,0.9787316470989941,0.6562524623749113,73.5580062866211
scene-0922_CAM_FRONT_8e2c9989_907f27be,1,103255,17.324485085227273,0.03346994179079843,0.9738528616079637,0.6819071257846768,75.34239196777344
scene-0922_CAM_FRONT_8e2c9989_907f27be,2,96763,17.68577997852622,0.029184308796953662,0.9719157933443647,0.6379389593675308,74.37590026855469
scene-0922_CAM_FRONT_8e2c9989_907f27be,3,95535,18.32069499227391,0.02541846638568801,0.9706550573897512,0.629021879021879,73.72344207763672
scene-0922_CAM_FRONT_8e2c9989_907f27be,4,103269,19.25373611111111,0.032684704103022266,0.9737806319438973,0.6843891996953222,72.94906616210938
scene-0922_CAM_FRONT_90bf8cc6_b7cf1c23,0,95957,16.110076226128474,0.02430975417536896,0.9724017019935387,0.6335657815249652,72.93033599853516
scene-0922_CAM_FRONT_90bf8cc6_b7cf1c23,1,108547,15.901020068127966,0.0347728177203015,0.9707207207207207,0.7199130617497964,73.80542755126953
scene-0922_CAM_FRONT_90bf8cc6_b7cf1c23,2,110412,16.26414833918199,0.04362529805271498,0.9725724266540593,0.7306030520316235,74.5692367553711
scene-0922_CAM_FRONT_90bf8cc6_b7cf1c23,3,105024,16.004595479541155,0.06561206638221395,0.9776810338034828,0.6900690778241798,75.30657958984375
scene-0922_CAM_FRONT_90bf8cc6_b7cf1c23,4,94841,15.63426313920455,0.04921157083106564,0.9823299976361201,0.623013684238174,77.58096313476562
scene-0922_CAM_FRONT_b2bb80cb_c3ebdce9,0,95251,17.249737786229616,0.040305818772113255,0.9846413468862448,0.6269928820949229,74.95449829101562
scene-0922_CAM_FRONT_b2bb80cb_c3ebdce9,1,102829,17.136316475419385,0.051604604787542474,0.987379507787671,0.6761878496572374,73.03673553466797
scene-0922_CAM_FRONT_b2bb80cb_c3ebdce9,2,106386,16.103979114928254,0.05830489097050018,0.9858035878444041,0.702788065032963,74.40625
scene-0922_CAM_FRONT_b2bb80cb_c3ebdce9,3,108723,16.470048813410347,0.058137726778797916,0.9850944238699341,0.7195781787618523,74.13530731201172
scene-0922_CAM_FRONT_b2bb80cb_c3ebdce9,4,101530,16.970396150540278,0.062245194449447316,0.9816930633257164,0.6680455966170252,74.21464538574219
scene-0922_CAM_FRONT_85b3158e_af48d5a3,0,112783,17.41403038283659,0.025531665178743168,0.9805570876999449,0.7492908360255299,72.21656799316406
scene-0922_CAM_FRONT_85b3158e_af48d5a3,1,109673,18.240088486089938,0.03638619207724014,0.9818703543193339,0.7257111338743992,72.42315673828125
scene-0922_CAM_FRONT_85b3158e_af48d5a3,2,104602,18.54658442208098,0.03175124120782713,0.9862369658288026,0.6883815302182649,73.11539459228516
scene-0922_CAM_FRONT_85b3158e_af48d5a3,3,108654,18.712956957547167,0.030080080007352406,0.9925734772673548,0.7140164946287395,74.24017333984375
scene-0922_CAM_FRONT_85b3158e_af48d5a3,4,108585,18.689287463506457,0.03462423348003618,0.9975441914217424,0.7130381109972946,74.69969940185547
scene-0922_CAM_FRONT_5d168d27_b78891c5,0,108206,18.348888196443262,0.03683630728260434,0.9950621175110971,0.710595435085231,73.92565155029297
scene-0922_CAM_FRONT_5d168d27_b78891c5,1,114085,18.10734524989566,0.043151687530510685,0.9958041131510519,0.7492645706931421,72.89285278320312
scene-0922_CAM_FRONT_5d168d27_b78891c5,2,113605,17.463218688964844,0.03938628919652043,0.9973997320936097,0.7462703228009351,74.68299865722656
scene-0922_CAM_FRONT_5d168d27_b78891c5,3,114234,18.560337652663325,0.031601343691370465,0.9977805794132325,0.7507091639744701,72.48651123046875
scene-0922_CAM_FRONT_5d168d27_b78891c5,4,108306,19.243428130205444,0.03730389139667101,0.999271137026239,0.7115081553857064,72.49490356445312
scene-0923_CAM_FRONT_c07a4800_957eef00,0,96829,19.28776544401544,0.01862271345117472,0.9726512226512226,0.6409791715914165,73.7821273803711
scene-0923_CAM_FRONT_c07a4800_957eef00,1,98874,19.279367522259324,0.02019303112211257,0.9616394820476453,0.6524111575131983,73.7671890258789
scene-0923_CAM_FRONT_c07a4800_957eef00,2,95516,19.62325613839286,0.024040893805559627,0.9549746539542457,0.6332440312032149,72.1292495727539
scene-0923_CAM_FRONT_c07a4800_957eef00,3,84716,20.181027246900825,0.026137762608807735,0.9465828802563496,0.5670619599191028,70.48018646240234
scene-0923_CAM_FRONT_c07a4800_957eef00,4,88023,20.62766064406578,0.01714341679685072,0.9397079295038478,0.5870301788669136,70.49395751953125
scene-0923_CAM_FRONT_9b4c2d1a_2a376dea,0,92626,27.74854749548736,0.01385371910190658,0.945341843301027,0.6140703385601345,71.25487518310547
scene-0923_CAM_FRONT_9b4c2d1a_2a376dea,1,101949,27.526829701068806,0.01966255801916761,0.9519213090641662,0.67444120505345,72.54895782470703
scene-0923_CAM_FRONT_9b4c2d1a_2a376dea,2,100414,28.578885984647957,0.03738910417753716,0.954357418643133,0.660980222204712,71.41665649414062
scene-0923_CAM_FRONT_9b4c2d1a_2a376dea,3,106192,26.784906859038976,0.021000040308356338,0.9623158143566307,0.7040619336537703,71.65559387207031
scene-0923_CAM_FRONT_9b4c2d1a_2a376dea,4,96520,27.12909734712231,0.02076788530779794,0.9583628818322696,0.6363564730911669,69.355224609375
scene-0923_CAM_FRONT_f96b2fb0_58bb75a7,0,89846,21.83114098168262,0.02326486724879695,0.9546857352979802,0.5966170251884537,73.52957153320312
scene-0923_CAM_FRONT_f96b2fb0_58bb75a7,1,96725,22.21079161300708,0.02518323550700341,0.9478107845454784,0.6495022719512515,75.80500793457031
scene-0923_CAM_FRONT_f96b2fb0_58bb75a7,2,95136,22.490486428255743,0.027153990073584433,0.9417960234286765,0.6408675439287684,74.13436126708984
scene-0923_CAM_FRONT_f96b2fb0_58bb75a7,3,98421,22.731604193652856,0.03025684833650244,0.9280001575919943,0.6628122291387597,73.56716918945312
scene-0923_CAM_FRONT_f96b2fb0_58bb75a7,4,100921,21.475794811686296,0.04621919643535044,0.9269823759619678,0.683936122711633,76.26738739013672
scene-0923_CAM_FRONT_ff9eff43_90314f29,0,101964,20.124989963386433,0.028541176230843845,0.9265686969768603,0.698467417855173,79.0167465209961
scene-0923_CAM_FRONT_ff9eff43_90314f29,1,101256,21.41801746740363,0.03916700710672805,0.9088855619467865,0.7057232159272976,74.3427505493164
scene-0923_CAM_FRONT_ff9eff43_90314f29,2,100526,21.118267851751206,0.043135721963685425,0.9106650382160586,0.7002928584561238,74.96931457519531
scene-0923_CAM_FRONT_ff9eff43_90314f29,3,98801,21.342209864996747,0.02639291484130135,0.9359848186378799,0.6749993433666903,73.85867309570312
scene-0923_CAM_FRONT_ff9eff43_90314f29,4,94718,21.91562247712594,0.0365596758691924,0.9387229795393061,0.639836629632548,72.06159210205078
scene-0923_CAM_FRONT_84c5a3b5_02e64ee9,0,98151,21.151069916995397,0.02893395208511107,0.9459328132797521,0.662175294828356,75.9856185913086
scene-0923_CAM_FRONT_84c5a3b5_02e64ee9,1,97582,22.224766962102688,0.03218634926756958,0.9467207732513855,0.6695689858955165,74.17060852050781
scene-0923_CAM_FRONT_84c5a3b5_02e64ee9,2,93824,21.176982086347202,0.03916581956132026,0.9327607490872797,0.6302563496441047,75.15685272216797
scene-0923_CAM_FRONT_84c5a3b5_02e64ee9,3,97495,21.26201651324289,0.04422422565770878,0.956379849236992,0.6529430304940509,74.9583511352539
scene-0923_CAM_FRONT_84c5a3b5_02e64ee9,4,92455,23.718054860683498,0.04237241215127474,0.95326740734904,0.6157578861660494,71.82254028320312
scene-0923_CAM_FRONT_0bf7d8af_c217c812,0,102830,22.780932278530898,0.04670719969725301,0.9588093924828619,0.6819333911170646,73.14575958251953
scene-0923_CAM_FRONT_0bf7d8af_c217c812,1,105935,22.896589436163318,0.05328284162092922,0.9755666745462663,0.7012581094213747,72.786376953125
scene-0923_CAM_FRONT_0bf7d8af_c217c812,2,95740,23.12304911482225,0.04806950663680043,0.9757767972053686,0.635752370446248,72.34062957763672
scene-0923_CAM_FRONT_0bf7d8af_c217c812,3,93711,21.559235873287673,0.044531120441842376,0.9814107110025477,0.6200325690121609,76.62156677246094
scene-0923_CAM_FRONT_0bf7d8af_c217c812,4,90771,23.265159324363427,0.03292802579447729,0.9815420376644867,0.5975231791558322,71.99884033203125
scene-0923_CAM_FRONT_b6aec949_07562899,0,77567,28.537167565889984,0.03227401368592453,0.9733472539594988,0.5119901242350222,71.98372650146484
scene-0923_CAM_FRONT_b6aec949_07562899,1,88554,29.65246412152088,0.056313485544520425,0.9835579019252488,0.5824600110314396,69.00621795654297
scene-0923_CAM_FRONT_b6aec949_07562899,2,105104,29.424165984665756,0.05740563231344842,0.9793094844115252,0.6946392456596538,67.4930648803711
scene-0923_CAM_FRONT_b6aec949_07562899,3,100722,28.44872627148997,0.04289725061789729,0.9754813122160061,0.6649068893966853,70.95536041259766
scene-0923_CAM_FRONT_b6aec949_07562899,4,99840,26.887109096181295,0.04641864554632269,0.9732947232947233,0.6598245475796496,73.26992797851562
scene-0923_CAM_FRONT_9a72a012_ddabe094,0,89290,23.970749102518834,0.046747492199335605,0.9714627163606755,0.5893874924487169,72.54734802246094
scene-0923_CAM_FRONT_9a72a012_ddabe094,1,101290,20.83191342807425,0.03814627445253316,0.9723032069970845,0.669148740577312,76.23999786376953
scene-0923_CAM_FRONT_9a72a012_ddabe094,2,101547,21.01547347292191,0.052640086158201704,0.9688099177895096,0.6693128989047357,74.883544921875
scene-0923_CAM_FRONT_9a72a012_ddabe094,3,99220,21.54315750409501,0.031473765599288495,0.9805636540330418,0.6520434428597693,75.26102447509766
scene-0923_CAM_FRONT_9a72a012_ddabe094,4,106002,22.91624354503833,0.0370957508446097,0.9830457279436872,0.6982507288629738,74.13908386230469
scene-0924_CAM_FRONT_c201dea8_9ed40a1c,0,132401,18.58043970504552,0.04902288925896858,0.9576734168570903,0.8713983662963255,70.98379516601562
scene-0924_CAM_FRONT_c201dea8_9ed40a1c,1,130743,18.753489500398082,0.027943396801394016,0.9560909305807265,0.8616210963149739,72.81974029541016
scene-0924_CAM_FRONT_c201dea8_9ed40a1c,2,129065,18.24383982434351,0.030206200174422104,0.9555984555984556,0.8508391773697896,72.65804290771484
scene-0924_CAM_FRONT_c201dea8_9ed40a1c,3,125307,16.436145183084655,0.03101815895513793,0.9585204738265963,0.8263401885850865,77.55863952636719
scene-0924_CAM_FRONT_c201dea8_9ed40a1c,4,120814,16.800541739096083,0.038547820180098835,0.9555065269350984,0.7936989467601713,76.13074493408203
scene-0924_CAM_FRONT_de7e74c2_d9e3f634,0,128963,17.677383903371954,0.03221957320113633,0.9535234943398209,0.8566109841620045,75.1281967163086
scene-0924_CAM_FRONT_de7e74c2_d9e3f634,1,121573,17.72242086342131,0.04351662815539692,0.9514222677487983,0.8150986263231161,74.27326965332031
scene-0924_CAM_FRONT_de7e74c2_d9e3f634,2,106076,17.817159702715355,0.033473401394346514,0.9353084863288945,0.7197686024216636,74.74553680419922
scene-0924_CAM_FRONT_de7e74c2_d9e3f634,3,110708,18.357705288660863,0.032652989392570886,0.9418945184251307,0.7520618285924409,73.12409973144531
scene-0924_CAM_FRONT_de7e74c2_d9e3f634,4,113142,18.55546775604326,0.03773150500783218,0.9585401728258871,0.7560738581146744,73.56453704833984
scene-0924_CAM_FRONT_6f5980b6_093439cd,0,112588,16.386081584887506,0.047094764774540776,0.964200351955454,0.7459026081475061,74.32923889160156
scene-0924_CAM_FRONT_6f5980b6_093439cd,1,110005,16.85910966388665,0.034542473457544354,0.9637801066372494,0.7335053712604733,73.43035888671875
scene-0924_CAM_FRONT_6f5980b6_093439cd,2,109124,17.649778559220252,0.048853076353896574,0.9617314107110025,0.7301434087148373,72.5286636352539
scene-0924_CAM_FRONT_6f5980b6_093439cd,3,110836,17.836084122698303,0.0521758909077541,0.9575026921965697,0.7484503453891209,73.28475952148438
scene-0924_CAM_FRONT_6f5980b6_093439cd,4,113093,19.830343203580348,0.04943342793468419,0.9530113203582591,0.7649712394610354,68.45036315917969
scene-0924_CAM_FRONT_39eacd41_604687c1,0,109634,15.80911349744124,0.02718822303218893,0.9529325243610958,0.7343458618968823,69.04698944091797
scene-0924_CAM_FRONT_39eacd41_604687c1,1,110581,16.0817940408123,0.0375515010664178,0.9575289575289575,0.7443004228718515,69.42403411865234
scene-0924_CAM_FRONT_39eacd41_604687c1,2,102252,17.15357708108836,0.041743001683970604,0.9535628923384025,0.6889856328631839,66.16521453857422
scene-0924_CAM_FRONT_39eacd41_604687c1,3,93229,16.65465779730327,0.038078234818493595,0.9501155674625062,0.625180574160166,66.83000946044922
scene-0924_CAM_FRONT_39eacd41_604687c1,4,97314,17.558433219178088,0.03757488029577405,0.9566950332256454,0.6524242901793922,66.76475524902344
scene-0924_CAM_FRONT_77909180_dd3bfc47,0,104502,21.333549122884346,0.0240643735213808,0.9560580989152417,0.6972198145667533,67.20056915283203
scene-0924_CAM_FRONT_77909180_dd3bfc47,1,111329,23.346358449835524,0.04439844026884421,0.9463858902634413,0.743867044887453,64.97453308105469
scene-0924_CAM_FRONT_77909180_dd3bfc47,2,116367,21.916473063786373,0.042812750472505545,0.9407388438000683,0.7774210070128438,65.81961059570312
scene-0924_CAM_FRONT_77909180_dd3bfc47,3,112764,22.848413825757568,0.04514558482741493,0.9378365245712185,0.7487655293777743,64.18180084228516
scene-0924_CAM_FRONT_77909180_dd3bfc47,4,111667,23.243041272716106,0.04455731601972124,0.9394781078454548,0.737267880125023,64.18775177001953
scene-0924_CAM_FRONT_eb0ce46b_824c67e0,0,106182,19.012060029784422,0.045017768747624975,0.9251766343603078,0.7028931263625141,63.592952728271484
scene-0924_CAM_FRONT_eb0ce46b_824c67e0,1,107504,18.463058794373115,0.03495885362659479,0.9108817272082578,0.7154939195755522,65.22793579101562
scene-0924_CAM_FRONT_eb0ce46b_824c67e0,2,101830,18.64316457245431,0.04234154645444632,0.8850038084731963,0.6724056417933969,64.35108947753906
scene-0924_CAM_FRONT_eb0ce46b_824c67e0,3,94688,18.348748570505172,0.037283653532907524,0.8591193234050377,0.638516796680062,63.57395553588867
scene-0924_CAM_FRONT_eb0ce46b_824c67e0,4,96691,18.235250538793107,0.05695996894358846,0.8794158590076957,0.6471055603708665,63.63671875
scene-0924_CAM_FRONT_cef359e1_70780c59,0,88376,17.863420365391395,0.049844857239439655,0.8414952853728364,0.5994799464187219,62.784324645996094
scene-0924_CAM_FRONT_cef359e1_70780c59,1,94284,17.12889009734666,0.059605929445594175,0.8460194888766317,0.6388845113334909,65.05401611328125
scene-0924_CAM_FRONT_cef359e1_70780c59,2,92245,16.92391114373602,0.09319357633573722,0.8314684947338009,0.6264281774485856,65.38935089111328
scene-0924_CAM_FRONT_cef359e1_70780c59,3,103910,17.26098257211538,0.07457879805446832,0.8710700496414782,0.7152246999185775,64.64762115478516
scene-0924_CAM_FRONT_cef359e1_70780c59,4,107159,16.61470370822483,0.09240450449748572,0.8955230740945027,0.7341554382370709,65.96415710449219
scene-0924_CAM_FRONT_56ef03aa_00fa4bf2,0,111024,13.241034788466305,0.07256204534882871,0.9141977254222152,0.7498686733380611,67.56044006347656
scene-0924_CAM_FRONT_56ef03aa_00fa4bf2,1,112572,13.931073275479404,0.05146596882206422,0.9371601922622331,0.7625876605468442,65.57069396972656
scene-0924_CAM_FRONT_56ef03aa_00fa4bf2,2,112900,13.876723396200443,0.06323699026099772,0.9466222782549313,0.7599939589735508,64.60648345947266
scene-0924_CAM_FRONT_56ef03aa_00fa4bf2,3,107135,13.787676337987206,0.048651991791127,0.9392614188532555,0.7191513671105508,64.23262023925781
scene-0924_CAM_FRONT_56ef03aa_00fa4bf2,4,97362,13.69690839759199,0.03838407315066972,0.9287684185643369,0.6734562550889082,63.466190338134766
scene-0925_CAM_FRONT_e6fcfc5c_56b595dc,0,86140,10.770503642719897,0.022093620944728443,0.9596892811178526,0.57100175977727,75.87541961669922
scene-0925_CAM_FRONT_e6fcfc5c_56b595dc,1,85575,10.949563356164383,0.023228368774854236,0.9536548210017598,0.5670619599191028,75.64544677734375
scene-0925_CAM_FRONT_e6fcfc5c_56b595dc,2,80492,11.008403963583113,0.02007962253860862,0.9460838389409818,0.5349919890736218,75.50054168701172
scene-0925_CAM_FRONT_e6fcfc5c_56b595dc,3,79094,11.629105056164821,0.01786690701510052,0.941861686759646,0.5266330470412103,73.70603942871094
scene-0925_CAM_FRONT_e6fcfc5c_56b595dc,4,75545,11.71542663750723,0.019295504468288538,0.9382961678880046,0.5031518398865338,72.94642639160156
scene-0925_CAM_FRONT_50ae7fb9_28993b0f,0,88250,11.568670580385595,0.02035821570993246,0.9337653980511124,0.5961836472040554,73.65850830078125
scene-0925_CAM_FRONT_50ae7fb9_28993b0f,1,88322,11.212683383475671,0.019013007850290142,0.9308827778215534,0.5977398681480314,75.32192993164062
scene-0925_CAM_FRONT_50ae7fb9_28993b0f,2,84819,11.565504077188004,0.023931299990537003,0.9299175268563024,0.5712906784335355,74.21690368652344
scene-0925_CAM_FRONT_50ae7fb9_28993b0f,3,87793,11.407620173929663,0.018097384024100105,0.9324324324324325,0.5977267354818375,76.570556640625
scene-0925_CAM_FRONT_50ae7fb9_28993b0f,4,90159,11.817336059373316,0.01996509548650982,0.9350392666719197,0.6113190449925143,74.0162124633789
scene-0925_CAM_FRONT_204ed035_1745a8aa,0,70606,11.67574407122462,0.01411110982641417,0.935728731647099,0.467082972185013,74.77462768554688
scene-0925_CAM_FRONT_204ed035_1745a8aa,1,72189,11.848654959165767,0.01737970997626448,0.935846925642844,0.47661072150868067,73.49462890625
scene-0925_CAM_FRONT_204ed035_1745a8aa,2,69854,11.885901803198433,0.01860680239033008,0.9355317416541906,0.4611141753998897,73.69684600830078
scene-0925_CAM_FRONT_204ed035_1745a8aa,3,71867,12.2433411841299,0.009287709792976884,0.9361752422976912,0.4732224936306569,73.4030990600586
scene-0925_CAM_FRONT_204ed035_1745a8aa,4,72551,11.902403229019122,0.015043167678077562,0.9462873952669871,0.4764925275129357,73.73248291015625
scene-0925_CAM_FRONT_5d09f3c4_03479e99,0,81460,10.128717694963727,0.022629740961731093,0.9437659233577601,0.5387479316050745,72.21448516845703
scene-0925_CAM_FRONT_5d09f3c4_03479e99,1,83208,10.192386795218187,0.02169620288853502,0.943417907703622,0.5503637748535708,70.4588394165039
scene-0925_CAM_FRONT_5d09f3c4_03479e99,2,82207,10.055256749406649,0.02520166887667097,0.9432603157092952,0.5435807527644262,70.91044616699219
scene-0925_CAM_FRONT_5d09f3c4_03479e99,3,83586,10.252955264136904,0.027844533959116458,0.9435886323641426,0.5541656817167021,70.15277862548828
scene-0925_CAM_FRONT_5d09f3c4_03479e99,4,83903,10.490263413752752,0.043340435727412085,0.9433982087043311,0.5540737530533449,71.164794921875
scene-0925_CAM_FRONT_66725604_e6b2fa45,0,91487,11.838751022694932,0.028028018205140448,0.9434967037007853,0.6161256008194784,71.67832946777344
scene-0925_CAM_FRONT_66725604_e6b2fa45,1,92379,11.487947671720299,0.02501939697843003,0.942931999054448,0.6230924802353374,72.88993835449219
scene-0925_CAM_FRONT_66725604_e6b2fa45,2,87400,11.502044740657212,0.023826504970025475,0.9384471935492343,0.5909765450581778,72.84660339355469
scene-0925_CAM_FRONT_66725604_e6b2fa45,3,84521,12.175592860255664,0.024138334746249157,0.9406994458014866,0.5724463530585979,71.02227783203125
scene-0925_CAM_FRONT_66725604_e6b2fa45,4,78336,13.100416462017028,0.026949830417667187,0.9404433588107057,0.5276573950043337,70.68122100830078
scene-0925_CAM_FRONT_bbe84595_dd673198,0,88144,17.434081384519864,0.03030232612229833,0.9359322879731043,0.6009639376986315,68.92923736572266
scene-0925_CAM_FRONT_bbe84595_dd673198,1,88136,17.1894662234538,0.03617666865635205,0.9385062905471069,0.5959538255456622,68.94427490234375
scene-0925_CAM_FRONT_bbe84595_dd673198,2,92568,17.092942356418924,0.0339204603310852,0.959144275470806,0.6152325795182938,71.00724029541016
scene-0925_CAM_FRONT_bbe84595_dd673198,3,92479,16.602118758530477,0.02876274921731481,0.9809379350195677,0.6082000367714654,76.31546020507812
scene-0925_CAM_FRONT_bbe84595_dd673198,4,90446,17.649162975297468,0.0389041838270312,0.9662884458802826,0.5945157985974312,71.46940612792969
scene-0925_CAM_FRONT_0dd58808_a7d435d5,0,122436,19.34217331529329,0.038579847896447195,0.9858035878444041,0.8092414572006409,69.46174621582031
scene-0925_CAM_FRONT_0dd58808_a7d435d5,1,129764,19.10829829918931,0.053282388205072584,0.9983912483912484,0.8532884196149503,69.85404205322266
scene-0925_CAM_FRONT_0dd58808_a7d435d5,2,129452,18.801118719225606,0.03672979557896561,0.9999868673338062,0.8503992330522943,70.41722869873047
scene-0925_CAM_FRONT_0dd58808_a7d435d5,3,122550,19.74484839643845,0.04038947639186241,0.9999803010007091,0.8053279226748614,69.56098175048828
scene-0925_CAM_FRONT_0dd58808_a7d435d5,4,120206,20.322437764830504,0.03995832025624768,0.999888372337352,0.7900480655582697,70.021240234375
scene-0925_CAM_FRONT_be34a4c9_2bdb1731,0,112408,18.050586715637454,0.06423554510634455,0.9978725080765897,0.7387321724056418,69.24409484863281
scene-0925_CAM_FRONT_be34a4c9_2bdb1731,1,117458,17.87589343729695,0.04997775321126441,0.9961783941375778,0.7717148635515982,68.78203582763672
scene-0925_CAM_FRONT_be34a4c9_2bdb1731,2,115480,17.878914248054876,0.07233701725093677,0.9945302445302445,0.7599873926404539,68.98143005371094
scene-0925_CAM_FRONT_be34a4c9_2bdb1731,3,113130,16.935213645384824,0.05364129501976356,0.9919759409555328,0.7434730649016363,69.07465362548828
scene-0925_CAM_FRONT_be34a4c9_2bdb1731,4,109418,16.55892937052506,0.10280761438356856,0.9876618601108397,0.7184750348015654,71.52449035644531
scene-0926_CAM_FRONT_45eda670_78989332,0,78678,14.940217742829686,0.010861243939637166,0.7690292333149475,0.5380256349644105,70.56433868408203
scene-0926_CAM_FRONT_45eda670_78989332,1,77328,14.300577658095902,0.011624695890505965,0.7705066582617603,0.5313148425393324,72.42829895019531
scene-0926_CAM_FRONT_45eda670_78989332,2,75821,14.507724935885255,0.009524263762750174,0.7667835473957922,0.5200076169463924,71.23674011230469
scene-0926_CAM_FRONT_45eda670_78989332,3,74977,14.784786303246483,0.01395312667699855,0.771018832243322,0.5104995666220156,70.02407836914062
scene-0926_CAM_FRONT_45eda670_78989332,4,81532,13.397391683266932,0.03173014046650913,0.7855369947206682,0.556463898300633,72.76069641113281
scene-0926_CAM_FRONT_7c4bfd7a_d11e40fe,0,99100,13.519029347170063,0.06595386929206248,0.7995167178840649,0.6599493079084916,72.48040008544922
scene-0926_CAM_FRONT_7c4bfd7a_d11e40fe,1,107069,14.365115375209617,0.027877358205881997,0.8201809681401518,0.7307934756914348,70.80805206298828
scene-0926_CAM_FRONT_7c4bfd7a_d11e40fe,2,110396,14.438339409722222,0.04192329213677182,0.8181848028786805,0.7849394584088462,71.66915893554688
scene-0926_CAM_FRONT_7c4bfd7a_d11e40fe,3,102175,14.201801634472508,0.04593943580283888,0.8071993276074909,0.7499540356683214,72.74201202392578
scene-0926_CAM_FRONT_7c4bfd7a_d11e40fe,4,88726,14.398023762783053,0.029849034983457257,0.8354017282588712,0.6053962125390697,73.32524871826172
scene-0926_CAM_FRONT_8a05f7a2_26d153ce,0,91399,18.951978863856585,0.04296929913858749,0.8598481863787987,0.6112468153284479,76.30500030517578
scene-0926_CAM_FRONT_8a05f7a2_26d153ce,1,97774,18.557634961648468,0.053388115419229054,0.8682924907414703,0.6468757387124734,76.4278335571289
scene-0926_CAM_FRONT_8a05f7a2_26d153ce,2,103522,19.18820142778344,0.051817205016101875,0.8949255377826807,0.6923081974102382,74.41216278076172
scene-0926_CAM_FRONT_8a05f7a2_26d153ce,3,105877,19.510696066478435,0.037759181435053524,0.909542195256481,0.7078769731830956,73.32134246826172
scene-0926_CAM_FRONT_8a05f7a2_26d153ce,4,104840,19.160284875253296,0.03752674623031993,0.9084915819609697,0.7110485120689203,73.11778259277344
scene-0926_CAM_FRONT_91a161db_1998255a,0,110271,19.99496192065685,0.01999435678410144,0.903179418485541,0.7413981036430016,71.40665435791016
scene-0926_CAM_FRONT_91a161db_1998255a,1,107963,19.836466550364083,0.02281037242059325,0.8977293620150762,0.7161571192183437,70.99505615234375
scene-0926_CAM_FRONT_91a161db_1998255a,2,99341,20.345238947201018,0.030983304754558016,0.8948467417855173,0.6547750374280986,70.85971069335938
scene-0926_CAM_FRONT_91a161db_1998255a,3,90957,18.855070002362943,0.026909970158560448,0.8779187350615922,0.5994668137525281,73.7281494140625
scene-0926_CAM_FRONT_91a161db_1998255a,4,89559,19.519698293585524,0.020996161642987676,0.8752462374911355,0.5918826990255561,72.20266723632812
scene-0926_CAM_FRONT_cc8d4c54_6742957c,0,87770,18.562140804597696,0.0161710485917701,0.864011241562262,0.5861699892312138,74.5210952758789
scene-0926_CAM_FRONT_cc8d4c54_6742957c,1,96411,20.505999532137324,0.022123316022807593,0.8659154781603762,0.6456281354240538,72.28298950195312
scene-0926_CAM_FRONT_cc8d4c54_6742957c,2,95935,19.862418831168835,0.021118657935553564,0.8625075512830614,0.641268090247682,72.5962905883789
scene-0926_CAM_FRONT_cc8d4c54_6742957c,3,90460,19.701221558790277,0.01851281658620474,0.8504451973839728,0.6061053765135398,72.49443054199219
scene-0926_CAM_FRONT_cc8d4c54_6742957c,4,88431,19.55321693867096,0.01752202136423664,0.8507078507078507,0.594430436267171,72.8115234375
scene-0926_CAM_FRONT_e1f394c2_b703e37c,0,84510,16.71124005611741,0.020877921127297583,0.8489415071047725,0.5691303548446406,74.7323989868164
scene-0926_CAM_FRONT_e1f394c2_b703e37c,1,86184,17.626032614187544,0.02062921255293282,0.8599795130407375,0.5875423528484753,72.85406494140625
scene-0926_CAM_FRONT_e1f394c2_b703e37c,2,86850,17.592166107161663,0.015649796507058333,0.8710175189767027,0.5893546607832322,73.32461547851562
scene-0926_CAM_FRONT_e1f394c2_b703e37c,3,83921,17.768970181482924,0.013953792840613044,0.8687193023927717,0.571842250413679,72.674560546875
scene-0926_CAM_FRONT_e1f394c2_b703e37c,4,79797,17.10422199598678,0.017298653673942344,0.8626717096104851,0.5369027920048328,72.96137237548828
scene-0926_CAM_FRONT_e31dad83_70308748,0,80576,15.249996919361202,0.01435269509378867,0.8661256008194784,0.5398970398970399,74.31074523925781
scene-0926_CAM_FRONT_e31dad83_70308748,1,80594,15.863445954848917,0.0207794602412803,0.8695926246946655,0.535431933391117,74.28141784667969
scene-0926_CAM_FRONT_e31dad83_70308748,2,81106,15.99236505681818,0.020010783618197525,0.8733813988916029,0.537841777637696,73.9169692993164
scene-0926_CAM_FRONT_e31dad83_70308748,3,84076,16.55483016304348,0.024702825631126357,0.887190397394479,0.5550915346833715,73.55393981933594
scene-0926_CAM_FRONT_e31dad83_70308748,4,81219,15.879569645398478,0.028694594238181992,0.8919247235573766,0.5359441073726788,74.13446044921875
scene-0926_CAM_FRONT_7f10e68a_76e95a17,0,81395,17.50659064851834,0.018543944812640767,0.8942360728075014,0.535917842040291,73.66680145263672
scene-0926_CAM_FRONT_7f10e68a_76e95a17,1,81921,17.73302721824024,0.016537397581789293,0.8932839545084443,0.5392469729204423,74.12931823730469
scene-0926_CAM_FRONT_7f10e68a_76e95a17,2,81653,17.05544080706121,0.018234495758156388,0.8910120032569012,0.5362658576944291,75.84873962402344
scene-0926_CAM_FRONT_7f10e68a_76e95a17,3,77239,17.11167950496495,0.01627935624226584,0.886704488745305,0.5071770020749613,74.39016723632812
scene-0926_CAM_FRONT_7f10e68a_76e95a17,4,80810,17.564071229050278,0.02678961562696225,0.8812741312741312,0.5306253775641531,72.90283966064453
scene-0927_CAM_FRONT_5d785cd9_f4e02ed6,0,99684,16.548478734387594,0.03355300298984876,0.8775247550757754,0.6670540803193864,76.43373107910156
scene-0927_CAM_FRONT_5d785cd9_f4e02ed6,1,99619,16.258902707808563,0.026536904081291723,0.8782404853833425,0.6641780264229243,77.62455749511719
scene-0927_CAM_FRONT_5d785cd9_f4e02ed6,2,99656,16.813620827414773,0.0271113716381699,0.8807816562918603,0.6635476584456176,75.81196594238281
scene-0927_CAM_FRONT_5d785cd9_f4e02ed6,3,101581,17.793907327055635,0.03837241172074224,0.8755482888135949,0.6736138470832348,75.47348022460938
scene-0927_CAM_FRONT_5d785cd9_f4e02ed6,4,95523,17.01161015023524,0.025870912034887894,0.8652719775168755,0.6318125705880808,76.52645874023438
scene-0927_CAM_FRONT_3a9bf178_34f1c80e,0,95979,17.7417676951198,0.024895090723902946,0.8532555879494655,0.6390749349933024,77.53876495361328
scene-0927_CAM_FRONT_3a9bf178_34f1c80e,1,93365,18.161525885706826,0.01753406250216294,0.8469125101778163,0.6242350221942059,76.79965209960938
scene-0927_CAM_FRONT_3a9bf178_34f1c80e,2,93065,16.710662697710106,0.024239188483423213,0.8620085099676936,0.6198684106847372,80.15365600585938
scene-0927_CAM_FRONT_3a9bf178_34f1c80e,3,91108,17.060157775878906,0.02448018171473132,0.8799017676568697,0.6102487326977123,78.55158996582031
scene-0927_CAM_FRONT_3a9bf178_34f1c80e,4,96935,17.638430519249052,0.023837783907733723,0.9045386494366087,0.6539542457909805,77.36865997314453
scene-0927_CAM_FRONT_39685006_f6c8351e,0,105928,18.485624274380807,0.03968315089568386,0.9016625955401466,0.7168400178604261,75.25146484375
scene-0927_CAM_FRONT_39685006_f6c8351e,1,108406,19.136651566339072,0.040146566854261545,0.8896790376382213,0.7507813936385365,73.78712463378906
scene-0927_CAM_FRONT_39685006_f6c8351e,2,108774,17.930909863945576,0.046079252438994134,0.8809589472854779,0.7431250492474982,76.25395202636719
scene-0927_CAM_FRONT_39685006_f6c8351e,3,106518,18.9517099430019,0.03431363721919167,0.8753775641530743,0.7256586032096236,74.42646026611328
scene-0927_CAM_FRONT_39685006_f6c8351e,4,102513,18.014952256944447,0.036604729034958705,0.8811099729467077,0.6923147637433352,75.00236511230469
scene-0927_CAM_FRONT_ceb32049_c485bc17,0,101974,17.333440954506802,0.04216706749845023,0.87818138838547,0.6744149397210621,76.63961029052734
scene-0927_CAM_FRONT_ceb32049_c485bc17,1,100560,18.17958353784904,0.03450505771267287,0.8773934284138366,0.6647624300685525,76.0140609741211
scene-0927_CAM_FRONT_ceb32049_c485bc17,2,96614,18.12908509036145,0.03569609781014149,0.8790284453549759,0.6375055813831324,74.79855346679688
scene-0927_CAM_FRONT_ceb32049_c485bc17,3,95608,19.070917734842816,0.028113363845643002,0.8850432064717779,0.631549917264203,72.34259796142578
scene-0927_CAM_FRONT_ceb32049_c485bc17,4,91890,19.130235849056604,0.02431471690049203,0.8820555249126678,0.6085414860925065,71.712158203125
scene-0927_CAM_FRONT_4ef4a5d9_0d9c4c2d,0,85153,18.616144829155953,0.029581419321683455,0.888759751004649,0.5602132744989888,70.39149475097656
scene-0927_CAM_FRONT_4ef4a5d9_0d9c4c2d,1,81404,17.442732476822247,0.016841137628088587,0.8911367635857432,0.5378811756362777,72.6487808227539
scene-0927_CAM_FRONT_4ef4a5d9_0d9c4c2d,2,78547,17.64369139114463,0.0179914757043127,0.8920757492186063,0.5184448296693195,72.17375946044922
scene-0927_CAM_FRONT_4ef4a5d9_0d9c4c2d,3,74649,17.339821837602837,0.019539120450898118,0.902332361516035,0.49613899613899615,71.19161224365234
scene-0927_CAM_FRONT_4ef4a5d9_0d9c4c2d,4,72027,18.607614412189164,0.020640166019660455,0.8986814803141334,0.47842959577653454,69.4124984741211
scene-0927_CAM_FRONT_b010e143_486730ca,0,92631,19.23033507604563,0.042425305673828184,0.9060160743834214,0.6128686996033935,71.85679626464844
scene-0927_CAM_FRONT_b010e143_486730ca,1,91244,18.43132179868252,0.05386193180424703,0.901367110550784,0.6061907388438,72.80474853515625
scene-0927_CAM_FRONT_b010e143_486730ca,2,84525,17.888758397801304,0.031230365280098926,0.878667297034644,0.565236519318152,70.32193756103516
scene-0927_CAM_FRONT_b010e143_486730ca,3,88976,18.023596333221626,0.024174106342563118,0.9187219289260106,0.5921387860163371,70.42880249023438
scene-0927_CAM_FRONT_b010e143_486730ca,4,93266,18.57796971621024,0.020757764371160947,0.9360176503033646,0.6228757912431382,70.58675384521484
scene-0927_CAM_FRONT_699b319a_0c6c611c,0,105243,19.709765296191076,0.03824915327028844,0.9125167441493972,0.7053883329393533,72.02417755126953
scene-0927_CAM_FRONT_699b319a_0c6c611c,1,105625,21.122117804901215,0.035314918496870185,0.9109867885378089,0.7104312767578074,69.86954498291016
scene-0927_CAM_FRONT_699b319a_0c6c611c,2,103173,20.464234934656343,0.023628273534246347,0.8975061066897801,0.6969440285766816,70.9850082397461
scene-0927_CAM_FRONT_699b319a_0c6c611c,3,98381,19.10554691725257,0.015419440109718074,0.8869737084022798,0.6636527197751687,74.01327514648438
scene-0927_CAM_FRONT_699b319a_0c6c611c,4,95631,20.603626418152352,0.02029274821077154,0.8913928505765241,0.6354765844561763,72.74382781982422
scene-0927_CAM_FRONT_3ca673f7_89897ce7,0,103844,21.541325952706057,0.03019064760038659,0.9050245580857825,0.6903448638142515,71.7323989868164
scene-0927_CAM_FRONT_3ca673f7_89897ce7,1,106239,20.577811164529916,0.042568921847311536,0.9043876237753788,0.7099388017755365,73.42137145996094
scene-0927_CAM_FRONT_3ca673f7_89897ce7,2,107539,20.316852549769184,0.046197922386860935,0.908333989966643,0.7211081343734405,73.0765609741211
scene-0927_CAM_FRONT_3ca673f7_89897ce7,3,103921,20.558882662107397,0.04756402682472505,0.9147755627347464,0.691264150447824,73.6160888671875
scene-0927_CAM_FRONT_3ca673f7_89897ce7,4,109730,20.448378164556964,0.06844480194159663,0.9150841803903028,0.7333609119323405,73.6336898803711
scene-0928_CAM_FRONT_fd091598_44bce708,0,118543,18.78007849808978,0.07225008042698544,0.9018858508654427,0.816195203950306,73.8426284790039
scene-0928_CAM_FRONT_fd091598_44bce708,1,117491,19.216432163697785,0.05614120049447857,0.9018136212013763,0.8212841121004386,71.56149291992188
scene-0928_CAM_FRONT_fd091598_44bce708,2,113552,18.827477340367963,0.04900645946297688,0.8891537309904657,0.8015128831455363,72.74594116210938
scene-0928_CAM_FRONT_fd091598_44bce708,3,96435,18.40335770003829,0.037152828104205504,0.8585808840910881,0.6947246079899141,74.60751342773438
scene-0928_CAM_FRONT_fd091598_44bce708,4,92869,19.321289062499996,0.04624218432214011,0.8287106348330838,0.6716833451527329,73.0825424194336
scene-0928_CAM_FRONT_bd2e11f5_25d279c8,0,97475,20.186450748381876,0.0239217099794371,0.8109224384734589,0.7073057022036614,70.87852478027344
scene-0928_CAM_FRONT_bd2e11f5_25d279c8,1,99016,21.440435965809463,0.031052283997298202,0.8108370761431986,0.7029390906941927,69.11597442626953
scene-0928_CAM_FRONT_bd2e11f5_25d279c8,2,100605,21.49514897096363,0.01840572076595537,0.8246001103143961,0.6967470385837733,70.94562530517578
scene-0928_CAM_FRONT_bd2e11f5_25d279c8,3,97313,21.523612490968205,0.03186388159868292,0.8256310246106164,0.6710135791768445,71.98233032226562
scene-0928_CAM_FRONT_bd2e11f5_25d279c8,4,96201,23.112084617077464,0.04095190158297379,0.8467811835158774,0.6560620387150999,69.01067352294922
scene-0928_CAM_FRONT_7723b0a5_0cb0b2de,0,105990,20.211959821428575,0.03949415453615157,0.8699734720142883,0.7220930843379822,69.50828552246094
scene-0928_CAM_FRONT_7723b0a5_0cb0b2de,1,103423,20.84535845588235,0.027396941635510874,0.8739526698710373,0.7158156698973025,68.2422866821289
scene-0928_CAM_FRONT_7723b0a5_0cb0b2de,2,97208,21.89154312120555,0.02325784349238802,0.8902831402831403,0.670718094187482,67.88977813720703
scene-0928_CAM_FRONT_7723b0a5_0cb0b2de,3,100140,22.71930229755784,0.02389373519433402,0.8977424946812702,0.6884274945499436,66.88673400878906
scene-0928_CAM_FRONT_7723b0a5_0cb0b2de,4,104041,21.020429551393725,0.042177833536555465,0.9044204554408636,0.7117314107110025,69.39647674560547
scene-0928_CAM_FRONT_8dffb9bb_4b1b6413,0,95764,15.701750779085874,0.04227141921132782,0.9081960969716072,0.6402831402831403,71.60420227050781
scene-0928_CAM_FRONT_8dffb9bb_4b1b6413,1,100857,15.27433693105756,0.045558647540316244,0.9059504110524519,0.6730228771045098,71.90387725830078
scene-0928_CAM_FRONT_8dffb9bb_4b1b6413,2,100660,15.436731038489038,0.05380193795213284,0.8965211567252384,0.6758989310009719,71.28522491455078
scene-0928_CAM_FRONT_8dffb9bb_4b1b6413,3,102343,16.19504005013078,0.053926167911666045,0.8997714916082263,0.6886507498752397,69.175537109375
scene-0928_CAM_FRONT_8dffb9bb_4b1b6413,4,102288,15.984888754461835,0.07225699201020142,0.9025030861765556,0.6807842828250992,70.39462280273438
scene-0928_CAM_FRONT_718a63b0_b1e7b23a,0,79737,14.529952873836718,0.0451203900424364,0.8966459170540804,0.5254970714154388,69.15008544921875
scene-0928_CAM_FRONT_718a63b0_b1e7b23a,1,79722,14.680582742262338,0.055793010238840424,0.891872192892601,0.529548498936254,68.87945556640625
scene-0928_CAM_FRONT_718a63b0_b1e7b23a,2,84667,14.839825589074387,0.033674808168879355,0.9266146613085389,0.5633782470517165,67.81305694580078
scene-0928_CAM_FRONT_718a63b0_b1e7b23a,3,86480,14.375433364532396,0.021309978389487894,0.9403842618128332,0.5779029758621596,70.60784149169922
scene-0928_CAM_FRONT_718a63b0_b1e7b23a,4,78847,13.843878808243732,0.03094643375960926,0.9567212985580332,0.5247616421085809,69.89659118652344
scene-0928_CAM_FRONT_baf7925d_c3dcf31b,0,82988,15.280745817613186,0.028154981830754267,0.9463267932655688,0.5483741759251963,73.58495330810547
scene-0928_CAM_FRONT_baf7925d_c3dcf31b,1,82694,14.878533063616075,0.02741888166498785,0.9672865285110183,0.5500485908649174,74.08394622802734
scene-0928_CAM_FRONT_baf7925d_c3dcf31b,2,86818,15.434394823731278,0.0292799562626449,0.9657368739001392,0.5786778031675991,73.93950653076172
scene-0928_CAM_FRONT_baf7925d_c3dcf31b,3,86287,15.988387418890797,0.024037095111185902,0.9594069287946839,0.5765765765765766,73.04290008544922
scene-0928_CAM_FRONT_baf7925d_c3dcf31b,4,88518,16.397505364806864,0.022437716381787487,0.9555984555984556,0.5914558873742547,71.78742980957031
scene-0928_CAM_FRONT_20a96478_8a383a92,0,102768,16.464150409016003,0.02853833481068646,0.9541998266488062,0.695827751950201,72.3595199584961
scene-0928_CAM_FRONT_20a96478_8a383a92,1,108279,17.38709315450797,0.027662009157768175,0.9571678092086255,0.7332624169358863,70.06121826171875
scene-0928_CAM_FRONT_20a96478_8a383a92,2,109700,17.75987914493294,0.03479151752502441,0.9695190817639797,0.738469519081764,69.1535873413086
scene-0928_CAM_FRONT_20a96478_8a383a92,3,109830,17.997490548430324,0.03966124286484418,0.9822971659706353,0.7294933417382397,69.54928588867188
scene-0928_CAM_FRONT_20a96478_8a383a92,4,106892,17.51706171528803,0.04545469930553292,0.9822709006382476,0.7059005069209151,70.76509857177734
scene-0928_CAM_FRONT_512e7eaa_7e06e46c,0,114548,17.56957228767796,0.048217934037183774,0.9814041446694508,0.7591797336695296,69.76587677001953
scene-0928_CAM_FRONT_512e7eaa_7e06e46c,1,124690,17.3960375208532,0.040847271994764345,0.9773461508155386,0.827482730543955,70.00241088867188
scene-0928_CAM_FRONT_512e7eaa_7e06e46c,2,119868,17.27141838439233,0.03688778832104589,0.9681992488114937,0.7976912772831141,71.69639587402344
scene-0928_CAM_FRONT_512e7eaa_7e06e46c,3,117022,17.918936023700063,0.03529393638458389,0.9566622015601608,0.7809274288866126,69.97949981689453
scene-0928_CAM_FRONT_512e7eaa_7e06e46c,4,111822,18.06123218201754,0.03395945353970187,0.9436017650303364,0.7490938460326215,69.12142181396484
scene-0929_CAM_FRONT_dad9942e_b34fc5bc,0,104382,16.674861574635923,0.02899188876886405,0.9219656974759015,0.7143776429490715,71.96012878417969
scene-0929_CAM_FRONT_dad9942e_b34fc5bc,1,102814,17.014782103122666,0.03248930467528699,0.9129829537992803,0.7033133716807186,70.6354751586914
scene-0929_CAM_FRONT_dad9942e_b34fc5bc,2,98641,15.844528532972173,0.03823952943936115,0.9050179917526856,0.6765818296430541,71.22916412353516
scene-0929_CAM_FRONT_dad9942e_b34fc5bc,3,85852,16.340263444767444,0.050455976025594707,0.8960418144091613,0.5866887295458724,69.79251861572266
scene-0929_CAM_FRONT_dad9942e_b34fc5bc,4,85822,15.789028702755004,0.03578006723223548,0.8840122921755574,0.5849946156068605,70.39364624023438
scene-0929_CAM_FRONT_cd553502_b5e8f960,0,77504,16.54046110296222,0.040472464746360126,0.8642410632206551,0.5336327581225541,70.80681610107422
scene-0929_CAM_FRONT_cd553502_b5e8f960,1,86033,17.15749051910954,0.028879810175709064,0.8524282299792504,0.5885601344785019,70.13172912597656
scene-0929_CAM_FRONT_cd553502_b5e8f960,2,90559,16.09434786113499,0.026655906279622332,0.8431237359808789,0.6115423003178105,74.31599426269531
scene-0929_CAM_FRONT_cd553502_b5e8f960,3,80303,17.165825936970634,0.025955826732797505,0.8032463950831298,0.5481903185984819,71.1449203491211
scene-0929_CAM_FRONT_cd553502_b5e8f960,4,77830,16.368263432017542,0.026035204683195534,0.7805400152338928,0.5277427573345941,74.73792266845703
scene-0929_CAM_FRONT_5220c913_0f77ffe5,0,81819,17.25245812655087,0.02676276424897095,0.7657723320988628,0.562110944764006,74.70698547363281
scene-0929_CAM_FRONT_5220c913_0f77ffe5,1,83947,16.946072048611107,0.027314709286074823,0.7617603025766291,0.5828342920179654,76.13583374023438
scene-0929_CAM_FRONT_5220c913_0f77ffe5,2,85461,17.54721510460693,0.026157446865393563,0.7609526436057048,0.5980156541381031,73.67684936523438
scene-0929_CAM_FRONT_5220c913_0f77ffe5,3,80026,17.87157626208378,0.0271236968268318,0.7509980826307356,0.5569826386152916,72.03219604492188
scene-0929_CAM_FRONT_5220c913_0f77ffe5,4,72481,17.65088549475262,0.022645369867190013,0.733656396921703,0.4922845586110892,73.47976684570312
scene-0929_CAM_FRONT_0305c100_cbaaec20,0,72578,17.859623035657304,0.038787839899489196,0.7522259869198644,0.4823299976361201,71.18673706054688
scene-0929_CAM_FRONT_0305c100_cbaaec20,1,70457,17.845894807156135,0.024594318793385916,0.7315289049982927,0.4663475428781551,72.06890869140625
scene-0929_CAM_FRONT_0305c100_cbaaec20,2,72706,17.207897082052593,0.020534474264563007,0.7471305124366349,0.4847201428834082,73.29393005371094
scene-0929_CAM_FRONT_0305c100_cbaaec20,3,71635,17.482469271359964,0.020562596499069663,0.7448060305203162,0.48049799070207233,72.2580795288086
scene-0929_CAM_FRONT_0305c100_cbaaec20,4,73958,17.271568380376344,0.019540925868279935,0.7630998345284059,0.4989953510361674,72.03298950195312
scene-0929_CAM_FRONT_15606151_a84326b4,0,74631,15.716122557030411,0.012952863818103122,0.7530533448900796,0.5062774144406798,71.15601348876953
scene-0929_CAM_FRONT_15606151_a84326b4,1,83268,16.59849198744946,0.0289016168220535,0.7934231607700996,0.5692354161741917,69.81077575683594
scene-0929_CAM_FRONT_15606151_a84326b4,2,71621,16.20571459641103,0.02190313537874644,0.7629094108685945,0.4903803220129751,69.36371612548828
scene-0929_CAM_FRONT_15606151_a84326b4,3,71663,16.25220299173774,0.021988217443015046,0.7699682189478108,0.49168045596617027,68.23871612548828
scene-0929_CAM_FRONT_15606151_a84326b4,4,70156,16.462715955284555,0.035468225447010004,0.7712092559031335,0.4834659732618916,67.62255859375
scene-0929_CAM_FRONT_fc03376a_353a0ef8,0,60815,12.846097064703,0.02953658916689328,0.7780251096577627,0.40473563942951696,68.4312973022461
scene-0929_CAM_FRONT_fc03376a_353a0ef8,1,66065,13.076080630523991,0.03406497375538686,0.7808223675570615,0.43871641320620913,68.41205596923828
scene-0929_CAM_FRONT_fc03376a_353a0ef8,2,59106,12.618689903846153,0.0233521910030845,0.7737504268116513,0.39262732119874977,68.97891998291016
scene-0929_CAM_FRONT_fc03376a_353a0ef8,3,56460,12.418958071608039,0.02803237969876582,0.7628174822052373,0.3766908307724634,69.11056518554688
scene-0929_CAM_FRONT_fc03376a_353a0ef8,4,55824,12.317547028734348,0.036650797064952556,0.7607622199458934,0.3736046542168991,68.35424041748047
scene-0929_CAM_FRONT_14365b25_b7859e2f,0,74718,15.07667803697183,0.023314123460906444,0.7715310062248838,0.5214719092270113,69.06144714355469
scene-0929_CAM_FRONT_14365b25_b7859e2f,1,74408,14.73034809910974,0.02364603218152128,0.7715244398917869,0.521622934888241,68.59585571289062
scene-0929_CAM_FRONT_14365b25_b7859e2f,2,70850,14.0476601340554,0.03313204002264736,0.7756283980773777,0.49472723452315287,69.27845001220703
scene-0929_CAM_FRONT_14365b25_b7859e2f,3,71035,13.682886436679428,0.028466691438085334,0.775352612087306,0.49789220707588056,69.7432861328125
scene-0929_CAM_FRONT_14365b25_b7859e2f,4,66698,12.80214180424528,0.032209059917112315,0.7551020408163265,0.47195519134294645,71.28597259521484
scene-0929_CAM_FRONT_c875925c_402da35d,0,75616,15.455140876004016,0.028770315800306312,0.7851364484017546,0.5279528799936963,70.80360412597656
scene-0929_CAM_FRONT_c875925c_402da35d,1,79091,15.75317548894558,0.022179856512179352,0.8065361279646994,0.5557022036613873,70.38548278808594
scene-0929_CAM_FRONT_c875925c_402da35d,2,79066,14.969447014996204,0.026628121272626926,0.8071008326110367,0.5539095947259213,71.72627258300781
scene-0929_CAM_FRONT_c875925c_402da35d,3,76669,15.507909571482033,0.022341339803566562,0.8110603314684948,0.5296075959341265,69.69097137451172
scene-0929_CAM_FRONT_c875925c_402da35d,4,75352,15.561333626760565,0.029755506254284025,0.8168321382607097,0.5035983505371261,68.997802734375
scene-0930_CAM_FRONT_e57fa712_36648b9c,0,91537,19.509585808851053,0.05523209268821816,0.8780106637249494,0.6021787093215665,68.60427856445312
scene-0930_CAM_FRONT_e57fa712_36648b9c,1,96865,20.384784423123193,0.06228440783281286,0.9079137446484385,0.6401058492895227,69.33563232421875
scene-0930_CAM_FRONT_e57fa712_36648b9c,2,94652,21.046716461820086,0.037745575424080746,0.93849972421401,0.628549103038899,67.77183532714844
scene-0930_CAM_FRONT_e57fa712_36648b9c,3,84125,20.879842532653523,0.03542964724000308,0.9646665616053371,0.5546187587003913,68.58670043945312
scene-0930_CAM_FRONT_e57fa712_36648b9c,4,75907,19.654441117764478,0.025108927232926792,0.9726249573188349,0.5000525306647755,69.24899291992188
scene-0930_CAM_FRONT_08e65feb_1770f47c,0,81479,22.787747941616765,0.03673852015671697,0.9672208651800489,0.5390499829275339,69.43661499023438
scene-0930_CAM_FRONT_08e65feb_1770f47c,1,88300,22.14425096503179,0.03589163375435467,0.9666495942006146,0.5909634123919838,69.43745422363281
scene-0930_CAM_FRONT_08e65feb_1770f47c,2,88283,20.68503031079235,0.0329337212291545,0.9646928269377248,0.5890788747931605,73.11293029785156
scene-0930_CAM_FRONT_08e65feb_1770f47c,3,86043,21.628931555506483,0.034231032199354416,0.9647322249363066,0.5784020171775274,72.85572814941406
scene-0930_CAM_FRONT_08e65feb_1770f47c,4,91533,22.832420875959087,0.03633111187606186,0.9662884458802826,0.6116670606466524,71.1121826171875
scene-0930_CAM_FRONT_d1c43c49_36f92785,0,100098,21.202694003142454,0.0376329518808145,0.970083786410317,0.6692931999054448,72.06028747558594
scene-0930_CAM_FRONT_d1c43c49_36f92785,1,101629,21.224195404794997,0.03567985720076727,0.9677264728285137,0.6816970031255746,71.39236450195312
scene-0930_CAM_FRONT_d1c43c49_36f92785,2,95805,19.887070270899887,0.029673618216004005,0.9586649331547291,0.6497058282772569,75.36071014404297
scene-0930_CAM_FRONT_d1c43c49_36f92785,3,91836,20.00207749852594,0.03682791435222632,0.9612914663935072,0.6229611535733984,75.2989501953125
scene-0930_CAM_FRONT_d1c43c49_36f92785,4,95284,19.97432034753363,0.02835142899620058,0.9832427179365955,0.6283718120452815,76.19003295898438
scene-0930_CAM_FRONT_89a95522_80fa5404,0,94702,22.07823450425092,0.026606636943909523,0.9838730859139022,0.6230399495705619,75.34344482421875
scene-0930_CAM_FRONT_89a95522_80fa5404,1,98028,21.99493769926856,0.030312658037220386,0.9919825072886297,0.6457528957528957,74.62334442138672
scene-0930_CAM_FRONT_89a95522_80fa5404,2,104646,22.611365984891673,0.042960902318012195,0.996033934809445,0.6887032805400153,74.78533935546875
scene-0930_CAM_FRONT_89a95522_80fa5404,3,104754,23.242698424494648,0.051091315535262805,0.9977608804139416,0.6892745515194495,72.26986694335938
scene-0930_CAM_FRONT_89a95522_80fa5404,4,102815,23.628572365983196,0.040840460634151476,0.9974982270900639,0.677671840937147,71.82705688476562
scene-0930_CAM_FRONT_ebdaa986_4f0b05fa,0,132621,23.07589285714285,0.042410906586809904,0.9965986394557823,0.8760670291282536,71.4594497680664
scene-0930_CAM_FRONT_ebdaa986_4f0b05fa,1,133027,24.221989373830688,0.04596033661381993,0.9964213484621648,0.8769009534315657,70.27750396728516
scene-0930_CAM_FRONT_ebdaa986_4f0b05fa,2,131076,23.370588099061273,0.0382082200639402,0.9938145142226775,0.8626585769442913,70.70045471191406
scene-0930_CAM_FRONT_ebdaa986_4f0b05fa,3,129459,22.673081656678082,0.026895708035679977,0.9926128752659364,0.8523494339820871,70.9540786743164
scene-0930_CAM_FRONT_ebdaa986_4f0b05fa,4,121922,23.19938018176021,0.0250277001502881,0.9897105560370867,0.8027670527670527,69.62468719482422
scene-0930_CAM_FRONT_e007e23c_39d6e57a,0,125128,21.786344287345514,0.028854190475597896,0.9817784256559767,0.8332742363354608,69.4571762084961
scene-0930_CAM_FRONT_e007e23c_39d6e57a,1,126139,21.455952040139827,0.034663836266596526,0.9777007328027736,0.8395188191106558,70.96836853027344
scene-0930_CAM_FRONT_e007e23c_39d6e57a,2,121054,21.219270210326954,0.024560413667684244,0.9703004754025162,0.8086373545557219,70.09602355957031
scene-0930_CAM_FRONT_e007e23c_39d6e57a,3,117700,20.999913239282023,0.022572946510475367,0.9614162267223492,0.7865088120190161,70.70014953613281
scene-0930_CAM_FRONT_e007e23c_39d6e57a,4,116228,21.62154704843592,0.033126430461694945,0.955664118929425,0.7708678065820923,69.4337158203125
scene-0930_CAM_FRONT_db9f6ddd_5a624b8b,0,109226,20.10995337913629,0.02265083625115416,0.9560777979145326,0.7173653245081817,67.85874938964844
scene-0930_CAM_FRONT_db9f6ddd_5a624b8b,1,106712,20.668911637931032,0.0367706552055429,0.9546463372993985,0.7016652220733853,65.95743560791016
scene-0930_CAM_FRONT_db9f6ddd_5a624b8b,2,98820,20.656955654433403,0.05164604411071383,0.9534446983426575,0.6498896856039713,65.6620101928711
scene-0930_CAM_FRONT_db9f6ddd_5a624b8b,3,97106,20.435281608166182,0.05618178440048749,0.9549615212880519,0.6376369080450713,65.9449691772461
scene-0930_CAM_FRONT_db9f6ddd_5a624b8b,4,90014,20.194238281249998,0.0626977969646858,0.9429648307199328,0.591061907388438,65.60163116455078
scene-0930_CAM_FRONT_db9fed7b_5619b8bd,0,97018,20.347244262695316,0.06354561222542987,0.9576734168570903,0.6422333412129331,65.94346618652344
scene-0930_CAM_FRONT_db9fed7b_5619b8bd,1,95851,19.848702084234432,0.06787062461896598,0.9644039082814593,0.6351614004675229,66.8060531616211
scene-0930_CAM_FRONT_db9fed7b_5619b8bd,2,86154,19.68303024334734,0.05042896240707284,0.9527158353688966,0.5735888950174665,65.4815444946289
scene-0930_CAM_FRONT_db9fed7b_5619b8bd,3,77306,19.34560963963549,0.04679610088790942,0.9347175163501694,0.5212946182333937,67.60205078125
scene-0930_CAM_FRONT_db9fed7b_5619b8bd,4,67569,18.54167900868878,0.03067084329074321,0.916988416988417,0.4511530480918236,68.9612045288086
scene-0931_CAM_FRONT_b139c133_d9b7405e,0,84427,19.7548317504085,0.024929106934697298,0.9009009009009009,0.5684474562025582,69.00102996826172
scene-0931_CAM_FRONT_b139c133_d9b7405e,1,91441,21.53918175623053,0.03837302204540061,0.9409161347936859,0.6129737609329446,68.60848236083984
scene-0931_CAM_FRONT_b139c133_d9b7405e,2,95603,21.8934906291834,0.07807480530080646,0.9531623460194889,0.6385890263441284,67.47344970703125
scene-0931_CAM_FRONT_b139c133_d9b7405e,3,85262,21.49296434681964,0.06213312329233123,0.9593543981299083,0.5704173561316418,68.3865966796875
scene-0931_CAM_FRONT_b139c133_d9b7405e,4,88446,20.066924639745302,0.053016994956518015,0.9729532739736821,0.588179287158879,70.70697784423828
scene-0931_CAM_FRONT_c46eb104_1a18bb13,0,124747,19.02146376154353,0.033765597724856544,0.9829209676148452,0.8238646810075382,72.69416809082031
scene-0931_CAM_FRONT_c46eb104_1a18bb13,1,131316,19.596460401624547,0.03782017785129921,0.9916804559661703,0.8649239618627373,71.6732406616211
scene-0931_CAM_FRONT_c46eb104_1a18bb13,2,134371,19.79987747476708,0.03480491299093469,0.9916870222992672,0.8846098284873795,71.76436614990234
scene-0931_CAM_FRONT_c46eb104_1a18bb13,3,136848,20.258683561288095,0.036614480336026656,0.9937488508917081,0.9060883040474877,70.5394058227539
scene-0931_CAM_FRONT_c46eb104_1a18bb13,4,139042,20.07610176282051,0.04060304431647754,0.9915688283035222,0.9182031886113519,70.5943603515625
scene-0931_CAM_FRONT_041205de_8e2f2524,0,141782,18.13146962723759,0.032190206374806296,0.9927376355947785,0.9339689543771177,69.32652282714844
scene-0931_CAM_FRONT_041205de_8e2f2524,1,143494,18.734817516143917,0.032167162867469345,0.9904853833425262,0.946182333937436,68.72711181640625
scene-0931_CAM_FRONT_041205de_8e2f2524,2,142716,19.394237716763,0.05506309643307916,0.9905444803403987,0.9423410290757229,69.35195922851562
scene-0931_CAM_FRONT_041205de_8e2f2524,3,141065,18.810868016629296,0.05205823380282615,0.9910960523205421,0.9320253197804218,68.15213012695312
scene-0931_CAM_FRONT_041205de_8e2f2524,4,139873,17.788400448069858,0.03260834344352892,0.9917526856302367,0.9272778609513304,67.60456848144531
scene-0931_CAM_FRONT_20f91bd4_0c8613a6,0,139767,13.100587921039272,0.03260947017614324,0.9898944133638011,0.9273894886139784,69.85782623291016
scene-0931_CAM_FRONT_20f91bd4_0c8613a6,1,138453,14.176566370311393,0.043766588885147506,0.9904000210122659,0.9211055078402017,68.05819702148438
scene-0931_CAM_FRONT_20f91bd4_0c8613a6,2,137664,13.809621648413897,0.03455938232844402,0.9920416042865022,0.9148477923988128,68.62885284423828
scene-0931_CAM_FRONT_20f91bd4_0c8613a6,3,136444,14.144692058852923,0.029652179461121753,0.9898681480314133,0.9076642239907546,68.04989624023438
scene-0931_CAM_FRONT_20f91bd4_0c8613a6,4,136444,14.06420491014121,0.0210030911996677,0.9898615816983164,0.907125784676805,69.29756927490234
scene-0931_CAM_FRONT_6e454caa_dc9b951f,0,124712,11.183369077967463,0.012773113480188947,0.9902292963517453,0.8225054500564705,70.6194839477539
scene-0931_CAM_FRONT_6e454caa_dc9b951f,1,125348,11.273297111443885,0.01750491993134884,0.9892115147217188,0.8266225409082552,70.15805053710938
scene-0931_CAM_FRONT_6e454caa_dc9b951f,2,128763,11.869030298433362,0.01154180087181711,0.9908530979959551,0.8487182517794762,69.48805236816406
scene-0931_CAM_FRONT_6e454caa_dc9b951f,3,133747,12.10116318400481,0.011827935326937489,0.9961783941375778,0.8816943765923357,69.21930694580078
scene-0931_CAM_FRONT_6e454caa_dc9b951f,4,134712,12.04323726830291,0.013616126254317962,0.9968547264465631,0.88791926036824,70.83642578125
scene-0931_CAM_FRONT_b631c946_bc33d196,0,123689,10.334813373387588,0.015832150690402447,0.994957056181546,0.8162280356157907,71.40129089355469
scene-0931_CAM_FRONT_b631c946_bc33d196,1,129789,10.604190445266582,0.024410085967009554,0.9954560974969138,0.854634517899824,70.60416412353516
scene-0931_CAM_FRONT_b631c946_bc33d196,2,135396,10.975048927571287,0.032361142585811686,0.994950489848449,0.8934875108344497,69.9252700805664
scene-0931_CAM_FRONT_b631c946_bc33d196,3,126891,11.026767775305526,0.024844768731177247,0.9851469545347097,0.8462099125364432,69.93653106689453
scene-0931_CAM_FRONT_b631c946_bc33d196,4,117288,11.390754104872881,0.028802376767587123,0.9736624379481522,0.7710122659102251,68.07066345214844
scene-0931_CAM_FRONT_35e0c40a_6713ca52,0,132972,12.118206929441016,0.017858560810530166,0.9734260499566622,0.8781748220523731,68.01529693603516
scene-0931_CAM_FRONT_35e0c40a_6713ca52,1,135217,11.867017314838543,0.016662322551542097,0.9727168859821921,0.8948204764531296,67.50777435302734
scene-0931_CAM_FRONT_35e0c40a_6713ca52,2,130622,11.773494283767414,0.016572932112086214,0.9702019804060621,0.869290573372206,69.33496856689453
scene-0931_CAM_FRONT_35e0c40a_6713ca52,3,120769,12.296840078224777,0.022002436776393797,0.9711803640375068,0.8037520027315945,68.85991668701172
scene-0931_CAM_FRONT_35e0c40a_6713ca52,4,116825,12.505654501748255,0.021779601672392346,0.9703727050665826,0.776797205368634,69.20270538330078
scene-0931_CAM_FRONT_7f5e00d5_9fc32f87,0,103525,11.852689945583792,0.010880760816875057,0.9663672418774459,0.6797796338612665,69.1257095336914
scene-0931_CAM_FRONT_7f5e00d5_9fc32f87,1,100155,11.88345953278941,0.011551643410823154,0.9659010322275629,0.6576510913245607,68.80766296386719
scene-0931_CAM_FRONT_7f5e00d5_9fc32f87,2,97473,11.520871702709124,0.012631711554654146,0.9653166285819347,0.6400401859585533,70.09843444824219
scene-0931_CAM_FRONT_7f5e00d5_9fc32f87,3,98127,11.18962486260991,0.01286096263168135,0.9656055472382002,0.6443345678039556,71.289794921875
scene-0931_CAM_FRONT_7f5e00d5_9fc32f87,4,98212,11.358097128960056,0.014165874184704608,0.9650277099256691,0.644892706117196,70.97412109375
scene-0962_CAM_FRONT_b2a93b02_2463d4ed,0,68543,24.323094316837544,0.007060727321748228,0.8512922543534789,0.4613045990597011,69.9849624633789
scene-0962_CAM_FRONT_b2a93b02_2463d4ed,1,68750,23.756398168103452,0.008661832019164928,0.8660139731568303,0.4564520789010585,70.8576889038086
scene-0962_CAM_FRONT_b2a93b02_2463d4ed,2,70522,25.38864925193051,0.010421340058046624,0.8619165813043365,0.4664591705408032,68.46867370605469
scene-0962_CAM_FRONT_b2a93b02_2463d4ed,3,66493,25.628570864898993,0.014381950579593017,0.8584495574291493,0.44409424001260733,67.7391586303711
scene-0962_CAM_FRONT_b2a93b02_2463d4ed,4,68629,27.383284145248062,0.018235536691042498,0.8730859139022404,0.4578572741838048,67.04077911376953
scene-0962_CAM_FRONT_754e47c5_c8634c59,0,71930,23.577092734657047,0.013801920122529454,0.8808604522890238,0.47993328605573504,66.75838470458984
scene-0962_CAM_FRONT_754e47c5_c8634c59,1,70566,24.93616119443116,0.016158489429366485,0.8860609881018044,0.467680508496835,66.24833679199219
scene-0962_CAM_FRONT_754e47c5_c8634c59,2,74547,25.710567751931745,0.010266598765542145,0.8978409896777244,0.493276074908728,64.88707733154297
scene-0962_CAM_FRONT_754e47c5_c8634c59,3,76962,24.683620876736107,0.008221749683127832,0.906410054369238,0.5125745278806503,66.84064483642578
scene-0962_CAM_FRONT_754e47c5_c8634c59,4,80931,25.228354341538108,0.011970006456128335,0.9155832217056706,0.5470280776403226,66.77973937988281
scene-0962_CAM_FRONT_4911451f_3fb3df6b,0,82043,23.158646215434537,0.009083743657578136,0.9171788406482284,0.5465356026580517,67.71484375
scene-0962_CAM_FRONT_4911451f_3fb3df6b,1,81599,24.275525597052845,0.016223555028000547,0.9137643474378169,0.5409739185249389,67.20121765136719
scene-0962_CAM_FRONT_4911451f_3fb3df6b,2,80169,24.62977499339673,0.014266867566169683,0.9211711711711712,0.5300541065847189,67.34019470214844
scene-0962_CAM_FRONT_4911451f_3fb3df6b,3,71157,26.787197353603606,0.021222958585648488,0.9198119402201035,0.47062879205736347,65.73958587646484
scene-0962_CAM_FRONT_4911451f_3fb3df6b,4,64668,25.741675585045652,0.02084860817570733,0.9206195991910278,0.42599085966432904,66.58346557617188
scene-0962_CAM_FRONT_1b18579e_c189ad95,0,75094,35.08235580489615,0.02313045734434871,0.9282299792503874,0.4960995981404145,68.37703704833984
scene-0962_CAM_FRONT_1b18579e_c189ad95,1,73252,34.50045032526351,0.030287626841536408,0.9257807370052268,0.48250728862973763,66.57157897949219
scene-0962_CAM_FRONT_1b18579e_c189ad95,2,68388,32.63661399359357,0.01947019314087406,0.9271531006224883,0.45029285845612377,67.3489990234375
scene-0962_CAM_FRONT_1b18579e_c189ad95,3,66816,33.05276132704692,0.020509841525910844,0.9302458435111496,0.4391891891891892,67.64302062988281
scene-0962_CAM_FRONT_1b18579e_c189ad95,4,62764,35.109793887273895,0.016007327141200678,0.9310863341475586,0.41214902949596827,66.88357543945312
scene-0962_CAM_FRONT_0382fe99_b31c7ca5,0,69593,32.97824242714724,0.01877948742071034,0.9496362251464292,0.4570758805452683,68.48591613769531
scene-0962_CAM_FRONT_0382fe99_b31c7ca5,1,69836,32.68646961122047,0.019392577265264332,0.9418025897617734,0.4643907756152654,68.38256072998047
scene-0962_CAM_FRONT_0382fe99_b31c7ca5,2,75768,32.321393416068574,0.026811289013759065,0.9289260105586636,0.515496546108791,70.89385986328125
scene-0962_CAM_FRONT_0382fe99_b31c7ca5,3,83071,31.843897470368745,0.02601891055750727,0.9066398760276311,0.5694718041656818,72.29074096679688
scene-0962_CAM_FRONT_0382fe99_b31c7ca5,4,80369,28.006244297445253,0.04315834243030192,0.8737622462112258,0.5585651248916556,75.82151794433594
scene-0962_CAM_FRONT_3139a4dc_d5155238,0,68001,16.889230730390718,0.015018227860884803,0.8154006776455756,0.4756717358758175,75.25980377197266
scene-0962_CAM_FRONT_3139a4dc_d5155238,1,77486,17.59535619803477,0.027009172745898535,0.7853597037270507,0.5520972867911643,74.571044921875
scene-0962_CAM_FRONT_3139a4dc_d5155238,2,79846,19.168823778367496,0.03820396364272738,0.7840989677724371,0.5913245607123158,71.60542297363281
scene-0962_CAM_FRONT_3139a4dc_d5155238,3,83538,19.16607404096229,0.04376257844630338,0.7760289443962913,0.6204593806634623,73.27827453613281
scene-0962_CAM_FRONT_3139a4dc_d5155238,4,86258,20.698990807354118,0.044155310150274296,0.8082368082368082,0.6252790691566201,70.55736541748047
scene-0962_CAM_FRONT_30c32466_01ac1c5f,0,82897,21.32491374885949,0.02360138953030866,0.8092677225330287,0.606565019830326,67.93389129638672
scene-0962_CAM_FRONT_30c32466_01ac1c5f,1,81298,20.66847098214286,0.026065300961688687,0.7988797835736611,0.6058427231896619,70.07061004638672
scene-0962_CAM_FRONT_30c32466_01ac1c5f,2,81793,21.50887012104743,0.023977516700322443,0.7937777427573346,0.5978646284768734,68.37238311767578
scene-0962_CAM_FRONT_30c32466_01ac1c5f,3,80887,21.88505797173567,0.024591331708530895,0.7890105849289523,0.586386678223413,69.53190612792969
scene-0962_CAM_FRONT_30c32466_01ac1c5f,4,70732,22.510432008837093,0.020941001701611617,0.7777558900007879,0.5163633020775877,67.84122467041016
scene-0962_CAM_FRONT_6dee25fd_392894fd,0,52874,28.86906726169384,0.014132822380249044,0.759856065978515,0.3573332808026686,67.20160675048828
scene-0962_CAM_FRONT_6dee25fd_392894fd,1,54848,29.635210111278447,0.013397668376379457,0.7480563654033042,0.3604916870222993,65.72000885009766
scene-0962_CAM_FRONT_6dee25fd_392894fd,2,51643,30.122859621510923,0.014972127222032228,0.7512147716229349,0.33961074777401307,66.64044189453125
scene-0962_CAM_FRONT_6dee25fd_392894fd,3,47531,31.31773583074534,0.018875156954939243,0.7393625403829486,0.31210437843090905,65.92837524414062
scene-0962_CAM_FRONT_6dee25fd_392894fd,4,45838,30.829388594534297,0.009952453437238162,0.7454626638300108,0.3009875764977806,66.00276184082031
scene-0963_CAM_FRONT_637fc435_2894f77b,0,57110,42.053738839285714,0.029194473472609506,0.7558374701231844,0.3750952118299057,66.61566162109375
scene-0963_CAM_FRONT_637fc435_2894f77b,1,56731,39.548157768542204,0.038603564503382426,0.7537559425314527,0.3760079321303811,69.97216033935547
scene-0963_CAM_FRONT_637fc435_2894f77b,2,55877,41.43381234793188,0.040093809685345594,0.7399535103616737,0.36712368345021407,69.12409210205078
scene-0963_CAM_FRONT_637fc435_2894f77b,3,55290,41.93509171195652,0.03888574314340043,0.7425340792687731,0.36326924592230714,68.24739837646484
scene-0963_CAM_FRONT_637fc435_2894f77b,4,52728,41.689028837522436,0.036039735871684186,0.733544769259055,0.34773330181493445,68.01838684082031
scene-0963_CAM_FRONT_97411da2_12370234,0,57818,49.465425445966886,0.017379146466658613,0.7562708481075828,0.38049930396869175,70.89300537109375
scene-0963_CAM_FRONT_97411da2_12370234,1,57858,48.03880003573983,0.025797417194102,0.7768037717017309,0.381188768943871,71.6423110961914
scene-0963_CAM_FRONT_97411da2_12370234,2,59014,51.144280797569785,0.025176381881501175,0.7850051217398156,0.38998765529377777,68.73978424072266
scene-0963_CAM_FRONT_97411da2_12370234,3,56525,56.181247322193656,0.0313350047881773,0.7772174506868385,0.37177264728285137,66.99032592773438
scene-0963_CAM_FRONT_97411da2_12370234,4,56211,51.753279378742505,0.026145431055022872,0.7843287894308303,0.369415333701048,68.40579986572266
scene-0963_CAM_FRONT_98a4bccf_abf6a27f,0,51660,36.318203125,0.023831508064644735,0.7886428702755234,0.3393349617839414,68.6039047241211
scene-0963_CAM_FRONT_98a4bccf_abf6a27f,1,49647,36.15074183376455,0.025290317686351926,0.7840136054421769,0.32614319859217816,69.73411560058594
scene-0963_CAM_FRONT_98a4bccf_abf6a27f,2,50009,36.11100812146892,0.02089694784396423,0.7955440863604128,0.3285136448401755,66.83121490478516
scene-0963_CAM_FRONT_98a4bccf_abf6a27f,3,49104,34.41022535119666,0.020545647839214753,0.7874215323194915,0.3229585270401597,69.16101837158203
scene-0963_CAM_FRONT_98a4bccf_abf6a27f,4,49737,34.99458389814098,0.01166830875821212,0.7887610642712684,0.3283757518451396,69.52838134765625
scene-0963_CAM_FRONT_766371d3_bb5af5ca,0,48550,23.804756747159097,0.013718375034060593,0.7970280776403226,0.3205683817928716,71.38534545898438
scene-0963_CAM_FRONT_766371d3_bb5af5ca,1,46894,22.108421728598806,0.013204730498658002,0.7975139862894965,0.3114017807895359,71.39446258544922
scene-0963_CAM_FRONT_766371d3_bb5af5ca,2,48369,23.573448615345534,0.011114005425318929,0.7999894938670449,0.3218028524150973,70.01191711425781
scene-0963_CAM_FRONT_766371d3_bb5af5ca,3,49039,22.445334949712645,0.009952318891933931,0.7985514669188138,0.32767315420376647,71.19066619873047
scene-0963_CAM_FRONT_766371d3_bb5af5ca,4,50400,22.380894637036114,0.012269759200828734,0.7990505082341817,0.333011583011583,71.18158721923828
scene-0963_CAM_FRONT_2cafae36_aae7792b,0,49966,20.451934923835125,0.01710023421536455,0.7974745882909148,0.33703017886691355,70.74945831298828
scene-0963_CAM_FRONT_2cafae36_aae7792b,1,48580,22.021201640208698,0.01162546080999527,0.7925038741365272,0.3310416830824994,68.55721282958984
scene-0963_CAM_FRONT_2cafae36_aae7792b,2,49940,21.62283209305775,0.019624746373231083,0.7959905970110052,0.3334186956635936,70.23345947265625
scene-0963_CAM_FRONT_2cafae36_aae7792b,3,49683,21.840125180115272,0.03293587731922587,0.7983873085913902,0.3313503007380558,68.88523864746094
scene-0963_CAM_FRONT_2cafae36_aae7792b,4,47294,21.24112429511278,0.016510482901651358,0.7985974312504924,0.3108370761431986,67.3274917602539
scene-0963_CAM_FRONT_be97e44a_09a7c6bd,0,54058,31.444930089738932,0.016416099724296807,0.8011648674913981,0.3549628345546713,69.23311614990234
scene-0963_CAM_FRONT_be97e44a_09a7c6bd,1,53589,33.57138569557624,0.029672637754659004,0.7995035852178709,0.3518832243322039,67.1626968383789
scene-0963_CAM_FRONT_be97e44a_09a7c6bd,2,53127,32.024091846446694,0.024195578617907998,0.802497833110078,0.3488495784414152,66.95365142822266
scene-0963_CAM_FRONT_be97e44a_09a7c6bd,3,52878,32.16166338582677,0.02420379607975609,0.8063982349696636,0.3472145615002758,66.39201354980469
scene-0963_CAM_FRONT_be97e44a_09a7c6bd,4,55573,33.401886496655514,0.020071230654906902,0.8162214692826938,0.3649108291965435,66.47479248046875
scene-0963_CAM_FRONT_f8814501_be8633f0,0,58796,28.05367801966292,0.019272885302433984,0.8232211803640375,0.3860741207679983,65.5009536743164
scene-0963_CAM_FRONT_f8814501_be8633f0,1,57207,28.467128537735853,0.010909114134300069,0.8190384261812833,0.3756402174769522,64.74671173095703
scene-0963_CAM_FRONT_f8814501_be8633f0,2,55944,28.40027276400862,0.011394914401009482,0.8133651143855225,0.3673469387755102,64.57890319824219
scene-0963_CAM_FRONT_f8814501_be8633f0,3,56015,28.68103702104272,0.014544432563078136,0.8176726288971187,0.3678131484253933,64.30078887939453
scene-0963_CAM_FRONT_f8814501_be8633f0,4,57974,28.527609030135824,0.015174674362089524,0.8152102539857642,0.38067659496230927,64.58547973632812
scene-0963_CAM_FRONT_882aeb15_ce7c4146,0,54214,29.167164745145634,0.007434167458931107,0.8166679799332861,0.35598718251779476,65.58565521240234
scene-0963_CAM_FRONT_882aeb15_ce7c4146,1,52427,27.592884622125624,0.009475638581363022,0.8150460956583405,0.34425314527355344,67.7574691772461
scene-0963_CAM_FRONT_882aeb15_ce7c4146,2,51641,27.66965560314062,0.007525257913123529,0.814041446694508,0.3390920074593544,67.68268585205078
scene-0963_CAM_FRONT_882aeb15_ce7c4146,3,50451,27.07182173295454,0.010058315324950051,0.8094581461928401,0.33127807107398943,66.0558090209961
scene-0963_CAM_FRONT_882aeb15_ce7c4146,4,50574,27.99253223904443,0.009687360519454069,0.8062406429753368,0.3320857300449137,64.67076110839844
scene-0966_CAM_FRONT_b5cbf927_70fef2d1,0,80686,21.098683668424524,0.014387987829169502,0.9166863656659575,0.5304086885719539,66.71260833740234
scene-0966_CAM_FRONT_b5cbf927_70fef2d1,1,78968,21.80160905297939,0.01373761307529997,0.9136724187744596,0.5189570036508812,66.75105285644531
scene-0966_CAM_FRONT_b5cbf927_70fef2d1,2,79083,21.74941974796661,0.010302782203422733,0.9156226197042524,0.5198368922858719,66.3880615234375
scene-0966_CAM_FRONT_b5cbf927_70fef2d1,3,79418,22.2493899277746,0.016325453928134115,0.9141780264229243,0.5216098022220471,65.1630859375
scene-0966_CAM_FRONT_b5cbf927_70fef2d1,4,78692,22.5577957418284,0.016554236990732996,0.913981036430016,0.5167769810626953,64.32655334472656
scene-0966_CAM_FRONT_d2db7e12_586f3a3f,0,69222,16.038917609421368,0.015734215659235273,0.9202059202059202,0.45453470963675047,65.62315368652344
scene-0966_CAM_FRONT_d2db7e12_586f3a3f,1,73510,16.737463196711747,0.017525769866708618,0.9240078270690516,0.4826911459564521,64.6530990600586
scene-0966_CAM_FRONT_d2db7e12_586f3a3f,2,72719,17.123507656054446,0.015936295983887128,0.9232067344312243,0.47753000814225305,64.40614318847656
scene-0966_CAM_FRONT_d2db7e12_586f3a3f,3,74813,18.15941970836391,0.024571633487805666,0.9234168570903265,0.4913718383106138,64.31661224365234
scene-0966_CAM_FRONT_d2db7e12_586f3a3f,4,76164,17.666032747662186,0.028202869480140613,0.9231345047671579,0.5001969899929084,64.64434051513672
scene-0966_CAM_FRONT_d8cc7ad7_6c5e3539,0,74175,16.577153975661624,0.01614964909261074,0.9209085178472933,0.4871234207968902,64.68207550048828
scene-0966_CAM_FRONT_d8cc7ad7_6c5e3539,1,72348,16.300437110816418,0.018205517481400424,0.9200089302130119,0.4751464292280619,64.95198822021484
scene-0966_CAM_FRONT_d8cc7ad7_6c5e3539,2,73793,16.33791739680686,0.02468708092185068,0.9225304021222388,0.4845494182228876,64.9158935546875
scene-0966_CAM_FRONT_d8cc7ad7_6c5e3539,3,73832,16.512410223105135,0.019828594643879427,0.9215914164893757,0.48483833687915323,64.22103118896484
scene-0966_CAM_FRONT_d8cc7ad7_6c5e3539,4,71815,16.476841328178107,0.017557871094505018,0.920107425209466,0.47159404302261443,63.71785354614258
scene-0966_CAM_FRONT_dcfd47c0_1cb428b0,0,75196,18.42523716517857,0.014173331393316335,0.9185709032647809,0.4941231318782339,64.64708709716797
scene-0966_CAM_FRONT_dcfd47c0_1cb428b0,1,75919,18.296163281905955,0.016894081116704207,0.9182031886113519,0.4990019173692643,65.28938293457031
scene-0966_CAM_FRONT_dcfd47c0_1cb428b0,2,74569,18.937913824237558,0.017862588719081085,0.9173101673101673,0.4904853833425262,63.694175720214844
scene-0966_CAM_FRONT_dcfd47c0_1cb428b0,3,73059,18.819457445276495,0.01127179817442503,0.9193128989047357,0.48050455703516926,63.486305236816406
scene-0966_CAM_FRONT_dcfd47c0_1cb428b0,4,72175,19.176581887637862,0.010777082662667858,0.9180258976177343,0.4747590155753421,63.4088020324707
scene-0966_CAM_FRONT_9b20ac04_4da9b80e,0,75980,19.161666515261626,0.015007645602088893,0.9182097549444488,0.500479342316077,63.35601043701172
scene-0966_CAM_FRONT_9b20ac04_4da9b80e,1,78767,19.354950970593464,0.01932336488963049,0.923823969742337,0.519337850970504,64.09506225585938
scene-0966_CAM_FRONT_9b20ac04_4da9b80e,2,81509,19.103420383327613,0.02488202344022783,0.9370813962650697,0.5364300160218528,64.51911926269531
scene-0966_CAM_FRONT_9b20ac04_4da9b80e,3,79184,19.404613987546128,0.02268943164397874,0.9436280303627242,0.5211632915714548,65.31719207763672
scene-0966_CAM_FRONT_9b20ac04_4da9b80e,4,72493,19.297903945162833,0.024254112454852983,0.9452696136369606,0.4778189267985186,64.7915267944336
scene-0966_CAM_FRONT_5ad1d812_97b2a78e,0,86912,23.1962389823718,0.02326335321401718,0.9588684894807343,0.5712184487694691,63.33576583862305
scene-0966_CAM_FRONT_5ad1d812_97b2a78e,1,89285,24.25871186073757,0.02504571204930084,0.9737806319438973,0.586977648202138,63.88873291015625
scene-0966_CAM_FRONT_5ad1d812_97b2a78e,2,92476,24.64534879701328,0.02970871728435842,0.9861713024978331,0.6076221994589341,64.95610046386719
scene-0966_CAM_FRONT_5ad1d812_97b2a78e,3,92843,26.517379726297964,0.029428163175695854,0.9883053607543404,0.6107740393454679,61.30415344238281
scene-0966_CAM_FRONT_5ad1d812_97b2a78e,4,90868,25.211516931175357,0.026916800015245324,0.9911420166522207,0.5974772148241536,63.056480407714844
scene-0966_CAM_FRONT_ce4ea8ab_9e5e0d9f,0,103361,30.06862739707951,0.022831351312986747,0.9928492632574265,0.6840083523756993,64.2618179321289
scene-0966_CAM_FRONT_ce4ea8ab_9e5e0d9f,1,106248,29.751443546788263,0.017643516178950325,0.9974391300921913,0.7054080319386442,65.66790771484375
scene-0966_CAM_FRONT_ce4ea8ab_9e5e0d9f,2,102081,27.891955364900085,0.01684857804003448,0.9957778478186642,0.6761681506579466,68.11225128173828
scene-0966_CAM_FRONT_ce4ea8ab_9e5e0d9f,3,98751,29.75947627314816,0.020102141896503944,0.9910829196543482,0.656895963018412,65.70269012451172
scene-0966_CAM_FRONT_ce4ea8ab_9e5e0d9f,4,92048,29.701949794457978,0.01670935345364155,0.9842933312321067,0.6166115094686523,65.51799774169922
scene-0966_CAM_FRONT_dffffefb_3f6ce131,0,117822,31.964836469012116,0.05659209082646033,0.9741680455966171,0.7931736401124156,65.6013412475586
scene-0966_CAM_FRONT_dffffefb_3f6ce131,1,111632,32.53931652289316,0.03001560803698,0.9656712105691697,0.756001628450608,63.817543029785156
scene-0966_CAM_FRONT_dffffefb_3f6ce131,2,114094,32.76383014247551,0.027172985747376366,0.9672930948441153,0.7595474483229585,64.26238250732422
scene-0966_CAM_FRONT_dffffefb_3f6ce131,3,112128,33.27272404050364,0.022864802368198545,0.9727956819793554,0.7496913823444435,64.74085998535156
scene-0966_CAM_FRONT_dffffefb_3f6ce131,4,110496,35.37815596417683,0.02274541276005171,0.976689517505844,0.7417329866309458,64.37419891357422
scene-0967_CAM_FRONT_23d02c83_feeb907e,0,114223,33.70231827445652,0.05992924603267191,0.9877078244425184,0.7554960208021433,65.44636535644531
scene-0967_CAM_FRONT_23d02c83_feeb907e,1,111588,34.61128421309871,0.05983444526520598,0.9886271110760907,0.7373729414545741,63.16856384277344
scene-0967_CAM_FRONT_23d02c83_feeb907e,2,113999,34.21790006325112,0.05106036199311825,0.9886205447429938,0.7517663436030783,64.8840560913086
scene-0967_CAM_FRONT_23d02c83_feeb907e,3,114390,34.38095126960418,0.05663212786576666,0.9906758070023376,0.7542418511806267,63.665618896484375
scene-0967_CAM_FRONT_23d02c83_feeb907e,4,114298,33.91310042655787,0.04659911891268309,0.9884366874162792,0.7551086071494235,65.00808715820312
scene-0967_CAM_FRONT_4d3f8452_ea235f4c,0,88334,30.548525925647198,0.024039161214142624,0.9858495521760828,0.5802668557770598,64.26927947998047
scene-0967_CAM_FRONT_4d3f8452_ea235f4c,1,93047,29.97751628411911,0.026187803997407944,0.9819294513172064,0.6111680193312846,65.30973815917969
scene-0967_CAM_FRONT_4d3f8452_ea235f4c,2,90006,30.114907278557588,0.033915629579510664,0.9769653034959157,0.5913770913770914,65.04531860351562
scene-0967_CAM_FRONT_4d3f8452_ea235f4c,3,89762,30.466067883323156,0.027902395944200853,0.9779371207942636,0.5902936464160954,65.04424285888672
scene-0967_CAM_FRONT_4d3f8452_ea235f4c,4,89477,30.612791457043343,0.0247374736016166,0.9808000420245319,0.5894531557796864,65.58893585205078
scene-0967_CAM_FRONT_dab412ea_e2024bdc,0,101400,26.009278662241233,0.013995096070086088,0.9825992172930949,0.6674283613059123,65.5354995727539
scene-0967_CAM_FRONT_dab412ea_e2024bdc,1,100622,26.90386934055118,0.015396628918394661,0.9824547579649621,0.6624248154860399,64.9677505493164
scene-0967_CAM_FRONT_dab412ea_e2024bdc,2,99344,26.24461639879458,0.01400096131563755,0.9813122160060935,0.6541446694507919,66.03581237792969
scene-0967_CAM_FRONT_dab412ea_e2024bdc,3,98551,27.043966992476566,0.01664856086137334,0.9783639324455651,0.6505791505791506,65.92354583740234
scene-0967_CAM_FRONT_dab412ea_e2024bdc,4,94941,26.498409253092298,0.021661635146981606,0.9756454705434298,0.6266842644393665,66.48995971679688
scene-0967_CAM_FRONT_0d3531c4_d493e106,0,96531,20.74893511358788,0.026861246481577172,0.9710753027079557,0.639344154650277,67.8157730102539
scene-0967_CAM_FRONT_0d3531c4_d493e106,1,97770,21.370892693014707,0.02922357940177478,0.9675229165025083,0.6471383920363513,67.24472045898438
scene-0967_CAM_FRONT_0d3531c4_d493e106,2,94458,21.903632110198387,0.023872283775987047,0.965874766895175,0.6259947994641872,66.24903106689453
scene-0967_CAM_FRONT_0d3531c4_d493e106,3,96440,21.542347889072847,0.0235622709255483,0.963484621647887,0.6378338980379796,66.52802276611328
scene-0967_CAM_FRONT_0d3531c4_d493e106,4,98068,21.538401695759134,0.022786827488857853,0.9636816116407954,0.64883907230846,65.50511932373047
scene-0967_CAM_FRONT_817e7e53_218372bb,0,87365,20.052559394716088,0.03640672250135468,0.9619743650355895,0.5745672786489113,65.67842102050781
scene-0967_CAM_FRONT_817e7e53_218372bb,1,87124,19.30438537095447,0.036258602040438515,0.9592230714679695,0.573162083366165,66.14491271972656
scene-0967_CAM_FRONT_817e7e53_218372bb,2,84712,19.20511214617973,0.029982653340234977,0.9545675413022352,0.5575276442623381,66.48741912841797
scene-0967_CAM_FRONT_817e7e53_218372bb,3,84246,18.83619625399042,0.04198540897074099,0.9487891681769233,0.554415202374386,67.2410888671875
scene-0967_CAM_FRONT_817e7e53_218372bb,4,74493,19.280589493125795,0.03936465089389385,0.9441861686759646,0.4915097313056497,67.76412963867188
scene-0967_CAM_FRONT_8ccbaa32_d87b0205,0,87405,22.36466061701728,0.05204322221744473,0.9443174953379035,0.586498305886061,65.59942626953125
scene-0967_CAM_FRONT_8ccbaa32_d87b0205,1,90456,22.186769668767848,0.043910095663398874,0.9443962913350669,0.6094870380584666,65.9658203125
scene-0967_CAM_FRONT_8ccbaa32_d87b0205,2,93392,22.038649929775275,0.041839612455869535,0.9449478633152103,0.6301578546476506,67.74335479736328
scene-0967_CAM_FRONT_8ccbaa32_d87b0205,3,92600,21.9854286181562,0.03261650019245299,0.9419930134215848,0.628293016048118,68.32252502441406
scene-0967_CAM_FRONT_8ccbaa32_d87b0205,4,85506,21.78094754757218,0.05779338358787589,0.9438447193549234,0.5824468783652457,68.63716125488281
scene-0967_CAM_FRONT_aaace027_f10cf1a4,0,88677,20.745316738245933,0.04463957330885071,0.942702177396055,0.6015352086780659,68.6678237915039
scene-0967_CAM_FRONT_aaace027_f10cf1a4,1,91314,20.51980633802817,0.039877271834516614,0.9405746854726447,0.6176949544296483,67.62324523925781
scene-0967_CAM_FRONT_aaace027_f10cf1a4,2,89170,20.02300977653631,0.036966891099026844,0.9371601922622331,0.5896961101042734,68.73606872558594
scene-0967_CAM_FRONT_aaace027_f10cf1a4,3,87131,20.065933747270737,0.03489946690270118,0.9365298242849264,0.5810219840832086,67.5106430053711
scene-0967_CAM_FRONT_aaace027_f10cf1a4,4,77318,20.66073061750705,0.02859335285051645,0.9357878286449715,0.5080700233761458,67.16439056396484
scene-0967_CAM_FRONT_558df2e9_b656c7df,0,71929,22.11355306739631,0.03871231906909234,0.9316707377931868,0.4725592939878654,68.93984985351562
scene-0967_CAM_FRONT_558df2e9_b656c7df,1,87358,23.70790916068118,0.0604280429890558,0.9286502245685919,0.5833333333333334,67.42086029052734
scene-0967_CAM_FRONT_558df2e9_b656c7df,2,82525,23.397782549849918,0.046808761561821566,0.9267722533028655,0.5478817009429254,68.82687377929688
scene-0967_CAM_FRONT_558df2e9_b656c7df,3,79573,24.889469828696544,0.054146841375043664,0.9216505134872481,0.5277755890000788,66.99211883544922
scene-0967_CAM_FRONT_558df2e9_b656c7df,4,77082,23.9115735473116,0.05108711526234888,0.9171985396475192,0.5127518188742679,68.77467346191406
scene-0968_CAM_FRONT_aa298fdc_6c333a63,0,98023,20.79522962168487,0.023320411958385634,0.958205289837943,0.6472959840306779,69.16598510742188
scene-0968_CAM_FRONT_aa298fdc_6c333a63,1,96648,21.289264336508353,0.021956094709416618,0.9581658918393612,0.638030888030888,67.80207824707031
scene-0968_CAM_FRONT_aa298fdc_6c333a63,2,94260,20.971554442264573,0.017595426333947728,0.9580870958421979,0.6225934389199695,68.83760070800781
scene-0968_CAM_FRONT_aa298fdc_6c333a63,3,96229,21.486108448364007,0.026564734276127044,0.9578507078507078,0.6352270637984924,68.81929779052734
scene-0968_CAM_FRONT_aa298fdc_6c333a63,4,95952,20.918982297542303,0.02552124263475153,0.958428545163239,0.6333819241982507,70.2863540649414
scene-0968_CAM_FRONT_b06d517f_f53d39f4,0,94704,21.65694578896418,0.029050292383117515,0.9581264938407795,0.6248653901715127,69.30695343017578
scene-0968_CAM_FRONT_b06d517f_f53d39f4,1,93361,21.32989098067761,0.02195019750444782,0.9581396265069735,0.6154689675097839,69.38597869873047
scene-0968_CAM_FRONT_b06d517f_f53d39f4,2,93263,21.675340324470252,0.023559057237941605,0.9579098048485803,0.6146350432064718,68.09843444824219
scene-0968_CAM_FRONT_b06d517f_f53d39f4,3,94511,21.36318267565562,0.019464051158227136,0.9580279988443253,0.6233026028944396,70.01482391357422
scene-0968_CAM_FRONT_b06d517f_f53d39f4,4,91212,21.044571637722125,0.014812124307728158,0.9584876421611116,0.6015089433456781,69.55956268310547
scene-0968_CAM_FRONT_e4dbec5e_c428be7e,0,95654,21.68646117941712,0.018661100809094444,0.9583497491660757,0.6335198171932865,69.23147583007812
scene-0968_CAM_FRONT_e4dbec5e_c428be7e,1,94064,21.579227195945947,0.019676344933730938,0.9586977648202138,0.6234207968901846,69.36761474609375
scene-0968_CAM_FRONT_e4dbec5e_c428be7e,2,92659,21.431374130385993,0.02124951742615533,0.9570693142121713,0.6117786883093006,69.66998291015625
scene-0968_CAM_FRONT_e4dbec5e_c428be7e,3,92583,21.616953485023043,0.027906753127385997,0.9568920232185538,0.6132167152575316,69.20196533203125
scene-0968_CAM_FRONT_e4dbec5e_c428be7e,4,92745,21.140257050930998,0.036358797652983554,0.9536219893362751,0.6148714311979618,68.84846496582031
scene-0968_CAM_FRONT_119c8d25_34c683c2,0,105353,23.14420783977556,0.040119938040383385,0.9811414913455729,0.6935754996979486,69.49927520751953
scene-0968_CAM_FRONT_119c8d25_34c683c2,1,115135,24.421904089095744,0.027844597176085895,0.9948519948519948,0.75636277677094,68.88665771484375
scene-0968_CAM_FRONT_119c8d25_34c683c2,2,113917,24.722989038631024,0.059420285549619756,0.957364799201534,0.7485094423869935,69.24191284179688
scene-0968_CAM_FRONT_119c8d25_34c683c2,3,115825,23.79052920505083,0.04332782728398055,0.9343760670291282,0.7612875265936491,68.64240264892578
scene-0968_CAM_FRONT_119c8d25_34c683c2,4,110456,25.46245923913044,0.03727886753050358,0.9329905707456728,0.7253040212223886,67.2422103881836
scene-0968_CAM_FRONT_00460925_bfa13689,0,116369,22.142831326258268,0.020558491277419044,0.9320384524466158,0.7693312846374071,65.85910034179688
scene-0968_CAM_FRONT_00460925_bfa13689,1,118491,22.102175115935918,0.030632245835239935,0.9288078165629186,0.7875528589814305,65.34877014160156
scene-0968_CAM_FRONT_00460925_bfa13689,2,118683,23.414514918785308,0.02509754174249368,0.9297927665274605,0.7852546423974995,65.50011444091797
scene-0968_CAM_FRONT_00460925_bfa13689,3,120897,21.95179239086499,0.01918823927123503,0.9352099913324403,0.8017033068053476,66.00057983398438
scene-0968_CAM_FRONT_00460925_bfa13689,4,120798,21.66333940833997,0.02267804038067789,0.9409949307908492,0.80128962782024,69.2167739868164
scene-0968_CAM_FRONT_22cc5daf_4c27ebb8,0,100734,19.409985314402586,0.03640493626168628,0.9477319885483151,0.6645720064087411,66.64773559570312
scene-0968_CAM_FRONT_22cc5daf_4c27ebb8,1,99511,19.772397681898855,0.032076103370191955,0.9566687678932577,0.6627662648070811,66.37735748291016
scene-0968_CAM_FRONT_22cc5daf_4c27ebb8,2,107191,19.75161329771222,0.06182860546876423,0.9629330496677435,0.7098600057783732,67.98036193847656
scene-0968_CAM_FRONT_22cc5daf_4c27ebb8,3,103191,20.065979545959156,0.06666015851150675,0.9681532844798151,0.6813883854700181,67.716552734375
scene-0968_CAM_FRONT_22cc5daf_4c27ebb8,4,107799,21.71032982307187,0.08532058277290311,0.9729204423081974,0.710477241089486,65.34944152832031
scene-0968_CAM_FRONT_5df9f3f1_7f2bc98e,0,118710,19.723918092347308,0.03653775796914549,0.9829931972789115,0.7813936385364957,66.7269287109375
scene-0968_CAM_FRONT_5df9f3f1_7f2bc98e,1,118405,20.529975818452385,0.04227737336672144,0.9821133086439209,0.7799227799227799,65.16887664794922
scene-0968_CAM_FRONT_5df9f3f1_7f2bc98e,2,112612,20.424115456238354,0.028587434284086388,0.9800186483859953,0.7451474798413574,64.77459716796875
scene-0968_CAM_FRONT_5df9f3f1_7f2bc98e,3,111319,20.28625621587364,0.024865334879505152,0.9771557271557272,0.7362041341633179,64.50629425048828
scene-0968_CAM_FRONT_5df9f3f1_7f2bc98e,4,111511,21.248497092414084,0.0301234900328744,0.9752711895569038,0.7342867648990098,64.04813385009766
scene-0968_CAM_FRONT_184a3de6_927a2dc6,0,106168,18.873164872633,0.0268571212715476,0.9742337089275864,0.69714101856959,65.22056579589844
scene-0968_CAM_FRONT_184a3de6_927a2dc6,1,105039,19.415727941992007,0.02348022649955972,0.9740170199353873,0.6897670265017204,63.6431999206543
scene-0968_CAM_FRONT_184a3de6_927a2dc6,2,105720,18.927284259165997,0.02340621926728348,0.9744503979197857,0.6942452656738372,64.15596008300781
scene-0968_CAM_FRONT_184a3de6_927a2dc6,3,104325,18.577263122775793,0.022015604607785733,0.9739907546029996,0.6852099913324403,65.14017486572266
scene-0968_CAM_FRONT_184a3de6_927a2dc6,4,106861,19.524370851769916,0.02100149016839481,0.9741877445959078,0.701829380400809,63.790008544921875
scene-0969_CAM_FRONT_923b34d4_ea7c5f51,0,115469,16.66979901305123,0.035535872720730666,0.9748509442386993,0.7600202243059386,63.47832489013672
scene-0969_CAM_FRONT_923b34d4_ea7c5f51,1,115221,16.381990813702725,0.036267567025571434,0.9734851469545347,0.7587923200168099,64.94979095458984
scene-0969_CAM_FRONT_923b34d4_ea7c5f51,2,114654,16.438537344398345,0.039126366110364685,0.9737215349460248,0.7543666115094686,64.06144714355469
scene-0969_CAM_FRONT_923b34d4_ea7c5f51,3,114106,16.721644046532848,0.034890705247228926,0.9734391826228561,0.7541499225172694,62.88428497314453
scene-0969_CAM_FRONT_923b34d4_ea7c5f51,4,109900,16.457706532579788,0.03356899981827355,0.9718435636802983,0.7273855488141202,62.52442169189453
scene-0969_CAM_FRONT_e3a3363b_a04f92ca,0,120449,14.844712103146358,0.02044105763223447,0.9687442544585402,0.809944054842014,64.95362854003906
scene-0969_CAM_FRONT_e3a3363b_a04f92ca,1,117952,14.436696534360193,0.0257908485048306,0.968757387124734,0.7838297481154624,65.81156921386719
scene-0969_CAM_FRONT_e3a3363b_a04f92ca,2,113170,14.412023252952752,0.02555213494427644,0.9604969400887768,0.7540185958553306,67.21485900878906
scene-0969_CAM_FRONT_e3a3363b_a04f92ca,3,105550,14.92179250159033,0.029445489637772937,0.949905444803404,0.7010742520946602,66.50054931640625
scene-0969_CAM_FRONT_e3a3363b_a04f92ca,4,97497,15.801303295378995,0.029702775530241254,0.9356630683161296,0.6481036430016022,64.95672607421875
scene-0969_CAM_FRONT_0fa78a07_10540722,0,89141,18.517665079195204,0.02353599447694421,0.9126874688099178,0.5853688965933864,66.98607635498047
scene-0969_CAM_FRONT_0fa78a07_10540722,1,90720,18.401036021796727,0.01863269081585761,0.9133506684527093,0.5957174375541723,67.70476531982422
scene-0969_CAM_FRONT_0fa78a07_10540722,2,88731,18.009186982703742,0.013445246705716674,0.9122278254931316,0.5826373020250571,67.33467864990234
scene-0969_CAM_FRONT_0fa78a07_10540722,3,86296,19.06520911758193,0.02095325890982891,0.9118272791742179,0.56668111259948,66.81458282470703
scene-0969_CAM_FRONT_0fa78a07_10540722,4,85059,18.524862458777267,0.019382120339050957,0.9130814487957345,0.5585519922254616,67.6312484741211
scene-0969_CAM_FRONT_89804ee2_863d4849,0,99867,20.765823295709794,0.03381921801674137,0.913626454442781,0.6557599873926404,67.6339340209961
scene-0969_CAM_FRONT_89804ee2_863d4849,1,99531,21.42427194148936,0.03315191226335301,0.9128713261366322,0.6536390618023271,66.7458724975586
scene-0969_CAM_FRONT_89804ee2_863d4849,2,97694,21.922518970616764,0.025885751831040915,0.9119126415044783,0.6414913455729783,65.78036499023438
scene-0969_CAM_FRONT_89804ee2_863d4849,3,95913,21.856735893709,0.0216890284982747,0.911223176529299,0.6297967063273185,65.8558120727539
scene-0969_CAM_FRONT_89804ee2_863d4849,4,95301,22.812717421044404,0.025811665199547917,0.9121030651642896,0.6257781104719881,64.60832214355469
scene-0969_CAM_FRONT_e624c4c4_93d2488a,0,79369,16.55830933179723,0.020067165766779915,0.9129238568014079,0.5211632915714548,64.83830261230469
scene-0969_CAM_FRONT_e624c4c4_93d2488a,1,78028,16.699631308489298,0.017889922545395454,0.9132127754576734,0.5123578388884511,64.4339599609375
scene-0969_CAM_FRONT_e624c4c4_93d2488a,2,77605,16.50590069811761,0.021857340549571447,0.9130026527985712,0.5095802799884432,64.89385223388672
scene-0969_CAM_FRONT_e624c4c4_93d2488a,3,76917,16.876398601398602,0.02132906232028331,0.910257925564048,0.5050626428177448,64.0229721069336
scene-0969_CAM_FRONT_e624c4c4_93d2488a,4,74442,17.42647468300206,0.015965512641110458,0.9094896645917054,0.48881096840280513,62.944026947021484
scene-0969_CAM_FRONT_12831494_6c101672,0,90756,27.394800558108997,0.02299049078220894,0.9089774906101437,0.596354371864576,63.84852981567383
scene-0969_CAM_FRONT_12831494_6c101672,1,88280,27.335134073082667,0.023493991300849615,0.9100018385732671,0.5809169227536575,64.54078674316406
scene-0969_CAM_FRONT_12831494_6c101672,2,90192,27.004214918256128,0.018115829064657918,0.9108948598744517,0.5929924093189399,65.95962524414062
scene-0969_CAM_FRONT_12831494_6c101672,3,90429,25.861573565628326,0.017896207442988477,0.9118010138418302,0.5942071809418749,67.41984558105469
scene-0969_CAM_FRONT_12831494_6c101672,4,88619,26.44970703125,0.021750142197992872,0.9120111365009325,0.5819675360491687,69.21501159667969
scene-0969_CAM_FRONT_d3fc0ca6_75f75895,0,93924,25.79494081898642,0.01709466376722668,0.9127662648070811,0.6175045307698369,68.32669830322266
scene-0969_CAM_FRONT_d3fc0ca6_75f75895,1,91042,26.42049352134146,0.02289183834396291,0.913015785464765,0.598146980800042,68.36825561523438
scene-0969_CAM_FRONT_d3fc0ca6_75f75895,2,84284,28.64485579912936,0.024995452012402275,0.912418249152943,0.5537717017308854,66.2573013305664
scene-0969_CAM_FRONT_d3fc0ca6_75f75895,3,82524,30.888281249999995,0.02247375716879163,0.9143487510834449,0.5419194704908991,63.870338439941406
scene-0969_CAM_FRONT_d3fc0ca6_75f75895,4,85976,28.38359375000001,0.013859545609665513,0.9127071678092086,0.5647309116696871,65.15643310546875
scene-0969_CAM_FRONT_2c16056f_c65d8181,0,107844,28.642887827685417,0.013517976672680732,0.9142896540855725,0.7102145877656082,63.834712982177734
scene-0969_CAM_FRONT_2c16056f_c65d8181,1,113223,28.16660261068872,0.017638993490539878,0.9172445039791979,0.7450424185118063,65.05144500732422
scene-0969_CAM_FRONT_2c16056f_c65d8181,2,111491,30.062715530395497,0.020724069961580938,0.9180390302839282,0.7338730859139022,63.272300720214844
scene-0969_CAM_FRONT_2c16056f_c65d8181,3,110402,30.5553666730967,0.02523081002259797,0.9195755522286134,0.7263086701862213,63.35273361206055
scene-0969_CAM_FRONT_2c16056f_c65d8181,4,109826,30.55239824397002,0.015047668604372566,0.9211186405063956,0.7221456150027579,63.92140197753906
scene-0971_CAM_FRONT_45c4bd03_deefc567,0,140242,15.375159729251015,0.07839032579960903,0.9879573451002023,0.9232920967614845,69.10295867919922
scene-0971_CAM_FRONT_45c4bd03_deefc567,1,139366,15.187337380745884,0.08155740910293408,0.9877406561080031,0.9176910146297902,68.87195587158203
scene-0971_CAM_FRONT_45c4bd03_deefc567,2,139081,15.136933745155035,0.07730695237501317,0.9873335434559924,0.9157670790323852,69.44237518310547
scene-0971_CAM_FRONT_45c4bd03_deefc567,3,137906,15.824995408912828,0.07749408160673688,0.9855081028550416,0.9083142909673522,66.96636962890625
scene-0971_CAM_FRONT_45c4bd03_deefc567,4,139171,15.3827165968189,0.08315578521698264,0.9860859401675728,0.916266120347753,68.3072280883789
scene-0971_CAM_FRONT_d95a0f0a_ec55283a,0,146791,15.794148095969947,0.02953549693469526,0.987865416436845,0.969000341449321,67.09474182128906
scene-0971_CAM_FRONT_d95a0f0a_ec55283a,1,147871,15.416224647583427,0.03225806889329297,0.987753788774197,0.9753368528878733,68.6369857788086
scene-0971_CAM_FRONT_d95a0f0a_ec55283a,2,148324,14.901897909350303,0.02793436760426049,0.9900979696898065,0.9788235757623512,68.5590591430664
scene-0971_CAM_FRONT_d95a0f0a_ec55283a,3,149364,14.82085365246815,0.015555477503600867,0.9957384498200825,0.9848974338770257,69.7427749633789
scene-0971_CAM_FRONT_d95a0f0a_ec55283a,4,147654,14.837074536955758,0.036842037125024873,0.9955151944947863,0.9705237307278124,69.63475036621094
scene-0971_CAM_FRONT_0c9100bb_0b91ae54,0,143756,14.120988874027235,0.05188844320733099,0.9975770230872272,0.9440942400126073,71.11282348632812
scene-0971_CAM_FRONT_0c9100bb_0b91ae54,1,131604,13.953396100939417,0.04446942769962359,0.996263756467838,0.8644052215480786,69.83160400390625
scene-0971_CAM_FRONT_0c9100bb_0b91ae54,2,115938,13.588268939757876,0.04575169059770001,0.944855934651853,0.7614845165865574,70.8292236328125
scene-0971_CAM_FRONT_0c9100bb_0b91ae54,3,103008,14.518126989293984,0.0938061967084467,0.9353150526619914,0.6763848396501457,71.10381317138672
scene-0971_CAM_FRONT_0c9100bb_0b91ae54,4,92996,15.200830112438513,0.055137704147420585,0.9208559871825178,0.610642712683529,69.10606384277344
scene-0971_CAM_FRONT_cb99af54_e5164edf,0,113016,23.779766509016966,0.02939329265831092,0.9162004570167835,0.7470976807711501,66.72552490234375
scene-0971_CAM_FRONT_cb99af54_e5164edf,1,116490,23.623484550070035,0.018501200097782444,0.9156160533711554,0.7724043285267775,67.62948608398438
scene-0971_CAM_FRONT_cb99af54_e5164edf,2,112423,24.67289378230733,0.024574873540666786,0.9023783258477136,0.7466840017860426,65.80703735351562
scene-0971_CAM_FRONT_cb99af54_e5164edf,3,107459,24.28339896206357,0.02096402334040448,0.891399416909621,0.7172799621779213,66.7053451538086
scene-0971_CAM_FRONT_cb99af54_e5164edf,4,102128,25.179106432717116,0.027319129711810053,0.8781682557192761,0.6771399679562945,66.39054870605469
scene-0971_CAM_FRONT_d651efd7_bcb4f1b8,0,98122,25.67216128482738,0.024567293066888318,0.8646547422057627,0.656042339715809,64.94049072265625
scene-0971_CAM_FRONT_d651efd7_bcb4f1b8,1,96761,25.8699662990196,0.024131980065950742,0.8535707719381189,0.6617287841777638,64.46080017089844
scene-0971_CAM_FRONT_d651efd7_bcb4f1b8,2,93721,24.659197230538922,0.034167500017469266,0.8408977490610143,0.6438814908202664,64.5767593383789
scene-0971_CAM_FRONT_d651efd7_bcb4f1b8,3,93997,24.989639731391918,0.02938015545551309,0.8384747721482415,0.634183016836078,63.65518569946289
scene-0971_CAM_FRONT_d651efd7_bcb4f1b8,4,91870,26.35946490763174,0.03176975726443354,0.8311467444120505,0.6228429595776535,65.05656433105469
scene-0971_CAM_FRONT_2c167c01_e63daf85,0,97311,27.1148087608623,0.03149297320547584,0.8210542904420456,0.6572045806739685,66.05870056152344
scene-0971_CAM_FRONT_2c167c01_e63daf85,1,98840,27.191259901133208,0.02091368090007384,0.8151642896540856,0.6705145378614766,66.25543975830078
scene-0971_CAM_FRONT_2c167c01_e63daf85,2,101212,27.143042919303795,0.022403848561346917,0.8292096761484516,0.6823602027683661,66.01416015625
scene-0971_CAM_FRONT_2c167c01_e63daf85,3,105330,26.96248424899193,0.020380328378891477,0.8398274367662123,0.709754944448822,67.21700286865234
scene-0971_CAM_FRONT_2c167c01_e63daf85,4,106753,26.335432816537462,0.015949519380178856,0.8478711948099703,0.7182320804769784,68.35930633544922
scene-0971_CAM_FRONT_ed00752c_dd3e8360,0,99560,32.1108981011685,0.026060652738414403,0.8389278491319307,0.6698447718855882,66.44117736816406
scene-0971_CAM_FRONT_ed00752c_dd3e8360,1,101612,31.69517056207419,0.04552149008685591,0.8345546712893651,0.6756231450109002,67.91297912597656
scene-0971_CAM_FRONT_ed00752c_dd3e8360,2,97767,30.985510287534424,0.0360412474722791,0.8268195309011636,0.6601003335697213,68.5080795288086
scene-0971_CAM_FRONT_ed00752c_dd3e8360,3,95941,30.5841993269992,0.02924531194149127,0.8332808026685578,0.6483006329945106,68.57508850097656
scene-0971_CAM_FRONT_ed00752c_dd3e8360,4,90864,31.314064871016686,0.0216444243598497,0.8247577023087227,0.6127833372731332,67.13084411621094
scene-0971_CAM_FRONT_11a83de0_b6fdaedd,0,94941,24.02458953279,0.021659180379777876,0.8259002442675912,0.642364667874872,66.26399993896484
scene-0971_CAM_FRONT_11a83de0_b6fdaedd,1,94728,22.91580290841585,0.019877425211345612,0.8352769679300291,0.6464686260604628,67.06253051757812
scene-0971_CAM_FRONT_11a83de0_b6fdaedd,2,89747,23.980865995762702,0.018261602723071757,0.823634859349145,0.6164933154729073,67.263671875
scene-0971_CAM_FRONT_11a83de0_b6fdaedd,3,86721,24.91729709675218,0.02136718351080802,0.8161558059517243,0.5918826990255561,64.57112884521484
scene-0971_CAM_FRONT_11a83de0_b6fdaedd,4,84638,22.911206670168067,0.019119487768324506,0.7968704856459958,0.5754668662831928,66.60639953613281
scene-0972_CAM_FRONT_e80bfd61_c8151359,0,92229,20.25666898419204,0.055638531191163576,0.7896737845717438,0.6440062511491083,66.12432098388672
scene-0972_CAM_FRONT_e80bfd61_c8151359,1,96951,18.91564847746164,0.03368440839417408,0.7897919785674887,0.6744937357182255,65.53328704833984
scene-0972_CAM_FRONT_e80bfd61_c8151359,2,91908,18.889022553181114,0.04170775130948634,0.7731791558322171,0.6532385154834135,65.69310760498047
scene-0972_CAM_FRONT_e80bfd61_c8151359,3,95666,17.91974386867089,0.026130815258870177,0.7864431486880467,0.6816707377931868,65.96017456054688
scene-0972_CAM_FRONT_e80bfd61_c8151359,4,99615,19.294183003091625,0.02725901225175198,0.8066937199590261,0.715631812570588,65.61564636230469
scene-0972_CAM_FRONT_6cd9c11f_dbaed053,0,106739,17.404337565104164,0.03600965417528679,0.8420796890184645,0.7492054736952696,66.51465606689453
scene-0972_CAM_FRONT_6cd9c11f_dbaed053,1,105506,17.383821659857443,0.03373015821128589,0.8259068106006882,0.7454757964962047,65.51582336425781
scene-0972_CAM_FRONT_6cd9c11f_dbaed053,2,96657,17.338552545691904,0.021424016535211976,0.7840530034407586,0.6895109395109396,65.09722900390625
scene-0972_CAM_FRONT_6cd9c11f_dbaed053,3,87820,17.294646944665605,0.013079124246060392,0.7353505108607149,0.6402240432852678,66.03959655761719
scene-0972_CAM_FRONT_6cd9c11f_dbaed053,4,84511,17.619860738807372,0.016562350525994418,0.7118036403750689,0.617727786095133,65.9132080078125
scene-0972_CAM_FRONT_01c42b37_24d36d6c,0,75746,22.506911967452428,0.021170235856672104,0.6564231870354319,0.5253197804218213,65.0115966796875
scene-0972_CAM_FRONT_01c42b37_24d36d6c,1,81068,22.109381781684032,0.01382414828858658,0.6813227221390487,0.5663002652798571,66.0789566040039
scene-0972_CAM_FRONT_01c42b37_24d36d6c,2,88688,22.431516571270308,0.02172626662308552,0.7348908675439287,0.6079176844482967,66.9878158569336
scene-0972_CAM_FRONT_01c42b37_24d36d6c,3,93077,23.782854352678577,0.016235914990071265,0.7741772384629527,0.6294289916738897,64.58323669433594
scene-0972_CAM_FRONT_01c42b37_24d36d6c,4,87011,23.953169080946186,0.022586364753063304,0.7443332545373361,0.5947981509206,64.5638656616211
scene-0972_CAM_FRONT_68d1a328_53bc14f0,0,88092,29.92528013532541,0.017223859788294105,0.7172339978462428,0.6135515982454758,63.72923278808594
scene-0972_CAM_FRONT_68d1a328_53bc14f0,1,85130,29.84498076531995,0.02140277879885244,0.7095776534552045,0.6006618863761721,64.18447875976562
scene-0972_CAM_FRONT_68d1a328_53bc14f0,2,80913,30.59203517221249,0.019947741859926982,0.699294775825388,0.5707259737871982,63.76697540283203
scene-0972_CAM_FRONT_68d1a328_53bc14f0,3,76674,29.460651739059443,0.02372252367434058,0.6874491109184987,0.5221942058676753,64.24609375
scene-0972_CAM_FRONT_68d1a328_53bc14f0,4,76509,28.16149412451897,0.024098818104228314,0.6899180521629501,0.5169608383894099,65.59178924560547
scene-0972_CAM_FRONT_1241c106_98f5dd32,0,88670,25.020282701077942,0.04037145361871053,0.7122961153573398,0.6204134163317837,68.08634948730469
scene-0972_CAM_FRONT_1241c106_98f5dd32,1,88836,24.442603616153498,0.04311158425631145,0.7460208021432512,0.632259081238673,66.98835754394531
scene-0972_CAM_FRONT_1241c106_98f5dd32,2,94388,25.204551499862717,0.02938113330395664,0.7798111522601319,0.6743624090562866,65.46256256103516
scene-0972_CAM_FRONT_1241c106_98f5dd32,3,101692,24.553950364985518,0.01963743741327839,0.8512200246894125,0.6811257321461404,67.41607666015625
scene-0972_CAM_FRONT_1241c106_98f5dd32,4,101693,26.265425233241174,0.02123891450392401,0.8387439918052163,0.6810272371496862,65.69905090332031
scene-0972_CAM_FRONT_7d8ff417_32acb4d3,0,118258,22.29162690839695,0.021829805486473397,0.8684238174034092,0.7986171302497833,65.67243194580078
scene-0972_CAM_FRONT_7d8ff417_32acb4d3,1,122301,22.480008896083046,0.023821195374113202,0.8939996848160113,0.8270624852257505,66.53858947753906
scene-0972_CAM_FRONT_7d8ff417_32acb4d3,2,127780,22.703616727941178,0.024606938132355927,0.9143684500827358,0.8517387650040711,68.857421875
scene-0972_CAM_FRONT_7d8ff417_32acb4d3,3,126949,21.99305508378623,0.02595101812006506,0.9314868804664723,0.8457043048879783,69.87017822265625
scene-0972_CAM_FRONT_7d8ff417_32acb4d3,4,126664,21.710575181159424,0.0219296088419072,0.9258135686707115,0.845750269219657,69.26030731201172
scene-0972_CAM_FRONT_4f5b8cae_82c379e1,0,124951,27.227097162490647,0.021906681113643245,0.9371010952643606,0.826517479578704,64.92203521728516
scene-0972_CAM_FRONT_4f5b8cae_82c379e1,1,118431,24.11111667097107,0.026028957334040648,0.9478895805426417,0.7869684553358023,64.73384857177734
scene-0972_CAM_FRONT_4f5b8cae_82c379e1,2,115358,23.705831677872865,0.02471246527841564,0.9530901163554225,0.7630735691960182,64.5836181640625
scene-0972_CAM_FRONT_4f5b8cae_82c379e1,3,109206,23.671065529942968,0.026151833777265265,0.9553555012738686,0.720444934730649,62.58602523803711
scene-0972_CAM_FRONT_4f5b8cae_82c379e1,4,106506,23.210073179164112,0.02285625961401294,0.9563864155700891,0.6996493578126232,63.08194351196289
scene-0972_CAM_FRONT_6b179cb7_0c381dc5,0,111556,26.702524895578655,0.023072482500740676,0.9570824468783653,0.7383907230846006,62.76615524291992
scene-0972_CAM_FRONT_6b179cb7_0c381dc5,1,111560,28.485032684948973,0.013589571787090637,0.957962335513356,0.7496651170120557,61.731990814208984
scene-0972_CAM_FRONT_6b179cb7_0c381dc5,2,109244,27.501338353064067,0.015676161531849697,0.9614621910540277,0.7264137315157724,64.53145599365234
scene-0972_CAM_FRONT_6b179cb7_0c381dc5,3,106616,26.645711936090233,0.0228914431475149,0.9606348330838127,0.7100372967719907,65.46259307861328
scene-0972_CAM_FRONT_6b179cb7_0c381dc5,4,107314,26.43441415047859,0.02527533694936901,0.9633598613190449,0.723445748955953,66.08912658691406
scene-1059_CAM_FRONT_cb4504ed_fff51b00,0,71450,18.218172873590227,0.029485741621144035,0.6399942216268747,0.513572610511386,71.67953491210938
scene-1059_CAM_FRONT_cb4504ed_fff51b00,1,71134,20.675154804356204,0.022986140656071852,0.6368883460720195,0.482579518293804,65.46650695800781
scene-1059_CAM_FRONT_cb4504ed_fff51b00,2,70632,19.632413033043647,0.018190733197142928,0.6328828828828829,0.5307632705591889,66.6645278930664
scene-1059_CAM_FRONT_cb4504ed_fff51b00,3,67999,22.680901385175286,0.017890095023338937,0.6493052819583431,0.5244398917868306,63.51764678955078
scene-1059_CAM_FRONT_cb4504ed_fff51b00,4,66640,20.46471087346311,0.033329211835678496,0.6189556903842618,0.5599834528405957,68.43265533447266
scene-1059_CAM_FRONT_97d92ade_bdea805e,0,64096,17.253425018046197,0.03837581829127146,0.6011871930239278,0.45798203451264674,66.18578338623047
scene-1059_CAM_FRONT_97d92ade_bdea805e,1,64130,16.19337263579049,0.029060036895876884,0.5791308801512883,0.456990518215008,68.6147689819336
scene-1059_CAM_FRONT_97d92ade_bdea805e,2,61727,18.13462293939753,0.029539342435261684,0.5895319517768497,0.5180574160165997,60.52678298950195
scene-1059_CAM_FRONT_97d92ade_bdea805e,3,61373,19.0256794977925,0.02283384944851541,0.6112139836629632,0.5315512305308223,60.34695053100586
scene-1059_CAM_FRONT_97d92ade_bdea805e,4,60852,17.33502956081081,0.02805544540321847,0.620978120978121,0.4914243689753894,61.4587287902832
scene-1059_CAM_FRONT_a945d7d0_3aeb1dd2,0,71040,18.295283928322167,0.03255337572824124,0.6061053765135398,0.5245252541170908,62.1328010559082
scene-1059_CAM_FRONT_a945d7d0_3aeb1dd2,1,69050,19.348455200574175,0.01769550814233911,0.6212407743019988,0.5436267170961049,60.170433044433594
scene-1059_CAM_FRONT_a945d7d0_3aeb1dd2,2,80306,18.988228462837842,0.03310445280887797,0.7072006408741103,0.6317075092585297,61.6667366027832
scene-1059_CAM_FRONT_a945d7d0_3aeb1dd2,3,73911,19.445480872844833,0.03281525438713828,0.7076996821894781,0.5443818454022535,62.4925651550293
scene-1059_CAM_FRONT_a945d7d0_3aeb1dd2,4,74242,17.340832919563063,0.026154487948018446,0.7206287920573635,0.5509219131668112,62.46879196166992
scene-1059_CAM_FRONT_3f8c45e9_2ff6e2f9,0,84856,16.83653830050911,0.03615429414979032,0.6533961074777401,0.7184290704698868,59.276885986328125
scene-1059_CAM_FRONT_3f8c45e9_2ff6e2f9,1,89624,20.223856263241526,0.04011333142267781,0.6464620597273658,0.8294985948047172,54.3209114074707
scene-1059_CAM_FRONT_3f8c45e9_2ff6e2f9,2,90048,16.9977809117493,0.029885274906851222,0.653645628135424,0.8417316733643264,61.85576248168945
scene-1059_CAM_FRONT_3f8c45e9_2ff6e2f9,3,90235,19.056511278973506,0.05264842346307086,0.6819727891156463,0.8488824101068999,62.95750427246094
scene-1059_CAM_FRONT_3f8c45e9_2ff6e2f9,4,97490,15.395709125681368,0.04098962289847097,0.7520224305938592,0.816077009954561,67.08859252929688
scene-1059_CAM_FRONT_eb82a835_82f21b3a,0,103811,12.51062096573982,0.0997616342173071,0.8263204895857957,0.7452459748378115,67.4134292602539
scene-1059_CAM_FRONT_eb82a835_82f21b3a,1,104175,12.591780550373135,0.10755729223172494,0.8260184382633362,0.7336629632548,62.37807083129883
scene-1059_CAM_FRONT_eb82a835_82f21b3a,2,93174,11.33219990424791,0.06203979070376553,0.7831731148057679,0.6767262889711869,69.11637115478516
scene-1059_CAM_FRONT_eb82a835_82f21b3a,3,90289,13.10607068020632,0.060258518270382755,0.7672760223780632,0.6693325979040264,62.2917366027832
scene-1059_CAM_FRONT_eb82a835_82f21b3a,4,88124,12.16336179299259,0.046212812028370465,0.8132469203897775,0.6369014787382135,67.39860534667969
scene-1059_CAM_FRONT_f8ac246e_31c4135d,0,82095,10.136418332891951,0.058189366793874875,0.8269836892285872,0.5694980694980695,72.85736083984375
scene-1059_CAM_FRONT_f8ac246e_31c4135d,1,77551,9.702244338695442,0.06402058818083933,0.8069892049483887,0.5253920100858877,73.53710174560547
scene-1059_CAM_FRONT_f8ac246e_31c4135d,2,77052,12.53695532316651,0.06066385237608385,0.8297415491293042,0.5140913508260447,62.6644401550293
scene-1059_CAM_FRONT_f8ac246e_31c4135d,3,73976,10.503086478157444,0.06120367167570473,0.776679011372889,0.49852914138628424,71.81209564208984
scene-1059_CAM_FRONT_f8ac246e_31c4135d,4,75355,10.265407349706745,0.08150706901964133,0.7951172747091114,0.503125574554146,71.68316650390625
scene-1059_CAM_FRONT_49e0e239_7dfdfced,0,92600,14.054847205931635,0.12149254822050515,0.803817666062564,0.6483859953247708,68.49340057373047
scene-1059_CAM_FRONT_49e0e239_7dfdfced,1,85427,15.604957376627826,0.092188207008018,0.7404525516770415,0.6284571743755417,65.58244323730469
scene-1059_CAM_FRONT_49e0e239_7dfdfced,2,85743,14.266774470074811,0.10278697428580008,0.7302287710450975,0.6584915819609697,69.095458984375
scene-1059_CAM_FRONT_49e0e239_7dfdfced,3,80429,14.794469611930724,0.0926510382866379,0.7520815275917316,0.5734247366900428,66.28853607177734
scene-1059_CAM_FRONT_49e0e239_7dfdfced,4,77294,15.814294849068071,0.12924040532850256,0.7438933102198408,0.5581120479079663,65.0667724609375
scene-1059_CAM_FRONT_171e5846_5253c29c,0,99302,21.40061986502348,0.10342857054206744,0.7468612927796602,0.7675124103695532,66.26641082763672
scene-1059_CAM_FRONT_171e5846_5253c29c,1,98243,20.749686403936092,0.10017165188742183,0.7462900218002259,0.7431053502482073,65.72064971923828
scene-1059_CAM_FRONT_171e5846_5253c29c,2,89929,21.75971333927029,0.08295291171220365,0.6831350300738056,0.7400585716912248,65.57078552246094
scene-1059_CAM_FRONT_171e5846_5253c29c,3,90286,19.857784035458682,0.0785874142981462,0.6967930029154519,0.751438026948231,68.70370483398438
scene-1059_CAM_FRONT_171e5846_5253c29c,4,91119,17.4487348206328,0.06902497036665434,0.735212617865679,0.7872376749927771,69.51033782958984
scene-1060_CAM_FRONT_e74b8ce0_ffced1bc,0,90191,22.184764942089163,0.07556067615583828,0.8153875449793817,0.6732723977621937,72.1170654296875
scene-1060_CAM_FRONT_e74b8ce0_ffced1bc,1,95784,17.700176038240134,0.07401640070567983,0.8570968928111785,0.7227562839807737,87.01309967041016
scene-1060_CAM_FRONT_e74b8ce0_ffced1bc,2,79541,18.006052438219776,0.10899295088111316,0.765128831455362,0.665550390040186,82.05107879638672
scene-1060_CAM_FRONT_e74b8ce0_ffced1bc,3,76695,21.408204127116466,0.03893748091429927,0.7746368817797389,0.6201573293410028,74.21549224853516
scene-1060_CAM_FRONT_e74b8ce0_ffced1bc,4,63105,21.005662132958285,0.05315409198969423,0.6589643579439498,0.511412286922491,69.40773010253906
scene-1060_CAM_FRONT_ce3718b3_6a572eb7,0,72745,24.385076467175058,0.0388410152533889,0.6742639140598324,0.5349460247419431,69.66419982910156
scene-1060_CAM_FRONT_ce3718b3_6a572eb7,1,84689,26.67438058035714,0.04346550868960186,0.9130683161295406,0.5627807107398944,63.53471755981445
scene-1060_CAM_FRONT_ce3718b3_6a572eb7,2,83844,25.697176356102457,0.08352507164171996,0.7592782286659838,0.736552149817456,66.92113494873047
scene-1060_CAM_FRONT_ce3718b3_6a572eb7,3,87023,33.799183132123574,0.08273300270890216,0.8176988942295065,0.7290533974207444,60.00335693359375
scene-1060_CAM_FRONT_ce3718b3_6a572eb7,4,84737,29.05145947802198,0.13245663073217484,0.8407335907335908,0.6366388254143356,67.32756805419922
scene-1060_CAM_FRONT_2f51a63b_2fd7d4c5,0,74749,24.8744077166065,0.024846345728423813,0.8285530428387571,0.5506264281774486,63.74652862548828
scene-1060_CAM_FRONT_2f51a63b_2fd7d4c5,1,79432,18.194272511774916,0.03914497515510518,0.7465986394557823,0.6026317863052557,80.56827545166016
scene-1060_CAM_FRONT_2f51a63b_2fd7d4c5,2,85666,18.218821814722723,0.12040581310096554,0.7581882173718908,0.6513868095500749,85.29402923583984
scene-1060_CAM_FRONT_2f51a63b_2fd7d4c5,3,85577,19.684092261904762,0.14018013922687622,0.8340621963070942,0.669634649226486,80.45909118652344
scene-1060_CAM_FRONT_2f51a63b_2fd7d4c5,4,88230,16.647307104869903,0.08922099723606869,0.8772883670842855,0.6645391747432564,88.50917053222656
scene-1060_CAM_FRONT_d6297a6f_8df260af,0,93309,17.305291328721374,0.08992453941823131,0.8178105218921545,0.6998988784703071,86.4530029296875
scene-1060_CAM_FRONT_d6297a6f_8df260af,1,91229,18.637114126303214,0.07205499524525782,0.8043955033750952,0.6676581829643055,83.87129974365234
scene-1060_CAM_FRONT_d6297a6f_8df260af,2,93006,19.538842345773038,0.10167893702125896,0.8646810075381504,0.7357379245134347,82.09829711914062
scene-1060_CAM_FRONT_d6297a6f_8df260af,3,82642,18.901441356803794,0.04674479304977108,0.8063522706379849,0.6682688519423213,78.30164337158203
scene-1060_CAM_FRONT_d6297a6f_8df260af,4,72306,20.88904690155055,0.025703567714594255,0.7470582827725685,0.6113978409896778,73.91970825195312
scene-1060_CAM_FRONT_e0e5ebc1_84eb0d49,0,68156,19.23975488744076,0.06037274609827237,0.7097680771150159,0.49762955375200274,69.93181610107422
scene-1060_CAM_FRONT_e0e5ebc1_84eb0d49,1,70115,24.647930232024937,0.050053433239331646,0.6249901505003546,0.5431670737793187,64.15003204345703
scene-1060_CAM_FRONT_e0e5ebc1_84eb0d49,2,67802,23.348072748384485,0.052125527403208194,0.641517610905366,0.5168032463950831,73.34993743896484
scene-1060_CAM_FRONT_e0e5ebc1_84eb0d49,3,74410,30.813935512367493,0.06579847111357928,0.7587069576865495,0.5473366952958789,61.291175842285156
scene-1060_CAM_FRONT_e0e5ebc1_84eb0d49,4,74111,25.955034774295147,0.04418598544767782,0.824961258634728,0.507570982060778,68.50037384033203
scene-1060_CAM_FRONT_263f230e_fb43e7b6,0,91932,19.726743688367424,0.03776093349981369,0.8651669161873243,0.6527788721666272,75.6231460571289
scene-1060_CAM_FRONT_263f230e_fb43e7b6,1,98627,19.109538859088712,0.07937733937691593,0.7843484884301211,0.7920967614845166,76.75244140625
scene-1060_CAM_FRONT_263f230e_fb43e7b6,2,101798,17.620109822775266,0.06307664311301675,0.8679970057521078,0.7392640453864944,81.46891784667969
scene-1060_CAM_FRONT_263f230e_fb43e7b6,3,106621,23.80123310456831,0.09866309267590445,0.848987471436451,0.7896540855724529,68.69158172607422
scene-1060_CAM_FRONT_263f230e_fb43e7b6,4,79158,22.037837554304904,0.05448429988904335,0.6205578756599165,0.664460378746093,75.75553894042969
scene-1060_CAM_FRONT_5510e4b6_0b0e7d27,0,74012,23.813833220108698,0.04388659211810175,0.6424697292044231,0.6154624011766869,66.47988891601562
scene-1060_CAM_FRONT_5510e4b6_0b0e7d27,1,86591,22.468421994274813,0.07087691623243364,0.7184225041367899,0.6642699550862816,71.57110595703125
scene-1060_CAM_FRONT_5510e4b6_0b0e7d27,2,91607,24.000991434010146,0.06313824274700597,0.6840280513749901,0.7613203582591338,68.28449249267578
scene-1060_CAM_FRONT_5510e4b6_0b0e7d27,3,84683,24.108872899469336,0.09076250230344396,0.6919273500906153,0.6690765109132456,68.86207580566406
scene-1060_CAM_FRONT_5510e4b6_0b0e7d27,4,78830,21.937659655994544,0.025349863250033078,0.674907414703333,0.685492343655609,75.2436294555664
scene-1060_CAM_FRONT_3f9e2573_2deffe9a,0,80753,20.418600572724475,0.08799392651825455,0.6128621332702965,0.7534210595435086,80.58556365966797
scene-1060_CAM_FRONT_3f9e2573_2deffe9a,1,84478,19.877419652442292,0.05386978956925237,0.6484779239881281,0.7369855278018543,79.86964416503906
scene-1060_CAM_FRONT_3f9e2573_2deffe9a,2,92036,16.66118072591437,0.06338371122845565,0.7106676647492974,0.7507419956399548,89.08838653564453
scene-1060_CAM_FRONT_3f9e2573_2deffe9a,3,105037,20.1385351164174,0.1377985914849278,0.7940206970819216,0.7848606624116828,78.00344848632812
scene-1060_CAM_FRONT_3f9e2573_2deffe9a,4,109808,21.182566964285716,0.06639262136347823,0.8669595251227904,0.7324350589656712,74.8875732421875
scene-1061_CAM_FRONT_79f64892_331fa27d,0,89450,16.285101215902284,0.05732328370578932,0.9175596879678513,0.5875095211829906,78.72245025634766
scene-1061_CAM_FRONT_79f64892_331fa27d,1,89077,14.462674887663399,0.12446184603400212,0.9114464318545952,0.5849092532766003,79.17019653320312
scene-1061_CAM_FRONT_79f64892_331fa27d,2,86046,17.77361297607422,0.08765596683975474,0.9126283718120453,0.5650526619914376,71.51322937011719
scene-1061_CAM_FRONT_79f64892_331fa27d,3,80090,13.813884678171647,0.0808093262309475,0.8728757912431382,0.5258976177343524,83.87256622314453
scene-1061_CAM_FRONT_79f64892_331fa27d,4,81755,14.319582456820191,0.042632541586564265,0.8633808735849552,0.5368305623407664,82.8544692993164
scene-1061_CAM_FRONT_3eada6f4_9fa6e5f9,0,102662,17.06095012150876,0.1315131073216238,0.8884117353505109,0.6994064034880362,86.0216293334961
scene-1061_CAM_FRONT_3eada6f4_9fa6e5f9,1,96001,19.491983026002718,0.03758988414275022,0.8204633204633205,0.670468573529798,85.09725952148438
scene-1061_CAM_FRONT_3eada6f4_9fa6e5f9,2,101745,20.039332561728394,0.052759613516532244,0.8895936753079611,0.6822223097733302,82.56299591064453
scene-1061_CAM_FRONT_3eada6f4_9fa6e5f9,3,112208,15.850158810848828,0.04141982873916339,0.8508523100359835,0.8103905654926064,90.84125518798828
scene-1061_CAM_FRONT_3eada6f4_9fa6e5f9,4,107627,14.720252793069946,0.08936978776509541,0.8819898615816983,0.7833569721324823,90.35177612304688
scene-1061_CAM_FRONT_f8de8186_f267aa43,0,101361,18.330913658038146,0.04398549611353708,0.8030034407585428,0.683561841725107,76.07701110839844
scene-1061_CAM_FRONT_f8de8186_f267aa43,1,99770,19.22121983959381,0.05227927984479175,0.7963977096630158,0.7310692616815065,76.82730102539062
scene-1061_CAM_FRONT_f8de8186_f267aa43,2,97480,18.15669107695282,0.06927368068660655,0.7792989782785701,0.7417395529640428,78.51010131835938
scene-1061_CAM_FRONT_f8de8186_f267aa43,3,88766,19.696392054479034,0.055379284187704325,0.7671709610485121,0.6693785622357051,72.2741928100586
scene-1061_CAM_FRONT_f8de8186_f267aa43,4,80136,16.867244655020176,0.05017405153164933,0.7653323877813674,0.598875843773803,75.15776824951172
scene-1061_CAM_FRONT_50e62add_8a75ea80,0,110295,18.85311956048738,0.0849618286091749,0.7791216872849526,0.7912168728495259,73.29110717773438
scene-1061_CAM_FRONT_50e62add_8a75ea80,1,111187,23.522451654586508,0.03733393596687762,0.8488036141097366,0.767302287710451,64.5889892578125
scene-1061_CAM_FRONT_50e62add_8a75ea80,2,112344,26.329617034313728,0.0946285479331288,0.8852533291308802,0.770907204580674,61.073402404785156
scene-1061_CAM_FRONT_50e62add_8a75ea80,3,113094,29.562204639243884,0.113974784794455,0.8362487852283771,0.7836721561211357,57.01536178588867
scene-1061_CAM_FRONT_50e62add_8a75ea80,4,109392,31.48580347803347,0.08987943357564587,0.7983873085913902,0.8048157486932997,53.160194396972656
scene-1061_CAM_FRONT_bb4f3cfb_50f1c83c,0,87943,28.571525083148554,0.055117089787946494,0.7471961757676043,0.662306621490295,60.50730895996094
scene-1061_CAM_FRONT_bb4f3cfb_50f1c83c,1,88228,28.633449074074075,0.03481409769282995,0.8256638562761012,0.6561080030467785,61.56105041503906
scene-1061_CAM_FRONT_bb4f3cfb_50f1c83c,2,84700,27.52434713522475,0.09577123616291128,0.8165300869382502,0.6102552990308092,63.90351104736328
scene-1061_CAM_FRONT_bb4f3cfb_50f1c83c,3,88548,29.18054250208856,0.07089558949269881,0.8247774013080136,0.6284834397079295,61.30088806152344
scene-1061_CAM_FRONT_bb4f3cfb_50f1c83c,4,105450,26.70570565586829,0.06510414187193647,0.9253801906863132,0.7067803955559058,64.05792999267578
scene-1061_CAM_FRONT_50e79730_01cf2593,0,112056,27.582402891854894,0.08235047766691195,0.8757912431381819,0.7417920836288183,65.79217529296875
scene-1061_CAM_FRONT_50e79730_01cf2593,1,107245,27.95283935100548,0.03282835328293254,0.8350011819399574,0.7520486959262469,63.88209915161133
scene-1061_CAM_FRONT_50e79730_01cf2593,2,111094,23.576720655487808,0.049078894469143375,0.851994851994852,0.7702440049378825,74.26345825195312
scene-1061_CAM_FRONT_50e79730_01cf2593,3,101508,24.615503610557774,0.04565455067389235,0.803456517742232,0.721896094345074,71.16411590576172
scene-1061_CAM_FRONT_50e79730_01cf2593,4,99952,25.308704842428906,0.037112256991459924,0.7889383552648859,0.7360859401675728,69.04556274414062
scene-1061_CAM_FRONT_a08ae80f_1f7bbb7a,0,112460,22.40501272624434,0.02854541169888325,0.8140808446930896,0.8619297139705303,72.34491729736328
scene-1061_CAM_FRONT_a08ae80f_1f7bbb7a,1,107610,21.66338440294581,0.06916801069981449,0.7962663830010769,0.8028852467627978,73.8529052734375
scene-1061_CAM_FRONT_a08ae80f_1f7bbb7a,2,102524,24.099482913669068,0.037488602576726704,0.7815249651984346,0.7550035458198724,71.74820709228516
scene-1061_CAM_FRONT_a08ae80f_1f7bbb7a,3,86709,23.858543843059564,0.03266615117733185,0.756375909437134,0.6646179707404197,71.53485107421875
scene-1061_CAM_FRONT_a08ae80f_1f7bbb7a,4,82410,23.390861146095723,0.030120791074012,0.7259934861975679,0.6056457331967536,73.57228088378906
scene-1061_CAM_FRONT_c3d70d9f_92e329cf,0,89763,23.561451118806605,0.027877690799646082,0.7767315420376645,0.6211291466393507,70.68959045410156
scene-1061_CAM_FRONT_c3d70d9f_92e329cf,1,75046,27.348160736832607,0.038972032430892645,0.625416962151656,0.5887045938066346,65.28446960449219
scene-1061_CAM_FRONT_c3d70d9f_92e329cf,2,76437,28.05681248567828,0.04275545581960705,0.6335657815249652,0.6365403304178814,62.969505310058594
scene-1061_CAM_FRONT_c3d70d9f_92e329cf,3,80170,27.927445164709713,0.04076229699264999,0.6301250229821659,0.6505331862474719,60.272003173828125
scene-1061_CAM_FRONT_c3d70d9f_92e329cf,4,79577,20.948091103068286,0.04733326018977957,0.6244976755180837,0.7232947232947233,72.49994659423828
scene-1062_CAM_FRONT_61789996_6b9a3650,0,76614,18.9699529949465,0.0535893585247571,0.6532779134819952,0.70350379534053,60.56163024902344
scene-1062_CAM_FRONT_61789996_6b9a3650,1,71731,15.719436844247467,0.05624512140094584,0.6953943739658025,0.680810548157487,69.94268035888672
scene-1062_CAM_FRONT_61789996_6b9a3650,2,70804,16.747116300207757,0.03355450219474676,0.6592335776009245,0.7173981561736664,66.17052459716797
scene-1062_CAM_FRONT_61789996_6b9a3650,3,85555,17.647803151709407,0.05352526025167359,0.8003506421873768,0.6237031492133533,64.4617919921875
scene-1062_CAM_FRONT_61789996_6b9a3650,4,79548,19.319979427899685,0.042271608708108754,0.8128004097391852,0.5389055235994011,61.153072357177734
scene-1062_CAM_FRONT_c6d18bda_e1b741c0,0,96412,22.88098009398063,0.053277578371099255,0.8087292832190791,0.6752488640243742,63.15721130371094
scene-1062_CAM_FRONT_c6d18bda_e1b741c0,1,97897,20.71135520560824,0.052887918344767026,0.8573923778005411,0.653645628135424,67.1644287109375
scene-1062_CAM_FRONT_c6d18bda_e1b741c0,2,95079,21.018666385825163,0.05631482134128163,0.829649620465947,0.6642568224200878,66.7369155883789
scene-1062_CAM_FRONT_c6d18bda_e1b741c0,3,89460,19.40444527838428,0.08327112227684363,0.8768287237674993,0.6126060462795156,69.97463989257812
scene-1062_CAM_FRONT_c6d18bda_e1b741c0,4,89412,18.416389550418213,0.10311890427921155,0.8336353846557928,0.5963740708638667,71.62954711914062
scene-1062_CAM_FRONT_cd1b9e25_4eed0329,0,91364,23.108403509088287,0.06217283047514699,0.8508326110366927,0.6110629580017335,71.80770111083984
scene-1062_CAM_FRONT_cd1b9e25_4eed0329,1,87900,25.474107638888892,0.03675251164802629,0.8462427442019279,0.6094345073936911,67.35215759277344
scene-1062_CAM_FRONT_cd1b9e25_4eed0329,2,73114,22.39339364035088,0.03265005253902742,0.7318966196517217,0.5381635279594463,73.6387939453125
scene-1062_CAM_FRONT_cd1b9e25_4eed0329,3,68159,23.335650236254295,0.03323242586578967,0.7335907335907336,0.5115042155858482,71.48406219482422
scene-1062_CAM_FRONT_cd1b9e25_4eed0329,4,72338,16.560224629024148,0.03686413741352279,0.7442741575394637,0.5193444173036009,86.4683837890625
scene-1062_CAM_FRONT_6582e6af_17d12b97,0,96789,23.463276308854535,0.033981107974711655,0.817751424894282,0.6697856748877157,72.9948959350586
scene-1062_CAM_FRONT_6582e6af_17d12b97,1,98512,22.53194908902215,0.031057020582451633,0.8128989047356394,0.6753998896856039,73.48758697509766
scene-1062_CAM_FRONT_6582e6af_17d12b97,2,85532,25.312537433060882,0.04513565102950956,0.7180088251516823,0.7256454705434298,69.79299926757812
scene-1062_CAM_FRONT_6582e6af_17d12b97,3,88234,24.87068154484792,0.05113122164423123,0.7203464397341949,0.6630617497964437,69.86337280273438
scene-1062_CAM_FRONT_6582e6af_17d12b97,4,82289,24.430838289112536,0.03751573476391856,0.7118561710398446,0.6587870669503323,69.16935729980469
scene-1062_CAM_FRONT_e9550049_9a12dd12,0,79677,23.688233857996327,0.041699616041155796,0.7424618496047067,0.5558203976571323,64.30240631103516
scene-1062_CAM_FRONT_e9550049_9a12dd12,1,84497,26.98488710571711,0.035430608621985105,0.7590484070075907,0.6013316523520605,60.271881103515625
scene-1062_CAM_FRONT_e9550049_9a12dd12,2,96075,26.79666573660714,0.0716882869627189,0.8594804717253697,0.6561999317101358,58.363712310791016
scene-1062_CAM_FRONT_e9550049_9a12dd12,3,102097,24.498921712239586,0.11576475755285864,0.8050981010164684,0.7256454705434298,60.454200744628906
scene-1062_CAM_FRONT_e9550049_9a12dd12,4,102218,25.306099456863986,0.08470860657497714,0.8021104194573583,0.6878036929057337,59.7419319152832
scene-1062_CAM_FRONT_1d0ccce7_1a776100,0,93714,26.358225661057684,0.0540403393974036,0.7581619520395031,0.6308144879573451,58.94071960449219
scene-1062_CAM_FRONT_1d0ccce7_1a776100,1,78529,25.19308280735455,0.041072213746058406,0.7017440180705486,0.5347293357497439,62.25126266479492
scene-1062_CAM_FRONT_1d0ccce7_1a776100,2,72698,24.594220895854527,0.044178321867780035,0.6941270716780921,0.5143343051506317,63.905338287353516
scene-1062_CAM_FRONT_1d0ccce7_1a776100,3,75167,23.92270910412262,0.039228100776188324,0.7126112993459932,0.5394833609119324,65.27217864990234
scene-1062_CAM_FRONT_1d0ccce7_1a776100,4,74390,23.663437829641342,0.028783158893062488,0.779673259265096,0.5266067817088226,64.03631591796875
scene-1062_CAM_FRONT_d1e5fd1c_62a84ee7,0,75587,24.309100725019142,0.08966648376061093,0.7820502718461902,0.5000131326661938,64.7444839477539
scene-1062_CAM_FRONT_d1e5fd1c_62a84ee7,1,74951,24.8634311983722,0.06393231568742586,0.7907309642003519,0.4943398208704331,64.28450012207031
scene-1062_CAM_FRONT_d1e5fd1c_62a84ee7,2,74444,22.864091474931314,0.044069777058765025,0.7995561158826465,0.4942478922070759,65.0342025756836
scene-1062_CAM_FRONT_d1e5fd1c_62a84ee7,3,74139,23.840519252769752,0.039460257521290565,0.801420954482179,0.4910960523205421,63.17942428588867
scene-1062_CAM_FRONT_d1e5fd1c_62a84ee7,4,73237,23.686728373061133,0.0468787609984429,0.781597194862501,0.486184435164027,64.70542907714844
scene-1062_CAM_FRONT_2e849ae0_4f371688,0,65398,23.893814981096405,0.04809280680833994,0.7863052556930108,0.42942505187403146,63.74819564819336
scene-1062_CAM_FRONT_2e849ae0_4f371688,1,65480,23.449879351265817,0.039852442064930216,0.7881569616263494,0.429963491187981,64.87132263183594
scene-1062_CAM_FRONT_2e849ae0_4f371688,2,64449,23.992809455204373,0.04204546996754921,0.7947232947232947,0.42319360176503035,64.84645080566406
scene-1062_CAM_FRONT_2e849ae0_4f371688,3,64594,24.121567864482593,0.0381368617110025,0.8031216347542878,0.4241457200640874,64.20401000976562
scene-1062_CAM_FRONT_2e849ae0_4f371688,4,63930,23.71916178385417,0.04109415618982082,0.7846636724187744,0.41978567488771573,64.82170867919922
scene-1063_CAM_FRONT_42c25025_7feaed03,0,56040,32.90265877016129,0.017504434107579847,0.6766868909726053,0.40806477030966826,63.59734344482422
scene-1063_CAM_FRONT_42c25025_7feaed03,1,59510,30.681048717248917,0.039348518045262626,0.6946392456596538,0.45769311585638117,66.01957702636719
scene-1063_CAM_FRONT_42c25025_7feaed03,2,68678,29.493569553805774,0.030555968391362986,0.7809405615528064,0.5199025556168413,65.23468017578125
scene-1063_CAM_FRONT_42c25025_7feaed03,3,75045,26.2850223578618,0.018550135636953957,0.8299319727891157,0.5772857405510466,69.0781478881836
scene-1063_CAM_FRONT_42c25025_7feaed03,4,76906,28.732788200989628,0.03205757245648999,0.8091889265358653,0.594430436267171,66.08833312988281
scene-1063_CAM_FRONT_291a44ae_b615d1af,0,71800,19.331551836818935,0.018741292034704093,0.8458553305492081,0.5141964121555959,68.79541778564453
scene-1063_CAM_FRONT_291a44ae_b615d1af,1,72259,21.411128750742723,0.041814025224307105,0.8188939668531505,0.5763598875843774,63.90981674194336
scene-1063_CAM_FRONT_291a44ae_b615d1af,2,68878,20.173620845869802,0.04028532878892577,0.7997202742100701,0.5688742678538596,67.4499740600586
scene-1063_CAM_FRONT_291a44ae_b615d1af,3,78526,22.415022225215527,0.036136109996852905,0.9211120741732987,0.5384524466157119,59.43508529663086
scene-1063_CAM_FRONT_291a44ae_b615d1af,4,66268,22.19130388841927,0.02611669466904809,0.8991214246316287,0.4375082079163712,61.59902572631836
scene-1063_CAM_FRONT_01c3289b_e44b9739,0,91297,26.5241840811731,0.024079216387276947,0.7854910303889896,0.7140690252935151,61.73838424682617
scene-1063_CAM_FRONT_01c3289b_e44b9739,1,91446,27.67300419824882,0.031181479690429947,0.7808880308880309,0.6841856433693169,63.44367218017578
scene-1063_CAM_FRONT_01c3289b_e44b9739,2,87829,25.758765499329748,0.026549839078523263,0.7140230609618364,0.7246211225803062,67.068359375
scene-1063_CAM_FRONT_01c3289b_e44b9739,3,88687,26.171500124219197,0.0382685722779863,0.7771780526882568,0.6833451527329079,66.53976440429688
scene-1063_CAM_FRONT_01c3289b_e44b9739,4,85385,23.817582538841805,0.04476108460604955,0.798768155911013,0.6589315262784651,71.38316345214844
scene-1063_CAM_FRONT_4c1be72a_23ef1630,0,95813,32.14383239896502,0.04348053327615897,0.9319662227825493,0.6406442886034722,64.06674194335938
scene-1063_CAM_FRONT_4c1be72a_23ef1630,1,91015,31.626067846119934,0.030721620044111386,0.7744595907861214,0.6854989099887059,65.06214141845703
scene-1063_CAM_FRONT_4c1be72a_23ef1630,2,105975,31.34186396708014,0.03718708368225965,0.8466826885194232,0.7447600661886377,64.66407012939453
scene-1063_CAM_FRONT_4c1be72a_23ef1630,3,98312,27.93622836538462,0.04857837948444699,0.8491450634307777,0.7153166285819347,70.62712860107422
scene-1063_CAM_FRONT_4c1be72a_23ef1630,4,108784,31.22053765010006,0.05532552584779715,0.8969414020434429,0.7706839492553779,65.62459564208984
scene-1063_CAM_FRONT_f291dbf1_65b000c4,0,95327,35.631506061872905,0.04206134103659176,0.9182360202768366,0.6706786961889003,59.88492202758789
scene-1063_CAM_FRONT_f291dbf1_65b000c4,1,88536,32.9420888639214,0.02101410408607829,0.8248561973051769,0.6765489979775694,61.6457405090332
scene-1063_CAM_FRONT_f291dbf1_65b000c4,2,78777,34.5615880083382,0.02616972802888551,0.7339190502455809,0.6465539883907231,59.76699447631836
scene-1063_CAM_FRONT_f291dbf1_65b000c4,3,88583,36.021545948928114,0.026797854263776788,0.7897263152365194,0.614720405536732,58.08302307128906
scene-1063_CAM_FRONT_f291dbf1_65b000c4,4,85345,32.214060678904424,0.02961025954218588,0.800449137183831,0.6191132823785885,59.82768630981445
scene-1063_CAM_FRONT_46cf544f_b8849fcd,0,86250,26.15349158999425,0.038530540819519565,0.7941126257452789,0.5936293436293436,71.38091278076172
scene-1063_CAM_FRONT_46cf544f_b8849fcd,1,86367,26.779671420055227,0.043401376646897916,0.816910934257873,0.5782575578493946,67.76110076904297
scene-1063_CAM_FRONT_46cf544f_b8849fcd,2,82468,25.636825698496406,0.030767433282942402,0.8075604759278229,0.5526357261051139,71.22667694091797
scene-1063_CAM_FRONT_46cf544f_b8849fcd,3,81507,23.09437083538993,0.0339614638735215,0.8346465999527224,0.5431736401124156,76.18462371826172
scene-1063_CAM_FRONT_46cf544f_b8849fcd,4,71505,24.46842395158023,0.018359322330592676,0.8080463845769968,0.4772410894859874,71.42161560058594
scene-1063_CAM_FRONT_b44e59e4_49d97125,0,58960,21.99504226603836,0.017695072332093886,0.6707903238515484,0.3904210332781761,68.53641510009766
scene-1063_CAM_FRONT_b44e59e4_49d97125,1,71779,22.33502109704642,0.018314088146904606,0.7380952380952381,0.4732684579623355,66.91281127929688
scene-1063_CAM_FRONT_b44e59e4_49d97125,2,72680,22.908777206469647,0.02890920423541643,0.7389160297323563,0.4871365534630841,66.86479949951172
scene-1063_CAM_FRONT_b44e59e4_49d97125,3,65117,24.087631851340696,0.03467244435803263,0.7244897959183674,0.4543377196438421,64.48796844482422
scene-1063_CAM_FRONT_b44e59e4_49d97125,4,67033,24.978420909903008,0.02867708969625271,0.7834226354634518,0.49378168255719274,63.66874694824219
scene-1063_CAM_FRONT_8190acd9_4b367031,0,94412,27.05091578060167,0.059076912728031505,0.7378982481023297,0.667237937646101,66.11566925048828
scene-1063_CAM_FRONT_8190acd9_4b367031,1,93395,24.24747290793609,0.045103393369329225,0.7751621884274945,0.643310219840832,72.40931701660156
scene-1063_CAM_FRONT_8190acd9_4b367031,2,83624,26.034886039288114,0.041897353938316284,0.7250938985632863,0.6112796469939327,68.42031860351562
scene-1063_CAM_FRONT_8190acd9_4b367031,3,72619,29.34629940040171,0.02577077441230813,0.7252908885561947,0.5241838047960496,62.670780181884766
scene-1063_CAM_FRONT_8190acd9_4b367031,4,69382,25.793119990169394,0.013305470568432343,0.7486604680482232,0.4668531505266199,70.52239990234375
scene-1064_CAM_FRONT_b62a484b_a354f386,0,73579,24.95917517761989,0.028263491727970713,0.7012909410868594,0.5303627242402753,69.35553741455078
scene-1064_CAM_FRONT_b62a484b_a354f386,1,78551,26.187466166338588,0.028177312054543435,0.7238659942741575,0.5894662884458803,65.95260620117188
scene-1064_CAM_FRONT_b62a484b_a354f386,2,66187,28.524023686941252,0.04188626980026733,0.7678013290258188,0.45957108712210754,62.691795349121094
scene-1064_CAM_FRONT_b62a484b_a354f386,3,69457,31.88010050202365,0.0345096105303524,0.8044349013736769,0.4717319360176503,58.36822509765625
scene-1064_CAM_FRONT_b62a484b_a354f386,4,62861,33.363113884397734,0.034543245748158036,0.7967391589840569,0.4290704698867964,52.97781753540039
scene-1064_CAM_FRONT_6a26b824_c8241756,0,70591,35.482929195410925,0.03263281157012354,0.7439392745515194,0.4784755601082132,57.064002990722656
scene-1064_CAM_FRONT_6a26b824_c8241756,1,74696,33.252198712146146,0.02056891008411532,0.7619966905681191,0.5071704357418643,59.18943405151367
scene-1064_CAM_FRONT_6a26b824_c8241756,2,79242,33.24464234518349,0.025632312444880956,0.8264124182491529,0.5276245633388491,59.80532455444336
scene-1064_CAM_FRONT_6a26b824_c8241756,3,79802,34.264622348088,0.03164361171566865,0.8290258188217372,0.5339085441126258,57.173919677734375
scene-1064_CAM_FRONT_6a26b824_c8241756,4,93471,30.395235973341602,0.02653775364089217,0.8852927271294618,0.6140506395608436,61.56908416748047
scene-1064_CAM_FRONT_6f5c95dd_f722e39f,0,89358,23.221895858616502,0.055972538842046005,0.8601436713681612,0.6067685761563313,59.78901290893555
scene-1064_CAM_FRONT_6f5c95dd_f722e39f,1,86843,22.0227915163707,0.048107545224521875,0.8947285477897723,0.5843379822971659,63.88037872314453
scene-1064_CAM_FRONT_6f5c95dd_f722e39f,2,86496,22.682137716642927,0.03296166248245447,0.8707089013211462,0.5875226538491845,61.05790710449219
scene-1064_CAM_FRONT_6f5c95dd_f722e39f,3,81415,20.922270903716218,0.018646797919097846,0.9011438552254879,0.5600819478370499,64.76382446289062
scene-1064_CAM_FRONT_6f5c95dd_f722e39f,4,78656,22.47989231244847,0.01949524411459702,0.9086032096236177,0.5331140178078954,62.05552291870117
scene-1064_CAM_FRONT_b8057780_cce69223,0,70765,18.116078902264025,0.01805800648068212,0.8627439392745515,0.4646665616053371,62.14038848876953
scene-1064_CAM_FRONT_b8057780_cce69223,1,69277,16.59575578657811,0.014708287800637265,0.8621135712972448,0.4569773855488141,65.56852722167969
scene-1064_CAM_FRONT_b8057780_cce69223,2,69744,17.12458905174062,0.013195875762511688,0.8767105297717542,0.46141622672234917,63.762996673583984
scene-1064_CAM_FRONT_b8057780_cce69223,3,70391,17.145268143315015,0.01666417840203005,0.8718580096131117,0.4647913219341791,63.32518768310547
scene-1064_CAM_FRONT_b8057780_cce69223,4,66939,17.55584236923327,0.014312331289259461,0.8794289916738897,0.4396028681742967,62.48735427856445
scene-1064_CAM_FRONT_b1b4b2f5_3e8da1f9,0,66769,16.014405605238473,0.013998023817641592,0.8763953457831009,0.4384668925485252,67.68550872802734
scene-1064_CAM_FRONT_b1b4b2f5_3e8da1f9,1,63290,16.991405997495153,0.01707630000832716,0.8716216216216216,0.42094134951277806,64.14695739746094
scene-1064_CAM_FRONT_b1b4b2f5_3e8da1f9,2,57472,17.69245307343234,0.014707778624376111,0.7402358626848423,0.40575998739264046,62.471126556396484
scene-1064_CAM_FRONT_b1b4b2f5_3e8da1f9,3,62368,16.00185854631053,0.01714465449013791,0.8298466104588553,0.41145299818769204,65.33959197998047
scene-1064_CAM_FRONT_b1b4b2f5_3e8da1f9,4,55037,19.134059737389492,0.013316020186179056,0.8347976256139521,0.3636697922412208,56.43989181518555
scene-1064_CAM_FRONT_aef5b6d3_1fcc8d01,0,88043,25.480933235867447,0.02379212324856228,0.8911827279174218,0.6007669477057233,52.84592056274414
scene-1064_CAM_FRONT_aef5b6d3_1fcc8d01,1,101349,24.825186488140062,0.04534052123447019,0.8362684842276679,0.7266304205079716,55.08305740356445
scene-1064_CAM_FRONT_aef5b6d3_1fcc8d01,2,83797,26.979969702496753,0.02669341024860561,0.6603695532266961,0.7814264702019804,57.9053840637207
scene-1064_CAM_FRONT_aef5b6d3_1fcc8d01,3,81007,24.049926933453232,0.025224436343575185,0.7796010296010296,0.6480248470044389,64.83403015136719
scene-1064_CAM_FRONT_aef5b6d3_1fcc8d01,4,81240,24.49315758860276,0.041087890908142244,0.8149344679956925,0.6388845113334909,66.76971435546875
scene-1064_CAM_FRONT_d049eb8f_f0890b4c,0,85508,22.008631073561347,0.020323020366119993,0.8932314238436687,0.5939379612849001,68.87564086914062
scene-1064_CAM_FRONT_d049eb8f_f0890b4c,1,76629,19.115180080766343,0.03282491630454043,0.8041197173850235,0.5593333858639981,75.47084045410156
scene-1064_CAM_FRONT_d049eb8f_f0890b4c,2,87359,20.320771366716873,0.023956228646792255,0.8123801644209807,0.6653927980458593,70.51066589355469
scene-1064_CAM_FRONT_d049eb8f_f0890b4c,3,90429,22.01339846366377,0.040282024257332516,0.8106532188164841,0.6784138365771019,69.2622299194336
scene-1064_CAM_FRONT_d049eb8f_f0890b4c,4,76168,21.459695978682166,0.03735448564850463,0.784236860767473,0.5758345809366218,68.84685516357422
scene-1064_CAM_FRONT_23a90ef5_9435f311,0,82140,24.740976471445222,0.028930182774516977,0.7887019672733958,0.6502245685919156,69.42906188964844
scene-1064_CAM_FRONT_23a90ef5_9435f311,1,80998,23.826252165989477,0.011916258366704291,0.7716885982192104,0.6045819872350484,72.23194122314453
scene-1064_CAM_FRONT_23a90ef5_9435f311,2,80604,24.171283219287073,0.01419498950626319,0.7596853413179944,0.6228626585769443,71.4688949584961
scene-1064_CAM_FRONT_23a90ef5_9435f311,3,86990,24.69411769438723,0.031086568181753593,0.7875528589814305,0.6259422687994116,71.00725555419922
scene-1064_CAM_FRONT_23a90ef5_9435f311,4,88601,25.844121165821036,0.02444098048363852,0.7718330575473432,0.6395542773093793,69.2772445678711
scene-1065_CAM_FRONT_dc2def2a_cc4e11ce,0,90563,21.845207780858246,0.017071369339494158,0.7881635279594463,0.6173338061093163,69.45211791992188
scene-1065_CAM_FRONT_dc2def2a_cc4e11ce,1,88497,21.730911393713814,0.023024174409132847,0.7929438184540225,0.6111942846636724,68.84651947021484
scene-1065_CAM_FRONT_dc2def2a_cc4e11ce,2,89871,20.714123582287648,0.03534710270582053,0.8034499514091351,0.6273605967483519,70.6906967163086
scene-1065_CAM_FRONT_dc2def2a_cc4e11ce,3,86357,21.479730009953553,0.03258873303545062,0.7865810416830825,0.616775667796076,66.65441131591797
scene-1065_CAM_FRONT_dc2def2a_cc4e11ce,4,73716,21.74120480416957,0.046980365587473205,0.7018950437317785,0.5485974312504924,66.00984191894531
scene-1065_CAM_FRONT_32e623d9_f7a93963,0,84331,23.55485913167408,0.02216702950015126,0.7427048039292937,0.5758345809366218,68.54122161865234
scene-1065_CAM_FRONT_32e623d9_f7a93963,1,70946,26.572800480769228,0.01919581045919272,0.7296903317311481,0.4832886822682741,63.24321746826172
scene-1065_CAM_FRONT_32e623d9_f7a93963,2,63646,24.032515103388135,0.014191683821020984,0.6963267932655688,0.45722690620649803,67.96437072753906
scene-1065_CAM_FRONT_32e623d9_f7a93963,3,70188,23.445006606158092,0.015168877198608266,0.7966603629868936,0.46655109920416044,69.41134643554688
scene-1065_CAM_FRONT_32e623d9_f7a93963,4,63473,22.77370076874473,0.027118977363896235,0.7982362829301605,0.4194901898983532,70.82169342041016
scene-1065_CAM_FRONT_0acd18a2_f3fc850f,0,84909,23.76882467483364,0.018933744225078986,0.8331626086728128,0.5981601134662359,73.06753540039062
scene-1065_CAM_FRONT_0acd18a2_f3fc850f,1,99993,24.356483919313032,0.040062525961347184,0.9114398655214981,0.6869435032700338,73.98896789550781
scene-1065_CAM_FRONT_0acd18a2_f3fc850f,2,94109,25.97574436526871,0.020273171658405253,0.8340556299739973,0.7061828592440837,72.875732421875
scene-1065_CAM_FRONT_0acd18a2_f3fc850f,3,96941,26.46798251876631,0.03272333323941545,0.8698487116854464,0.6847897460142358,70.49458312988281
scene-1065_CAM_FRONT_0acd18a2_f3fc850f,4,94356,26.96246983966376,0.027211948462944058,0.881917631917632,0.6641780264229243,68.00994110107422
scene-1065_CAM_FRONT_d9288fbf_62c42fb6,0,77143,28.23253486570247,0.022943223612586383,0.8030625377564153,0.5185170593333859,69.60140228271484
scene-1065_CAM_FRONT_d9288fbf_62c42fb6,1,79509,27.98310082331417,0.03297383109695984,0.8205355501273869,0.5336590234549419,69.38125610351562
scene-1065_CAM_FRONT_d9288fbf_62c42fb6,2,79451,28.863369374424497,0.01771604716694819,0.7396580253723111,0.5769902555616842,68.56890869140625
scene-1065_CAM_FRONT_d9288fbf_62c42fb6,3,81810,28.765536914570674,0.020932263699025233,0.8028655477635069,0.590464371076616,68.4961929321289
scene-1065_CAM_FRONT_d9288fbf_62c42fb6,4,92070,30.458776432887003,0.024824446148375756,0.8779909647256586,0.6129015312688783,65.58627319335938
scene-1065_CAM_FRONT_eb921f24_90c191b4,0,85294,23.83456361060049,0.022234595735210583,0.7699747852809077,0.6259225698001208,73.600341796875
scene-1065_CAM_FRONT_eb921f24_90c191b4,1,84753,25.928404276506367,0.02251216254926547,0.7579846610458856,0.6804690988364458,68.8198471069336
scene-1065_CAM_FRONT_eb921f24_90c191b4,2,92009,27.064091614906832,0.023851309690837486,0.807310955270139,0.6413206209124577,68.73577880859375
scene-1065_CAM_FRONT_eb921f24_90c191b4,3,92854,26.352306660833843,0.03607323316158739,0.8212972447666326,0.646442360728075,69.46894073486328
scene-1065_CAM_FRONT_eb921f24_90c191b4,4,91099,21.87104959970399,0.02388219508777789,0.8023402411157513,0.6669096209912536,79.55659484863281
scene-1065_CAM_FRONT_41664d45_0b356d12,0,71654,23.138258909228774,0.01671771227042318,0.6871404932629422,0.546135056339138,73.72738647460938
scene-1065_CAM_FRONT_41664d45_0b356d12,1,68251,23.008656035506867,0.014145310378213871,0.6908439051296195,0.6340319911748483,72.9057388305664
scene-1065_CAM_FRONT_41664d45_0b356d12,2,66823,23.4085450727343,0.02146342917099231,0.705907073254012,0.5196399022929635,71.9130630493164
scene-1065_CAM_FRONT_41664d45_0b356d12,3,69499,23.82160519894896,0.025998995208452058,0.7757203267407349,0.4847201428834082,68.75887298583984
scene-1065_CAM_FRONT_41664d45_0b356d12,4,72706,24.595503736604627,0.019226407912327215,0.8074882462637565,0.51837916633835,67.03609466552734
scene-1065_CAM_FRONT_6b2940c6_4cf91043,0,76659,25.646567164179114,0.022226103326540514,0.7406955060016285,0.5656042339715809,68.29185485839844
scene-1065_CAM_FRONT_6b2940c6_4cf91043,1,76729,25.331234756097555,0.0274211364449215,0.7345756835552754,0.5742652273264518,71.2590103149414
scene-1065_CAM_FRONT_6b2940c6_4cf91043,2,79258,27.023901181849556,0.02009948208680301,0.7740721771334016,0.6065256218317443,71.00000762939453
scene-1065_CAM_FRONT_6b2940c6_4cf91043,3,75120,24.511934731718192,0.019221040859840555,0.7328421716176818,0.5554395503375095,70.07478332519531
scene-1065_CAM_FRONT_6b2940c6_4cf91043,4,76662,28.158351924613736,0.016289012661399038,0.7669805373887006,0.5743702886560029,64.37185668945312
scene-1065_CAM_FRONT_f03bb2a5_0888060b,0,73250,30.771848751105207,0.017789410202192713,0.7797323562629686,0.5341711974365035,64.45055389404297
scene-1065_CAM_FRONT_f03bb2a5_0888060b,1,86537,29.743741747359152,0.028001185862343902,0.8181848028786805,0.5941218186116145,67.78852844238281
scene-1065_CAM_FRONT_f03bb2a5_0888060b,2,78587,33.66732874293787,0.03437186537301917,0.74254064560187,0.5909765450581778,65.78526306152344
scene-1065_CAM_FRONT_f03bb2a5_0888060b,3,84729,33.73541622453311,0.0362170652806344,0.8025109657762719,0.5941218186116145,60.93032455444336
scene-1065_CAM_FRONT_f03bb2a5_0888060b,4,89005,33.682932263814614,0.03488989193221137,0.8537020986000577,0.6222651222651223,62.04848098754883
scene-1066_CAM_FRONT_21bb21c8_d15d80fd,0,71521,28.121998180042613,0.02390615177078592,0.8187823391905025,0.48872560607254484,64.33439636230469
scene-1066_CAM_FRONT_21bb21c8_d15d80fd,1,73132,30.88397733478973,0.03576988783031343,0.8501825440600951,0.5104470359572401,60.906639099121094
scene-1066_CAM_FRONT_21bb21c8_d15d80fd,2,73709,29.11083902310924,0.019856141183588694,0.8379035011688073,0.49955348934940774,63.20893096923828
scene-1066_CAM_FRONT_21bb21c8_d15d80fd,3,76385,28.57527982271635,0.016472154863850896,0.8721469282693772,0.5136054421768708,63.30350875854492
scene-1066_CAM_FRONT_21bb21c8_d15d80fd,4,66012,25.844636076813806,0.011880939689816516,0.8076261392587923,0.4430698920494839,65.04434967041016
scene-1066_CAM_FRONT_fc6ff393_99a4c956,0,58189,26.510974702380945,0.019513439658400245,0.8052228613453103,0.38625141176161587,62.52595138549805
scene-1066_CAM_FRONT_fc6ff393_99a4c956,1,73429,25.278640686758894,0.014579816297431325,0.7693969479683765,0.488226564757177,65.45067596435547
scene-1066_CAM_FRONT_fc6ff393_99a4c956,2,64434,27.26980954762519,0.01692786474444108,0.7396974233708927,0.42727786095133036,61.338565826416016
scene-1066_CAM_FRONT_fc6ff393_99a4c956,3,67252,30.332308836996333,0.014223604399822953,0.7740984424657894,0.457955769180259,58.251502990722656
scene-1066_CAM_FRONT_fc6ff393_99a4c956,4,75837,28.22624362244898,0.019790948001557673,0.8062866073070155,0.5216426338875318,59.4277458190918
scene-1066_CAM_FRONT_f0ad08f0_259ea3f1,0,86821,28.652183965952837,0.03260991517499834,0.7756743624090563,0.667835473957923,59.839508056640625
scene-1066_CAM_FRONT_f0ad08f0_259ea3f1,1,89716,29.620775332958925,0.02979331006530095,0.8003834738528616,0.6267761931027237,59.46162796020508
scene-1066_CAM_FRONT_f0ad08f0_259ea3f1,2,81824,29.380711870648103,0.01939858810649908,0.7877104509757571,0.5877327765082867,59.24181365966797
scene-1066_CAM_FRONT_f0ad08f0_259ea3f1,3,78390,29.381275073902025,0.018478701349992743,0.7761077403934546,0.5538767630604365,59.2103385925293
scene-1066_CAM_FRONT_f0ad08f0_259ea3f1,4,64602,27.225722603887405,0.013668764277802614,0.7037139179996322,0.47517269456044964,62.602169036865234
scene-1066_CAM_FRONT_43b92f49_a36ddb26,0,61047,28.030395626212403,0.019360645789400888,0.7377800541065848,0.47301237097155463,62.2347412109375
scene-1066_CAM_FRONT_43b92f49_a36ddb26,1,68933,26.395672673593193,0.01991452903698221,0.7764163580490111,0.5388792582670133,68.3946533203125
scene-1066_CAM_FRONT_43b92f49_a36ddb26,2,78336,27.991774660291902,0.026002831479306376,0.8642410632206551,0.5405208415412497,65.7935562133789
scene-1066_CAM_FRONT_43b92f49_a36ddb26,3,73868,27.980300644110986,0.02467883182488717,0.8345218396238805,0.5223583641950988,66.32964324951172
scene-1066_CAM_FRONT_43b92f49_a36ddb26,4,72864,28.91668046357616,0.030643076959721904,0.7552071021458776,0.5136776718409372,65.38391876220703
scene-1066_CAM_FRONT_118f9c10_d23b0449,0,77323,30.75408625074805,0.042264195400579574,0.7245882909148216,0.5643566306831613,66.33293914794922
scene-1066_CAM_FRONT_118f9c10_d23b0449,1,80690,30.251420013957812,0.02629682652729115,0.7797060909305807,0.6111483203319938,66.9142837524414
scene-1066_CAM_FRONT_118f9c10_d23b0449,2,75596,32.721380903490754,0.028937096044357125,0.7367622724765582,0.5970372705066582,63.47345733642578
scene-1066_CAM_FRONT_118f9c10_d23b0449,3,83325,33.03231679109239,0.03670109583004644,0.759140335670948,0.6916712630998345,61.85391616821289
scene-1066_CAM_FRONT_118f9c10_d23b0449,4,87441,33.47763999753127,0.034091100359266324,0.8133322827200378,0.6703372468678591,60.26571273803711
scene-1066_CAM_FRONT_33f8c4af_84324196,0,80411,32.92562618147448,0.03057135005083511,0.7910001838573267,0.640086150290232,61.18922424316406
scene-1066_CAM_FRONT_33f8c4af_84324196,1,85962,33.70303814849125,0.025180200690195553,0.7613597562577155,0.7145221022772044,60.67544937133789
scene-1066_CAM_FRONT_33f8c4af_84324196,2,87216,32.112286593435684,0.025734145376709927,0.7897197489034223,0.677803167599086,65.1395034790039
scene-1066_CAM_FRONT_33f8c4af_84324196,3,90011,29.466291571100925,0.05164495818455306,0.7833635384655793,0.7268733748325585,63.906612396240234
scene-1066_CAM_FRONT_33f8c4af_84324196,4,88465,28.42615506583172,0.03739286358505778,0.8389475481312216,0.6633309694534184,65.79359436035156
scene-1066_CAM_FRONT_e6082479_54d5b307,0,80359,30.75940669176398,0.03545772480028564,0.7954849893625404,0.590333044414677,62.65492630004883
scene-1066_CAM_FRONT_e6082479_54d5b307,1,82385,33.1935554245283,0.02737209671338192,0.784591442754708,0.6094739053922728,56.51311492919922
scene-1066_CAM_FRONT_e6082479_54d5b307,2,89883,36.190585681072214,0.02675097163008555,0.8256966879415859,0.6804625325033489,53.9478759765625
scene-1066_CAM_FRONT_e6082479_54d5b307,3,86008,32.09983602421795,0.03333024013145636,0.8254602999500958,0.6496073332808027,56.088287353515625
scene-1066_CAM_FRONT_e6082479_54d5b307,4,83028,31.68390144105373,0.03715404233373398,0.814396028681743,0.6378010663724949,57.64119338989258
scene-1066_CAM_FRONT_f153f6d0_887e6f18,0,66550,27.24573367667597,0.02324862507131753,0.7998122028734274,0.48962519370682633,60.087650299072266
scene-1066_CAM_FRONT_f153f6d0_887e6f18,1,73039,27.17165117401594,0.03130892716915712,0.8341935229690332,0.5251884537598823,57.28437042236328
scene-1066_CAM_FRONT_f153f6d0_887e6f18,2,73392,25.469663790832453,0.030826536630565782,0.8282575578493946,0.5473563942951698,61.33989715576172
scene-1066_CAM_FRONT_f153f6d0_887e6f18,3,69795,26.519942075828013,0.019924476083853282,0.8237136553463084,0.49313161558059515,58.99637222290039
scene-1066_CAM_FRONT_f153f6d0_887e6f18,4,68605,23.14212119151251,0.022603447183647596,0.8055183463346729,0.48814776876001365,63.37456130981445
scene-1067_CAM_FRONT_b6a9d120_243788e0,0,61780,30.634524700598796,0.032052646038636334,0.7688125443227484,0.405694324061671,58.869110107421875
scene-1067_CAM_FRONT_b6a9d120_243788e0,1,68906,29.653798421223954,0.032254193769010175,0.7642686418196623,0.4537007853334384,61.02876663208008
scene-1067_CAM_FRONT_b6a9d120_243788e0,2,61932,30.805766574585643,0.021507847570425564,0.747478528090773,0.40927954193260313,60.68544387817383
scene-1067_CAM_FRONT_b6a9d120_243788e0,3,65824,27.665605709876537,0.040719397545759595,0.798183752265385,0.43647072728705383,62.90591049194336
scene-1067_CAM_FRONT_b6a9d120_243788e0,4,67665,27.395229332249524,0.05628301648577949,0.7767840727024401,0.45481049562682213,62.972381591796875
scene-1067_CAM_FRONT_5f816fe1_6e1f02cb,0,72065,24.799111846182452,0.04251149956744893,0.7997005752107793,0.482218369973472,60.189903259277344
scene-1067_CAM_FRONT_5f816fe1_6e1f02cb,1,77910,22.794150142346393,0.02983820693888739,0.8031150684211908,0.5519199957975468,62.53923034667969
scene-1067_CAM_FRONT_5f816fe1_6e1f02cb,2,71237,22.515581822984394,0.026507736260992232,0.8272200772200772,0.47537625088645497,61.798606872558594
scene-1067_CAM_FRONT_5f816fe1_6e1f02cb,3,69204,23.100349378881987,0.02993626289323581,0.8233919050245581,0.46739158984056944,59.589107513427734
scene-1067_CAM_FRONT_5f816fe1_6e1f02cb,4,60058,22.83176284695264,0.022050578402973864,0.7737569931447482,0.40671867202479445,60.49906539916992
scene-1067_CAM_FRONT_dd29902d_f975cc2c,0,80169,21.266812530547416,0.01743166233477833,0.8450214062458961,0.5582236755706144,64.95194244384766
scene-1067_CAM_FRONT_dd29902d_f975cc2c,1,77414,22.94099460967831,0.0254179421438967,0.8042313450476716,0.535806214377643,63.01438522338867
scene-1067_CAM_FRONT_dd29902d_f975cc2c,2,80622,21.357113254796843,0.024617795531657327,0.8001470858613716,0.5603905654926064,67.35221862792969
scene-1067_CAM_FRONT_dd29902d_f975cc2c,3,69452,24.487277466245637,0.01992052448372994,0.7475113597562577,0.5181493446799569,61.60174560546875
scene-1067_CAM_FRONT_dd29902d_f975cc2c,4,70964,23.025412326388892,0.02942873544317437,0.8313962650697344,0.4843064638983006,65.76080322265625
scene-1067_CAM_FRONT_f9cb1bb0_c30d133f,0,75456,26.770013548539104,0.039503541127402064,0.8281327975205526,0.5053384288078165,60.32777786254883
scene-1067_CAM_FRONT_f9cb1bb0_c30d133f,1,72873,28.046591696885667,0.01703091827529235,0.854398129908334,0.4832295852704016,60.83840560913086
scene-1067_CAM_FRONT_f9cb1bb0_c30d133f,2,69964,26.24456988324175,0.022108119123933623,0.8684894807343787,0.48759619677987026,64.50543212890625
scene-1067_CAM_FRONT_f9cb1bb0_c30d133f,3,71596,25.899917634394573,0.019025039937072385,0.850799779371208,0.47860032043705514,64.3836441040039
scene-1067_CAM_FRONT_f9cb1bb0_c30d133f,4,74060,26.52364515421264,0.026419181578696715,0.8356906469151367,0.49449084653166286,62.084415435791016
scene-1067_CAM_FRONT_5cd3757b_165cc8e6,0,57440,22.790192196825824,0.0489309479465434,0.7652404591180101,0.3824298058991937,65.30409240722656
scene-1067_CAM_FRONT_5cd3757b_165cc8e6,1,57630,24.537363389670904,0.04545918120731418,0.8465119638589026,0.3817666062564022,62.46123123168945
scene-1067_CAM_FRONT_5cd3757b_165cc8e6,2,58092,21.36114130434782,0.04657870803530817,0.8281262311874557,0.38574580411315107,68.43302917480469
scene-1067_CAM_FRONT_5cd3757b_165cc8e6,3,54949,22.185029571819605,0.04777592148990406,0.8968494733800856,0.36221206629369895,65.27425384521484
scene-1067_CAM_FRONT_5cd3757b_165cc8e6,4,53357,19.30207991937598,0.05686138459893719,0.8734798938880571,0.3526055209728679,68.06324768066406
scene-1067_CAM_FRONT_08461b5c_c6749814,0,84994,18.21965428149606,0.05217266540448984,0.8902174769521708,0.5731949150316498,66.9544677734375
scene-1067_CAM_FRONT_08461b5c_c6749814,1,88006,18.17371868920233,0.05870292851799941,0.8970858613715756,0.5901557534210595,67.33586120605469
scene-1067_CAM_FRONT_08461b5c_c6749814,2,86529,18.00150040377839,0.05448474958839622,0.8622186326267959,0.5927954193260315,67.5483169555664
scene-1067_CAM_FRONT_08461b5c_c6749814,3,87786,19.193743235930736,0.0580612328684158,0.8886940876736795,0.5852769679300291,64.62425994873047
scene-1067_CAM_FRONT_08461b5c_c6749814,4,87114,18.73622810463221,0.05452769519359357,0.867740918761327,0.5945092322643343,65.70249938964844
scene-1067_CAM_FRONT_c80fdd92_e604c860,0,57690,16.564723388475464,0.053033033203733204,0.8892128279883382,0.37881175636277675,64.34739685058594
scene-1067_CAM_FRONT_c80fdd92_e604c860,1,59415,16.903432268019294,0.05009114146043547,0.893553174165419,0.3901386809550075,63.434818267822266
scene-1067_CAM_FRONT_c80fdd92_e604c860,2,57993,16.894023073704886,0.05667595556565441,0.8885496283455467,0.3808013552911512,65.09359741210938
scene-1067_CAM_FRONT_c80fdd92_e604c860,3,57468,16.705702461987272,0.037566245278458865,0.8703543193339112,0.3773540304152549,64.11902618408203
scene-1067_CAM_FRONT_c80fdd92_e604c860,4,57392,16.16507324553878,0.03102425940239506,0.8842355475008536,0.37685498909988707,64.66145324707031
scene-1067_CAM_FRONT_589b79f6_ff729b4a,0,62247,17.110670120320854,0.021739827943038303,0.8818454022535656,0.4128910251359231,65.0581283569336
scene-1067_CAM_FRONT_589b79f6_ff729b4a,1,58458,17.60449346907808,0.024182216371865017,0.8622514642922806,0.3939602868174297,64.38694763183594
scene-1067_CAM_FRONT_589b79f6_ff729b4a,2,57461,17.937708601166936,0.026489994729222754,0.887558112047908,0.37954718566963463,63.16880798339844
scene-1067_CAM_FRONT_589b79f6_ff729b4a,3,59250,17.610309698947773,0.02300438520334014,0.8775904184067449,0.3953063851023035,65.138427734375
scene-1067_CAM_FRONT_589b79f6_ff729b4a,4,58742,17.522968529307906,0.032931551810325255,0.8760079321303811,0.39269955086281616,64.41485595703125
scene-1068_CAM_FRONT_2920a331_f634fd06,0,65400,18.227594449626867,0.05010857313355355,0.8740905628660731,0.4305347621674152,64.34728240966797
scene-1068_CAM_FRONT_2920a331_f634fd06,1,65447,17.663356370192307,0.05846591687587965,0.8467877498489743,0.4308630788222625,65.0070571899414
scene-1068_CAM_FRONT_2920a331_f634fd06,2,65436,17.934458919437343,0.05012489643796125,0.8638208179024506,0.4298978278570115,63.03645324707031
scene-1068_CAM_FRONT_2920a331_f634fd06,3,64722,17.802103904248508,0.05786594685184787,0.8602159010322276,0.4249862107004964,63.26418685913086
scene-1068_CAM_FRONT_2920a331_f634fd06,4,62101,18.926280188965233,0.057613255230200444,0.8571691224752449,0.4077758516534027,60.75145721435547
scene-1068_CAM_FRONT_23529e9b_7b0c6e14,0,75943,18.355610527366434,0.08990604107400024,0.848028786804297,0.5035655188716414,62.19740676879883
scene-1068_CAM_FRONT_23529e9b_7b0c6e14,1,73960,19.12231041551819,0.09085799714971654,0.8557770598586925,0.4856459958500775,60.86129379272461
scene-1068_CAM_FRONT_23529e9b_7b0c6e14,2,73864,18.53086360941734,0.10344205640247961,0.8481798124655268,0.48758306411367636,62.4792594909668
scene-1068_CAM_FRONT_23529e9b_7b0c6e14,3,72729,18.83081934297438,0.06646379447593809,0.8498542274052479,0.4775628398077378,61.9344367980957
scene-1068_CAM_FRONT_23529e9b_7b0c6e14,4,73830,19.100227969252416,0.07123926453385865,0.8477004701494497,0.4850681585375463,61.78780746459961
scene-1068_CAM_FRONT_419069c2_e004cf11,0,64049,21.096276077364625,0.026168014082692537,0.8363013158931526,0.43662175294828354,61.487831115722656
scene-1068_CAM_FRONT_419069c2_e004cf11,1,66157,20.6459338532316,0.026860454625895702,0.8435768129645681,0.44952459748378115,62.75321960449219
scene-1068_CAM_FRONT_419069c2_e004cf11,2,69901,21.576802130843785,0.03731859603465271,0.85980222204712,0.4657959708980117,60.380001068115234
scene-1068_CAM_FRONT_419069c2_e004cf11,3,72535,20.496192137508505,0.03686253389150407,0.8545031912378851,0.4778845901294881,63.99477005004883
scene-1068_CAM_FRONT_419069c2_e004cf11,4,61885,20.604157342565287,0.03577225379852811,0.856558453497229,0.4109539568723242,64.43232727050781
scene-1068_CAM_FRONT_7bfe5634_8418f22e,0,64144,20.04905721334586,0.018748276986344514,0.825079452630473,0.4293922202085467,66.23543548583984
scene-1068_CAM_FRONT_7bfe5634_8418f22e,1,70818,22.24309190270936,0.014109810627714658,0.8246132429805899,0.475737399206787,62.78042984008789
scene-1068_CAM_FRONT_7bfe5634_8418f22e,2,63105,20.955164702291505,0.011042680356088574,0.7761602710582303,0.4574567278648911,64.4759750366211
scene-1068_CAM_FRONT_7bfe5634_8418f22e,3,60695,20.255225096034057,0.0168154113563741,0.7369395634701758,0.4664197725422215,65.61607360839844
scene-1068_CAM_FRONT_7bfe5634_8418f22e,4,64164,20.74306813607085,0.027497479744714726,0.754806555826964,0.5051283061487143,65.4412841796875
scene-1068_CAM_FRONT_6a32a4b2_7c690197,0,65479,21.232726672535208,0.03440066362381611,0.7540185958553306,0.462762325007223,67.26859283447266
scene-1068_CAM_FRONT_6a32a4b2_7c690197,1,63720,22.92960727455191,0.025627187481348956,0.7611102356000315,0.4391957555222861,64.24700164794922
scene-1068_CAM_FRONT_6a32a4b2_7c690197,2,60887,23.56489918644267,0.026589753594400634,0.7295852704015969,0.4088789956136895,63.8721809387207
scene-1068_CAM_FRONT_6a32a4b2_7c690197,3,63559,23.935053208295038,0.029146427401034458,0.7970543429727103,0.4283022089144538,62.173194885253906
scene-1068_CAM_FRONT_6a32a4b2_7c690197,4,61272,20.956773179429433,0.021283013572312548,0.7640125548288813,0.40233236151603496,68.59375
scene-1068_CAM_FRONT_44963cfa_fcec74d8,0,62489,18.349973601903336,0.024126292067554456,0.7887938959367531,0.41316024479289787,71.15266418457031
scene-1068_CAM_FRONT_44963cfa_fcec74d8,1,66412,19.9032107150335,0.021869667125929526,0.7643080398182439,0.44204554408636043,67.44438171386719
scene-1068_CAM_FRONT_44963cfa_fcec74d8,2,67313,21.056583265928317,0.02132978960452636,0.7412536443148688,0.4720733853386915,65.82491302490234
scene-1068_CAM_FRONT_44963cfa_fcec74d8,3,65361,21.628656195934266,0.021787552107098485,0.7293423160770099,0.4701691487405773,64.10198974609375
scene-1068_CAM_FRONT_44963cfa_fcec74d8,4,64828,19.518258010284804,0.021956562085607256,0.7001090011294093,0.44461954666036296,67.558349609375
scene-1068_CAM_FRONT_f409a006_c3cfb27e,0,65233,25.89244620339912,0.03904282697825057,0.6723005804638458,0.47046463372993985,64.34708404541016
scene-1068_CAM_FRONT_f409a006_c3cfb27e,1,63603,27.05540707236842,0.035360159846413275,0.7147387912694035,0.44104746145562473,62.583858489990234
scene-1068_CAM_FRONT_f409a006_c3cfb27e,2,63513,29.133656986424175,0.03221993076626273,0.7288432747616421,0.442813805058703,58.38855743408203
scene-1068_CAM_FRONT_f409a006_c3cfb27e,3,63037,27.85576621338913,0.034936983424728396,0.7259934861975679,0.43815170855987184,59.599517822265625
scene-1068_CAM_FRONT_f409a006_c3cfb27e,4,64492,27.028658462657603,0.03001712964331338,0.7280881464554934,0.453142647020198,61.90412521362305
scene-1068_CAM_FRONT_cd4fdfb5_f22f8f2f,0,67732,26.257443540637013,0.029218302428192677,0.7380098757649778,0.44554539962703227,61.6871452331543
scene-1068_CAM_FRONT_cd4fdfb5_f22f8f2f,1,71294,26.60158727134146,0.025838489525138675,0.7456399548236283,0.472007722007722,61.49009323120117
scene-1068_CAM_FRONT_cd4fdfb5_f22f8f2f,2,68151,29.463030133928562,0.03225604491379652,0.7489887847030704,0.44978725080765897,56.944278717041016
scene-1068_CAM_FRONT_cd4fdfb5_f22f8f2f,3,59583,28.999670683856497,0.023945152051461527,0.7382462637564678,0.3912418249152943,58.443458557128906
scene-1068_CAM_FRONT_cd4fdfb5_f22f8f2f,4,61654,26.154914020421895,0.023395926821274005,0.6716111154886665,0.40514931841462454,60.44260025024414
scene-1069_CAM_FRONT_b58985f7_ae52c4af,0,61006,20.887647265856554,0.03351278254651047,0.7190528721140966,0.40058571691224754,59.72163391113281
scene-1069_CAM_FRONT_b58985f7_ae52c4af,1,60867,21.191711020501334,0.029636645408356976,0.6302891813095894,0.40180705486827933,57.52843475341797
scene-1069_CAM_FRONT_b58985f7_ae52c4af,2,64447,21.762309957314507,0.021712407227876263,0.742429017939222,0.4266934573057022,57.0063591003418
scene-1069_CAM_FRONT_b58985f7_ae52c4af,3,70937,20.54118729737031,0.037296849051625,0.6490754602999501,0.4988968560397132,62.209877014160156
scene-1069_CAM_FRONT_b58985f7_ae52c4af,4,63201,19.974833966736906,0.023039350790744706,0.6440325164814961,0.4305478948336091,62.76051330566406
scene-1069_CAM_FRONT_c7200859_ae8a5000,0,63000,26.555557528409093,0.05788107551224364,0.8518044283350406,0.4148477923988128,57.575347900390625
scene-1069_CAM_FRONT_c7200859_ae8a5000,1,62427,28.02172649793388,0.03999587323081677,0.8050981010164684,0.4139022404328527,56.92750549316406
scene-1069_CAM_FRONT_c7200859_ae8a5000,2,63539,27.104639684106616,0.04759208941738802,0.8079807212460274,0.41961495022719514,59.79290008544922
scene-1069_CAM_FRONT_c7200859_ae8a5000,3,62030,25.99452876194267,0.038357112943012917,0.825690121608489,0.4120833661649988,62.023094177246094
scene-1069_CAM_FRONT_c7200859_ae8a5000,4,60283,27.03831571691176,0.03829518621407635,0.8071927612743939,0.41247077981771857,58.73476791381836
scene-1069_CAM_FRONT_f4550267_e75cb39a,0,80703,30.024614153287462,0.023564287933954375,0.7543928768418564,0.604279935912589,59.98139953613281
scene-1069_CAM_FRONT_f4550267_e75cb39a,1,85772,32.26976413644745,0.030191648507494895,0.7786489113019726,0.6181808630788223,58.93353271484375
scene-1069_CAM_FRONT_f4550267_e75cb39a,2,92451,31.880984770184824,0.04038739605260577,0.7871063483308381,0.6459695847450949,60.06067657470703
scene-1069_CAM_FRONT_f4550267_e75cb39a,3,96036,33.591508172501484,0.042211202865506836,0.8215467654243165,0.6924920547369527,60.15106201171875
scene-1069_CAM_FRONT_f4550267_e75cb39a,4,90259,31.549976837940704,0.042040963438171985,0.7979998949386704,0.6362776770940036,61.37897872924805
scene-1069_CAM_FRONT_3af22799_f161848f,0,68163,32.25712047777417,0.021485140817331327,0.809103564205605,0.47081264938407796,60.87498474121094
scene-1069_CAM_FRONT_3af22799_f161848f,1,79562,31.121504095487,0.026451882150996697,0.8173771439077562,0.6095789667218239,62.012733459472656
scene-1069_CAM_FRONT_3af22799_f161848f,2,95331,32.85644029419323,0.023165618890335082,0.8819701625824075,0.6299017676568697,61.53835678100586
scene-1069_CAM_FRONT_3af22799_f161848f,3,95932,36.469753649635045,0.06607242210773467,0.8960155490767736,0.6376631733774591,56.91279220581055
scene-1069_CAM_FRONT_3af22799_f161848f,4,77415,30.401507244597244,0.0386792637354767,0.9027394741680456,0.5099217293094844,60.85627746582031
scene-1069_CAM_FRONT_cd422c2f_e7e97dc4,0,79651,30.385073902027017,0.04289871147578683,0.8284217161768183,0.5758214482704279,59.32564163208008
scene-1069_CAM_FRONT_cd422c2f_e7e97dc4,1,94388,29.302349023234683,0.059288225055959876,0.8962979013999423,0.6513999422162687,62.131858825683594
scene-1069_CAM_FRONT_cd422c2f_e7e97dc4,2,103106,31.273212939141242,0.06176750782003371,0.9293396895437712,0.683450214062459,60.69139862060547
scene-1069_CAM_FRONT_cd422c2f_e7e97dc4,3,91011,29.517908624198324,0.04121487912400568,0.8620873059648569,0.6319635962493105,60.71690368652344
scene-1069_CAM_FRONT_cd422c2f_e7e97dc4,4,95975,31.324858142809802,0.03638011322850643,0.850917973366953,0.6724778714574633,61.98005676269531
scene-1069_CAM_FRONT_3e8bbbf0_24dc629e,0,79957,27.152216329001018,0.03156162670395224,0.8340293646416096,0.5834318283297875,59.862247467041016
scene-1069_CAM_FRONT_3e8bbbf0_24dc629e,1,87690,26.678939762064346,0.034917082241445296,0.834928952275891,0.6118837496388517,61.857906341552734
scene-1069_CAM_FRONT_3e8bbbf0_24dc629e,2,85563,25.296880698395334,0.04164844678499868,0.8000617235311113,0.6320817902450555,65.0757064819336
scene-1069_CAM_FRONT_3e8bbbf0_24dc629e,3,99507,27.900691666666674,0.045049977802988916,0.840346177080871,0.7060449662490479,60.74111557006836
scene-1069_CAM_FRONT_3e8bbbf0_24dc629e,4,95393,29.234899815674503,0.06332503041377002,0.8282312925170068,0.6910802931211094,61.10304641723633
scene-1069_CAM_FRONT_205bbed2_93001674,0,95304,29.865727126780264,0.05798101703832148,0.8553108502088094,0.6335001181939958,62.4090461730957
scene-1069_CAM_FRONT_205bbed2_93001674,1,94895,31.148716340025498,0.052723092034589136,0.8773211987497702,0.6283915110445722,61.29689407348633
scene-1069_CAM_FRONT_205bbed2_93001674,2,80085,31.41426940411614,0.048269704877131225,0.7596328106532189,0.5917710713629081,61.81826400756836
scene-1069_CAM_FRONT_205bbed2_93001674,3,77880,30.650947000991398,0.057172711948427324,0.7899233052294277,0.5810022850839177,62.26347351074219
scene-1069_CAM_FRONT_205bbed2_93001674,4,93717,31.1680916387313,0.05177294616223982,0.8955690384261813,0.6212998712998713,61.22072982788086
scene-1069_CAM_FRONT_99d838dd_5ba9f3b3,0,104538,28.770522591676364,0.05716631268564498,0.9311322984792373,0.6932668820423923,60.107643127441406
scene-1069_CAM_FRONT_99d838dd_5ba9f3b3,1,106787,30.258412096957304,0.041267578457327314,0.867740918761327,0.7119218343708139,59.53793716430664
scene-1069_CAM_FRONT_99d838dd_5ba9f3b3,2,99844,31.187985819327725,0.033745842215616495,0.8713721009639377,0.6672510703122948,60.74694061279297
scene-1069_CAM_FRONT_99d838dd_5ba9f3b3,3,92286,31.561213175455723,0.026530993277648074,0.795649147689964,0.6463832637302025,59.902408599853516
scene-1069_CAM_FRONT_99d838dd_5ba9f3b3,4,102368,27.329226977204627,0.016341463962145975,0.9128516271373415,0.6877380295747643,65.42204284667969
scene-1070_CAM_FRONT_23779301_bb88fe0c,0,79453,25.818405169255566,0.017114498216538543,0.9180849946156069,0.5219118535445066,63.96329879760742
scene-1070_CAM_FRONT_23779301_bb88fe0c,1,93270,27.627580818965512,0.017192476612214236,0.8522575053187298,0.6207548656528248,60.93772888183594
scene-1070_CAM_FRONT_23779301_bb88fe0c,2,92333,27.155857436414394,0.03598210312881056,0.8926141885325559,0.6166246421348462,62.981231689453125
scene-1070_CAM_FRONT_23779301_bb88fe0c,3,82690,29.92116294642857,0.020685936820072692,0.9097063535839046,0.5526094607727261,61.05702590942383
scene-1070_CAM_FRONT_23779301_bb88fe0c,4,85082,29.039147316043422,0.055369728129677,0.9034749034749034,0.5590838652063141,63.46858596801758
scene-1070_CAM_FRONT_55b96b9a_11a46849,0,62354,26.047070875360227,0.027355070632065548,0.8688571953878076,0.4110261865363906,65.07703399658203
scene-1070_CAM_FRONT_55b96b9a_11a46849,1,61597,28.180442090803933,0.023385096951891615,0.8821540199091219,0.4099099099099099,63.03889465332031
scene-1070_CAM_FRONT_55b96b9a_11a46849,2,63641,28.82627007681564,0.022844586316078885,0.840575998739264,0.42316733643264254,61.50543212890625
scene-1070_CAM_FRONT_55b96b9a_11a46849,3,60820,26.927401894017272,0.036167881808214064,0.7729559005069209,0.4063443910382686,62.56414794921875
scene-1070_CAM_FRONT_55b96b9a_11a46849,4,56650,27.550887645914386,0.03095120005268326,0.8297481154624011,0.37208783127150474,63.530029296875
scene-1070_CAM_FRONT_1efc1f89_bb05f4d6,0,77939,30.791410900297617,0.025708676213758164,0.8184671552018491,0.517420481706196,60.50022888183594
scene-1070_CAM_FRONT_1efc1f89_bb05f4d6,1,92626,32.118734915945396,0.03743441551889859,0.9453746749665117,0.6114700706537441,60.1650276184082
scene-1070_CAM_FRONT_1efc1f89_bb05f4d6,2,103963,30.369388110017116,0.028224080387167838,0.9237386074120768,0.6917566254300949,63.18328857421875
scene-1070_CAM_FRONT_1efc1f89_bb05f4d6,3,106622,32.92678099667053,0.039968595395294626,0.9165550390040186,0.711928400703911,61.163719177246094
scene-1070_CAM_FRONT_1efc1f89_bb05f4d6,4,98095,33.801895199619764,0.04025358908669041,0.8937764294907152,0.6508615029023193,60.24661636352539
scene-1070_CAM_FRONT_c97eef4c_bc33987f,0,86346,30.49139354674797,0.025009952714935224,0.8723964489270611,0.5712512804349539,64.77381896972656
scene-1070_CAM_FRONT_c97eef4c_bc33987f,1,64576,31.66487877349964,0.03113278614905801,0.7799227799227799,0.4281971475849027,63.352420806884766
scene-1070_CAM_FRONT_c97eef4c_bc33987f,2,66747,30.578377550344456,0.016239029502556956,0.8173508785753684,0.44276127439392743,64.47587585449219
scene-1070_CAM_FRONT_c97eef4c_bc33987f,3,64478,33.8274748650766,0.018546345892541005,0.7582670133690542,0.42835473957922937,61.06276321411133
scene-1070_CAM_FRONT_c97eef4c_bc33987f,4,65197,30.697669163223143,0.021979873010159245,0.7792136159483098,0.4375410395818559,66.90792846679688
scene-1070_CAM_FRONT_918b8f22_c8c58d10,0,74741,34.28067998927038,0.02204466773064251,0.8209754944448822,0.5009061539673785,59.75153732299805
scene-1070_CAM_FRONT_918b8f22_c8c58d10,1,80193,34.66544268693509,0.02317706676044251,0.832177658708271,0.536160796364878,59.496360778808594
scene-1070_CAM_FRONT_918b8f22_c8c58d10,2,88175,35.49201562500001,0.02645486787677509,0.7993328605573503,0.6093097470648491,59.108673095703125
scene-1070_CAM_FRONT_918b8f22_c8c58d10,3,85385,33.5882516799232,0.022341471314597516,0.782680639823497,0.6018897906653009,63.8997917175293
scene-1070_CAM_FRONT_918b8f22_c8c58d10,4,85542,27.139782910005156,0.021071746139238234,0.9110787172011662,0.5697935544874321,72.87747192382812
scene-1070_CAM_FRONT_22312396_f9c8bf23,0,88443,31.282222347122296,0.030348583747207947,0.8867241877445959,0.5899981614267329,64.88813018798828
scene-1070_CAM_FRONT_22312396_f9c8bf23,1,99264,31.077660193810097,0.032408042744758836,0.9369041052714522,0.6534814698080004,65.76409149169922
scene-1070_CAM_FRONT_22312396_f9c8bf23,2,98202,30.907064701312155,0.053675021667935585,0.9428269377248969,0.652929897827857,64.28590393066406
scene-1070_CAM_FRONT_22312396_f9c8bf23,3,93796,31.793223690174035,0.05483133943097007,0.9364050639560844,0.619165813043364,63.607818603515625
scene-1070_CAM_FRONT_22312396_f9c8bf23,4,97531,29.856642434645934,0.05439127250738718,0.8647598035353138,0.6719788301420955,64.98595428466797
scene-1070_CAM_FRONT_52e868a4_5e080253,0,103853,30.171914506953215,0.05227511103335969,0.9166338350011819,0.6910540277887217,63.72205352783203
scene-1070_CAM_FRONT_52e868a4_5e080253,1,103644,30.666486982509635,0.07235288545321938,0.8321579597089801,0.7650566017912956,63.48971176147461
scene-1070_CAM_FRONT_52e868a4_5e080253,2,107775,30.15320094222933,0.0687899445570066,0.9101725632337877,0.7251858272266436,63.80094528198242
scene-1070_CAM_FRONT_52e868a4_5e080253,3,102206,30.575060263203618,0.04342308674046014,0.916495942006146,0.6882896015549077,62.707313537597656
scene-1070_CAM_FRONT_52e868a4_5e080253,4,83399,34.13173883611506,0.04070300827030504,0.9100675019042366,0.5599637538413048,59.412322998046875
scene-1070_CAM_FRONT_f4f8526c_3c8e6743,0,65490,27.580729166666668,0.023438195814903473,0.8327160980222205,0.4302983741759252,62.951847076416016
scene-1070_CAM_FRONT_f4f8526c_3c8e6743,1,66525,26.98886481253619,0.020325764656091927,0.8319084390512962,0.4371142279305545,62.8565559387207
scene-1070_CAM_FRONT_f4f8526c_3c8e6743,2,60694,27.352503000369282,0.01710056854596198,0.862435321618995,0.39870774564652117,62.43136978149414
scene-1070_CAM_FRONT_f4f8526c_3c8e6743,3,65324,27.091396954015863,0.026952118972343175,0.8362619178945709,0.44246578940456494,62.318580627441406
scene-1070_CAM_FRONT_f4f8526c_3c8e6743,4,63613,30.8186990946419,0.021996028403332257,0.8954508444304363,0.4219000341449321,58.359012603759766
scene-1071_CAM_FRONT_7e351605_e4f3ba86,0,86704,32.648123447380314,0.03245114355636769,0.8734207968901846,0.5831954403382975,56.60041427612305
scene-1071_CAM_FRONT_7e351605_e4f3ba86,1,77092,31.494050399116848,0.03294752261106426,0.8350471462716361,0.5324836498305886,59.22063446044922
scene-1071_CAM_FRONT_7e351605_e4f3ba86,2,80876,30.376559963474012,0.03440978750170287,0.7934559924355843,0.6304927376355948,62.17291259765625
scene-1071_CAM_FRONT_7e351605_e4f3ba86,3,89941,31.136860034326855,0.0395821580312159,0.8654164368450082,0.6483925616578677,62.70402145385742
scene-1071_CAM_FRONT_7e351605_e4f3ba86,4,92935,31.164984199438198,0.04134475216469191,0.912904157802117,0.6659969006907782,65.4372329711914
scene-1071_CAM_FRONT_4afe649e_8ff61927,0,95742,28.144663279428897,0.037753213064689595,0.9030612244897959,0.6420757492186063,62.28886413574219
scene-1071_CAM_FRONT_4afe649e_8ff61927,1,96538,29.251467391304338,0.03808729507883002,0.8792779660126598,0.6687350615922044,61.41145706176758
scene-1071_CAM_FRONT_4afe649e_8ff61927,2,83393,28.928403277101776,0.030860011346003358,0.825933075933076,0.6255220234812071,63.24401092529297
scene-1071_CAM_FRONT_4afe649e_8ff61927,3,72227,25.89840877757353,0.031941484710846346,0.7838297481154624,0.5697081921571717,68.03861999511719
scene-1071_CAM_FRONT_4afe649e_8ff61927,4,83666,27.606289178872892,0.03208036382880053,0.8011057704935256,0.6306043652982428,64.58747100830078
scene-1071_CAM_FRONT_d73837c9_b4128199,0,77103,25.133086764326276,0.01810829544193071,0.7511294092926746,0.5213143172326846,65.33897399902344
scene-1071_CAM_FRONT_d73837c9_b4128199,1,89715,27.373603327185013,0.0251060588202332,0.7663173377459092,0.6206498043232737,64.2120361328125
scene-1071_CAM_FRONT_d73837c9_b4128199,2,92859,26.15475430623638,0.033272902323632,0.7647676831350301,0.6461337430725186,66.68230438232422
scene-1071_CAM_FRONT_d73837c9_b4128199,3,94831,27.108015377795965,0.029028863129227034,0.8068972762850314,0.6655700890394768,66.3775405883789
scene-1071_CAM_FRONT_d73837c9_b4128199,4,92951,27.773708054221434,0.02682148552639463,0.8613584429910961,0.6297573083287369,63.375709533691406
scene-1071_CAM_FRONT_f4a78e35_665d9302,0,91491,27.826729241606706,0.03946912034856398,0.8913600189110393,0.6154361358442991,62.67021942138672
scene-1071_CAM_FRONT_f4a78e35_665d9302,1,98122,25.41161893184693,0.044735626735002976,0.8871181677304126,0.6534814698080004,66.53657531738281
scene-1071_CAM_FRONT_f4a78e35_665d9302,2,87647,26.8332183786078,0.025590267229328667,0.8472408268326636,0.5990334357681296,65.06910705566406
scene-1071_CAM_FRONT_f4a78e35_665d9302,3,79339,27.938930755285153,0.028122554147775425,0.8460129225435348,0.5410133165235206,62.873077392578125
scene-1071_CAM_FRONT_f4a78e35_665d9302,4,71409,26.871163980161192,0.02715694983676098,0.8323483833687916,0.48573135818033775,65.28717041015625
scene-1071_CAM_FRONT_8cd233f6_f5fcaa58,0,93469,28.17283342497555,0.049592230896799094,0.8518241273343314,0.6315696162634938,63.985904693603516
scene-1071_CAM_FRONT_8cd233f6_f5fcaa58,1,102393,25.62831877805836,0.0462692223600758,0.8832177658708271,0.6919076510913246,68.92031860351562
scene-1071_CAM_FRONT_8cd233f6_f5fcaa58,2,105997,27.949472552421735,0.04561777065684991,0.9092532766002154,0.6982835605284585,64.00009155273438
scene-1071_CAM_FRONT_8cd233f6_f5fcaa58,3,100810,28.04252786399548,0.05010249903953712,0.9020762745252541,0.673955296404276,61.859703063964844
scene-1071_CAM_FRONT_8cd233f6_f5fcaa58,4,100499,26.576696687302423,0.04511973471761488,0.9045780474351903,0.6769167126309984,63.54011154174805
scene-1071_CAM_FRONT_8e6c7f7a_8542f5f6,0,93674,25.6319804102294,0.03530901085701865,0.8229782260394505,0.6726223307855961,60.95501708984375
scene-1071_CAM_FRONT_8e6c7f7a_8542f5f6,1,87908,25.194990509761393,0.03511151531584389,0.7804480865705355,0.6617681821763455,63.9518928527832
scene-1071_CAM_FRONT_8e6c7f7a_8542f5f6,2,81637,28.142777955404807,0.0324930529591434,0.7736387991490032,0.6086531137551545,60.74293899536133
scene-1071_CAM_FRONT_8e6c7f7a_8542f5f6,3,85935,25.717684122260017,0.03345067648673128,0.7815774958632101,0.6590431539411131,63.446250915527344
scene-1071_CAM_FRONT_8e6c7f7a_8542f5f6,4,94297,25.74452410442073,0.03610943091718699,0.8003046778556983,0.6986250098494996,65.53672790527344
scene-1071_CAM_FRONT_9abd85fd_4ab3ec11,0,78701,26.0278035547084,0.027417112883708405,0.7700798466104588,0.5867937908754235,64.53700256347656
scene-1071_CAM_FRONT_9abd85fd_4ab3ec11,1,82011,29.368495143040136,0.023639165892376024,0.808624221889528,0.5749349933023402,59.58055114746094
scene-1071_CAM_FRONT_9abd85fd_4ab3ec11,2,90943,27.489895916136724,0.03293910628248531,0.8181519712131957,0.6002547737241615,61.74921798706055
scene-1071_CAM_FRONT_9abd85fd_4ab3ec11,3,86294,25.926340225168342,0.05069727853670458,0.8008956478344234,0.5905431670737793,63.4620246887207
scene-1071_CAM_FRONT_9abd85fd_4ab3ec11,4,81563,25.784233355803803,0.04515694766237477,0.7930620124497676,0.5817377143907756,62.99386978149414
scene-1071_CAM_FRONT_a542b5d6_58ac8c22,0,94411,24.95200688365227,0.07850578890292104,0.8351587739342842,0.6310902739474168,62.3162727355957
scene-1071_CAM_FRONT_a542b5d6_58ac8c22,1,96417,24.639975961538454,0.08213098962459764,0.8267407349040002,0.6699301342158485,63.296966552734375
scene-1071_CAM_FRONT_a542b5d6_58ac8c22,2,100998,25.20223534125188,0.07578760625903924,0.8950174664460379,0.6853544506605731,60.95564270019531
scene-1071_CAM_FRONT_a542b5d6_58ac8c22,3,95582,23.840045741242704,0.060225187725052365,0.8618706169726578,0.6450502981115226,62.99398422241211
scene-1071_CAM_FRONT_a542b5d6_58ac8c22,4,97495,21.73871728885847,0.046414857157707434,0.8209492291124945,0.6513277125522023,68.16527557373047
scene-1072_CAM_FRONT_f9ad282e_b6b30633,0,69933,27.831630315249257,0.02633705472412462,0.7396842907046989,0.4761313791926037,60.938323974609375
scene-1072_CAM_FRONT_f9ad282e_b6b30633,1,79360,25.904610945351756,0.023199294157957073,0.7921492921492922,0.5469164499776744,65.1312255859375
scene-1072_CAM_FRONT_f9ad282e_b6b30633,2,92679,25.685895611009894,0.03443314280809773,0.860281564363197,0.6647886954009403,64.53289794921875
scene-1072_CAM_FRONT_f9ad282e_b6b30633,3,93919,30.236181580565795,0.05113471935141112,0.8409174480603052,0.6998135161400467,59.5809440612793
scene-1072_CAM_FRONT_f9ad282e_b6b30633,4,85489,26.690184471365644,0.04905558109768071,0.7434074015706669,0.6740143934021485,63.403831481933594
scene-1072_CAM_FRONT_99a58537_1229d8b0,0,92130,30.186816061985905,0.03261222466913383,0.7596328106532189,0.64860268431697,58.94102478027344
scene-1072_CAM_FRONT_99a58537_1229d8b0,1,91429,28.360970960659284,0.031242472189106696,0.8037257373992068,0.6409594725921256,62.317481994628906
scene-1072_CAM_FRONT_99a58537_1229d8b0,2,106375,30.99203777150768,0.03912277240097106,0.9352953536627006,0.7205171643947155,58.75910186767578
scene-1072_CAM_FRONT_99a58537_1229d8b0,3,88042,32.00881188499385,0.026143634435459084,0.8646416095395687,0.6024282299792504,57.7248420715332
scene-1072_CAM_FRONT_99a58537_1229d8b0,4,75072,28.5038104989995,0.02368484834556206,0.7380624064297534,0.5653415806477031,60.93902587890625
scene-1072_CAM_FRONT_08cf9365_aa84c2a1,0,80767,29.874091890443772,0.039165172334724385,0.7900546318913666,0.5671341895831692,60.73173141479492
scene-1072_CAM_FRONT_08cf9365_aa84c2a1,1,93016,28.480120198653633,0.03551153291923148,0.887190397394479,0.6500472775982981,62.2409553527832
scene-1072_CAM_FRONT_08cf9365_aa84c2a1,2,102551,28.500307696926033,0.04097833502500947,0.9068171670212487,0.707108712210753,60.7956657409668
scene-1072_CAM_FRONT_08cf9365_aa84c2a1,3,92251,28.038349827882953,0.0393711926943463,0.8484621647886954,0.6736269797494288,62.89167404174805
scene-1072_CAM_FRONT_08cf9365_aa84c2a1,4,93650,29.383430789877295,0.03307142765511695,0.8059517243190712,0.7030375856906469,61.27238845825195
scene-1072_CAM_FRONT_031c0539_8a655468,0,82920,24.672786756292904,0.032235887568750954,0.7456859191553069,0.5586636198881096,67.66848754882812
scene-1072_CAM_FRONT_031c0539_8a655468,1,85999,24.206545108457497,0.035976963590397926,0.806457331967536,0.5907532897328815,69.22257232666016
scene-1072_CAM_FRONT_031c0539_8a655468,2,97440,26.651112748138964,0.03467555410905332,0.8093990491949675,0.6796942715310063,64.0537338256836
scene-1072_CAM_FRONT_031c0539_8a655468,3,87588,29.390734091744246,0.04188936156198708,0.7773159456832927,0.6242218895280119,57.88932800292969
scene-1072_CAM_FRONT_031c0539_8a655468,4,82783,29.87435174294268,0.050108234352076675,0.8108173771439078,0.5787762981640533,56.184539794921875
scene-1072_CAM_FRONT_e780de70_53123cc5,0,71420,28.78026671583088,0.026557913685070877,0.7678078953589158,0.4865587161505529,59.62900161743164
scene-1072_CAM_FRONT_e780de70_53123cc5,1,79403,28.069512185434675,0.03296853180125403,0.8147703096682688,0.5551309326819531,61.434837341308594
scene-1072_CAM_FRONT_e780de70_53123cc5,2,80926,31.110649250697023,0.04711156246254822,0.8219735770756179,0.5740682373335435,57.34492111206055
scene-1072_CAM_FRONT_e780de70_53123cc5,3,81054,27.569084063914037,0.028195916297622414,0.7488180600425498,0.6124221889528012,64.59571838378906
scene-1072_CAM_FRONT_e780de70_53123cc5,4,77464,27.97738344844598,0.03185583084252985,0.7652732907834948,0.6050875948835133,64.02568054199219
scene-1072_CAM_FRONT_c81faf62_0ad9191b,0,84900,23.835721271986554,0.02280774240129335,0.8033777217450687,0.6000512173981561,63.24423599243164
scene-1072_CAM_FRONT_c81faf62_0ad9191b,1,91727,22.203464314088983,0.024449177471841388,0.8699406403488036,0.6320620912457647,68.96968841552734
scene-1072_CAM_FRONT_c81faf62_0ad9191b,2,81573,23.030827394005854,0.024916875765620183,0.8239303443385076,0.5507577548393875,66.822021484375
scene-1072_CAM_FRONT_c81faf62_0ad9191b,3,82843,23.790156335289304,0.036748970840835504,0.8024124707798177,0.5674887715704042,65.08300018310547
scene-1072_CAM_FRONT_c81faf62_0ad9191b,4,73587,22.425639246871274,0.029200153891784097,0.753834738528616,0.5104010716255615,67.76573944091797
scene-1072_CAM_FRONT_8c88fa56_7e7a4ea0,0,78120,26.851175394144153,0.03726620378320922,0.7392049483886218,0.5483938749244872,64.23370361328125
scene-1072_CAM_FRONT_8c88fa56_7e7a4ea0,1,85153,26.855240014512873,0.04935144331702723,0.8046056260341975,0.5912720300475403,64.023681640625
scene-1072_CAM_FRONT_8c88fa56_7e7a4ea0,2,91247,25.475910461332315,0.045308371972546,0.9002508339243033,0.623735980878838,66.18207550048828
scene-1072_CAM_FRONT_8c88fa56_7e7a4ea0,3,96235,25.555293898809516,0.04452914070815295,0.9084850156278728,0.6537506894649752,66.07430267333984
scene-1072_CAM_FRONT_8c88fa56_7e7a4ea0,4,95670,25.302040088220032,0.047564724141646586,0.9371470595960392,0.6306437632968245,65.96137237548828
scene-1072_CAM_FRONT_a1bbde13_7d9d7658,0,95212,23.63070144905116,0.03128490605570233,0.914223990754603,0.6268287237674993,63.51074981689453
scene-1072_CAM_FRONT_a1bbde13_7d9d7658,1,100239,24.407421038543898,0.03868310275197695,0.8981824389987655,0.6695361542300318,61.8494987487793
scene-1072_CAM_FRONT_a1bbde13_7d9d7658,2,102962,24.56519132798269,0.04571222110472273,0.8947088487904814,0.6913560791111811,60.51481628417969
scene-1072_CAM_FRONT_a1bbde13_7d9d7658,3,103564,24.3145140373491,0.04503172868285921,0.9054251044046963,0.6853347516612823,59.00859069824219
scene-1072_CAM_FRONT_a1bbde13_7d9d7658,4,94646,23.513821645148678,0.045511470918360386,0.8683909857379245,0.6242218895280119,61.72191619873047
scene-1073_CAM_FRONT_127c5ddf_ca68f036,0,90766,10.391362566918763,0.07528108823795598,0.7657788984319597,0.5959997898773409,62.105159759521484
scene-1073_CAM_FRONT_127c5ddf_ca68f036,1,89839,10.343528263954585,0.07342702731920348,0.7656869697686024,0.5899127990964725,61.4255256652832
scene-1073_CAM_FRONT_127c5ddf_ca68f036,2,89415,10.189736753911744,0.074129833849641,0.7725619205211042,0.5871286738633678,62.10761642456055
scene-1073_CAM_FRONT_127c5ddf_ca68f036,3,89482,10.090189239758406,0.09003993837846158,0.76201638956741,0.587568618180863,62.62226486206055
scene-1073_CAM_FRONT_127c5ddf_ca68f036,4,89575,10.12739908854167,0.07989400672475622,0.7706708165891839,0.588179287158879,63.11540603637695
scene-1073_CAM_FRONT_29ac0fcf_b0415129,0,86001,10.733238299763032,0.06947164351921353,0.7641110498253355,0.5647112126703964,62.42479705810547
scene-1073_CAM_FRONT_29ac0fcf_b0415129,1,84519,10.425334524601066,0.07823278136786849,0.7607490872796995,0.5549799070207233,62.6898078918457
scene-1073_CAM_FRONT_29ac0fcf_b0415129,2,83106,10.902661766030256,0.06614647994963851,0.7702111732723977,0.5457016783547396,62.41170883178711
scene-1073_CAM_FRONT_29ac0fcf_b0415129,3,83697,10.851401404651533,0.07069894149917832,0.8131615580595173,0.5495823812150342,61.44393539428711
scene-1073_CAM_FRONT_29ac0fcf_b0415129,4,83904,10.424994063449848,0.09716264157864196,0.7719972158747669,0.5509416121661019,61.575496673583984
scene-1073_CAM_FRONT_9bccf886_e44d74c6,0,90018,10.247820055162586,0.07522983898906688,0.7608869802747353,0.5910881727208258,63.25289535522461
scene-1073_CAM_FRONT_9bccf886_e44d74c6,1,89436,10.181222600044963,0.08425418713942512,0.7705000919286633,0.5872665668584036,63.131980895996094
scene-1073_CAM_FRONT_9bccf886_e44d74c6,2,89050,10.322108580753234,0.06772115764156372,0.7641570141570142,0.5847319622829827,63.00984573364258
scene-1073_CAM_FRONT_9bccf886_e44d74c6,3,88948,10.19006616044352,0.07795731512836723,0.766343603078297,0.5840621963070942,63.61570358276367
scene-1073_CAM_FRONT_9bccf886_e44d74c6,4,89315,10.597818518693355,0.07260678734859027,0.7763309957187509,0.5864720405536732,60.53142166137695
scene-1073_CAM_FRONT_b85450b2_40fb1386,0,93853,11.604017630131283,0.061479543294807204,0.783514564126809,0.6162700601476112,59.771663665771484
scene-1073_CAM_FRONT_b85450b2_40fb1386,1,94410,11.304728260869567,0.061882419272904166,0.7754576734168571,0.6199275076826097,61.223087310791016
scene-1073_CAM_FRONT_b85450b2_40fb1386,2,92624,12.090305637668923,0.06379813165012016,0.7778346859979514,0.6082000367714654,58.29183578491211
scene-1073_CAM_FRONT_b85450b2_40fb1386,3,92221,11.944641113281252,0.05089344725988587,0.7795944632679327,0.6055538045333964,58.283748626708984
scene-1073_CAM_FRONT_b85450b2_40fb1386,4,90676,12.01653612012987,0.04571810165230383,0.7898313765660705,0.5954088198986158,59.713321685791016
scene-1073_CAM_FRONT_3fa66f73_0f3fbd16,0,94370,12.81659069350759,0.04264713886527893,0.7788459012948808,0.6196648543587319,59.94419479370117
scene-1073_CAM_FRONT_3fa66f73_0f3fbd16,1,93532,13.463102244078327,0.04724905222824516,0.7803298925747906,0.6141622672234918,58.38724136352539
scene-1073_CAM_FRONT_3fa66f73_0f3fbd16,2,90830,12.361340831203528,0.07664076901102779,0.7566845270926904,0.5964200351955454,61.75906753540039
scene-1073_CAM_FRONT_3fa66f73_0f3fbd16,3,89648,11.83595742984694,0.06879551396777672,0.7709991332440312,0.588658629474956,63.535213470458984
scene-1073_CAM_FRONT_3fa66f73_0f3fbd16,4,87577,11.929575921069265,0.0633989864531781,0.7666456544007565,0.5750597536311822,65.76293182373047
scene-1073_CAM_FRONT_1bfa473e_df9df601,0,92534,18.02417942397509,0.033155275263028194,0.7633230898537021,0.6099007170435742,64.36446380615234
scene-1073_CAM_FRONT_1bfa473e_df9df601,1,90975,17.01627486756087,0.044128938839434806,0.7423305229427678,0.604155175583747,66.43312072753906
scene-1073_CAM_FRONT_1bfa473e_df9df601,2,89104,17.399237060546874,0.020883584643614173,0.739434770047015,0.5930186746513277,66.98882293701172
scene-1073_CAM_FRONT_1bfa473e_df9df601,3,82068,19.21463797638317,0.027449882401804127,0.733183620938723,0.5482494155963543,63.26822280883789
scene-1073_CAM_FRONT_1bfa473e_df9df601,4,76239,19.26100429832714,0.030971023745134385,0.7194731174323011,0.5089433456780396,63.74939727783203
scene-1073_CAM_FRONT_bcb9325f_6906b7b4,0,72217,26.77405986410497,0.04280692375743733,0.69737740656108,0.48141727733564466,64.13433837890625
scene-1073_CAM_FRONT_bcb9325f_6906b7b4,1,67017,27.89583677799823,0.033812641065653626,0.6832269587371628,0.4497609854752712,62.523860931396484
scene-1073_CAM_FRONT_bcb9325f_6906b7b4,2,59233,28.800778837245208,0.0290866328027799,0.6428768418564337,0.4057862527250282,61.324092864990234
scene-1073_CAM_FRONT_bcb9325f_6906b7b4,3,48629,29.293354141291115,0.017280190959791053,0.5968402805137499,0.34290704698867963,59.08122253417969
scene-1073_CAM_FRONT_bcb9325f_6906b7b4,4,51049,31.128499673182265,0.009796689562706185,0.603557639271925,0.34767420481706196,58.650543212890625
scene-1073_CAM_FRONT_f9b33fd3_f0ee73d4,0,50829,32.190318547804736,0.026717673272418807,0.632515168229454,0.3337601449846348,59.71360778808594
scene-1073_CAM_FRONT_f9b33fd3_f0ee73d4,1,53591,30.871321939853953,0.02256430163328682,0.6664237123420796,0.35189635699839783,62.0049934387207
scene-1073_CAM_FRONT_f9b33fd3_f0ee73d4,2,56620,31.490211470549042,0.024567842602071455,0.6502180022588185,0.37178577994904527,62.62300109863281
scene-1073_CAM_FRONT_f9b33fd3_f0ee73d4,3,55886,31.183085029069762,0.020024322774840675,0.6532976124812859,0.3669660914558874,63.07475662231445
scene-1073_CAM_FRONT_f9b33fd3_f0ee73d4,4,56828,33.16354452597128,0.018572512381837436,0.6531859848186379,0.3731515772332099,61.253387451171875
