clip_id,block,variant,s_c0,s_c3,a_clip,n_support_px,ok
2013_05_28_drive_0006_sync_000040,0,C0C3,27.3665,24.776110464318858,-0.09943973645567894,303082,1
2013_05_28_drive_0006_sync_000045,0,C0C3,27.3665,27.071426724546516,-0.010840830393135548,296840,1
2013_05_28_drive_0006_sync_000050,0,C0C3,27.3665,25.76635279991703,-0.06025015190243721,300859,1
2013_05_28_drive_0006_sync_000055,0,C0C3,27.3665,24.75407309114301,-0.10032959282398224,320891,1
2013_05_28_drive_0006_sync_000060,0,C0C3,27.3665,25.408077152570037,-0.07425251603126526,322949,1
2013_05_28_drive_0006_sync_000065,0,C0C3,27.3665,25.838659819800494,-0.057447824627161026,319833,1
2013_05_28_drive_0006_sync_000070,0,C0C3,27.3665,25.773703967938925,-0.05996489152312279,326839,1
2013_05_28_drive_0006_sync_000075,0,C0C3,27.3665,25.856323340993338,-0.056764449924230576,325169,1
2013_05_28_drive_0006_sync_000080,0,C0C3,27.3665,25.803545455388846,-0.05880773440003395,324195,1
2013_05_28_drive_0006_sync_000085,0,C0C3,27.3665,27.18407761248852,-0.006688217632472515,321153,1
2013_05_28_drive_0006_sync_000090,0,C0C3,27.3665,26.957730263877515,-0.015049544163048267,326977,1
2013_05_28_drive_0006_sync_000095,0,C0C3,27.3665,26.402246578475825,-0.03587053343653679,333251,1
2013_05_28_drive_0006_sync_000100,0,C0C3,27.3665,25.694918258507858,-0.06302639842033386,339333,1
2013_05_28_drive_0006_sync_000105,0,C0C3,27.3665,26.17954768574997,-0.044341154396533966,339682,1
2013_05_28_drive_0006_sync_000110,0,C0C3,27.3665,24.90557318049713,-0.09422803670167923,334573,1
2013_05_28_drive_0006_sync_000115,0,C0C3,27.3665,23.289988332193087,-0.1612960547208786,339721,1
2013_05_28_drive_0006_sync_000120,0,C0C3,27.3665,23.20934022962248,-0.16476484388113022,339530,1
2013_05_28_drive_0006_sync_000125,0,C0C3,27.3665,22.420601039850663,-0.19933941215276718,335240,1
2013_05_28_drive_0006_sync_000130,0,C0C3,27.3665,20.25879201226812,-0.30073076486587524,328495,1
2013_05_28_drive_0006_sync_000135,0,C0C3,27.3665,18.80966060099145,-0.37494903802871704,324457,1
2013_05_28_drive_0006_sync_000140,1,C0C3,27.3665,17.5593021127028,-0.4437357932329178,322792,1
2013_05_28_drive_0006_sync_000145,1,C0C3,27.3665,16.933421369667208,-0.4800303727388382,318198,1
2013_05_28_drive_0006_sync_000150,1,C0C3,27.3665,17.163078809397607,-0.46655914187431335,316031,1
2013_05_28_drive_0006_sync_000155,1,C0C3,27.3665,17.263468672753422,-0.4607270061969757,315909,1
2013_05_28_drive_0006_sync_000160,1,C0C3,27.3665,17.580464608766434,-0.4425313174724579,315359,1
2013_05_28_drive_0006_sync_000165,1,C0C3,27.3665,17.918921683723877,-0.4234624058008194,317132,1
2013_05_28_drive_0006_sync_000170,1,C0C3,27.3665,18.304086900468747,-0.4021952748298645,316731,1
2013_05_28_drive_0006_sync_000175,1,C0C3,27.3665,19.856072030235424,-0.3208097815513611,311118,1
2013_05_28_drive_0006_sync_000180,1,C0C3,27.3665,22.28286188636106,-0.20550177991390228,309931,1
2013_05_28_drive_0006_sync_000185,1,C0C3,27.3665,23.318292695257398,-0.16008149087429047,310500,1
2013_05_28_drive_0006_sync_000190,1,C0C3,27.3665,24.3831849396481,-0.11542588472366333,312216,1
2013_05_28_drive_0006_sync_000195,1,C0C3,27.3665,25.273604102237943,-0.07955910265445709,314584,1
2013_05_28_drive_0006_sync_000200,1,C0C3,27.3665,25.999284920556615,-0.051250603049993515,304930,1
2013_05_28_drive_0006_sync_000205,1,C0C3,27.3665,26.865500494521655,-0.018476683646440506,297700,1
2013_05_28_drive_0006_sync_000210,1,C0C3,27.3665,26.818038697230893,-0.020244890823960304,295414,1
2013_05_28_drive_0006_sync_000215,1,C0C3,27.3665,27.509901657369355,0.005226362496614456,291581,1
2013_05_28_drive_0006_sync_000220,1,C0C3,27.3665,29.356662825013444,0.07019989565014839,284924,1
2013_05_28_drive_0006_sync_000225,1,C0C3,27.3665,29.418722527529585,0.0723116546869278,277629,1
2013_05_28_drive_0006_sync_000230,1,C0C3,27.3665,28.49648508880753,0.040461111813783646,277869,1
2013_05_28_drive_0006_sync_000235,1,C0C3,27.3665,28.878764587530807,0.05378689803183079,279706,1
2013_05_28_drive_0006_sync_000240,2,C0C3,27.3665,28.350077623266472,0.035310130566358566,296794,1
2013_05_28_drive_0006_sync_000245,2,C0C3,27.3665,27.693648893292,0.011883467435836792,307598,1
2013_05_28_drive_0006_sync_000250,2,C0C3,27.3665,27.037553619444854,-0.012092863209545612,323171,1
2013_05_28_drive_0006_sync_000255,2,C0C3,27.3665,26.852858586271008,-0.018947357311844826,308578,1
2013_05_28_drive_0006_sync_000260,2,C0C3,27.3665,26.557708347192566,-0.02999959886074066,291097,1
2013_05_28_drive_0006_sync_000265,2,C0C3,27.3665,26.05205807043368,-0.04922286793589592,275133,1
2013_05_28_drive_0006_sync_000270,2,C0C3,27.3665,26.837739649111338,-0.01951054483652115,260175,1
2013_05_28_drive_0006_sync_000275,2,C0C3,27.3665,27.580785523797573,0.007799715967848897,250534,1
2013_05_28_drive_0006_sync_000280,2,C0C3,27.3665,27.593180163533365,0.008249009028077126,263817,1
2013_05_28_drive_0006_sync_000285,2,C0C3,27.3665,28.428344560872283,0.038067057728767395,267626,1
2013_05_28_drive_0006_sync_000290,2,C0C3,27.3665,27.240948134454616,-0.004598350264132023,270384,1
2013_05_28_drive_0006_sync_000295,2,C0C3,27.3665,27.37268392697367,0.00022594151232624426,263740,1
2013_05_28_drive_0006_sync_000300,2,C0C3,27.3665,27.79391895463652,0.015497616492211819,269232,1
2013_05_28_drive_0006_sync_000305,2,C0C3,27.3665,27.372631846231762,0.0002240388566860929,277459,1
2013_05_28_drive_0006_sync_000310,2,C0C3,27.3665,27.39446905035565,0.0010214959038421512,278831,1
2013_05_28_drive_0006_sync_000315,2,C0C3,27.3665,27.52599471122253,0.0058111827820539474,288606,1
2013_05_28_drive_0006_sync_000320,2,C0C3,27.3665,27.323307874301257,-0.0015795314102433622,279746,1
2013_05_28_drive_0006_sync_000325,2,C0C3,27.3665,27.70947526729682,0.012454784475266933,272511,1
2013_05_28_drive_0006_sync_000330,2,C0C3,27.3665,27.559355181316683,0.0070224113296717405,263096,1
2013_05_28_drive_0006_sync_000335,2,C0C3,27.3665,27.68280750607939,0.011491915211081505,265644,1
2013_05_28_drive_0006_sync_000340,3,C0C3,27.3665,27.64707142858121,0.010200168937444687,275277,1
2013_05_28_drive_0006_sync_000345,3,C0C3,27.3665,27.3705803725477,0.00014908988669048995,263008,1
2013_05_28_drive_0006_sync_000350,3,C0C3,27.3665,27.470060016536397,0.003777047269977629,253866,1
2013_05_28_drive_0006_sync_000355,3,C0C3,27.3665,27.561959936756033,0.007116921246051788,269954,1
2013_05_28_drive_0006_sync_000360,3,C0C3,27.3665,27.527612985567895,0.005869971821084619,264554,1
2013_05_28_drive_0006_sync_000365,3,C0C3,27.3665,26.370498453742798,-0.037073735147714615,281728,1
2013_05_28_drive_0006_sync_000370,3,C0C3,27.3665,24.62818106923317,-0.10542827844619751,287203,1
2013_05_28_drive_0006_sync_000375,3,C0C3,27.3665,23.190058157621028,-0.16559597849845886,286259,1
2013_05_28_drive_0006_sync_000380,3,C0C3,27.3665,22.36895754718366,-0.20164546370506287,282013,1
2013_05_28_drive_0006_sync_000385,3,C0C3,27.3665,21.693534834639173,-0.2323053553700447,283780,1
2013_05_28_drive_0006_sync_000390,3,C0C3,27.3665,21.82025749268422,-0.2264808565378189,274283,1
2013_05_28_drive_0006_sync_000395,3,C0C3,27.3665,23.40203103123554,-0.1564968228340149,269608,1
2013_05_28_drive_0006_sync_000400,3,C0C3,27.3665,25.568500410105706,-0.06795849651098251,259226,1
2013_05_28_drive_0006_sync_000405,3,C0C3,27.3665,26.450749716642918,-0.03403513506054878,248433,1
2013_05_28_drive_0006_sync_000410,3,C0C3,27.3665,25.49980220569842,-0.07064894214272499,247142,1
2013_05_28_drive_0006_sync_000415,3,C0C3,27.3665,23.486788928803826,-0.15288154780864716,250445,1
2013_05_28_drive_0006_sync_000420,3,C0C3,27.3665,18.968987369651472,-0.3665142357349396,255045,1
2013_05_28_drive_0006_sync_000425,3,C0C3,27.3665,17.215847291381642,-0.4634893238544464,258061,1
2013_05_28_drive_0006_sync_000485,3,C0C3,27.3665,24.15979848251323,-0.12462960556149483,290732,1
2013_05_28_drive_0006_sync_000490,3,C0C3,27.3665,25.69925076608876,-0.06285779923200607,292535,1
2013_05_28_drive_0006_sync_000495,4,C0C3,27.3665,26.915459102103554,-0.016618828289210796,297872,1
2013_05_28_drive_0006_sync_000500,4,C0C3,27.3665,27.63114330523206,0.009623879566788673,291939,1
2013_05_28_drive_0006_sync_000505,4,C0C3,27.3665,27.983628130988816,0.0222999919205904,282892,1
2013_05_28_drive_0006_sync_000510,4,C0C3,27.3665,30.133091850506094,0.09630432724952698,283005,1
2013_05_28_drive_0006_sync_000515,4,C0C3,27.3665,31.925857801636027,0.15409663319587708,283663,1
2013_05_28_drive_0006_sync_000520,4,C0C3,27.3665,33.602751164613174,0.20528830587863922,276552,1
2013_05_28_drive_0006_sync_000525,4,C0C3,27.3665,35.93028745656731,0.27226096391677856,265617,1
2013_05_28_drive_0006_sync_000530,4,C0C3,27.3665,38.18741214268159,0.3331862986087799,251770,1
2013_05_28_drive_0006_sync_000535,4,C0C3,27.3665,39.035228208181096,0.3551448881626129,243793,1
2013_05_28_drive_0006_sync_000540,4,C0C3,27.3665,40.738992402559795,0.39786604046821594,245879,1
2013_05_28_drive_0006_sync_000545,4,C0C3,27.3665,39.392424105581554,0.3642538785934448,254544,1
2013_05_28_drive_0006_sync_000550,4,C0C3,27.3665,35.34771582971114,0.2559141367673874,262500,1
2013_05_28_drive_0006_sync_000555,4,C0C3,27.3665,33.217221768175826,0.1937488317489624,271494,1
2013_05_28_drive_0006_sync_000560,4,C0C3,27.3665,30.23100135470061,0.09954829514026642,289151,1
2013_05_28_drive_0006_sync_000565,4,C0C3,27.3665,29.644479178470018,0.07995627075433731,306847,1
2013_05_28_drive_0006_sync_000570,4,C0C3,27.3665,29.219849121414313,0.06552860513329506,317996,1
2013_05_28_drive_0006_sync_000575,4,C0C3,27.3665,28.346314274249917,0.03517737612128258,323851,1
2013_05_28_drive_0006_sync_000580,4,C0C3,27.3665,28.683810143049755,0.04701321944594383,327620,1
2013_05_28_drive_0006_sync_000585,4,C0C3,27.3665,28.807780486940192,0.05132586881518364,329826,1
2013_05_28_drive_0006_sync_000590,4,C0C3,27.3665,29.359296163546,0.07028959318995476,314792,1
2013_05_28_drive_0006_sync_000595,5,C0C3,27.3665,28.944130535220847,0.05604780092835426,307403,1
2013_05_28_drive_0006_sync_000600,5,C0C3,27.3665,28.56219813921186,0.042764462530612946,305392,1
2013_05_28_drive_0006_sync_000605,5,C0C3,27.3665,27.643817467411452,0.010082465596497059,304639,1
2013_05_28_drive_0006_sync_000610,5,C0C3,27.3665,27.470618851921408,0.0037973904982209206,309371,1
2013_05_28_drive_0006_sync_000615,5,C0C3,27.3665,26.731343047723755,-0.023482863791286945,317100,1
2013_05_28_drive_0006_sync_000620,5,C0C3,27.3665,26.004945833020926,-0.0510328933596611,312509,1
2013_05_28_drive_0006_sync_000625,5,C0C3,27.3665,25.164216947801794,-0.08389661461114883,302578,1
2013_05_28_drive_0006_sync_000630,5,C0C3,27.3665,23.25249538049468,-0.1629071831703186,297350,1
2013_05_28_drive_0006_sync_000635,5,C0C3,27.3665,21.886645710762803,-0.22344297170639038,291753,1
2013_05_28_drive_0006_sync_000640,5,C0C3,27.3665,21.10402983367328,-0.25985562801361084,310775,1
2013_05_28_drive_0006_sync_000645,5,C0C3,27.3665,20.17126029690315,-0.30506080389022827,318085,1
2013_05_28_drive_0006_sync_000650,5,C0C3,27.3665,19.13601463321133,-0.35774749517440796,319347,1
2013_05_28_drive_0006_sync_000655,5,C0C3,27.3665,18.757829383536425,-0.37770840525627136,324076,1
2013_05_28_drive_0006_sync_000660,5,C0C3,27.3665,19.052458214075493,-0.362123504281044,331646,1
2013_05_28_drive_0006_sync_000665,5,C0C3,27.3665,18.320661365637896,-0.4012901782989502,330693,1
2013_05_28_drive_0006_sync_000670,5,C0C3,27.3665,18.97403125874472,-0.36624836921691895,328643,1
2013_05_28_drive_0006_sync_000675,5,C0C3,27.3665,19.14477954886727,-0.3572895675897598,323572,1
2013_05_28_drive_0006_sync_000680,5,C0C3,27.3665,20.43038204440848,-0.29229652881622314,317138,1
2013_05_28_drive_0006_sync_000685,5,C0C3,27.3665,21.34503524235472,-0.24850046634674072,318286,1
2013_05_28_drive_0006_sync_000690,5,C0C3,27.3665,21.718173868050638,-0.23117022216320038,314573,1
2013_05_28_drive_0006_sync_000695,6,C0C3,27.3665,21.28814084460688,-0.25116948783397675,317756,1
2013_05_28_drive_0006_sync_000700,6,C0C3,27.3665,22.814514145507598,-0.18192271888256073,311211,1
2013_05_28_drive_0006_sync_000705,6,C0C3,27.3665,23.41933764825539,-0.15575756132602692,308466,1
2013_05_28_drive_0006_sync_000710,6,C0C3,27.3665,23.91020468457126,-0.13501429557800293,306043,1
2013_05_28_drive_0006_sync_000715,6,C0C3,27.3665,24.917551052143434,-0.09374722093343735,303689,1
2013_05_28_drive_0006_sync_000720,6,C0C3,27.3665,25.710936707681192,-0.06240318343043327,308902,1
2013_05_28_drive_0006_sync_000725,6,C0C3,27.3665,26.12227493798595,-0.04653124138712883,311697,1
2013_05_28_drive_0006_sync_000730,6,C0C3,27.3665,26.43438704207804,-0.034653935581445694,310832,1
2013_05_28_drive_0006_sync_000735,6,C0C3,27.3665,26.06648284463022,-0.04866933077573776,314681,1
2013_05_28_drive_0006_sync_000740,6,C0C3,27.3665,25.67445321594066,-0.06382317841053009,315497,1
2013_05_28_drive_0006_sync_000745,6,C0C3,27.3665,26.016527996489113,-0.05058760941028595,315317,1
2013_05_28_drive_0006_sync_000750,6,C0C3,27.3665,26.287536193083987,-0.040224719792604446,317715,1
2013_05_28_drive_0006_sync_000755,6,C0C3,27.3665,25.697756352323815,-0.06291595101356506,316705,1
2013_05_28_drive_0006_sync_000760,6,C0C3,27.3665,26.13876068802022,-0.045900341123342514,321985,1
2013_05_28_drive_0006_sync_000765,6,C0C3,27.3665,25.952042661334275,-0.05306931585073471,319711,1
2013_05_28_drive_0006_sync_000770,6,C0C3,27.3665,26.359538183718513,-0.03748944774270058,321041,1
2013_05_28_drive_0006_sync_000775,6,C0C3,27.3665,26.32517154968626,-0.03879406303167343,320507,1
2013_05_28_drive_0006_sync_000780,6,C0C3,27.3665,25.763364317519294,-0.06036614254117012,319283,1
2013_05_28_drive_0006_sync_000785,6,C0C3,27.3665,25.181689395430453,-0.08320251852273941,318215,1
2013_05_28_drive_0006_sync_000790,6,C0C3,27.3665,23.594440204859055,-0.14830853790044785,316046,1
2013_05_28_drive_0006_sync_000795,7,C0C3,27.3665,21.502871977274747,-0.24113313108682632,314120,1
2013_05_28_drive_0006_sync_000800,7,C0C3,27.3665,20.477164688806095,-0.2900092899799347,317370,1
2013_05_28_drive_0006_sync_000805,7,C0C3,27.3665,20.314997692838364,-0.29796022176742554,310879,1
2013_05_28_drive_0006_sync_000810,7,C0C3,27.3665,20.631572733827074,-0.2824970781803131,298240,1
2013_05_28_drive_0006_sync_000815,7,C0C3,27.3665,20.234305073171484,-0.3019402027130127,309735,1
2013_05_28_drive_0006_sync_000820,7,C0C3,27.3665,21.67618261580506,-0.23310555517673492,310860,1
2013_05_28_drive_0006_sync_000825,7,C0C3,27.3665,21.139105881309394,-0.2581949532032013,303089,1
2013_05_28_drive_0006_sync_000830,7,C0C3,27.3665,22.882955913219536,-0.17892728745937347,303307,1
2013_05_28_drive_0006_sync_000835,7,C0C3,27.3665,23.04500958497247,-0.1718703955411911,298577,1
2013_05_28_drive_0006_sync_000840,7,C0C3,27.3665,24.751780059388267,-0.10042222961783409,299684,1
2013_05_28_drive_0006_sync_000845,7,C0C3,27.3665,27.03046573283906,-0.012355047278106213,302276,1
2013_05_28_drive_0006_sync_000850,7,C0C3,27.3665,27.5132492811098,0.00534804305061698,305521,1
2013_05_28_drive_0006_sync_000855,7,C0C3,27.3665,27.91569748518835,0.019869526848196983,307666,1
2013_05_28_drive_0006_sync_000860,7,C0C3,27.3665,28.014807303136397,0.023413565009832382,313471,1
2013_05_28_drive_0006_sync_000865,7,C0C3,27.3665,27.8101499507907,0.016081422567367554,315717,1
2013_05_28_drive_0006_sync_000870,7,C0C3,27.3665,27.44382524068749,0.0028215593192726374,318585,1
2013_05_28_drive_0006_sync_000875,7,C0C3,27.3665,27.581848064389938,0.007838239893317223,312393,1
2013_05_28_drive_0006_sync_000880,7,C0C3,27.3665,27.351609691925205,-0.0005442552210297436,313578,1
2013_05_28_drive_0006_sync_000885,7,C0C3,27.3665,27.060504166443803,-0.01124438364058733,315121,1
2013_05_28_drive_0006_sync_000890,7,C0C3,27.3665,27.20842494418613,-0.005792971700429916,312947,1
2013_05_28_drive_0006_sync_000895,8,C0C3,27.3665,26.214413608271155,-0.04301024042069912,307510,1
2013_05_28_drive_0006_sync_000900,8,C0C3,27.3665,25.95027427128046,-0.053137458860874176,307131,1
2013_05_28_drive_0006_sync_000905,8,C0C3,27.3665,26.13555502487925,-0.046022988855838776,304019,1
2013_05_28_drive_0006_sync_000910,8,C0C3,27.3665,27.099086510326245,-0.009819618426263332,299410,1
2013_05_28_drive_0006_sync_000915,8,C0C3,27.3665,27.23075673707885,-0.004972540773451328,301456,1
2013_05_28_drive_0006_sync_000920,8,C0C3,27.3665,27.706566257786456,0.01234979648143053,302399,1
2013_05_28_drive_0006_sync_000925,8,C0C3,27.3665,27.357026771050634,-0.00034622143721207976,303227,1
2013_05_28_drive_0006_sync_000930,8,C0C3,27.3665,27.27527822689834,-0.0033389051677659154,308336,1
2013_05_28_drive_0006_sync_000935,8,C0C3,27.3665,26.258127723985105,-0.04134406894445419,315501,1
2013_05_28_drive_0006_sync_000940,8,C0C3,27.3665,25.53845885970286,-0.06913413107395172,314323,1
2013_05_28_drive_0006_sync_000945,8,C0C3,27.3665,25.116715249479682,-0.08578606694936752,309661,1
2013_05_28_drive_0006_sync_000950,8,C0C3,27.3665,25.285880391460005,-0.07907348498702049,301750,1
2013_05_28_drive_0006_sync_000955,8,C0C3,27.3665,25.580896783959176,-0.06747378408908844,295815,1
2013_05_28_drive_0006_sync_000960,8,C0C3,27.3665,26.877931425988173,-0.018014080822467804,284864,1
2013_05_28_drive_0006_sync_000965,8,C0C3,27.3665,27.185860580270155,-0.006622631102800369,290332,1
2013_05_28_drive_0006_sync_000970,8,C0C3,27.3665,26.687047221264933,-0.02514131274074316,278598,1
2013_05_28_drive_0006_sync_000975,8,C0C3,27.3665,26.82016453465793,-0.020165625028312206,287882,1
2013_05_28_drive_0006_sync_000980,8,C0C3,27.3665,27.185007944882017,-0.006653994787484407,291237,1
2013_05_28_drive_0006_sync_000985,8,C0C3,27.3665,27.626489818031637,0.009455450810492039,291956,1
2013_05_28_drive_0006_sync_000990,8,C0C3,27.3665,27.711997576442084,0.012545807287096977,295389,1
2013_05_28_drive_0006_sync_000995,9,C0C3,27.3665,28.120981870418163,0.02719634585082531,293951,1
2013_05_28_drive_0006_sync_001000,9,C0C3,27.3665,27.584008758551768,0.007916574366390705,289195,1
2013_05_28_drive_0006_sync_001005,9,C0C3,27.3665,26.743946354051005,-0.023011494427919388,281647,1
2013_05_28_drive_0006_sync_001010,9,C0C3,27.3665,25.78125104658482,-0.05967211350798607,277615,1
2013_05_28_drive_0006_sync_001015,9,C0C3,27.3665,26.046447934458364,-0.0494382344186306,272353,1
2013_05_28_drive_0006_sync_001020,9,C0C3,27.3665,25.476295626304026,-0.07157120108604431,277661,1
2013_05_28_drive_0006_sync_001025,9,C0C3,27.3665,25.862678263834074,-0.05651870183646679,282154,1
2013_05_28_drive_0006_sync_001030,9,C0C3,27.3665,27.158514082572832,-0.007629046216607094,279885,1
2013_05_28_drive_0006_sync_001035,9,C0C3,27.3665,27.380870532238742,0.0005249761743471026,291737,1
2013_05_28_drive_0006_sync_001040,9,C0C3,27.3665,27.492437289883945,0.0045913215726614,296587,1
2013_05_28_drive_0006_sync_001045,9,C0C3,27.3665,27.344240502642737,-0.0008137158583849669,296785,1
2013_05_28_drive_0006_sync_001050,9,C0C3,27.3665,26.26867440331316,-0.04094249568879604,299162,1
2013_05_28_drive_0006_sync_001055,9,C0C3,27.3665,26.19917608723512,-0.04359167441725731,298681,1
2013_05_28_drive_0006_sync_001060,9,C0C3,27.3665,26.95999493856133,-0.014965539332479239,298834,1
2013_05_28_drive_0006_sync_001065,9,C0C3,27.3665,27.45261497214028,0.0031417888822034,289442,1
2013_05_28_drive_0006_sync_001070,9,C0C3,27.3665,28.192142076511654,0.029723651707172394,290939,1
2013_05_28_drive_0006_sync_001075,9,C0C3,27.3665,29.565954920686497,0.07730389013886452,288632,1
2013_05_28_drive_0006_sync_001080,9,C0C3,27.3665,29.69263568574296,0.08157942071557045,293518,1
2013_05_28_drive_0006_sync_001085,9,C0C3,27.3665,29.546243695153795,0.07663698121905327,284034,1
2013_05_28_drive_0006_sync_001090,9,C0C3,27.3665,29.64600321085565,0.08000767976045609,288938,1
2013_05_28_drive_0006_sync_001095,10,C0C3,27.3665,29.313145049296793,0.06871641427278519,292338,1
2013_05_28_drive_0006_sync_001100,10,C0C3,27.3665,29.090866892221285,0.061104634776711464,288240,1
2013_05_28_drive_0006_sync_001105,10,C0C3,27.3665,30.7181345837657,0.11553354561328888,284129,1
2013_05_28_drive_0006_sync_001110,10,C0C3,27.3665,30.786821407291555,0.117767084389925,288824,1
2013_05_28_drive_0006_sync_001115,10,C0C3,27.3665,30.897698699836003,0.12136206775903702,293193,1
2013_05_28_drive_0006_sync_001120,10,C0C3,27.3665,30.57722436297659,0.11093579232692719,297813,1
2013_05_28_drive_0006_sync_001125,10,C0C3,27.3665,31.435315790133185,0.13861232995986938,301941,1
2013_05_28_drive_0006_sync_001130,10,C0C3,27.3665,30.576000434867098,0.11089576408267021,304038,1
2013_05_28_drive_0006_sync_001135,10,C0C3,27.3665,30.184494778486112,0.09800873696804047,312025,1
2013_05_28_drive_0006_sync_001140,10,C0C3,27.3665,29.478398539330513,0.07433810457587242,314630,1
2013_05_28_drive_0006_sync_001145,10,C0C3,27.3665,29.425516999553565,0.07254258543252945,307653,1
2013_05_28_drive_0006_sync_001150,10,C0C3,27.3665,28.408203705891403,0.03735832870006561,297948,1
2013_05_28_drive_0006_sync_001155,10,C0C3,27.3665,28.462480371326063,0.039267104119062424,288676,1
2013_05_28_drive_0006_sync_001160,10,C0C3,27.3665,28.357649661033474,0.035577185451984406,282995,1
2013_05_28_drive_0006_sync_001165,10,C0C3,27.3665,27.265462745911382,-0.0036988372448831797,287854,1
2013_05_28_drive_0006_sync_001170,10,C0C3,27.3665,26.445969344022547,-0.03421587869524956,284091,1
2013_05_28_drive_0006_sync_001175,10,C0C3,27.3665,25.925494110918926,-0.05409282445907593,299697,1
2013_05_28_drive_0006_sync_001180,10,C0C3,27.3665,25.814138085463984,-0.058397307991981506,308669,1
2013_05_28_drive_0006_sync_001185,10,C0C3,27.3665,25.91639989929975,-0.05444366857409477,307511,1
2013_05_28_drive_0006_sync_001190,10,C0C3,27.3665,25.20652324006835,-0.08221681788563728,298478,1
2013_05_28_drive_0006_sync_001195,11,C0C3,27.3665,26.286123903260158,-0.040278445929288864,294535,1
2013_05_28_drive_0006_sync_001200,11,C0C3,27.3665,25.43237412351978,-0.07329670339822769,296291,1
2013_05_28_drive_0006_sync_001205,11,C0C3,27.3665,26.17147988614095,-0.04464937373995781,291443,1
2013_05_28_drive_0006_sync_001210,11,C0C3,27.3665,26.131361859777563,-0.04618344083428383,299666,1
2013_05_28_drive_0006_sync_001215,11,C0C3,27.3665,26.7445089896356,-0.0229904567822814,306544,1
2013_05_28_drive_0006_sync_001220,11,C0C3,27.3665,27.430600145002863,0.002339546219445765,305460,1
2013_05_28_drive_0006_sync_001225,11,C0C3,27.3665,27.330001207517494,-0.0013345935149118304,311855,1
2013_05_28_drive_0006_sync_001230,11,C0C3,27.3665,27.643893519165513,0.010085216723382473,320324,1
2013_05_28_drive_0006_sync_001235,11,C0C3,27.3665,28.043830520593676,0.024449024349451065,322623,1
2013_05_28_drive_0006_sync_001240,11,C0C3,27.3665,27.88172786210424,0.018651921302080154,326245,1
2013_05_28_drive_0006_sync_001245,11,C0C3,27.3665,28.099599274138622,0.026435677893459797,328362,1
2013_05_28_drive_0006_sync_001250,11,C0C3,27.3665,29.270105913157597,0.06724708154797554,324388,1
2013_05_28_drive_0006_sync_001255,11,C0C3,27.3665,29.878405495919605,0.08781635761260986,320757,1
2013_05_28_drive_0006_sync_001260,11,C0C3,27.3665,29.969741945913526,0.09086863324046135,316928,1
2013_05_28_drive_0006_sync_001265,11,C0C3,27.3665,30.235196938340636,0.09968706965446472,321327,1
2013_05_28_drive_0006_sync_001270,11,C0C3,27.3665,31.04122339661607,0.12599647045135498,324457,1
2013_05_28_drive_0006_sync_001275,11,C0C3,27.3665,31.302416040145644,0.1343756467103958,319665,1
2013_05_28_drive_0006_sync_001280,11,C0C3,27.3665,29.70040344168828,0.08184099197387695,316041,1
2013_05_28_drive_0006_sync_001285,11,C0C3,27.3665,28.12503381447071,0.027340425178408623,315405,1
2013_05_28_drive_0006_sync_001290,11,C0C3,27.3665,27.167304686690798,-0.007305420935153961,310506,1
2013_05_28_drive_0006_sync_001295,12,C0C3,27.3665,25.627042689534182,-0.06567148864269257,302658,1
2013_05_28_drive_0006_sync_001300,12,C0C3,27.3665,24.742068359092745,-0.10081467032432556,310855,1
2013_05_28_drive_0006_sync_001305,12,C0C3,27.3665,23.251400673694423,-0.16295426338911057,306978,1
2013_05_28_drive_0006_sync_001310,12,C0C3,27.3665,24.663450498352624,-0.10399722680449486,307888,1
2013_05_28_drive_0006_sync_001315,12,C0C3,27.3665,25.911681830626684,-0.0546257346868515,310327,1
2013_05_28_drive_0006_sync_001320,12,C0C3,27.3665,26.3065250583621,-0.03950262814760208,309733,1
2013_05_28_drive_0006_sync_001325,12,C0C3,27.3665,26.571673972138413,-0.029473877511918545,308684,1
2013_05_28_drive_0006_sync_001330,12,C0C3,27.3665,27.071208866536484,-0.0108488779515028,308863,1
2013_05_28_drive_0006_sync_001335,12,C0C3,27.3665,27.30895447559267,-0.0021049864590168,304687,1
2013_05_28_drive_0006_sync_001340,12,C0C3,27.3665,27.884370481168112,0.018746696412563324,309275,1
2013_05_28_drive_0006_sync_001345,12,C0C3,27.3665,28.27712776673229,0.03273363411426544,307534,1
2013_05_28_drive_0006_sync_001350,12,C0C3,27.3665,27.7092443649594,0.012446451466530561,314736,1
2013_05_28_drive_0006_sync_001355,12,C0C3,27.3665,26.65375374297356,-0.02638964354991913,315117,1
2013_05_28_drive_0006_sync_001360,12,C0C3,27.3665,26.194530370844188,-0.04376901313662529,312379,1
2013_05_28_drive_0006_sync_001365,12,C0C3,27.3665,24.911799900759142,-0.09397805482149124,309418,1
2013_05_28_drive_0006_sync_001370,12,C0C3,27.3665,24.608061349203094,-0.10624555125832558,297806,1
2013_05_28_drive_0006_sync_001375,12,C0C3,27.3665,26.489106116997103,-0.032586079090833664,295250,1
2013_05_28_drive_0006_sync_001380,12,C0C3,27.3665,27.404969196955058,0.0014047168660908937,306279,1
2013_05_28_drive_0006_sync_001385,12,C0C3,27.3665,28.22980499919029,0.031058697029948235,307866,1
2013_05_28_drive_0006_sync_001390,12,C0C3,27.3665,28.537076289538113,0.04188452661037445,306452,1
2013_05_28_drive_0006_sync_001395,13,C0C3,27.3665,28.262760970649175,0.032225433737039566,301321,1
2013_05_28_drive_0006_sync_001400,13,C0C3,27.3665,29.05003410464555,0.05970001965761185,313379,1
2013_05_28_drive_0006_sync_001405,13,C0C3,27.3665,28.557998369728292,0.04261741228401661,317666,1
2013_05_28_drive_0006_sync_001410,13,C0C3,27.3665,28.229929040658753,0.03106309100985527,317064,1
2013_05_28_drive_0006_sync_001415,13,C0C3,27.3665,27.728865383611364,0.013154304586350918,322864,1
2013_05_28_drive_0006_sync_001420,13,C0C3,27.3665,27.23192031979421,-0.004929811228066683,307439,1
2013_05_28_drive_0006_sync_001425,13,C0C3,27.3665,27.20282182897742,-0.005998926004394889,307284,1
2013_05_28_drive_0006_sync_001430,13,C0C3,27.3665,24.541855912245932,-0.10893957316875458,298461,1
2013_05_28_drive_0006_sync_001435,13,C0C3,27.3665,21.867075190947116,-0.22433754801750183,284681,1
2013_05_28_drive_0006_sync_001440,13,C0C3,27.3665,19.18346681835511,-0.3552708327770233,280912,1
2013_05_28_drive_0006_sync_001445,13,C0C3,27.3665,18.895295583957047,-0.3704066574573517,274030,1
2013_05_28_drive_0006_sync_001450,13,C0C3,27.3665,18.53227845155839,-0.3898056447505951,265537,1
2013_05_28_drive_0006_sync_001455,13,C0C3,27.3665,19.327067946436298,-0.34781304001808167,285191,1
2013_05_28_drive_0006_sync_001460,13,C0C3,27.3665,19.496718287578794,-0.3390734791755676,286187,1
2013_05_28_drive_0006_sync_001465,13,C0C3,27.3665,20.898265567237786,-0.26965346932411194,275865,1
2013_05_28_drive_0006_sync_001470,13,C0C3,27.3665,22.308997002296667,-0.20432958751916885,282596,1
2013_05_28_drive_0006_sync_001475,13,C0C3,27.3665,23.532903464463622,-0.1509200483560562,288586,1
2013_05_28_drive_0006_sync_001480,13,C0C3,27.3665,23.53039176657957,-0.15102678537368774,279163,1
2013_05_28_drive_0006_sync_001485,13,C0C3,27.3665,23.08293913222969,-0.1702258586883545,288059,1
2013_05_28_drive_0006_sync_001490,13,C0C3,27.3665,21.69123884846972,-0.2324111983180046,292014,1
2013_05_28_drive_0006_sync_001495,14,C0C3,27.3665,21.572004220762516,-0.237923264503479,281415,1
2013_05_28_drive_0006_sync_001500,14,C0C3,27.3665,20.00984188651597,-0.3130953907966614,268691,1
2013_05_28_drive_0006_sync_001505,14,C0C3,27.3665,18.327719752441975,-0.40090498328208923,259855,1
2013_05_28_drive_0006_sync_001510,14,C0C3,27.3665,17.820163282246074,-0.428989052772522,262572,1
2013_05_28_drive_0006_sync_001515,14,C0C3,27.3665,18.32111536881329,-0.4012653976678848,255710,1
2013_05_28_drive_0006_sync_001520,14,C0C3,27.3665,20.61914629027163,-0.28309956192970276,262154,1
2013_05_28_drive_0006_sync_001525,14,C0C3,27.3665,22.553310956951304,-0.19343775510787964,278859,1
2013_05_28_drive_0006_sync_001530,14,C0C3,27.3665,23.335262160877136,-0.15935402363538742,280686,1
2013_05_28_drive_0006_sync_001535,14,C0C3,27.3665,24.77338209505016,-0.09954986348748207,274942,1
2013_05_28_drive_0006_sync_001540,14,C0C3,27.3665,26.27177195227461,-0.040824584662914276,275124,1
2013_05_28_drive_0006_sync_001545,14,C0C3,27.3665,27.50586796522208,0.0050797248259186745,275535,1
2013_05_28_drive_0006_sync_001550,14,C0C3,27.3665,26.989024753755356,-0.01388934487476945,263788,1
2013_05_28_drive_0006_sync_001555,14,C0C3,27.3665,27.50958600067119,0.005214888136833906,266557,1
2013_05_28_drive_0006_sync_001560,14,C0C3,27.3665,27.861776805720105,0.01793610490858555,275909,1
2013_05_28_drive_0006_sync_001565,14,C0C3,27.3665,28.10968820470484,0.02679465524852276,282668,1
2013_05_28_drive_0006_sync_001570,14,C0C3,27.3665,27.862005073865312,0.01794429775327444,287856,1
2013_05_28_drive_0006_sync_001575,14,C0C3,27.3665,27.793656196186234,0.015488162636756897,284685,1
2013_05_28_drive_0006_sync_001580,14,C0C3,27.3665,28.902682224401154,0.05461476370692253,280179,1
2013_05_28_drive_0006_sync_001585,14,C0C3,27.3665,30.188988455330296,0.098157599568367,290927,1
2013_05_28_drive_0006_sync_001590,14,C0C3,27.3665,29.5841931911701,0.0779205672442913,296066,1
2013_05_28_drive_0006_sync_001595,15,C0C3,27.3665,31.81470610934954,0.15060900151729584,301863,1
2013_05_28_drive_0006_sync_001600,15,C0C3,27.3665,32.70166366032962,0.17810631543397903,309064,1
2013_05_28_drive_0006_sync_001605,15,C0C3,27.3665,31.94319010422701,0.1546393781900406,317661,1
2013_05_28_drive_0006_sync_001610,15,C0C3,27.3665,30.70582143965815,0.11513262242078781,315548,1
2013_05_28_drive_0006_sync_001615,15,C0C3,27.3665,31.72097833202879,0.1476586014032364,306166,1
2013_05_28_drive_0006_sync_001620,15,C0C3,27.3665,29.266144007860458,0.06711171567440033,299416,1
2013_05_28_drive_0006_sync_001625,15,C0C3,27.3665,29.08458227049142,0.06088857725262642,291221,1
2013_05_28_drive_0006_sync_001630,15,C0C3,27.3665,28.646480543408266,0.04571095481514931,285501,1
2013_05_28_drive_0006_sync_001635,15,C0C3,27.3665,27.270285288666223,-0.003521979204379022,284038,1
2013_05_28_drive_0006_sync_001640,15,C0C3,27.3665,27.038131975581745,-0.012071472592651844,293072,1
2013_05_28_drive_0006_sync_001645,15,C0C3,27.3665,26.484002603223832,-0.03277876228094101,313127,1
2013_05_28_drive_0006_sync_001650,15,C0C3,27.3665,26.936370496204848,-0.015842201188206673,314842,1
2013_05_28_drive_0006_sync_001655,15,C0C3,27.3665,26.975315156737558,-0.014397443272173405,298786,1
2013_05_28_drive_0006_sync_001660,15,C0C3,27.3665,26.23023122848659,-0.04240702837705612,291573,1
2013_05_28_drive_0006_sync_001665,15,C0C3,27.3665,25.01610506318528,-0.08979981765151024,284594,1
2013_05_28_drive_0006_sync_001670,15,C0C3,27.3665,24.520680110461814,-0.10980278998613358,288839,1
2013_05_28_drive_0006_sync_001675,15,C0C3,27.3665,25.09605946347608,-0.08660879731178284,291411,1
2013_05_28_drive_0006_sync_001680,15,C0C3,27.3665,26.07452915627128,-0.04836069419980049,301361,1
2013_05_28_drive_0006_sync_001685,15,C0C3,27.3665,26.26455121701166,-0.04109947010874748,303418,1
2013_05_28_drive_0006_sync_001690,15,C0C3,27.3665,27.15500249414452,-0.007758354302495718,307705,1
2013_05_28_drive_0006_sync_001695,16,C0C3,27.3665,27.301396075380822,-0.00238179846201092,307846,1
2013_05_28_drive_0006_sync_001700,16,C0C3,27.3665,27.730890667944113,0.013227340765297413,316398,1
2013_05_28_drive_0006_sync_001705,16,C0C3,27.3665,28.62539915830304,0.04497476853430271,323680,1
2013_05_28_drive_0006_sync_001710,16,C0C3,27.3665,28.35234816674673,0.0353902168571949,327108,1
2013_05_28_drive_0006_sync_001715,16,C0C3,27.3665,28.4503522671588,0.03884090483188629,329410,1
2013_05_28_drive_0006_sync_001720,16,C0C3,27.3665,30.02255130828454,0.09262917190790176,326517,1
2013_05_28_drive_0006_sync_001725,16,C0C3,27.3665,31.440565139027804,0.13877930492162704,326800,1
2013_05_28_drive_0006_sync_001730,16,C0C3,27.3665,31.84778346089861,0.15164814889431,327239,1
2013_05_28_drive_0006_sync_001735,16,C0C3,27.3665,34.001301395959864,0.21707916259765625,331212,1
2013_05_28_drive_0006_sync_001740,16,C0C3,27.3665,34.98566967482004,0.24561890214681625,329992,1
2013_05_28_drive_0006_sync_001745,16,C0C3,27.3665,34.36830322713329,0.22781508415937424,327172,1
2013_05_28_drive_0006_sync_001750,16,C0C3,27.3665,33.08530154721047,0.18976948410272598,324490,1
2013_05_28_drive_0006_sync_001755,16,C0C3,27.3665,32.35546379568069,0.1674632653594017,315268,1
2013_05_28_drive_0006_sync_001760,16,C0C3,27.3665,30.130869293084128,0.09623056650161743,307603,1
2013_05_28_drive_0006_sync_001765,16,C0C3,27.3665,31.17019287763414,0.13014264404773712,297673,1
2013_05_28_drive_0006_sync_001770,16,C0C3,27.3665,31.392122255335472,0.1372373402118683,293545,1
2013_05_28_drive_0006_sync_001775,16,C0C3,27.3665,32.60342467126234,0.17509769648313522,285232,1
2013_05_28_drive_0006_sync_001780,16,C0C3,27.3665,32.05053316223584,0.15799418091773987,290919,1
2013_05_28_drive_0006_sync_001785,16,C0C3,27.3665,32.98811096415761,0.18682758510112762,302542,1
2013_05_28_drive_0006_sync_001790,16,C0C3,27.3665,32.416612702737574,0.16935139149427414,300748,1
2013_05_28_drive_0006_sync_001795,17,C0C3,27.3665,30.193890429582794,0.09831996262073517,306088,1
2013_05_28_drive_0006_sync_001800,17,C0C3,27.3665,30.944456727191316,0.12287424132227898,304626,1
2013_05_28_drive_0006_sync_001805,17,C0C3,27.3665,31.192974496631066,0.13087325543165207,305374,1
2013_05_28_drive_0006_sync_001810,17,C0C3,27.3665,32.201966840185015,0.16270789504051208,303591,1
2013_05_28_drive_0006_sync_001815,17,C0C3,27.3665,33.024346619435526,0.18792542815208435,303551,1
2013_05_28_drive_0006_sync_001820,17,C0C3,27.3665,32.110986633433164,0.15987859666347504,306687,1
2013_05_28_drive_0006_sync_001825,17,C0C3,27.3665,33.07177539512409,0.189360573887825,296317,1
2013_05_28_drive_0006_sync_001830,17,C0C3,27.3665,33.53988756072794,0.20341576635837555,291803,1
2013_05_28_drive_0006_sync_001835,17,C0C3,27.3665,34.72317957134453,0.23808782547712326,291708,1
2013_05_28_drive_0006_sync_001840,17,C0C3,27.3665,34.15951539530183,0.22172154486179352,288029,1
2013_05_28_drive_0006_sync_001845,17,C0C3,27.3665,33.85187879199285,0.21267486363649368,296634,1
2013_05_28_drive_0006_sync_001850,17,C0C3,27.3665,33.98238193940053,0.21652257442474365,312261,1
2013_05_28_drive_0006_sync_001855,17,C0C3,27.3665,33.33525760332994,0.19729598611593246,316460,1
2013_05_28_drive_0006_sync_001860,17,C0C3,27.3665,31.837630964812426,0.15132931619882584,311060,1
2013_05_28_drive_0006_sync_001865,17,C0C3,27.3665,30.829147058662244,0.11914093792438507,314757,1
2013_05_28_drive_0006_sync_001870,17,C0C3,27.3665,27.830528765966474,0.016813937574625015,323611,1
2013_05_28_drive_0006_sync_001875,17,C0C3,27.3665,27.24112757783332,-0.004591763019561768,338330,1
2013_05_28_drive_0006_sync_001880,17,C0C3,27.3665,26.209913650412958,-0.04318191483616829,348369,1
2013_05_28_drive_0006_sync_001885,17,C0C3,27.3665,23.141453622352262,-0.1676940992474556,351602,1
2013_05_28_drive_0006_sync_001890,17,C0C3,27.3665,21.401895449244442,-0.2458401471376419,345649,1
2013_05_28_drive_0006_sync_001895,18,C0C3,27.3665,20.2508511186693,-0.3011228144168854,329163,1
2013_05_28_drive_0006_sync_001900,18,C0C3,27.3665,19.332256022180974,-0.3475446403026581,314993,1
2013_05_28_drive_0006_sync_001905,18,C0C3,27.3665,18.660456219950916,-0.3829129934310913,307640,1
2013_05_28_drive_0006_sync_001910,18,C0C3,27.3665,19.210874234993067,-0.35384315252304077,312543,1
2013_05_28_drive_0006_sync_001915,18,C0C3,27.3665,21.528342479335834,-0.2399493157863617,315637,1
2013_05_28_drive_0006_sync_001920,18,C0C3,27.3665,22.10156192129721,-0.21367135643959045,316339,1
2013_05_28_drive_0006_sync_001925,18,C0C3,27.3665,22.982787026820695,-0.1745740920305252,321331,1
2013_05_28_drive_0006_sync_001930,18,C0C3,27.3665,23.54798244101445,-0.15027949213981628,320917,1
2013_05_28_drive_0006_sync_001935,18,C0C3,27.3665,24.22902542217547,-0.12176832556724548,319457,1
2013_05_28_drive_0006_sync_001940,18,C0C3,27.3665,25.78971845180714,-0.0593437347561121,315638,1
2013_05_28_drive_0006_sync_001945,18,C0C3,27.3665,26.80914563174657,-0.02057655341923237,310871,1
2013_05_28_drive_0006_sync_001950,18,C0C3,27.3665,27.552876448591817,0.006787300808355212,312804,1
2013_05_28_drive_0006_sync_001955,18,C0C3,27.3665,27.95775506563356,0.021374985575675964,312382,1
2013_05_28_drive_0006_sync_001960,18,C0C3,27.3665,28.326001495762124,0.03446052595973015,312837,1
2013_05_28_drive_0006_sync_001965,18,C0C3,27.3665,28.632944092274624,0.04523830860853195,309523,1
2013_05_28_drive_0006_sync_001970,18,C0C3,27.3665,28.667387199307136,0.04644050449132919,315376,1
2013_05_28_drive_0006_sync_001975,18,C0C3,27.3665,28.320052704766518,0.034250492230057716,318406,1
2013_05_28_drive_0006_sync_001980,18,C0C3,27.3665,29.008768817493376,0.05827851966023445,319473,1
2013_05_28_drive_0006_sync_001985,18,C0C3,27.3665,29.19351946742927,0.06462711095809937,312965,1
2013_05_28_drive_0006_sync_001990,18,C0C3,27.3665,29.400179382329085,0.07168113812804222,315160,1
2013_05_28_drive_0006_sync_001995,19,C0C3,27.3665,30.183025144971598,0.09796004742383957,318591,1
2013_05_28_drive_0006_sync_002000,19,C0C3,27.3665,30.546289569475203,0.1099235862493515,322070,1
2013_05_28_drive_0006_sync_002005,19,C0C3,27.3665,31.410938224209872,0.1378365457057953,315884,1
2013_05_28_drive_0006_sync_002010,19,C0C3,27.3665,32.298793072017766,0.1657102257013321,313989,1
2013_05_28_drive_0006_sync_002015,19,C0C3,27.3665,32.54749064347707,0.17338063567876816,317692,1
2013_05_28_drive_0006_sync_002020,19,C0C3,27.3665,32.603658598710396,0.17510487139225006,316347,1
2013_05_28_drive_0006_sync_002025,19,C0C3,27.3665,32.541911492077375,0.17320920526981354,319067,1
2013_05_28_drive_0006_sync_002030,19,C0C3,27.3665,32.520958392717226,0.17256511747837067,321177,1
2013_05_28_drive_0006_sync_002035,19,C0C3,27.3665,32.15805628372673,0.16134336590766907,315001,1
2013_05_28_drive_0006_sync_002040,19,C0C3,27.3665,31.506338755190924,0.1408691182732582,317346,1
2013_05_28_drive_0006_sync_002045,19,C0C3,27.3665,31.735935306671077,0.14813000708818436,319116,1
2013_05_28_drive_0006_sync_002050,19,C0C3,27.3665,32.506625144577214,0.17212428152561188,320454,1
2013_05_28_drive_0006_sync_002055,19,C0C3,27.3665,31.262009054037158,0.13308395445346832,319893,1
2013_05_28_drive_0006_sync_002060,19,C0C3,27.3665,30.42158081062992,0.10583261400461197,320977,1
2013_05_28_drive_0006_sync_002065,19,C0C3,27.3665,30.366641102089595,0.10402503609657288,321709,1
2013_05_28_drive_0006_sync_002070,19,C0C3,27.3665,29.115612815248035,0.06195491552352905,318014,1
2013_05_28_drive_0006_sync_002075,19,C0C3,27.3665,29.037198824923255,0.05925808846950531,316221,1
2013_05_28_drive_0006_sync_002080,19,C0C3,27.3665,28.759063003476,0.049633314833045006,316230,1
2013_05_28_drive_0006_sync_002085,19,C0C3,27.3665,30.006816478234892,0.09210493415594101,314335,1
2013_05_28_drive_0006_sync_002090,19,C0C3,27.3665,30.428151214935625,0.1060485690832138,311475,1
2013_05_28_drive_0006_sync_002095,20,C0C3,27.3665,30.76287465411837,0.11698895692825317,315008,1
2013_05_28_drive_0006_sync_002100,20,C0C3,27.3665,30.784303953390012,0.11768531054258347,321914,1
2013_05_28_drive_0006_sync_002105,20,C0C3,27.3665,30.90893156108184,0.12172555178403854,322505,1
2013_05_28_drive_0006_sync_002110,20,C0C3,27.3665,31.242747372385708,0.1324676275253296,326896,1
2013_05_28_drive_0006_sync_002115,20,C0C3,27.3665,29.90217682921148,0.08861164376139641,328454,1
2013_05_28_drive_0006_sync_002120,20,C0C3,27.3665,30.448736518418738,0.10672486200928688,327874,1
2013_05_28_drive_0006_sync_002125,20,C0C3,27.3665,30.112171506815997,0.09560982137918472,324668,1
2013_05_28_drive_0006_sync_002130,20,C0C3,27.3665,30.200795190689565,0.09854861721396446,322758,1
2013_05_28_drive_0006_sync_002135,20,C0C3,27.3665,31.131592694207654,0.12890350818634033,325461,1
2013_05_28_drive_0006_sync_002140,20,C0C3,27.3665,30.534190906231174,0.10952743142843246,326309,1
2013_05_28_drive_0006_sync_002145,20,C0C3,27.3665,31.246332337802794,0.13258236646652222,329367,1
2013_05_28_drive_0006_sync_002150,20,C0C3,27.3665,30.5093025964834,0.10871200263500214,333142,1
2013_05_28_drive_0006_sync_002155,20,C0C3,27.3665,29.14345377834066,0.06291067972779274,333256,1
2013_05_28_drive_0006_sync_002160,20,C0C3,27.3665,28.262598092146135,0.032219670712947845,331789,1
2013_05_28_drive_0006_sync_002165,20,C0C3,27.3665,27.829236257330017,0.01676749438047409,328392,1
2013_05_28_drive_0006_sync_002170,20,C0C3,27.3665,27.71602637916012,0.012691177893429995,329320,1
2013_05_28_drive_0006_sync_002175,20,C0C3,27.3665,27.920728495966763,0.02004973217844963,327029,1
2013_05_28_drive_0006_sync_002180,20,C0C3,27.3665,28.811710394199395,0.05146227777004242,325829,1
2013_05_28_drive_0006_sync_002185,20,C0C3,27.3665,29.07596474829672,0.06059224158525467,322761,1
2013_05_28_drive_0006_sync_002190,20,C0C3,27.3665,29.412294268861746,0.07209312170743942,325872,1
2013_05_28_drive_0006_sync_002195,21,C0C3,27.3665,29.14648200088172,0.06301458179950714,326373,1
2013_05_28_drive_0006_sync_002200,21,C0C3,27.3665,28.806071616222646,0.05126654729247093,329179,1
2013_05_28_drive_0006_sync_002205,21,C0C3,27.3665,27.93931235546699,0.020715104416012764,328801,1
2013_05_28_drive_0006_sync_002210,21,C0C3,27.3665,27.968827389120065,0.021770944818854332,337030,1
2013_05_28_drive_0006_sync_002215,21,C0C3,27.3665,27.712438988016704,0.012561735697090626,338756,1
2013_05_28_drive_0006_sync_002220,21,C0C3,27.3665,27.58217864006641,0.00785022508352995,338997,1
2013_05_28_drive_0006_sync_002225,21,C0C3,27.3665,27.581902303805922,0.007840206380933523,338622,1
2013_05_28_drive_0006_sync_002230,21,C0C3,27.3665,27.348574818685858,-0.000655219133477658,336419,1
2013_05_28_drive_0006_sync_002235,21,C0C3,27.3665,27.362524090301424,-0.00014529437612509355,334342,1
2013_05_28_drive_0006_sync_002240,21,C0C3,27.3665,27.325374276628615,-0.0015039064455777407,335105,1
2013_05_28_drive_0006_sync_002245,21,C0C3,27.3665,26.527445182448975,-0.031139773316681385,333742,1
2013_05_28_drive_0006_sync_002250,21,C0C3,27.3665,26.261039668028285,-0.04123317822813988,341587,1
2013_05_28_drive_0006_sync_002255,21,C0C3,27.3665,25.79347200719907,-0.059198200702667236,341657,1
2013_05_28_drive_0006_sync_002260,21,C0C3,27.3665,25.28143052841558,-0.07924948260188103,342000,1
2013_05_28_drive_0006_sync_002265,21,C0C3,27.3665,24.600978035051945,-0.10653343796730042,335959,1
2013_05_28_drive_0006_sync_002270,21,C0C3,27.3665,24.9984512700029,-0.09050576388835907,335913,1
2013_05_28_drive_0006_sync_002275,21,C0C3,27.3665,24.69079996812996,-0.10288893431425095,330697,1
2013_05_28_drive_0006_sync_002280,21,C0C3,27.3665,22.888467537900308,-0.1786864548921585,324537,1
2013_05_28_drive_0006_sync_002285,21,C0C3,27.3665,24.48945999550753,-0.11107681691646576,320589,1
2013_05_28_drive_0006_sync_002290,21,C0C3,27.3665,26.057322043566945,-0.049020832404494286,317858,1
2013_05_28_drive_0006_sync_002295,22,C0C3,27.3665,27.17039077500392,-0.007191831711679697,314681,1
2013_05_28_drive_0006_sync_002300,22,C0C3,27.3665,27.483493277955056,0.004265942377969623,315212,1
2013_05_28_drive_0006_sync_002305,22,C0C3,27.3665,27.43545343568052,0.002516460372135043,321932,1
2013_05_28_drive_0006_sync_002310,22,C0C3,27.3665,26.617330759522183,-0.02775710169225931,324404,1
2013_05_28_drive_0006_sync_002315,22,C0C3,27.3665,25.820330133203235,-0.05815746635198593,324895,1
2013_05_28_drive_0006_sync_002320,22,C0C3,27.3665,24.559273535170266,-0.1082301139831543,324947,1
2013_05_28_drive_0006_sync_002325,22,C0C3,27.3665,23.764444765535522,-0.14112909138202667,325611,1
2013_05_28_drive_0006_sync_002330,22,C0C3,27.3665,23.903720376785696,-0.13528552651405334,324447,1
2013_05_28_drive_0006_sync_002335,22,C0C3,27.3665,23.850708065176807,-0.13750573247671127,320192,1
2013_05_28_drive_0006_sync_002380,22,C0C3,27.3665,17.63608256507037,-0.4393726885318756,317755,1
2013_05_28_drive_0006_sync_002385,22,C0C3,27.3665,18.390694670346438,-0.39747482538223267,325135,1
2013_05_28_drive_0006_sync_002390,22,C0C3,27.3665,19.100635314850116,-0.3595980405807495,322865,1
2013_05_28_drive_0006_sync_002395,22,C0C3,27.3665,21.119072736450427,-0.25914308428764343,320831,1
2013_05_28_drive_0006_sync_002400,22,C0C3,27.3665,22.618219751495236,-0.1905638724565506,328691,1
2013_05_28_drive_0006_sync_002405,22,C0C3,27.3665,22.674213956588456,-0.18809130787849426,326233,1
2013_05_28_drive_0006_sync_002410,22,C0C3,27.3665,22.967473095940765,-0.1752406358718872,328106,1
2013_05_28_drive_0006_sync_002415,22,C0C3,27.3665,23.915486908163125,-0.13479340076446533,331146,1
2013_05_28_drive_0006_sync_002420,22,C0C3,27.3665,24.931730593487917,-0.09317832440137863,331594,1
2013_05_28_drive_0006_sync_002425,22,C0C3,27.3665,25.075351725763326,-0.08743427693843842,332507,1
2013_05_28_drive_0006_sync_002430,22,C0C3,27.3665,24.377001079257337,-0.1156795285642147,332236,1
2013_05_28_drive_0006_sync_002435,23,C0C3,27.3665,24.552079507661244,-0.10852308198809624,333546,1
2013_05_28_drive_0006_sync_002440,23,C0C3,27.3665,24.486507229638143,-0.11119739711284637,335323,1
2013_05_28_drive_0006_sync_002445,23,C0C3,27.3665,24.849209353002646,-0.09649370238184929,334738,1
2013_05_28_drive_0006_sync_002450,23,C0C3,27.3665,24.56741597700335,-0.10789862647652626,334188,1
2013_05_28_drive_0006_sync_002455,23,C0C3,27.3665,24.278367026119984,-0.11973392963409424,327775,1
2013_05_28_drive_0006_sync_002460,23,C0C3,27.3665,25.165107531686704,-0.08386122435331345,325455,1
2013_05_28_drive_0006_sync_002465,23,C0C3,27.3665,25.062989979962346,-0.08792738243937492,317506,1
2013_05_28_drive_0006_sync_002470,23,C0C3,27.3665,26.620752128796894,-0.027628570795059204,315541,1
2013_05_28_drive_0006_sync_002475,23,C0C3,27.3665,27.36704153995488,1.978823001991259e-05,311904,1
2013_05_28_drive_0006_sync_002480,23,C0C3,27.3665,28.193009141017708,0.02975440677255392,312352,1
2013_05_28_drive_0006_sync_002485,23,C0C3,27.3665,28.54420854070469,0.042134424671530724,314864,1
2013_05_28_drive_0006_sync_002490,23,C0C3,27.3665,28.293887929864194,0.03332616947591305,323572,1
2013_05_28_drive_0006_sync_002495,23,C0C3,27.3665,27.79340541185692,0.015479139517992735,325988,1
2013_05_28_drive_0006_sync_002500,23,C0C3,27.3665,26.658117380770154,-0.026225941255688667,330958,1
2013_05_28_drive_0006_sync_002505,23,C0C3,27.3665,26.421705569265278,-0.035133784636855125,328904,1
2013_05_28_drive_0006_sync_002510,23,C0C3,27.3665,26.630306966451965,-0.027269710786640644,328778,1
2013_05_28_drive_0006_sync_002515,23,C0C3,27.3665,26.670962125477296,-0.025744224898517132,328720,1
2013_05_28_drive_0006_sync_002520,23,C0C3,27.3665,27.230079502864445,-0.004997411277145147,326948,1
2013_05_28_drive_0006_sync_002525,23,C0C3,27.3665,27.09113826424179,-0.010112964548170567,329257,1
2013_05_28_drive_0006_sync_002530,23,C0C3,27.3665,27.41245364766465,0.0016777851851657033,325915,1
2013_05_28_drive_0006_sync_002535,24,C0C3,27.3665,27.50055244752509,0.004886455833911896,320113,1
2013_05_28_drive_0006_sync_002540,24,C0C3,27.3665,28.433066675551032,0.03823314979672432,316225,1
2013_05_28_drive_0006_sync_002545,24,C0C3,27.3665,28.33407670668789,0.03474556654691696,310795,1
2013_05_28_drive_0006_sync_002550,24,C0C3,27.3665,28.682170705664994,0.04695606231689453,316095,1
2013_05_28_drive_0006_sync_002555,24,C0C3,27.3665,29.050319265245065,0.059709835797548294,320701,1
2013_05_28_drive_0006_sync_002560,24,C0C3,27.3665,29.211717235729743,0.06525026634335518,320114,1
2013_05_28_drive_0006_sync_002565,24,C0C3,27.3665,29.531907471657792,0.07615165039896965,317698,1
2013_05_28_drive_0006_sync_002570,24,C0C3,27.3665,29.21973243185258,0.06552461162209511,313478,1
2013_05_28_drive_0006_sync_002575,24,C0C3,27.3665,28.77688741437524,0.05025290697813034,311704,1
2013_05_28_drive_0006_sync_002580,24,C0C3,27.3665,29.633102212843756,0.0795724168419838,309723,1
2013_05_28_drive_0006_sync_002585,24,C0C3,27.3665,28.854994337239656,0.05296345427632332,313554,1
2013_05_28_drive_0006_sync_002590,24,C0C3,27.3665,29.78327643260978,0.08462740480899811,316097,1
2013_05_28_drive_0006_sync_002595,24,C0C3,27.3665,30.86791660565586,0.12039770931005478,321272,1
2013_05_28_drive_0006_sync_002600,24,C0C3,27.3665,30.649931324369316,0.1133107841014862,322736,1
2013_05_28_drive_0006_sync_002605,24,C0C3,27.3665,30.019129563457433,0.09251519292593002,321415,1
2013_05_28_drive_0006_sync_002610,24,C0C3,27.3665,29.570741959147032,0.07746578752994537,318716,1
2013_05_28_drive_0006_sync_002615,24,C0C3,27.3665,28.743544866431403,0.0490935780107975,318487,1
2013_05_28_drive_0006_sync_002620,24,C0C3,27.3665,28.15008933933852,0.02823089063167572,317569,1
2013_05_28_drive_0006_sync_002625,24,C0C3,27.3665,28.265041157664083,0.03230610862374306,318391,1
2013_05_28_drive_0006_sync_002630,24,C0C3,27.3665,28.839367818182843,0.052421754226088524,327524,1
2013_05_28_drive_0006_sync_002635,25,C0C3,27.3665,29.096446413876983,0.06129641272127628,318536,1
2013_05_28_drive_0006_sync_002640,25,C0C3,27.3665,29.761134450560316,0.08388369157910347,314550,1
2013_05_28_drive_0006_sync_002645,25,C0C3,27.3665,28.951974809482824,0.05631877854466438,306541,1
2013_05_28_drive_0006_sync_002650,25,C0C3,27.3665,28.343854680937763,0.035090602934360504,296282,1
2013_05_28_drive_0006_sync_002655,25,C0C3,27.3665,27.923297626775316,0.02014174312353134,286440,1
2013_05_28_drive_0006_sync_002660,25,C0C3,27.3665,27.384769196475048,0.0006673524621874094,285770,1
2013_05_28_drive_0006_sync_002665,25,C0C3,27.3665,27.748494365056317,0.0138619439676404,288243,1
2013_05_28_drive_0006_sync_002670,25,C0C3,27.3665,28.05402272251508,0.024812396615743637,288427,1
2013_05_28_drive_0006_sync_002675,25,C0C3,27.3665,27.502174668946395,0.004945442778989673,287028,1
2013_05_28_drive_0006_sync_002680,25,C0C3,27.3665,26.593704311704123,-0.02864512987434864,294679,1
2013_05_28_drive_0006_sync_002685,25,C0C3,27.3665,25.67215669592286,-0.06391263008117676,304352,1
2013_05_28_drive_0006_sync_002690,25,C0C3,27.3665,22.47847519737555,-0.19676144421100616,322851,1
2013_05_28_drive_0006_sync_002695,25,C0C3,27.3665,22.041936966960368,-0.2163727730512619,331191,1
2013_05_28_drive_0006_sync_002700,25,C0C3,27.3665,22.564854908136073,-0.19292603433132172,326049,1
2013_05_28_drive_0006_sync_002705,25,C0C3,27.3665,22.220730583983528,-0.20829397439956665,319240,1
2013_05_28_drive_0006_sync_002710,25,C0C3,27.3665,23.069517487691005,-0.17080748081207275,321474,1
2013_05_28_drive_0006_sync_002715,25,C0C3,27.3665,22.903371460459407,-0.17803551256656647,319235,1
2013_05_28_drive_0006_sync_002720,25,C0C3,27.3665,23.20466676282546,-0.16496622562408447,314229,1
2013_05_28_drive_0006_sync_002725,25,C0C3,27.3665,25.43828525621393,-0.07306430488824844,315423,1
2013_05_28_drive_0006_sync_002730,25,C0C3,27.3665,26.611871793698374,-0.0279622133821249,307734,1
2013_05_28_drive_0006_sync_002735,26,C0C3,27.3665,27.203189354198603,-0.005985415540635586,296217,1
2013_05_28_drive_0006_sync_002740,26,C0C3,27.3665,27.692978871189318,0.011859273072332144,297186,1
2013_05_28_drive_0006_sync_002745,26,C0C3,27.3665,28.35558198253894,0.03550426848232746,298012,1
2013_05_28_drive_0006_sync_002750,26,C0C3,27.3665,28.38465423384452,0.036529017612338066,300894,1
2013_05_28_drive_0006_sync_002755,26,C0C3,27.3665,27.619093902337813,0.00918770395219326,302981,1
2013_05_28_drive_0006_sync_002760,26,C0C3,27.3665,28.343597783853635,0.035081539303064346,305701,1
2013_05_28_drive_0006_sync_002765,26,C0C3,27.3665,28.98915443292136,0.057602137327194214,307056,1
2013_05_28_drive_0006_sync_002770,26,C0C3,27.3665,29.424143620252707,0.07249591127038002,310040,1
2013_05_28_drive_0006_sync_002775,26,C0C3,27.3665,28.039424367177332,0.02429189532995224,312988,1
2013_05_28_drive_0006_sync_002780,26,C0C3,27.3665,27.48221225372085,0.0042193306144326925,310308,1
2013_05_28_drive_0006_sync_002785,26,C0C3,27.3665,27.461328088002695,0.003459125990048051,313811,1
2013_05_28_drive_0006_sync_002790,26,C0C3,27.3665,27.58165195312209,0.00783112971112132,315698,1
2013_05_28_drive_0006_sync_002795,26,C0C3,27.3665,26.899028982025843,-0.01722944900393486,312761,1
2013_05_28_drive_0006_sync_002800,26,C0C3,27.3665,27.032949710793677,-0.01226315600797534,307294,1
2013_05_28_drive_0006_sync_002805,26,C0C3,27.3665,27.622091868816103,0.009296244941651821,296845,1
2013_05_28_drive_0006_sync_002810,26,C0C3,27.3665,27.459944358704753,0.003408736432902515,293050,1
2013_05_28_drive_0006_sync_002815,26,C0C3,27.3665,27.480583864512038,0.004160076379776001,298953,1
2013_05_28_drive_0006_sync_002820,26,C0C3,27.3665,27.52593435872386,0.005808990215882659,303378,1
2013_05_28_drive_0006_sync_002825,26,C0C3,27.3665,27.318706286729007,-0.0017479581292718649,311361,1
2013_05_28_drive_0006_sync_002830,26,C0C3,27.3665,27.391778776366106,0.0009232860757037997,309057,1
2013_05_28_drive_0006_sync_002835,27,C0C3,27.3665,27.0374780019564,-0.012095659971237183,312588,1
2013_05_28_drive_0006_sync_002840,27,C0C3,27.3665,26.270146675838735,-0.04088645055890083,318926,1
2013_05_28_drive_0006_sync_002845,27,C0C3,27.3665,26.24592375824958,-0.041808946058154106,319684,1
2013_05_28_drive_0006_sync_002850,27,C0C3,27.3665,26.22380552955577,-0.042652031406760216,301154,1
2013_05_28_drive_0006_sync_002855,27,C0C3,27.3665,26.506139942319265,-0.03194323554635048,305033,1
2013_05_28_drive_0006_sync_002860,27,C0C3,27.3665,27.57410418041079,0.0075574403163045645,300658,1
2013_05_28_drive_0006_sync_002865,27,C0C3,27.3665,27.66132289388699,0.010715514421463013,294720,1
2013_05_28_drive_0006_sync_002870,27,C0C3,27.3665,27.529508400690737,0.005938824499025941,293574,1
2013_05_28_drive_0006_sync_002875,27,C0C3,27.3665,26.799913170445354,-0.02092099003493786,270749,1
2013_05_28_drive_0006_sync_002880,27,C0C3,27.3665,26.033618121922196,-0.04993093013763428,233740,1
2013_05_28_drive_0006_sync_002885,27,C0C3,27.3665,24.532630158651184,-0.10931556299328804,220274,1
2013_05_28_drive_0006_sync_002890,27,C0C3,27.3665,23.957902396472804,-0.13302141427993774,240883,1
2013_05_28_drive_0006_sync_002895,27,C0C3,27.3665,24.004710138375415,-0.13106957077980042,251216,1
2013_05_28_drive_0006_sync_002900,27,C0C3,27.3665,26.358185064728513,-0.03754078224301338,247195,1
2013_05_28_drive_0006_sync_002905,27,C0C3,27.3665,27.56348859826082,0.007172382436692715,266195,1
2013_05_28_drive_0006_sync_002910,27,C0C3,27.3665,27.843460318031852,0.017278483137488365,284772,1
2013_05_28_drive_0006_sync_002915,27,C0C3,27.3665,29.02001830018089,0.05866624042391777,295565,1
2013_05_28_drive_0006_sync_002920,27,C0C3,27.3665,29.68386432059821,0.08128397166728973,301908,1
2013_05_28_drive_0006_sync_002925,27,C0C3,27.3665,30.23418921081111,0.09965373948216438,300920,1
2013_05_28_drive_0006_sync_002930,27,C0C3,27.3665,31.141958803777904,0.12923642992973328,303697,1
2013_05_28_drive_0006_sync_002935,28,C0C3,27.3665,31.27755311451478,0.13358104974031448,313878,1
2013_05_28_drive_0006_sync_002940,28,C0C3,27.3665,31.25536315206453,0.1328713446855545,318790,1
2013_05_28_drive_0006_sync_002945,28,C0C3,27.3665,28.706311623726723,0.04779737815260887,327683,1
2013_05_28_drive_0006_sync_002950,28,C0C3,27.3665,27.42845745779453,0.00226143014151603,330614,1
2013_05_28_drive_0006_sync_002955,28,C0C3,27.3665,26.459471013459563,-0.03370547108352184,325382,1
2013_05_28_drive_0006_sync_002960,28,C0C3,27.3665,26.322653407723415,-0.038889722898602486,310198,1
2013_05_28_drive_0006_sync_002965,28,C0C3,27.3665,26.788719187407064,-0.02133876457810402,283847,1
2013_05_28_drive_0006_sync_002970,28,C0C3,27.3665,27.377135543239753,0.0003885581681970507,296993,1
2013_05_28_drive_0006_sync_002975,28,C0C3,27.3665,27.238344587920135,-0.004693929571658373,310136,1
2013_05_28_drive_0006_sync_002980,28,C0C3,27.3665,26.7334076866399,-0.02340563014149666,313011,1
2013_05_28_drive_0006_sync_002985,28,C0C3,27.3665,27.120434064731086,-0.009032169356942177,311612,1
2013_05_28_drive_0006_sync_002990,28,C0C3,27.3665,27.330725944918015,-0.001308075850829482,309159,1
2013_05_28_drive_0006_sync_002995,28,C0C3,27.3665,27.43599563871448,0.0025362230371683836,307113,1
2013_05_28_drive_0006_sync_003000,28,C0C3,27.3665,27.492169393110785,0.004581577144563198,311991,1
2013_05_28_drive_0006_sync_003005,28,C0C3,27.3665,27.063100909510556,-0.011148427613079548,314068,1
2013_05_28_drive_0006_sync_003010,28,C0C3,27.3665,26.5359574076675,-0.030818941071629524,317168,1
2013_05_28_drive_0006_sync_003015,28,C0C3,27.3665,26.303135965968863,-0.03963146731257439,321227,1
2013_05_28_drive_0006_sync_003020,28,C0C3,27.3665,25.9816867291237,-0.051927704364061356,326940,1
2013_05_28_drive_0006_sync_003025,28,C0C3,27.3665,25.446925215993385,-0.07272471860051155,314438,1
2013_05_28_drive_0006_sync_003030,28,C0C3,27.3665,26.120925046133326,-0.046582918614149094,305356,1
2013_05_28_drive_0006_sync_003035,29,C0C3,27.3665,26.855344363384482,-0.018854791298508644,302065,1
2013_05_28_drive_0006_sync_003040,29,C0C3,27.3665,27.315408405898253,-0.0018686841940507293,298381,1
2013_05_28_drive_0006_sync_003045,29,C0C3,27.3665,27.485510156601126,0.004339324776083231,299723,1
2013_05_28_drive_0006_sync_003050,29,C0C3,27.3665,27.972405597364368,0.02189887221902609,285040,1
2013_05_28_drive_0006_sync_003055,29,C0C3,27.3665,28.45909707013725,0.039148228242993355,277304,1
2013_05_28_drive_0006_sync_003060,29,C0C3,27.3665,28.544334708010553,0.04213884472846985,274211,1
2013_05_28_drive_0006_sync_003065,29,C0C3,27.3665,28.104668374968195,0.026616059243679047,272192,1
2013_05_28_drive_0006_sync_003070,29,C0C3,27.3665,27.67699528835051,0.0112819354981184,281063,1
2013_05_28_drive_0006_sync_003075,29,C0C3,27.3665,28.12561636347456,0.02736113779246807,287949,1
2013_05_28_drive_0006_sync_003080,29,C0C3,27.3665,28.938586582063284,0.05585624277591705,291700,1
2013_05_28_drive_0006_sync_003085,29,C0C3,27.3665,30.78252049440175,0.11762737482786179,295327,1
2013_05_28_drive_0006_sync_003090,29,C0C3,27.3665,30.557617110622704,0.11029434949159622,300393,1
2013_05_28_drive_0006_sync_003095,29,C0C3,27.3665,31.682154243871345,0.14643392711877823,303188,1
2013_05_28_drive_0006_sync_003100,29,C0C3,27.3665,31.971603666321297,0.1555284857749939,296378,1
2013_05_28_drive_0006_sync_003105,29,C0C3,27.3665,31.195197072192993,0.13094450533390045,293686,1
2013_05_28_drive_0006_sync_003110,29,C0C3,27.3665,31.179732038684495,0.1304486319422722,286474,1
2013_05_28_drive_0006_sync_003115,29,C0C3,27.3665,31.57939499673791,0.14318521320819855,281125,1
2013_05_28_drive_0006_sync_003120,29,C0C3,27.3665,31.668170397879877,0.1459924504160881,276468,1
2013_05_28_drive_0006_sync_003125,29,C0C3,27.3665,29.826732132831204,0.08608540520071983,285014,1
2013_05_28_drive_0006_sync_003130,29,C0C3,27.3665,32.49700253669674,0.17182821780443192,287996,1
2013_05_28_drive_0006_sync_003135,30,C0C3,27.3665,33.137939838835784,0.19135920703411102,278355,1
2013_05_28_drive_0006_sync_003140,30,C0C3,27.3665,32.4675327675416,0.1709209606051445,281698,1
2013_05_28_drive_0006_sync_003145,30,C0C3,27.3665,32.17186094481871,0.16177254915237427,284549,1
2013_05_28_drive_0006_sync_003150,30,C0C3,27.3665,29.99772086678977,0.09180177003145218,300217,1
2013_05_28_drive_0006_sync_003155,30,C0C3,27.3665,28.817327946550478,0.05165723338723183,298888,1
2013_05_28_drive_0006_sync_003160,30,C0C3,27.3665,28.156837412061012,0.028470579534769058,295661,1
2013_05_28_drive_0006_sync_003165,30,C0C3,27.3665,27.585356905162367,0.007965447381138802,299917,1
2013_05_28_drive_0006_sync_003170,30,C0C3,27.3665,26.889833583936902,-0.017571356147527695,307633,1
2013_05_28_drive_0006_sync_003175,30,C0C3,27.3665,26.984011129502786,-0.014075127430260181,315575,1
2013_05_28_drive_0006_sync_003180,30,C0C3,27.3665,27.16193152860601,-0.007503220811486244,325642,1
2013_05_28_drive_0006_sync_003185,30,C0C3,27.3665,27.954764146171,0.02126799989491701,325442,1
2013_05_28_drive_0006_sync_003190,30,C0C3,27.3665,28.181833449029927,0.029357928782701492,329650,1
2013_05_28_drive_0006_sync_003195,30,C0C3,27.3665,27.649543598772237,0.010289583820849657,329942,1
2013_05_28_drive_0006_sync_003200,30,C0C3,27.3665,27.194639305696082,-0.006299768108874559,328731,1
2013_05_28_drive_0006_sync_003205,30,C0C3,27.3665,24.925992883537806,-0.0934084877371788,330716,1
2013_05_28_drive_0006_sync_003210,30,C0C3,27.3665,23.456613418582915,-0.15416716039180756,332912,1
2013_05_28_drive_0006_sync_003215,30,C0C3,27.3665,21.35629535553557,-0.24797307699918747,336954,1
2013_05_28_drive_0006_sync_003220,30,C0C3,27.3665,18.506612955975548,-0.3911915123462677,340316,1
2013_05_28_drive_0006_sync_003225,30,C0C3,27.3665,17.272170915918867,-0.4602230489253998,340803,1
2013_05_28_drive_0006_sync_003230,30,C0C3,27.3665,16.848504199804733,-0.4850577563047409,337560,1
2013_05_28_drive_0006_sync_003235,31,C0C3,27.3665,16.536866165013212,-0.5037274360656738,334946,1
2013_05_28_drive_0006_sync_003240,31,C0C3,27.3665,16.24017136594379,-0.521831750869751,335151,1
2013_05_28_drive_0006_sync_003245,31,C0C3,27.3665,16.3192233241017,-0.5169758796691895,327641,1
2013_05_28_drive_0006_sync_003285,31,C0C3,27.3665,25.80962415106708,-0.05857218615710735,295140,1
2013_05_28_drive_0006_sync_003290,31,C0C3,27.3665,26.17387089859424,-0.04455801844596863,296869,1
2013_05_28_drive_0006_sync_003295,31,C0C3,27.3665,27.416555951562625,0.0018274250905960798,295169,1
2013_05_28_drive_0006_sync_003300,31,C0C3,27.3665,27.4250381081456,0.0021367580629885197,300101,1
2013_05_28_drive_0006_sync_003305,31,C0C3,27.3665,27.529792980606516,0.005949161713942885,302826,1
2013_05_28_drive_0006_sync_003310,31,C0C3,27.3665,28.38107057776355,0.036402756348252296,297324,1
2013_05_28_drive_0006_sync_003315,31,C0C3,27.3665,28.962998991700307,0.0566994808614254,292856,1
2013_05_28_drive_0006_sync_003320,31,C0C3,27.3665,29.576792873755522,0.0776703916490078,297184,1
2013_05_28_drive_0006_sync_003325,31,C0C3,27.3665,31.213908030510563,0.13154412806034088,300033,1
2013_05_28_drive_0006_sync_003330,31,C0C3,27.3665,32.03116915122775,0.1573898270726204,300326,1
2013_05_28_drive_0006_sync_003335,31,C0C3,27.3665,32.608547167581776,0.17525479942560196,311536,1
2013_05_28_drive_0006_sync_003340,31,C0C3,27.3665,32.88593681325101,0.1837254762649536,321791,1
2013_05_28_drive_0006_sync_003345,31,C0C3,27.3665,32.27012431641884,0.16482222080230713,332927,1
2013_05_28_drive_0006_sync_003350,31,C0C3,27.3665,30.886283982689644,0.12099256366491318,329632,1
2013_05_28_drive_0006_sync_003355,31,C0C3,27.3665,30.774232642218603,0.11735809966921806,327848,1
2013_05_28_drive_0006_sync_003360,31,C0C3,27.3665,30.093195416280672,0.09497944265604019,329848,1
2013_05_28_drive_0006_sync_003365,31,C0C3,27.3665,29.74743787013149,0.08342336863279343,330074,1
2013_05_28_drive_0006_sync_003370,32,C0C3,27.3665,28.6686024378522,0.04648289456963539,328269,1
2013_05_28_drive_0006_sync_003375,32,C0C3,27.3665,27.434640384368965,0.002486824872903526,322734,1
2013_05_28_drive_0006_sync_003380,32,C0C3,27.3665,27.243501235568555,-0.0045046317391097546,315075,1
2013_05_28_drive_0006_sync_003385,32,C0C3,27.3665,26.288050519666477,-0.040205154567956924,314067,1
2013_05_28_drive_0006_sync_003390,32,C0C3,27.3665,26.057261131529785,-0.04902317002415657,317333,1
2013_05_28_drive_0006_sync_003395,32,C0C3,27.3665,25.40456654595131,-0.07439069449901581,316699,1
2013_05_28_drive_0006_sync_003400,32,C0C3,27.3665,24.214747405698237,-0.1223577931523323,315199,1
2013_05_28_drive_0006_sync_003405,32,C0C3,27.3665,24.010683365855503,-0.13082076609134674,308989,1
2013_05_28_drive_0006_sync_003410,32,C0C3,27.3665,24.51073045999562,-0.11020863801240921,307329,1
2013_05_28_drive_0006_sync_003415,32,C0C3,27.3665,24.802591762233508,-0.0983714833855629,313900,1
2013_05_28_drive_0006_sync_003420,32,C0C3,27.3665,25.55582138679067,-0.06845450401306152,305263,1
2013_05_28_drive_0006_sync_003425,32,C0C3,27.3665,25.741837163162188,-0.06120206415653229,303986,1
2013_05_28_drive_0006_sync_003430,32,C0C3,27.3665,26.277325388041113,-0.04061322286725044,301607,1
2013_05_28_drive_0006_sync_003435,32,C0C3,27.3665,26.49690936949321,-0.03229153901338577,298501,1
2013_05_28_drive_0006_sync_003440,32,C0C3,27.3665,27.090082334225134,-0.010151942260563374,294233,1
2013_05_28_drive_0006_sync_003445,32,C0C3,27.3665,26.949915440834282,-0.01533947791904211,305051,1
2013_05_28_drive_0006_sync_003450,32,C0C3,27.3665,26.86842479331575,-0.018367839977145195,307933,1
2013_05_28_drive_0006_sync_003455,32,C0C3,27.3665,26.331656223005652,-0.03854776360094547,304932,1
2013_05_28_drive_0006_sync_003460,32,C0C3,27.3665,26.728276147463763,-0.023597600869834423,299638,1
2013_05_28_drive_0006_sync_003465,32,C0C3,27.3665,27.292126326667155,-0.002721389988437295,288861,1
2013_05_28_drive_0006_sync_003470,33,C0C3,27.3665,26.58001346726591,-0.029160077683627605,288134,1
2013_05_28_drive_0006_sync_003475,33,C0C3,27.3665,25.931550770079912,-0.05385923385620117,277361,1
2013_05_28_drive_0006_sync_003480,33,C0C3,27.3665,24.523182040190907,-0.1097007617354393,277511,1
2013_05_28_drive_0006_sync_003485,33,C0C3,27.3665,24.15323433934088,-0.12490133941173553,280543,1
2013_05_28_drive_0006_sync_003490,33,C0C3,27.3665,23.42362485351761,-0.1555745154619217,285527,1
2013_05_28_drive_0006_sync_003495,33,C0C3,27.3665,23.896479531843,-0.13558848947286606,284706,1
2013_05_28_drive_0006_sync_003500,33,C0C3,27.3665,24.45338573912971,-0.11255095526576042,284184,1
2013_05_28_drive_0006_sync_003505,33,C0C3,27.3665,26.0843570581202,-0.04798384942114353,280614,1
2013_05_28_drive_0006_sync_003510,33,C0C3,27.3665,27.33332998791313,-0.0012128014350309968,276996,1
2013_05_28_drive_0006_sync_003515,33,C0C3,27.3665,27.561180191862547,0.00708863022737205,279534,1
2013_05_28_drive_0006_sync_003520,33,C0C3,27.3665,28.492081265477214,0.040306560695171356,284890,1
2013_05_28_drive_0006_sync_003525,33,C0C3,27.3665,28.32065253374295,0.03427167236804962,280773,1
2013_05_28_drive_0006_sync_003530,33,C0C3,27.3665,28.159020569627305,0.028548112139105797,283079,1
2013_05_28_drive_0006_sync_003535,33,C0C3,27.3665,27.25617826185779,-0.004039417020976543,292788,1
2013_05_28_drive_0006_sync_003540,33,C0C3,27.3665,26.626466770439404,-0.027413925155997276,306197,1
2013_05_28_drive_0006_sync_003545,33,C0C3,27.3665,26.541797166768756,-0.030598895624279976,315309,1
2013_05_28_drive_0006_sync_003550,33,C0C3,27.3665,27.30116394916795,-0.0023903008550405502,318519,1
2013_05_28_drive_0006_sync_003555,33,C0C3,27.3665,27.50582987301367,0.005078339949250221,317636,1
2013_05_28_drive_0006_sync_003560,33,C0C3,27.3665,27.648121929384992,0.01023816503584385,318007,1
2013_05_28_drive_0006_sync_003565,33,C0C3,27.3665,28.557778947725566,0.04260972887277603,309846,1
2013_05_28_drive_0006_sync_003570,34,C0C3,27.3665,28.88744639727233,0.05408748239278793,312478,1
2013_05_28_drive_0006_sync_003575,34,C0C3,27.3665,28.945122059645595,0.05608205683529377,306312,1
2013_05_28_drive_0006_sync_003580,34,C0C3,27.3665,28.481034101060665,0.03991875797510147,300187,1
2013_05_28_drive_0006_sync_003585,34,C0C3,27.3665,28.642147756127287,0.04555969312787056,298057,1
2013_05_28_drive_0006_sync_003590,34,C0C3,27.3665,29.039818111568696,0.05934828892350197,293637,1
2013_05_28_drive_0006_sync_003595,34,C0C3,27.3665,29.05981709087825,0.06003672629594803,291989,1
2013_05_28_drive_0006_sync_003600,34,C0C3,27.3665,29.898479992686404,0.08848800510168076,295952,1
2013_05_28_drive_0006_sync_003605,34,C0C3,27.3665,29.73392038987676,0.08296885713934898,297916,1
2013_05_28_drive_0006_sync_003610,34,C0C3,27.3665,29.979595542415215,0.09119736403226852,301283,1
2013_05_28_drive_0006_sync_003615,34,C0C3,27.3665,29.370423253252138,0.07066851854324341,306691,1
2013_05_28_drive_0006_sync_003620,34,C0C3,27.3665,29.87356075014021,0.08765419572591782,305323,1
2013_05_28_drive_0006_sync_003625,34,C0C3,27.3665,30.07309840507004,0.09431139379739761,308565,1
2013_05_28_drive_0006_sync_003630,34,C0C3,27.3665,30.33257963757887,0.10290273278951645,310241,1
2013_05_28_drive_0006_sync_003635,34,C0C3,27.3665,29.98481146634264,0.0913713313639164,316862,1
2013_05_28_drive_0006_sync_003640,34,C0C3,27.3665,29.878046648387716,0.08780434727668762,317637,1
2013_05_28_drive_0006_sync_003645,34,C0C3,27.3665,28.86424615008065,0.05328403413295746,314588,1
2013_05_28_drive_0006_sync_003650,34,C0C3,27.3665,28.287999521975646,0.03311803191900253,314347,1
2013_05_28_drive_0006_sync_003655,34,C0C3,27.3665,28.69942181402829,0.04755733907222748,308403,1
2013_05_28_drive_0006_sync_003660,34,C0C3,27.3665,28.600486909808403,0.04410410486161709,309208,1
2013_05_28_drive_0006_sync_003665,34,C0C3,27.3665,28.776701419056078,0.05024644359946251,310215,1
2013_05_28_drive_0006_sync_003670,35,C0C3,27.3665,28.741271153998355,0.04901447147130966,306851,1
2013_05_28_drive_0006_sync_003675,35,C0C3,27.3665,30.764506495889652,0.11704200133681297,299514,1
2013_05_28_drive_0006_sync_003680,35,C0C3,27.3665,30.883482849849955,0.12090186774730682,303214,1
2013_05_28_drive_0006_sync_003685,35,C0C3,27.3665,31.39820022938055,0.13743093609809875,300121,1
2013_05_28_drive_0006_sync_003690,35,C0C3,27.3665,30.895500657995285,0.12129092589020729,301394,1
2013_05_28_drive_0006_sync_003695,35,C0C3,27.3665,30.24065830869324,0.09986768290400505,305236,1
2013_05_28_drive_0006_sync_003700,35,C0C3,27.3665,29.962578590678145,0.09062958508729935,309519,1
2013_05_28_drive_0006_sync_003705,35,C0C3,27.3665,30.505440014235067,0.10858539119362831,314946,1
2013_05_28_drive_0006_sync_003710,35,C0C3,27.3665,30.835821800348263,0.11935742199420929,319763,1
2013_05_28_drive_0006_sync_003715,35,C0C3,27.3665,30.35520862482051,0.10364848375320435,323585,1
2013_05_28_drive_0006_sync_003720,35,C0C3,27.3665,30.46911304814833,0.10739384591579437,325481,1
2013_05_28_drive_0006_sync_003725,35,C0C3,27.3665,30.279434406817376,0.10114911198616028,325407,1
2013_05_28_drive_0006_sync_003730,35,C0C3,27.3665,31.489660397473624,0.14033961296081543,317834,1
2013_05_28_drive_0006_sync_003735,35,C0C3,27.3665,30.80471282970613,0.11834805458784103,308941,1
2013_05_28_drive_0006_sync_003740,35,C0C3,27.3665,29.592285122914383,0.07819405198097229,300886,1
2013_05_28_drive_0006_sync_003745,35,C0C3,27.3665,29.35072845357473,0.06999772787094116,289123,1
2013_05_28_drive_0006_sync_003750,35,C0C3,27.3665,29.617054913681304,0.07903073728084564,283849,1
2013_05_28_drive_0006_sync_003755,35,C0C3,27.3665,29.344505700115068,0.0697856917977333,286347,1
2013_05_28_drive_0006_sync_003760,35,C0C3,27.3665,29.014256283850482,0.058467667549848557,295364,1
2013_05_28_drive_0006_sync_003765,35,C0C3,27.3665,27.861837161535245,0.017938271164894104,299973,1
2013_05_28_drive_0006_sync_003770,36,C0C3,27.3665,28.07839804763507,0.025680890306830406,301309,1
2013_05_28_drive_0006_sync_003775,36,C0C3,27.3665,29.337115940367944,0.0695338323712349,303373,1
2013_05_28_drive_0006_sync_003780,36,C0C3,27.3665,29.32569109770346,0.06914432346820831,297573,1
2013_05_28_drive_0006_sync_003785,36,C0C3,27.3665,29.468063300042033,0.0739874392747879,295980,1
2013_05_28_drive_0006_sync_003790,36,C0C3,27.3665,31.158913356907902,0.12978070974349976,299729,1
2013_05_28_drive_0006_sync_003795,36,C0C3,27.3665,31.527438426305537,0.1415385901927948,305573,1
2013_05_28_drive_0006_sync_003800,36,C0C3,27.3665,31.620064263191434,0.14447222650051117,309983,1
2013_05_28_drive_0006_sync_003805,36,C0C3,27.3665,31.42068941589474,0.13814693689346313,309119,1
2013_05_28_drive_0006_sync_003810,36,C0C3,27.3665,29.955184724274247,0.09038278460502625,312447,1
2013_05_28_drive_0006_sync_003815,36,C0C3,27.3665,30.179733065778716,0.0978509709239006,304021,1
2013_05_28_drive_0006_sync_003820,36,C0C3,27.3665,30.45370369969884,0.10688798129558563,295753,1
2013_05_28_drive_0006_sync_003825,36,C0C3,27.3665,30.088115878774367,0.09481063485145569,292600,1
2013_05_28_drive_0006_sync_003830,36,C0C3,27.3665,30.86324552612892,0.12024637311697006,299056,1
2013_05_28_drive_0006_sync_003835,36,C0C3,27.3665,31.04471862324818,0.1261090636253357,297274,1
2013_05_28_drive_0006_sync_003840,36,C0C3,27.3665,31.321458974951913,0.13498381525278091,298270,1
2013_05_28_drive_0006_sync_003845,36,C0C3,27.3665,29.901280341410565,0.08858166262507439,303472,1
2013_05_28_drive_0006_sync_003850,36,C0C3,27.3665,27.925794769887094,0.020231167785823345,297202,1
2013_05_28_drive_0006_sync_003855,36,C0C3,27.3665,26.895876889669143,-0.0173466382548213,303818,1
2013_05_28_drive_0006_sync_003860,36,C0C3,27.3665,24.352671866502167,-0.11667806655168533,316201,1
2013_05_28_drive_0006_sync_003865,36,C0C3,27.3665,22.56341314618529,-0.19298993051052094,315705,1
2013_05_28_drive_0006_sync_003870,37,C0C3,27.3665,22.236638058128218,-0.20757834613323212,300058,1
2013_05_28_drive_0006_sync_003875,37,C0C3,27.3665,23.541962776230196,-0.15053515881299973,274832,1
2013_05_28_drive_0006_sync_003880,37,C0C3,27.3665,24.01141791393189,-0.13079017400741577,265122,1
2013_05_28_drive_0006_sync_003885,37,C0C3,27.3665,24.51151655683026,-0.11017656698822975,252504,1
2013_05_28_drive_0006_sync_003890,37,C0C3,27.3665,24.662356984534977,-0.10404156520962715,243522,1
2013_05_28_drive_0006_sync_003895,37,C0C3,27.3665,25.294106844389002,-0.0787482000887394,249446,1
2013_05_28_drive_0006_sync_003900,37,C0C3,27.3665,26.212242212704528,-0.04309307597577572,250512,1
2013_05_28_drive_0006_sync_003905,37,C0C3,27.3665,25.753804673379975,-0.06073726713657379,258065,1
2013_05_28_drive_0006_sync_003910,37,C0C3,27.3665,26.71957014263039,-0.023923376575112343,257055,1
2013_05_28_drive_0006_sync_003915,37,C0C3,27.3665,27.49234704117879,0.004588038893416524,256434,1
2013_05_28_drive_0006_sync_003920,37,C0C3,27.3665,29.298350112810883,0.06821156665682793,249066,1
2013_05_28_drive_0006_sync_003925,37,C0C3,27.3665,29.965633096978536,0.09073152393102646,252677,1
2013_05_28_drive_0006_sync_003930,37,C0C3,27.3665,30.26270023646348,0.10059630125761032,260137,1
2013_05_28_drive_0006_sync_003935,37,C0C3,27.3665,30.226726517393104,0.0994068793952465,262386,1
2013_05_28_drive_0006_sync_003940,37,C0C3,27.3665,30.160584626757863,0.09721628949046135,275600,1
2013_05_28_drive_0006_sync_003945,37,C0C3,27.3665,29.61935984150651,0.07910855859518051,282261,1
2013_05_28_drive_0006_sync_003950,37,C0C3,27.3665,30.309525240964945,0.10214238986372948,285592,1
2013_05_28_drive_0006_sync_003955,37,C0C3,27.3665,29.566706757933726,0.07732931897044182,289290,1
2013_05_28_drive_0006_sync_003960,37,C0C3,27.3665,28.519540818237036,0.04126985743641853,293648,1
2013_05_28_drive_0006_sync_003965,37,C0C3,27.3665,27.729459767094937,0.013175739906728268,299411,1
2013_05_28_drive_0006_sync_003970,38,C0C3,27.3665,27.413759750131813,0.001725430367514491,305344,1
2013_05_28_drive_0006_sync_003975,38,C0C3,27.3665,27.08842614957414,-0.010213080327957869,305624,1
2013_05_28_drive_0006_sync_003980,38,C0C3,27.3665,25.405274174490224,-0.07436284050345421,305156,1
2013_05_28_drive_0006_sync_003985,38,C0C3,27.3665,24.494167295192693,-0.11088461801409721,304660,1
2013_05_28_drive_0006_sync_003990,38,C0C3,27.3665,23.423556441932416,-0.15557743608951569,306985,1
2013_05_28_drive_0006_sync_003995,38,C0C3,27.3665,22.270895206164504,-0.2060389593243599,302404,1
2013_05_28_drive_0006_sync_004000,38,C0C3,27.3665,23.47556843751845,-0.15335939824581146,289065,1
2013_05_28_drive_0006_sync_004005,38,C0C3,27.3665,23.958049838160033,-0.13301526010036469,285263,1
2013_05_28_drive_0006_sync_004010,38,C0C3,27.3665,24.313893516249795,-0.11827170103788376,280472,1
2013_05_28_drive_0006_sync_004015,38,C0C3,27.3665,23.585451373049246,-0.14868958294391632,274797,1
2013_05_28_drive_0006_sync_004020,38,C0C3,27.3665,23.97585553824185,-0.13227233290672302,276934,1
2013_05_28_drive_0006_sync_004025,38,C0C3,27.3665,23.391560343590577,-0.15694434940814972,275938,1
2013_05_28_drive_0006_sync_004030,38,C0C3,27.3665,22.21565252722196,-0.20852252840995789,278023,1
2013_05_28_drive_0006_sync_004035,38,C0C3,27.3665,23.00767393191095,-0.17349182814359665,283176,1
2013_05_28_drive_0006_sync_004040,38,C0C3,27.3665,23.818481809729022,-0.13885781168937683,291215,1
2013_05_28_drive_0006_sync_004045,38,C0C3,27.3665,24.073677524139903,-0.12820061296224594,299270,1
2013_05_28_drive_0006_sync_004050,38,C0C3,27.3665,25.102649230761372,-0.08634625002741814,311032,1
2013_05_28_drive_0006_sync_004055,38,C0C3,27.3665,26.087522864607582,-0.04786248877644539,311873,1
2013_05_28_drive_0006_sync_004060,38,C0C3,27.3665,26.53264461666657,-0.030943790450692177,314935,1
2013_05_28_drive_0006_sync_004065,38,C0C3,27.3665,26.295449141692597,-0.03992374986410141,310002,1
2013_05_28_drive_0006_sync_004070,39,C0C3,27.3665,25.961276751294324,-0.05271356552839279,303067,1
2013_05_28_drive_0006_sync_004075,39,C0C3,27.3665,24.720241668828507,-0.10169722884893417,304096,1
2013_05_28_drive_0006_sync_004080,39,C0C3,27.3665,23.51117947127382,-0.1518436074256897,303377,1
2013_05_28_drive_0006_sync_004085,39,C0C3,27.3665,22.086824144371857,-0.21433839946985245,310358,1
2013_05_28_drive_0006_sync_004090,39,C0C3,27.3665,20.720706104085544,-0.2781861424446106,320702,1
2013_05_28_drive_0006_sync_004095,39,C0C3,27.3665,20.43102319756101,-0.2922651469707489,305395,1
2013_05_28_drive_0006_sync_004100,39,C0C3,27.3665,19.567459272211305,-0.3354516923427582,287543,1
2013_05_28_drive_0006_sync_004105,39,C0C3,27.3665,20.576629408930344,-0.2851637005805969,272140,1
2013_05_28_drive_0006_sync_004110,39,C0C3,27.3665,22.149146891531814,-0.21152065694332123,282005,1
2013_05_28_drive_0006_sync_004115,39,C0C3,27.3665,23.54183771544184,-0.15054047107696533,279761,1
2013_05_28_drive_0006_sync_004120,39,C0C3,27.3665,24.20418935929887,-0.12279390543699265,270651,1
2013_05_28_drive_0006_sync_004125,39,C0C3,27.3665,23.897828955161827,-0.13553202152252197,255554,1
2013_05_28_drive_0006_sync_004130,39,C0C3,27.3665,24.315182451327836,-0.11821869015693665,248069,1
2013_05_28_drive_0006_sync_004135,39,C0C3,27.3665,23.55063094944539,-0.15016702562570572,231662,1
2013_05_28_drive_0006_sync_004140,39,C0C3,27.3665,22.315863568579672,-0.20402184128761292,223923,1
2013_05_28_drive_0006_sync_004200,39,C0C3,27.3665,19.491131735506386,-0.3393600583076477,300447,1
2013_05_28_drive_0006_sync_004205,39,C0C3,27.3665,20.6667316482303,-0.2807943969964981,308490,1
2013_05_28_drive_0006_sync_004210,39,C0C3,27.3665,21.56372675755307,-0.23830705136060715,301648,1
2013_05_28_drive_0006_sync_004215,39,C0C3,27.3665,22.25637516275568,-0.20669114589691162,294796,1
2013_05_28_drive_0006_sync_004220,39,C0C3,27.3665,24.074558391332626,-0.12816402316093445,300073,1
2013_05_28_drive_0006_sync_004225,40,C0C3,27.3665,24.40428927679341,-0.11456073075532913,303894,1
2013_05_28_drive_0006_sync_004230,40,C0C3,27.3665,25.56999273676002,-0.06790013238787651,300322,1
2013_05_28_drive_0006_sync_004235,40,C0C3,27.3665,27.52116521217478,0.005635715089738369,294459,1
2013_05_28_drive_0006_sync_004240,40,C0C3,27.3665,27.65700367819497,0.010559355840086937,290383,1
2013_05_28_drive_0006_sync_004245,40,C0C3,27.3665,28.816922799507772,0.05164317414164543,288959,1
2013_05_28_drive_0006_sync_004250,40,C0C3,27.3665,29.986997221528565,0.0914442241191864,293648,1
2013_05_28_drive_0006_sync_004255,40,C0C3,27.3665,28.00669699717319,0.023124022409319878,295475,1
2013_05_28_drive_0006_sync_004260,40,C0C3,27.3665,27.678628697679322,0.01134095061570406,295112,1
2013_05_28_drive_0006_sync_004265,40,C0C3,27.3665,28.046568797685815,0.024546662345528603,302639,1
2013_05_28_drive_0006_sync_004270,40,C0C3,27.3665,27.611888216835887,0.008926774840801954,303350,1
2013_05_28_drive_0006_sync_004275,40,C0C3,27.3665,26.528306458649855,-0.031107306480407715,309478,1
2013_05_28_drive_0006_sync_004280,40,C0C3,27.3665,27.382062502931802,0.0005685081996489316,300254,1
2013_05_28_drive_0006_sync_004285,40,C0C3,27.3665,28.153408898263795,0.028348807245492935,294501,1
2013_05_28_drive_0006_sync_004290,40,C0C3,27.3665,28.602411019512946,0.04417137801647186,279599,1
2013_05_28_drive_0006_sync_004295,40,C0C3,27.3665,29.786857824669084,0.08474764600396156,277342,1
2013_05_28_drive_0006_sync_004300,40,C0C3,27.3665,32.327526316027466,0.16659943759441376,281805,1
2013_05_28_drive_0006_sync_004305,40,C0C3,27.3665,33.80912163491443,0.2114109992980957,293269,1
2013_05_28_drive_0006_sync_004310,40,C0C3,27.3665,36.2157033918695,0.2801731824874878,296495,1
2013_05_28_drive_0006_sync_004315,40,C0C3,27.3665,35.96277807791981,0.2731648236513138,302518,1
2013_05_28_drive_0006_sync_004320,40,C0C3,27.3665,35.03430468881953,0.2470080778002739,313664,1
2013_05_28_drive_0006_sync_004325,41,C0C3,27.3665,32.505219969825276,0.17208105325698853,319479,1
2013_05_28_drive_0006_sync_004330,41,C0C3,27.3665,29.92857800730756,0.08949417248368263,312638,1
2013_05_28_drive_0006_sync_004335,41,C0C3,27.3665,27.66870955450872,0.010982518084347248,303354,1
2013_05_28_drive_0006_sync_004340,41,C0C3,27.3665,27.6554914784401,0.010504677426069975,294420,1
2013_05_28_drive_0006_sync_004345,41,C0C3,27.3665,26.593957187214684,-0.028635621070861816,289290,1
2013_05_28_drive_0006_sync_004350,41,C0C3,27.3665,24.93294323728525,-0.09312968701124191,292497,1
2013_05_28_drive_0006_sync_004355,41,C0C3,27.3665,23.334903487871838,-0.15936939418315887,297234,1
2013_05_28_drive_0006_sync_004360,41,C0C3,27.3665,23.11921093943004,-0.16865572333335876,300197,1
2013_05_28_drive_0006_sync_004365,41,C0C3,27.3665,22.09831520721317,-0.2138182669878006,314481,1
2013_05_28_drive_0006_sync_004370,41,C0C3,27.3665,20.704112749019338,-0.2789872735738754,317656,1
2013_05_28_drive_0006_sync_004375,41,C0C3,27.3665,21.09691447436217,-0.2601928412914276,312400,1
2013_05_28_drive_0006_sync_004380,41,C0C3,27.3665,20.40330820240017,-0.29362258315086365,304167,1
2013_05_28_drive_0006_sync_004385,41,C0C3,27.3665,23.24719227540961,-0.16313527524471283,299647,1
2013_05_28_drive_0006_sync_004390,41,C0C3,27.3665,25.7119523863177,-0.06236368045210838,289101,1
2013_05_28_drive_0006_sync_004395,41,C0C3,27.3665,27.30844698133089,-0.002123570069670677,284009,1
2013_05_28_drive_0006_sync_004400,41,C0C3,27.3665,27.504264910354777,0.005021442659199238,290555,1
2013_05_28_drive_0006_sync_004405,41,C0C3,27.3665,27.442344631852126,0.0027676073368638754,278746,1
2013_05_28_drive_0006_sync_004410,41,C0C3,27.3665,27.709891167324873,0.012469793669879436,272162,1
2013_05_28_drive_0006_sync_004415,41,C0C3,27.3665,27.741480146352092,0.013609133660793304,264358,1
2013_05_28_drive_0006_sync_004420,41,C0C3,27.3665,27.423403631292086,0.0020771583076566458,267991,1
2013_05_28_drive_0006_sync_004425,42,C0C3,27.3665,26.833557504814483,-0.01966638769954443,274300,1
2013_05_28_drive_0006_sync_004430,42,C0C3,27.3665,25.511746433788087,-0.07018064707517624,296374,1
2013_05_28_drive_0006_sync_004435,42,C0C3,27.3665,24.471001476870555,-0.11183083429932594,288284,1
2013_05_28_drive_0006_sync_004440,42,C0C3,27.3665,24.861977829138873,-0.09597999602556229,285849,1
2013_05_28_drive_0006_sync_004445,42,C0C3,27.3665,25.008272828277263,-0.09011295437812805,286894,1
2013_05_28_drive_0006_sync_004450,42,C0C3,27.3665,25.183410663681105,-0.08313416689634323,278611,1
2013_05_28_drive_0006_sync_004455,42,C0C3,27.3665,25.100379452147646,-0.0864366739988327,282807,1
2013_05_28_drive_0006_sync_004460,42,C0C3,27.3665,25.122649318059853,-0.08554983511567116,292214,1
2013_05_28_drive_0006_sync_004465,42,C0C3,27.3665,25.4204576812281,-0.07376536726951599,291539,1
2013_05_28_drive_0006_sync_004470,42,C0C3,27.3665,25.17522302624249,-0.08345934003591537,301481,1
2013_05_28_drive_0006_sync_004475,42,C0C3,27.3665,25.02733174978229,-0.08935113996267319,307202,1
2013_05_28_drive_0006_sync_004480,42,C0C3,27.3665,25.34023392375414,-0.07692623138427734,300989,1
2013_05_28_drive_0006_sync_004485,42,C0C3,27.3665,23.426410177480847,-0.15545561164617538,295436,1
2013_05_28_drive_0006_sync_004490,42,C0C3,27.3665,23.743775049527116,-0.1419992446899414,288560,1
2013_05_28_drive_0006_sync_004495,42,C0C3,27.3665,26.232679793180882,-0.04231368377804756,281962,1
2013_05_28_drive_0006_sync_004500,42,C0C3,27.3665,27.62970306408628,0.00957175437361002,275773,1
2013_05_28_drive_0006_sync_004505,42,C0C3,27.3665,30.31821335375444,0.10242899507284164,264904,1
2013_05_28_drive_0006_sync_004510,42,C0C3,27.3665,31.09767503978533,0.127813421189785,272784,1
2013_05_28_drive_0006_sync_004515,42,C0C3,27.3665,31.338591807183455,0.13553066551685333,279088,1
2013_05_28_drive_0006_sync_004520,42,C0C3,27.3665,30.085201758783164,0.09471377730369568,285816,1
2013_05_28_drive_0006_sync_004525,43,C0C3,27.3665,29.712580609188606,0.08225090801715851,288492,1
2013_05_28_drive_0006_sync_004530,43,C0C3,27.3665,28.36662957234603,0.03589380159974098,285346,1
2013_05_28_drive_0006_sync_004535,43,C0C3,27.3665,28.386557478424884,0.03659606724977493,281241,1
2013_05_28_drive_0006_sync_004540,43,C0C3,27.3665,28.141759786131693,0.027934948913753033,282878,1
2013_05_28_drive_0006_sync_004545,43,C0C3,27.3665,28.833478133703927,0.0522175095975399,284590,1
2013_05_28_drive_0006_sync_004550,43,C0C3,27.3665,30.069694647143688,0.09419820457696915,294731,1
2013_05_28_drive_0006_sync_004555,43,C0C3,27.3665,28.8015584163754,0.051109859719872475,305040,1
2013_05_28_drive_0006_sync_004560,43,C0C3,27.3665,28.467948279063823,0.039459194988012314,310636,1
2013_05_28_drive_0006_sync_004565,43,C0C3,27.3665,28.257039623107485,0.032022979110479355,311915,1
2013_05_28_drive_0006_sync_004570,43,C0C3,27.3665,28.30304834874067,0.03364987671375275,310474,1
2013_05_28_drive_0006_sync_004575,43,C0C3,27.3665,28.649123178176954,0.04580320045351982,300798,1
2013_05_28_drive_0006_sync_004580,43,C0C3,27.3665,30.253666138033086,0.10029773414134979,299260,1
2013_05_28_drive_0006_sync_004585,43,C0C3,27.3665,30.106093944386746,0.09540797024965286,300547,1
2013_05_28_drive_0006_sync_004590,43,C0C3,27.3665,30.461561048581288,0.10714595764875412,297961,1
2013_05_28_drive_0006_sync_004595,43,C0C3,27.3665,30.340532890724617,0.1031649000942707,301574,1
2013_05_28_drive_0006_sync_004600,43,C0C3,27.3665,29.413633127031666,0.07213864102959633,299692,1
2013_05_28_drive_0006_sync_004605,43,C0C3,27.3665,29.517966261137445,0.0756794661283493,297560,1
2013_05_28_drive_0006_sync_004610,43,C0C3,27.3665,28.742513509168724,0.049057696014642715,294228,1
2013_05_28_drive_0006_sync_004615,43,C0C3,27.3665,28.19688819154183,0.029891986399888992,288834,1
2013_05_28_drive_0006_sync_004620,43,C0C3,27.3665,27.98463345632587,0.022335916757583618,297507,1
2013_05_28_drive_0006_sync_004625,44,C0C3,27.3665,28.420082138415136,0.03777637518942356,304066,1
2013_05_28_drive_0006_sync_004630,44,C0C3,27.3665,27.460075106428857,0.0034134978195652366,308752,1
2013_05_28_drive_0006_sync_004635,44,C0C3,27.3665,27.21813422195815,-0.005436187144368887,310706,1
2013_05_28_drive_0006_sync_004640,44,C0C3,27.3665,27.162903337102865,-0.007467443123459816,311113,1
2013_05_28_drive_0006_sync_004645,44,C0C3,27.3665,26.298587517266213,-0.039804406464099884,307663,1
2013_05_28_drive_0006_sync_004650,44,C0C3,27.3665,25.15577118613575,-0.08423229679465294,306832,1
2013_05_28_drive_0006_sync_004655,44,C0C3,27.3665,25.23292829782389,-0.08116981759667397,310898,1
2013_05_28_drive_0006_sync_004660,44,C0C3,27.3665,25.67271846932121,-0.06389074772596359,312225,1
2013_05_28_drive_0006_sync_004665,44,C0C3,27.3665,26.82065183927028,-0.020147455856204033,301792,1
2013_05_28_drive_0006_sync_004670,44,C0C3,27.3665,27.246604607107212,-0.004390725865960121,292686,1
2013_05_28_drive_0006_sync_004675,44,C0C3,27.3665,27.540946197913044,0.006354212295264006,295243,1
2013_05_28_drive_0006_sync_004680,44,C0C3,27.3665,28.989595263763494,0.057617343962192535,292839,1
2013_05_28_drive_0006_sync_004685,44,C0C3,27.3665,29.7764929739366,0.08439961820840836,292585,1
2013_05_28_drive_0006_sync_004690,44,C0C3,27.3665,29.14669894274413,0.06302202492952347,286642,1
2013_05_28_drive_0006_sync_004695,44,C0C3,27.3665,29.19701917417099,0.06474698334932327,284312,1
2013_05_28_drive_0006_sync_004700,44,C0C3,27.3665,29.30927285556409,0.06858430802822113,281478,1
2013_05_28_drive_0006_sync_004705,44,C0C3,27.3665,30.093018962128816,0.09497357904911041,282295,1
2013_05_28_drive_0006_sync_004710,44,C0C3,27.3665,31.22139462539711,0.13178394734859467,285711,1
2013_05_28_drive_0006_sync_004715,44,C0C3,27.3665,32.6057351123929,0.17516855895519257,285852,1
2013_05_28_drive_0006_sync_004720,44,C0C3,27.3665,31.38714664979117,0.13707882910966873,288898,1
2013_05_28_drive_0006_sync_004725,45,C0C3,27.3665,30.81602324040245,0.11871515214443207,296479,1
2013_05_28_drive_0006_sync_004730,45,C0C3,27.3665,29.81094723144677,0.0855560451745987,301893,1
2013_05_28_drive_0006_sync_004735,45,C0C3,27.3665,28.804490754258136,0.05121166631579399,304281,1
2013_05_28_drive_0006_sync_004740,45,C0C3,27.3665,28.08438076943394,0.025893939658999443,312153,1
2013_05_28_drive_0006_sync_004745,45,C0C3,27.3665,27.14803358520379,-0.008015021681785583,313444,1
2013_05_28_drive_0006_sync_004750,45,C0C3,27.3665,25.170760568106846,-0.08363661170005798,316379,1
2013_05_28_drive_0006_sync_004755,45,C0C3,27.3665,25.206048196266966,-0.0822356641292572,319361,1
2013_05_28_drive_0006_sync_004760,45,C0C3,27.3665,25.95990461936345,-0.05276641994714737,310309,1
2013_05_28_drive_0006_sync_004765,45,C0C3,27.3665,26.997989557349705,-0.01355723524466157,307290,1
2013_05_28_drive_0006_sync_004770,45,C0C3,27.3665,27.17040388268539,-0.007191349286586046,309837,1
2013_05_28_drive_0006_sync_004775,45,C0C3,27.3665,27.04457102683403,-0.011833353899419308,314725,1
2013_05_28_drive_0006_sync_004780,45,C0C3,27.3665,27.324550443417127,-0.001534055918455124,303077,1
2013_05_28_drive_0006_sync_004785,45,C0C3,27.3665,27.154988963962133,-0.007758852560073137,290139,1
2013_05_28_drive_0006_sync_004790,45,C0C3,27.3665,27.591419395216594,0.00818519527092576,281124,1
2013_05_28_drive_0006_sync_004795,45,C0C3,27.3665,27.548184028372308,0.00661698030307889,269819,1
2013_05_28_drive_0006_sync_004800,45,C0C3,27.3665,27.430160652037774,0.002323524095118046,278597,1
2013_05_28_drive_0006_sync_004805,45,C0C3,27.3665,27.361121863639877,-0.00019654193602036685,277672,1
2013_05_28_drive_0006_sync_004810,45,C0C3,27.3665,27.48558367379956,0.004341999534517527,274114,1
2013_05_28_drive_0006_sync_004815,45,C0C3,27.3665,28.651413189202255,0.04588313028216362,253913,1
2013_05_28_drive_0006_sync_004820,45,C0C3,27.3665,28.44368918901423,0.0386066772043705,250382,1
2013_05_28_drive_0006_sync_004825,46,C0C3,27.3665,27.57902397319979,0.0077358451671898365,247261,1
2013_05_28_drive_0006_sync_004830,46,C0C3,27.3665,27.378844135241916,0.0004509656719164923,252312,1
2013_05_28_drive_0006_sync_004835,46,C0C3,27.3665,26.232080065715593,-0.04233654588460922,270063,1
2013_05_28_drive_0006_sync_004840,46,C0C3,27.3665,26.162197977816746,-0.045004094019532204,282486,1
2013_05_28_drive_0006_sync_004845,46,C0C3,27.3665,24.044912362806823,-0.1293962076306343,287224,1
2013_05_28_drive_0006_sync_004850,46,C0C3,27.3665,24.842393487518347,-0.09676802903413773,288392,1
2013_05_28_drive_0006_sync_004855,46,C0C3,27.3665,25.940505923766665,-0.05351395532488823,289866,1
2013_05_28_drive_0006_sync_004860,46,C0C3,27.3665,26.599115777991997,-0.028441663831472397,299534,1
2013_05_28_drive_0006_sync_004865,46,C0C3,27.3665,26.90283848388234,-0.017087836749851704,304750,1
2013_05_28_drive_0006_sync_004870,46,C0C3,27.3665,27.25311485433578,-0.004151816479861736,308133,1
2013_05_28_drive_0006_sync_004875,46,C0C3,27.3665,27.408589218157086,0.001536801748443395,308774,1
2013_05_28_drive_0006_sync_004880,46,C0C3,27.3665,27.52484333885137,0.005769353359937668,308432,1
2013_05_28_drive_0006_sync_004885,46,C0C3,27.3665,27.582973216963946,0.007879032287746668,310702,1
2013_05_28_drive_0006_sync_004890,46,C0C3,27.3665,27.637311749274875,0.009847097098827362,312698,1
2013_05_28_drive_0006_sync_004895,46,C0C3,27.3665,28.080673533782495,0.025761927478015423,312232,1
2013_05_28_drive_0006_sync_004900,46,C0C3,27.3665,28.405314303132368,0.03725661337375641,314206,1
2013_05_28_drive_0006_sync_004905,46,C0C3,27.3665,28.717545767640868,0.048188649117946625,322658,1
2013_05_28_drive_0006_sync_004910,46,C0C3,27.3665,28.93176593984302,0.05562052130699158,325365,1
2013_05_28_drive_0006_sync_004915,46,C0C3,27.3665,30.41348111645082,0.10556633025407791,322830,1
2013_05_28_drive_0006_sync_004920,46,C0C3,27.3665,30.349551435208177,0.1034621000289917,319156,1
2013_05_28_drive_0006_sync_004925,47,C0C3,27.3665,30.146002088473132,0.09673267602920532,306622,1
2013_05_28_drive_0006_sync_004930,47,C0C3,27.3665,31.93693572380102,0.15444356203079224,319719,1
2013_05_28_drive_0006_sync_004935,47,C0C3,27.3665,32.809513077802656,0.18139886856079102,318406,1
2013_05_28_drive_0006_sync_004940,47,C0C3,27.3665,33.36674006544214,0.19823995977640152,313222,1
2013_05_28_drive_0006_sync_004945,47,C0C3,27.3665,33.030012173367105,0.18809697031974792,306166,1
2013_05_28_drive_0006_sync_004950,47,C0C3,27.3665,32.259613176091285,0.16449644416570663,305254,1
2013_05_28_drive_0006_sync_004955,47,C0C3,27.3665,31.98700841235221,0.1560101956129074,308661,1
2013_05_28_drive_0006_sync_004960,47,C0C3,27.3665,30.94172558776122,0.12278597801923752,330627,1
2013_05_28_drive_0006_sync_004965,47,C0C3,27.3665,30.549829330586824,0.11003946140408516,328162,1
2013_05_28_drive_0006_sync_004970,47,C0C3,27.3665,30.258090306686384,0.10044395923614502,325442,1
2013_05_28_drive_0006_sync_004975,47,C0C3,27.3665,30.35691485344703,0.10370469093322754,329979,1
2013_05_28_drive_0006_sync_004980,47,C0C3,27.3665,29.648712206158297,0.08009905368089676,331329,1
2013_05_28_drive_0006_sync_004985,47,C0C3,27.3665,30.615588597253637,0.11218967288732529,329095,1
2013_05_28_drive_0006_sync_004990,47,C0C3,27.3665,31.0011357880281,0.12470420449972153,326585,1
2013_05_28_drive_0006_sync_004995,47,C0C3,27.3665,30.979132005815092,0.12399417906999588,322379,1
2013_05_28_drive_0006_sync_005000,47,C0C3,27.3665,31.429973883086472,0.13844238221645355,323903,1
2013_05_28_drive_0006_sync_005005,47,C0C3,27.3665,30.960285089919843,0.12338561937212944,317700,1
2013_05_28_drive_0006_sync_005010,47,C0C3,27.3665,31.459924167221647,0.1393948495388031,307714,1
2013_05_28_drive_0006_sync_005015,47,C0C3,27.3665,30.660651607707987,0.11366048827767372,293364,1
2013_05_28_drive_0006_sync_005020,47,C0C3,27.3665,30.15205648080779,0.09693349152803421,294933,1
2013_05_28_drive_0006_sync_005025,48,C0C3,27.3665,29.647922498747008,0.08007241785526276,294585,1
2013_05_28_drive_0006_sync_005030,48,C0C3,27.3665,27.98894260738882,0.022489887662231922,298978,1
2013_05_28_drive_0006_sync_005035,48,C0C3,27.3665,27.185543350145416,-0.006634300108999014,304959,1
2013_05_28_drive_0006_sync_005040,48,C0C3,27.3665,27.4409806558273,0.002717902767471969,295600,1
2013_05_28_drive_0006_sync_005045,48,C0C3,27.3665,27.926090975693988,0.02024177461862564,282978,1
2013_05_28_drive_0006_sync_005050,48,C0C3,27.3665,28.17698421808951,0.029185844585299492,278869,1
2013_05_28_drive_0006_sync_005055,48,C0C3,27.3665,27.942673679264768,0.020835405215620995,262508,1
2013_05_28_drive_0006_sync_005060,48,C0C3,27.3665,28.069041656020485,0.02534761093556881,251081,1
2013_05_28_drive_0006_sync_005065,48,C0C3,27.3665,28.144045544535004,0.028016168624162674,250397,1
2013_05_28_drive_0006_sync_005070,48,C0C3,27.3665,28.962807046101027,0.056692853569984436,239876,1
2013_05_28_drive_0006_sync_005075,48,C0C3,27.3665,30.827004078377712,0.11907142400741577,227332,1
2013_05_28_drive_0006_sync_005080,48,C0C3,27.3665,30.193708210901146,0.09831392765045166,218581,1
2013_05_28_drive_0006_sync_005085,48,C0C3,27.3665,29.695468969292833,0.08167483657598495,214008,1
2013_05_28_drive_0006_sync_005090,48,C0C3,27.3665,27.645311482449024,0.01013650931417942,211919,1
2013_05_28_drive_0006_sync_005095,48,C0C3,27.3665,25.789429222086177,-0.05935494974255562,197365,1
2013_05_28_drive_0006_sync_005100,48,C0C3,27.3665,22.25028399410657,-0.2069648653268814,199493,1
2013_05_28_drive_0006_sync_005105,48,C0C3,27.3665,19.620119279992743,-0.3327641040086746,188220,1
2013_05_28_drive_0006_sync_005110,48,C0C3,27.3665,17.313589475419473,-0.45782792568206787,186703,1
2013_05_28_drive_0006_sync_005115,48,C0C3,27.3665,17.58978690066514,-0.44200119376182556,190003,1
2013_05_28_drive_0006_sync_005120,48,C0C3,27.3665,17.44835720750922,-0.45007413625717163,191465,1
2013_05_28_drive_0006_sync_005125,49,C0C3,27.3665,19.677850051093753,-0.3298259973526001,205489,1
2013_05_28_drive_0006_sync_005130,49,C0C3,27.3665,23.286162443699805,-0.16146034002304077,214709,1
2013_05_28_drive_0006_sync_005205,49,C0C3,27.3665,24.082943219928307,-0.12781579792499542,255747,1
2013_05_28_drive_0006_sync_005210,49,C0C3,27.3665,24.694579363969677,-0.10273587703704834,254263,1
2013_05_28_drive_0006_sync_005215,49,C0C3,27.3665,25.105030320329682,-0.086251400411129,251934,1
2013_05_28_drive_0006_sync_005220,49,C0C3,27.3665,26.435304113552455,-0.03461924381554127,244588,1
2013_05_28_drive_0006_sync_005225,49,C0C3,27.3665,27.327416439193644,-0.001429174211807549,245320,1
2013_05_28_drive_0006_sync_005230,49,C0C3,27.3665,27.19975612853712,-0.006111630238592625,266628,1
2013_05_28_drive_0006_sync_005235,49,C0C3,27.3665,26.57434866662991,-0.029373222962021828,273270,1
2013_05_28_drive_0006_sync_005240,49,C0C3,27.3665,27.106461221738492,-0.009547516703605652,280183,1
2013_05_28_drive_0006_sync_005245,49,C0C3,27.3665,27.680874699456716,0.011422093026340008,290647,1
2013_05_28_drive_0006_sync_005250,49,C0C3,27.3665,27.22870833553046,-0.005047767423093319,293381,1
2013_05_28_drive_0006_sync_005255,49,C0C3,27.3665,28.084465592230572,0.02589695993810892,289786,1
2013_05_28_drive_0006_sync_005260,49,C0C3,27.3665,28.90440651733293,0.0546744205057621,297329,1
2013_05_28_drive_0006_sync_005265,49,C0C3,27.3665,29.788144931944633,0.08479085564613342,305905,1
2013_05_28_drive_0006_sync_005270,49,C0C3,27.3665,29.88246820879222,0.08795232325792313,305433,1
2013_05_28_drive_0006_sync_005275,49,C0C3,27.3665,29.684318701453236,0.08129927888512611,316262,1
2013_05_28_drive_0006_sync_005280,49,C0C3,27.3665,29.60703823009096,0.0786924734711647,321192,1
2013_05_28_drive_0006_sync_005285,49,C0C3,27.3665,29.486996816504647,0.07462974265217781,323858,1
2013_05_28_drive_0006_sync_005290,49,C0C3,27.3665,29.014035247743802,0.0584600493311882,329871,1
2013_05_28_drive_0006_sync_005295,50,C0C3,27.3665,28.528667219560756,0.04158981144428253,325514,1
2013_05_28_drive_0006_sync_005300,50,C0C3,27.3665,27.88510181344655,0.01877292338758707,325222,1
2013_05_28_drive_0006_sync_005305,50,C0C3,27.3665,27.612751695050598,0.008958046324551105,329150,1
2013_05_28_drive_0006_sync_005310,50,C0C3,27.3665,28.11090883580909,0.026838078163564205,327798,1
2013_05_28_drive_0006_sync_005315,50,C0C3,27.3665,28.734099778968243,0.048764925450086594,323149,1
2013_05_28_drive_0006_sync_005320,50,C0C3,27.3665,30.279142031450007,0.10113945603370667,326096,1
2013_05_28_drive_0006_sync_005325,50,C0C3,27.3665,30.62987670958778,0.11265625804662704,325739,1
2013_05_28_drive_0006_sync_005330,50,C0C3,27.3665,31.038286803843704,0.12590186297893524,329957,1
2013_05_28_drive_0006_sync_005335,50,C0C3,27.3665,30.65564302050659,0.11349711939692497,325764,1
2013_05_28_drive_0006_sync_005340,50,C0C3,27.3665,30.78013881119903,0.11755000054836273,324143,1
2013_05_28_drive_0006_sync_005345,50,C0C3,27.3665,30.99104283610952,0.12437858432531357,318406,1
2013_05_28_drive_0006_sync_005350,50,C0C3,27.3665,31.340716177608755,0.13559845089912415,313403,1
2013_05_28_drive_0006_sync_005355,50,C0C3,27.3665,33.58947169023374,0.20489303767681122,315145,1
2013_05_28_drive_0006_sync_005360,50,C0C3,27.3665,35.47851106615317,0.25960755348205566,317508,1
2013_05_28_drive_0006_sync_005365,50,C0C3,27.3665,35.34225256452539,0.2557595670223236,314521,1
2013_05_28_drive_0006_sync_005370,50,C0C3,27.3665,34.11591264815321,0.22044428437948227,313474,1
2013_05_28_drive_0006_sync_005375,50,C0C3,27.3665,33.17149158303702,0.1923711821436882,311634,1
2013_05_28_drive_0006_sync_005380,50,C0C3,27.3665,32.56222595595979,0.17383326590061188,312315,1
2013_05_28_drive_0006_sync_005385,50,C0C3,27.3665,31.993026365112268,0.15619831532239914,307904,1
2013_05_28_drive_0006_sync_005390,50,C0C3,27.3665,32.31008513508674,0.16605977714061737,300520,1
2013_05_28_drive_0006_sync_005395,51,C0C3,27.3665,31.99832450191939,0.15636390447616577,305067,1
2013_05_28_drive_0006_sync_005400,51,C0C3,27.3665,31.446266609477632,0.13896062970161438,296537,1
2013_05_28_drive_0006_sync_005405,51,C0C3,27.3665,31.68063623983568,0.1463860124349594,296839,1
2013_05_28_drive_0006_sync_005410,51,C0C3,27.3665,31.027916827952797,0.1255677044391632,298081,1
2013_05_28_drive_0006_sync_005415,51,C0C3,27.3665,31.104707568683978,0.12803953886032104,299678,1
2013_05_28_drive_0006_sync_005420,51,C0C3,27.3665,30.607717743225432,0.11193255335092545,306075,1
2013_05_28_drive_0006_sync_005425,51,C0C3,27.3665,29.637579826109498,0.07972350716590881,311963,1
2013_05_28_drive_0006_sync_005430,51,C0C3,27.3665,31.765957039543267,0.14907554537057877,310280,1
2013_05_28_drive_0006_sync_005435,51,C0C3,27.3665,32.852879261127036,0.18271975219249725,298769,1
2013_05_28_drive_0006_sync_005440,51,C0C3,27.3665,32.95757531695213,0.18590150028467178,284704,1
2013_05_28_drive_0006_sync_005445,51,C0C3,27.3665,33.787579669854274,0.21077363193035126,292799,1
2013_05_28_drive_0006_sync_005450,51,C0C3,27.3665,34.043410028321205,0.21831683814525604,290470,1
2013_05_28_drive_0006_sync_005455,51,C0C3,27.3665,34.572224326660354,0.2337309569120407,302096,1
2013_05_28_drive_0006_sync_005460,51,C0C3,27.3665,33.98108639866748,0.2164844498038292,312034,1
2013_05_28_drive_0006_sync_005465,51,C0C3,27.3665,32.60793760518369,0.17523610591888428,318947,1
2013_05_28_drive_0006_sync_005470,51,C0C3,27.3665,32.6348338105844,0.17606060206890106,321545,1
2013_05_28_drive_0006_sync_005475,51,C0C3,27.3665,33.237681926006736,0.19436459243297577,328144,1
2013_05_28_drive_0006_sync_005480,51,C0C3,27.3665,33.5742294956918,0.20443915575742722,324008,1
2013_05_28_drive_0006_sync_005485,51,C0C3,27.3665,32.42532293564779,0.16962005198001862,318254,1
2013_05_28_drive_0006_sync_005490,51,C0C3,27.3665,32.218202466010084,0.16321194916963577,314992,1
2013_05_28_drive_0006_sync_005495,52,C0C3,27.3665,34.207549386371134,0.22312672436237335,313261,1
2013_05_28_drive_0006_sync_005500,52,C0C3,27.3665,34.62931577733095,0.23538096249103546,307761,1
2013_05_28_drive_0006_sync_005505,52,C0C3,27.3665,34.70327951799459,0.23751455545425415,304375,1
2013_05_28_drive_0006_sync_005510,52,C0C3,27.3665,36.13263026614074,0.27787670493125916,302907,1
2013_05_28_drive_0006_sync_005515,52,C0C3,27.3665,36.11989999687273,0.27752432227134705,300633,1
2013_05_28_drive_0006_sync_005520,52,C0C3,27.3665,36.22678962330173,0.2804792523384094,294485,1
2013_05_28_drive_0006_sync_005525,52,C0C3,27.3665,35.94331617328915,0.2726235091686249,285611,1
2013_05_28_drive_0006_sync_005530,52,C0C3,27.3665,35.07213391778429,0.24808727204799652,288712,1
2013_05_28_drive_0006_sync_005535,52,C0C3,27.3665,32.69062663670948,0.1777687519788742,290799,1
2013_05_28_drive_0006_sync_005540,52,C0C3,27.3665,29.77216317829019,0.0842541977763176,294143,1
2013_05_28_drive_0006_sync_005545,52,C0C3,27.3665,27.466362498545717,0.003642436466179788,304046,1
2013_05_28_drive_0006_sync_005550,52,C0C3,27.3665,26.082447653508,-0.04805705323815346,314329,1
2013_05_28_drive_0006_sync_005555,52,C0C3,27.3665,25.484310610051004,-0.07125664502382278,328098,1
2013_05_28_drive_0006_sync_005560,52,C0C3,27.3665,24.63345635978243,-0.10521410405635834,331237,1
2013_05_28_drive_0006_sync_005565,52,C0C3,27.3665,25.146349404344033,-0.08460690453648567,324354,1
2013_05_28_drive_0006_sync_005570,52,C0C3,27.3665,25.94484557753376,-0.053346676751971245,322714,1
2013_05_28_drive_0006_sync_005575,52,C0C3,27.3665,25.652287066941966,-0.06468690559267998,312808,1
2013_05_28_drive_0006_sync_005580,52,C0C3,27.3665,25.898231078969996,-0.05514496937394142,304444,1
2013_05_28_drive_0006_sync_005585,52,C0C3,27.3665,27.222024574475007,-0.005293264985084534,304221,1
2013_05_28_drive_0006_sync_005590,52,C0C3,27.3665,27.563302859989907,0.007165643852204084,303376,1
2013_05_28_drive_0006_sync_005595,53,C0C3,27.3665,27.95266599398281,0.021192941814661026,305385,1
2013_05_28_drive_0006_sync_005600,53,C0C3,27.3665,27.528249766909752,0.005893104011192918,307426,1
2013_05_28_drive_0006_sync_005605,53,C0C3,27.3665,26.306582437098314,-0.03950044699013233,314318,1
2013_05_28_drive_0006_sync_005610,53,C0C3,27.3665,25.988264009015527,-0.05167458578944206,316823,1
2013_05_28_drive_0006_sync_005615,53,C0C3,27.3665,26.553127697476352,-0.030172092840075493,320175,1
2013_05_28_drive_0006_sync_005620,53,C0C3,27.3665,26.43289468397773,-0.034710392355918884,308751,1
2013_05_28_drive_0006_sync_005625,53,C0C3,27.3665,26.45417635599072,-0.033905595541000366,298281,1
2013_05_28_drive_0006_sync_005630,53,C0C3,27.3665,25.43520444319517,-0.07318542152643204,290046,1
2013_05_28_drive_0006_sync_005635,53,C0C3,27.3665,23.84255704096199,-0.13784754276275635,289794,1
2013_05_28_drive_0006_sync_005640,53,C0C3,27.3665,22.15791139976645,-0.21112503111362457,279208,1
2013_05_28_drive_0006_sync_005645,53,C0C3,27.3665,21.174062905319683,-0.2565426528453827,290723,1
2013_05_28_drive_0006_sync_005650,53,C0C3,27.3665,20.441286517063475,-0.29176293313503265,311408,1
2013_05_28_drive_0006_sync_005655,53,C0C3,27.3665,19.264854938856487,-0.3510371893644333,322254,1
2013_05_28_drive_0006_sync_005660,53,C0C3,27.3665,20.44215799310817,-0.29172030091285706,319511,1
2013_05_28_drive_0006_sync_005665,53,C0C3,27.3665,20.628238569860105,-0.2826586961746216,313544,1
2013_05_28_drive_0006_sync_005670,53,C0C3,27.3665,22.731888635936237,-0.18555091321468353,317169,1
2013_05_28_drive_0006_sync_005675,53,C0C3,27.3665,24.46068379659809,-0.11225255206227303,321030,1
2013_05_28_drive_0006_sync_005680,53,C0C3,27.3665,24.64545962457437,-0.10472694784402847,329057,1
2013_05_28_drive_0006_sync_005685,53,C0C3,27.3665,24.842005078654843,-0.09678366407752037,330908,1
2013_05_28_drive_0006_sync_005690,53,C0C3,27.3665,24.878165884497076,-0.09532909095287323,331196,1
2013_05_28_drive_0006_sync_005695,54,C0C3,27.3665,26.813183754737665,-0.020425939932465553,330668,1
2013_05_28_drive_0006_sync_005700,54,C0C3,27.3665,26.63527222434933,-0.02708327677100897,321020,1
2013_05_28_drive_0006_sync_005705,54,C0C3,27.3665,24.889804377872064,-0.09486138075590134,301849,1
2013_05_28_drive_0006_sync_005710,54,C0C3,27.3665,24.678055878835465,-0.10340521484613419,301007,1
2013_05_28_drive_0006_sync_005715,54,C0C3,27.3665,26.323910609890216,-0.038841962814331055,294405,1
2013_05_28_drive_0006_sync_005720,54,C0C3,27.3665,28.148535249523732,0.028175681829452515,293092,1
2013_05_28_drive_0006_sync_005725,54,C0C3,27.3665,29.840462332356925,0.08654563128948212,290481,1
2013_05_28_drive_0006_sync_005730,54,C0C3,27.3665,30.36260712222855,0.10389218479394913,274099,1
2013_05_28_drive_0006_sync_005735,54,C0C3,27.3665,30.214094050658964,0.09898886829614639,255412,1
2013_05_28_drive_0006_sync_005740,54,C0C3,27.3665,29.228664884623814,0.06583026424050331,250082,1
2013_05_28_drive_0006_sync_005745,54,C0C3,27.3665,29.144661186140077,0.06295210868120193,255383,1
2013_05_28_drive_0006_sync_005750,54,C0C3,27.3665,30.305361905030672,0.1020050197839737,257036,1
2013_05_28_drive_0006_sync_005755,54,C0C3,27.3665,29.692762670527923,0.08158369734883308,265990,1
2013_05_28_drive_0006_sync_005760,54,C0C3,27.3665,29.855708419257,0.08705642074346542,253987,1
2013_05_28_drive_0006_sync_005765,54,C0C3,27.3665,29.811709407760198,0.08558161184191704,245168,1
2013_05_28_drive_0006_sync_005770,54,C0C3,27.3665,32.92055738764015,0.184777669608593,243592,1
2013_05_28_drive_0006_sync_005775,54,C0C3,27.3665,32.48809537991388,0.1715540885925293,234958,1
2013_05_28_drive_0006_sync_005780,54,C0C3,27.3665,34.013588573247965,0.21744047105312347,234211,1
2013_05_28_drive_0006_sync_005785,54,C0C3,27.3665,32.36421088825268,0.1677335724234581,242946,1
2013_05_28_drive_0006_sync_005790,54,C0C3,27.3665,32.49493367402484,0.1717645525932312,250130,1
2013_05_28_drive_0006_sync_005795,55,C0C3,27.3665,32.15876861108935,0.16136551648378372,256128,1
2013_05_28_drive_0006_sync_005800,55,C0C3,27.3665,31.40199441354182,0.13755176961421967,257471,1
2013_05_28_drive_0006_sync_005805,55,C0C3,27.3665,30.911566876005317,0.12181080877780914,274592,1
2013_05_28_drive_0006_sync_005810,55,C0C3,27.3665,31.683555234229676,0.14647814631462097,286543,1
2013_05_28_drive_0006_sync_005815,55,C0C3,27.3665,29.995605509741267,0.0917312502861023,293993,1
2013_05_28_drive_0006_sync_005820,55,C0C3,27.3665,29.83105175040967,0.08623021841049194,304817,1
2013_05_28_drive_0006_sync_005825,55,C0C3,27.3665,29.71411987622337,0.08230271190404892,299781,1
2013_05_28_drive_0006_sync_005830,55,C0C3,27.3665,27.90065780679923,0.019330628216266632,295093,1
2013_05_28_drive_0006_sync_005835,55,C0C3,27.3665,28.88958331615607,0.05416145361959934,294348,1
2013_05_28_drive_0006_sync_005840,55,C0C3,27.3665,28.857970225783575,0.05306658148765564,298964,1
2013_05_28_drive_0006_sync_005845,55,C0C3,27.3665,30.10772627707548,0.09546218812465668,299816,1
2013_05_28_drive_0006_sync_005850,55,C0C3,27.3665,31.264274051313265,0.1331564038991928,294694,1
2013_05_28_drive_0006_sync_005855,55,C0C3,27.3665,32.60391803422939,0.17511282861232758,295572,1
2013_05_28_drive_0006_sync_005860,55,C0C3,27.3665,32.5003834555713,0.17193225026130676,296135,1
2013_05_28_drive_0006_sync_005865,55,C0C3,27.3665,32.11420775706653,0.15997890383005142,292864,1
2013_05_28_drive_0006_sync_005870,55,C0C3,27.3665,30.663704056105583,0.11376003921031952,292624,1
2013_05_28_drive_0006_sync_005875,55,C0C3,27.3665,30.78617926553448,0.11774622648954391,267890,1
2013_05_28_drive_0006_sync_005880,55,C0C3,27.3665,31.545605715522115,0.14211466163396835,270446,1
2013_05_28_drive_0006_sync_005885,55,C0C3,27.3665,31.35887236439922,0.13617759943008423,271211,1
2013_05_28_drive_0006_sync_005890,55,C0C3,27.3665,31.51218269277385,0.14105458557605743,255804,1
2013_05_28_drive_0006_sync_005895,56,C0C3,27.3665,32.24056963424228,0.16390594840049744,268681,1
2013_05_28_drive_0006_sync_005900,56,C0C3,27.3665,32.673500283633345,0.17724472284317017,266046,1
2013_05_28_drive_0006_sync_005905,56,C0C3,27.3665,30.43502235816976,0.10627435892820358,280670,1
2013_05_28_drive_0006_sync_005910,56,C0C3,27.3665,29.81931969005933,0.08583685755729675,285346,1
2013_05_28_drive_0006_sync_005915,56,C0C3,27.3665,28.653475647214627,0.04595511220395565,294732,1
2013_05_28_drive_0006_sync_005920,56,C0C3,27.3665,28.03429327615079,0.0241088829934597,289020,1
2013_05_28_drive_0006_sync_005925,56,C0C3,27.3665,27.67769849808276,0.011307342909276485,283353,1
2013_05_28_drive_0006_sync_005930,56,C0C3,27.3665,29.2871298782445,0.06782852858304977,273481,1
2013_05_28_drive_0006_sync_005935,56,C0C3,27.3665,29.195887580359106,0.06470822542905807,260860,1
2013_05_28_drive_0006_sync_005940,56,C0C3,27.3665,28.888470901897815,0.05412294715642929,259060,1
2013_05_28_drive_0006_sync_005945,56,C0C3,27.3665,30.11889499978249,0.09583307802677155,266117,1
2013_05_28_drive_0006_sync_005950,56,C0C3,27.3665,32.35915425962639,0.1675773188471794,290798,1
2013_05_28_drive_0006_sync_005955,56,C0C3,27.3665,29.973016366695116,0.09097788482904434,296199,1
2013_05_28_drive_0006_sync_005960,56,C0C3,27.3665,27.944427363486366,0.020898163318634033,297668,1
2013_05_28_drive_0006_sync_005965,56,C0C3,27.3665,27.3320122694864,-0.0012610118137672544,294050,1
2013_05_28_drive_0006_sync_005970,56,C0C3,27.3665,27.09730857742337,-0.009885229170322418,296113,1
2013_05_28_drive_0006_sync_005975,56,C0C3,27.3665,26.740785363661825,-0.023129696026444435,306835,1
2013_05_28_drive_0006_sync_005980,56,C0C3,27.3665,28.224512475082605,0.030871199443936348,305101,1
2013_05_28_drive_0006_sync_005985,56,C0C3,27.3665,28.99833345628057,0.0579187236726284,308990,1
2013_05_28_drive_0006_sync_005990,56,C0C3,27.3665,27.86635176308532,0.01810029335319996,313833,1
2013_05_28_drive_0006_sync_005995,57,C0C3,27.3665,28.48062721000689,0.03990447148680687,308805,1
2013_05_28_drive_0006_sync_006000,57,C0C3,27.3665,28.491017325212542,0.040269218385219574,303118,1
2013_05_28_drive_0006_sync_006005,57,C0C3,27.3665,27.732242403246417,0.013276084326207638,297800,1
2013_05_28_drive_0006_sync_006010,57,C0C3,27.3665,27.946902685065524,0.020986739546060562,295733,1
2013_05_28_drive_0006_sync_006015,57,C0C3,27.3665,27.41863571652223,0.0019032802083529532,297426,1
2013_05_28_drive_0006_sync_006020,57,C0C3,27.3665,27.29713273682585,-0.002537968917749822,300052,1
2013_05_28_drive_0006_sync_006025,57,C0C3,27.3665,27.018206092183664,-0.012808699160814285,293039,1
2013_05_28_drive_0006_sync_006030,57,C0C3,27.3665,25.874391336278652,-0.05606590956449509,300245,1
2013_05_28_drive_0006_sync_006035,57,C0C3,27.3665,25.66208473362248,-0.06430503726005554,305792,1
2013_05_28_drive_0006_sync_006040,57,C0C3,27.3665,24.13226709857575,-0.12576980888843536,299145,1
2013_05_28_drive_0006_sync_006045,57,C0C3,27.3665,23.5106170009105,-0.15186753123998642,292182,1
2013_05_28_drive_0006_sync_006050,57,C0C3,27.3665,22.858054383961672,-0.18001609295606613,314650,1
2013_05_28_drive_0006_sync_006055,57,C0C3,27.3665,23.79537972259349,-0.13982820510864258,323166,1
2013_05_28_drive_0006_sync_006060,57,C0C3,27.3665,24.01856420339825,-0.13049259781837463,322441,1
2013_05_28_drive_0006_sync_006065,57,C0C3,27.3665,25.20168054164618,-0.08240895718336105,318503,1
2013_05_28_drive_0006_sync_006070,57,C0C3,27.3665,25.334165691963403,-0.07716573029756546,319857,1
2013_05_28_drive_0006_sync_006075,57,C0C3,27.3665,25.032044523357737,-0.08916285261511803,317570,1
2013_05_28_drive_0006_sync_006080,57,C0C3,27.3665,24.900947203805543,-0.09441379457712173,311303,1
2013_05_28_drive_0006_sync_006085,57,C0C3,27.3665,24.603061048630494,-0.10644876956939697,309441,1
2013_05_28_drive_0006_sync_006090,57,C0C3,27.3665,23.35965772751231,-0.15830913186073303,320117,1
2013_05_28_drive_0006_sync_006095,58,C0C3,27.3665,23.183056120402693,-0.16589796543121338,322145,1
2013_05_28_drive_0006_sync_006100,58,C0C3,27.3665,23.377264459137745,-0.1575556918978691,320208,1
2013_05_28_drive_0006_sync_006105,58,C0C3,27.3665,24.597410156815872,-0.10667847841978073,318343,1
2013_05_28_drive_0006_sync_006110,58,C0C3,27.3665,25.168194914414517,-0.0837385468184948,327156,1
2013_05_28_drive_0006_sync_006115,58,C0C3,27.3665,26.232644661301467,-0.04231502301990986,332112,1
2013_05_28_drive_0006_sync_006120,58,C0C3,27.3665,26.49693700793786,-0.0322904959321022,330598,1
2013_05_28_drive_0006_sync_006125,58,C0C3,27.3665,26.954034938840927,-0.015186632052063942,329601,1
2013_05_28_drive_0006_sync_006130,58,C0C3,27.3665,26.564980187389995,-0.029725823551416397,318074,1
2013_05_28_drive_0006_sync_006135,58,C0C3,27.3665,26.725947068863505,-0.02368474379181862,308515,1
2013_05_28_drive_0006_sync_006140,58,C0C3,27.3665,26.98591716837022,-0.014004494063556194,309837,1
2013_05_28_drive_0006_sync_006145,58,C0C3,27.3665,27.591430251994947,0.008185588754713535,306803,1
2013_05_28_drive_0006_sync_006150,58,C0C3,27.3665,28.262190952637653,0.03220526501536369,304862,1
2013_05_28_drive_0006_sync_006155,58,C0C3,27.3665,28.16135533252346,0.028631022199988365,310365,1
2013_05_28_drive_0006_sync_006160,58,C0C3,27.3665,27.64592006395847,0.010158522985875607,309837,1
2013_05_28_drive_0006_sync_006165,58,C0C3,27.3665,27.73421937472164,0.013347369618713856,314510,1
2013_05_28_drive_0006_sync_006170,58,C0C3,27.3665,27.65604625931966,0.010524737648665905,315068,1
2013_05_28_drive_0006_sync_006175,58,C0C3,27.3665,28.26975984211931,0.032473038882017136,313630,1
2013_05_28_drive_0006_sync_006180,58,C0C3,27.3665,28.225051345802004,0.030890291556715965,320805,1
2013_05_28_drive_0006_sync_006185,58,C0C3,27.3665,29.125368789489002,0.06228993646800518,313528,1
2013_05_28_drive_0006_sync_006190,58,C0C3,27.3665,31.605287878287452,0.14400480687618256,305025,1
2013_05_28_drive_0006_sync_006195,59,C0C3,27.3665,32.04265986166361,0.1577484980225563,305716,1
2013_05_28_drive_0006_sync_006200,59,C0C3,27.3665,32.28654080269467,0.16533081233501434,303497,1
2013_05_28_drive_0006_sync_006205,59,C0C3,27.3665,32.085544825011546,0.1590859740972519,303041,1
2013_05_28_drive_0006_sync_006210,59,C0C3,27.3665,30.64434501141071,0.11312850564718246,307533,1
2013_05_28_drive_0006_sync_006215,59,C0C3,27.3665,30.230151541738998,0.09952018409967422,309725,1
2013_05_28_drive_0006_sync_006220,59,C0C3,27.3665,28.68175784250748,0.046941667795181274,303809,1
2013_05_28_drive_0006_sync_006225,59,C0C3,27.3665,28.172157336185297,0.029014524072408676,299681,1
2013_05_28_drive_0006_sync_006230,59,C0C3,27.3665,28.22843166677358,0.031010047532618046,302142,1
2013_05_28_drive_0006_sync_006235,59,C0C3,27.3665,28.384972146172966,0.03654021769762039,302403,1
2013_05_28_drive_0006_sync_006240,59,C0C3,27.3665,27.864494555796124,0.018033644184470177,303960,1
2013_05_28_drive_0006_sync_006245,59,C0C3,27.3665,27.188540347123634,-0.006524063879624009,309172,1
2013_05_28_drive_0006_sync_006250,59,C0C3,27.3665,26.716266625717186,-0.024047020822763443,302573,1
2013_05_28_drive_0006_sync_006255,59,C0C3,27.3665,27.491190937880884,0.00454598618671298,302430,1
2013_05_28_drive_0006_sync_006260,59,C0C3,27.3665,28.48340712909943,0.04000207409262657,297865,1
2013_05_28_drive_0006_sync_006265,59,C0C3,27.3665,28.84614545420461,0.052656739950180054,294395,1
2013_05_28_drive_0006_sync_006270,59,C0C3,27.3665,29.851597633776127,0.08691872283816338,283446,1
2013_05_28_drive_0006_sync_006275,59,C0C3,27.3665,30.885223604484857,0.12095823138952255,282939,1
2013_05_28_drive_0006_sync_006280,59,C0C3,27.3665,31.446047780629474,0.13895367085933685,286021,1
2013_05_28_drive_0006_sync_006285,59,C0C3,27.3665,32.72610247932986,0.1788533627986908,297155,1
2013_05_28_drive_0006_sync_006290,59,C0C3,27.3665,33.23698135975058,0.19434351474046707,297134,1
2013_05_28_drive_0006_sync_006295,60,C0C3,27.3665,33.664227651476565,0.20711614191532135,295573,1
2013_05_28_drive_0006_sync_006300,60,C0C3,27.3665,34.30330893201552,0.22592218220233917,296681,1
2013_05_28_drive_0006_sync_006305,60,C0C3,27.3665,34.695921692435775,0.2373025119304657,294875,1
2013_05_28_drive_0006_sync_006310,60,C0C3,27.3665,34.929132387436105,0.2440015822649002,299511,1
2013_05_28_drive_0006_sync_006315,60,C0C3,27.3665,33.517107432177546,0.20273634046316147,292374,1
2013_05_28_drive_0006_sync_006320,60,C0C3,27.3665,30.339300692200087,0.10312428697943687,283380,1
2013_05_28_drive_0006_sync_006325,60,C0C3,27.3665,30.211312800652173,0.0988968126475811,287964,1
2013_05_28_drive_0006_sync_006330,60,C0C3,27.3665,29.001345033178886,0.058022571727633476,290710,1
2013_05_28_drive_0006_sync_006335,60,C0C3,27.3665,30.169178572091507,0.09750118851661682,284819,1
2013_05_28_drive_0006_sync_006340,60,C0C3,27.3665,29.87393979840361,0.08766688406467438,278931,1
2013_05_28_drive_0006_sync_006345,60,C0C3,27.3665,33.43916434844419,0.20040816068649292,272008,1
2013_05_28_drive_0006_sync_006350,60,C0C3,27.3665,34.82147218775697,0.24091457575559616,273154,1
2013_05_28_drive_0006_sync_006355,60,C0C3,27.3665,34.336985024895434,0.22690341621637344,275020,1
2013_05_28_drive_0006_sync_006360,60,C0C3,27.3665,33.90135154332923,0.21413524448871613,268615,1
2013_05_28_drive_0006_sync_006365,60,C0C3,27.3665,29.40587563073253,0.07187486812472343,280610,1
2013_05_28_drive_0006_sync_006370,60,C0C3,27.3665,27.370253827881534,0.00013715931709157303,280616,1
2013_05_28_drive_0006_sync_006375,60,C0C3,27.3665,25.85441098040317,-0.05683841370046139,290140,1
2013_05_28_drive_0006_sync_006380,60,C0C3,27.3665,23.350984338195342,-0.1586804986000061,307193,1
2013_05_28_drive_0006_sync_006385,60,C0C3,27.3665,22.86595913062089,-0.1796703338623047,328119,1
2013_05_28_drive_0006_sync_006390,60,C0C3,27.3665,22.70679131557109,-0.18665558099746704,323059,1
2013_05_28_drive_0006_sync_006395,61,C0C3,27.3665,24.327203452203253,-0.11772442981600761,318310,1
2013_05_28_drive_0006_sync_006400,61,C0C3,27.3665,24.860493390793145,-0.09603970497846603,308343,1
2013_05_28_drive_0006_sync_006405,61,C0C3,27.3665,24.949954979138145,-0.09244761988520622,300360,1
2013_05_28_drive_0006_sync_006410,61,C0C3,27.3665,26.626470539709768,-0.027413783594965935,290136,1
2013_05_28_drive_0006_sync_006415,61,C0C3,27.3665,27.54962592145659,0.006669319700449705,288003,1
2013_05_28_drive_0006_sync_006420,61,C0C3,27.3665,28.259786559155376,0.03212018683552742,296092,1
2013_05_28_drive_0006_sync_006425,61,C0C3,27.3665,29.07379140661346,0.06051749177277088,287936,1
2013_05_28_drive_0006_sync_006430,61,C0C3,27.3665,29.525537744269826,0.07593593746423721,267737,1
2013_05_28_drive_0006_sync_006435,61,C0C3,27.3665,28.863511960308873,0.05325859785079956,275965,1
2013_05_28_drive_0006_sync_006440,61,C0C3,27.3665,28.209060464497973,0.030323581770062447,289175,1
2013_05_28_drive_0006_sync_006445,61,C0C3,27.3665,27.514754523077848,0.005402751266956329,295299,1
2013_05_28_drive_0006_sync_006450,61,C0C3,27.3665,25.963011555580042,-0.05264674499630928,284070,1
2013_05_28_drive_0006_sync_006455,61,C0C3,27.3665,25.977417847893875,-0.05209202133119106,287218,1
2013_05_28_drive_0006_sync_006460,61,C0C3,27.3665,25.33797409504663,-0.07701541483402252,284273,1
2013_05_28_drive_0006_sync_006465,61,C0C3,27.3665,25.105245051263463,-0.08624284714460373,272591,1
2013_05_28_drive_0006_sync_006470,61,C0C3,27.3665,24.384062961175477,-0.1153898760676384,278937,1
2013_05_28_drive_0006_sync_006475,61,C0C3,27.3665,24.06844840880163,-0.12841784954071045,286275,1
2013_05_28_drive_0006_sync_006480,61,C0C3,27.3665,24.21601610966915,-0.12230540066957474,288019,1
2013_05_28_drive_0006_sync_006485,61,C0C3,27.3665,24.576189899396095,-0.10754155367612839,296367,1
2013_05_28_drive_0006_sync_006490,61,C0C3,27.3665,25.47038780630732,-0.07180312275886536,305072,1
2013_05_28_drive_0006_sync_006495,62,C0C3,27.3665,24.921999257164234,-0.09356871992349625,296303,1
2013_05_28_drive_0006_sync_006500,62,C0C3,27.3665,24.388088857581447,-0.11522478610277176,293597,1
2013_05_28_drive_0006_sync_006505,62,C0C3,27.3665,25.156479944138404,-0.08420412242412567,292284,1
2013_05_28_drive_0006_sync_006510,62,C0C3,27.3665,26.497237281755243,-0.03227916359901428,278699,1
2013_05_28_drive_0006_sync_006515,62,C0C3,27.3665,27.392918575411645,0.0009648962004575878,273308,1
2013_05_28_drive_0006_sync_006520,62,C0C3,27.3665,28.143374965568032,0.02799234166741371,276162,1
2013_05_28_drive_0006_sync_006525,62,C0C3,27.3665,29.17600526990688,0.06402699649333954,277041,1
2013_05_28_drive_0006_sync_006530,62,C0C3,27.3665,29.6027355009681,0.07854713499546051,280091,1
2013_05_28_drive_0006_sync_006535,62,C0C3,27.3665,29.75530941615616,0.08368794620037079,282492,1
2013_05_28_drive_0006_sync_006540,62,C0C3,27.3665,29.235022188582565,0.06604774296283722,281573,1
2013_05_28_drive_0006_sync_006545,62,C0C3,27.3665,30.10720877518794,0.09544499963521957,279387,1
2013_05_28_drive_0006_sync_006550,62,C0C3,27.3665,29.810201621311396,0.08553103357553482,279216,1
2013_05_28_drive_0006_sync_006555,62,C0C3,27.3665,28.601226395748693,0.04412996023893356,277072,1
2013_05_28_drive_0006_sync_006560,62,C0C3,27.3665,28.628793271324433,0.04509333148598671,274236,1
2013_05_28_drive_0006_sync_006565,62,C0C3,27.3665,27.811425306888406,0.01612728089094162,279973,1
2013_05_28_drive_0006_sync_006570,62,C0C3,27.3665,29.46266726216615,0.07380430772900581,288752,1
2013_05_28_drive_0006_sync_006575,62,C0C3,27.3665,28.960862198581676,0.05662570148706436,299771,1
2013_05_28_drive_0006_sync_006580,62,C0C3,27.3665,28.686595146796595,0.04711030796170235,312073,1
2013_05_28_drive_0006_sync_006585,62,C0C3,27.3665,28.593049216687056,0.04384401626884937,317066,1
2013_05_28_drive_0006_sync_006590,62,C0C3,27.3665,28.089610915224057,0.02608015201985836,315258,1
2013_05_28_drive_0006_sync_006595,63,C0C3,27.3665,28.16291133666192,0.028686273843050003,306803,1
2013_05_28_drive_0006_sync_006600,63,C0C3,27.3665,28.87219268027209,0.053559303283691406,304199,1
2013_05_28_drive_0006_sync_006605,63,C0C3,27.3665,29.157469345265383,0.06339148059487343,299180,1
2013_05_28_drive_0006_sync_006610,63,C0C3,27.3665,28.737705262304907,0.04889039508998394,299844,1
2013_05_28_drive_0006_sync_006615,63,C0C3,27.3665,28.780078037686685,0.050363775342702866,299695,1
2013_05_28_drive_0006_sync_006620,63,C0C3,27.3665,28.822560909916973,0.05183880776166916,297376,1
2013_05_28_drive_0006_sync_006625,63,C0C3,27.3665,28.598737119617585,0.0440429225564003,297460,1
2013_05_28_drive_0006_sync_006630,63,C0C3,27.3665,28.23694702617807,0.03131166100502014,299693,1
2013_05_28_drive_0006_sync_006635,63,C0C3,27.3665,27.540230034572982,0.00632820837199688,295763,1
2013_05_28_drive_0006_sync_006640,63,C0C3,27.3665,26.48331228401681,-0.03280482813715935,289177,1
2013_05_28_drive_0006_sync_006645,63,C0C3,27.3665,26.40362281195734,-0.03581840917468071,279070,1
2013_05_28_drive_0006_sync_006650,63,C0C3,27.3665,26.791977716995223,-0.021217133849859238,297381,1
2013_05_28_drive_0006_sync_006655,63,C0C3,27.3665,26.953628425524133,-0.015201713889837265,298655,1
2013_05_28_drive_0006_sync_006660,63,C0C3,27.3665,26.575652045745073,-0.029324177652597427,300941,1
2013_05_28_drive_0006_sync_006665,63,C0C3,27.3665,25.561503343830765,-0.06823219358921051,302829,1
2013_05_28_drive_0006_sync_006670,63,C0C3,27.3665,23.70917768957985,-0.14345742017030716,301242,1
2013_05_28_drive_0006_sync_006675,63,C0C3,27.3665,23.271275744461462,-0.16209983825683594,296772,1
2013_05_28_drive_0006_sync_006680,63,C0C3,27.3665,22.57364196368338,-0.19253669679164886,300157,1
2013_05_28_drive_0006_sync_006685,63,C0C3,27.3665,22.919532142031564,-0.1773301586508751,306864,1
2013_05_28_drive_0006_sync_006690,63,C0C3,27.3665,22.57020247056149,-0.19268907606601715,310621,1
2013_05_28_drive_0006_sync_006695,64,C0C3,27.3665,23.117167781897095,-0.16874410212039948,313534,1
2013_05_28_drive_0006_sync_006700,64,C0C3,27.3665,24.560416917606823,-0.10818355903029442,302158,1
2013_05_28_drive_0006_sync_006705,64,C0C3,27.3665,25.833723343211915,-0.05763889290392399,299850,1
2013_05_28_drive_0006_sync_006710,64,C0C3,27.3665,26.96563560244582,-0.014756337739527225,295192,1
2013_05_28_drive_0006_sync_006715,64,C0C3,27.3665,27.681328015584835,0.011438469402492046,295691,1
2013_05_28_drive_0006_sync_006720,64,C0C3,27.3665,28.060985844553322,0.025060569867491722,292780,1
2013_05_28_drive_0006_sync_006725,64,C0C3,27.3665,27.616458265492987,0.009092271327972412,285693,1
2013_05_28_drive_0006_sync_006730,64,C0C3,27.3665,27.757286224489512,0.014178734738379717,287654,1
2013_05_28_drive_0006_sync_006735,64,C0C3,27.3665,28.435423313126776,0.0383160300552845,282145,1
2013_05_28_drive_0006_sync_006740,64,C0C3,27.3665,28.588000683998484,0.04366743564605713,280629,1
2013_05_28_drive_0006_sync_006745,64,C0C3,27.3665,29.78759275289361,0.08477231860160828,284373,1
2013_05_28_drive_0006_sync_006750,64,C0C3,27.3665,30.732990559753084,0.11601705104112625,285607,1
2013_05_28_drive_0006_sync_006755,64,C0C3,27.3665,32.041100234590246,0.1576998233795166,286831,1
2013_05_28_drive_0006_sync_006760,64,C0C3,27.3665,31.199180580402718,0.13107219338417053,287309,1
2013_05_28_drive_0006_sync_006765,64,C0C3,27.3665,30.48210627228468,0.10782019421458244,292160,1
2013_05_28_drive_0006_sync_006770,64,C0C3,27.3665,29.412465416660172,0.07209894061088562,295593,1
2013_05_28_drive_0006_sync_006775,64,C0C3,27.3665,28.330740277971795,0.03462780639529228,298389,1
2013_05_28_drive_0006_sync_006780,64,C0C3,27.3665,27.994472272788755,0.02268743421882391,304008,1
2013_05_28_drive_0006_sync_006785,64,C0C3,27.3665,26.993526694010168,-0.013722552452236414,316716,1
2013_05_28_drive_0006_sync_006790,64,C0C3,27.3665,25.578446453122492,-0.06756957620382309,313346,1
2013_05_28_drive_0006_sync_006795,65,C0C3,27.3665,24.469892430167032,-0.11187615618109703,321530,1
2013_05_28_drive_0006_sync_006800,65,C0C3,27.3665,24.611137326155642,-0.10612056031823158,314924,1
2013_05_28_drive_0006_sync_006805,65,C0C3,27.3665,25.28721294079751,-0.07902078703045845,309232,1
2013_05_28_drive_0006_sync_006810,65,C0C3,27.3665,26.805526520201493,-0.020711557939648628,316695,1
2013_05_28_drive_0006_sync_006815,65,C0C3,27.3665,26.828814314760443,-0.019843166694045067,311083,1
2013_05_28_drive_0006_sync_006820,65,C0C3,27.3665,26.939697189960505,-0.015718706883490086,312194,1
2013_05_28_drive_0006_sync_006825,65,C0C3,27.3665,26.988391686211227,-0.013912801630795002,301763,1
2013_05_28_drive_0006_sync_006830,65,C0C3,27.3665,27.26755812494681,-0.0036219891626387835,300833,1
2013_05_28_drive_0006_sync_006835,65,C0C3,27.3665,27.623319059458293,0.009340671822428703,299676,1
2013_05_28_drive_0006_sync_006840,65,C0C3,27.3665,27.493129364363206,0.004616494523361325,293300,1
2013_05_28_drive_0006_sync_006845,65,C0C3,27.3665,28.632609322900134,0.04522661678493023,282836,1
2013_05_28_drive_0006_sync_006850,65,C0C3,27.3665,28.625491027020068,0.044977977871894836,275883,1
2013_05_28_drive_0006_sync_006855,65,C0C3,27.3665,29.1857151034271,0.06435974314808846,250908,1
2013_05_28_drive_0006_sync_006860,65,C0C3,27.3665,28.49157550679585,0.040288809686899185,258431,1
2013_05_28_drive_0006_sync_006865,65,C0C3,27.3665,27.53730523488672,0.006222001742571592,274647,1
2013_05_28_drive_0006_sync_006870,65,C0C3,27.3665,27.21743967197822,-0.005461705382913351,289393,1
2013_05_28_drive_0006_sync_006875,65,C0C3,27.3665,26.805632320351066,-0.020707610994577408,314750,1
2013_05_28_drive_0006_sync_006880,65,C0C3,27.3665,26.904179923736187,-0.01703797560185194,317474,1
2013_05_28_drive_0006_sync_006885,65,C0C3,27.3665,26.795937738133297,-0.02106933854520321,323545,1
2013_05_28_drive_0006_sync_006890,65,C0C3,27.3665,27.275327821333942,-0.0033370868768543005,320809,1
2013_05_28_drive_0006_sync_006895,66,C0C3,27.3665,27.31588469868475,-0.001851247565355152,316154,1
2013_05_28_drive_0006_sync_006900,66,C0C3,27.3665,27.618911390463083,0.009181095752865076,315226,1
2013_05_28_drive_0006_sync_006905,66,C0C3,27.3665,29.578645864839054,0.07773303985595703,312865,1
2013_05_28_drive_0006_sync_006910,66,C0C3,27.3665,30.223051705878188,0.0992852970957756,309595,1
2013_05_28_drive_0006_sync_006915,66,C0C3,27.3665,30.28004465925314,0.10116926580667496,310345,1
2013_05_28_drive_0006_sync_006920,66,C0C3,27.3665,30.509100289458175,0.10870537161827087,311524,1
2013_05_28_drive_0006_sync_006925,66,C0C3,27.3665,31.47783350215622,0.13996396213769913,307646,1
2013_05_28_drive_0006_sync_006930,66,C0C3,27.3665,31.48730400000088,0.14026477932929993,306778,1
2013_05_28_drive_0006_sync_006935,66,C0C3,27.3665,32.643118443689865,0.17631442844867706,302606,1
2013_05_28_drive_0006_sync_006940,66,C0C3,27.3665,36.09423777310084,0.2768135964870453,300573,1
2013_05_28_drive_0006_sync_006945,66,C0C3,27.3665,37.483869275684235,0.31459105014801025,303352,1
2013_05_28_drive_0006_sync_006950,66,C0C3,27.3665,39.44543643700357,0.36559872329235077,301974,1
2013_05_28_drive_0006_sync_006955,66,C0C3,27.3665,38.058081314899155,0.3297938108444214,303607,1
2013_05_28_drive_0006_sync_006960,66,C0C3,27.3665,36.864209978536415,0.2979215234518051,295596,1
2013_05_28_drive_0006_sync_006965,66,C0C3,27.3665,34.82001442387196,0.24087271094322205,290999,1
2013_05_28_drive_0006_sync_006970,66,C0C3,27.3665,34.59449698494705,0.2343749850988388,287627,1
2013_05_28_drive_0006_sync_006975,66,C0C3,27.3665,35.197094399936915,0.2516438961029053,290291,1
2013_05_28_drive_0006_sync_006980,66,C0C3,27.3665,34.49506626467329,0.2314966693520546,297958,1
2013_05_28_drive_0006_sync_006985,66,C0C3,27.3665,33.20400385926831,0.19335082918405533,298552,1
2013_05_28_drive_0006_sync_006990,66,C0C3,27.3665,31.456599688455558,0.13928917050361633,306554,1
2013_05_28_drive_0006_sync_006995,67,C0C3,27.3665,30.48515957027251,0.10792035609483719,311759,1
2013_05_28_drive_0006_sync_007000,67,C0C3,27.3665,29.461768914911172,0.0737738162279129,319068,1
2013_05_28_drive_0006_sync_007005,67,C0C3,27.3665,28.7096627636659,0.047914110124111176,317334,1
2013_05_28_drive_0006_sync_007010,67,C0C3,27.3665,28.951096509596,0.05628844164311886,318518,1
2013_05_28_drive_0006_sync_007015,67,C0C3,27.3665,28.229069122161352,0.031032629311084747,307443,1
2013_05_28_drive_0006_sync_007020,67,C0C3,27.3665,29.50479728242074,0.07523323222994804,282196,1
2013_05_28_drive_0006_sync_007025,67,C0C3,27.3665,30.52552562065327,0.10924360156059265,275375,1
2013_05_28_drive_0006_sync_007030,67,C0C3,27.3665,33.781975963598484,0.21060776710510254,261684,1
2013_05_28_drive_0006_sync_007035,67,C0C3,27.3665,36.2263788216736,0.2804679125547409,257460,1
2013_05_28_drive_0006_sync_007040,67,C0C3,27.3665,38.31991294706241,0.3366500437259674,264859,1
2013_05_28_drive_0006_sync_007045,67,C0C3,27.3665,37.20190284733469,0.307040274143219,270325,1
2013_05_28_drive_0006_sync_007050,67,C0C3,27.3665,35.00294863523579,0.2461126670241356,276758,1
2013_05_28_drive_0006_sync_007055,67,C0C3,27.3665,32.744179548254785,0.1794055849313736,288286,1
2013_05_28_drive_0006_sync_007060,67,C0C3,27.3665,30.846152855701117,0.11969240009784698,299788,1
2013_05_28_drive_0006_sync_007065,67,C0C3,27.3665,29.175095556411584,0.06399581581354141,308202,1
2013_05_28_drive_0006_sync_007070,67,C0C3,27.3665,27.81690207720909,0.016324186697602272,313461,1
2013_05_28_drive_0006_sync_007075,67,C0C3,27.3665,27.503008071046402,0.00497574545443058,310818,1
2013_05_28_drive_0006_sync_007080,67,C0C3,27.3665,27.3998437435696,0.0012176729505881667,318305,1
2013_05_28_drive_0006_sync_007085,67,C0C3,27.3665,27.51934215929564,0.005569471046328545,317387,1
2013_05_28_drive_0006_sync_007090,67,C0C3,27.3665,27.447145377314232,0.002942531369626522,314254,1
2013_05_28_drive_0006_sync_007095,68,C0C3,27.3665,27.60391512273679,0.008637977298349142,311076,1
2013_05_28_drive_0006_sync_007100,68,C0C3,27.3665,27.387693161197078,0.0007741201552562416,306550,1
2013_05_28_drive_0006_sync_007105,68,C0C3,27.3665,27.58461983122984,0.007938727270811796,299324,1
2013_05_28_drive_0006_sync_007110,68,C0C3,27.3665,28.594696183035,0.04390161484479904,300149,1
2013_05_28_drive_0006_sync_007115,68,C0C3,27.3665,29.22090707724082,0.06556481122970581,301784,1
2013_05_28_drive_0006_sync_007120,68,C0C3,27.3665,29.01473884016511,0.05848429910838604,310846,1
2013_05_28_drive_0006_sync_007125,68,C0C3,27.3665,28.552307985802692,0.042418135330080986,306768,1
2013_05_28_drive_0006_sync_007130,68,C0C3,27.3665,29.102198245289742,0.06149407476186752,299045,1
2013_05_28_drive_0006_sync_007135,68,C0C3,27.3665,29.43707942820352,0.07293544709682465,288425,1
2013_05_28_drive_0006_sync_007140,68,C0C3,27.3665,31.2923611583882,0.13405437767505646,278616,1
2013_05_28_drive_0006_sync_007145,68,C0C3,27.3665,31.452144631566483,0.1391475349664688,278353,1
2013_05_28_drive_0006_sync_007150,68,C0C3,27.3665,32.02664131086048,0.15724845975637436,277552,1
2013_05_28_drive_0006_sync_007155,68,C0C3,27.3665,32.556091718259985,0.17364486306905746,278164,1
2013_05_28_drive_0006_sync_007160,68,C0C3,27.3665,33.105126462786714,0.19036851078271866,290818,1
2013_05_28_drive_0006_sync_007165,68,C0C3,27.3665,33.20133636968264,0.1932704895734787,306210,1
2013_05_28_drive_0006_sync_007170,68,C0C3,27.3665,33.858428722378136,0.212868332862854,317079,1
2013_05_28_drive_0006_sync_007175,68,C0C3,27.3665,31.607641330486487,0.1440792679786682,323166,1
2013_05_28_drive_0006_sync_007180,68,C0C3,27.3665,30.512608574264846,0.1088203564286232,323002,1
2013_05_28_drive_0006_sync_007185,68,C0C3,27.3665,30.177892783589577,0.09778999164700508,321726,1
2013_05_28_drive_0006_sync_007190,68,C0C3,27.3665,30.95906716519136,0.12334628030657768,322226,1
2013_05_28_drive_0006_sync_007195,69,C0C3,27.3665,30.866761648114956,0.12036029249429703,324565,1
2013_05_28_drive_0006_sync_007200,69,C0C3,27.3665,30.871434294844157,0.12051166221499443,319246,1
2013_05_28_drive_0006_sync_007205,69,C0C3,27.3665,30.946784835484824,0.12294947355985641,311694,1
2013_05_28_drive_0006_sync_007210,69,C0C3,27.3665,31.552728726949073,0.14234043657779694,309837,1
2013_05_28_drive_0006_sync_007215,69,C0C3,27.3665,30.273303687966596,0.10094662010669708,309834,1
2013_05_28_drive_0006_sync_007220,69,C0C3,27.3665,30.09151365072957,0.09492355585098267,315893,1
2013_05_28_drive_0006_sync_007225,69,C0C3,27.3665,29.41152795091941,0.07206706702709198,309027,1
2013_05_28_drive_0006_sync_007230,69,C0C3,27.3665,29.5405597627839,0.0764445886015892,310239,1
2013_05_28_drive_0006_sync_007235,69,C0C3,27.3665,28.73390410528068,0.048758115619421005,306598,1
2013_05_28_drive_0006_sync_007240,69,C0C3,27.3665,28.85768985588808,0.05305686593055725,300641,1
2013_05_28_drive_0006_sync_007245,69,C0C3,27.3665,30.119641037642133,0.09585784748196602,297738,1
2013_05_28_drive_0006_sync_007250,69,C0C3,27.3665,30.028872429376925,0.09283969551324844,307358,1
2013_05_28_drive_0006_sync_007255,69,C0C3,27.3665,29.541768105320998,0.07648549228906631,314517,1
2013_05_28_drive_0006_sync_007260,69,C0C3,27.3665,29.270238287581822,0.06725160405039787,320404,1
2013_05_28_drive_0006_sync_007265,69,C0C3,27.3665,30.027134077903597,0.09278180450201035,318469,1
2013_05_28_drive_0006_sync_007270,69,C0C3,27.3665,28.99113001647285,0.05767028406262398,310545,1
2013_05_28_drive_0006_sync_007275,69,C0C3,27.3665,29.654125194962457,0.08028160780668259,305707,1
2013_05_28_drive_0006_sync_007280,69,C0C3,27.3665,30.501988572584803,0.10847224295139313,299431,1
2013_05_28_drive_0006_sync_007285,69,C0C3,27.3665,29.773817778909883,0.08430977165699005,294293,1
2013_05_28_drive_0006_sync_007290,69,C0C3,27.3665,29.2598295318805,0.06689593195915222,295959,1
2013_05_28_drive_0006_sync_007295,70,C0C3,27.3665,29.7537638034246,0.08363600075244904,300689,1
2013_05_28_drive_0006_sync_007300,70,C0C3,27.3665,29.740267933443807,0.08318231254816055,308130,1
2013_05_28_drive_0006_sync_007305,70,C0C3,27.3665,29.78325069190753,0.08462654054164886,317377,1
2013_05_28_drive_0006_sync_007310,70,C0C3,27.3665,28.923752263228295,0.055343497544527054,321568,1
2013_05_28_drive_0006_sync_007315,70,C0C3,27.3665,28.955768732608306,0.05644981190562248,319545,1
2013_05_28_drive_0006_sync_007320,70,C0C3,27.3665,29.706208652979743,0.08203643187880516,316058,1
2013_05_28_drive_0006_sync_007325,70,C0C3,27.3665,30.955326613571064,0.12322545051574707,307451,1
2013_05_28_drive_0006_sync_007330,70,C0C3,27.3665,33.731278807335904,0.20910592377185822,300149,1
2013_05_28_drive_0006_sync_007335,70,C0C3,27.3665,33.408675900173925,0.19949598610401154,303228,1
2013_05_28_drive_0006_sync_007340,70,C0C3,27.3665,33.382771508315045,0.1987203061580658,310097,1
2013_05_28_drive_0006_sync_007345,70,C0C3,27.3665,33.30605474083408,0.19641956686973572,317464,1
2013_05_28_drive_0006_sync_007350,70,C0C3,27.3665,31.3515947994552,0.13594549894332886,322467,1
2013_05_28_drive_0006_sync_007355,70,C0C3,27.3665,28.993915912002105,0.057766374200582504,332801,1
2013_05_28_drive_0006_sync_007360,70,C0C3,27.3665,27.839395166378775,0.0171324722468853,333550,1
2013_05_28_drive_0006_sync_007365,70,C0C3,27.3665,27.594500129263945,0.0082968445494771,330225,1
2013_05_28_drive_0006_sync_007370,70,C0C3,27.3665,27.62307999958758,0.009332017507404089,326034,1
2013_05_28_drive_0006_sync_007375,70,C0C3,27.3665,27.385618226833756,0.0006983557250350714,323418,1
2013_05_28_drive_0006_sync_007380,70,C0C3,27.3665,27.447801779536405,0.002966446219943464,325174,1
2013_05_28_drive_0006_sync_007385,70,C0C3,27.3665,26.48624530289781,-0.03269408456981182,325606,1
2013_05_28_drive_0006_sync_007390,70,C0C3,27.3665,27.302130320415777,-0.0023549047764390707,325363,1
2013_05_28_drive_0006_sync_007395,71,C0C3,27.3665,27.141163061288427,-0.008268130011856556,322635,1
2013_05_28_drive_0006_sync_007400,71,C0C3,27.3665,27.34309011898574,-0.0008557871624361724,313316,1
2013_05_28_drive_0006_sync_007405,71,C0C3,27.3665,27.810737581200577,0.01610255241394043,310976,1
2013_05_28_drive_0006_sync_007410,71,C0C3,27.3665,27.871000410438022,0.01826709881424904,305765,1
2013_05_28_drive_0006_sync_007415,71,C0C3,27.3665,28.532165134998703,0.04171241447329521,310441,1
2013_05_28_drive_0006_sync_007420,71,C0C3,27.3665,29.360290917838917,0.07032347470521927,308719,1
2013_05_28_drive_0006_sync_007425,71,C0C3,27.3665,30.135133380265167,0.0963720753788948,308541,1
2013_05_28_drive_0006_sync_007430,71,C0C3,27.3665,30.0718741549843,0.09427068382501602,310931,1
2013_05_28_drive_0006_sync_007435,71,C0C3,27.3665,31.32036055431521,0.1349487453699112,315091,1
2013_05_28_drive_0006_sync_007440,71,C0C3,27.3665,29.89078013536502,0.0882304385304451,321439,1
2013_05_28_drive_0006_sync_007445,71,C0C3,27.3665,27.902181424302768,0.019385235384106636,323808,1
2013_05_28_drive_0006_sync_007450,71,C0C3,27.3665,27.34268212198004,-0.0008707086672075093,327438,1
2013_05_28_drive_0006_sync_007455,71,C0C3,27.3665,26.089585182023978,-0.04778343811631203,322005,1
2013_05_28_drive_0006_sync_007460,71,C0C3,27.3665,26.59675388816698,-0.028530463576316833,310476,1
2013_05_28_drive_0006_sync_007465,71,C0C3,27.3665,25.432926481071444,-0.07327498495578766,309415,1
2013_05_28_drive_0006_sync_007470,71,C0C3,27.3665,24.952778368317798,-0.09233446419239044,308419,1
2013_05_28_drive_0006_sync_007475,71,C0C3,27.3665,25.398947102292233,-0.07461191713809967,312300,1
2013_05_28_drive_0006_sync_007480,71,C0C3,27.3665,25.169393087052615,-0.08369094133377075,314265,1
2013_05_28_drive_0006_sync_007485,71,C0C3,27.3665,23.637883968409387,-0.14646895974874496,326834,1
2013_05_28_drive_0006_sync_007490,71,C0C3,27.3665,23.64339457455598,-0.1462358608841896,331450,1
2013_05_28_drive_0006_sync_007495,72,C0C3,27.3665,24.524133074301464,-0.10966198146343231,332599,1
2013_05_28_drive_0006_sync_007500,72,C0C3,27.3665,25.488729145801766,-0.07108327746391296,332235,1
2013_05_28_drive_0006_sync_007505,72,C0C3,27.3665,26.28450704110861,-0.04033995792269707,332643,1
2013_05_28_drive_0006_sync_007510,72,C0C3,27.3665,26.423900714948765,-0.035050706937909126,328528,1
2013_05_28_drive_0006_sync_007515,72,C0C3,27.3665,27.298816195708607,-0.0024762991815805435,316445,1
2013_05_28_drive_0006_sync_007520,72,C0C3,27.3665,28.601784179293414,0.04414946213364601,298441,1
2013_05_28_drive_0006_sync_007525,72,C0C3,27.3665,30.45097968686109,0.10679852962493896,282454,1
2013_05_28_drive_0006_sync_007530,72,C0C3,27.3665,32.93860443767027,0.1853257194161415,270142,1
2013_05_28_drive_0006_sync_007535,72,C0C3,27.3665,34.77704418137421,0.23963788151741028,286055,1
2013_05_28_drive_0006_sync_007540,72,C0C3,27.3665,33.81287083454659,0.21152188628911972,301148,1
2013_05_28_drive_0006_sync_007545,72,C0C3,27.3665,34.89904260615951,0.24313975870609283,299025,1
2013_05_28_drive_0006_sync_007550,72,C0C3,27.3665,34.84155864920175,0.24149125069379807,308166,1
2013_05_28_drive_0006_sync_007555,72,C0C3,27.3665,34.53335834716988,0.23260612785816193,316521,1
2013_05_28_drive_0006_sync_007560,72,C0C3,27.3665,34.447288647894794,0.23011065274477005,322584,1
2013_05_28_drive_0006_sync_007565,72,C0C3,27.3665,34.665558866686496,0.23642701655626297,325148,1
2013_05_28_drive_0006_sync_007570,72,C0C3,27.3665,33.30320064820998,0.1963338702917099,327144,1
2013_05_28_drive_0006_sync_007575,72,C0C3,27.3665,32.72226191873411,0.17873600125312805,321051,1
2013_05_28_drive_0006_sync_007580,72,C0C3,27.3665,33.11021455307404,0.1905221939086914,304208,1
2013_05_28_drive_0006_sync_007585,72,C0C3,27.3665,33.630172010442124,0.20610400289297104,298900,1
2013_05_28_drive_0006_sync_007590,72,C0C3,27.3665,34.398021262997005,0.22867940366268158,305747,1
2013_05_28_drive_0006_sync_007595,73,C0C3,27.3665,34.686508226272295,0.23703116178512573,310859,1
2013_05_28_drive_0006_sync_007600,73,C0C3,27.3665,35.04580293945515,0.2473362237215042,314155,1
2013_05_28_drive_0006_sync_007605,73,C0C3,27.3665,34.4191184667863,0.22929254174232483,314889,1
2013_05_28_drive_0006_sync_007610,73,C0C3,27.3665,34.622062369864295,0.23517148196697235,312467,1
2013_05_28_drive_0006_sync_007615,73,C0C3,27.3665,34.02861798310257,0.21788223832845688,306300,1
2013_05_28_drive_0006_sync_007620,73,C0C3,27.3665,32.834689829918375,0.1821659356355667,303822,1
2013_05_28_drive_0006_sync_007625,73,C0C3,27.3665,33.16111970924446,0.19205845892429352,300265,1
2013_05_28_drive_0006_sync_007630,73,C0C3,27.3665,33.70399976700522,0.20829688012599945,295730,1
2013_05_28_drive_0006_sync_007635,73,C0C3,27.3665,33.90717538496245,0.2143070176243782,304474,1
2013_05_28_drive_0006_sync_007640,73,C0C3,27.3665,35.879593282399824,0.2708490639925003,303482,1
2013_05_28_drive_0006_sync_007645,73,C0C3,27.3665,35.80701779700124,0.2688242644071579,296942,1
2013_05_28_drive_0006_sync_007650,73,C0C3,27.3665,34.918290553828555,0.24369113892316818,285644,1
2013_05_28_drive_0006_sync_007655,73,C0C3,27.3665,34.14694500256817,0.22135348618030548,273984,1
2013_05_28_drive_0006_sync_007660,73,C0C3,27.3665,31.557202968638236,0.142482228577137,260534,1
2013_05_28_drive_0006_sync_007665,73,C0C3,27.3665,28.45765700566078,0.0390976257622242,259177,1
2013_05_28_drive_0006_sync_007670,73,C0C3,27.3665,26.27016252979897,-0.04088584706187248,273851,1
2013_05_28_drive_0006_sync_007675,73,C0C3,27.3665,25.18325905826451,-0.08314018696546555,277205,1
2013_05_28_drive_0006_sync_007680,73,C0C3,27.3665,24.499145829377667,-0.11068138480186462,292694,1
2013_05_28_drive_0006_sync_007685,73,C0C3,27.3665,25.65473290733275,-0.06459156423807144,296723,1
2013_05_28_drive_0006_sync_007690,73,C0C3,27.3665,25.317141440475083,-0.07783794403076172,297280,1
2013_05_28_drive_0006_sync_007695,74,C0C3,27.3665,26.053918176960266,-0.04915147088468075,299214,1
2013_05_28_drive_0006_sync_007700,74,C0C3,27.3665,26.613310557545365,-0.027908150106668472,297661,1
2013_05_28_drive_0006_sync_007705,74,C0C3,27.3665,26.694563260056064,-0.024859716184437275,291732,1
2013_05_28_drive_0006_sync_007710,74,C0C3,27.3665,27.467152463214568,0.003671197220683098,291823,1
2013_05_28_drive_0006_sync_007715,74,C0C3,27.3665,28.334683377102117,0.03476697765290737,292510,1
2013_05_28_drive_0006_sync_007720,74,C0C3,27.3665,29.98237645884488,0.09129012003540993,291794,1
2013_05_28_drive_0006_sync_007725,74,C0C3,27.3665,30.22223915735976,0.0992584116756916,297418,1
2013_05_28_drive_0006_sync_007730,74,C0C3,27.3665,31.138093495947697,0.12911230325698853,300712,1
2013_05_28_drive_0006_sync_007735,74,C0C3,27.3665,29.44002651367843,0.07303555682301521,306948,1
2013_05_28_drive_0006_sync_007740,74,C0C3,27.3665,28.59867596652775,0.04404078423976898,314233,1
2013_05_28_drive_0006_sync_007745,74,C0C3,27.3665,27.53079644345253,0.005985611118376255,317677,1
2013_05_28_drive_0006_sync_007750,74,C0C3,27.3665,26.849653190851434,-0.019066733308136463,320754,1
2013_05_28_drive_0006_sync_007755,74,C0C3,27.3665,26.305936186302656,-0.03952501341700554,324810,1
2013_05_28_drive_0006_sync_007760,74,C0C3,27.3665,25.60355702179796,-0.06658834964036942,316695,1
2013_05_28_drive_0006_sync_007765,74,C0C3,27.3665,26.601270763072424,-0.028360649943351746,317707,1
2013_05_28_drive_0006_sync_007770,74,C0C3,27.3665,26.2428647445826,-0.04192550480365753,317634,1
2013_05_28_drive_0006_sync_007775,74,C0C3,27.3665,25.969354631517483,-0.05240246281027794,308621,1
2013_05_28_drive_0006_sync_007780,74,C0C3,27.3665,25.518337265783195,-0.06992233544588089,307317,1
2013_05_28_drive_0006_sync_007785,74,C0C3,27.3665,26.799192678165994,-0.020947874523699284,301748,1
2013_05_28_drive_0006_sync_007790,74,C0C3,27.3665,27.386486592882353,0.0007300640572793782,296467,1
2013_05_28_drive_0006_sync_007795,75,C0C3,27.3665,27.642461186196385,0.010033401660621166,286711,1
2013_05_28_drive_0006_sync_007800,75,C0C3,27.3665,27.595699314132347,0.008340300992131233,288403,1
2013_05_28_drive_0006_sync_007805,75,C0C3,27.3665,26.922320907861092,-0.01636392157524824,288918,1
2013_05_28_drive_0006_sync_007810,75,C0C3,27.3665,25.769220287432685,-0.060138870030641556,287329,1
2013_05_28_drive_0006_sync_007815,75,C0C3,27.3665,24.67443279256084,-0.10355203971266747,271932,1
2013_05_28_drive_0006_sync_007820,75,C0C3,27.3665,23.842184353281553,-0.1378631740808487,267071,1
2013_05_28_drive_0006_sync_007825,75,C0C3,27.3665,23.665422342681882,-0.1453046277165413,271254,1
2013_05_28_drive_0006_sync_007830,75,C0C3,27.3665,23.25220866246444,-0.1629195138812065,283480,1
2013_05_28_drive_0006_sync_007835,75,C0C3,27.3665,24.186500428430044,-0.1235249936580658,287251,1
2013_05_28_drive_0006_sync_007840,75,C0C3,27.3665,25.220159939745443,-0.08167596533894539,283658,1
2013_05_28_drive_0006_sync_007845,75,C0C3,27.3665,26.189915625825176,-0.043945200741291046,293067,1
2013_05_28_drive_0006_sync_007850,75,C0C3,27.3665,26.74781751833212,-0.022866755723953247,298947,1
2013_05_28_drive_0006_sync_007855,75,C0C3,27.3665,26.652898149181738,-0.026421744376420975,307793,1
2013_05_28_drive_0006_sync_007860,75,C0C3,27.3665,27.11839269927697,-0.009107442572712898,306144,1
2013_05_28_drive_0006_sync_007865,75,C0C3,27.3665,27.536939478849288,0.00620871945284307,312864,1
2013_05_28_drive_0006_sync_007870,75,C0C3,27.3665,27.795147281740693,0.015541809611022472,308738,1
2013_05_28_drive_0006_sync_007875,75,C0C3,27.3665,28.53464696895876,0.04179939441382885,308636,1
2013_05_28_drive_0006_sync_007880,75,C0C3,27.3665,28.98694498002141,0.05752591788768768,306657,1
2013_05_28_drive_0006_sync_007885,75,C0C3,27.3665,29.462850447149464,0.07381052523851395,304008,1
2013_05_28_drive_0006_sync_007890,75,C0C3,27.3665,28.74660521289615,0.049200043082237244,305302,1
2013_05_28_drive_0006_sync_007895,76,C0C3,27.3665,28.450506476946703,0.038846325129270554,315392,1
2013_05_28_drive_0006_sync_007900,76,C0C3,27.3665,27.89678640904255,0.0191918620839715,315326,1
2013_05_28_drive_0006_sync_007905,76,C0C3,27.3665,27.76998731537019,0.014636206906288862,308778,1
2013_05_28_drive_0006_sync_007910,76,C0C3,27.3665,29.724980139729293,0.08266813680529594,303096,1
2013_05_28_drive_0006_sync_007915,76,C0C3,27.3665,31.340754472703374,0.13559967279434204,291026,1
2013_05_28_drive_0006_sync_007920,76,C0C3,27.3665,32.87222594073495,0.1833084672689438,290533,1
2013_05_28_drive_0006_sync_007925,76,C0C3,27.3665,32.499653633532525,0.17190979421138763,294767,1
2013_05_28_drive_0006_sync_007930,76,C0C3,27.3665,31.54786328901319,0.1421862244606018,298811,1
2013_05_28_drive_0006_sync_007935,76,C0C3,27.3665,30.95700130073637,0.12327954918146133,294684,1
2013_05_28_drive_0006_sync_007940,76,C0C3,27.3665,30.9072576321388,0.1216713935136795,305333,1
2013_05_28_drive_0006_sync_007945,76,C0C3,27.3665,30.412652005332657,0.10553906857967377,309702,1
2013_05_28_drive_0006_sync_007950,76,C0C3,27.3665,31.08082443719311,0.12727141380310059,308971,1
2013_05_28_drive_0006_sync_007955,76,C0C3,27.3665,30.526214295209204,0.10926616191864014,308593,1
2013_05_28_drive_0006_sync_007960,76,C0C3,27.3665,30.429140242010934,0.10608107224106789,308150,1
2013_05_28_drive_0006_sync_007965,76,C0C3,27.3665,30.285743047806605,0.10135743767023087,309467,1
2013_05_28_drive_0006_sync_007970,76,C0C3,27.3665,30.833399121993505,0.11927885189652443,308592,1
2013_05_28_drive_0006_sync_007975,76,C0C3,27.3665,29.545494909759164,0.07661163806915283,310534,1
2013_05_28_drive_0006_sync_007980,76,C0C3,27.3665,30.130450842025525,0.09621667861938477,315818,1
2013_05_28_drive_0006_sync_007985,76,C0C3,27.3665,29.695081786968377,0.08166179805994034,315962,1
2013_05_28_drive_0006_sync_007990,76,C0C3,27.3665,29.18834974414379,0.06445001065731049,320796,1
2013_05_28_drive_0006_sync_007995,77,C0C3,27.3665,28.52132475666938,0.04133240692317486,322640,1
2013_05_28_drive_0006_sync_008000,77,C0C3,27.3665,28.096286818722408,0.026317788287997246,313188,1
2013_05_28_drive_0006_sync_008005,77,C0C3,27.3665,30.40573981151741,0.10531176254153252,299552,1
2013_05_28_drive_0006_sync_008010,77,C0C3,27.3665,31.152881239118983,0.1295870989561081,284928,1
2013_05_28_drive_0006_sync_008015,77,C0C3,27.3665,33.95543312169931,0.2157292366027832,266959,1
2013_05_28_drive_0006_sync_008020,77,C0C3,27.3665,36.04797879653931,0.2755311578512192,264322,1
2013_05_28_drive_0006_sync_008025,77,C0C3,27.3665,37.258979938545934,0.3085733503103256,262842,1
2013_05_28_drive_0006_sync_008030,77,C0C3,27.3665,37.7856535308478,0.3226098567247391,256470,1
2013_05_28_drive_0006_sync_008035,77,C0C3,27.3665,35.18913582813492,0.25141775608062744,272021,1
2013_05_28_drive_0006_sync_008040,77,C0C3,27.3665,33.44502316756095,0.200583353638649,267351,1
2013_05_28_drive_0006_sync_008045,77,C0C3,27.3665,34.09156269681109,0.21973028779029846,248447,1
2013_05_28_drive_0006_sync_008050,77,C0C3,27.3665,31.869655308734497,0.15233467519283295,243103,1
2013_05_28_drive_0006_sync_008055,77,C0C3,27.3665,32.26327395766104,0.16460991650819778,239986,1
2013_05_28_drive_0006_sync_008060,77,C0C3,27.3665,31.566619733096285,0.1427805870771408,243742,1
2013_05_28_drive_0006_sync_008065,77,C0C3,27.3665,29.081926769692778,0.06079727038741112,260663,1
2013_05_28_drive_0006_sync_008070,77,C0C3,27.3665,27.79887051717923,0.015675753355026245,267481,1
2013_05_28_drive_0006_sync_008075,77,C0C3,27.3665,28.906510070030222,0.054747194051742554,275089,1
2013_05_28_drive_0006_sync_008080,77,C0C3,27.3665,31.044021951916488,0.12608662247657776,278075,1
2013_05_28_drive_0006_sync_008085,77,C0C3,27.3665,32.81768018821197,0.18164776265621185,281316,1
2013_05_28_drive_0006_sync_008090,77,C0C3,27.3665,31.215503909948495,0.13159525394439697,285915,1
2013_05_28_drive_0006_sync_008095,78,C0C3,27.3665,31.197724070110464,0.1310255080461502,287143,1
2013_05_28_drive_0006_sync_008100,78,C0C3,27.3665,30.44156436613191,0.10648928582668304,299937,1
2013_05_28_drive_0006_sync_008105,78,C0C3,27.3665,29.31242914300387,0.06869199126958847,306800,1
2013_05_28_drive_0006_sync_008110,78,C0C3,27.3665,30.22687526675943,0.09941180050373077,308807,1
2013_05_28_drive_0006_sync_008115,78,C0C3,27.3665,31.172258917863083,0.13020892441272736,317422,1
2013_05_28_drive_0006_sync_008120,78,C0C3,27.3665,32.378215497509224,0.16816619783639908,323668,1
2013_05_28_drive_0006_sync_008125,78,C0C3,27.3665,32.60402977675565,0.17511625587940216,324210,1
2013_05_28_drive_0006_sync_008130,78,C0C3,27.3665,31.298391834270276,0.1342470794916153,322960,1
2013_05_28_drive_0006_sync_008135,78,C0C3,27.3665,31.013987440682747,0.1251186728477478,322153,1
2013_05_28_drive_0006_sync_008140,78,C0C3,27.3665,31.515243486378644,0.14115171134471893,323419,1
2013_05_28_drive_0006_sync_008145,78,C0C3,27.3665,32.42263031337923,0.1695370078086853,325499,1
2013_05_28_drive_0006_sync_008150,78,C0C3,27.3665,32.56060586345308,0.17378351092338562,327501,1
2013_05_28_drive_0006_sync_008155,78,C0C3,27.3665,33.85509343946641,0.21276982128620148,327431,1
2013_05_28_drive_0006_sync_008160,78,C0C3,27.3665,32.45601036088267,0.17056600749492645,324927,1
2013_05_28_drive_0006_sync_008165,78,C0C3,27.3665,32.58445541582421,0.1745157092809677,317745,1
2013_05_28_drive_0006_sync_008170,78,C0C3,27.3665,32.025213219523316,0.15720386803150177,307760,1
2013_05_28_drive_0006_sync_008175,78,C0C3,27.3665,32.34935910904785,0.167274571955204,295982,1
2013_05_28_drive_0006_sync_008180,78,C0C3,27.3665,31.707760952361937,0.14724183827638626,281750,1
2013_05_28_drive_0006_sync_008185,78,C0C3,27.3665,31.121117809692016,0.12856698036193848,281795,1
2013_05_28_drive_0006_sync_008190,78,C0C3,27.3665,31.093991527479126,0.1276949644088745,277612,1
2013_05_28_drive_0006_sync_008195,79,C0C3,27.3665,31.905330605894314,0.15345346182584763,276986,1
2013_05_28_drive_0006_sync_008200,79,C0C3,27.3665,30.55661400430329,0.11026152223348618,284164,1
2013_05_28_drive_0006_sync_008205,79,C0C3,27.3665,29.71326001982832,0.08227377384901047,289953,1
2013_05_28_drive_0006_sync_008210,79,C0C3,27.3665,29.839703756236922,0.08652020990848541,297331,1
2013_05_28_drive_0006_sync_008215,79,C0C3,27.3665,30.06564960086718,0.09406367316842079,306780,1
2013_05_28_drive_0006_sync_008220,79,C0C3,27.3665,30.902836744813968,0.12152834609150887,308552,1
2013_05_28_drive_0006_sync_008225,79,C0C3,27.3665,30.931286011497637,0.12244852632284164,311818,1
2013_05_28_drive_0006_sync_008230,79,C0C3,27.3665,31.598199851187818,0.14378051459789276,302421,1
2013_05_28_drive_0006_sync_008235,79,C0C3,27.3665,33.22522796639098,0.1939898282289505,297701,1
2013_05_28_drive_0006_sync_008240,79,C0C3,27.3665,34.64423678491072,0.235811747610569,292644,1
2013_05_28_drive_0006_sync_008245,79,C0C3,27.3665,36.11452241852898,0.2773754298686981,287599,1
2013_05_28_drive_0006_sync_008250,79,C0C3,27.3665,36.23869733716594,0.28080789744853973,284612,1
2013_05_28_drive_0006_sync_008255,79,C0C3,27.3665,34.014395982082895,0.21746420860290527,292849,1
2013_05_28_drive_0006_sync_008260,79,C0C3,27.3665,33.20371961040117,0.19334226846694946,301868,1
2013_05_28_drive_0006_sync_008265,79,C0C3,27.3665,30.808662657297518,0.1184762679040432,302586,1
2013_05_28_drive_0006_sync_008270,79,C0C3,27.3665,30.580706077001633,0.11104965209960938,298487,1
2013_05_28_drive_0006_sync_008275,79,C0C3,27.3665,29.514173331390413,0.07555096223950386,294030,1
2013_05_28_drive_0006_sync_008280,79,C0C3,27.3665,28.59310162330024,0.043845849111676216,285142,1
2013_05_28_drive_0006_sync_008285,79,C0C3,27.3665,28.699446938753542,0.04755821451544762,276427,1
2013_05_28_drive_0006_sync_008290,79,C0C3,27.3665,27.302075270820772,-0.002356921089813113,279407,1
2013_05_28_drive_0006_sync_008295,80,C0C3,27.3665,26.11368574830769,-0.04686010256409645,285799,1
2013_05_28_drive_0006_sync_008300,80,C0C3,27.3665,25.915591338215744,-0.05447486788034439,291517,1
2013_05_28_drive_0006_sync_008305,80,C0C3,27.3665,27.20899813696047,-0.005771905183792114,296621,1
2013_05_28_drive_0006_sync_008310,80,C0C3,27.3665,27.512495800606573,0.005320656578987837,294070,1
2013_05_28_drive_0006_sync_008315,80,C0C3,27.3665,28.747749272250374,0.04923984035849571,300429,1
2013_05_28_drive_0006_sync_008320,80,C0C3,27.3665,28.680062110025325,0.046882543712854385,309813,1
2013_05_28_drive_0006_sync_008325,80,C0C3,27.3665,30.405526637734113,0.10530475154519081,310860,1
2013_05_28_drive_0006_sync_008330,80,C0C3,27.3665,29.3850377283734,0.07116598635911942,321633,1
2013_05_28_drive_0006_sync_008335,80,C0C3,27.3665,29.6811704682322,0.0811932161450386,321170,1
2013_05_28_drive_0006_sync_008340,80,C0C3,27.3665,30.869813571153365,0.1204591616988182,321716,1
2013_05_28_drive_0006_sync_008345,80,C0C3,27.3665,31.298116669874577,0.13423828780651093,321616,1
2013_05_28_drive_0006_sync_008350,80,C0C3,27.3665,32.00534752406427,0.15658336132764816,325702,1
2013_05_28_drive_0006_sync_008355,80,C0C3,27.3665,32.08421044251532,0.15904438495635986,323778,1
2013_05_28_drive_0006_sync_008360,80,C0C3,27.3665,31.978610340345107,0.15574761480093002,323278,1
2013_05_28_drive_0006_sync_008365,80,C0C3,27.3665,32.3420866206119,0.16704973578453064,318458,1
2013_05_28_drive_0006_sync_008370,80,C0C3,27.3665,34.44829473960445,0.23013985902071,318284,1
2013_05_28_drive_0006_sync_008375,80,C0C3,27.3665,34.44587092976201,0.23006949573755264,319138,1
2013_05_28_drive_0006_sync_008380,80,C0C3,27.3665,34.97972678998385,0.2454490214586258,315415,1
2013_05_28_drive_0006_sync_008385,80,C0C3,27.3665,35.63265278900845,0.26394279301166534,322390,1
2013_05_28_drive_0006_sync_008390,80,C0C3,27.3665,35.36878413896299,0.2565099895000458,326911,1
2013_05_28_drive_0006_sync_008395,81,C0C3,27.3665,35.90160131286084,0.27146226167678833,328348,1
2013_05_28_drive_0006_sync_008400,81,C0C3,27.3665,35.145939975240644,0.2501894682645798,328906,1
2013_05_28_drive_0006_sync_008405,81,C0C3,27.3665,33.19105086628958,0.19296064972877502,330673,1
2013_05_28_drive_0006_sync_008410,81,C0C3,27.3665,31.728802140978278,0.14790521562099457,331885,1
2013_05_28_drive_0006_sync_008415,81,C0C3,27.3665,31.881804959952483,0.15271583199501038,331067,1
2013_05_28_drive_0006_sync_008420,81,C0C3,27.3665,31.15357849650751,0.12960948050022125,332812,1
2013_05_28_drive_0006_sync_008425,81,C0C3,27.3665,32.008242301743586,0.15667380392551422,332575,1
2013_05_28_drive_0006_sync_008430,81,C0C3,27.3665,31.92480264471326,0.15406358242034912,327990,1
2013_05_28_drive_0006_sync_008435,81,C0C3,27.3665,32.56354406912475,0.17387374490499496,326912,1
2013_05_28_drive_0006_sync_008440,81,C0C3,27.3665,33.48947785747036,0.20191165804862976,325501,1
2013_05_28_drive_0006_sync_008445,81,C0C3,27.3665,32.65438782995383,0.17665959894657135,321872,1
2013_05_28_drive_0006_sync_008450,81,C0C3,27.3665,34.41403692257378,0.2291448935866356,310796,1
2013_05_28_drive_0006_sync_008455,81,C0C3,27.3665,35.501677588788766,0.26026031374931335,307246,1
2013_05_28_drive_0006_sync_008460,81,C0C3,27.3665,35.602247679407654,0.2630891352891922,305860,1
2013_05_28_drive_0006_sync_008465,81,C0C3,27.3665,37.56499742462808,0.3167530596256256,300903,1
2013_05_28_drive_0006_sync_008470,81,C0C3,27.3665,37.50109230865847,0.3150504231452942,302105,1
2013_05_28_drive_0006_sync_008475,81,C0C3,27.3665,38.59743436718656,0.34386616945266724,299875,1
2013_05_28_drive_0006_sync_008480,81,C0C3,27.3665,39.585062146801064,0.3691321909427643,305115,1
2013_05_28_drive_0006_sync_008485,81,C0C3,27.3665,38.365969815691905,0.33785122632980347,313313,1
2013_05_28_drive_0006_sync_008490,81,C0C3,27.3665,39.014521588668345,0.3546142876148224,307585,1
2013_05_28_drive_0006_sync_008495,82,C0C3,27.3665,40.85927549968377,0.4008142203092575,316668,1
2013_05_28_drive_0006_sync_008500,82,C0C3,27.3665,41.68320788974778,0.42077872157096863,322963,1
2013_05_28_drive_0006_sync_008505,82,C0C3,27.3665,41.74207398405299,0.42218995094299316,321873,1
2013_05_28_drive_0006_sync_008510,82,C0C3,27.3665,40.17038284702014,0.3838103413581848,326164,1
2013_05_28_drive_0006_sync_008515,82,C0C3,27.3665,39.59166503837534,0.369298979640007,320034,1
2013_05_28_drive_0006_sync_008520,82,C0C3,27.3665,38.54784145669026,0.3425804674625397,317823,1
2013_05_28_drive_0006_sync_008525,82,C0C3,27.3665,38.67428363858529,0.3458552360534668,308894,1
2013_05_28_drive_0006_sync_008530,82,C0C3,27.3665,37.88378015999724,0.32520341873168945,304983,1
2013_05_28_drive_0006_sync_008535,82,C0C3,27.3665,37.01432466652756,0.30198535323143005,306841,1
2013_05_28_drive_0006_sync_008540,82,C0C3,27.3665,36.624532834629164,0.29139867424964905,312694,1
2013_05_28_drive_0006_sync_008545,82,C0C3,27.3665,37.73020960049443,0.32114145159721375,316529,1
2013_05_28_drive_0006_sync_008550,82,C0C3,27.3665,38.17244883859434,0.3327943831682205,321020,1
2013_05_28_drive_0006_sync_008555,82,C0C3,27.3665,36.896326743723854,0.29879236221313477,324562,1
2013_05_28_drive_0006_sync_008560,82,C0C3,27.3665,34.73297433813128,0.2383698672056198,323352,1
2013_05_28_drive_0006_sync_008565,82,C0C3,27.3665,32.7642624077763,0.18001872301101685,333475,1
2013_05_28_drive_0006_sync_008570,82,C0C3,27.3665,30.537877383688667,0.10964815691113472,336948,1
2013_05_28_drive_0006_sync_008575,82,C0C3,27.3665,29.937427928993255,0.08978983014822006,338739,1
2013_05_28_drive_0006_sync_008580,82,C0C3,27.3665,29.41320929660725,0.07212423160672188,335806,1
2013_05_28_drive_0006_sync_008585,82,C0C3,27.3665,28.75401825771175,0.04945788532495499,333165,1
2013_05_28_drive_0006_sync_008590,82,C0C3,27.3665,28.37071744014989,0.03603789955377579,330525,1
2013_05_28_drive_0006_sync_008595,83,C0C3,27.3665,28.661046559540303,0.04621930047869682,325756,1
2013_05_28_drive_0006_sync_008600,83,C0C3,27.3665,28.421638250259768,0.037831127643585205,317583,1
2013_05_28_drive_0006_sync_008605,83,C0C3,27.3665,29.240612038857495,0.06623892858624458,319574,1
2013_05_28_drive_0006_sync_008610,83,C0C3,27.3665,30.42444477481766,0.1059267520904541,326399,1
2013_05_28_drive_0006_sync_008615,83,C0C3,27.3665,30.949249743135827,0.12302912026643753,331301,1
2013_05_28_drive_0006_sync_008620,83,C0C3,27.3665,31.79146259551505,0.1498781442642212,333199,1
2013_05_28_drive_0006_sync_008625,83,C0C3,27.3665,32.63429937464633,0.17604422569274902,334623,1
2013_05_28_drive_0006_sync_008630,83,C0C3,27.3665,31.716479452112523,0.14751676470041275,334296,1
2013_05_28_drive_0006_sync_008635,83,C0C3,27.3665,31.237138657977912,0.13228809088468552,335236,1
2013_05_28_drive_0006_sync_008640,83,C0C3,27.3665,30.195894007753935,0.09838631749153137,336813,1
2013_05_28_drive_0006_sync_008645,83,C0C3,27.3665,28.338821590500128,0.034913014620542526,337316,1
2013_05_28_drive_0006_sync_008650,83,C0C3,27.3665,27.953641569732305,0.021227842196822166,336548,1
2013_05_28_drive_0006_sync_008655,83,C0C3,27.3665,27.835440784061838,0.01699041947722435,334707,1
2013_05_28_drive_0006_sync_008660,83,C0C3,27.3665,27.893508304841035,0.019074346870183945,331784,1
2013_05_28_drive_0006_sync_008665,83,C0C3,27.3665,28.248971529521732,0.03173741325736046,326521,1
2013_05_28_drive_0006_sync_008670,83,C0C3,27.3665,28.511306430741236,0.04098108783364296,323561,1
2013_05_28_drive_0006_sync_008675,83,C0C3,27.3665,29.842003110507434,0.0865972638130188,320680,1
2013_05_28_drive_0006_sync_008680,83,C0C3,27.3665,30.780288563991284,0.11755486577749252,321169,1
2013_05_28_drive_0006_sync_008685,83,C0C3,27.3665,32.01716603576786,0.15695255994796753,316808,1
2013_05_28_drive_0006_sync_008690,83,C0C3,27.3665,31.849612502170817,0.1517055779695511,313898,1
2013_05_28_drive_0006_sync_008695,84,C0C3,27.3665,30.709226962192865,0.11524352431297302,317468,1
2013_05_28_drive_0006_sync_008700,84,C0C3,27.3665,30.058396135998066,0.09382238984107971,315926,1
2013_05_28_drive_0006_sync_008705,84,C0C3,27.3665,29.46676334841221,0.07394332438707352,321839,1
2013_05_28_drive_0006_sync_008710,84,C0C3,27.3665,28.747923353605433,0.04924589581787586,326862,1
2013_05_28_drive_0006_sync_008715,84,C0C3,27.3665,28.875097196110747,0.05365989729762077,326415,1
2013_05_28_drive_0006_sync_008720,84,C0C3,27.3665,28.789239657759225,0.050682056695222855,326990,1
2013_05_28_drive_0006_sync_008725,84,C0C3,27.3665,29.98554502318516,0.0913957953453064,324012,1
2013_05_28_drive_0006_sync_008730,84,C0C3,27.3665,30.606925296177945,0.11190666258335114,326261,1
2013_05_28_drive_0006_sync_008735,84,C0C3,27.3665,29.970796237530667,0.09090381115674973,324347,1
2013_05_28_drive_0006_sync_008740,84,C0C3,27.3665,29.506815810968668,0.075301643460989,328636,1
2013_05_28_drive_0006_sync_008745,84,C0C3,27.3665,28.830637197800733,0.052118975669145584,327935,1
2013_05_28_drive_0006_sync_008750,84,C0C3,27.3665,29.472007745088476,0.07412128522992134,327854,1
2013_05_28_drive_0006_sync_008755,84,C0C3,27.3665,29.61156077306868,0.07884521409869194,329178,1
2013_05_28_drive_0006_sync_008760,84,C0C3,27.3665,29.930825783361136,0.08956927433609962,334292,1
2013_05_28_drive_0006_sync_008765,84,C0C3,27.3665,30.115325516540523,0.09571455791592598,337294,1
2013_05_28_drive_0006_sync_008770,84,C0C3,27.3665,29.78914567159099,0.08482445031404495,338371,1
2013_05_28_drive_0006_sync_008775,84,C0C3,27.3665,30.475742763738296,0.10761141031980515,336601,1
2013_05_28_drive_0006_sync_008780,84,C0C3,27.3665,31.465133786344264,0.13956043124198914,331297,1
2013_05_28_drive_0006_sync_008785,84,C0C3,27.3665,33.01827391196881,0.18774152547121048,329400,1
2013_05_28_drive_0006_sync_008790,84,C0C3,27.3665,33.70198513665505,0.20823710411787033,330122,1
2013_05_28_drive_0006_sync_008795,85,C0C3,27.3665,33.1202183698309,0.19082428514957428,328707,1
2013_05_28_drive_0006_sync_008800,85,C0C3,27.3665,34.034997723898776,0.21806970238685608,329699,1
2013_05_28_drive_0006_sync_008805,85,C0C3,27.3665,32.98168737686671,0.18663284182548523,332913,1
2013_05_28_drive_0006_sync_008810,85,C0C3,27.3665,32.37259396884342,0.16799256205558777,331999,1
2013_05_28_drive_0006_sync_008815,85,C0C3,27.3665,30.45999509025548,0.10709454864263535,332578,1
2013_05_28_drive_0006_sync_008820,85,C0C3,27.3665,30.149571613612046,0.09685107693076134,331730,1
2013_05_28_drive_0006_sync_008825,85,C0C3,27.3665,30.26918851507738,0.10081067681312561,332050,1
2013_05_28_drive_0006_sync_008830,85,C0C3,27.3665,30.613220742131563,0.11211232841014862,332314,1
2013_05_28_drive_0006_sync_008835,85,C0C3,27.3665,32.748938151251565,0.179550901055336,323089,1
2013_05_28_drive_0006_sync_008840,85,C0C3,27.3665,33.59353767758549,0.20501407980918884,316279,1
2013_05_28_drive_0006_sync_008845,85,C0C3,27.3665,33.89326171393817,0.21389658749103546,310415,1
2013_05_28_drive_0006_sync_008850,85,C0C3,27.3665,34.55662552058505,0.23327966034412384,307861,1
2013_05_28_drive_0006_sync_008855,85,C0C3,27.3665,35.65609795292189,0.264600545167923,308787,1
2013_05_28_drive_0006_sync_008860,85,C0C3,27.3665,33.258960517451996,0.19500458240509033,320549,1
2013_05_28_drive_0006_sync_008865,85,C0C3,27.3665,31.40945731900887,0.13778939843177795,323987,1
2013_05_28_drive_0006_sync_008870,85,C0C3,27.3665,31.671602894074322,0.14610083401203156,323019,1
2013_05_28_drive_0006_sync_008875,85,C0C3,27.3665,31.399253655552453,0.1374644860625267,322690,1
2013_05_28_drive_0006_sync_008880,85,C0C3,27.3665,31.439617610176764,0.1387491673231125,330817,1
2013_05_28_drive_0006_sync_008885,85,C0C3,27.3665,33.26880180643153,0.19530043751001358,331534,1
2013_05_28_drive_0006_sync_008890,85,C0C3,27.3665,33.641516719124084,0.20644128322601318,328081,1
2013_05_28_drive_0006_sync_008895,86,C0C3,27.3665,34.01393981654404,0.2174507975578308,320757,1
2013_05_28_drive_0006_sync_008900,86,C0C3,27.3665,34.5222265343772,0.23228372633457184,314573,1
2013_05_28_drive_0006_sync_008905,86,C0C3,27.3665,35.84939039241494,0.27000692486763,309022,1
2013_05_28_drive_0006_sync_008910,86,C0C3,27.3665,36.195496214686024,0.27961505949497223,306268,1
2013_05_28_drive_0006_sync_008915,86,C0C3,27.3665,35.34767474541813,0.25591297447681427,307722,1
2013_05_28_drive_0006_sync_008920,86,C0C3,27.3665,33.5753957036038,0.20447389036417007,304074,1
2013_05_28_drive_0006_sync_008925,86,C0C3,27.3665,33.10639329381752,0.19040677696466446,304394,1
2013_05_28_drive_0006_sync_008930,86,C0C3,27.3665,31.225204667547246,0.13190597295761108,304272,1
2013_05_28_drive_0006_sync_008935,86,C0C3,27.3665,30.57259043887113,0.11078423261642456,308415,1
2013_05_28_drive_0006_sync_008940,86,C0C3,27.3665,30.484931757588924,0.10791288316249847,306611,1
2013_05_28_drive_0006_sync_008945,86,C0C3,27.3665,30.052935998096633,0.09364072233438492,310557,1
2013_05_28_drive_0006_sync_008950,86,C0C3,27.3665,29.896768568639008,0.08843076229095459,307177,1
2013_05_28_drive_0006_sync_008955,86,C0C3,27.3665,29.473774018450936,0.0741812139749527,308671,1
2013_05_28_drive_0006_sync_008960,86,C0C3,27.3665,28.095926610154216,0.02630496770143509,316731,1
2013_05_28_drive_0006_sync_008965,86,C0C3,27.3665,27.50575576371026,0.005075645633041859,318500,1
2013_05_28_drive_0006_sync_008970,86,C0C3,27.3665,27.928620023437873,0.02033233270049095,320710,1
2013_05_28_drive_0006_sync_008975,86,C0C3,27.3665,28.430747461606423,0.03815157897770405,321444,1
2013_05_28_drive_0006_sync_008980,86,C0C3,27.3665,28.738058282604666,0.04890267923474312,308243,1
2013_05_28_drive_0006_sync_008985,86,C0C3,27.3665,30.43708797223226,0.10634222626686096,304493,1
2013_05_28_drive_0006_sync_008990,86,C0C3,27.3665,31.135562512906912,0.1290310174226761,302993,1
2013_05_28_drive_0006_sync_008995,86,C0C3,27.3665,30.996487735234854,0.12455426156520844,306364,1
2013_05_28_drive_0006_sync_009000,86,C0C3,27.3665,33.34640916058346,0.19763045758008957,309604,1
2013_05_28_drive_0006_sync_009005,86,C0C3,27.3665,32.735545123297285,0.17914185672998428,308792,1
2013_05_28_drive_0006_sync_009010,86,C0C3,27.3665,32.94934417827353,0.1856517195701599,301999,1
2013_05_28_drive_0006_sync_009015,86,C0C3,27.3665,32.680717270137066,0.17746558040380478,301460,1
2013_05_28_drive_0006_sync_009020,86,C0C3,27.3665,33.90166247658484,0.21414441615343094,305934,1
2013_05_28_drive_0006_sync_009025,86,C0C3,27.3665,32.48705117067873,0.17152194678783417,307237,1
2013_05_28_drive_0006_sync_009030,86,C0C3,27.3665,30.610667422842745,0.11202891916036606,312889,1
2013_05_28_drive_0006_sync_009035,86,C0C3,27.3665,30.56384890064923,0.11049826443195343,317239,1
2013_05_28_drive_0006_sync_009040,86,C0C3,27.3665,29.67956137243104,0.08113900199532509,322830,1
2013_05_28_drive_0006_sync_009045,86,C0C3,27.3665,29.829210616527227,0.08616849780082703,326359,1
2013_05_28_drive_0006_sync_009050,86,C0C3,27.3665,29.804289484392463,0.08533268794417381,320802,1
2013_05_28_drive_0006_sync_009055,86,C0C3,27.3665,29.466869498366865,0.07394692674279213,322526,1
